Object_ID,Crash_ID,Case_Number,County,Crash_Year,Crash_Date,Crash_Time,Crash_Type,Fatalities,Injuries,Vehicles_Involved,First_Harmful_Event,Collision_Manner,Weather_Condition,Light_Condition,Location_Type,Longitude,Latitude
459413,19SR100001,8163626,DAVIDSON,2025,2025-10-07,1630,Prop Damage (over),0,0,2,--,REAR-END,Clear,Daylight,--,-86.94279749155059,36.04728256162026
233976,19SR254001,400210636,DAVIDSON,2025,2025-01-22,121,Prop Damage (over),0,0,3,Vehicle in Transport,"SIDESWIPE, OPP DIR",Clear,Dark-Lighted,Automatic,-86.65966215134895,36.04489492639337
295193,190A417001,400210638,DAVIDSON,2025,2025-01-22,130,Possible Injury,0,1,5,Parked Motor Vehicle,"SIDESWIPE, SAME DIR",Clear,Dark-Lighted,Automatic,-86.71273651405474,36.28464808004093
318040,19I0024001,400210649,DAVIDSON,2025,2025-01-22,451,Suspected Minor Injury,0,1,1,Concrete Traffic Barrier,NO COLLISION W/ VEHICLE,Clear,Dark-Lighted,Automatic,-86.71004131201391,36.098282181079206
194019,1901008001,400210349,DAVIDSON,2025,2025-01-21,939,Prop Damage (over),0,0,2,Vehicle in Transport,ANGLE,Clear,Daylight,Automatic,-86.66276123070709,35.99104064280089
199097,1904886001,400210334,DAVIDSON,2025,2025-01-21,800,Suspected Minor Injury,0,1,1,Overturn,NO COLLISION W/ VEHICLE,Clear,Daylight,Automatic,-86.73020471676625,36.07044084123116
199099,1904886001,400210307,DAVIDSON,2025,2025-01-21,730,Prop Damage (over),0,0,2,Vehicle in Transport,REAR-END,Clear,Daylight,Automatic,-86.7299054689506,36.06922338291432
200062,1904938001,400210455,DAVIDSON,2025,2025-01-21,1415,Prop Damage (over),0,0,2,Vehicle in Transport,REAR-END,Clear,Daylight,Automatic,-86.67609289959164,36.18602432494245
200652,1904958001,400210593,DAVIDSON,2025,2025-01-21,1803,Prop Damage (over),0,0,2,Vehicle in Transport,REAR TO REAR,Clear,Dark-Lighted,Automatic,-86.62034631243394,36.05313948074681
203838,190D152001,400210528,DAVIDSON,2025,2025-01-21,1501,Prop Damage (over),0,0,2,Vehicle in Transport in other Roadway,REAR-END,Clear,Daylight,Automatic,-86.84617526342497,36.15546292070832
213387,19I0040001,400210303,DAVIDSON,2025,2025-01-21,747,Suspected Minor Injury,0,1,3,Vehicle in Transport,REAR-END,Clear,Daylight,Automatic,-86.76473806638438,36.15311021421849
218465,19I0065001,400210257,DAVIDSON,2025,2025-01-21,603,Suspected Minor Injury,0,1,2,Vehicle in Transport,"SIDESWIPE, SAME DIR",Clear,Dawn,Automatic,-86.7691573315046,36.23238362118701
218944,19I0065001,400210570,DAVIDSON,2025,2025-01-21,1645,Suspected Minor Injury,0,1,2,Vehicle in Transport,REAR-END,Clear,Dusk,Automatic,-86.73704055194722,36.2668906487107
219007,19I0065001,400210264,DAVIDSON,2025,2025-01-21,638,Prop Damage (over),0,0,2,Vehicle in Transport,REAR-END,Clear,Dawn,Automatic,-86.73572553886156,36.27335060468917
219460,19I0440001,400210493,DAVIDSON,2025,2025-01-21,1525,Prop Damage (over),0,0,2,Vehicle in Transport,REAR-END,Clear,Daylight,Automatic,-86.82279685890997,36.15297116185856
219837,19I0440001,400210498,DAVIDSON,2025,2025-01-21,1515,Prop Damage (over),0,0,2,Vehicle in Transport,"SIDESWIPE, SAME DIR",Clear,Daylight,Automatic,-86.75110687123036,36.1228587336641
221169,19SR001001,400210606,DAVIDSON,2025,2025-01-21,2200,Prop Damage (over),0,0,2,Vehicle in Transport,REAR-END,Clear,Dark-Lighted,Automatic,-86.7117152910695,36.12714296132015
223763,19SR006001,400210597,DAVIDSON,2025,2025-01-21,1715,Prop Damage (over),0,0,3,Vehicle in Transport,REAR-END,Clear,Daylight,Automatic,-86.7238005720482,36.2391307079106
224300,19SR006001,400210585,DAVIDSON,2025,2025-01-21,1700,Prop Damage (under),0,0,2,Other Object (not fixed),NO COLLISION W/ VEHICLE,Clear,Daylight,Automatic,-86.70843976222697,36.28014316509675
227885,19SR024001,400210377,DAVIDSON,2025,2025-01-21,843,Suspected Minor Injury,0,1,2,Vehicle in Transport in other Roadway,ANGLE,Clear,--,Automatic,-86.81036036516103,36.155614190341225
232935,19SR254001,400210550,DAVIDSON,2025,2025-01-21,1729,Prop Damage (over),0,0,3,Vehicle in Transport,REAR-END,Clear,Dark-Not Lighted,Automatic,-86.84299207981579,36.04317749897824
233580,19SR254001,400210523,DAVIDSON,2025,2025-01-21,1618,Prop Damage (over),0,0,2,Vehicle in Transport,REAR-END,Clear,Daylight,Automatic,-86.68667571749663,36.044712306174816
298196,19SR155001,400210623,DAVIDSON,2025,2025-01-21,0,Prop Damage (over),0,0,1,Concrete Traffic Barrier,NO COLLISION W/ VEHICLE,Clear,Dark-Lighted,Automatic,-86.69358286553113,36.147132742481446
311673,1904927001,400210325,DAVIDSON,2025,2025-01-21,800,Prop Damage (over),0,0,1,Guardrail Face,NO COLLISION W/ VEHICLE,Clear,Daylight,Automatic,-86.8065406579241,36.30351160343278
324404,1901011001,400210234,DAVIDSON,2025,2025-01-21,40,Prop Damage (over),0,0,1,Guardrail End,NO COLLISION W/ VEHICLE,Clear,Dark-Not Lighted,Automatic,-86.61344331035954,36.16242805931836
324464,1901017001,400210539,DAVIDSON,2025,2025-01-21,1553,Prop Damage (over),0,0,2,Vehicle in Transport,REAR-END,Clear,Daylight,Automatic,-86.69733589347,36.29474137845381
325234,1903256001,400210405,DAVIDSON,2025,2025-01-21,1102,Prop Damage (over),0,0,3,Vehicle in Transport,ANGLE,Cloudy,Daylight,Automatic,-86.79224256447864,36.13604017183396
325439,1903262001,400210379,DAVIDSON,2025,2025-01-21,843,Prop Damage (over),0,0,2,Vehicle in Transport,"SIDESWIPE, SAME DIR",Clear,Daylight,Automatic,-86.784846594372,36.17528311636132
326167,1904170001,400210561,DAVIDSON,2025,2025-01-21,1753,Prop Damage (over),0,0,2,Vehicle in Transport,REAR-END,Clear,Dark-Lighted,Automatic,-86.69102918836359,36.06907645954008
329460,190E374001,400210610,DAVIDSON,2025,2025-01-21,1930,Prop Damage (over),0,0,3,Work Vehicle,HEAD-ON,Clear,Dark-Lighted,Automatic,-86.58706129730487,36.17452348940687
329473,190E432001,400210484,DAVIDSON,2025,2025-01-21,1530,Prop Damage (over),0,0,2,Vehicle in Transport,ANGLE,Clear,Daylight,Automatic,-86.69046635868114,36.197000640922376
331028,19I0024001,400210414,DAVIDSON,2025,2025-01-21,1216,Prop Damage (over),0,0,2,Vehicle in Transport,"SIDESWIPE, SAME DIR",Clear,Daylight,Automatic,-86.77431899069514,36.18001424025489
332019,19I0024001,400210415,DAVIDSON,2025,2025-01-21,1230,Prop Damage (over),0,0,1,Thrown or Falling Object,NO COLLISION W/ VEHICLE,Clear,Daylight,Automatic,-86.6984203002299,36.083182416510205
337475,19SR001001,400210619,DAVIDSON,2025,2025-01-21,1900,Prop Damage (over),0,0,2,Vehicle in Transport,"SIDESWIPE, SAME DIR",Clear,Dark-Lighted,Automatic,-86.60728251864154,36.04362967794995
338571,19SR011001,400210544,DAVIDSON,2025,2025-01-21,1631,Prop Damage (over),0,0,2,Vehicle in Transport,ANGLE,Clear,Dusk,Automatic,-86.72668586138352,36.0807022429995
338663,19SR011001,400210572,DAVIDSON,2025,2025-01-21,1758,Prop Damage (over),0,0,2,Vehicle in Transport,REAR-END,Clear,Dark-Lighted,Automatic,-86.73962531726798,36.09991030499946
341191,19SR155001,400210595,DAVIDSON,2025,2025-01-21,0,Prop Damage (over),0,0,2,Vehicle in Transport,"SIDESWIPE, SAME DIR",Clear,Dark-Not Lighted,Automatic,-86.86990988487328,36.203628875615344
341353,19SR171001,400210406,DAVIDSON,2025,2025-01-21,1152,Prop Damage (over),0,0,2,Vehicle in Transport,ANGLE,Clear,Daylight,Automatic,-86.61985632449867,36.016873718249805
381812,1901011001,400210560,DAVIDSON,2025,2025-01-21,1743,Prop Damage (over),0,0,2,Vehicle in Transport,ANGLE,Clear,Dusk,Automatic,-86.62642794141271,36.09035140954347
382955,1903252001,400210529,DAVIDSON,2025,2025-01-21,1639,Suspected Minor Injury,0,1,2,Vehicle in Transport,ANGLE,Clear,Dusk,Automatic,-86.7253771610568,36.22647371364366
383133,1903257001,400210386,DAVIDSON,2025,2025-01-21,1032,Suspected Serious Injury,0,4,2,Vehicle in Transport,ANGLE,Clear,Daylight,Automatic,-86.82260539254206,36.17382660373105
383140,1903257001,400210545,DAVIDSON,2025,2025-01-21,1747,Possible Injury,0,1,2,Vehicle in Transport,ANGLE,Clear,Dark-Lighted,Automatic,-86.85416346655285,36.16534758640727
384730,1904898001,400210364,DAVIDSON,2025,2025-01-21,1022,Prop Damage (over),0,0,2,Vehicle in Transport,ANGLE,Clear,Daylight,Automatic,-86.88648754677057,36.10795046208636
386126,190C047001,400210242,DAVIDSON,2025,2025-01-21,505,Prop Damage (over),0,0,2,Vehicle in Transport,ANGLE,Clear,Dark-Lighted,Automatic,-86.74108320756697,36.10763945338446
390096,19SR011001,400210224,DAVIDSON,2025,2025-01-21,43,Suspected Minor Injury,0,2,2,Vehicle in Transport,ANGLE,Clear,Dark-Lighted,Automatic,-86.75703836373981,36.24193888272512
391099,19SR024001,400210276,DAVIDSON,2025,2025-01-21,635,Possible Injury,0,1,2,Vehicle in Transport,REAR-END,Clear,Daylight,Automatic,-86.75359023273758,36.15359355511661
392866,19SR155001,400210500,DAVIDSON,2025,2025-01-21,1425,Possible Injury,0,2,2,Vehicle in Transport,ANGLE,Clear,Daylight,Automatic,-86.85453847036068,36.12946550777492
393465,19SR254001,400210640,DAVIDSON,2025,2025-01-21,2206,Prop Damage (over),0,0,2,Vehicle in Transport,ANGLE,Clear,Dark-Lighted,Automatic,-86.66156302690585,36.04476431104796
413491,19SR001001,400210295,DAVIDSON,2025,2025-01-21,705,Prop Damage (over),0,0,1,Ditch,NO COLLISION W/ VEHICLE,Cloudy,Daylight,Automatic,-86.89014820011326,36.0902094904906
415503,1903268001,400210553,DAVIDSON,2025,2025-01-21,1902,Prop Damage (over),0,0,2,Vehicle in Transport,REAR-END,Clear,Dark-Lighted,Automatic,-86.78097398746993,36.23731674022728
416385,19SR001001,400210305,DAVIDSON,2025,2025-01-21,710,Prop Damage (over),0,0,2,Vehicle in Transport,ANGLE,Cloudy,Daylight,Automatic,-86.89014820011326,36.0902094904906
416621,19SR001001,400210627,DAVIDSON,2025,2025-01-21,1921,Prop Damage (over),0,0,2,Vehicle in Transport,"SIDESWIPE, SAME DIR",Clear,Dark-Lighted,Automatic,-86.74060220312091,36.14155652841851
417995,19SR254001,400210509,DAVIDSON,2025,2025-01-21,1524,Prop Damage (over),0,0,2,Vehicle in Transport,REAR-END,Clear,Daylight,Automatic,-86.74347221820676,36.0400143048366
429722,19SR254001,400210407,DAVIDSON,2025,2025-01-21,1210,Suspected Minor Injury,0,1,2,Vehicle in Transport,REAR-END,Cloudy,Daylight,Automatic,-86.71976516315922,36.04560231616757
439218,19SR011001,400210403,DAVIDSON,2025,2025-01-21,1132,Prop Damage (over),0,0,2,Vehicle in Transport,REAR-END,Clear,Daylight,Automatic,-86.7452282163622,36.11093646101174
447990,19I0024001,400210311,DAVIDSON,2025,2025-01-21,821,Suspected Minor Injury,0,1,1,Guardrail Face,NO COLLISION W/ VEHICLE,Clear,Daylight,Automatic,-86.72084719373223,36.108309071509225
203803,190D105001,400210078,DAVIDSON,2025,2025-01-20,1334,Possible Injury,0,1,2,Vehicle in Transport,ANGLE,Clear,Daylight,Automatic,-86.87374148458262,36.14648616891819
205997,190F718001,400209908,DAVIDSON,2025,2025-01-20,25,Prop Damage (under),0,0,2,Vehicle in Transport,REAR-END,Clear,Dark-Lighted,Automatic,-86.77847469033087,36.16054097245432
208593,19I0024001,400209979,DAVIDSON,2025,2025-01-20,825,Suspected Serious Injury,0,2,1,Overturn,NO COLLISION W/ VEHICLE,Clear,Daylight,Automatic,-86.72713013680888,36.13623932260639
211116,19I0024001,400210216,DAVIDSON,2025,2025-01-20,1655,Prop Damage (over),0,0,2,Vehicle in Transport,"SIDESWIPE, SAME DIR",Clear,Daylight,Automatic,-86.65406934589942,36.04239543596243
214279,19I0040001,400210207,DAVIDSON,2025,2025-01-20,2040,Prop Damage (over),0,0,2,Vehicle in Transport,ANGLE,Clear,Dark-Lighted,Automatic,-86.73853145474503,36.143932532730624
222320,19SR001001,400210037,DAVIDSON,2025,2025-01-20,1224,Suspected Minor Injury,0,3,2,Vehicle in Transport,REAR-END,Clear,Daylight,Automatic,-86.63248524628146,36.06853515283283
223937,19SR006001,400210174,DAVIDSON,2025,2025-01-20,1730,Prop Damage (over),0,0,2,Vehicle in Transport,REAR-END,Clear,Dark-Lighted,Automatic,-86.71781698309927,36.251718770023125
227183,19SR012001,400210053,DAVIDSON,2025,2025-01-20,1216,Prop Damage (over),0,0,2,Vehicle in Transport,REAR-END,Clear,Daylight,Automatic,-86.83176716314358,36.19402994278248
231685,19SR155001,400210104,DAVIDSON,2025,2025-01-20,1440,Prop Damage (under),0,0,2,Vehicle in Transport,"SIDESWIPE, SAME DIR",Clear,Daylight,Automatic,-86.69415634303496,36.22403830573207
231701,19SR155001,400210189,DAVIDSON,2025,2025-01-20,2010,Prop Damage (over),0,0,2,Vehicle in Transport,REAR-END,Clear,Dark-Lighted,Automatic,-86.6988455179116,36.23000584268348
233567,19SR254001,400210212,DAVIDSON,2025,2025-01-20,2245,Prop Damage (over),0,0,2,Vehicle in Transport,REAR-END,Clear,Dark-Lighted,Automatic,-86.68712913762903,36.04445312169464
235247,19SR255001,400210161,DAVIDSON,2025,2025-01-20,1855,Prop Damage (over),0,0,2,Vehicle in Transport,REAR-END,Clear,Dark-Lighted,Automatic,-86.66669038653185,36.14408986159039
284298,19I0024001,400209922,DAVIDSON,2025,2025-01-20,315,Suspected Minor Injury,0,3,1,Embankment Rock/Stone/Concrete,NO COLLISION W/ VEHICLE,Clear,Dark-Lighted,Automatic,-86.72717837328184,36.13658538180836
311917,19I0024001,400210202,DAVIDSON,2025,2025-01-20,2210,Possible Injury,0,1,1,Earth Embankment,NO COLLISION W/ VEHICLE,Clear,Dark-Not Lighted,Automatic,-86.68937282664803,36.06912963132458
312942,1903246001,400210181,DAVIDSON,2025,2025-01-20,1955,Prop Damage (over),0,0,2,Parked Motor Vehicle,REAR-END,Clear,Dark-Lighted,Automatic,-86.77466298642346,36.161177851816674
313168,19SR001001,400210054,DAVIDSON,2025,2025-01-20,0,Prop Damage (over),0,0,2,Parked Motor Vehicle,UNKNOWN,Clear,Daylight,Automatic,-86.7952296135046,36.15337250589135
321777,190B307001,400209913,DAVIDSON,2025,2025-01-20,120,Suspected Minor Injury,0,1,1,Shrubbery,NO COLLISION W/ VEHICLE,Clear,Dark-Lighted,Automatic,-86.60420988209523,36.03548973125318
325004,1903252001,400210205,DAVIDSON,2025,2025-01-20,1815,Prop Damage (over),0,0,2,Vehicle in Transport,ANGLE,Clear,Daylight,Automatic,-86.7462904557734,36.18856901837748
325466,1903264001,400210010,DAVIDSON,2025,2025-01-20,1000,Prop Damage (over),0,0,1,Utility Pole,NO COLLISION W/ VEHICLE,Clear,Daylight,Automatic,-86.80125004458468,36.150487951230126
326413,1904876001,400210106,DAVIDSON,2025,2025-01-20,1517,Prop Damage (over),0,0,2,Vehicle in Transport,ANGLE,Clear,Daylight,Automatic,-86.58857367407491,36.21529450405156
327798,190A901001,400210221,DAVIDSON,2025,2025-01-20,1746,Prop Damage (over),0,0,2,Vehicle in Transport,ANGLE,Clear,Dark-Lighted,Automatic,-86.60247287538455,36.206061662624464
329647,190F106001,400210059,DAVIDSON,2025,2025-01-20,0,Prop Damage (over),0,0,2,Parked Motor Vehicle,"SIDESWIPE, OPP DIR",Clear,Dark-Lighted,Automatic,-86.8106446290189,36.13384928879439
330476,190H855001,400210039,DAVIDSON,2025,2025-01-20,1141,Prop Damage (over),0,0,2,Vehicle in Transport,REAR-END,Clear,Daylight,Automatic,-86.64162266392735,36.07048523478888
334363,19I0040001,400210052,DAVIDSON,2025,2025-01-20,1200,Prop Damage (over),0,0,2,Vehicle in Transport,"SIDESWIPE, SAME DIR",Clear,Daylight,Automatic,-86.70311944544629,36.143384451001786
337338,19SR001001,400210051,DAVIDSON,2025,2025-01-20,1316,Prop Damage (over),0,0,2,Vehicle in Transport,ANGLE,Clear,Daylight,Automatic,-86.63302942345561,36.06903033004813
338742,19SR011001,400209959,DAVIDSON,2025,2025-01-20,0,Prop Damage (over),0,0,2,Vehicle in Transport,ANGLE,Clear,Daylight,Automatic,-86.75212116956315,36.1249140224856
339205,19SR012001,400210000,DAVIDSON,2025,2025-01-20,747,Prop Damage (over),0,0,2,Vehicle in Transport,REAR-END,Clear,Daylight,Automatic,-86.85082539017478,36.20348188888129
342414,19SR255001,400209982,DAVIDSON,2025,2025-01-20,815,Prop Damage (over),0,0,2,Vehicle in Transport,"SIDESWIPE, SAME DIR",Clear,Daylight,Automatic,-86.6644170289803,36.13195373402408
385325,1904960001,400209995,DAVIDSON,2025,2025-01-20,830,Prop Damage (over),0,0,2,Vehicle in Transport,ANGLE,Clear,Daylight,Automatic,-86.63835543391507,36.035080303919976
386148,190C304001,400210199,DAVIDSON,2025,2025-01-20,1902,Suspected Minor Injury,0,1,2,Vehicle in Transport,ANGLE,Clear,Dark-Lighted,Automatic,-86.72446424217266,36.08317578892824
386748,190G685001,400210191,DAVIDSON,2025,2025-01-20,1948,Prop Damage (over),0,0,2,Vehicle in Transport,ANGLE,Clear,Dark-Lighted,Automatic,-86.59835887960202,36.052796325248565
388466,19SR006001,400210140,DAVIDSON,2025,2025-01-20,0,Prop Damage (over),0,0,2,Vehicle in Transport,ANGLE,Clear,Dark-Lighted,Automatic,-86.774965285835,36.12013148327358
389535,19SR011001,400210214,DAVIDSON,2025,2025-01-20,514,Suspected Minor Injury,0,3,2,Vehicle in Transport,ANGLE,Clear,Dark-Lighted,Automatic,-86.72559317315604,36.07711938577365
389828,19SR011001,400210143,DAVIDSON,2025,2025-01-20,1825,Prop Damage (over),0,0,3,Vehicle in Transport,ANGLE,Clear,Dark-Lighted,Automatic,-86.75888924650846,36.13392551272837
390937,19SR024001,400210091,DAVIDSON,2025,2025-01-20,0,Prop Damage (over),0,0,2,Vehicle in Transport,"SIDESWIPE, SAME DIR",Clear,Daylight,Automatic,-86.79365632600403,36.16073557322363
391871,19SR045001,400210162,DAVIDSON,2025,2025-01-20,1936,Prop Damage (over),0,0,2,Vehicle in Transport,ANGLE,Clear,Dark-Lighted,Automatic,-86.615424927865,36.19090622198236
427740,190B301001,400209972,DAVIDSON,2025,2025-01-20,700,Suspected Minor Injury,0,1,2,Vehicle in Transport,ANGLE,Clear,Daylight,Automatic,-86.59279786419445,36.07031836302188
428002,19SR001001,400210204,DAVIDSON,2025,2025-01-20,1942,Prop Damage (over),0,0,2,Vehicle in Transport,ANGLE,Clear,Dark-Lighted,Automatic,-86.81547237776422,36.1425325340543
428566,19SR006001,400210133,DAVIDSON,2025,2025-01-20,1635,Prop Damage (over),0,0,2,Vehicle in Transport,ANGLE,Clear,Daylight,Automatic,-86.69179907634289,36.3027788801444
438230,19SR001001,400209914,DAVIDSON,2025,2025-01-20,156,Prop Damage (over),0,0,1,Utility Pole,NO COLLISION W/ VEHICLE,Clear,Dark-Lighted,Automatic,-86.79934233964694,36.1513775528722
460408,1903252001,400209956,DAVIDSON,2025,2025-01-20,725,Prop Damage (under),0,0,1,--,--,--,--,Automatic,-86.74723084003568,36.18642196150816
461188,190A648001,400210042,DAVIDSON,2025,2025-01-20,1140,Prop Damage (under),0,0,2,--,--,--,--,Automatic,-86.70506342011733,36.2868466802413
461543,190E165001,400210401,DAVIDSON,2025,2025-01-20,0,Prop Damage (under),0,0,2,--,--,--,--,Automatic,-86.7531779154525,36.17380121341385
464663,19SR112001,400210130,DAVIDSON,2025,2025-01-20,1719,Prop Damage (under),0,0,2,--,--,--,--,Automatic,-86.83890919052733,36.21099957542916
198846,1904836001,400209826,DAVIDSON,2025,2025-01-19,1625,Prop Damage (over),0,0,2,Vehicle in Transport,"SIDESWIPE, OPP DIR",Cloudy,Daylight,Automatic,-86.74047015240043,36.01530626829247
208235,19I0024001,400209842,DAVIDSON,2025,2025-01-19,1735,Prop Damage (over),0,0,2,Vehicle in Transport,"SIDESWIPE, SAME DIR",Clear,Dark-Lighted,Automatic,-86.76133746441796,36.16251297787598
210523,19I0024001,400209636,DAVIDSON,2025,2025-01-19,331,Suspected Minor Injury,0,2,9,Vehicle in Transport,REAR-END,11,Dark-Lighted,Automatic,-86.68068862521072,36.06075111715712
211159,19I0024001,400209724,DAVIDSON,2025,2025-01-19,953,Prop Damage (over),0,0,2,Vehicle in Transport,ANGLE,Blowing Snow,Daylight,Automatic,-86.65240870634554,36.04143496559672
211855,19I0040001,400209593,DAVIDSON,2025,2025-01-19,30,Prop Damage (over),0,0,3,Vehicle in Transport,ANGLE,Snow,Dark-Lighted,Automatic,-86.9778656013638,36.074452197035
213243,19I0040001,400209719,DAVIDSON,2025,2025-01-19,1048,Suspected Minor Injury,0,3,2,Vehicle in Transport,ANGLE,Cloudy,Daylight,Automatic,-86.77044747223988,36.15065488158044
221493,19SR001001,400209866,DAVIDSON,2025,2025-01-19,0,Suspected Minor Injury,0,1,2,Vehicle in Transport,REAR-END,Clear,Dark-Lighted,Automatic,-86.670110328444,36.10491936629197
223265,19SR006001,400209653,DAVIDSON,2025,2025-01-19,722,Suspected Minor Injury,0,1,1,Pedestrian,NO COLLISION W/ VEHICLE,Snow,Daylight,Automatic,-86.78220775374078,36.1591218616984
224002,19SR006001,400209764,DAVIDSON,2025,2025-01-19,1310,Suspected Serious Injury,0,3,3,Vehicle in Transport,ANGLE,Cloudy,Daylight,Automatic,-86.71540846133814,36.25483671133856
226352,19SR011001,400209833,DAVIDSON,2025,2025-01-19,1635,Prop Damage (under),0,0,2,Vehicle in Transport,"SIDESWIPE, SAME DIR",Clear,Daylight,Automatic,-86.75894190517816,36.23128283907903
230748,19SR112001,400209814,DAVIDSON,2025,2025-01-19,1610,Prop Damage (over),0,0,2,Vehicle in Transport,ANGLE,Clear,Daylight,Automatic,-86.83556035254874,36.227291718176886
233118,19SR254001,400209882,DAVIDSON,2025,2025-01-19,1936,Suspected Minor Injury,0,1,3,Vehicle in Transport,ANGLE,Cloudy,Dark-Lighted,Automatic,-86.76948166195068,36.040431508573015
284763,19I0065001,400209644,DAVIDSON,2025,2025-01-19,722,Possible Injury,0,1,1,Other Traffic Barrier,NO COLLISION W/ VEHICLE,Snow,Daylight,Automatic,-86.77300627560473,36.22511857871811
318073,19I0040001,400209727,DAVIDSON,2025,2025-01-19,919,Prop Damage (over),0,0,1,Concrete Traffic Barrier,NO COLLISION W/ VEHICLE,Snow,Daylight,Automatic,-86.92324382077464,36.11082174869272
318222,19SR155001,400209877,DAVIDSON,2025,2025-01-19,2130,Prop Damage (over),0,0,1,Wall,NO COLLISION W/ VEHICLE,Clear,Dark-Lighted,Automatic,-86.69516028156632,36.1458296267532
319339,19I0040001,400209717,DAVIDSON,2025,2025-01-19,821,Suspected Minor Injury,0,1,1,Guardrail Face,NO COLLISION W/ VEHICLE,Snow,Daylight,Automatic,-86.90376694849576,36.12607505644354
319591,19SR255001,400209598,DAVIDSON,2025,2025-01-19,50,Suspected Serious Injury,0,1,1,Ditch,NO COLLISION W/ VEHICLE,Clear,Dark-Lighted,Automatic,-86.72396921129481,36.08023006895794
329459,190E369001,400209924,DAVIDSON,2025,2025-01-19,2300,Prop Damage (over),0,0,2,Vehicle in Transport,ANGLE,Clear,Dark-Lighted,Automatic,-86.6636580062321,36.14395296651001
330493,190H895001,400209889,DAVIDSON,2025,2025-01-19,1240,Prop Damage (over),0,0,2,Parked Motor Vehicle,REAR TO SIDE,Clear,Daylight,Automatic,-86.65664882220366,36.08449882619392
334940,19I0065001,400210093,DAVIDSON,2025,2025-01-19,1601,Prop Damage (over),0,0,2,Vehicle in Transport,"SIDESWIPE, SAME DIR",Clear,Daylight,Automatic,-86.76811535991041,36.10685250680048
340899,19SR155001,400209896,DAVIDSON,2025,2025-01-19,2218,Prop Damage (over),0,0,2,Vehicle in Transport,REAR-END,Clear,Dark-Lighted,Automatic,-86.70018258752154,36.139339941024254
381907,1901011001,400209679,DAVIDSON,2025,2025-01-19,830,Suspected Minor Injury,0,1,2,Vehicle in Transport,HEAD-ON,Cloudy,Daylight,Automatic,-86.60276187981239,36.1651555727993
387587,19SR001001,400209615,DAVIDSON,2025,2025-01-19,315,Suspected Serious Injury,0,1,2,Vehicle in Transport,ANGLE,Snow,Dark-Lighted,Automatic,-86.76117425109462,36.14842054485213
393645,19SR254001,400209904,DAVIDSON,2025,2025-01-19,2329,Suspected Minor Injury,0,3,3,Vehicle in Transport,REAR-END,Clear,Dark-Lighted,Automatic,-86.64233998123493,36.05501733236238
426955,1903248001,400209687,DAVIDSON,2025,2025-01-19,902,Prop Damage (over),0,0,2,Vehicle in Transport,ANGLE,Clear,Daylight,Automatic,-86.79258632697675,36.111612465206
444545,19I0024001,400209870,DAVIDSON,2025,2025-01-19,1800,Possible Injury,0,1,2,Vehicle in Transport,"SIDESWIPE, SAME DIR",Clear,Dark-Not Lighted,Automatic,-86.6473247845419,36.03828418699481
445386,19SR011001,400209725,DAVIDSON,2025,2025-01-19,1040,Suspected Minor Injury,0,1,2,Vehicle in Transport,ANGLE,Clear,Daylight,Automatic,-86.75696182162864,36.24225116984999
447974,19I0024001,400209881,DAVIDSON,2025,2025-01-19,2214,Possible Injury,0,1,1,Embankment Rock/Stone/Concrete,NO COLLISION W/ VEHICLE,Clear,Dark-Lighted,Automatic,-86.72717837328184,36.13658538180836
448756,19I0040001,400209681,DAVIDSON,2025,2025-01-19,840,Prop Damage (over),0,0,1,Earth Embankment,NO COLLISION W/ VEHICLE,Snow,Daylight,Automatic,-86.6062270154395,36.16911953214397
452135,1903252001,400209806,DAVIDSON,2025,2025-01-19,1546,Prop Damage (over),0,0,2,Vehicle in Transport,ANGLE,Clear,Daylight,Automatic,-86.74783761094882,36.18502911833221
196151,1903256001,400209228,DAVIDSON,2025,2025-01-18,0,Possible Injury,0,2,3,Vehicle in Transport,OTHER,Rain,Dark-Lighted,Automatic,-86.7936390906862,36.136194701332
196219,1903256001,400209344,DAVIDSON,2025,2025-01-18,1138,Suspected Minor Injury,0,1,2,Vehicle in Transport,REAR-END,Clear,Daylight,Automatic,-86.77965242135186,36.13423126081696
200660,1904958001,400209351,DAVIDSON,2025,2025-01-18,1030,Prop Damage (over),0,0,3,Vehicle in Transport,REAR-END,Clear,Daylight,Automatic,-86.6187389260362,36.05433432968052
201149,1904968001,400209469,DAVIDSON,2025,2025-01-18,1735,Suspected Minor Injury,0,1,2,Vehicle in Transport,REAR-END,Clear,Dark-Lighted,Automatic,-86.67579680861617,36.06858625348975
201377,1905344001,400209500,DAVIDSON,2025,2025-01-18,1844,Prop Damage (over),0,0,3,Vehicle in Transport,REAR-END,Clear,Dark-Lighted,Automatic,-86.77806731740688,36.16476747005611
202194,190A715001,400209329,DAVIDSON,2025,2025-01-18,753,Suspected Minor Injury,0,1,2,Vehicle in Transport,REAR-END,Unknown,Dark-Lighted,Automatic,-86.64619354178623,36.2651622002295
202762,190B428001,400209524,DAVIDSON,2025,2025-01-18,1600,Prop Damage (over),0,0,2,Vehicle in Transport,REAR-END,Clear,Daylight,Automatic,-86.69588874768246,36.21700598528464
208163,19I0024001,400209385,DAVIDSON,2025,2025-01-18,1233,Prop Damage (over),0,0,2,Vehicle in Transport,ANGLE,Cloudy,Daylight,Automatic,-86.76212044993494,36.16330564692017
208706,19I0024001,400209560,DAVIDSON,2025,2025-01-18,1809,Prop Damage (over),0,0,3,Vehicle in Transport,REAR-END,Clear,Dark-Lighted,Automatic,-86.7270912111048,36.13439708576213
219485,19I0440001,400209243,DAVIDSON,2025,2025-01-18,15,Prop Damage (over),0,0,2,Vehicle in Transport,"SIDESWIPE, SAME DIR",Rain,Dark-Lighted,Automatic,-86.82264711466289,36.14355876930173
221295,19SR001001,400209221,DAVIDSON,2025,2025-01-18,55,Suspected Serious Injury,0,1,1,Pedestrian,NO COLLISION W/ VEHICLE,Rain,Dark-Lighted,Automatic,-86.6986727267121,36.117101523181255
226362,19SR011001,400209486,DAVIDSON,2025,2025-01-18,1436,Prop Damage (over),0,0,2,Vehicle in Transport,"SIDESWIPE, SAME DIR",Cloudy,Daylight,Automatic,-86.75874547652145,36.23244117920761
227467,19SR024001,400209445,DAVIDSON,2025,2025-01-18,1400,Prop Damage (over),0,0,2,Vehicle in Transport,REAR-END,Cloudy,Daylight,Automatic,-86.88496138172941,36.135907692046096
228721,19SR024001,400209421,DAVIDSON,2025,2025-01-18,1448,Possible Injury,0,1,2,Vehicle in Transport,ANGLE,Cloudy,Daylight,Automatic,-86.60464199168653,36.21460168563759
229136,19SR045001,400209555,DAVIDSON,2025,2025-01-18,2145,Suspected Minor Injury,0,2,2,Vehicle in Transport,REAR-END,Clear,Dark-Lighted,Automatic,-86.71303354048466,36.26322322554845
229816,19SR065001,400209846,DAVIDSON,2025,2025-01-18,1855,Prop Damage (over),0,0,2,Vehicle in Transport,ANGLE,Clear,Dark-Lighted,Automatic,-86.77208128810763,36.20620229125374
233261,19SR254001,400209564,DAVIDSON,2025,2025-01-18,2150,Suspected Minor Injury,0,1,2,Vehicle in Transport,REAR-END,Clear,Dark-Lighted,Automatic,-86.72458042538901,36.04485324328667
284242,19I0024001,400209302,DAVIDSON,2025,2025-01-18,719,Prop Damage (over),0,0,1,Cable Barrier,NO COLLISION W/ VEHICLE,Cloudy,Dawn,Automatic,-86.79262199978365,36.26790362543026
297243,19I0040001,400209220,DAVIDSON,2025,2025-01-18,220,Suspected Minor Injury,0,1,1,Earth Embankment,NO COLLISION W/ VEHICLE,Rain,Dark-Lighted,Automatic,-86.73583537135111,36.14246447925645
311681,1904946001,400209321,DAVIDSON,2025,2025-01-18,0,Prop Damage (over),0,0,1,Ditch,NO COLLISION W/ VEHICLE,Rain,Unknown,Automatic,-86.718765882667,36.118254139532056
314555,190F746001,400209256,DAVIDSON,2025,2025-01-18,524,Prop Damage (over),0,0,1,Ditch,NO COLLISION W/ VEHICLE,Rain,Dark-Lighted,Automatic,-86.63745549100685,36.11281989819521
314734,19I0024001,400209198,DAVIDSON,2025,2025-01-18,28,Suspected Minor Injury,0,1,1,Ditch,NO COLLISION W/ VEHICLE,Rain,Dark-Lighted,Automatic,-86.68300763833629,36.062981965422885
318153,19I0065001,400209553,DAVIDSON,2025,2025-01-18,2033,Prop Damage (over),0,0,1,Guardrail Face,NO COLLISION W/ VEHICLE,Clear,Dark-Lighted,Automatic,-86.77369055433591,36.22159192484413
318178,19I0440001,400209477,DAVIDSON,2025,2025-01-18,1145,Prop Damage (over),0,0,2,Concrete Traffic Barrier,NO COLLISION W/ VEHICLE,Cloudy,Daylight,Automatic,-86.82250625285171,36.14434746143115
319395,19I0065001,400209266,DAVIDSON,2025,2025-01-18,0,Prop Damage (over),0,0,1,Wall,NO COLLISION W/ VEHICLE,Rain,Dark-Not Lighted,Automatic,-86.7730887112235,36.115623568087486
327604,190A511001,400209452,DAVIDSON,2025,2025-01-18,1630,Prop Damage (over),0,0,2,Vehicle in Transport,ANGLE,Clear,Daylight,Automatic,-86.7151343507615,36.254964745722745
328649,190D290001,400209533,DAVIDSON,2025,2025-01-18,0,Prop Damage (over),0,0,2,Vehicle in Transport,ANGLE,Clear,Dark-Lighted,Automatic,-86.83456094371584,36.155042867191725
329829,190F353001,400209485,DAVIDSON,2025,2025-01-18,1643,Prop Damage (over),0,0,2,Vehicle in Transport,ANGLE,Clear,Daylight,Automatic,-86.79834958918147,36.15179028573013
329863,190F369001,400209506,DAVIDSON,2025,2025-01-18,1908,Prop Damage (over),0,0,2,Vehicle in Transport,ANGLE,Clear,Dark-Lighted,Automatic,-86.79200496137643,36.15004914706331
336650,19SR001001,400209358,DAVIDSON,2025,2025-01-18,1145,Prop Damage (over),0,0,2,Vehicle in Transport,ANGLE,Cloudy,Daylight,Automatic,-86.81083927611597,36.14578545130525
337531,19SR006001,400209362,DAVIDSON,2025,2025-01-18,1220,Prop Damage (over),0,0,2,Vehicle in Transport,ANGLE,Cloudy,Daylight,Automatic,-86.7870558260402,36.03624705274019
341442,19SR171001,400209274,DAVIDSON,2025,2025-01-18,430,Prop Damage (over),0,0,1,Guardrail End,NO COLLISION W/ VEHICLE,Rain,Dark-Not Lighted,Automatic,-86.56367268333244,36.0863628885225
384769,1904906001,400209515,DAVIDSON,2025,2025-01-18,1733,Prop Damage (over),0,0,2,Vehicle in Transport,ANGLE,Clear,Dark-Lighted,Automatic,-86.86009448107271,36.15474356385924
386321,190D630001,400209601,DAVIDSON,2025,2025-01-18,2240,Suspected Minor Injury,0,1,2,Vehicle in Transport,ANGLE,Clear,Dark-Lighted,Automatic,-86.76152724659327,36.203317665574055
388549,19SR006001,400209563,DAVIDSON,2025,2025-01-18,2205,Suspected Minor Injury,0,1,1,Pedestrian,NO COLLISION W/ VEHICLE,Clear,Dark-Lighted,Automatic,-86.77905629326237,36.134234514195086
389348,19SR011001,400209345,DAVIDSON,2025,2025-01-18,0,Possible Injury,0,1,2,Vehicle in Transport,REAR-END,Cloudy,Daylight,Automatic,-86.7142351323275,36.05155183989508
389534,19SR011001,400209535,DAVIDSON,2025,2025-01-18,1947,Suspected Minor Injury,0,1,4,Vehicle in Transport,ANGLE,Clear,Dark-Lighted,Automatic,-86.72559317315604,36.07711938577365
389690,19SR011001,400209406,DAVIDSON,2025,2025-01-18,0,Suspected Minor Injury,0,1,2,Vehicle in Transport,REAR-END,Cloudy,Daylight,Automatic,-86.74290021108473,36.10637545111365
414216,190H833001,400209286,DAVIDSON,2025,2025-01-18,0,Prop Damage (over),0,0,1,Curb,NO COLLISION W/ VEHICLE,Rain,Dark-Lighted,Automatic,-86.640954250286,36.05520360129424
415936,1904960001,400209433,DAVIDSON,2025,2025-01-18,0,Prop Damage (over),0,0,2,Vehicle in Transport,ANGLE,Cloudy,Daylight,Automatic,-86.6616258588056,36.04353148758548
417922,19SR171001,400209239,DAVIDSON,2025,2025-01-18,0,Prop Damage (over),0,0,2,Vehicle in Transport,"SIDESWIPE, OPP DIR",Rain,Dark-Lighted,Automatic,-86.6125909143632,36.030234276519465
426881,1903244001,400209324,DAVIDSON,2025,2025-01-18,955,Prop Damage (over),0,0,2,Vehicle in Transport,ANGLE,Cloudy,Daylight,Automatic,-86.75144722625781,36.17700460660546
429141,19SR024001,400209183,DAVIDSON,2025,2025-01-18,2,Suspected Minor Injury,0,1,2,Vehicle in Transport,ANGLE,Rain,Dark-Not Lighted,Automatic,-86.64375397400542,36.17992360731685
429752,19SR254001,400209235,DAVIDSON,2025,2025-01-18,245,Prop Damage (over),0,0,2,Vehicle in Transport,ANGLE,Rain,Dark-Lighted,Automatic,-86.6743820565382,36.04572431431304
458629,19SR155001,400209238,DAVIDSON,2025,2025-01-18,330,Prop Damage (over),0,0,1,Ditch,NO COLLISION W/ VEHICLE,Rain,Dark-Lighted,Automatic,-86.69586663907627,36.12723680244186
459544,190D267001,400209352,DAVIDSON,2025,2025-01-18,300,Prop Damage (over),0,0,2,Unknown Harmful Event,UNKNOWN,Unknown,Unknown,Automatic,-86.84496180621151,36.1588972664309
461532,190E124001,400209519,DAVIDSON,2025,2025-01-18,1400,Prop Damage (under),0,0,2,--,--,--,--,Automatic,-86.76328040495484,36.17459916824726
464480,19SR045001,400209311,DAVIDSON,2025,2025-01-18,921,Prop Damage (under),0,0,2,--,--,--,--,Automatic,-86.62045628277414,36.19897993096886
195434,1903251001,400209251,DAVIDSON,2025,2025-01-17,2320,Possible Injury,0,1,2,Vehicle in Transport,HEAD-ON,Rain,Dark-Lighted,Automatic,-86.8309244865701,36.19393334143863
195819,1903252001,400209167,DAVIDSON,2025,2025-01-17,0,Prop Damage (over),0,0,2,Vehicle in Transport,ANGLE,Clear,Dark-Lighted,Automatic,-86.73342508052109,36.21043908002353
199903,1904931001,400208936,DAVIDSON,2025,2025-01-17,1259,Prop Damage (over),0,0,2,Vehicle in Transport,REAR-END,Cloudy,Daylight,Automatic,-86.6957353549143,36.27263854658923
199964,1904933001,400209144,DAVIDSON,2025,2025-01-17,1833,Prop Damage (over),0,0,2,Vehicle in Transport,ANGLE,Clear,Dark-Not Lighted,Automatic,-86.74308584536499,36.25171653054129
202109,190A607001,400208875,DAVIDSON,2025,2025-01-17,1050,Possible Injury,0,1,2,Vehicle in Transport,REAR-END,Clear,Daylight,Automatic,-86.69010805902195,36.266549307884986
202311,190B039001,400209142,DAVIDSON,2025,2025-01-17,0,Prop Damage (over),0,0,3,Vehicle in Transport,REAR-END,Clear,Dark-Lighted,Automatic,-86.62530921549497,36.15225645631501
202636,190B329001,400208751,DAVIDSON,2025,2025-01-17,635,Prop Damage (over),0,0,2,Vehicle in Transport,ANGLE,Clear,Daylight,Automatic,-86.66163627816232,36.03163775232292
205651,190F366001,400209268,DAVIDSON,2025,2025-01-17,2335,Prop Damage (over),0,0,2,Vehicle in Transport,"SIDESWIPE, SAME DIR",Rain,Dark-Lighted,Automatic,-86.78953120530802,36.155349254176464
206548,190H974001,400209030,DAVIDSON,2025,2025-01-17,1520,Prop Damage (over),0,0,2,Vehicle in Transport,"SIDESWIPE, SAME DIR",Clear,Daylight,Automatic,-86.58491682434554,36.08685554360216
208204,19I0024001,400209209,DAVIDSON,2025,2025-01-17,2225,Prop Damage (over),0,0,2,Vehicle in Transport,"SIDESWIPE, SAME DIR",Rain,Dark-Lighted,Automatic,-86.76171871254974,36.16293403144667
208394,19I0024001,400208775,DAVIDSON,2025,2025-01-17,744,Prop Damage (over),0,0,2,Vehicle in Transport,REAR-END,Clear,Daylight,Automatic,-86.76044491387516,36.15794202157653
208666,19I0024001,400208764,DAVIDSON,2025,2025-01-17,0,Prop Damage (over),0,0,4,Vehicle in Transport,REAR-END,Clear,Daylight,Automatic,-86.7270895772047,36.13452778826661
209155,19I0024001,400209065,DAVIDSON,2025,2025-01-17,1738,Possible Injury,0,1,2,Vehicle in Transport,REAR-END,Clear,Dark-Lighted,Automatic,-86.72579655188515,36.11719545737315
209671,19I0024001,400208996,DAVIDSON,2025,2025-01-17,1607,Prop Damage (over),0,0,3,Vehicle in Transport,REAR-END,Clear,Daylight,Automatic,-86.70907589597671,36.09709400737309
209849,19I0024001,400209058,DAVIDSON,2025,2025-01-17,1756,Suspected Minor Injury,0,1,2,Vehicle in Transport,"SIDESWIPE, SAME DIR",Clear,Dark-Lighted,Automatic,-86.70320458709098,36.08986758508564
212019,19I0040001,400208752,DAVIDSON,2025,2025-01-17,647,Possible Injury,0,2,2,Vehicle in Transport,"SIDESWIPE, SAME DIR",Clear,Dawn,Automatic,-86.91480946763299,36.11714057949656
213561,19I0040001,400208990,DAVIDSON,2025,2025-01-17,1440,Prop Damage (over),0,0,2,Vehicle in Transport,REAR-END,Clear,Daylight,Automatic,-86.75745198339138,36.15367365362183
213964,19I0040001,400208894,DAVIDSON,2025,2025-01-17,1236,Possible Injury,0,1,2,Vehicle in Transport,REAR-END,Clear,Daylight,Automatic,-86.7461537005652,36.14866646137069
214573,19I0040001,400208904,DAVIDSON,2025,2025-01-17,1254,Prop Damage (over),0,0,2,Vehicle in Transport,REAR-END,Clear,Daylight,Automatic,-86.72359864981176,36.14009023083306
216740,19I0065001,400209075,DAVIDSON,2025,2025-01-17,1740,Suspected Minor Injury,0,2,3,Vehicle in Transport,REAR-END,Clear,Dark-Lighted,Automatic,-86.76893361862099,36.10804275824085
218236,19I0065001,400209078,DAVIDSON,2025,2025-01-17,1835,Possible Injury,0,1,2,Vehicle in Transport,REAR-END,Clear,Dark-Lighted,Automatic,-86.77555005536526,36.21209683180133
222041,19SR001001,400209063,DAVIDSON,2025,2025-01-17,1749,Suspected Minor Injury,0,1,2,Vehicle in Transport,ANGLE,Clear,Dark-Lighted,Automatic,-86.63767712307437,36.07345295944472
223298,19SR006001,400208984,DAVIDSON,2025,2025-01-17,1502,Suspected Minor Injury,0,1,2,Vehicle in Transport,REAR-END,Clear,Daylight,Automatic,-86.78653610277541,36.16767881355585
230266,19SR100001,400209018,DAVIDSON,2025,2025-01-17,1634,Prop Damage (over),0,0,2,Vehicle in Transport,ANGLE,Clear,Dusk,Automatic,-86.97293125299333,36.034610359238656
233306,19SR254001,400208745,DAVIDSON,2025,2025-01-17,617,Suspected Minor Injury,0,1,1,Pedestrian,NO COLLISION W/ VEHICLE,Clear,Dark-Not Lighted,Automatic,-86.71640090535689,36.045213302819135
234270,19SR254001,400209182,DAVIDSON,2025,2025-01-17,2036,Possible Injury,0,1,2,Vehicle in Transport,ANGLE,Clear,Dark-Lighted,Automatic,-86.63680956034955,36.07003488211295
234597,19SR255001,400209124,DAVIDSON,2025,2025-01-17,1809,Prop Damage (under),0,0,2,Vehicle in Transport,REAR-END,Clear,Daylight,Automatic,-86.71806033610429,36.08036801254621
296577,190F336001,400209248,DAVIDSON,2025,2025-01-17,0,Prop Damage (over),0,0,2,Parked Motor Vehicle,UNKNOWN,Unknown,Unknown,Automatic,-86.81381656632334,36.14596977014729
296914,19I0024001,400208921,DAVIDSON,2025,2025-01-17,1320,Suspected Minor Injury,0,1,2,Vehicle in Transport,"SIDESWIPE, SAME DIR",Clear,Daylight,Automatic,-86.82078416776935,36.30765746842573
313352,19SR254001,400208953,DAVIDSON,2025,2025-01-17,0,Prop Damage (over),0,0,2,Vehicle in Transport,ANGLE,Clear,Daylight,Automatic,-86.6615446840904,36.04476376642285
314029,190A236001,400209145,DAVIDSON,2025,2025-01-17,2120,Suspected Minor Injury,0,1,1,Ditch,NO COLLISION W/ VEHICLE,Rain,Dark-Not Lighted,Automatic,-86.79595750002566,36.24452539714023
314467,190E283001,400209027,DAVIDSON,2025,2025-01-17,1615,Prop Damage (over),0,0,2,Parked Motor Vehicle,UNKNOWN,Clear,Daylight,Automatic,-86.80071572172086,36.16621806547257
319382,19I0040001,400208747,DAVIDSON,2025,2025-01-17,640,Prop Damage (over),0,0,1,Guardrail Face,NO COLLISION W/ VEHICLE,Clear,Daylight,Automatic,-86.64111494066593,36.14825236297162
319480,19SR011001,400209573,DAVIDSON,2025,2025-01-17,2300,Prop Damage (over),0,0,2,Parked Motor Vehicle,"SIDESWIPE, OPP DIR",Clear,Dark-Lighted,Automatic,-86.76637454644671,36.1483475549109
325654,1903287001,400209133,DAVIDSON,2025,2025-01-17,2009,Prop Damage (over),0,0,2,Vehicle in Transport,"SIDESWIPE, SAME DIR",Clear,Dark-Not Lighted,Automatic,-86.60669184053604,36.19229653091173
326474,1904885001,400208812,DAVIDSON,2025,2025-01-17,850,Prop Damage (over),0,0,2,Vehicle in Transport,ANGLE,Clear,Daylight,Automatic,-86.7496295072025,36.09460097921323
328325,190C156001,400209003,DAVIDSON,2025,2025-01-17,1449,Prop Damage (over),0,0,2,Vehicle in Transport,ANGLE,Clear,Daylight,Automatic,-86.72212614041798,36.07022322178868
329245,190E263001,400209103,DAVIDSON,2025,2025-01-17,1800,Prop Damage (over),0,0,2,Vehicle in Transport,REAR-END,Clear,Dusk,Automatic,-86.77895166391629,36.16371296037158
331883,19I0024001,400209134,DAVIDSON,2025,2025-01-17,1845,Prop Damage (over),0,0,4,Vehicle in Transport,REAR-END,Clear,Dark-Lighted,Automatic,-86.71106583605244,36.09954308042362
332985,19I0040001,400208994,DAVIDSON,2025,2025-01-17,0,Prop Damage (over),0,0,2,Vehicle in Transport,REAR-END,Cloudy,Daylight,Automatic,-86.85875323854512,36.15201990167247
333268,19I0040001,400208823,DAVIDSON,2025,2025-01-17,910,Prop Damage (over),0,0,2,Set In Motion By Motor Vehicle,ANGLE,Clear,Daylight,Automatic,-86.79225202883484,36.159389194182005
333862,19I0040001,400208892,DAVIDSON,2025,2025-01-17,0,Prop Damage (over),0,0,2,Vehicle in Transport,REAR-END,Clear,Daylight,Automatic,-86.74613949495804,36.148657432857576
334110,19I0040001,400208818,DAVIDSON,2025,2025-01-17,0,Prop Damage (over),0,0,2,Vehicle in Transport,ANGLE,Clear,Daylight,Automatic,-86.73241007625828,36.14081553429947
335552,19I0065001,400208834,DAVIDSON,2025,2025-01-17,940,Prop Damage (over),0,0,2,Vehicle in Transport,"SIDESWIPE, SAME DIR",Clear,Daylight,Automatic,-86.77606568913868,36.20791903200713
337073,19SR001001,400208768,DAVIDSON,2025,2025-01-17,730,Prop Damage (over),0,0,2,Vehicle in Transport,ANGLE,Clear,Daylight,Automatic,-86.67174015297647,36.10561723651438
337150,19SR001001,400208906,DAVIDSON,2025,2025-01-17,1300,Prop Damage (over),0,0,2,Vehicle in Transport,ANGLE,Clear,Daylight,Automatic,-86.65106656469237,36.09084220399398
338507,19SR011001,400208968,DAVIDSON,2025,2025-01-17,1517,Prop Damage (over),0,0,2,Vehicle in Transport,ANGLE,Clear,Daylight,Automatic,-86.72419880693883,36.07257664819525
338766,19SR011001,400208841,DAVIDSON,2025,2025-01-17,0,Prop Damage (over),0,0,2,Vehicle in Transport,HEAD-ON,Clear,Daylight,Automatic,-86.76089139365429,36.1397560965396
341604,19SR254001,400209119,DAVIDSON,2025,2025-01-17,2106,Prop Damage (over),0,0,4,Vehicle in Transport,OTHER,Clear,Dusk,Automatic,-86.8150922178025,36.03988629269482
341714,19SR254001,400208822,DAVIDSON,2025,2025-01-17,930,Prop Damage (over),0,0,2,Vehicle in Transport,REAR-END,Clear,Daylight,Automatic,-86.74865513156155,36.04172119690173
342280,19SR255001,400209252,DAVIDSON,2025,2025-01-17,1258,Prop Damage (over),0,0,2,Vehicle in Transport,ANGLE,Clear,Daylight,Automatic,-86.69617949513565,36.08684605444781
383846,1903295001,400208769,DAVIDSON,2025,2025-01-17,742,Possible Injury,0,1,2,Vehicle in Transport,ANGLE,Clear,Daylight,Automatic,-86.82157138802265,36.18804163439413
385655,1905501001,400208898,DAVIDSON,2025,2025-01-17,1218,Suspected Minor Injury,0,1,2,Vehicle in Transport,ANGLE,Clear,Daylight,Automatic,-86.85559047298803,36.12462749699358
385747,190A417001,400209017,DAVIDSON,2025,2025-01-17,1158,Prop Damage (over),0,0,2,Vehicle in Transport,ANGLE,Clear,Daylight,Automatic,-86.72975416682736,36.27295881617924
386982,19SR001001,400208814,DAVIDSON,2025,2025-01-17,804,Prop Damage (over),0,0,3,Vehicle in Transport,REAR-END,Clear,Daylight,Automatic,-86.89103255862675,36.08961542211054
389902,19SR011001,400209213,DAVIDSON,2025,2025-01-17,2255,Suspected Minor Injury,0,1,1,Pedestrian,NO COLLISION W/ VEHICLE,Rain,Dark-Lighted,Automatic,-86.77335327596855,36.18745863079034
391071,19SR024001,400209102,DAVIDSON,2025,2025-01-17,1854,Suspected Minor Injury,0,1,2,Vehicle in Transport,ANGLE,Clear,Dark-Lighted,Automatic,-86.76618226152664,36.1555925606397
392041,19SR065001,400208736,DAVIDSON,2025,2025-01-17,539,Suspected Minor Injury,0,1,2,Vehicle in Transport,ANGLE,Clear,Dark-Lighted,Automatic,-86.77427161551519,36.20639935902177
393775,19SR255001,400209258,DAVIDSON,2025,2025-01-17,2320,Possible Injury,0,1,2,Vehicle in Transport,ANGLE,Rain,Dark-Lighted,Automatic,-86.75832424950048,36.08107139586829
414081,19SR255001,400209137,DAVIDSON,2025,2025-01-17,2132,Suspected Minor Injury,0,1,1,Utility Pole,NO COLLISION W/ VEHICLE,Rain,Dark-Lighted,Automatic,-86.69222509483164,36.08742540652
414569,190F152001,400208886,DAVIDSON,2025,2025-01-17,1008,Suspected Serious Injury,0,1,1,Curb,NO COLLISION W/ VEHICLE,Clear,Daylight,Automatic,-86.8026553059001,36.143378174676045
417125,19SR011001,400209139,DAVIDSON,2025,2025-01-17,1625,Prop Damage (over),0,0,2,Vehicle in Transport,ANGLE,Clear,Daylight,Automatic,-86.7452282163622,36.11093646101174
427580,1904948001,400209094,DAVIDSON,2025,2025-01-17,1813,Suspected Minor Injury,0,1,2,Vehicle in Transport,ANGLE,Clear,Dark-Lighted,Automatic,-86.73004318084284,36.1194274788915
428524,19SR006001,400208793,DAVIDSON,2025,2025-01-17,820,Suspected Minor Injury,0,1,2,Vehicle in Transport,ANGLE,Clear,Daylight,Automatic,-86.71190412660125,36.26311279427134
439020,19SR001001,400209025,DAVIDSON,2025,2025-01-17,1530,Prop Damage (over),0,0,2,Vehicle in Transport,REAR-END,Clear,Daylight,Automatic,-86.78418930422013,36.15801756637595
445141,19I0065001,400208863,DAVIDSON,2025,2025-01-17,1037,Suspected Minor Injury,0,1,2,Vehicle in Transport,"SIDESWIPE, SAME DIR",Clear,Daylight,Automatic,-86.77431875362007,36.21985091229471
448883,19SR155001,400208815,DAVIDSON,2025,2025-01-17,609,Suspected Minor Injury,0,1,1,Overturn,NO COLLISION W/ VEHICLE,Clear,Dawn,Automatic,-86.78459906443885,36.23815747044966
449527,19I0065001,400208884,DAVIDSON,2025,2025-01-17,1200,Prop Damage (over),0,0,2,Vehicle in Transport,"SIDESWIPE, SAME DIR",Clear,Daylight,Automatic,-86.79384655213498,36.188112368019176
461000,1904946001,400209035,DAVIDSON,2025,2025-01-17,1701,Prop Damage (under),0,0,2,--,--,--,--,Automatic,-86.7276166439808,36.10983892789197
461252,190B331001,400209249,DAVIDSON,2025,2025-01-17,2210,Prop Damage (under),0,0,2,--,--,--,--,Automatic,-86.64683279002203,36.05074691719887
461548,190E194001,400208928,DAVIDSON,2025,2025-01-17,1204,Prop Damage (under),0,0,2,--,--,--,--,Automatic,-86.76027521168248,36.16827050661032
462497,19I0040001,400209111,DAVIDSON,2025,2025-01-17,2001,Prop Damage (under),0,0,2,--,--,--,--,Automatic,-86.82189388913133,36.158798472030085
463313,19SR001001,400209070,DAVIDSON,2025,2025-01-17,1817,Prop Damage (under),0,0,2,--,--,--,--,Automatic,-86.79967354016013,36.15121089222764
464098,19SR012001,400208832,DAVIDSON,2025,2025-01-17,830,Prop Damage (under),0,0,2,--,--,--,--,Automatic,-86.82372301625784,36.18933959422185
197367,1903292001,400208284,DAVIDSON,2025,2025-01-16,802,Suspected Minor Injury,0,3,3,Vehicle in Transport,REAR-END,Clear,Daylight,Automatic,-86.64508391902605,36.16093036477376
197514,1903295001,400208260,DAVIDSON,2025,2025-01-16,750,Suspected Minor Injury,0,2,2,Vehicle in Transport,ANGLE,Clear,Daylight,Automatic,-86.82296993147057,36.18890197833528
198273,1904169001,400208290,DAVIDSON,2025,2025-01-16,848,Suspected Serious Injury,0,1,3,Vehicle in Transport,REAR-END,Clear,Daylight,Automatic,-86.69962194711553,36.0940984811686
198572,1904435001,400208301,DAVIDSON,2025,2025-01-16,840,Possible Injury,0,2,2,Vehicle in Transport,ANGLE,Clear,Daylight,Automatic,-86.82243430319026,36.18700735852382
199219,1904896001,400208650,DAVIDSON,2025,2025-01-16,2030,Possible Injury,0,1,2,Vehicle in Transport,REAR-END,Clear,Dark-Lighted,Automatic,-86.92633008614283,36.07818912109984
201266,1905333001,400208433,DAVIDSON,2025,2025-01-16,849,Suspected Minor Injury,0,2,2,Vehicle in Transport,REAR-END,Clear,Daylight,Automatic,-86.76753034594947,36.1653147342658
206165,190F985001,400208648,DAVIDSON,2025,2025-01-16,2059,Possible Injury,0,2,2,Vehicle in Transport,ANGLE,Clear,Dark-Lighted,Automatic,-86.6896190733592,36.27603382123272
206429,190H833001,400208546,DAVIDSON,2025,2025-01-16,1745,Prop Damage (over),0,0,1,Deer (Animal),NO COLLISION W/ VEHICLE,Clear,Dark-Lighted,Automatic,-86.63231475294698,36.06116319725664
209184,19I0024001,400208564,DAVIDSON,2025,2025-01-16,0,Prop Damage (over),0,0,2,Vehicle in Transport,ANGLE,Clear,Dark-Lighted,Automatic,-86.72511020560937,36.11563663626029
209918,19I0024001,400208263,DAVIDSON,2025,2025-01-16,739,Suspected Minor Injury,0,1,2,Vehicle in Transport,REAR-END,Clear,Daylight,Automatic,-86.70175646267978,36.0880851271594
210331,19I0024001,400208610,DAVIDSON,2025,2025-01-16,1809,Prop Damage (over),0,0,1,Fire/Explosion,NO COLLISION W/ VEHICLE,Clear,Dark-Lighted,Automatic,-86.6896461948942,36.06941699525972
211111,19I0024001,400208230,DAVIDSON,2025,2025-01-16,616,Prop Damage (over),0,0,3,Vehicle in Transport,REAR-END,Clear,Dawn,Automatic,-86.65437525385869,36.04257236273663
212884,19I0040001,400208475,DAVIDSON,2025,2025-01-16,0,Prop Damage (over),0,0,2,Vehicle in Transport,"SIDESWIPE, SAME DIR",Clear,Daylight,Automatic,-86.79210343385597,36.15921276148371
218091,19I0065001,400208387,DAVIDSON,2025,2025-01-16,1225,Prop Damage (over),0,0,3,Vehicle in Transport,REAR-END,Clear,Daylight,Automatic,-86.77617451287372,36.20703723079466
219191,19I0065001,400208406,DAVIDSON,2025,2025-01-16,1332,Prop Damage (over),0,0,2,Vehicle in Transport,REAR-END,Clear,Daylight,Automatic,-86.71938726130958,36.2930717843543
219705,19I0440001,400208678,DAVIDSON,2025,2025-01-16,1947,Prop Damage (over),0,0,2,Vehicle in Transport,REAR-END,Clear,Dark-Lighted,Automatic,-86.78292748188585,36.11586905087743
219707,19I0440001,400208631,DAVIDSON,2025,2025-01-16,1838,Prop Damage (over),0,0,3,Vehicle in Transport,REAR-END,Clear,Dark-Not Lighted,Automatic,-86.78290959239477,36.11586848292532
219774,19I0440001,400208515,DAVIDSON,2025,2025-01-16,1617,Suspected Minor Injury,0,2,2,Vehicle in Transport,REAR-END,Clear,Daylight,Automatic,-86.7604434841624,36.1217793544396
219978,19SR001001,400208210,DAVIDSON,2025,2025-01-16,555,Prop Damage (over),0,0,1,Deer (Animal),NO COLLISION W/ VEHICLE,Clear,Dark-Lighted,Automatic,-86.98168376222404,36.09167652946547
221310,19SR001001,400208266,DAVIDSON,2025,2025-01-16,736,Suspected Minor Injury,0,1,3,Vehicle in Transport,REAR-END,Clear,Daylight,Automatic,-86.69699538418247,36.116208511386425
223477,19SR006001,400208541,DAVIDSON,2025,2025-01-16,1725,Prop Damage (over),0,0,2,Vehicle in Transport,REAR-END,Clear,Dark-Not Lighted,Automatic,-86.762609975278,36.18001436006845
225550,19SR011001,400208589,DAVIDSON,2025,2025-01-16,1843,Suspected Minor Injury,0,2,2,Vehicle in Transport,REAR-END,Clear,Dark-Not Lighted,Automatic,-86.73433819264743,36.09065968259852
226155,19SR011001,400208661,DAVIDSON,2025,2025-01-16,2045,Possible Injury,0,2,2,Vehicle in Transport,"SIDESWIPE, SAME DIR",Clear,Dark-Lighted,Automatic,-86.76862461490222,36.2057649253352
226855,19SR011701,400208410,DAVIDSON,2025,2025-01-16,1350,Prop Damage (under),0,0,2,Vehicle in Transport,"SIDESWIPE, SAME DIR",Clear,Daylight,Automatic,-86.76845936950663,36.14769397243547
227819,19SR024001,400208582,DAVIDSON,2025,2025-01-16,0,Prop Damage (over),0,0,2,Vehicle in Transport,REAR-END,Clear,Dark-Lighted,Automatic,-86.83387259845642,36.15245637860286
228634,19SR024001,400208663,DAVIDSON,2025,2025-01-16,1641,Possible Injury,0,1,2,Vehicle in Transport,ANGLE,Clear,Daylight,Automatic,-86.62096888122245,36.19702816294918
228782,19SR024001,400208342,DAVIDSON,2025,2025-01-16,1100,Prop Damage (under),0,0,2,Vehicle in Transport,REAR-END,Clear,Daylight,Automatic,-86.59512639856959,36.21504219452923
229660,19SR045001,400208668,DAVIDSON,2025,2025-01-16,1737,Prop Damage (over),0,0,2,Vehicle in Transport,REAR-END,Clear,Dark-Lighted,Automatic,-86.60625993953266,36.17999532530836
230235,19SR100001,400208525,DAVIDSON,2025,2025-01-16,1627,Prop Damage (over),0,0,2,Vehicle in Transport,REAR-END,Clear,Dusk,Automatic,-87.03318974479969,36.01653220454206
233775,19SR254001,400208241,DAVIDSON,2025,2025-01-16,710,Suspected Minor Injury,0,1,2,Vehicle in Transport,REAR-END,Clear,Daylight,Automatic,-86.66707997306942,36.04490908119437
234742,19SR255001,400208590,DAVIDSON,2025,2025-01-16,1812,Prop Damage (over),0,0,2,Vehicle in Transport,REAR-END,Clear,Dark-Lighted,Automatic,-86.70512369081499,36.08438322922697
234844,19SR255001,400208304,DAVIDSON,2025,2025-01-16,853,Prop Damage (over),0,0,2,Vehicle in Transport,"SIDESWIPE, SAME DIR",Clear,Daylight,Automatic,-86.69793267276876,36.086679626773936
296271,190E165001,400208692,DAVIDSON,2025,2025-01-16,2220,Prop Damage (over),0,0,2,Parked Motor Vehicle,"SIDESWIPE, SAME DIR",Cloudy,Dark-Lighted,Automatic,-86.74965829954523,36.17408396135006
317977,190D746001,400208183,DAVIDSON,2025,2025-01-16,155,Prop Damage (over),0,0,1,Utility Pole,NO COLLISION W/ VEHICLE,Clear,Dark-Lighted,Automatic,-86.76707026366795,36.23182636935773
318007,19I0024001,400208228,DAVIDSON,2025,2025-01-16,618,Suspected Minor Injury,0,2,1,Concrete Traffic Barrier,NO COLLISION W/ VEHICLE,Clear,Dark-Lighted,Automatic,-86.78627312102181,36.23810550016021
319024,1904896001,400208642,DAVIDSON,2025,2025-01-16,2040,Prop Damage (over),0,0,1,Ditch,NO COLLISION W/ VEHICLE,Clear,Dark-Not Lighted,Automatic,-86.93453825432675,36.08571131635978
319280,19I0024001,400208653,DAVIDSON,2025,2025-01-16,2133,Prop Damage (over),0,0,1,Guardrail Face,NO COLLISION W/ VEHICLE,Clear,Dark-Lighted,Automatic,-86.7622622397739,36.16343680441592
325371,1903258001,400208434,DAVIDSON,2025,2025-01-16,1347,Prop Damage (over),0,0,2,Vehicle in Transport,REAR-END,Clear,Daylight,Automatic,-86.79308614978024,36.17287868708516
325377,1903258001,400208436,DAVIDSON,2025,2025-01-16,1446,Prop Damage (over),0,0,2,Vehicle in Transport,REAR-END,Clear,Daylight,Automatic,-86.79480562539976,36.17244830078234
326035,1904169001,400208689,DAVIDSON,2025,2025-01-16,2230,Prop Damage (over),0,0,2,Vehicle in Transport,"SIDESWIPE, SAME DIR",Clear,Dark-Lighted,Automatic,-86.66176020364631,36.04919715609751
330983,19I0024001,400208251,DAVIDSON,2025,2025-01-16,800,Prop Damage (over),0,0,2,Vehicle in Transport,"SIDESWIPE, SAME DIR",Clear,Daylight,Automatic,-86.77609968947655,36.187458230722605
331166,19I0024001,400208585,DAVIDSON,2025,2025-01-16,1733,Prop Damage (over),0,0,2,Vehicle in Transport,"SIDESWIPE, SAME DIR",Clear,Dark-Lighted,Automatic,-86.76593801086571,36.16813363572721
336270,19I0440001,400208576,DAVIDSON,2025,2025-01-16,1748,Prop Damage (over),0,0,2,Vehicle in Transport,REAR-END,Clear,Dark-Lighted,Automatic,-86.78287381343117,36.115867348815584
336426,19SR001001,400208572,DAVIDSON,2025,2025-01-16,1635,Prop Damage (over),0,0,2,Vehicle in Transport,ANGLE,Clear,Dusk,Automatic,-86.92171007804829,36.07422402076727
338211,19SR006001,400208652,DAVIDSON,2025,2025-01-16,1743,Prop Damage (over),0,0,1,Wall,NO COLLISION W/ VEHICLE,Clear,Daylight,Automatic,-86.70313660840817,36.29174306400116
338216,19SR006001,400208641,DAVIDSON,2025,2025-01-16,1824,Prop Damage (over),0,0,2,Vehicle in Transport,REAR-END,Clear,Dark-Lighted,Automatic,-86.70249919902922,36.29294329511242
338365,19SR011001,400208265,DAVIDSON,2025,2025-01-16,748,Prop Damage (over),0,0,2,Vehicle in Transport,REAR-END,Clear,Daylight,Automatic,-86.70352748749842,36.0122986029027
338828,19SR011001,400208556,DAVIDSON,2025,2025-01-16,1725,Prop Damage (over),0,0,2,Vehicle in Transport,REAR-END,Clear,Dark-Lighted,Automatic,-86.76859805703972,36.20586445269762
340967,19SR155001,400209105,DAVIDSON,2025,2025-01-16,1652,Prop Damage (over),0,0,2,Vehicle in Transport,"SIDESWIPE, SAME DIR",Clear,Daylight,Automatic,-86.68947889802793,36.16336776301789
341557,19SR254001,400208643,DAVIDSON,2025,2025-01-16,1928,Prop Damage (over),0,0,2,Vehicle in Transport,REAR-END,Clear,Dark-Not Lighted,Automatic,-86.9044102623534,36.061916365519664
381890,1901011001,400208297,DAVIDSON,2025,2025-01-16,918,Suspected Minor Injury,0,1,2,Vehicle in Transport,ANGLE,Clear,Daylight,Automatic,-86.62499793239968,36.15227354539486
382015,1901395001,400208435,DAVIDSON,2025,2025-01-16,1443,Suspected Minor Injury,0,1,2,Vehicle in Transport,"SIDESWIPE, SAME DIR",Clear,Daylight,Automatic,-86.62713985143905,36.155100494692206
382471,1903246001,400208374,DAVIDSON,2025,2025-01-16,0,Prop Damage (over),0,0,2,Vehicle in Transport,"SIDESWIPE, SAME DIR",Clear,Daylight,Automatic,-86.7711052730721,36.15558256069878
383337,1903262001,400208638,DAVIDSON,2025,2025-01-16,2107,Prop Damage (over),0,0,2,Vehicle in Transport,ANGLE,Clear,Dark-Lighted,Automatic,-86.78402130201671,36.173970601623765
384077,1904169001,400208208,DAVIDSON,2025,2025-01-16,530,Suspected Minor Injury,0,1,2,Vehicle in Transport,ANGLE,Clear,Dark-Lighted,Automatic,-86.65052339526385,36.044076195245104
384369,1904451001,400208408,DAVIDSON,2025,2025-01-16,1323,Prop Damage (over),0,0,2,Vehicle in Transport,ANGLE,Clear,Daylight,Automatic,-86.70108909569554,36.32352092562963
384708,1904896001,400208300,DAVIDSON,2025,2025-01-16,844,Prop Damage (over),0,0,2,Vehicle in Transport,ANGLE,Clear,Daylight,Automatic,-86.92597831298463,36.07567162055864
384764,1904906001,400208607,DAVIDSON,2025,2025-01-16,1820,Prop Damage (over),0,0,2,Vehicle in Transport,ANGLE,Clear,Dark-Lighted,Automatic,-86.86728149728243,36.15677156855953
385001,1904930001,400208609,DAVIDSON,2025,2025-01-16,1755,Possible Injury,0,1,2,Vehicle in Transport,ANGLE,Clear,Dark-Lighted,Automatic,-86.70526910853681,36.29448986279544
385785,190A541001,400208657,DAVIDSON,2025,2025-01-16,1804,Prop Damage (over),0,0,2,Vehicle in Transport,ANGLE,Clear,Dark-Not Lighted,Automatic,-86.70339310597606,36.262876792455664
387410,19SR001001,400208474,DAVIDSON,2025,2025-01-16,1548,Suspected Minor Injury,0,2,2,Vehicle in Transport,ANGLE,Clear,Daylight,Automatic,-86.78750931202521,36.15661056395169
388359,19SR001001,400208431,DAVIDSON,2025,2025-01-16,1429,Suspected Minor Injury,0,4,2,Vehicle in Transport,ANGLE,Clear,Daylight,Automatic,-86.58840485808373,36.02641626616673
388905,19SR006001,400208613,DAVIDSON,2025,2025-01-16,1651,Suspected Minor Injury,0,1,2,Vehicle in Transport,ANGLE,Clear,Daylight,Automatic,-86.7125391284545,36.261261789754
391081,19SR024001,400208545,DAVIDSON,2025,2025-01-16,1743,Suspected Minor Injury,0,1,1,Pedestrian,NO COLLISION W/ VEHICLE,Clear,Dark-Lighted,Automatic,-86.76335625576372,36.15487755849571
393064,19SR254001,400208549,DAVIDSON,2025,2025-01-16,1423,Prop Damage (over),0,0,2,Vehicle in Transport,ANGLE,Clear,Daylight,Automatic,-86.80085535221704,36.03816230459447
393164,19SR254001,400208286,DAVIDSON,2025,2025-01-16,845,Prop Damage (over),0,0,2,Vehicle in Transport,ANGLE,Clear,Daylight,Automatic,-86.7761672950113,36.041116309492224
415419,1903257001,400208215,DAVIDSON,2025,2025-01-16,558,Prop Damage (over),0,0,2,Vehicle in Transport,ANGLE,Clear,Dark-Lighted,Automatic,-86.85416346655285,36.16534758640727
416777,19SR006001,400208619,DAVIDSON,2025,2025-01-16,1919,Prop Damage (over),0,0,2,Vehicle in Transport,ANGLE,Clear,Dark-Lighted,Automatic,-86.77201527994039,36.09874743603428
427453,1904885001,400208246,DAVIDSON,2025,2025-01-16,653,Prop Damage (under),0,0,2,Vehicle in Transport,REAR-END,Clear,Daylight,Automatic,-86.75914425222221,36.07340137968593
429586,19SR155001,400208452,DAVIDSON,2025,2025-01-16,1450,Suspected Minor Injury,0,1,2,Vehicle in Transport,ANGLE,Clear,Daylight,Automatic,-86.85791747675864,36.14841054953779
429890,19SR255001,400208639,DAVIDSON,2025,2025-01-16,0,Prop Damage (over),0,0,2,Vehicle in Transport,REAR-END,Clear,Dark-Lighted,Automatic,-86.69222509483164,36.08742540652
439570,19SR254001,400208618,DAVIDSON,2025,2025-01-16,1744,Prop Damage (over),0,0,2,Vehicle in Transport,REAR-END,Clear,Dark-Lighted,Automatic,-86.65786113878038,36.04597499520826
444174,1904170001,400208606,DAVIDSON,2025,2025-01-16,1905,Possible Injury,0,1,2,Vehicle in Transport,REAR-END,Clear,Dark-Lighted,Automatic,-86.69045145161988,36.06910768916632
452413,19SR012001,400208466,DAVIDSON,2025,2025-01-16,1445,Prop Damage (over),0,0,2,Vehicle in Transport,ANGLE,Clear,Daylight,Automatic,-86.8290674057832,36.192400759128255
457647,19SR106001,400208444,DAVIDSON,2025,2025-01-16,1444,Suspected Minor Injury,0,1,3,Vehicle in Transport,REAR-END,Clear,Daylight,Automatic,-86.80798359144084,36.12066875132931
460361,1903248001,400208552,DAVIDSON,2025,2025-01-16,1432,Prop Damage (under),0,0,2,--,--,--,--,Automatic,-86.80286335242211,36.08934841657244
460809,1904435001,400208306,DAVIDSON,2025,2025-01-16,930,Prop Damage (under),0,0,2,--,--,--,--,Automatic,-86.82129345644245,36.16965819447822
461131,190A301001,400208307,DAVIDSON,2025,2025-01-16,820,Prop Damage (under),0,0,2,--,--,--,--,Automatic,-86.85917633523871,36.36894451218393
462592,19I0040001,400208575,DAVIDSON,2025,2025-01-16,1625,Prop Damage (under),0,0,2,--,--,--,--,Automatic,-86.77556318696136,36.14866793547077
463594,19SR006001,400208289,DAVIDSON,2025,2025-01-16,810,Prop Damage (under),0,0,2,--,--,--,--,Automatic,-86.77543671138204,36.12144232145102
463614,19SR006001,400208553,DAVIDSON,2025,2025-01-16,1733,Prop Damage (under),0,0,2,--,--,--,--,Automatic,-86.77840143488238,36.13885524020147
464873,19SR253001,400208608,DAVIDSON,2025,2025-01-16,1821,Prop Damage (under),0,0,2,--,--,--,--,Automatic,-86.69012564790819,35.99662168996015
194564,1901017001,400208043,DAVIDSON,2025,2025-01-15,1755,Possible Injury,0,2,3,Vehicle in Transport,REAR-END,Clear,Dark-Lighted,Automatic,-86.69560909930583,36.29307293254293
195652,1903252001,400208077,DAVIDSON,2025,2025-01-15,1748,Suspected Minor Injury,0,1,4,Vehicle in Transport,HEAD-ON,Clear,Dark-Lighted,Automatic,-86.74435314417762,36.19272168852513
195726,1903252001,400207959,DAVIDSON,2025,2025-01-15,1455,Possible Injury,0,1,2,Vehicle in Transport in other Roadway,ANGLE,Clear,Daylight,Automatic,-86.74061622749221,36.199629741752624
196835,1903269001,400208061,DAVIDSON,2025,2025-01-15,1645,Prop Damage (over),0,0,2,Vehicle in Transport,"SIDESWIPE, SAME DIR",Clear,Unknown,Automatic,-86.74217184934874,36.1542767902088
197365,1903292001,400208085,DAVIDSON,2025,2025-01-15,1849,Prop Damage (over),0,0,2,Vehicle in Transport,HEAD-ON,Clear,Dark-Lighted,Automatic,-86.64444139900353,36.16054093133125
199170,1904892001,400208150,DAVIDSON,2025,2025-01-15,1535,Prop Damage (over),0,0,2,Vehicle in Transport,ANGLE,Clear,Daylight,Automatic,-86.81459653722035,36.10604370896628
201369,1905344001,400208154,DAVIDSON,2025,2025-01-15,0,Prop Damage (over),0,0,2,Vehicle in Transport,"SIDESWIPE, SAME DIR",Clear,Dark-Lighted,Automatic,-86.77686831455117,36.16291080552554
204298,190D611001,400207939,DAVIDSON,2025,2025-01-15,1423,Prop Damage (over),0,0,2,Vehicle in Transport in other Roadway,HEAD-ON,Clear,Daylight,Automatic,-86.77797139725536,36.20561464622458
204938,190E263001,400207721,DAVIDSON,2025,2025-01-15,57,Prop Damage (over),0,0,2,Vehicle in Transport,HEAD-ON,Clear,Dark-Lighted,Automatic,-86.77718709115327,36.161045158930754
206859,19I0024001,400207767,DAVIDSON,2025,2025-01-15,615,Suspected Minor Injury,0,2,7,Vehicle in Transport,REAR-END,Clear,Dawn,Automatic,-86.84499680910413,36.318472352206015
211836,19I0040001,400207861,DAVIDSON,2025,2025-01-15,637,Prop Damage (over),0,0,2,Vehicle in Transport,"SIDESWIPE, SAME DIR",Clear,Daylight,Automatic,-86.99782112081053,36.077651146451714
212493,19I0040001,400208164,DAVIDSON,2025,2025-01-15,2230,Suspected Serious Injury,0,1,2,Vehicle in Transport,"SIDESWIPE, SAME DIR",Clear,Dark-Lighted,Automatic,-86.8312212107589,36.1547065184826
215070,19I0040001,400207831,DAVIDSON,2025,2025-01-15,910,Prop Damage (over),0,0,2,Vehicle in Transport,"SIDESWIPE, SAME DIR",Clear,Daylight,Automatic,-86.7087610319666,36.142457966790126
215356,19I0040001,400209014,DAVIDSON,2025,2025-01-15,1309,Prop Damage (over),0,0,2,Vehicle in Transport,REAR-END,Clear,Daylight,Automatic,-86.69491470516328,36.14423013680315
216958,19I0065001,400208044,DAVIDSON,2025,2025-01-15,1700,Prop Damage (under),0,0,2,Vehicle in Transport,"SIDESWIPE, SAME DIR",Clear,Dark-Lighted,Automatic,-86.77384479927855,36.13137851178911
219490,19I0440001,400207827,DAVIDSON,2025,2025-01-15,750,Prop Damage (over),0,0,2,Vehicle in Transport,"SIDESWIPE, SAME DIR",Clear,Daylight,Automatic,-86.82278285497407,36.14279874894997
219532,19I0440001,400208042,DAVIDSON,2025,2025-01-15,1711,Prop Damage (over),0,0,3,Vehicle in Transport,REAR-END,Clear,Dark-Lighted,Automatic,-86.81619672995365,36.12871032641176
219534,19I0440001,400208033,DAVIDSON,2025,2025-01-15,1711,Prop Damage (over),0,0,2,Vehicle in Transport,REAR-END,Clear,Dark-Lighted,Automatic,-86.81595475677588,36.12834334045476
220687,19SR001001,400208066,DAVIDSON,2025,2025-01-15,1820,Prop Damage (over),0,0,2,Vehicle in Transport,"SIDESWIPE, SAME DIR",Clear,Dark-Lighted,Automatic,-86.77722758966316,36.15389278312791
221269,19SR001001,400207956,DAVIDSON,2025,2025-01-15,0,Prop Damage (over),0,0,4,Vehicle in Transport,REAR-END,Clear,Daylight,Automatic,-86.70196941109343,36.11953880591993
221937,19SR001001,400208059,DAVIDSON,2025,2025-01-15,1715,Suspected Minor Injury,0,1,2,Vehicle in Transport,REAR-END,Clear,Dark-Lighted,Automatic,-86.6409205650328,36.076717686590015
223001,19SR001001,400208131,DAVIDSON,2025,2025-01-15,1820,Prop Damage (over),0,0,2,Vehicle in Transport,REAR-END,Clear,Dark-Not Lighted,Automatic,-86.58848653866649,36.02649194762227
227772,19SR024001,400208040,DAVIDSON,2025,2025-01-15,1725,Prop Damage (over),0,0,2,Vehicle in Transport,REAR-END,Clear,Dark-Lighted,Automatic,-86.84279071640502,36.15215875994851
228002,19SR024001,400208174,DAVIDSON,2025,2025-01-15,2358,Suspected Minor Injury,0,1,3,Vehicle in Transport,ANGLE,Clear,Dark-Lighted,Automatic,-86.7915823211446,36.15793256706244
229106,19SR045001,400208111,DAVIDSON,2025,2025-01-15,1834,Prop Damage (over),0,0,2,Vehicle in Transport,REAR-END,Clear,Dark-Lighted,Automatic,-86.71714163800674,36.263659295012005
229514,19SR045001,400208027,DAVIDSON,2025,2025-01-15,1646,Possible Injury,0,1,2,Vehicle in Transport,REAR-END,Clear,Dusk,Automatic,-86.62046403049636,36.1990094539711
230692,19SR112001,400208013,DAVIDSON,2025,2025-01-15,1634,Suspected Minor Injury,0,1,2,Vehicle in Transport,ANGLE,Clear,Daylight,Automatic,-86.8380962439384,36.19854788818751
232533,19SR171001,400207954,DAVIDSON,2025,2025-01-15,1425,Possible Injury,0,3,2,Vehicle in Transport,REAR-END,Clear,Daylight,Automatic,-86.58779568707229,36.06719952073794
233166,19SR254001,400208110,DAVIDSON,2025,2025-01-15,1833,Suspected Minor Injury,0,2,2,Vehicle in Transport,ANGLE,Clear,Dark-Not Lighted,Automatic,-86.75008273137858,36.04132670999114
233167,19SR254001,400207812,DAVIDSON,2025,2025-01-15,735,Prop Damage (over),0,0,2,Vehicle in Transport,ANGLE,Clear,Daylight,Automatic,-86.74973728441914,36.0414582541794
233423,19SR254001,400208125,DAVIDSON,2025,2025-01-15,0,Suspected Minor Injury,0,2,2,Vehicle in Transport,ANGLE,Clear,Dark-Lighted,Automatic,-86.71078283421866,36.04557844935879
233627,19SR254001,400208030,DAVIDSON,2025,2025-01-15,1530,Possible Injury,0,2,2,Pedestrian,NO COLLISION W/ VEHICLE,Clear,Daylight,Automatic,-86.67897055449494,36.04678250963351
233755,19SR254001,400208028,DAVIDSON,2025,2025-01-15,1720,Prop Damage (over),0,0,2,Vehicle in Transport,ANGLE,Clear,Dark-Lighted,Automatic,-86.6683834504291,36.04482558437426
235368,19SR265001,400207844,DAVIDSON,2025,2025-01-15,804,Prop Damage (under),0,0,2,Vehicle in Transport,REAR-END,Clear,Daylight,Automatic,-86.5994402312,36.17253352374784
295479,190B574001,400208238,DAVIDSON,2025,2025-01-15,1659,Prop Damage (over),0,0,2,Parked Motor Vehicle,"SIDESWIPE, SAME DIR",Clear,Dusk,Automatic,-86.70469624735355,36.16047167188226
295540,190B763001,400208157,DAVIDSON,2025,2025-01-15,2245,Suspected Minor Injury,0,1,2,Parked Motor Vehicle,ANGLE,Clear,Dark-Lighted,Automatic,-86.66635287481287,36.06497000715125
297924,19SR024001,400207896,DAVIDSON,2025,2025-01-15,1218,Prop Damage (over),0,0,1,Utility Pole,NO COLLISION W/ VEHICLE,Clear,Daylight,Automatic,-86.83260088185845,36.15250051045591
298305,19SR171001,400207860,DAVIDSON,2025,2025-01-15,1041,Suspected Minor Injury,0,1,1,Utility Pole,NO COLLISION W/ VEHICLE,Clear,Daylight,Automatic,-86.61704143726963,36.02082956496454
314452,190E210001,400208137,DAVIDSON,2025,2025-01-15,2113,Prop Damage (over),0,0,1,Other Fixed Object,NO COLLISION W/ VEHICLE,Clear,Dark-Not Lighted,Automatic,-86.77245579964213,36.16448559186553
318956,1903243001,400208018,DAVIDSON,2025,2025-01-15,1634,Prop Damage (under),0,0,2,Parked Motor Vehicle,REAR-END,Clear,Daylight,Automatic,-86.77718507700497,36.16273785388536
318962,1903248001,400208000,DAVIDSON,2025,2025-01-15,1639,Prop Damage (over),0,0,1,Utility Pole,NO COLLISION W/ VEHICLE,Clear,Daylight,Automatic,-86.78880694983846,36.13039890350705
320821,1903248001,400207863,DAVIDSON,2025,2025-01-15,1010,Prop Damage (over),0,0,2,Parked Motor Vehicle,"SIDESWIPE, SAME DIR",Clear,Daylight,Automatic,-86.78882864161257,36.133850739000685
328092,190B608001,400208135,DAVIDSON,2025,2025-01-15,0,Prop Damage (over),0,0,2,Vehicle in Transport,ANGLE,Clear,Dark-Lighted,Automatic,-86.69776899548543,36.15027403592455
328284,190B949001,400208084,DAVIDSON,2025,2025-01-15,1638,Prop Damage (over),0,0,2,Vehicle in Transport,"SIDESWIPE, SAME DIR",Clear,Dusk,Automatic,-86.70594483217718,36.03058359307645
329813,190F338001,400207974,DAVIDSON,2025,2025-01-15,1328,Prop Damage (over),0,0,2,Parked Motor Vehicle,"SIDESWIPE, SAME DIR",Clear,Daylight,Automatic,-86.8156983072611,36.14942175121549
330400,190H099001,400207833,DAVIDSON,2025,2025-01-15,816,Prop Damage (over),0,0,2,Vehicle in Transport,ANGLE,Clear,Daylight,Automatic,-86.70108456740556,36.016080378372
332770,19I0040001,400208421,DAVIDSON,2025,2025-01-15,633,Prop Damage (over),0,0,2,Vehicle in Transport,REAR-END,Cloudy,Daylight,Automatic,-86.99377744444291,36.07783596346875
333813,19I0040001,400208146,DAVIDSON,2025,2025-01-15,1755,Prop Damage (over),0,0,2,Vehicle in Transport,"SIDESWIPE, SAME DIR",Clear,Dark-Lighted,Automatic,-86.7471540104341,36.14924269273041
333929,19I0040001,400207951,DAVIDSON,2025,2025-01-15,1430,Prop Damage (over),0,0,2,Vehicle in Transport,REAR-END,Clear,Daylight,Automatic,-86.74363927159796,36.147068370674944
335092,19I0065001,400207949,DAVIDSON,2025,2025-01-15,1351,Prop Damage (over),0,0,2,Vehicle in Transport,"SIDESWIPE, SAME DIR",Clear,Daylight,Automatic,-86.77672632906079,36.142235466937855
335452,19I0065001,400208050,DAVIDSON,2025,2025-01-15,1745,Prop Damage (over),0,0,2,Vehicle in Transport,"SIDESWIPE, SAME DIR",Clear,Dark-Lighted,Automatic,-86.77658060670879,36.20215871840559
335515,19I0065001,400207717,DAVIDSON,2025,2025-01-15,0,Prop Damage (over),0,0,2,Vehicle in Transport,"SIDESWIPE, SAME DIR",Clear,Dark-Lighted,Automatic,-86.77641712708837,36.20507125496069
335638,19I0065001,400208980,DAVIDSON,2025,2025-01-15,942,Prop Damage (over),0,0,2,Vehicle in Transport,REAR-END,Clear,Daylight,Automatic,-86.77504153848297,36.216216669132926
336275,19I0440001,400207924,DAVIDSON,2025,2025-01-15,1302,Prop Damage (over),0,0,2,Vehicle in Transport,"SIDESWIPE, SAME DIR",Clear,Daylight,Automatic,-86.77993988519317,36.11577431065746
339449,19SR024001,400207907,DAVIDSON,2025,2025-01-15,0,Prop Damage (over),0,0,1,Utility Pole,NO COLLISION W/ VEHICLE,Clear,Daylight,Automatic,-86.83288479039338,36.1524897196486
340655,19SR106001,400207893,DAVIDSON,2025,2025-01-15,1140,Prop Damage (over),0,0,2,Vehicle in Transport,"SIDESWIPE, SAME DIR",Clear,Daylight,Automatic,-86.79941110852529,36.1469151776129
342144,19SR255001,400207990,DAVIDSON,2025,2025-01-15,1512,Prop Damage (over),0,0,3,Vehicle in Transport,ANGLE,Clear,Daylight,Automatic,-86.74523934589482,36.07860534186991
342297,19SR255001,400207906,DAVIDSON,2025,2025-01-15,1248,Prop Damage (over),0,0,2,Vehicle in Transport,ANGLE,Clear,Daylight,Automatic,-86.69462083409655,36.086769449336735
381826,1901011001,400208145,DAVIDSON,2025,2025-01-15,1837,Suspected Minor Injury,0,1,2,Vehicle in Transport,ANGLE,Clear,Dark-Not Lighted,Automatic,-86.63022694839574,36.11206945756226
385107,1904939001,400207905,DAVIDSON,2025,2025-01-15,1240,Possible Injury,0,1,1,Pedestrian,NO COLLISION W/ VEHICLE,Clear,Daylight,Automatic,-86.74500020971793,36.18347362044271
387204,19SR001001,400207941,DAVIDSON,2025,2025-01-15,1418,Prop Damage (under),0,0,2,Vehicle in Transport,ANGLE,Clear,Daylight,Automatic,-86.80643635627018,36.14789054607046
387488,19SR001001,400207763,DAVIDSON,2025,2025-01-15,720,Prop Damage (under),0,0,2,Vehicle in Transport,ANGLE,Clear,Daylight,Automatic,-86.7794262928898,36.15453055862358
391143,19SR024001,400207972,DAVIDSON,2025,2025-01-15,1504,Suspected Minor Injury,0,2,3,Vehicle in Transport,ANGLE,Clear,Daylight,Automatic,-86.72155915815496,36.15369155387828
391591,19SR045001,400208032,DAVIDSON,2025,2025-01-15,1745,Prop Damage (over),0,0,2,Vehicle in Transport,ANGLE,Clear,Dark-Lighted,Automatic,-86.73224717424493,36.26449679763508
392287,19SR106001,400208076,DAVIDSON,2025,2025-01-15,1850,Suspected Minor Injury,0,2,2,Vehicle in Transport,ANGLE,Clear,Dark-Lighted,Automatic,-86.82345739967845,36.09746543572177
393180,19SR254001,400207801,DAVIDSON,2025,2025-01-15,639,Suspected Minor Injury,0,1,3,Vehicle in Transport,ANGLE,Clear,Daylight,Automatic,-86.77343528798103,36.04082830835355
393216,19SR254001,400207976,DAVIDSON,2025,2025-01-15,1515,Suspected Minor Injury,0,1,2,Vehicle in Transport,ANGLE,Clear,Daylight,Automatic,-86.76269726323267,36.039723305312094
393262,19SR254001,400207853,DAVIDSON,2025,2025-01-15,915,Prop Damage (over),0,0,2,Vehicle in Transport,ANGLE,Clear,Daylight,Automatic,-86.73093518972446,36.03869230143991
393660,19SR254001,400207783,DAVIDSON,2025,2025-01-15,647,Suspected Minor Injury,0,1,2,Vehicle in Transport,ANGLE,Clear,Daylight,Automatic,-86.63729696924163,36.06335635094793
393774,19SR255001,400208038,DAVIDSON,2025,2025-01-15,1734,Prop Damage (over),0,0,2,Vehicle in Transport,"SIDESWIPE, SAME DIR",Clear,Dusk,Automatic,-86.75832424950048,36.08107139586829
416092,190B878001,400207794,DAVIDSON,2025,2025-01-15,739,Prop Damage (over),0,0,2,Vehicle in Transport,ANGLE,Clear,Daylight,Automatic,-86.68436907918026,36.063721354121824
417579,19SR024001,400207769,DAVIDSON,2025,2025-01-15,654,Prop Damage (over),0,0,2,Vehicle in Transport,REAR-END,Clear,Daylight,Automatic,-86.60461288010329,36.214618681067456
427454,1904885001,400207880,DAVIDSON,2025,2025-01-15,947,Possible Injury,0,1,2,Vehicle in Transport,REAR-END,Clear,Daylight,Automatic,-86.75540324251784,36.08521240513756
428574,19SR006001,400208142,DAVIDSON,2025,2025-01-15,0,Suspected Minor Injury,0,1,2,Vehicle in Transport,REAR-END,Clear,Dark-Lighted,Automatic,-86.68155605131268,36.30861989214954
428749,19SR011001,400208004,DAVIDSON,2025,2025-01-15,0,Prop Damage (over),0,0,2,Vehicle in Transport,"SIDESWIPE, SAME DIR",Clear,Dark-Not Lighted,Automatic,-86.75790535603461,36.132935685906624
429590,19SR155001,400207937,DAVIDSON,2025,2025-01-15,1350,Prop Damage (over),0,0,2,Vehicle in Transport,ANGLE,Clear,Daylight,Automatic,-86.85777547650456,36.13780952584432
429949,19SR265001,400208152,DAVIDSON,2025,2025-01-15,2113,Prop Damage (over),0,0,2,Vehicle in Transport,REAR-END,Clear,Dark-Lighted,Automatic,-86.5951428609739,36.17251558846798
438225,1904898001,400207732,DAVIDSON,2025,2025-01-15,229,Prop Damage (over),0,0,1,Mail Box,NO COLLISION W/ VEHICLE,Clear,Dark-Lighted,Automatic,-86.8884135506912,36.1122324716296
438640,1903268001,400208006,DAVIDSON,2025,2025-01-15,1518,Prop Damage (over),0,0,1,Traffic Signal Support,NO COLLISION W/ VEHICLE,Clear,Daylight,Automatic,-86.77772468350696,36.20783914507735
439388,19SR045001,400208054,DAVIDSON,2025,2025-01-15,1800,Prop Damage (over),0,0,2,Vehicle in Transport,ANGLE,Clear,Dark-Lighted,Automatic,-86.73224717424493,36.26449679763508
445451,19SR012001,400208070,DAVIDSON,2025,2025-01-15,1839,Suspected Minor Injury,0,1,2,Vehicle in Transport,REAR-END,Clear,Dark-Lighted,Automatic,-86.87289914675434,36.21013013423705
445611,19SR065001,400207940,DAVIDSON,2025,2025-01-15,1410,Suspected Minor Injury,0,2,2,Vehicle in Transport,REAR-END,Clear,Daylight,Automatic,-86.86879977128923,36.3256205050328
457320,19SR011001,400207892,DAVIDSON,2025,2025-01-15,1155,Prop Damage (over),0,0,2,Vehicle in Transport,REAR-END,Clear,Daylight,Automatic,-86.71035499975106,36.02033593199304
461870,190F692001,400207922,DAVIDSON,2025,2025-01-15,1025,Prop Damage (under),0,0,2,--,--,--,--,Automatic,-86.77175215020473,36.14135345646103
462525,19I0040001,400208139,DAVIDSON,2025,2025-01-15,1740,Prop Damage (under),0,0,2,--,--,--,--,Automatic,-86.7964552977925,36.16814833191311
462616,19I0040001,400208057,DAVIDSON,2025,2025-01-15,1713,Prop Damage (under),0,0,2,--,--,--,--,Automatic,-86.76931543509534,36.15114172122021
462842,19I0040001,400208053,DAVIDSON,2025,2025-01-15,1700,Prop Damage (under),0,0,2,--,--,--,--,Automatic,-86.66685099935425,36.14125293148668
198742,1904451001,400207407,DAVIDSON,2025,2025-01-14,1059,Possible Injury,0,1,2,Vehicle in Transport,"SIDESWIPE, SAME DIR",Clear,Daylight,Automatic,-86.6948751266914,36.30760302478453
199329,1904909001,400207575,DAVIDSON,2025,2025-01-14,1619,Suspected Minor Injury,0,1,2,Vehicle in Transport,REAR-END,Clear,Daylight,Automatic,-86.83085353778442,36.15733283124515
199938,1904932001,400207408,DAVIDSON,2025,2025-01-14,1110,Possible Injury,0,1,2,Vehicle in Transport,REAR-END,Clear,Daylight,Automatic,-86.73443618057314,36.24919776474232
200082,1904938001,400207697,DAVIDSON,2025,2025-01-14,1815,Possible Injury,0,1,2,Vehicle in Transport,REAR-END,Clear,Dark-Lighted,Automatic,-86.67969700705038,36.17049921206002
200120,1904939001,400207464,DAVIDSON,2025,2025-01-14,1232,Suspected Minor Injury,0,1,2,Vehicle in Transport,ANGLE,Clear,Daylight,Automatic,-86.74744447404474,36.183730363878304
201279,1905333001,400207628,DAVIDSON,2025,2025-01-14,1714,Suspected Minor Injury,0,1,3,Vehicle in Transport,REAR-END,Clear,Dark-Lighted,Automatic,-86.76916551007598,36.161853644015565
204866,190E237001,400207432,DAVIDSON,2025,2025-01-14,1155,Prop Damage (over),0,0,2,Vehicle in Transport,ANGLE,Clear,Daylight,Automatic,-86.7906738597354,36.17407008889643
205607,190F346001,400207707,DAVIDSON,2025,2025-01-14,2303,Prop Damage (under),0,0,2,Vehicle in Transport,"SIDESWIPE, SAME DIR",Clear,Dark-Lighted,Automatic,-86.79616792866968,36.1505937625751
205862,190F619001,400207321,DAVIDSON,2025,2025-01-14,753,Possible Injury,0,1,2,Vehicle in Transport,ANGLE,Clear,Daylight,Automatic,-86.75384681821396,36.14609427475448
206253,190G561001,400207643,DAVIDSON,2025,2025-01-14,2000,Suspected Minor Injury,0,3,2,Vehicle in Transport,ANGLE,Clear,Dark-Lighted,Automatic,-86.61476385796834,36.050404366827664
207113,19I0024001,400207456,DAVIDSON,2025,2025-01-14,552,Possible Injury,0,1,2,Vehicle in Transport,REAR-END,Clear,Dawn,Automatic,-86.80567981834727,36.28250444417325
207977,19I0024001,400207272,DAVIDSON,2025,2025-01-14,456,Prop Damage (over),0,0,4,Vehicle in Transport,REAR-END,Clear,Dark-Lighted,Automatic,-86.76495957226444,36.166580331604976
208267,19I0024001,400207303,DAVIDSON,2025,2025-01-14,724,Suspected Minor Injury,0,1,2,Vehicle in Transport,REAR-END,Clear,Daylight,Automatic,-86.76084388788071,36.161776971863446
208450,19I0024001,400207302,DAVIDSON,2025,2025-01-14,725,Prop Damage (over),0,0,2,Vehicle in Transport,REAR-END,Clear,Daylight,Automatic,-86.76036874163069,36.15682470275463
208813,19I0024001,400207608,DAVIDSON,2025,2025-01-14,1805,Suspected Minor Injury,0,1,2,Vehicle in Transport,REAR-END,Clear,Dark-Not Lighted,Automatic,-86.72711317002573,36.13263983257305
209322,19I0024001,400207676,DAVIDSON,2025,2025-01-14,2040,Prop Damage (over),0,0,2,Vehicle in Transport,"SIDESWIPE, SAME DIR",Clear,Dark-Lighted,Automatic,-86.72076682228935,36.10821291409111
209820,19I0024001,400207667,DAVIDSON,2025,2025-01-14,1700,Possible Injury,0,1,2,Vehicle in Transport,REAR-END,Clear,Dark-Lighted,Automatic,-86.70373655206875,36.09052235548336
210916,19I0024001,400207285,DAVIDSON,2025,2025-01-14,636,Suspected Minor Injury,0,1,2,Vehicle in Transport,REAR-END,Clear,Daylight,Automatic,-86.66224147749462,36.047121777182845
211973,19I0040001,400207324,DAVIDSON,2025,2025-01-14,700,Possible Injury,0,2,3,Vehicle in Transport,REAR-END,Clear,Daylight,Automatic,-86.9246918425238,36.10973834588758
213614,19I0040001,400207500,DAVIDSON,2025,2025-01-14,1415,Possible Injury,0,1,3,Vehicle in Transport,ANGLE,Clear,Daylight,Automatic,-86.75629944462493,36.153254507590994
214338,19I0040001,400207477,DAVIDSON,2025,2025-01-14,827,Prop Damage (over),0,0,3,Vehicle in Transport,ANGLE,Clear,Daylight,Automatic,-86.73583537135111,36.14246447925645
214831,19I0040001,400207322,DAVIDSON,2025,2025-01-14,800,Prop Damage (over),0,0,2,Vehicle in Transport,REAR-END,Clear,Daylight,Automatic,-86.71505087506618,36.14142501149012
214865,19I0040001,400207393,DAVIDSON,2025,2025-01-14,1010,Possible Injury,0,2,3,Vehicle in Transport,ANGLE,Clear,Daylight,Automatic,-86.71382444399282,36.14162642421162
214876,19I0040001,400207586,DAVIDSON,2025,2025-01-14,1717,Prop Damage (over),0,0,2,Vehicle in Transport,REAR-END,Clear,Dark-Lighted,Automatic,-86.71354411670237,36.14167246178659
214918,19I0040001,400207606,DAVIDSON,2025,2025-01-14,1800,Prop Damage (under),0,0,2,Vehicle in Transport,REAR-END,Clear,Dark-Lighted,Automatic,-86.71350907479496,36.141678216330725
218914,19I0065001,400207287,DAVIDSON,2025,2025-01-14,613,Suspected Minor Injury,0,2,2,Vehicle in Transport,"SIDESWIPE, OPP DIR",Clear,Dawn,Automatic,-86.73814797088431,36.26100854741966
219690,19I0440001,400207376,DAVIDSON,2025,2025-01-14,925,Prop Damage (over),0,0,2,Vehicle in Transport,REAR-END,Clear,Daylight,Automatic,-86.78480591155844,36.11592861770255
222949,19SR001001,400208011,DAVIDSON,2025,2025-01-14,2304,Fatal,1,0,1,Pedestrian,NO COLLISION W/ VEHICLE,Clear,Dark-Not Lighted,Automatic,-86.5939884510907,36.0314492469978
224451,19SR006001,400207634,DAVIDSON,2025,2025-01-14,1220,Prop Damage (over),0,0,2,Vehicle in Transport,"SIDESWIPE, SAME DIR",Clear,Daylight,Automatic,-86.69681972952232,36.29955658022385
225614,19SR011001,400207538,DAVIDSON,2025,2025-01-14,1501,Suspected Minor Injury,0,2,2,Vehicle in Transport,REAR-END,Clear,Daylight,Automatic,-86.73772869640081,36.09624380163748
232427,19SR171001,400207320,DAVIDSON,2025,2025-01-14,745,Prop Damage (under),0,0,2,Vehicle in Transport,ANGLE,Clear,Daylight,Automatic,-86.60879512223381,36.0415673355492
233597,19SR254001,400207299,DAVIDSON,2025,2025-01-14,706,Prop Damage (over),0,0,2,Vehicle in Transport,"SIDESWIPE, SAME DIR",Clear,Daylight,Automatic,-86.68340746076886,36.04651375549469
233912,19SR254001,400207629,DAVIDSON,2025,2025-01-14,1839,Prop Damage (over),0,0,2,Vehicle in Transport,REAR-END,Clear,Dark-Lighted,Automatic,-86.66212717523948,36.04479505603162
234983,19SR255001,400207428,DAVIDSON,2025,2025-01-14,1121,Prop Damage (over),0,0,2,Vehicle in Transport,ANGLE,Clear,Daylight,Automatic,-86.69194211538056,36.08755610506675
235292,19SR255001,400207397,DAVIDSON,2025,2025-01-14,1028,Suspected Minor Injury,0,2,2,Vehicle in Transport,REAR-END,Clear,Daylight,Automatic,-86.66528082081335,36.15469330343732
298095,19SR065001,400207289,DAVIDSON,2025,2025-01-14,635,Suspected Serious Injury,0,1,1,Ditch,NO COLLISION W/ VEHICLE,Clear,Daylight,Automatic,-86.8604565207119,36.3120656889708
313012,190D386001,400207396,DAVIDSON,2025,2025-01-14,0,Prop Damage (over),0,0,2,Parked Motor Vehicle,UNKNOWN,Unknown,Unknown,Automatic,-86.81182883523658,36.18752204115876
313333,19SR001001,400207578,DAVIDSON,2025,2025-01-14,1728,Suspected Minor Injury,0,1,1,Ditch,NO COLLISION W/ VEHICLE,Clear,Dark-Not Lighted,Automatic,-86.88772813004387,36.09143664192237
313970,1905333001,400207659,DAVIDSON,2025,2025-01-14,0,Prop Damage (over),0,0,1,Utility Pole,NO COLLISION W/ VEHICLE,Clear,Dark-Lighted,Automatic,-86.76737522220489,36.16543385979142
318110,19I0040001,400207240,DAVIDSON,2025,2025-01-14,28,Prop Damage (over),0,0,1,Concrete Traffic Barrier,NO COLLISION W/ VEHICLE,Clear,Dark-Lighted,Automatic,-86.69775320496977,36.1441558223074
319458,19SR006001,400207708,DAVIDSON,2025,2025-01-14,2328,Suspected Minor Injury,0,1,1,Guardrail Face,NO COLLISION W/ VEHICLE,Clear,Dark-Lighted,Automatic,-86.76573599381503,36.17365541805178
324407,1901011001,400207314,DAVIDSON,2025,2025-01-14,0,Prop Damage (over),0,0,2,Vehicle in Transport,REAR-END,Fog,Dark-Not Lighted,Automatic,-86.61307085679589,36.16347250188704
325655,1903287001,400207625,DAVIDSON,2025,2025-01-14,1751,Prop Damage (over),0,0,2,Vehicle in Transport,HEAD-ON,Clear,Dark-Not Lighted,Automatic,-86.60841701734658,36.195909328085904
328704,190D350001,400207535,DAVIDSON,2025,2025-01-14,1542,Prop Damage (over),0,0,2,Vehicle in Transport,"SIDESWIPE, SAME DIR",Clear,Daylight,Automatic,-86.81518786966932,36.17702216286851
330189,190F753001,400207627,DAVIDSON,2025,2025-01-14,1730,Prop Damage (over),0,0,2,Vehicle in Transport,REAR-END,Clear,Dusk,Automatic,-86.78067857936936,36.16152186935398
330682,19I0024001,400208787,DAVIDSON,2025,2025-01-14,829,Prop Damage (over),0,0,3,Vehicle in Transport,REAR-END,Clear,Daylight,Automatic,-86.84962525639094,36.31992095681828
330807,19I0024001,400207305,DAVIDSON,2025,2025-01-14,615,Prop Damage (over),0,0,2,Vehicle in Transport,REAR-END,Clear,Daylight,Automatic,-86.80594330986327,36.28276122838621
331206,19I0024001,400207367,DAVIDSON,2025,2025-01-14,845,Prop Damage (over),0,0,2,Vehicle in Transport,REAR-END,Clear,Daylight,Automatic,-86.76506556976555,36.1667486078001
331331,19I0024001,400207340,DAVIDSON,2025,2025-01-14,750,Prop Damage (over),0,0,2,Vehicle in Transport,"SIDESWIPE, SAME DIR",Clear,Daylight,Automatic,-86.76103656766469,36.1621515914241
331813,19I0024001,400206578,DAVIDSON,2025,2025-01-14,1541,Prop Damage (over),0,0,2,Vehicle in Transport,"SIDESWIPE, SAME DIR",Cloudy,Daylight,Automatic,-86.71866335881039,36.10606824045417
332516,19I0024001,400207701,DAVIDSON,2025,2025-01-14,1615,Prop Damage (over),0,0,2,Vehicle in Transport,REAR-END,Clear,Daylight,Automatic,-86.64686885414189,36.03791571727459
332887,19I0040001,400207671,DAVIDSON,2025,2025-01-14,2041,Prop Damage (over),0,0,2,Vehicle in Transport,"SIDESWIPE, SAME DIR",Clear,Dark-Not Lighted,Automatic,-86.8993135090775,36.129849329123886
335637,19I0065001,400207600,DAVIDSON,2025,2025-01-14,0,Prop Damage (over),0,0,2,Vehicle in Transport,"SIDESWIPE, SAME DIR",Clear,Dark-Lighted,Automatic,-86.77504153848297,36.216216669132926
336982,19SR001001,400207436,DAVIDSON,2025,2025-01-14,1032,Prop Damage (over),0,0,2,Vehicle in Transport,REAR-END,Clear,Daylight,Automatic,-86.71407479930933,36.128991703632856
338344,19SR011001,400207584,DAVIDSON,2025,2025-01-14,1539,Prop Damage (over),0,0,2,Vehicle in Transport,REAR-END,Clear,Dusk,Automatic,-86.68764425656963,35.99532163185147
342353,19SR255001,400207650,DAVIDSON,2025,2025-01-14,1540,Prop Damage (over),0,0,2,Vehicle in Transport,REAR-END,Clear,Daylight,Automatic,-86.68949293591164,36.0889515004505
385033,1904932001,400207660,DAVIDSON,2025,2025-01-14,1953,Suspected Minor Injury,0,1,2,Vehicle in Transport,ANGLE,Clear,Dark-Lighted,Automatic,-86.73443618057314,36.24919776474232
388548,19SR006001,400207604,DAVIDSON,2025,2025-01-14,1730,Prop Damage (over),0,0,2,Vehicle in Transport,REAR-END,Clear,Dark-Lighted,Automatic,-86.77905629326237,36.134234514195086
389577,19SR011001,400207675,DAVIDSON,2025,2025-01-14,1840,Suspected Serious Injury,0,1,3,Vehicle in Transport,ANGLE,Clear,Dark-Lighted,Automatic,-86.72634817521305,36.079583391304006
392249,19SR106001,400207276,DAVIDSON,2025,2025-01-14,530,Suspected Serious Injury,0,2,2,Vehicle in Transport,ANGLE,Clear,Dark-Not Lighted,Automatic,-86.86272249530664,36.04730732751377
393302,19SR254001,400207448,DAVIDSON,2025,2025-01-14,1042,Prop Damage (over),0,0,2,Vehicle in Transport,ANGLE,Clear,Daylight,Automatic,-86.71976516315922,36.04560231616757
415400,1903256001,400207371,DAVIDSON,2025,2025-01-14,710,Prop Damage (over),0,0,2,Vehicle in Transport,ANGLE,Clear,Daylight,Automatic,-86.80503635431621,36.13801452410001
416779,19SR006001,400207488,DAVIDSON,2025,2025-01-14,1320,Prop Damage (over),0,0,2,Vehicle in Transport,ANGLE,Clear,Daylight,Automatic,-86.77337913140882,36.11321540782054
417010,19SR011001,400207441,DAVIDSON,2025,2025-01-14,1220,Prop Damage (over),0,0,2,Vehicle in Transport,REAR-END,Clear,Daylight,Automatic,-86.6834950829112,35.99123219430759
429503,19SR112001,400207463,DAVIDSON,2025,2025-01-14,1252,Possible Injury,0,1,2,Vehicle in Transport,REAR-END,Clear,Daylight,Automatic,-86.83705442220304,36.21851770296286
439569,19SR254001,400207354,DAVIDSON,2025,2025-01-14,832,Prop Damage (over),0,0,2,Vehicle in Transport,REAR-END,Clear,Daylight,Automatic,-86.66156302690585,36.04476431104796
444456,19I0024001,400207388,DAVIDSON,2025,2025-01-14,739,Suspected Minor Injury,0,1,2,Vehicle in Transport,"SIDESWIPE, SAME DIR",Clear,Daylight,Automatic,-86.72371838171699,36.11285224037344
445796,19SR155001,400207327,DAVIDSON,2025,2025-01-14,814,Prop Damage (over),0,0,2,Vehicle in Transport,ANGLE,Clear,Daylight,Automatic,-86.85766614297347,36.15302954433318
449159,19I0024001,400207252,DAVIDSON,2025,2025-01-14,300,Prop Damage (over),0,0,2,Vehicle in Transport,"SIDESWIPE, SAME DIR",Clear,Dark-Lighted,Automatic,-86.77160977456043,36.17520169035076
449784,19SR155001,400207686,DAVIDSON,2025,2025-01-14,0,Prop Damage (over),0,0,2,Vehicle in Transport,ANGLE,Clear,Dark-Lighted,Automatic,-86.69067972409975,36.15211942564135
449842,19SR171001,400207344,DAVIDSON,2025,2025-01-14,820,Prop Damage (over),0,0,2,Vehicle in Transport,"SIDESWIPE, SAME DIR",Clear,Daylight,Automatic,-86.62016846147787,36.015528716787415
454405,19SR006001,400207551,DAVIDSON,2025,2025-01-14,1301,Prop Damage (over),0,0,2,Vehicle in Transport,REAR TO SIDE,Clear,Daylight,Automatic,-86.71147171162195,36.26430729734776
460436,1903252001,400207678,DAVIDSON,2025,2025-01-14,1930,Prop Damage (under),0,0,2,--,--,--,--,Automatic,-86.73258117888973,36.21163068213168
461151,190A459001,400207598,DAVIDSON,2025,2025-01-14,1544,Prop Damage (under),0,0,2,--,--,--,--,Automatic,-86.727144598448,36.26411243153482
462933,19I0065001,400207648,DAVIDSON,2025,2025-01-14,1807,Prop Damage (under),0,0,2,--,--,--,--,Automatic,-86.76806312988245,36.1067765333056
195388,1903251001,400207011,DAVIDSON,2025,2025-01-13,1208,Suspected Minor Injury,0,2,2,Vehicle in Transport,OTHER,Clear,Daylight,Automatic,-86.80794869379456,36.2069706382329
195510,1903252001,400206937,DAVIDSON,2025,2025-01-13,840,Prop Damage (over),0,0,2,Vehicle in Transport,ANGLE,Clear,Daylight,Automatic,-86.75571710087466,36.17654517314201
208708,19I0024001,400206990,DAVIDSON,2025,2025-01-13,1005,Possible Injury,0,1,3,Vehicle in Transport,REAR-END,Clear,Daylight,Automatic,-86.72709284388036,36.13426638235868
208830,19I0024001,400206967,DAVIDSON,2025,2025-01-13,904,Possible Injury,0,1,4,Vehicle in Transport,REAR-END,Cloudy,Daylight,Automatic,-86.72711716322354,36.13232032788772
210065,19I0024001,400207126,DAVIDSON,2025,2025-01-13,1550,Prop Damage (under),0,0,2,Vehicle in Transport,REAR-END,Clear,Daylight,Automatic,-86.69776683671883,36.08211620389663
210439,19I0024001,400207233,DAVIDSON,2025,2025-01-13,2345,Suspected Minor Injury,0,1,2,Vehicle in Transport,REAR-END,Clear,Dark-Not Lighted,Automatic,-86.68543068583745,36.065312660509086
212219,19I0040001,400207045,DAVIDSON,2025,2025-01-13,1347,Prop Damage (over),0,0,2,Vehicle in Transport,REAR-END,Clear,Daylight,Automatic,-86.88287380980833,36.14323769128804
212958,19I0040001,400207187,DAVIDSON,2025,2025-01-13,1657,Prop Damage (over),0,0,2,Vehicle in Transport,REAR-END,Clear,Dusk,Automatic,-86.78872199513128,36.154804064824845
213814,19I0040001,400207084,DAVIDSON,2025,2025-01-13,1000,Prop Damage (over),0,0,3,Vehicle in Transport,ANGLE,Clear,Daylight,Automatic,-86.7494896785768,36.15046059666464
214096,19I0040001,400206938,DAVIDSON,2025,2025-01-13,805,Prop Damage (over),0,0,2,Vehicle in Transport,REAR-END,Clear,Daylight,Automatic,-86.74358245035724,36.14703225451875
214325,19I0040001,400206883,DAVIDSON,2025,2025-01-13,143,Suspected Minor Injury,0,3,4,Vehicle in Transport,ANGLE,Clear,Dark-Lighted,Automatic,-86.73638090754352,36.14275064756759
220302,19SR001001,400207221,DAVIDSON,2025,2025-01-13,2142,Suspected Minor Injury,0,1,2,Vehicle in Transport,ANGLE,Clear,Dark-Lighted,Automatic,-86.82343554310465,36.13530988172706
220679,19SR001001,400207224,DAVIDSON,2025,2025-01-13,1830,Prop Damage (over),0,0,2,Vehicle in Transport,HEAD-ON,Clear,Dark-Lighted,Automatic,-86.77917956599732,36.1546090998044
221534,19SR001001,400207127,DAVIDSON,2025,2025-01-13,1645,Possible Injury,0,1,2,Vehicle in Transport,REAR-END,Clear,Dusk,Automatic,-86.6660369050245,36.102946379784434
223064,19SR006001,400207106,DAVIDSON,2025,2025-01-13,1549,Suspected Minor Injury,0,1,3,Vehicle in Transport,ANGLE,Clear,Daylight,Automatic,-86.77189727025754,36.08695536117055
224541,19SR006001,400207185,DAVIDSON,2025,2025-01-13,1600,Prop Damage (over),0,0,2,Vehicle in Transport,ANGLE,Clear,Dusk,Automatic,-86.68631298766415,36.306462073211655
224883,19SR011001,400207174,DAVIDSON,2025,2025-01-13,1623,Suspected Serious Injury,0,3,2,Vehicle in Transport,ANGLE,Clear,Daylight,Automatic,-86.7136158124418,36.04867442902263
225628,19SR011001,400206999,DAVIDSON,2025,2025-01-13,0,Suspected Minor Injury,0,2,2,Vehicle in Transport,ANGLE,Clear,Daylight,Automatic,-86.7385112026582,36.09774643223044
226988,19SR012001,400206945,DAVIDSON,2025,2025-01-13,912,Possible Injury,0,2,2,Vehicle in Transport,REAR-END,Cloudy,Daylight,Automatic,-86.79829179537526,36.18587006478639
227226,19SR012001,400209269,DAVIDSON,2025,2025-01-13,1344,Suspected Minor Injury,0,2,2,Vehicle in Transport,ANGLE,Clear,Daylight,Automatic,-86.85154891526707,36.20406453167025
227860,19SR024001,400207102,DAVIDSON,2025,2025-01-13,1545,Prop Damage (over),0,0,2,Vehicle in Transport,HEAD-ON,Clear,Daylight,Automatic,-86.81669849049558,36.15428452874188
228021,19SR024001,400207115,DAVIDSON,2025,2025-01-13,1610,Suspected Minor Injury,0,1,3,Vehicle in Transport,REAR-END,Clear,Daylight,Automatic,-86.78168636906824,36.15907935531521
229611,19SR045001,400207183,DAVIDSON,2025,2025-01-13,1700,Prop Damage (over),0,0,2,Vehicle in Transport,ANGLE,Clear,Dark-Lighted,Automatic,-86.61055251068345,36.18341360121045
230008,19SR065001,400207074,DAVIDSON,2025,2025-01-13,1457,Prop Damage (over),0,0,2,Vehicle in Transport,REAR-END,Clear,Daylight,Automatic,-86.78886852280817,36.20831425109427
233255,19SR254001,400206935,DAVIDSON,2025,2025-01-13,717,Prop Damage (under),0,0,2,Vehicle in Transport,REAR-END,Clear,Daylight,Automatic,-86.72520237355606,36.04442499332331
233956,19SR254001,400206929,DAVIDSON,2025,2025-01-13,737,Prop Damage (over),0,0,2,Vehicle in Transport,"SIDESWIPE, SAME DIR",Clear,Daylight,Automatic,-86.66093937801021,36.04474579579679
314952,19SR011001,400207225,DAVIDSON,2025,2025-01-13,2143,Suspected Minor Injury,0,1,1,Fire Hydrant,NO COLLISION W/ VEHICLE,Clear,Dark-Lighted,Automatic,-86.7397167142521,36.10008834323924
318001,19I0024001,400209016,DAVIDSON,2025,2025-01-13,2026,Prop Damage (over),0,0,1,Ditch,NO COLLISION W/ VEHICLE,Clear,Dark-Not Lighted,Automatic,-86.80567981834727,36.28250444417325
319528,19SR100001,400206871,DAVIDSON,2025,2025-01-13,141,Suspected Minor Injury,0,1,1,Overturn,NO COLLISION W/ VEHICLE,Clear,Dark-Not Lighted,Automatic,-87.04483720574339,36.012924885484374
324227,1901002001,400206944,DAVIDSON,2025,2025-01-13,748,Prop Damage (over),0,0,2,Vehicle in Transport,REAR-END,Clear,Daylight,Automatic,-86.8588735038538,36.09584541825939
325691,1903289001,400207146,DAVIDSON,2025,2025-01-13,1719,Prop Damage (over),0,0,2,Vehicle in Transport,ANGLE,Clear,Dusk,Automatic,-86.74368022438885,36.040982183318505
330173,190F751001,400207119,DAVIDSON,2025,2025-01-13,0,Prop Damage (over),0,0,2,Vehicle in Transport,REAR-END,Clear,Daylight,Automatic,-86.7863186218267,36.14742635660141
331108,19I0024001,400207227,DAVIDSON,2025,2025-01-13,2207,Prop Damage (over),0,0,1,Other Object (not fixed),NO COLLISION W/ VEHICLE,Clear,Dark-Lighted,Automatic,-86.76877845924375,36.17206045507186
331112,19I0024001,400207229,DAVIDSON,2025,2025-01-13,2230,Prop Damage (over),0,0,1,Other Object (not fixed),NO COLLISION W/ VEHICLE,Clear,Dark-Lighted,Automatic,-86.768589238596,36.17186676026556
336253,19I0440001,400208999,DAVIDSON,2025,2025-01-13,1811,Prop Damage (over),0,0,2,Vehicle in Transport,REAR-END,Clear,Dark-Lighted,Automatic,-86.78908625626525,36.11606103096461
336376,19SR001001,400207132,DAVIDSON,2025,2025-01-13,1323,Prop Damage (over),0,0,2,Vehicle in Transport,REAR-END,Clear,Daylight,Automatic,-86.9544814556761,36.08004604934703
337868,19SR006001,400206912,DAVIDSON,2025,2025-01-13,725,Prop Damage (over),0,0,2,Vehicle in Transport,REAR-END,Clear,Daylight,Automatic,-86.75268105706323,36.19349108163637
338820,19SR011001,400206905,DAVIDSON,2025,2025-01-13,650,Prop Damage (over),0,0,2,Vehicle in Transport,REAR-END,Clear,Daylight,Automatic,-86.76979594062175,36.20051320779942
339130,19SR012001,400207199,DAVIDSON,2025,2025-01-13,600,Prop Damage (over),0,0,4,Vehicle in Transport,REAR-END,Clear,Daylight,Automatic,-86.80061380997216,36.19261158963168
339148,19SR012001,400206894,DAVIDSON,2025,2025-01-13,614,Prop Damage (over),0,0,2,Vehicle in Transport,"SIDESWIPE, SAME DIR",Clear,Dark-Lighted,Automatic,-86.82426812505449,36.18963592798142
340971,19SR155001,400207175,DAVIDSON,2025,2025-01-13,1751,Prop Damage (over),0,0,2,Vehicle in Transport,ANGLE,Clear,Dark-Lighted,Automatic,-86.6887907907654,36.164334002328985
341856,19SR254001,400207157,DAVIDSON,2025,2025-01-13,1821,Prop Damage (over),0,0,2,Vehicle in Transport,REAR-END,Clear,Dark-Lighted,Automatic,-86.67645986511536,36.04620350166168
341990,19SR254001,400207112,DAVIDSON,2025,2025-01-13,1505,Prop Damage (over),0,0,2,Vehicle in Transport,ANGLE,Clear,Daylight,Automatic,-86.6567901984223,36.04675830725044
385956,190B327001,400206913,DAVIDSON,2025,2025-01-13,640,Prop Damage (over),0,0,2,Vehicle in Transport,ANGLE,Clear,Daylight,Automatic,-86.66474803640334,36.02521826825472
388154,19SR001001,400206968,DAVIDSON,2025,2025-01-13,1000,Suspected Minor Injury,0,1,2,Vehicle in Transport,ANGLE,Cloudy,Daylight,Automatic,-86.63125795411149,36.06741835951662
416348,19SR001001,400207040,DAVIDSON,2025,2025-01-13,1240,Prop Damage (over),0,0,2,Vehicle in Transport,ANGLE,Clear,Daylight,Automatic,-86.95485002989291,36.08026840062499
429335,19SR045001,400207228,DAVIDSON,2025,2025-01-13,1753,Prop Damage (over),0,0,2,Vehicle in Transport,"SIDESWIPE, SAME DIR",Clear,Dark-Lighted,Automatic,-86.60127287634917,36.17020358323604
429348,19SR065001,400206933,DAVIDSON,2025,2025-01-13,750,Prop Damage (over),0,0,2,Vehicle in Transport,REAR-END,Cloudy,Dawn,Automatic,-86.77428933068106,36.20640060453223
438555,1903242001,400207173,DAVIDSON,2025,2025-01-13,1545,Prop Damage (over),0,0,2,Vehicle in Transport,"SIDESWIPE, SAME DIR",Clear,Daylight,Automatic,-86.78452730456921,36.16130957404126
445662,19SR155001,400207056,DAVIDSON,2025,2025-01-13,1329,Prop Damage (over),0,0,2,Vehicle in Transport,ANGLE,Clear,Daylight,Automatic,-86.7014068465248,36.11766440249168
455614,1904946001,400207168,DAVIDSON,2025,2025-01-13,1610,Suspected Minor Injury,0,3,2,Vehicle in Transport,ANGLE,Clear,Daylight,Automatic,-86.71905015501932,36.11740947367248
194042,1901008001,400206770,DAVIDSON,2025,2025-01-12,1530,Possible Injury,0,4,2,Vehicle in Transport,REAR-END,Clear,Daylight,Automatic,-86.62381050293111,35.99817475292538
195558,1903252001,400206721,DAVIDSON,2025,2025-01-12,1148,Prop Damage (over),0,0,2,Vehicle in Transport,ANGLE,Clear,Daylight,Automatic,-86.74942422086302,36.18133161575182
196051,1903255001,400206759,DAVIDSON,2025,2025-01-12,1313,Prop Damage (over),0,0,2,Vehicle in Transport,REAR-END,Clear,Daylight,Automatic,-86.82375177528594,36.1397944289389
201425,1905502001,400206800,DAVIDSON,2025,2025-01-12,1614,Prop Damage (over),0,0,2,Vehicle in Transport,"SIDESWIPE, OPP DIR",Clear,Daylight,Automatic,-86.60470948119006,36.21620565447875
204954,190E268001,400206757,DAVIDSON,2025,2025-01-12,1433,Possible Injury,0,1,1,Pedestrian,NO COLLISION W/ VEHICLE,Clear,Daylight,Automatic,-86.77430704730011,36.15901588569058
212855,19I0040001,400206626,DAVIDSON,2025,2025-01-12,220,Prop Damage (over),0,0,2,Vehicle in Transport,"SIDESWIPE, SAME DIR",Clear,Dark-Lighted,Automatic,-86.79352749693834,36.16218858349232
215409,19I0040001,400206692,DAVIDSON,2025,2025-01-12,942,Prop Damage (over),0,0,1,Fire/Explosion,NO COLLISION W/ VEHICLE,Clear,Daylight,Automatic,-86.69172312574156,36.14392413085901
222586,19SR001001,400206789,DAVIDSON,2025,2025-01-12,1730,Prop Damage (over),0,0,2,Vehicle in Transport,REAR-END,Clear,Dark-Lighted,Automatic,-86.61439626073805,36.05013132898185
226503,19SR011001,400206787,DAVIDSON,2025,2025-01-12,1600,Prop Damage (over),0,0,2,Vehicle in Transport,"SIDESWIPE, SAME DIR",Clear,Daylight,Automatic,-86.75652887152737,36.24414192561312
228019,19SR024001,400206829,DAVIDSON,2025,2025-01-12,2015,Prop Damage (over),0,0,2,Vehicle in Transport,REAR-END,Clear,Dark-Lighted,Automatic,-86.78972920146725,36.15565669033519
283985,190D455001,400206781,DAVIDSON,2025,2025-01-12,1600,Prop Damage (over),0,0,1,Earth Embankment,NO COLLISION W/ VEHICLE,Clear,Daylight,Automatic,-86.75354271397092,36.38182857545328
284032,190D867001,400206688,DAVIDSON,2025,2025-01-12,835,Prop Damage (over),0,0,1,Fence,NO COLLISION W/ VEHICLE,Clear,Daylight,Automatic,-86.71272513326062,36.20258647778489
296009,190D499001,400207845,DAVIDSON,2025,2025-01-12,0,Prop Damage (over),0,0,1,Mail Box,NO COLLISION W/ VEHICLE,Clear,--,Automatic,-86.76784578145933,36.24499120033903
314869,19SR001001,400206849,DAVIDSON,2025,2025-01-12,2220,Prop Damage (over),0,0,1,Ditch,NO COLLISION W/ VEHICLE,Clear,Dark-Not Lighted,Automatic,-86.99555865032391,36.091717692822
318057,19I0024001,400206645,DAVIDSON,2025,2025-01-12,526,Prop Damage (over),0,0,1,Guardrail Face,NO COLLISION W/ VEHICLE,Clear,Dark-Lighted,Automatic,-86.62732072319827,36.02037684327496
319149,190C377001,400206836,DAVIDSON,2025,2025-01-12,2120,Suspected Minor Injury,0,1,1,Standing Tree,NO COLLISION W/ VEHICLE,Clear,Dark-Lighted,Automatic,-86.69372186015363,36.084836710228814
319211,190E814001,400206669,DAVIDSON,2025,2025-01-12,158,Prop Damage (over),0,0,1,Standing Tree,NO COLLISION W/ VEHICLE,Snow,Dark-Lighted,Automatic,-86.66530314653923,36.07707785402312
321037,190F296001,400206778,DAVIDSON,2025,2025-01-12,1332,Prop Damage (over),0,0,2,Parked Motor Vehicle,"SIDESWIPE, OPP DIR",Clear,Daylight,Automatic,-86.85089718653715,36.14791337140485
330032,190F624001,400206851,DAVIDSON,2025,2025-01-12,2327,Prop Damage (over),0,0,2,Parked Motor Vehicle,REAR-END,Clear,Dark-Lighted,Automatic,-86.76099544044114,36.14954948440401
330502,190H927001,400206706,DAVIDSON,2025,2025-01-12,40,Prop Damage (over),0,0,2,Parked Motor Vehicle,REAR-END,Clear,Dark-Not Lighted,Automatic,-86.64868299473808,36.06993036615144
384504,1904876001,400206723,DAVIDSON,2025,2025-01-12,1208,Possible Injury,0,1,2,Vehicle in Transport,ANGLE,Clear,Daylight,Automatic,-86.59166085007455,36.20311465506228
385332,1904961001,400206671,DAVIDSON,2025,2025-01-12,737,Prop Damage (over),0,0,2,Vehicle in Transport,HEAD-ON,Clear,Daylight,Automatic,-86.64487698735395,36.06175334708766
386115,190B949001,400206872,DAVIDSON,2025,2025-01-12,2240,Suspected Minor Injury,0,1,2,Vehicle in Transport,REAR-END,Clear,Dark-Lighted,Automatic,-86.68197867803752,36.022782199577165
416032,190A265001,400206815,DAVIDSON,2025,2025-01-12,1859,Prop Damage (over),0,0,2,Vehicle in Transport,ANGLE,Clear,Dark-Lighted,Automatic,-86.71568013584829,36.2476397598311
428679,19SR011001,400206716,DAVIDSON,2025,2025-01-12,554,Possible Injury,0,1,2,Vehicle in Transport,REAR-END,Clear,Dawn,Automatic,-86.72634817521305,36.079583391304006
449865,19SR254001,400206699,DAVIDSON,2025,2025-01-12,1023,Prop Damage (over),0,0,2,Vehicle in Transport,REAR-END,Clear,Daylight,Automatic,-86.78111544089788,36.039857066616
464654,19SR106001,400206824,DAVIDSON,2025,2025-01-12,2040,Prop Damage (under),0,0,2,--,--,--,--,Automatic,-86.79634004054321,36.151159980559456
199019,1904883001,400206625,DAVIDSON,2025,2025-01-11,2248,Possible Injury,0,1,2,Vehicle in Transport,ANGLE,Clear,Dark-Lighted,Automatic,-86.79505033197707,36.120729485388026
199976,1904933001,400206593,DAVIDSON,2025,2025-01-11,1900,Prop Damage (over),0,0,2,Vehicle in Transport,"SIDESWIPE, OPP DIR",Clear,Dark-Lighted,Automatic,-86.7362909908749,36.24940157152321
200245,1904946001,400206561,DAVIDSON,2025,2025-01-11,1640,Suspected Minor Injury,0,2,6,Vehicle in Transport,ANGLE,Clear,Dusk,Automatic,-86.71934177048958,36.11604920599983
202419,190B123001,400206581,DAVIDSON,2025,2025-01-11,1917,Suspected Minor Injury,0,1,2,Vehicle in Transport,ANGLE,Clear,Dark-Not Lighted,Automatic,-86.60949090258157,36.08838940387626
203372,190B949001,400206683,DAVIDSON,2025,2025-01-11,0,Prop Damage (over),0,0,2,Vehicle in Transport,REAR-END,Unknown,Unknown,Automatic,-86.68242176597336,36.022827859277704
205274,190E683001,400206636,DAVIDSON,2025,2025-01-11,1900,Prop Damage (over),0,0,3,Vehicle in Transport,REAR-END,Clear,Dark-Not Lighted,Automatic,-86.692103120536,36.05609211080869
220758,19SR001001,400206562,DAVIDSON,2025,2025-01-11,1300,Prop Damage (over),0,0,2,Vehicle in Transport,"SIDESWIPE, SAME DIR",Snow,Daylight,Automatic,-86.7615689506096,36.148553364169125
221304,19SR001001,400206621,DAVIDSON,2025,2025-01-11,2356,Prop Damage (over),0,0,3,Vehicle in Transport,REAR-END,Clear,Dark-Lighted,Automatic,-86.6976484979444,36.11649816725073
224540,19SR006001,400206565,DAVIDSON,2025,2025-01-11,1520,Prop Damage (under),0,0,2,Vehicle in Transport,"SIDESWIPE, SAME DIR",Clear,Daylight,Automatic,-86.68632690494468,36.30645321537473
227678,19SR024001,400206540,DAVIDSON,2025,2025-01-11,1540,Prop Damage (over),0,0,2,Vehicle in Transport in other Roadway,ANGLE,Clear,Daylight,Automatic,-86.85690731352979,36.15036354977087
233758,19SR254001,400206574,DAVIDSON,2025,2025-01-11,1845,Possible Injury,0,3,2,Vehicle in Transport,ANGLE,Clear,Dark-Lighted,Automatic,-86.66836583632622,36.04482671314226
234843,19SR255001,400206640,DAVIDSON,2025,2025-01-11,50,Suspected Serious Injury,0,1,1,Pedestrian,NO COLLISION W/ VEHICLE,Clear,Dark-Lighted,Automatic,-86.69808224944403,36.08663186627019
235409,19SR386001,400206527,DAVIDSON,2025,2025-01-11,825,Suspected Minor Injury,0,1,3,Vehicle in Transport,REAR-END,Cloudy,Daylight,Automatic,-86.70383318804242,36.30550836210162
284293,19I0024001,400206426,DAVIDSON,2025,2025-01-11,755,Prop Damage (over),0,0,1,Concrete Traffic Barrier,NO COLLISION W/ VEHICLE,Snow,Daylight,Automatic,-86.72755663510924,36.137749635894096
284509,19I0040001,400206552,DAVIDSON,2025,2025-01-11,1545,Prop Damage (over),0,0,1,Earth Embankment,NO COLLISION W/ VEHICLE,Snow,Daylight,Automatic,-86.80326002609294,36.17118494653181
285306,19SR386001,400206451,DAVIDSON,2025,2025-01-11,826,Prop Damage (over),0,0,1,Concrete Traffic Barrier,NO COLLISION W/ VEHICLE,Cloudy,Daylight,Automatic,-86.70530715100178,36.30497669263068
285307,19SR386001,400206445,DAVIDSON,2025,2025-01-11,731,Prop Damage (over),0,0,1,Concrete Traffic Barrier,NO COLLISION W/ VEHICLE,Snow,Daylight,Automatic,-86.70373079759958,36.30553836962669
294756,1904924001,400206456,DAVIDSON,2025,2025-01-11,1025,Prop Damage (over),0,0,1,"Other Post, Pole, Supports",NO COLLISION W/ VEHICLE,Snow,Daylight,Automatic,-86.73472018218251,36.229822721873
295470,190B565001,400206429,DAVIDSON,2025,2025-01-11,743,Prop Damage (over),0,0,1,Fence,NO COLLISION W/ VEHICLE,Snow,Daylight,Automatic,-86.70273078003586,36.2335775298754
297105,19I0024001,400206435,DAVIDSON,2025,2025-01-11,805,Prop Damage (over),0,0,1,Fence,NO COLLISION W/ VEHICLE,Snow,Daylight,Automatic,-86.62519370475927,36.018376477098
314173,190B611001,400206609,DAVIDSON,2025,2025-01-11,2323,Prop Damage (over),0,0,1,Fence,NO COLLISION W/ VEHICLE,Snow,Dark-Not Lighted,Automatic,-86.70165996226368,36.13578683806128
318137,19I0065001,400206610,DAVIDSON,2025,2025-01-11,2321,Possible Injury,0,2,1,Concrete Traffic Barrier,NO COLLISION W/ VEHICLE,Snow,Dark-Not Lighted,Automatic,-86.77466702405958,36.05571738821408
318154,19I0065001,400206385,DAVIDSON,2025,2025-01-11,425,Prop Damage (over),0,0,1,Guardrail Face,NO COLLISION W/ VEHICLE,Snow,Dark-Lighted,Automatic,-86.77359432130446,36.22193150401147
318155,19I0065001,400206411,DAVIDSON,2025,2025-01-11,613,Possible Injury,0,1,1,Concrete Traffic Barrier,NO COLLISION W/ VEHICLE,Snow,Dark-Lighted,Automatic,-86.77330947195249,36.2234378965544
319022,1904886001,400206379,DAVIDSON,2025,2025-01-11,227,Prop Damage (over),0,0,1,Mail Box,NO COLLISION W/ VEHICLE,Snow,Dark-Lighted,Automatic,-86.72637546615003,36.06475360212107
319336,19I0040001,400206514,DAVIDSON,2025,2025-01-11,1332,Prop Damage (over),0,0,1,Earth Embankment,NO COLLISION W/ VEHICLE,Snow,Daylight,Automatic,-86.91473441074851,36.11720863741907
319411,19I0065001,400206388,DAVIDSON,2025,2025-01-11,430,Prop Damage (over),0,0,1,Jackknife,NO COLLISION W/ VEHICLE,Snow,Dark-Lighted,Automatic,-86.7730399639956,36.224931837839705
319549,19SR155001,400206415,DAVIDSON,2025,2025-01-11,710,Prop Damage (over),0,0,1,Concrete Traffic Barrier,NO COLLISION W/ VEHICLE,Snow,Dawn,Automatic,-86.6910221354178,36.153108366812106
319585,19SR254001,400206613,DAVIDSON,2025,2025-01-11,2340,Prop Damage (over),0,0,1,Other Fixed Object,NO COLLISION W/ VEHICLE,Clear,Dark-Lighted,Automatic,-86.65841420791574,36.04556053322328
319598,19SR386001,400206418,DAVIDSON,2025,2025-01-11,720,Prop Damage (over),0,0,1,Concrete Traffic Barrier,NO COLLISION W/ VEHICLE,Snow,Daylight,Automatic,-86.69121341179589,36.30862428730563
324584,1903241001,400206515,DAVIDSON,2025,2025-01-11,1410,Prop Damage (over),0,0,2,Vehicle in Transport,REAR-END,Clear,Daylight,Automatic,-86.78688437978897,36.163687579282765
329121,190E201001,400206756,DAVIDSON,2025,2025-01-11,0,Prop Damage (over),0,0,2,Vehicle in Transport,"SIDESWIPE, SAME DIR",Unknown,Dark-Lighted,Automatic,-86.75623432182053,36.17124530737717
330924,19I0024001,400206398,DAVIDSON,2025,2025-01-11,500,Prop Damage (over),0,0,1,Guardrail Face,NO COLLISION W/ VEHICLE,11,Dark-Lighted,Automatic,-86.77549304131806,36.22384712476961
334853,19I0065001,400206373,DAVIDSON,2025,2025-01-11,123,Prop Damage (over),0,0,1,Ditch,NO COLLISION W/ VEHICLE,Snow,Dark-Lighted,Automatic,-86.76924152441639,36.0727202169704
336393,19SR001001,400206507,DAVIDSON,2025,2025-01-11,1329,Prop Damage (over),0,0,2,Vehicle in Transport,ANGLE,Clear,Daylight,Automatic,-86.95029814188696,36.07830256994171
382029,1901952001,400206476,DAVIDSON,2025,2025-01-11,1210,Suspected Minor Injury,0,1,2,Vehicle in Transport,ANGLE,Snow,Daylight,Automatic,-86.61378090462158,36.17804560103549
382965,1903252001,400206487,DAVIDSON,2025,2025-01-11,1250,Prop Damage (over),0,0,2,Vehicle in Transport,ANGLE,Clear,Daylight,Automatic,-86.72510416011903,36.22913771992916
385219,1904954001,400206555,DAVIDSON,2025,2025-01-11,1529,Prop Damage (over),0,0,2,Vehicle in Transport,ANGLE,Clear,Daylight,Automatic,-86.74565421991676,36.077679388541725
388772,19SR006001,400206594,DAVIDSON,2025,2025-01-11,2009,Suspected Minor Injury,0,1,1,Pedestrian,NO COLLISION W/ VEHICLE,Clear,Dark-Lighted,Automatic,-86.72117414970589,36.24669675811894
392098,19SR065001,400206478,DAVIDSON,2025,2025-01-11,1220,Suspected Minor Injury,0,2,2,Vehicle in Transport,ANGLE,Clear,Daylight,Automatic,-86.77783228514568,36.20664967298601
392393,19SR106001,400206603,DAVIDSON,2025,2025-01-11,2240,Possible Injury,0,1,2,Vehicle in Transport,ANGLE,Clear,Dark-Lighted,Automatic,-86.80554535653431,36.125338496374006
444510,19I0024001,400206615,DAVIDSON,2025,2025-01-11,2339,Prop Damage (over),0,0,2,Vehicle in Transport,ANGLE,Clear,Dark-Lighted,Automatic,-86.66142568977095,36.04665000701845
445260,19I0440001,400206410,DAVIDSON,2025,2025-01-11,0,Possible Injury,0,1,1,Overturn,NO COLLISION W/ VEHICLE,Snow,Dark-Lighted,Automatic,-86.73060603912268,36.12591470619532
452507,19SR254001,400206572,DAVIDSON,2025,2025-01-11,1803,Suspected Serious Injury,0,4,2,Vehicle in Transport,ANGLE,Clear,Dark-Lighted,Automatic,-86.6870560050855,36.04449492590752
455641,19SR001001,400206605,DAVIDSON,2025,2025-01-11,1500,Prop Damage (over),0,0,3,Vehicle in Transport,HEAD-ON,Clear,Daylight,Automatic,-86.70512236753979,36.121988343240425
461029,1904963001,400206568,DAVIDSON,2025,2025-01-11,1800,Prop Damage (under),0,0,2,--,--,--,--,Automatic,-86.62927341670118,36.08951962194087
461600,190E263001,400206618,DAVIDSON,2025,2025-01-11,2339,Prop Damage (under),0,0,2,--,--,--,--,Automatic,-86.77746386360316,36.16140765247339
194020,1901008001,400205954,DAVIDSON,2025,2025-01-10,850,Suspected Minor Injury,0,1,2,Vehicle in Transport,HEAD-ON,Snow,Daylight,Automatic,-86.66256564623286,35.991035637083186
198863,1904844001,400206294,DAVIDSON,2025,2025-01-10,1813,Prop Damage (over),0,0,2,Vehicle in Transport,ANGLE,Snow,Dark-Lighted,Automatic,-86.75749493747388,36.03227350917948
200650,1904958001,400206268,DAVIDSON,2025,2025-01-10,1521,Possible Injury,0,1,2,Vehicle in Transport,ANGLE,Snow,Daylight,Automatic,-86.62106506289295,36.05260519307866
200721,1904960001,400205897,DAVIDSON,2025,2025-01-10,815,Prop Damage (over),0,0,2,Vehicle in Transport,ANGLE,Snow,Daylight,Automatic,-86.65704329957312,36.0358294367511
200869,1904963001,400205875,DAVIDSON,2025,2025-01-10,757,Prop Damage (over),0,0,2,Vehicle in Transport,REAR-END,Snow,Daylight,Automatic,-86.64263023564222,36.08945514020719
202413,190B121001,400206321,DAVIDSON,2025,2025-01-10,2107,Suspected Minor Injury,0,3,2,Vehicle in Transport,REAR-END,Snow,Dark-Not Lighted,Automatic,-86.61706861956687,36.08927209626648
209565,19I0024001,400206152,DAVIDSON,2025,2025-01-10,1803,Prop Damage (over),0,0,3,Vehicle in Transport,ANGLE,Blowing Snow,Dark-Not Lighted,Automatic,-86.71111509157444,36.099603700258655
215942,19I0040001,400205894,DAVIDSON,2025,2025-01-10,0,Prop Damage (over),0,0,2,Vehicle in Transport,OTHER,Blowing Snow,Daylight,Automatic,-86.64173973987346,36.14786476349712
218974,19I0065001,400206032,DAVIDSON,2025,2025-01-10,1113,Prop Damage (over),0,0,2,Vehicle in Transport,ANGLE,Snow,Daylight,Automatic,-86.73633785103867,36.27034270910308
219645,19I0440001,400205963,DAVIDSON,2025,2025-01-10,1010,Prop Damage (under),0,0,2,Vehicle in Transport,"SIDESWIPE, SAME DIR",Blowing Snow,Daylight,Automatic,-86.78819782403018,36.11603438115061
224716,19SR011001,400206007,DAVIDSON,2025,2025-01-10,937,Possible Injury,0,1,2,Vehicle in Transport,HEAD-ON,Snow,Daylight,Automatic,-86.71257256400531,36.02962561231613
225389,19SR011001,400206330,DAVIDSON,2025,2025-01-10,2144,Prop Damage (over),0,0,2,Vehicle in Transport,ANGLE,Snow,Dark-Lighted,Automatic,-86.72719447391742,36.082387396964336
225673,19SR011001,400205804,DAVIDSON,2025,2025-01-10,208,Prop Damage (over),0,0,2,Vehicle in Transport,OTHER,Clear,Dark-Lighted,Automatic,-86.74059010803533,36.10180291672993
226827,19SR011701,400205811,DAVIDSON,2025,2025-01-10,254,Prop Damage (over),0,0,2,Vehicle in Transport,OTHER,Clear,Dark-Lighted,Automatic,-86.77070807334243,36.15107455125427
230223,19SR065001,400206414,DAVIDSON,2025,2025-01-10,1509,Suspected Minor Injury,0,1,2,Vehicle in Transport,HEAD-ON,Blowing Snow,Daylight,Automatic,-86.89710340426942,36.38514055089421
284796,19I0065001,400205891,DAVIDSON,2025,2025-01-10,845,Prop Damage (over),0,0,1,Concrete Traffic Barrier,NO COLLISION W/ VEHICLE,Snow,Daylight,Automatic,-86.7400583930315,36.251786636322784
284835,19I0065001,400205970,DAVIDSON,2025,2025-01-10,1000,Prop Damage (over),0,0,1,Concrete Traffic Barrier,NO COLLISION W/ VEHICLE,Snow,Daylight,Automatic,-86.70405780087313,36.30852636624025
285079,19SR065001,400206465,DAVIDSON,2025,2025-01-10,1632,Suspected Minor Injury,0,1,1,Earth Embankment,NO COLLISION W/ VEHICLE,Snow,Daylight,Automatic,-86.89787395872267,36.38714959016617
285315,19SR386001,400205923,DAVIDSON,2025,2025-01-10,904,Prop Damage (over),0,0,1,Concrete Traffic Barrier,NO COLLISION W/ VEHICLE,Snow,Daylight,Automatic,-86.68591008892959,36.31062493329969
294537,1904510001,400205928,DAVIDSON,2025,2025-01-10,823,Prop Damage (over),0,0,1,Utility Pole,NO COLLISION W/ VEHICLE,Snow,Daylight,Automatic,-86.72634752108816,36.20398737490139
296811,190H144001,400206463,DAVIDSON,2025,2025-01-10,2100,Prop Damage (under),0,0,2,Parked Motor Vehicle,UNKNOWN,Snow,Unknown,Automatic,-86.66469878179899,36.07741280075502
296963,19I0024001,400207539,DAVIDSON,2025,2025-01-10,1543,Prop Damage (over),0,0,1,Other Fixed Object,NO COLLISION W/ VEHICLE,Cloudy,Daylight,Automatic,-86.7316400101647,36.14049881379026
297061,19I0024001,400206013,DAVIDSON,2025,2025-01-10,0,Suspected Minor Injury,0,1,1,Embankment Rock/Stone/Concrete,NO COLLISION W/ VEHICLE,Snow,Daylight,Automatic,-86.68727689727815,36.06708839291976
297300,19I0040001,400205938,DAVIDSON,2025,2025-01-10,840,Prop Damage (over),0,0,1,Ditch,NO COLLISION W/ VEHICLE,Snow,Daylight,Automatic,-86.61548025032808,36.16415027506834
298142,19SR106001,400205949,DAVIDSON,2025,2025-01-10,852,Prop Damage (over),0,0,1,Ditch,NO COLLISION W/ VEHICLE,Snow,Daylight,Automatic,-86.8100508270124,36.11786678700437
298392,19SR254001,400206033,DAVIDSON,2025,2025-01-10,1102,Prop Damage (over),0,0,1,Ditch,NO COLLISION W/ VEHICLE,Snow,Daylight,Automatic,-86.73544845526351,36.03914157197052
313972,1905333001,400206452,DAVIDSON,2025,2025-01-10,1423,Prop Damage (over),0,0,1,Bridge Rail,NO COLLISION W/ VEHICLE,Snow,Daylight,Automatic,-86.76949127074604,36.16090741120155
314808,19I0040001,400206006,DAVIDSON,2025,2025-01-10,1019,Possible Injury,0,1,2,Earth Embankment,NO COLLISION W/ VEHICLE,Snow,Daylight,Automatic,-86.63001055248695,36.1551407452949
317918,1904171001,400205829,DAVIDSON,2025,2025-01-10,0,Prop Damage (over),0,0,1,Luminaire/Light Support,NO COLLISION W/ VEHICLE,Clear,Dark-Lighted,Automatic,-86.70531246219377,36.25550569889089
318009,19I0024001,400206354,DAVIDSON,2025,2025-01-10,2109,Prop Damage (over),0,0,1,Concrete Traffic Barrier,NO COLLISION W/ VEHICLE,Snow,Dark-Not Lighted,Automatic,-86.77804438064616,36.226514338869976
318024,19I0024001,400206301,DAVIDSON,2025,2025-01-10,2007,Prop Damage (over),0,0,1,Wall,NO COLLISION W/ VEHICLE,Snow,Dark-Lighted,Automatic,-86.72708788725193,36.13587785877952
318044,19I0024001,400205993,DAVIDSON,2025,2025-01-10,0,Prop Damage (over),0,0,1,Concrete Traffic Barrier,NO COLLISION W/ VEHICLE,Snow,Daylight,Automatic,-86.69513704616914,36.07782520065815
318124,19I0040001,400206118,DAVIDSON,2025,2025-01-10,1402,Suspected Minor Injury,0,1,1,Concrete Traffic Barrier,NO COLLISION W/ VEHICLE,Snow,Daylight,Automatic,-86.63773534409275,36.15034889172511
318134,19I0040001,400206281,DAVIDSON,2025,2025-01-10,1938,Possible Injury,0,2,1,Concrete Traffic Barrier,NO COLLISION W/ VEHICLE,Blowing Snow,Dark-Not Lighted,Automatic,-86.59517964574259,36.16999513457646
318163,19I0065001,400205876,DAVIDSON,2025,2025-01-10,808,Possible Injury,0,1,1,Concrete Traffic Barrier,NO COLLISION W/ VEHICLE,Snow,Daylight,Automatic,-86.74912110484651,36.24262598611642
318257,19SR251001,400205893,DAVIDSON,2025,2025-01-10,809,Prop Damage (over),0,0,1,Guardrail End,NO COLLISION W/ VEHICLE,Blowing Snow,Daylight,Automatic,-86.95536470443055,36.1397835356513
319023,1904895001,400206346,DAVIDSON,2025,2025-01-10,2017,Prop Damage (over),0,0,1,Ditch,NO COLLISION W/ VEHICLE,Snow,Dark-Lighted,Automatic,-86.92709065701462,36.07245279640104
319386,19I0040001,400205965,DAVIDSON,2025,2025-01-10,0,Prop Damage (over),0,0,1,Ditch,NO COLLISION W/ VEHICLE,Snow,Daylight,Automatic,-86.61502568413638,36.164432070790255
319487,19SR011001,400205785,DAVIDSON,2025,2025-01-10,58,Suspected Serious Injury,0,1,1,Utility Pole,NO COLLISION W/ VEHICLE,Clear,Dark-Lighted,Automatic,-86.75782977981845,36.25554260879289
319495,19SR011701,400205943,DAVIDSON,2025,2025-01-10,922,Prop Damage (under),0,0,1,Utility Pole,NO COLLISION W/ VEHICLE,Snow,Daylight,Automatic,-86.76361347682663,36.14034257799637
319509,19SR024001,400205920,DAVIDSON,2025,2025-01-10,820,Prop Damage (over),0,0,1,Utility Pole,NO COLLISION W/ VEHICLE,Blowing Snow,Daylight,Automatic,-86.7031232685146,36.160043798635726
319511,19SR024001,400205997,DAVIDSON,2025,2025-01-10,1036,Possible Injury,0,1,1,Guardrail Face,NO COLLISION W/ VEHICLE,Blowing Snow,Daylight,Automatic,-86.69697309943255,36.16553357868382
321830,19I0440001,400205978,DAVIDSON,2025,2025-01-10,825,Prop Damage (over),0,0,1,Concrete Traffic Barrier,NO COLLISION W/ VEHICLE,Snow,Daylight,Automatic,-86.81347034897789,36.125002773110815
326482,1904886001,400206360,DAVIDSON,2025,2025-01-10,2334,Prop Damage (over),0,0,1,Ditch,NO COLLISION W/ VEHICLE,Snow,Dark-Lighted,Automatic,-86.73012179110115,36.07029804785095
327986,190B327001,400206344,DAVIDSON,2025,2025-01-10,2246,Prop Damage (over),0,0,1,Other Fixed Object,NO COLLISION W/ VEHICLE,Snow,Dark-Not Lighted,Automatic,-86.67081368527953,36.02852341356814
331814,19I0024001,400205982,DAVIDSON,2025,2025-01-10,0,Prop Damage (over),0,0,2,Concrete Traffic Barrier,NO COLLISION W/ VEHICLE,Snow,Daylight,Automatic,-86.71848261740678,36.10590721877859
332171,19I0024001,400206329,DAVIDSON,2025,2025-01-10,2144,Prop Damage (over),0,0,1,Ditch,NO COLLISION W/ VEHICLE,Snow,Dark-Lighted,Automatic,-86.68946030538672,36.06922158842383
333775,19I0040001,400205960,DAVIDSON,2025,2025-01-10,820,Prop Damage (over),0,0,2,Vehicle in Transport,"SIDESWIPE, SAME DIR",Snow,Daylight,Automatic,-86.74928549128447,36.15036685457298
334201,19I0040001,400207528,DAVIDSON,2025,2025-01-10,1716,Prop Damage (over),0,0,1,Guardrail End,NO COLLISION W/ VEHICLE,Blowing Snow,Dark-Lighted,Automatic,-86.72030701228425,36.14056180599824
334421,19I0040001,400205945,DAVIDSON,2025,2025-01-10,825,Prop Damage (over),0,0,2,Vehicle in Transport,"SIDESWIPE, SAME DIR",Snow,Daylight,Automatic,-86.69373922092294,36.144158209427744
335929,19I0065001,400205882,DAVIDSON,2025,2025-01-10,815,Prop Damage (over),0,0,1,Concrete Traffic Barrier,NO COLLISION W/ VEHICLE,Snow,Daylight,Automatic,-86.7364078294096,36.26999894213866
338451,19SR011001,400205898,DAVIDSON,2025,2025-01-10,841,Prop Damage (over),0,0,2,Vehicle in Transport,OTHER,Snow,Daylight,Automatic,-86.71451502547055,36.05244692306128
339684,19SR024001,400205904,DAVIDSON,2025,2025-01-10,0,Prop Damage (over),0,0,2,Vehicle in Transport,REAR-END,Snow,Daylight,Automatic,-86.70557283218392,36.158477807281024
340377,19SR065001,400205980,DAVIDSON,2025,2025-01-10,824,Prop Damage (over),0,0,3,Vehicle in Transport,ANGLE,Snow,Daylight,Automatic,-86.88213791381776,36.357235391950375
340427,19SR100001,400206351,DAVIDSON,2025,2025-01-10,2250,Prop Damage (over),0,0,1,Shrubbery,NO COLLISION W/ VEHICLE,Snow,Dark-Lighted,Automatic,-86.89420821689058,36.07268879884512
340624,19SR106001,400206280,DAVIDSON,2025,2025-01-10,1900,Prop Damage (over),0,0,2,Vehicle in Transport,UNKNOWN,Snow,Dark-Lighted,Automatic,-86.80057547641995,36.13866572550375
341446,19SR171001,400205985,DAVIDSON,2025,2025-01-10,935,Prop Damage (over),0,0,1,Earth Embankment,NO COLLISION W/ VEHICLE,Snow,Daylight,Automatic,-86.55326132673771,36.09859291510831
342228,19SR255001,400206224,DAVIDSON,2025,2025-01-10,1524,Prop Damage (over),0,0,2,Vehicle in Transport,"SIDESWIPE, SAME DIR",Snow,Daylight,Automatic,-86.70646879074779,36.08395443627394
342229,19SR255001,400206245,DAVIDSON,2025,2025-01-10,1530,Prop Damage (over),0,0,2,Vehicle in Transport,REAR-END,Snow,Daylight,Automatic,-86.70646879074779,36.08395443627394
388325,19SR001001,400205799,DAVIDSON,2025,2025-01-10,134,Prop Damage (over),0,0,2,Vehicle in Transport,ANGLE,Clear,Dark-Lighted,Automatic,-86.6065538993667,36.0428363040548
388326,19SR001001,400205802,DAVIDSON,2025,2025-01-10,207,Prop Damage (over),0,0,2,Vehicle in Transport,REAR-END,Clear,Dark-Lighted,Automatic,-86.6065538993667,36.0428363040548
418106,19SR255001,400205998,DAVIDSON,2025,2025-01-10,926,Prop Damage (over),0,0,2,Vehicle in Transport,ANGLE,Snow,Daylight,Automatic,-86.73403619285493,36.07714138663332
438223,1901011001,400205819,DAVIDSON,2025,2025-01-10,312,Prop Damage (over),0,0,1,Curb,NO COLLISION W/ VEHICLE,Clear,Dark-Lighted,Automatic,-86.62499793239968,36.15227354539486
438235,19SR155001,400206308,DAVIDSON,2025,2025-01-10,2024,Suspected Minor Injury,0,1,1,Utility Pole,NO COLLISION W/ VEHICLE,Snow,Dark-Lighted,Automatic,-86.85777547650456,36.13780952584432
448087,19SR155001,400206164,DAVIDSON,2025,2025-01-10,0,Suspected Minor Injury,0,1,1,Concrete Traffic Barrier,NO COLLISION W/ VEHICLE,Snow,Daylight,Automatic,-86.69644972229466,36.14476436468227
448304,19I0024001,400206530,DAVIDSON,2025,2025-01-10,1652,Prop Damage (over),0,0,1,Wall,NO COLLISION W/ VEHICLE,Snow,Daylight,Automatic,-86.7270912111048,36.13439708576213
449556,19I0065001,400205988,DAVIDSON,2025,2025-01-10,946,Prop Damage (over),0,0,2,Vehicle in Transport,REAR-END,Cloudy,Daylight,Automatic,-86.7553788328198,36.238508282771264
463174,19I0440001,400205906,DAVIDSON,2025,2025-01-10,820,Prop Damage (under),0,0,1,--,--,--,--,Automatic,-86.81654717331888,36.12924181937812
193922,1901002001,400205859,DAVIDSON,2025,2025-01-09,745,Possible Injury,0,1,5,Vehicle in Transport,REAR-END,Clear,Daylight,Automatic,-86.78330174869026,36.08804805218444
194185,1901011001,400205756,DAVIDSON,2025,2025-01-09,2300,Prop Damage (over),0,0,1,Other Non-Collision,NO COLLISION W/ VEHICLE,Clear,Dark-Lighted,Automatic,-86.62725200692579,36.08966111985787
196907,1903272001,400205643,DAVIDSON,2025,2025-01-09,1600,Prop Damage (over),0,0,2,Vehicle in Transport,ANGLE,Clear,Daylight,Automatic,-86.76411949912557,36.17084664507591
197448,1903295001,400205368,DAVIDSON,2025,2025-01-09,800,Prop Damage (over),0,0,2,Vehicle in Transport in other Roadway,ANGLE,Clear,Daylight,Automatic,-86.80737881090828,36.17138785508463
197762,1904167001,400205495,DAVIDSON,2025,2025-01-09,1325,Prop Damage (over),0,0,1,Deer (Animal),NO COLLISION W/ VEHICLE,Clear,Daylight,Automatic,-86.66897470771414,36.14971818364454
198646,1904435001,400205582,DAVIDSON,2025,2025-01-09,1630,Suspected Minor Injury,0,1,3,Vehicle in Transport,REAR-END,Clear,Dusk,Automatic,-86.81950168890239,36.16260798373449
199351,1904910001,400205782,DAVIDSON,2025,2025-01-09,0,Suspected Serious Injury,0,1,1,Pedestrian,NO COLLISION W/ VEHICLE,Clear,Dark-Lighted,Automatic,-86.79807574703631,36.14966586107466
205493,190F152001,400205377,DAVIDSON,2025,2025-01-09,820,Suspected Minor Injury,0,2,2,Vehicle in Transport,REAR-END,Clear,Daylight,Automatic,-86.80285336222877,36.14332724715012
206044,190F749001,400205668,DAVIDSON,2025,2025-01-09,1843,Prop Damage (over),0,0,2,Vehicle in Transport,"SIDESWIPE, OPP DIR",Clear,Dark-Lighted,Automatic,-86.75967489049293,36.14228917370571
207526,19I0024001,400205536,DAVIDSON,2025,2025-01-09,1353,Prop Damage (under),0,0,2,Vehicle in Transport,REAR-END,Clear,Daylight,Automatic,-86.7756740367987,36.18454412517765
209845,19I0024001,400206818,DAVIDSON,2025,2025-01-09,1533,Possible Injury,0,1,4,Vehicle in Transport,REAR-END,Clear,Daylight,Automatic,-86.70333265292426,36.09002521578199
210350,19I0024001,400205538,DAVIDSON,2025,2025-01-09,1234,Prop Damage (over),0,0,2,Vehicle in Transport,REAR-END,Clear,Daylight,Automatic,-86.68937282664803,36.06912963132458
211891,19I0040001,400205680,DAVIDSON,2025,2025-01-09,1714,Prop Damage (over),0,0,2,Vehicle in Transport,REAR-END,Clear,Dark-Not Lighted,Automatic,-86.95746975854247,36.08061882804104
211893,19I0040001,400205633,DAVIDSON,2025,2025-01-09,1726,Possible Injury,0,1,2,Vehicle in Transport,REAR-END,Clear,Dark-Not Lighted,Automatic,-86.95735668325972,36.0806729326371
212226,19I0040001,400205526,DAVIDSON,2025,2025-01-09,1503,Prop Damage (over),0,0,2,Vehicle in Transport,REAR-END,Clear,Daylight,Automatic,-86.88130955841571,36.14439883862919
212354,19I0040001,400205539,DAVIDSON,2025,2025-01-09,1454,Possible Injury,0,1,2,Vehicle in Transport,REAR-END,Clear,Daylight,Automatic,-86.85162539578543,36.15335066997309
212497,19I0040001,400205328,DAVIDSON,2025,2025-01-09,731,Suspected Minor Injury,0,2,5,Vehicle in Transport,REAR-END,Clear,Daylight,Automatic,-86.83044068922752,36.15492529891825
212755,19I0040001,400205470,DAVIDSON,2025,2025-01-09,1215,Prop Damage (over),0,0,2,Vehicle in Transport,"SIDESWIPE, SAME DIR",Clear,Daylight,Automatic,-86.7976757993166,36.169879575315406
214614,19I0040001,400205701,DAVIDSON,2025,2025-01-09,1719,Prop Damage (over),0,0,2,Vehicle in Transport,ANGLE,Clear,Dark-Lighted,Automatic,-86.72252423657328,36.14024116138503
214781,19I0040001,400206103,DAVIDSON,2025,2025-01-09,2318,Prop Damage (over),0,0,2,Vehicle in Transport,REAR-END,Clear,Dark-Lighted,Automatic,-86.71685548266431,36.141128645627454
215510,19I0040001,400205719,DAVIDSON,2025,2025-01-09,1752,Suspected Minor Injury,0,1,3,Vehicle in Transport,REAR-END,Clear,Dark-Lighted,Automatic,-86.6864291400245,36.14314362762865
218706,19I0065001,400205406,DAVIDSON,2025,2025-01-09,0,Possible Injury,0,1,2,Vehicle in Transport,REAR-END,Clear,Dark-Lighted,Automatic,-86.7432759909913,36.247454012391536
218758,19I0065001,400205631,DAVIDSON,2025,2025-01-09,1752,Prop Damage (under),0,0,2,Vehicle in Transport,REAR-END,Clear,Dark-Lighted,Automatic,-86.74149910323028,36.2496615753976
218883,19I0065001,400205354,DAVIDSON,2025,2025-01-09,811,Prop Damage (over),0,0,2,Vehicle in Transport,"SIDESWIPE, SAME DIR",Clear,Daylight,Automatic,-86.73822618848806,36.25970482235768
219129,19I0065001,400205283,DAVIDSON,2025,2025-01-09,653,Prop Damage (over),0,0,2,Vehicle in Transport,"SIDESWIPE, SAME DIR",Clear,Daylight,Automatic,-86.72583950961216,36.28762611688316
219149,19I0065001,400205408,DAVIDSON,2025,2025-01-09,1102,Prop Damage (over),0,0,2,Vehicle in Transport,ANGLE,Clear,Daylight,Automatic,-86.72512880821185,36.28829924254867
219192,19I0065001,400205295,DAVIDSON,2025,2025-01-09,650,Suspected Minor Injury,0,1,4,Vehicle in Transport,ANGLE,Clear,Dawn,Automatic,-86.71935012101545,36.29310131431456
219488,19I0440001,400206023,DAVIDSON,2025,2025-01-09,1704,Prop Damage (over),0,0,2,Vehicle in Transport,REAR-END,Clear,Dark-Not Lighted,Automatic,-86.8227649275591,36.1428991293342
220045,19SR001001,400205630,DAVIDSON,2025,2025-01-09,1624,Prop Damage (over),0,0,2,Vehicle in Transport,"SIDESWIPE, OPP DIR",Clear,Daylight,Automatic,-86.92644050584992,36.07385874971165
221136,19SR001001,400205691,DAVIDSON,2025,2025-01-09,1706,Prop Damage (over),0,0,2,Vehicle in Transport,REAR-END,Clear,Daylight,Automatic,-86.71428193203153,36.12915294359365
221175,19SR001001,400205311,DAVIDSON,2025,2025-01-09,703,Prop Damage (over),0,0,2,Vehicle in Transport,"SIDESWIPE, SAME DIR",Clear,Daylight,Automatic,-86.71146625118156,36.126946838766166
221381,19SR001001,400205296,DAVIDSON,2025,2025-01-09,620,Prop Damage (over),0,0,2,Vehicle in Transport,"SIDESWIPE, SAME DIR",Clear,Dark-Lighted,Automatic,-86.6852040229458,36.11128710730153
221618,19SR001001,400205755,DAVIDSON,2025,2025-01-09,2234,Possible Injury,0,2,2,Vehicle in Transport,"SIDESWIPE, OPP DIR",Clear,Dark-Lighted,Automatic,-86.65572503019114,36.0961957687393
223104,19SR006001,400205412,DAVIDSON,2025,2025-01-09,1148,Suspected Minor Injury,0,3,2,Vehicle in Transport,REAR-END,Clear,Daylight,Automatic,-86.77569154658883,36.12218141993279
223181,19SR006001,400205451,DAVIDSON,2025,2025-01-09,1253,Suspected Minor Injury,0,2,2,Vehicle in Transport,ANGLE,Clear,Daylight,Automatic,-86.77865927756395,36.141639601409175
223323,19SR006001,400205585,DAVIDSON,2025,2025-01-09,0,Suspected Minor Injury,0,1,2,Vehicle in Transport,REAR-END,Cloudy,Daylight,Automatic,-86.7777278960914,36.16795609515998
223958,19SR006001,400205627,DAVIDSON,2025,2025-01-09,1550,Prop Damage (over),0,0,2,Vehicle in Transport,"SIDESWIPE, SAME DIR",Clear,Daylight,Automatic,-86.71704035173885,36.25286101636036
225326,19SR011001,400205425,DAVIDSON,2025,2025-01-09,1118,Prop Damage (over),0,0,2,Vehicle in Transport,ANGLE,Clear,Daylight,Automatic,-86.72672338104617,36.08082655908618
225711,19SR011001,400205721,DAVIDSON,2025,2025-01-09,1745,Suspected Minor Injury,0,1,2,Vehicle in Transport,ANGLE,Clear,Dark-Lighted,Automatic,-86.74368468856092,36.10792783455018
226020,19SR011001,400205397,DAVIDSON,2025,2025-01-09,815,Prop Damage (over),0,0,2,Vehicle in Transport,REAR-END,Clear,Daylight,Automatic,-86.76841519760843,36.17645574486387
226068,19SR011001,400205511,DAVIDSON,2025,2025-01-09,920,Prop Damage (over),0,0,2,Vehicle in Transport,REAR-END,Clear,Daylight,Automatic,-86.77370738218256,36.1844729025712
227693,19SR024001,400205606,DAVIDSON,2025,2025-01-09,0,Prop Damage (over),0,0,2,Vehicle in Transport,REAR-END,Clear,Daylight,Automatic,-86.85516946087957,36.15079581269977
227863,19SR024001,400205275,DAVIDSON,2025,2025-01-09,633,Prop Damage (over),0,0,3,Vehicle in Transport,REAR-END,Clear,Daylight,Automatic,-86.816277554558,36.15437445071001
228196,19SR024001,400205402,DAVIDSON,2025,2025-01-09,1014,Prop Damage (over),0,0,2,Vehicle in Transport,REAR-END,Clear,Daylight,Automatic,-86.730627969145,36.15303766304064
228970,19SR045001,400205628,DAVIDSON,2025,2025-01-09,1727,Suspected Minor Injury,0,1,2,Vehicle in Transport,ANGLE,Cloudy,Dark-Lighted,Automatic,-86.74626286062019,36.26738175905482
229055,19SR045001,400205448,DAVIDSON,2025,2025-01-09,810,Prop Damage (over),0,0,2,Vehicle in Transport,"SIDESWIPE, SAME DIR",Clear,Daylight,Automatic,-86.73189189574613,36.26452721092735
230257,19SR100001,400205549,DAVIDSON,2025,2025-01-09,1455,Possible Injury,0,1,2,Vehicle in Transport,REAR-END,Clear,Daylight,Automatic,-86.98610348184184,36.03301301785285
230284,19SR100001,400205667,DAVIDSON,2025,2025-01-09,1810,Prop Damage (over),0,0,2,Vehicle in Transport,ANGLE,Clear,Dark-Lighted,Automatic,-86.95502713299844,36.04466349911773
231887,19SR155001,400205599,DAVIDSON,2025,2025-01-09,1545,Prop Damage (over),0,0,1,Thrown or Falling Object,NO COLLISION W/ VEHICLE,Cloudy,Daylight,Automatic,-86.77621265291779,36.23944910091949
232007,19SR155001,400205381,DAVIDSON,2025,2025-01-09,930,Suspected Serious Injury,0,2,3,Vehicle in Transport,REAR-END,Clear,Daylight,Automatic,-86.87220276854754,36.211811814349694
232941,19SR254001,400205378,DAVIDSON,2025,2025-01-09,910,Suspected Minor Injury,0,5,5,Vehicle in Transport,REAR-END,Clear,Daylight,Automatic,-86.84004254182254,36.04274567670013
233316,19SR254001,400205751,DAVIDSON,2025,2025-01-09,1900,Prop Damage (over),0,0,2,Vehicle in Transport,ANGLE,Clear,Dark-Lighted,Automatic,-86.71516538550556,36.04520292748652
233397,19SR254001,400205697,DAVIDSON,2025,2025-01-09,1740,Prop Damage (under),0,0,2,Vehicle in Transport,REAR-END,Clear,Dark-Lighted,Automatic,-86.71237514506548,36.04542244841195
233420,19SR254001,400205449,DAVIDSON,2025,2025-01-09,1110,Possible Injury,0,1,2,Vehicle in Transport,ANGLE,Clear,Daylight,Automatic,-86.71083591108703,36.045573249487525
234310,19SR255001,400205265,DAVIDSON,2025,2025-01-09,605,Suspected Minor Injury,0,1,2,Vehicle in Transport,ANGLE,Clear,Dawn,Automatic,-86.7664348141764,36.08304358075536
235059,19SR255001,400205620,DAVIDSON,2025,2025-01-09,1719,Suspected Minor Injury,0,1,2,Vehicle in Transport,ANGLE,Clear,Dark-Lighted,Automatic,-86.67888506330475,36.09279541761425
297304,19I0040001,400205761,DAVIDSON,2025,2025-01-09,2308,Prop Damage (over),0,0,1,Ditch,NO COLLISION W/ VEHICLE,Clear,Dark-Not Lighted,Automatic,-86.61187213683331,36.16638699764378
313137,190F682001,400205613,DAVIDSON,2025,2025-01-09,0,Prop Damage (under),0,0,2,Parked Motor Vehicle,UNKNOWN,Clear,Unknown,Automatic,-86.76630731980185,36.1413780723672
318148,19I0065001,400205355,DAVIDSON,2025,2025-01-09,731,Possible Injury,0,1,1,Concrete Traffic Barrier,NO COLLISION W/ VEHICLE,Clear,Daylight,Automatic,-86.77888596342395,36.19185033775239
319017,1904877001,400205324,DAVIDSON,2025,2025-01-09,0,Prop Damage (over),0,0,2,Parked Motor Vehicle,REAR-END,Unknown,Unknown,Automatic,-86.7498541960688,36.17930463883479
319064,1906061001,400205737,DAVIDSON,2025,2025-01-09,0,Prop Damage (over),0,0,1,Utility Pole,NO COLLISION W/ VEHICLE,Clear,Dark-Lighted,Automatic,-86.60657069935729,36.05009745860806
324461,1901017001,400205768,DAVIDSON,2025,2025-01-09,2345,Prop Damage (over),0,0,1,Ditch,NO COLLISION W/ VEHICLE,Clear,Dark-Lighted,Automatic,-86.69563231120755,36.29309487461434
325352,1903258001,400205345,DAVIDSON,2025,2025-01-09,743,Prop Damage (over),0,0,2,Vehicle in Transport,ANGLE,Clear,Daylight,Automatic,-86.77511955588129,36.17700194780768
326594,1904909001,400205516,DAVIDSON,2025,2025-01-09,1426,Prop Damage (over),0,0,2,Vehicle in Transport,ANGLE,Clear,Daylight,Automatic,-86.81239191534533,36.15813279558007
326816,1904933001,400205578,DAVIDSON,2025,2025-01-09,1515,Prop Damage (over),0,0,2,Vehicle in Transport,ANGLE,Clear,Daylight,Automatic,-86.72034214694452,36.24800576143668
327463,190A208001,400205742,DAVIDSON,2025,2025-01-09,1718,Prop Damage (over),0,0,2,Vehicle in Transport,"SIDESWIPE, OPP DIR",Clear,Dark-Not Lighted,Automatic,-86.84517841761149,36.3354431770628
328124,190B680001,400205365,DAVIDSON,2025,2025-01-09,0,Prop Damage (over),0,0,2,Vehicle in Transport,OTHER,Clear,Daylight,Automatic,-86.72709217298937,36.11832020027945
328815,190D566001,400205727,DAVIDSON,2025,2025-01-09,2012,Prop Damage (over),0,0,2,Vehicle in Transport,"SIDESWIPE, OPP DIR",Clear,Dark-Lighted,Automatic,-86.79189478727858,36.21743646782495
328977,190E027001,400205444,DAVIDSON,2025,2025-01-09,1130,Prop Damage (over),0,0,2,Vehicle in Transport,ANGLE,Clear,Daylight,Automatic,-86.7326239207547,36.19572095608103
330022,190F614001,400205334,DAVIDSON,2025,2025-01-09,756,Prop Damage (over),0,0,2,Parked Motor Vehicle,"SIDESWIPE, OPP DIR",Clear,Daylight,Automatic,-86.76355562723568,36.15232019321757
331503,19I0024001,400205607,DAVIDSON,2025,2025-01-09,1515,Prop Damage (over),0,0,3,Vehicle in Transport,REAR-END,Clear,Daylight,Automatic,-86.7271453461204,36.1363694494677
331578,19I0024001,400205440,DAVIDSON,2025,2025-01-09,1228,Prop Damage (over),0,0,2,Vehicle in Transport,REAR-END,Clear,Daylight,Automatic,-86.72710591137985,36.133220747728
333050,19I0040001,400205389,DAVIDSON,2025,2025-01-09,731,Prop Damage (over),0,0,2,Vehicle in Transport,REAR-END,Clear,Daylight,Automatic,-86.83762720154131,36.15391550664437
336508,19SR001001,400205663,DAVIDSON,2025,2025-01-09,1807,Prop Damage (over),0,0,2,Vehicle in Transport,REAR-END,Clear,Dark-Lighted,Automatic,-86.8499234049372,36.12328423965447
337304,19SR001001,400205669,DAVIDSON,2025,2025-01-09,1621,Prop Damage (over),0,0,2,Vehicle in Transport,ANGLE,Clear,Daylight,Automatic,-86.63540295960158,36.07119010864444
337908,19SR006001,400205589,DAVIDSON,2025,2025-01-09,1519,Prop Damage (over),0,0,2,Vehicle in Transport,"SIDESWIPE, SAME DIR",Cloudy,Daylight,Automatic,-86.74661856683124,36.233893635149485
339872,19SR024001,400207172,DAVIDSON,2025,2025-01-09,1710,Prop Damage (over),0,0,2,Vehicle in Transport,REAR-END,Unknown,Unknown,Automatic,-86.60297728866925,36.21507658774829
339905,19SR024001,400205498,DAVIDSON,2025,2025-01-09,1328,Prop Damage (over),0,0,2,Vehicle in Transport,REAR-END,Clear,Daylight,Automatic,-86.5899359424555,36.21506628919488
340977,19SR155001,400205316,DAVIDSON,2025,2025-01-09,615,Prop Damage (over),0,0,2,Vehicle in Transport,REAR-END,Clear,Dark-Lighted,Automatic,-86.68825376631962,36.167847438832055
385134,1904943001,400205351,DAVIDSON,2025,2025-01-09,855,Prop Damage (over),0,0,2,Vehicle in Transport,ANGLE,Cloudy,Daylight,Automatic,-86.74806521789804,36.17097959346008
387561,19SR001001,400206997,DAVIDSON,2025,2025-01-09,2326,Suspected Serious Injury,0,3,2,Vehicle in Transport,ANGLE,Clear,Dark-Lighted,Automatic,-86.76792726618419,36.15072955035616
387762,19SR001001,400205612,DAVIDSON,2025,2025-01-09,1658,Prop Damage (over),0,0,2,Vehicle in Transport,ANGLE,Cloudy,Dusk,Automatic,-86.70485112184376,36.12177648245048
390397,19SR012001,400205600,DAVIDSON,2025,2025-01-09,1707,Possible Injury,0,1,2,Vehicle in Transport,REAR-END,Clear,Dark-Lighted,Automatic,-86.79262532232669,36.1752726049241
390831,19SR024001,400205714,DAVIDSON,2025,2025-01-09,1620,Prop Damage (over),0,0,2,Vehicle in Transport,ANGLE,Clear,Daylight,Automatic,-86.81822438371485,36.153958559588894
392353,19SR106001,400205649,DAVIDSON,2025,2025-01-09,1754,Suspected Minor Injury,0,1,2,Vehicle in Transport,ANGLE,Clear,Dark-Lighted,Automatic,-86.81002636681083,36.11792147976636
392852,19SR155001,400205509,DAVIDSON,2025,2025-01-09,1448,Prop Damage (over),0,0,2,Vehicle in Transport,ANGLE,Clear,Daylight,Automatic,-86.85747347643421,36.14136453408658
415993,1905333001,400205686,DAVIDSON,2025,2025-01-09,1906,Prop Damage (over),0,0,2,Vehicle in Transport,ANGLE,Cloudy,Dark-Lighted,Automatic,-86.76577426046387,36.16627958380377
416985,19SR006001,400205413,DAVIDSON,2025,2025-01-09,1118,Prop Damage (over),0,0,2,Vehicle in Transport,ANGLE,Clear,Daylight,Automatic,-86.6991570939204,36.296904867342526
426974,1903250001,400205459,DAVIDSON,2025,2025-01-09,1215,Prop Damage (over),0,0,3,Vehicle in Transport,REAR-END,Clear,Daylight,Automatic,-86.78209530278612,36.11026146193604
428175,19SR001001,400205499,DAVIDSON,2025,2025-01-09,1230,Prop Damage (over),0,0,2,Vehicle in Transport,REAR-END,Clear,Daylight,Automatic,-86.69996163594429,36.11798058669297
437692,19SR045001,400205743,DAVIDSON,2025,2025-01-09,2134,Suspected Minor Injury,0,2,1,Overturn,NO COLLISION W/ VEHICLE,Clear,Dark-Lighted,Automatic,-86.62467092541056,36.232317721499975
438669,1903292001,400205732,DAVIDSON,2025,2025-01-09,1745,Prop Damage (over),0,0,2,Vehicle in Transport,ANGLE,Clear,Dark-Lighted,Automatic,-86.64021296732135,36.15850256002092
438890,190F023001,400205597,DAVIDSON,2025,2025-01-09,0,Prop Damage (over),0,0,2,Vehicle in Transport,"SIDESWIPE, SAME DIR",Clear,Daylight,Automatic,-86.77923429414665,36.12830550156204
439605,19SR255001,400205548,DAVIDSON,2025,2025-01-09,1530,Prop Damage (over),0,0,2,Vehicle in Transport,"SIDESWIPE, SAME DIR",Clear,Daylight,Automatic,-86.69222509483164,36.08742540652
449431,19I0040001,400205237,DAVIDSON,2025,2025-01-09,26,Prop Damage (over),0,0,1,Other Traffic Barrier,NO COLLISION W/ VEHICLE,Clear,Dark-Lighted,Automatic,-86.67280163055413,36.14164781921589
454348,190E133001,400205400,DAVIDSON,2025,2025-01-09,1105,Prop Damage (over),0,0,2,Vehicle in Transport,ANGLE,Clear,Daylight,Automatic,-86.74591017317626,36.18024306095033
460293,1903245001,400205437,DAVIDSON,2025,2025-01-09,1035,Prop Damage (under),0,0,2,--,--,--,--,Automatic,-86.7882257133976,36.15376515800431
463722,19SR006001,400205337,DAVIDSON,2025,2025-01-09,0,Prop Damage (under),0,0,2,--,--,--,--,Automatic,-86.71446174847755,36.25602892268745
463785,19SR006001,400205579,DAVIDSON,2025,2025-01-09,1340,Prop Damage (under),0,0,2,--,--,--,--,Automatic,-86.69624472819227,36.29999668940129
463872,19SR011001,400205611,DAVIDSON,2025,2025-01-09,1648,Prop Damage (under),0,0,2,--,--,--,--,Automatic,-86.7175700786788,36.06571892258038
197270,1903289001,400205133,DAVIDSON,2025,2025-01-08,1721,Prop Damage (over),0,0,2,Vehicle in Transport,HEAD-ON,Clear,Dark-Lighted,Automatic,-86.71996132999202,36.07911742526387
201525,1906063001,400204897,DAVIDSON,2025,2025-01-08,0,Prop Damage (under),0,0,2,Vehicle in Transport,REAR-END,Cloudy,Daylight,Automatic,-86.68377413825453,36.08101205129566
205210,190E426001,400205097,DAVIDSON,2025,2025-01-08,1653,Prop Damage (over),0,0,2,Vehicle in Transport,ANGLE,Clear,Daylight,Automatic,-86.7618593074143,36.08487680465511
206831,19I0024001,400204853,DAVIDSON,2025,2025-01-08,640,Prop Damage (over),0,0,2,Vehicle in Transport,REAR-END,Clear,Daylight,Automatic,-86.85081136977314,36.32036840523651
209246,19I0024001,400204860,DAVIDSON,2025,2025-01-08,652,Suspected Minor Injury,0,1,4,Vehicle in Transport,REAR-END,Cloudy,Dawn,Automatic,-86.72321677052864,36.111936494066185
209963,19I0024001,400205175,DAVIDSON,2025,2025-01-08,1955,Prop Damage (over),0,0,2,Vehicle in Transport,"SIDESWIPE, SAME DIR",Clear,Dark-Lighted,Automatic,-86.69995709597784,36.085643506135725
210515,19I0024001,400204974,DAVIDSON,2025,2025-01-08,1101,Suspected Minor Injury,0,1,3,Vehicle in Transport,REAR-END,Cloudy,Daylight,Automatic,-86.68078091495397,36.06083990797058
211482,19I0024001,400204864,DAVIDSON,2025,2025-01-08,652,Prop Damage (over),0,0,3,Vehicle in Transport,REAR-END,Cloudy,Daylight,Automatic,-86.63356534888945,36.02601119941792
211579,19I0024001,400204870,DAVIDSON,2025,2025-01-08,0,Possible Injury,0,1,3,Vehicle in Transport,REAR-END,Cloudy,Dawn,Automatic,-86.62569624195574,36.0188490955392
213571,19I0040001,400205183,DAVIDSON,2025,2025-01-08,1711,Prop Damage (over),0,0,2,Vehicle in Transport,REAR-END,Clear,Dark-Lighted,Automatic,-86.75733612425441,36.15363278355745
213790,19I0040001,400206092,DAVIDSON,2025,2025-01-08,1641,Prop Damage (over),0,0,3,Vehicle in Transport,"SIDESWIPE, SAME DIR",Clear,Daylight,Automatic,-86.75024360228086,36.15080672219735
214295,19I0040001,400204861,DAVIDSON,2025,2025-01-08,645,Prop Damage (over),0,0,3,Vehicle in Transport,REAR-END,Cloudy,Daylight,Automatic,-86.73821147146272,36.14374188015297
214684,19I0040001,400204917,DAVIDSON,2025,2025-01-08,0,Prop Damage (over),0,0,2,Vehicle in Transport,"SIDESWIPE, SAME DIR",Clear,Dark-Lighted,Automatic,-86.71830967946102,36.14088982513609
216016,19I0040001,400204878,DAVIDSON,2025,2025-01-08,630,Suspected Minor Injury,0,1,3,Vehicle in Transport,"SIDESWIPE, SAME DIR",Clear,Dark-Not Lighted,Automatic,-86.62611906907975,36.15755402508928
216547,19I0065001,400205189,DAVIDSON,2025,2025-01-08,1833,Prop Damage (under),0,0,3,Vehicle in Transport,REAR-END,Clear,Dark-Lighted,Automatic,-86.76335528329068,36.084342083494256
220631,19SR001001,400204891,DAVIDSON,2025,2025-01-08,739,Prop Damage (over),0,0,3,Vehicle in Transport,REAR TO REAR,Clear,Daylight,Automatic,-86.78175375439064,36.15839355730979
222528,19SR001001,400205169,DAVIDSON,2025,2025-01-08,1855,Suspected Minor Injury,0,1,2,Vehicle in Transport,"SIDESWIPE, SAME DIR",Clear,Dark-Lighted,Automatic,-86.62070830303601,36.05723804903212
222869,19SR001001,400204905,DAVIDSON,2025,2025-01-08,837,Suspected Minor Injury,0,2,2,Vehicle in Transport,ANGLE,Cloudy,Daylight,Automatic,-86.60582057482523,36.0420298185094
224302,19SR006001,400205111,DAVIDSON,2025,2025-01-08,1540,Prop Damage (over),0,0,3,Vehicle in Transport,REAR-END,Clear,Daylight,Automatic,-86.70820311584812,36.28064883221824
225115,19SR011001,400205010,DAVIDSON,2025,2025-01-08,1307,Suspected Minor Injury,0,1,2,Vehicle in Transport,ANGLE,Clear,Daylight,Automatic,-86.72009880651773,36.06900941638055
226883,19SR011701,400205044,DAVIDSON,2025,2025-01-08,1410,Suspected Minor Injury,0,1,2,Vehicle in Transport,ANGLE,Clear,Daylight,Automatic,-86.76371567576193,36.140477073561904
229191,19SR045001,400204976,DAVIDSON,2025,2025-01-08,1135,Suspected Serious Injury,0,2,2,Vehicle in Transport,ANGLE,Cloudy,Daylight,Manual,-86.70446289985608,36.263662622803
230141,19SR065001,400205124,DAVIDSON,2025,2025-01-08,1637,Suspected Minor Injury,0,2,2,Vehicle in Transport,"SIDESWIPE, SAME DIR",Clear,Dusk,Automatic,-86.84168292955646,36.28653755796988
230629,19SR106001,400205286,DAVIDSON,2025,2025-01-08,1343,Suspected Minor Injury,0,2,2,Vehicle in Transport,"SIDESWIPE, SAME DIR",Clear,Daylight,Automatic,-86.80079252730185,36.13703611423416
230744,19SR112001,400204822,DAVIDSON,2025,2025-01-08,342,Prop Damage (over),0,0,1,Deer (Animal),NO COLLISION W/ VEHICLE,Clear,Dark-Lighted,Automatic,-86.83775113871866,36.224882615661855
235090,19SR255001,400204810,DAVIDSON,2025,2025-01-08,28,Prop Damage (over),0,0,2,Vehicle in Transport,REAR-END,Clear,Dark-Lighted,Automatic,-86.67300428307529,36.10618898984872
283838,190B878001,400204959,DAVIDSON,2025,2025-01-08,0,Suspected Minor Injury,0,1,1,Curb,NO COLLISION W/ VEHICLE,Unknown,Unknown,Automatic,-86.68794257839203,36.066872598046295
284405,19I0024001,400205182,DAVIDSON,2025,2025-01-08,2029,Possible Injury,0,1,2,Wall,NO COLLISION W/ VEHICLE,Clear,Dark-Not Lighted,Automatic,-86.61895982508719,36.01277395773332
294578,1904876001,400205034,DAVIDSON,2025,2025-01-08,1428,Prop Damage (over),0,0,1,Ditch,NO COLLISION W/ VEHICLE,Clear,Daylight,Automatic,-86.59478687615683,36.18359788621574
324974,1903252001,400204966,DAVIDSON,2025,2025-01-08,1112,Prop Damage (over),0,0,2,Vehicle in Transport,ANGLE,Cloudy,Daylight,Automatic,-86.75527775763874,36.17671286601697
325143,1903253001,400204892,DAVIDSON,2025,2025-01-08,803,Prop Damage (over),0,0,2,Vehicle in Transport,"SIDESWIPE, SAME DIR",Snow,Daylight,Automatic,-86.7527170199842,36.2047736675864
325623,1903274001,400205087,DAVIDSON,2025,2025-01-08,1443,Prop Damage (over),0,0,2,Vehicle in Transport,"SIDESWIPE, SAME DIR",Clear,Daylight,Automatic,-86.77725528691393,36.16673558558604
326349,1904516001,400205177,DAVIDSON,2025,2025-01-08,1846,Prop Damage (over),0,0,2,Vehicle in Transport,ANGLE,Clear,Dark-Not Lighted,Automatic,-86.92074652478327,36.07271936435103
326525,1904895001,400205026,DAVIDSON,2025,2025-01-08,1250,Prop Damage (over),0,0,2,Vehicle in Transport,REAR-END,Clear,Daylight,Automatic,-86.95037695794238,36.05413548645384
330004,190F583001,400205210,DAVIDSON,2025,2025-01-08,1850,Prop Damage (over),0,0,1,Culvert,NO COLLISION W/ VEHICLE,Clear,Dark-Lighted,Automatic,-86.74440654483419,36.13552300248857
330704,19I0024001,400205199,DAVIDSON,2025,2025-01-08,2040,Prop Damage (over),0,0,1,Other Animal,NO COLLISION W/ VEHICLE,Clear,Dark-Not Lighted,Automatic,-86.83921302479605,36.31840570240932
330705,19I0024001,400205023,DAVIDSON,2025,2025-01-08,1200,Prop Damage (over),0,0,2,Vehicle in Transport,"SIDESWIPE, SAME DIR",Clear,Daylight,Automatic,-86.83744292176797,36.31813103853229
330831,19I0024001,400204941,DAVIDSON,2025,2025-01-08,1008,Prop Damage (over),0,0,2,Guardrail End,NO COLLISION W/ VEHICLE,Clear,Daylight,Automatic,-86.79695477321492,36.273684126870855
331333,19I0024001,400205333,DAVIDSON,2025,2025-01-08,1423,Prop Damage (over),0,0,2,Vehicle in Transport,REAR-END,Clear,Daylight,Automatic,-86.76102653804263,36.16213954522419
331908,19I0024001,400204922,DAVIDSON,2025,2025-01-08,0,Prop Damage (over),0,0,2,Vehicle in Transport,REAR-END,Blowing Snow,Daylight,Automatic,-86.70906604504788,36.09708188359678
332253,19I0024001,400205218,DAVIDSON,2025,2025-01-08,2254,Prop Damage (over),0,0,1,Other Object (not fixed),NO COLLISION W/ VEHICLE,Clear,Dark-Lighted,Automatic,-86.67855441495769,36.05869782123876
333243,19I0040001,400204919,DAVIDSON,2025,2025-01-08,910,Prop Damage (over),0,0,3,Vehicle in Transport,REAR-END,Cloudy,Daylight,Automatic,-86.79426236446804,36.16479284873434
333518,19I0040001,400205677,DAVIDSON,2025,2025-01-08,1446,Prop Damage (over),0,0,2,Vehicle in Transport,REAR-END,Clear,Daylight,Automatic,-86.76598494818387,36.15257399892361
333989,19I0040001,400205108,DAVIDSON,2025,2025-01-08,1625,Prop Damage (over),0,0,2,Vehicle in Transport,REAR-END,Clear,Daylight,Automatic,-86.74091678131056,36.1453537479155
334112,19I0040001,400204862,DAVIDSON,2025,2025-01-08,700,Prop Damage (over),0,0,2,Vehicle in Transport,REAR-END,Cloudy,Daylight,Automatic,-86.73234566267755,36.14078910524863
334251,19I0040001,400204944,DAVIDSON,2025,2025-01-08,0,Prop Damage (over),0,0,2,Vehicle in Transport,ANGLE,Cloudy,Daylight,Automatic,-86.71438509762257,36.14153434980997
334621,19I0040001,400205221,DAVIDSON,2025,2025-01-08,2020,Prop Damage (over),0,0,2,Vehicle in Transport,REAR-END,Clear,Dark-Not Lighted,Automatic,-86.64240713929792,36.14745073507723
334865,19I0065001,400204895,DAVIDSON,2025,2025-01-08,747,Prop Damage (over),0,0,3,Vehicle in Transport,REAR-END,Cloudy,Daylight,Automatic,-86.76711182930471,36.076490731850186
338055,19SR006001,400205070,DAVIDSON,2025,2025-01-08,1334,Prop Damage (over),0,0,2,Vehicle in Transport,REAR-END,Clear,Daylight,Automatic,-86.71383020577817,36.257628808384325
338637,19SR011001,400205158,DAVIDSON,2025,2025-01-08,1824,Prop Damage (over),0,0,2,Vehicle in Transport,"SIDESWIPE, SAME DIR",Clear,Dark-Lighted,Automatic,-86.73258886091048,36.08905970524886
338789,19SR011001,400205052,DAVIDSON,2025,2025-01-08,1400,Prop Damage (over),0,0,2,Vehicle in Transport,"SIDESWIPE, SAME DIR",Clear,Daylight,Automatic,-86.76975690869523,36.17658077839177
342519,19SR386001,400205132,DAVIDSON,2025,2025-01-08,1715,Prop Damage (over),0,0,2,Vehicle in Transport,REAR-END,Clear,Dark-Lighted,Automatic,-86.70170976524393,36.30600672668314
382103,1903242001,400205079,DAVIDSON,2025,2025-01-08,1602,Suspected Minor Injury,0,1,2,Vehicle in Transport,ANGLE,Clear,Daylight,Automatic,-86.80843536138813,36.14744954516026
382227,1903243001,400205007,DAVIDSON,2025,2025-01-08,0,Possible Injury,0,1,1,Pedestrian,NO COLLISION W/ VEHICLE,Clear,Daylight,Automatic,-86.7780592887055,36.162353576161344
384732,1904898001,400205139,DAVIDSON,2025,2025-01-08,1800,Possible Injury,0,1,2,Vehicle in Transport,ANGLE,Clear,Dark-Lighted,Automatic,-86.88787054874014,36.115046477960576
384838,1904912001,400204957,DAVIDSON,2025,2025-01-08,920,Possible Injury,0,2,2,Vehicle in Transport,ANGLE,Cloudy,Daylight,Automatic,-86.75636223888235,36.15272555408166
387060,19SR001001,400205216,DAVIDSON,2025,2025-01-08,2239,Prop Damage (over),0,0,2,Vehicle in Transport,ANGLE,Clear,Dark-Lighted,Automatic,-86.84760845443923,36.124951497648105
389895,19SR011001,400205167,DAVIDSON,2025,2025-01-08,1824,Prop Damage (over),0,0,2,Vehicle in Transport,ANGLE,Cloudy,Dark-Lighted,Automatic,-86.77385127718865,36.18319062142673
392003,19SR045001,400204855,DAVIDSON,2025,2025-01-08,650,Prop Damage (over),0,0,2,Vehicle in Transport,ANGLE,Cloudy,Dark-Lighted,Automatic,-86.60127287634917,36.17020358323604
393378,19SR254001,400205136,DAVIDSON,2025,2025-01-08,1829,Possible Injury,0,1,2,Vehicle in Transport,ANGLE,Clear,Dark-Not Lighted,Automatic,-86.67943806820595,36.04689031683944
416990,19SR006001,400204983,DAVIDSON,2025,2025-01-08,1153,Prop Damage (over),0,0,3,Vehicle in Transport,REAR-END,Snow,Daylight,Automatic,-86.69482608323132,36.30078187593511
428845,19SR011001,400205197,DAVIDSON,2025,2025-01-08,2028,Possible Injury,0,1,2,Vehicle in Transport,ANGLE,Clear,Dark-Lighted,Automatic,-86.75729567547508,36.24082974582023
439378,19SR024001,400205009,DAVIDSON,2025,2025-01-08,935,Prop Damage (over),0,0,2,Vehicle in Transport,ANGLE,Clear,Daylight,Automatic,-86.59765386352043,36.21508468222997
444643,19I0040001,400205126,DAVIDSON,2025,2025-01-08,1743,Prop Damage (over),0,0,3,Vehicle in Transport,REAR-END,Clear,Dark-Not Lighted,Automatic,-86.83468740603377,36.154065311407706
445602,19SR065001,400205171,DAVIDSON,2025,2025-01-08,1720,Suspected Minor Injury,0,1,2,Vehicle in Transport,ANGLE,Clear,Dark-Lighted,Automatic,-86.81581858508574,36.23468386322718
452343,19SR001001,400205150,DAVIDSON,2025,2025-01-08,1854,Possible Injury,0,1,2,Vehicle in Transport,ANGLE,Clear,Dark-Lighted,Automatic,-86.63753164133438,36.07330221911223
458360,190A673001,400205146,DAVIDSON,2025,2025-01-08,1737,Suspected Serious Injury,0,1,2,Occupant Struck By Own Vehicle,NO COLLISION W/ VEHICLE,Clear,Dark-Lighted,Automatic,-86.68972703793116,36.30595722917064
461682,190E977001,400204928,DAVIDSON,2025,2025-01-08,754,Prop Damage (under),0,0,2,--,--,--,--,Automatic,-86.77136626996081,36.20463066846132
461982,19I0024001,400204883,DAVIDSON,2025,2025-01-08,626,Prop Damage (under),0,0,2,--,--,--,--,Automatic,-86.84633165215129,36.31875080700284
462230,19I0024001,400204921,DAVIDSON,2025,2025-01-08,928,Prop Damage (under),0,0,2,--,--,--,--,Automatic,-86.7218514336369,36.10968262460734
462554,19I0040001,400205088,DAVIDSON,2025,2025-01-08,1545,Prop Damage (under),0,0,3,--,--,--,--,Automatic,-86.78903774063963,36.15528092964524
462917,19I0065001,400205174,DAVIDSON,2025,2025-01-08,1802,Prop Damage (under),0,0,2,--,--,--,--,Automatic,-86.76313988427557,36.09736207857031
463901,19SR011001,400205102,DAVIDSON,2025,2025-01-08,1610,Prop Damage (under),0,0,2,--,--,--,--,Automatic,-86.7266024811929,36.08042598439465
463957,19SR011001,400204981,DAVIDSON,2025,2025-01-08,1213,Prop Damage (under),0,0,2,--,--,--,--,Automatic,-86.75217323192224,36.12502249278101
194695,1901395001,400204598,DAVIDSON,2025,2025-01-07,1351,Suspected Minor Injury,0,1,2,Vehicle in Transport,"SIDESWIPE, SAME DIR",Cloudy,Daylight,Automatic,-86.62659266407347,36.15481762005099
196429,1903258001,400204642,DAVIDSON,2025,2025-01-07,1455,Prop Damage (over),0,0,2,Vehicle in Transport in other Roadway,ANGLE,Clear,Dusk,Automatic,-86.79243932179492,36.17304060046356
197331,1903292001,400204456,DAVIDSON,2025,2025-01-07,617,Suspected Minor Injury,0,1,2,Vehicle in Transport,REAR-END,Clear,Dark-Lighted,Automatic,-86.63104501112123,36.15645095875658
204196,190D514001,400204585,DAVIDSON,2025,2025-01-07,1230,Possible Injury,0,1,3,Vehicle in Transport,"SIDESWIPE, OPP DIR",Clear,Daylight,Automatic,-86.77372428305026,36.23641898837959
205733,190F446001,400204650,DAVIDSON,2025,2025-01-07,1600,Possible Injury,0,1,3,Vehicle in Transport,ANGLE,Clear,Dusk,Automatic,-86.76143025496387,36.10107344008489
206896,19I0024001,400205212,DAVIDSON,2025,2025-01-07,2054,Possible Injury,0,1,2,Vehicle in Transport,REAR-END,Clear,Dark-Not Lighted,Automatic,-86.8348308868688,36.31679646081589
208003,19I0024001,400204730,DAVIDSON,2025,2025-01-07,0,Prop Damage (over),0,0,2,Vehicle in Transport,REAR-END,Cloudy,Dark-Lighted,Automatic,-86.76475573063472,36.16625672264027
209993,19I0024001,400204495,DAVIDSON,2025,2025-01-07,830,Suspected Minor Injury,0,1,2,Vehicle in Transport,REAR-END,Cloudy,Daylight,Automatic,-86.69870718663667,36.083650505359614
213436,19I0040001,400204786,DAVIDSON,2025,2025-01-07,1726,Prop Damage (under),0,0,3,Vehicle in Transport,REAR-END,Clear,Dark-Lighted,Automatic,-86.7632044843479,36.15375357593889
214667,19I0040001,400204792,DAVIDSON,2025,2025-01-07,2108,Prop Damage (over),0,0,2,Vehicle in Transport,"SIDESWIPE, SAME DIR",Clear,Dark-Lighted,Automatic,-86.71981643863438,36.14064237277774
215320,19I0040001,400204796,DAVIDSON,2025,2025-01-07,2147,Suspected Minor Injury,0,1,2,Vehicle in Transport,REAR-END,Clear,Dark-Lighted,Automatic,-86.69712871390507,36.14418701529326
217179,19I0065001,400204466,DAVIDSON,2025,2025-01-07,655,Prop Damage (over),0,0,2,Vehicle in Transport,"SIDESWIPE, SAME DIR",Clear,Dawn,Automatic,-86.80019008550217,36.18059288562039
217347,19I0065001,400204700,DAVIDSON,2025,2025-01-07,1733,Prop Damage (over),0,0,2,Vehicle in Transport,REAR-END,Cloudy,Dark-Lighted,Automatic,-86.78964717005994,36.19059556920798
219144,19I0065001,400204934,DAVIDSON,2025,2025-01-07,1739,Prop Damage (over),0,0,2,Vehicle in Transport,REAR-END,Cloudy,Dark-Not Lighted,Automatic,-86.72566474648148,36.28779163945104
219724,19I0440001,400206253,DAVIDSON,2025,2025-01-07,1630,Prop Damage (over),0,0,2,Vehicle in Transport,"SIDESWIPE, SAME DIR",Clear,Daylight,Automatic,-86.77445232743737,36.11577701020877
219777,19I0440001,400204519,DAVIDSON,2025,2025-01-07,905,Prop Damage (over),0,0,2,Vehicle in Transport,ANGLE,Cloudy,Daylight,Automatic,-86.76013369508956,36.12175570259203
222400,19SR001001,400204663,DAVIDSON,2025,2025-01-07,1612,Prop Damage (over),0,0,2,Vehicle in Transport,ANGLE,Clear,Daylight,Automatic,-86.6295284240871,36.065769991468414
222581,19SR001001,400204727,DAVIDSON,2025,2025-01-07,1910,Prop Damage (over),0,0,2,Vehicle in Transport,ANGLE,Clear,Dark-Lighted,Automatic,-86.6147155007103,36.05044639252385
223659,19SR006001,400204575,DAVIDSON,2025,2025-01-07,1256,Prop Damage (over),0,0,2,Vehicle in Transport,ANGLE,Clear,Daylight,Automatic,-86.74726008644123,36.232518456594974
225507,19SR011001,400204680,DAVIDSON,2025,2025-01-07,1544,Suspected Minor Injury,0,1,2,Vehicle in Transport,REAR-END,Clear,Daylight,Automatic,-86.73092647830346,36.08753246313664
226708,19SR011001,400205061,DAVIDSON,2025,2025-01-07,1750,Suspected Serious Injury,0,2,3,Vehicle in Transport,HEAD-ON,Cloudy,Dark-Lighted,Automatic,-86.72209827865147,36.299310886428735
226860,19SR011701,400204788,DAVIDSON,2025,2025-01-07,1657,Suspected Minor Injury,0,1,2,Vehicle in Transport,ANGLE,Clear,Daylight,Automatic,-86.76782944865192,36.14675136049748
228313,19SR024001,400204769,DAVIDSON,2025,2025-01-07,1927,Prop Damage (over),0,0,2,Vehicle in Transport,ANGLE,Clear,Daylight,Automatic,-86.68366199476247,36.16891258177589
228509,19SR024001,400204799,DAVIDSON,2025,2025-01-07,2112,Prop Damage (over),0,0,2,Vehicle in Transport,REAR-END,Clear,Dark-Lighted,Automatic,-86.6367466396596,36.18511767381044
235089,19SR255001,400204745,DAVIDSON,2025,2025-01-07,1940,Suspected Minor Injury,0,2,2,Vehicle in Transport,ANGLE,Clear,Dark-Lighted,Automatic,-86.67300428307529,36.10618898984872
283291,1901011001,400204603,DAVIDSON,2025,2025-01-07,0,Suspected Minor Injury,0,1,1,Standing Tree,NO COLLISION W/ VEHICLE,Cloudy,Daylight,Automatic,-86.63478830998449,36.07685468200786
318052,19I0024001,400204816,DAVIDSON,2025,2025-01-07,2230,Suspected Minor Injury,0,1,1,Fence,NO COLLISION W/ VEHICLE,Clear,Dark-Lighted,Automatic,-86.65961937929292,36.04560534213711
319318,19I0024001,400204775,DAVIDSON,2025,2025-01-07,0,Prop Damage (over),0,0,2,Parked Motor Vehicle,"SIDESWIPE, SAME DIR",Clear,Dark-Lighted,Automatic,-86.67366990092255,36.05408481930782
324769,1903246001,400204522,DAVIDSON,2025,2025-01-07,1015,Prop Damage (over),0,0,2,Vehicle in Transport,"SIDESWIPE, OPP DIR",Cloudy,Daylight,Automatic,-86.77446603447892,36.16087169001848
324830,1903247001,400204592,DAVIDSON,2025,2025-01-07,1337,Prop Damage (over),0,0,2,Vehicle in Transport,ANGLE,Clear,Daylight,Automatic,-86.77242308613478,36.15367339534461
325263,1903256001,400204601,DAVIDSON,2025,2025-01-07,1300,Prop Damage (over),0,0,2,Vehicle in Transport,REAR-END,Cloudy,Daylight,Automatic,-86.78033749802906,36.13428572467133
329443,190E343001,400204473,DAVIDSON,2025,2025-01-07,643,Prop Damage (over),0,0,2,Vehicle in Transport,ANGLE,Clear,Daylight,Automatic,-86.80747250169505,36.15276769980876
331407,19I0024001,400204578,DAVIDSON,2025,2025-01-07,1259,Prop Damage (over),0,0,2,Vehicle in Transport,REAR-END,Cloudy,Daylight,Automatic,-86.76046649445448,36.15842135643759
332482,19I0024001,400204580,DAVIDSON,2025,2025-01-07,1115,Prop Damage (over),0,0,2,Thrown or Falling Object,NO COLLISION W/ VEHICLE,Cloudy,Daylight,Automatic,-86.6507043651523,36.04044920819325
333026,19I0040001,400204469,DAVIDSON,2025,2025-01-07,630,Prop Damage (over),0,0,2,Vehicle in Transport,"SIDESWIPE, SAME DIR",Cloudy,Dark-Lighted,Automatic,-86.84601007755695,36.15364591335195
334637,19I0040001,400204718,DAVIDSON,2025,2025-01-07,1839,Prop Damage (over),0,0,1,Other Object (not fixed),NO COLLISION W/ VEHICLE,Clear,Dark-Lighted,Automatic,-86.63402914850417,36.15264796039369
334658,19I0040001,400204682,DAVIDSON,2025,2025-01-07,1602,Prop Damage (over),0,0,2,Vehicle in Transport,REAR-END,Clear,Daylight,Automatic,-86.62540891108216,36.1579943898826
334784,19I0065001,400204671,DAVIDSON,2025,2025-01-07,1543,Prop Damage (over),0,0,2,Vehicle in Transport,REAR-END,Cloudy,Daylight,Automatic,-86.78302361975652,36.03513308811392
336252,19I0440001,400205121,DAVIDSON,2025,2025-01-07,1845,Prop Damage (over),0,0,2,Vehicle in Transport,REAR-END,Clear,Dark-Lighted,Automatic,-86.78908625626525,36.11606103096461
337173,19SR001001,400204759,DAVIDSON,2025,2025-01-07,2014,Prop Damage (over),0,0,2,Vehicle in Transport,REAR-END,Clear,Dark-Lighted,Automatic,-86.64870589045191,36.086975273549065
337591,19SR006001,400204632,DAVIDSON,2025,2025-01-07,0,Prop Damage (over),0,0,3,Vehicle in Transport,ANGLE,Cloudy,Daylight,Automatic,-86.77636431086603,36.12418431638713
337736,19SR006001,400204583,DAVIDSON,2025,2025-01-07,1345,Prop Damage (over),0,0,3,Vehicle in Transport,REAR-END,Clear,Daylight,Automatic,-86.77854789747684,36.16753482273099
338656,19SR011001,400204703,DAVIDSON,2025,2025-01-07,1719,Prop Damage (over),0,0,2,Vehicle in Transport,ANGLE,Clear,Dark-Lighted,Automatic,-86.73743344665861,36.09565176803618
339866,19SR024001,400204690,DAVIDSON,2025,2025-01-07,1610,Prop Damage (over),0,0,2,Vehicle in Transport,"SIDESWIPE, SAME DIR",Clear,Daylight,Automatic,-86.60503500464394,36.21437224930415
341485,19SR174001,400204620,DAVIDSON,2025,2025-01-07,1455,Prop Damage (over),0,0,2,Vehicle in Transport,REAR-END,Cloudy,Daylight,Automatic,-86.7013433026091,36.32547244786724
341719,19SR254001,400204483,DAVIDSON,2025,2025-01-07,725,Prop Damage (over),0,0,2,Vehicle in Transport,ANGLE,Cloudy,Daylight,Automatic,-86.74547457433822,36.04050517444454
381678,1901006001,400204710,DAVIDSON,2025,2025-01-07,1554,Prop Damage (over),0,0,2,Vehicle in Transport,REAR-END,Clear,Daylight,Automatic,-86.59761386265995,36.2178616878444
382385,1903245601,400204806,DAVIDSON,2025,2025-01-07,0,Possible Injury,0,1,2,Vehicle in Transport,ANGLE,Clear,Dark-Lighted,Automatic,-86.79315332561593,36.14341153479538
384559,1904883001,400204715,DAVIDSON,2025,2025-01-07,1425,Suspected Minor Injury,0,3,3,Vehicle in Transport,ANGLE,Cloudy,Daylight,Automatic,-86.79856334065956,36.115914475305765
385992,190B461001,400204794,DAVIDSON,2025,2025-01-07,1943,Possible Injury,0,1,2,Vehicle in Transport,ANGLE,Clear,Dark-Lighted,Automatic,-86.68153406263276,36.17529159953082
386108,190B915001,400204613,DAVIDSON,2025,2025-01-07,1354,Prop Damage (over),0,0,2,Vehicle in Transport,ANGLE,Cloudy,Daylight,Automatic,-86.71630715476213,36.04899632376515
388885,19SR006001,400204608,DAVIDSON,2025,2025-01-07,0,Suspected Minor Injury,0,1,2,Vehicle in Transport,ANGLE,Cloudy,Daylight,Automatic,-86.71354813018803,36.25843078351063
392708,19SR155001,400204797,DAVIDSON,2025,2025-01-07,2210,Suspected Minor Injury,0,2,2,Vehicle in Transport,ANGLE,Clear,Dark-Lighted,Automatic,-86.72797417651995,36.10943145734427
393214,19SR254001,400204615,DAVIDSON,2025,2025-01-07,1336,Prop Damage (over),0,0,2,Vehicle in Transport,ANGLE,Cloudy,Daylight,Automatic,-86.76832727582348,36.04030530704156
415525,1903272001,400204554,DAVIDSON,2025,2025-01-07,1130,Prop Damage (over),0,0,2,Vehicle in Transport,ANGLE,Cloudy,Daylight,Automatic,-86.74678921514968,36.17085659328455
417412,19SR024001,400204661,DAVIDSON,2025,2025-01-07,1615,Prop Damage (over),0,0,2,Vehicle in Transport,REAR-END,Clear,Dusk,Automatic,-86.80717735700351,36.15632256409259
438929,19I0065001,400204997,DAVIDSON,2025,2025-01-07,2008,Prop Damage (over),0,0,2,Vehicle in Transport,"SIDESWIPE, SAME DIR",Cloudy,Dark-Not Lighted,Automatic,-86.72072672192414,36.29199724238738
438981,19SR001001,400204666,DAVIDSON,2025,2025-01-07,1340,Prop Damage (over),0,0,2,Vehicle in Transport,REAR-END,Cloudy,Daylight,Automatic,-86.81905538630257,36.13935852750582
447926,19I0040001,400204436,DAVIDSON,2025,2025-01-07,205,Possible Injury,0,1,1,Wall,NO COLLISION W/ VEHICLE,Other,Dark-Not Lighted,Automatic,-86.63445514789298,36.15238370367092
451593,19SR024001,400204636,DAVIDSON,2025,2025-01-07,1530,Possible Injury,0,1,2,Vehicle in Transport,ANGLE,Clear,Daylight,Automatic,-86.60389815650784,36.21487089624651
461157,190A496001,400204763,DAVIDSON,2025,2025-01-07,1730,Prop Damage (under),0,0,2,--,--,--,--,Automatic,-86.71936428098167,36.2494138462171
464484,19SR045001,400204740,DAVIDSON,2025,2025-01-07,1623,Prop Damage (under),0,0,2,--,--,--,--,Automatic,-86.6182905572211,36.19407539450512
464799,19SR155001,400204541,DAVIDSON,2025,2025-01-07,1047,Prop Damage (under),0,0,1,--,--,--,--,Automatic,-86.86679259907727,36.22430046648359
194026,1901008001,400204310,DAVIDSON,2025,2025-01-06,1735,Suspected Minor Injury,0,1,2,Vehicle in Transport,ANGLE,Clear,Dark-Not Lighted,Automatic,-86.65480401607645,35.99191419480137
194178,1901011001,400204430,DAVIDSON,2025,2025-01-06,1937,Prop Damage (over),0,0,2,Vehicle in Transport,"SIDESWIPE, OPP DIR",Clear,Dark-Not Lighted,Automatic,-86.62821522730218,36.085068552545856
194504,1901017001,400204230,DAVIDSON,2025,2025-01-06,1506,Prop Damage (over),0,0,2,Vehicle in Transport,ANGLE,Cloudy,Daylight,Automatic,-86.68966702209775,36.27130388378366
196691,1903267001,400204278,DAVIDSON,2025,2025-01-06,1702,Possible Injury,0,1,2,Vehicle in Transport,ANGLE,Clear,Dark-Lighted,Automatic,-86.77664972023759,36.19571758690441
197135,1903289001,400204302,DAVIDSON,2025,2025-01-06,1717,Prop Damage (over),0,0,2,Vehicle in Transport,HEAD-ON,Cloudy,Dark-Not Lighted,Automatic,-86.7424691839398,36.05575261879672
197551,1904161001,400204383,DAVIDSON,2025,2025-01-06,2000,Prop Damage (over),0,0,2,Vehicle in Transport,ANGLE,Clear,Dark-Lighted,Automatic,-86.7669169234252,36.11041821619854
199629,1904918001,400204272,DAVIDSON,2025,2025-01-06,1613,Prop Damage (over),0,0,3,Vehicle in Transport,ANGLE,Snow,Dusk,Automatic,-86.82134338707338,36.2045926714022
202683,190B369001,400204266,DAVIDSON,2025,2025-01-06,1555,Possible Injury,0,1,2,Vehicle in Transport,REAR-END,Clear,Daylight,Automatic,-86.64947898817636,36.172620591911695
203143,190B821001,400204200,DAVIDSON,2025,2025-01-06,1215,Prop Damage (over),0,0,2,Vehicle in Transport,"SIDESWIPE, SAME DIR",Cloudy,Daylight,Automatic,-86.72129027364947,36.05834478242976
203927,190D276001,400204273,DAVIDSON,2025,2025-01-06,1457,Suspected Minor Injury,0,3,2,Vehicle in Transport,REAR-END,Cloudy,Daylight,Automatic,-86.83989003709287,36.1641649106861
205998,190F718001,400204058,DAVIDSON,2025,2025-01-06,303,Possible Injury,0,1,2,Vehicle in Transport,HEAD-ON,Rain,Dark-Lighted,Automatic,-86.77877997069807,36.16101185607641
206504,190H849001,400204312,DAVIDSON,2025,2025-01-06,1558,Possible Injury,0,3,2,Vehicle in Transport,ANGLE,11,Daylight,Automatic,-86.62946795059989,36.06571235575758
208585,19I0024001,400204159,DAVIDSON,2025,2025-01-06,1127,Prop Damage (over),0,0,2,Vehicle in Transport,REAR-END,Cloudy,Daylight,Automatic,-86.72715548605947,36.13645620070293
209292,19I0024001,400204105,DAVIDSON,2025,2025-01-06,746,Prop Damage (over),0,0,2,Vehicle in Transport,REAR-END,Clear,Daylight,Automatic,-86.72183348605847,36.10965749263369
211915,19I0040001,400205245,DAVIDSON,2025,2025-01-06,2107,Prop Damage (over),0,0,3,Vehicle in Transport,REAR-END,Snow,Dark-Not Lighted,Automatic,-86.9399274097106,36.09038643600368
211918,19I0040001,400207891,DAVIDSON,2025,2025-01-06,2057,Prop Damage (over),0,0,2,Vehicle in Transport,REAR-END,Snow,Dark-Not Lighted,Automatic,-86.93923037801699,36.09125265253613
211957,19I0040001,400204384,DAVIDSON,2025,2025-01-06,1948,Suspected Serious Injury,0,2,2,Vehicle in Transport,ANGLE,Cloudy,Dark-Not Lighted,Automatic,-86.93144296462717,36.104589861278654
212084,19I0040001,400204064,DAVIDSON,2025,2025-01-06,458,Prop Damage (over),0,0,2,Vehicle in Transport,REAR-END,Snow,Dark-Lighted,Automatic,-86.90370330808945,36.12610732435783
212090,19I0040001,400204328,DAVIDSON,2025,2025-01-06,1909,Prop Damage (over),0,0,2,Vehicle in Transport,REAR-END,Cloudy,Dark-Not Lighted,Automatic,-86.90309872997595,36.12641386734238
217813,19I0065001,400204103,DAVIDSON,2025,2025-01-06,735,Possible Injury,0,2,2,Vehicle in Transport,"SIDESWIPE, SAME DIR",Cloudy,Daylight,Automatic,-86.77626471793775,36.19995287597337
219566,19I0440001,400204125,DAVIDSON,2025,2025-01-06,900,Prop Damage (over),0,0,2,Vehicle in Transport,REAR-END,Snow,Daylight,Automatic,-86.80684028765994,36.12304466257204
220931,19SR001001,400204311,DAVIDSON,2025,2025-01-06,1823,Suspected Minor Injury,0,1,2,Vehicle in Transport,REAR-END,Clear,Dark-Lighted,Automatic,-86.73084318118934,36.13833332099615
221087,19SR001001,400204167,DAVIDSON,2025,2025-01-06,959,Possible Injury,0,1,2,Vehicle in Transport,REAR-END,Cloudy,Daylight,Automatic,-86.71981011655568,36.13261985465888
221487,19SR001001,400204389,DAVIDSON,2025,2025-01-06,2228,Suspected Minor Injury,0,1,3,Vehicle in Transport,REAR-END,Clear,Dark-Lighted,Automatic,-86.67060566697754,36.10513146537176
224750,19SR011001,400204393,DAVIDSON,2025,2025-01-06,2240,Prop Damage (over),0,0,2,Vehicle in Transport,ANGLE,Blowing Snow,Dark-Lighted,Automatic,-86.71279738311517,36.03993031099082
229548,19SR045001,400204295,DAVIDSON,2025,2025-01-06,1738,Possible Injury,0,1,2,Vehicle in Transport,REAR-END,Clear,Dark-Lighted,Automatic,-86.61831434406153,36.19409655033876
233364,19SR254001,400204257,DAVIDSON,2025,2025-01-06,1207,Prop Damage (over),0,0,2,Vehicle in Transport,REAR-END,Cloudy,Daylight,Automatic,-86.71366757666974,36.0453021958025
284133,190F258001,400204405,DAVIDSON,2025,2025-01-06,2320,Prop Damage (over),0,0,3,Parked Motor Vehicle,HEAD-ON,Clear,Dark-Lighted,Automatic,-86.82799119262489,36.14917805051129
284433,19I0040001,400204386,DAVIDSON,2025,2025-01-06,1905,Suspected Minor Injury,0,1,1,Concrete Traffic Barrier,NO COLLISION W/ VEHICLE,Snow,Dark-Not Lighted,Automatic,-86.96196048868326,36.0784700858332
297128,19I0040001,400204349,DAVIDSON,2025,2025-01-06,1936,Suspected Minor Injury,0,3,1,Overturn,NO COLLISION W/ VEHICLE,Rain,Dark-Not Lighted,Automatic,-86.9362218146467,36.097265632907295
297130,19I0040001,400204379,DAVIDSON,2025,2025-01-06,1941,Prop Damage (over),0,0,1,Guardrail End,NO COLLISION W/ VEHICLE,Snow,Dark-Lighted,Automatic,-86.93600233000673,36.0977515200901
314101,190A913001,400204333,DAVIDSON,2025,2025-01-06,1915,Prop Damage (over),0,0,2,Parked Motor Vehicle,ANGLE,Clear,Dark-Lighted,Automatic,-86.60031761517443,36.2067041913246
314997,19SR024001,400204351,DAVIDSON,2025,2025-01-06,2044,Prop Damage (over),0,0,1,Concrete Traffic Barrier,NO COLLISION W/ VEHICLE,11,Dark-Not Lighted,Automatic,-86.96768460745363,36.09713002920896
319010,1904516001,400204392,DAVIDSON,2025,2025-01-06,2115,Possible Injury,0,1,1,Curb,NO COLLISION W/ VEHICLE,Cloudy,Dark-Not Lighted,Automatic,-86.9182215834461,36.068696703721095
319220,190F206001,400204104,DAVIDSON,2025,2025-01-06,34,Prop Damage (over),0,0,1,Mail Box,NO COLLISION W/ VEHICLE,Cloudy,Dark-Not Lighted,Automatic,-86.83199641867827,36.12149429416389
319335,19I0040001,400204362,DAVIDSON,2025,2025-01-06,1950,Prop Damage (over),0,0,1,Guardrail Face,NO COLLISION W/ VEHICLE,Snow,Dark-Not Lighted,Automatic,-86.92252670512522,36.11135828523568
319579,19SR251001,400204396,DAVIDSON,2025,2025-01-06,2058,Prop Damage (over),0,0,1,Guardrail Face,NO COLLISION W/ VEHICLE,11,Dark-Not Lighted,Automatic,-86.9545541479394,36.14122988252938
325298,1903256001,400204074,DAVIDSON,2025,2025-01-06,644,Prop Damage (over),0,0,2,Vehicle in Transport,REAR-END,Rain,Daylight,Automatic,-86.77476319763059,36.1342269085255
325545,1903269001,400204132,DAVIDSON,2025,2025-01-06,1035,Prop Damage (over),0,0,2,Vehicle in Transport,ANGLE,Cloudy,Daylight,Automatic,-86.74281020767725,36.15120537013616
326527,1904895001,400204373,DAVIDSON,2025,2025-01-06,1931,Prop Damage (over),0,0,1,Utility Pole,NO COLLISION W/ VEHICLE,Sleet/Hail,Dark-Not Lighted,Automatic,-86.94829738928141,36.05495829808509
328040,190B428001,400204322,DAVIDSON,2025,2025-01-06,1845,Prop Damage (over),0,0,2,Vehicle in Transport,ANGLE,Clear,Dark-Lighted,Automatic,-86.69576132310829,36.231867533732405
329206,190E238001,400204189,DAVIDSON,2025,2025-01-06,1330,Prop Damage (over),0,0,2,Vehicle in Transport,ANGLE,Clear,Daylight,Automatic,-86.79242694425251,36.1689039692051
332828,19I0040001,400204410,DAVIDSON,2025,2025-01-06,2234,Prop Damage (over),0,0,1,Concrete Traffic Barrier,NO COLLISION W/ VEHICLE,Clear,Dark-Lighted,Automatic,-86.93034326638318,36.10550548192506
334649,19I0040001,400204357,DAVIDSON,2025,2025-01-06,1900,Prop Damage (over),0,0,2,Vehicle in Transport,"SIDESWIPE, SAME DIR",Cloudy,Dark-Lighted,Automatic,-86.62861882401504,36.156003923698975
336677,19SR001001,400204124,DAVIDSON,2025,2025-01-06,0,Prop Damage (over),0,0,2,Parked Motor Vehicle,"SIDESWIPE, SAME DIR",Blowing Snow,Daylight,Automatic,-86.8008975429639,36.15059496712131
338315,19SR006001,400204382,DAVIDSON,2025,2025-01-06,1937,Prop Damage (over),0,0,2,Vehicle in Transport,ANGLE,Clear,Dusk,Automatic,-86.6855819015328,36.3068897643345
339988,19SR045001,400204317,DAVIDSON,2025,2025-01-06,1725,Prop Damage (over),0,0,2,Vehicle in Transport,REAR-END,Cloudy,Dark-Lighted,Automatic,-86.73554309540218,36.264279484096406
340897,19SR155001,400204199,DAVIDSON,2025,2025-01-06,1237,Prop Damage (over),0,0,2,Vehicle in Transport,REAR-END,Rain,OTHER,Automatic,-86.70012934674483,36.1389375247696
382447,1903246001,400204338,DAVIDSON,2025,2025-01-06,1955,Prop Damage (over),0,0,3,Vehicle in Transport,"SIDESWIPE, SAME DIR",11,Dark-Lighted,Automatic,-86.76900226855092,36.15237155390442
386844,19I0440001,400204154,DAVIDSON,2025,2025-01-06,1115,Prop Damage (over),0,0,2,Vehicle in Transport,ANGLE,Clear,Daylight,Automatic,-86.75110687123036,36.1228587336641
393644,19SR254001,400204186,DAVIDSON,2025,2025-01-06,1250,Prop Damage (over),0,0,2,Vehicle in Transport,ANGLE,Clear,Daylight,Automatic,-86.64233998123493,36.05501733236238
414635,19SR045001,400204152,DAVIDSON,2025,2025-01-06,1121,Prop Damage (over),0,0,1,Traffic Signal Support,NO COLLISION W/ VEHICLE,11,Daylight,Automatic,-86.69032098473076,36.26390200010309
417661,19SR045001,400204309,DAVIDSON,2025,2025-01-06,1535,Prop Damage (over),0,0,2,Vehicle in Transport,ANGLE,Clear,Daylight,Automatic,-86.65399199126891,36.255880774788274
418166,19SR255001,400204502,DAVIDSON,2025,2025-01-06,1721,Prop Damage (over),0,0,2,Vehicle in Transport,REAR-END,Clear,Dark-Lighted,Automatic,-86.66640843049063,36.1406159735452
427758,190B768001,400204099,DAVIDSON,2025,2025-01-06,630,Prop Damage (over),0,0,2,Vehicle in Transport,ANGLE,Snow,Dark-Lighted,Automatic,-86.66523803332348,36.07073936883379
428466,19SR006001,400204401,DAVIDSON,2025,2025-01-06,2150,Prop Damage (over),0,0,2,Vehicle in Transport,ANGLE,Clear,Dark-Lighted,Automatic,-86.72034214694452,36.24800576143668
428620,19SR011001,400204151,DAVIDSON,2025,2025-01-06,1112,Suspected Minor Injury,0,2,2,Vehicle in Transport,REAR-END,Snow,Daylight,Automatic,-86.7142351323275,36.05155183989508
445446,19SR012001,400204116,DAVIDSON,2025,2025-01-06,837,Possible Injury,0,1,2,Vehicle in Transport,REAR-END,Snow,Daylight,Automatic,-86.87263516428266,36.210087816990495
449301,19I0040001,400204363,DAVIDSON,2025,2025-01-06,2005,Prop Damage (over),0,0,2,Vehicle in Transport,"SIDESWIPE, SAME DIR",Blowing Snow,Dark-Lighted,Automatic,-86.89625993232384,36.13310748531974
449598,19I0440001,400204282,DAVIDSON,2025,2025-01-06,1706,Prop Damage (over),0,0,1,Utility Pole,NO COLLISION W/ VEHICLE,Snow,Dusk,Automatic,-86.8040015323025,36.12156920706592
452424,19SR024001,400204254,DAVIDSON,2025,2025-01-06,1425,Suspected Minor Injury,0,1,2,Vehicle in Transport,ANGLE,Unknown,Daylight,Automatic,-86.86967631951688,36.146887004179
460236,1903241001,400204320,DAVIDSON,2025,2025-01-06,1327,Prop Damage (under),0,0,2,--,--,--,--,Automatic,-86.79060831856276,36.16207157603841
460595,1903269001,400204181,DAVIDSON,2025,2025-01-06,1258,Prop Damage (under),0,0,2,--,--,--,--,Automatic,-86.74407421136503,36.14465753505769
460958,1904921001,400204307,DAVIDSON,2025,2025-01-06,1805,Prop Damage (under),0,0,1,--,--,--,--,Automatic,-86.84907445062134,36.21726170044167
463092,19I0065001,400204239,DAVIDSON,2025,2025-01-06,1515,Prop Damage (under),0,0,2,--,--,--,--,Automatic,-86.7733250201252,36.22335170650469
464866,19SR251001,400204359,DAVIDSON,2025,2025-01-06,2100,Prop Damage (under),0,0,1,--,--,--,--,Automatic,-86.92167251740551,36.09135986986521
200750,1904961001,400203783,DAVIDSON,2025,2025-01-05,1201,Suspected Minor Injury,0,1,1,Overturn,NO COLLISION W/ VEHICLE,Rain,Daylight,Automatic,-86.65043216529114,36.056417741151705
201191,1905333001,400204012,DAVIDSON,2025,2025-01-05,2150,Suspected Minor Injury,0,1,3,Vehicle in Transport,ANGLE,Clear,Dark-Lighted,Automatic,-86.75620954763825,36.16994332946332
208700,19I0024001,400204160,DAVIDSON,2025,2025-01-05,2042,Prop Damage (over),0,0,2,Vehicle in Transport,REAR-END,Rain,Dark-Lighted,Automatic,-86.72709102968318,36.13441160816199
209739,19I0024001,400203728,DAVIDSON,2025,2025-01-05,800,Prop Damage (over),0,0,1,Unknown Harmful Event,UNKNOWN,Rain,Daylight,Automatic,-86.70713521221482,36.09470548166029
210462,19I0024001,400203862,DAVIDSON,2025,2025-01-05,1540,Prop Damage (over),0,0,2,Vehicle in Transport,ANGLE,Clear,Dusk,Automatic,-86.68448450291055,36.064402582590176
211209,19I0024001,400203790,DAVIDSON,2025,2025-01-05,1219,Prop Damage (over),0,0,2,Vehicle in Transport,REAR-END,Rain,Daylight,Automatic,-86.64993231394087,36.040002664769816
211956,19I0040001,400203920,DAVIDSON,2025,2025-01-05,1726,Prop Damage (over),0,0,2,Vehicle in Transport,ANGLE,Rain,Dark-Not Lighted,Automatic,-86.93258989567488,36.103464846332805
213565,19I0040001,400203696,DAVIDSON,2025,2025-01-05,0,Possible Injury,0,1,2,Vehicle in Transport,ANGLE,Sleet/Hail,Dark-Lighted,Automatic,-86.75740232993961,36.15365613814814
214327,19I0040001,400203689,DAVIDSON,2025,2025-01-05,0,Prop Damage (over),0,0,2,Vehicle in Transport,REAR-END,Clear,Dark-Lighted,Automatic,-86.73636575407323,36.142742698003566
215637,19I0040001,400204137,DAVIDSON,2025,2025-01-05,1849,Suspected Minor Injury,0,1,2,Vehicle in Transport,ANGLE,Rain,Dark-Lighted,Automatic,-86.6803401842803,36.14226429967491
217340,19I0065001,400203999,DAVIDSON,2025,2025-01-05,2106,Prop Damage (over),0,0,2,Vehicle in Transport,ANGLE,Rain,Dark-Lighted,Automatic,-86.78970737720913,36.19056491458058
217641,19I0065001,400204021,DAVIDSON,2025,2025-01-05,2310,Suspected Minor Injury,0,1,1,Overturn,NO COLLISION W/ VEHICLE,Cloudy,Dark-Lighted,Automatic,-86.77552350670943,36.19522063321181
217701,19I0065001,400203904,DAVIDSON,2025,2025-01-05,1442,Prop Damage (over),0,0,3,Vehicle in Transport,REAR-END,Cloudy,Daylight,Automatic,-86.77557917725548,36.19649770089818
218075,19I0065001,400203744,DAVIDSON,2025,2025-01-05,920,Suspected Minor Injury,0,1,2,Vehicle in Transport,ANGLE,Rain,Daylight,Automatic,-86.7762333859244,36.20656018660007
218459,19I0065001,400203900,DAVIDSON,2025,2025-01-05,1650,Prop Damage (over),0,0,2,Vehicle in Transport,"SIDESWIPE, OPP DIR",Rain,Daylight,Automatic,-86.7710552272968,36.230420131070765
218482,19I0065001,400203761,DAVIDSON,2025,2025-01-05,1040,Prop Damage (over),0,0,2,Vehicle in Transport,REAR-END,Cloudy,Daylight,Automatic,-86.76631825523548,36.23439685565385
221063,19SR001001,400203695,DAVIDSON,2025,2025-01-05,333,Prop Damage (over),0,0,2,Vehicle in Transport,"SIDESWIPE, SAME DIR",Rain,Dark-Lighted,Automatic,-86.72217492652833,36.133725678561966
221091,19SR001001,400203855,DAVIDSON,2025,2025-01-05,0,Prop Damage (over),0,0,2,Vehicle in Transport,REAR-END,Cloudy,Daylight,Automatic,-86.71956013487865,36.13252718093584
221539,19SR001001,400203947,DAVIDSON,2025,2025-01-05,1900,Prop Damage (over),0,0,2,Vehicle in Transport,HEAD-ON,Rain,Dark-Lighted,Automatic,-86.66550449785109,36.10259785743086
223665,19SR006001,400203702,DAVIDSON,2025,2025-01-05,0,Prop Damage (over),0,0,1,Unknown Harmful Event,UNKNOWN,11,Dark-Lighted,Automatic,-86.74661856683124,36.233893635149485
225391,19SR011001,400203942,DAVIDSON,2025,2025-01-05,1827,Suspected Minor Injury,0,1,1,Pedestrian,NO COLLISION W/ VEHICLE,Rain,Dark-Lighted,Automatic,-86.72721114938545,36.08244264696903
228921,19SR045001,400203722,DAVIDSON,2025,2025-01-05,700,Possible Injury,0,3,2,Vehicle in Transport,HEAD-ON,Rain,Daylight,Automatic,-86.76318309028757,36.27361616138567
232725,19SR251001,400203975,DAVIDSON,2025,2025-01-05,1845,Prop Damage (over),0,0,2,Vehicle in Transport,ANGLE,Rain,Dark-Lighted,Automatic,-86.92231552888265,36.10687664824796
233777,19SR254001,400203688,DAVIDSON,2025,2025-01-05,0,Prop Damage (over),0,0,2,Vehicle in Transport,REAR-END,Clear,Dark-Lighted,Automatic,-86.66693905659183,36.04491810795777
281604,19I0040001,400203973,DAVIDSON,2025,2025-01-05,1944,Possible Injury,0,1,1,Concrete Traffic Barrier,NO COLLISION W/ VEHICLE,Rain,Dark-Lighted,Automatic,-86.9368350784674,36.09590799051727
281665,19I0040001,400203938,DAVIDSON,2025,2025-01-05,1911,Suspected Minor Injury,0,1,1,Guardrail End,NO COLLISION W/ VEHICLE,Rain,Dark-Not Lighted,Automatic,-86.62930055233849,36.155581157906624
284545,19I0040001,400203725,DAVIDSON,2025,2025-01-05,750,Suspected Minor Injury,0,1,1,Concrete Traffic Barrier,NO COLLISION W/ VEHICLE,Rain,Daylight,Automatic,-86.75350842441532,36.15211930575689
285135,19SR155001,400203944,DAVIDSON,2025,2025-01-05,1957,Prop Damage (over),0,0,1,Concrete Traffic Barrier,NO COLLISION W/ VEHICLE,Rain,Dark-Lighted,Automatic,-86.68950138953656,36.17380770340509
295361,190B220001,400204020,DAVIDSON,2025,2025-01-05,2050,Prop Damage (over),0,0,2,Parked Motor Vehicle,REAR-END,Rain,Dark-Lighted,Automatic,-86.62297562466757,36.06957382231864
296909,19I0024001,400203829,DAVIDSON,2025,2025-01-05,1334,Prop Damage (over),0,0,1,Standing Tree,NO COLLISION W/ VEHICLE,Rain,Daylight,Automatic,-86.84075538242588,36.31838802273997
297463,19I0065001,400203721,DAVIDSON,2025,2025-01-05,752,Prop Damage (over),0,0,1,Guardrail End,NO COLLISION W/ VEHICLE,Rain,Daylight,Automatic,-86.71525233501622,36.29635936114624
313548,1901002001,400203996,DAVIDSON,2025,2025-01-05,2008,Possible Injury,0,1,1,Ditch,NO COLLISION W/ VEHICLE,Rain,DARK-UNKNOWN LIGHTING,Automatic,-86.79091314985524,36.08836038946941
314801,19I0040001,400203988,DAVIDSON,2025,2025-01-05,1745,Possible Injury,0,1,1,Concrete Traffic Barrier,NO COLLISION W/ VEHICLE,Rain,Dark-Lighted,Automatic,-86.69184624216922,36.143942281326936
318087,19I0040001,400203927,DAVIDSON,2025,2025-01-05,1845,Suspected Minor Injury,0,1,1,Concrete Traffic Barrier,NO COLLISION W/ VEHICLE,Rain,Dark-Not Lighted,Automatic,-86.87489046283329,36.14870227481195
318098,19I0040001,400203986,DAVIDSON,2025,2025-01-05,1606,Prop Damage (over),0,0,1,Guardrail Face,NO COLLISION W/ VEHICLE,Cloudy,Daylight,Automatic,-86.80546062816312,36.17033635123734
318188,19I0440001,400204032,DAVIDSON,2025,2025-01-05,2015,Prop Damage (over),0,0,1,Concrete Traffic Barrier,NO COLLISION W/ VEHICLE,Rain,Dark-Lighted,Automatic,-86.76552355097415,36.12027960612204
318197,19SR001001,400203908,DAVIDSON,2025,2025-01-05,1620,Possible Injury,0,1,1,Standing Tree,NO COLLISION W/ VEHICLE,Rain,Daylight,Automatic,-86.59323444995842,36.03078364890948
319069,190A090001,400203678,DAVIDSON,2025,2025-01-05,152,Prop Damage (over),0,0,1,Mail Box,NO COLLISION W/ VEHICLE,Clear,Dark-Lighted,Automatic,-86.85798007530924,36.21498818484791
319231,190F510001,400204047,DAVIDSON,2025,2025-01-05,2245,Prop Damage (over),0,0,2,Parked Motor Vehicle,ANGLE,Rain,Dark-Lighted,Automatic,-86.74151199831637,36.11707829738699
319292,19I0024001,400203952,DAVIDSON,2025,2025-01-05,0,Prop Damage (over),0,0,1,Guardrail End,NO COLLISION W/ VEHICLE,Rain,Dark-Lighted,Automatic,-86.72398736235779,36.11334328867109
319399,19I0065001,400203907,DAVIDSON,2025,2025-01-05,0,Prop Damage (over),0,0,1,Utility Pole,NO COLLISION W/ VEHICLE,Rain,DARK-UNKNOWN LIGHTING,Automatic,-86.77548876952486,36.13473471155541
324981,1903252001,400204226,DAVIDSON,2025,2025-01-05,1800,Prop Damage (over),0,0,2,Vehicle in Transport,"SIDESWIPE, SAME DIR",Rain,Dark-Lighted,Automatic,-86.75144841848692,36.17829276334825
327239,1905333001,400203778,DAVIDSON,2025,2025-01-05,1135,Prop Damage (over),0,0,2,Vehicle in Transport,"SIDESWIPE, SAME DIR",Cloudy,Daylight,Automatic,-86.76785797693185,36.16497288116066
332095,19I0024001,400203992,DAVIDSON,2025,2025-01-05,2024,Prop Damage (over),0,0,1,Concrete Traffic Barrier,NO COLLISION W/ VEHICLE,Rain,Dark-Lighted,Automatic,-86.69515298392514,36.07785120722218
334722,19I0040001,400204027,DAVIDSON,2025,2025-01-05,2318,Prop Damage (over),0,0,2,Vehicle in Transport,REAR-END,Clear,Dark-Lighted,Automatic,-86.61187213683331,36.16638699764378
337080,19SR001001,400203943,DAVIDSON,2025,2025-01-05,1842,Prop Damage (over),0,0,2,Vehicle in Transport,REAR-END,Rain,Dark-Lighted,Automatic,-86.6708133895462,36.105220408874295
340944,19SR155001,400204190,DAVIDSON,2025,2025-01-05,1544,Prop Damage (over),0,0,1,Wall,NO COLLISION W/ VEHICLE,Rain,Daylight,Automatic,-86.69097702682781,36.15301373712768
341132,19SR155001,400203940,DAVIDSON,2025,2025-01-05,1827,Prop Damage (over),0,0,1,Concrete Traffic Barrier,NO COLLISION W/ VEHICLE,Rain,Dark-Not Lighted,Automatic,-86.7698234094631,36.2400940427087
382049,1901952001,400203801,DAVIDSON,2025,2025-01-05,1206,Prop Damage (over),0,0,2,Vehicle in Transport,REAR-END,Rain,Daylight,Automatic,-86.60768843473817,36.187940220143744
382793,1903252001,400203701,DAVIDSON,2025,2025-01-05,328,Possible Injury,0,4,2,Vehicle in Transport,HEAD-ON,Rain,Dark-Lighted,Automatic,-86.74835421848942,36.1838276213373
382904,1903252001,400203687,DAVIDSON,2025,2025-01-05,0,Prop Damage (over),0,0,2,Vehicle in Transport,ANGLE,Rain,Dark-Lighted,Automatic,-86.73850019379833,36.20358366487028
386818,19I0040001,400203864,DAVIDSON,2025,2025-01-05,1750,Suspected Minor Injury,0,1,3,Vehicle in Transport,ANGLE,Cloudy,Daylight,Automatic,-86.80546062816312,36.17033635123734
388840,19SR006001,400204005,DAVIDSON,2025,2025-01-05,2236,Suspected Minor Injury,0,1,2,Vehicle in Transport,ANGLE,Rain,Dark-Lighted,Automatic,-86.7167791385336,36.25324677215802
391457,19SR024901,400203708,DAVIDSON,2025,2025-01-05,550,Prop Damage (over),0,0,2,Vehicle in Transport,"SIDESWIPE, SAME DIR",Rain,Dark-Not Lighted,Automatic,-86.79060131821717,36.15842256782164
393248,19SR254001,400203966,DAVIDSON,2025,2025-01-05,1817,Possible Injury,0,1,2,Vehicle in Transport,REAR-END,Rain,DARK-UNKNOWN LIGHTING,Automatic,-86.74347221820676,36.0400143048366
428162,19SR001001,400203886,DAVIDSON,2025,2025-01-05,1638,Prop Damage (over),0,0,3,Vehicle in Transport,"SIDESWIPE, OPP DIR",Clear,Daylight,Automatic,-86.70485112184376,36.12177648245048
429907,19SR255001,400204016,DAVIDSON,2025,2025-01-05,351,Prop Damage (over),0,0,2,Vehicle in Transport,REAR-END,Rain,Dark-Lighted,Automatic,-86.66396859287907,36.13309019492088
448866,19I0024001,400203720,DAVIDSON,2025,2025-01-05,0,Prop Damage (over),0,0,1,Ditch,NO COLLISION W/ VEHICLE,Unknown,Unknown,Automatic,-86.65992528649636,36.04578226204063
452338,19SR001001,400204240,DAVIDSON,2025,2025-01-05,8,Suspected Serious Injury,0,1,2,Vehicle in Transport,HEAD-ON,Cloudy,Dark-Lighted,Automatic,-86.64381984885397,36.0789072362006
461217,190A905001,400204003,DAVIDSON,2025,2025-01-05,1835,Prop Damage (under),0,0,1,--,--,--,--,Automatic,-86.59691361368566,36.20524522614413
194955,1903244001,400203358,DAVIDSON,2025,2025-01-04,25,Suspected Serious Injury,0,1,1,Pedalcycle,NO COLLISION W/ VEHICLE,Clear,Dark-Lighted,Automatic,-86.76538982618116,36.1716241368412
200899,1904964001,400203525,DAVIDSON,2025,2025-01-04,1505,Prop Damage (over),0,0,2,Vehicle in Transport,ANGLE,Clear,Daylight,Automatic,-86.62487771959711,36.0740227939455
202177,190A663001,400203578,DAVIDSON,2025,2025-01-04,1630,Prop Damage (over),0,0,3,Vehicle in Transport,REAR-END,Clear,Daylight,Automatic,-86.6926466306213,36.302130390959285
204684,190E169001,400203445,DAVIDSON,2025,2025-01-04,1029,Prop Damage (over),0,0,2,Vehicle in Transport,ANGLE,Clear,Daylight,Automatic,-86.73758419444938,36.1689905885577
208705,19I0024001,400203608,DAVIDSON,2025,2025-01-04,1750,Suspected Minor Injury,0,1,2,Vehicle in Transport,"SIDESWIPE, SAME DIR",Cloudy,Dark-Lighted,Automatic,-86.7270912111048,36.13439708576213
210027,19I0024001,400203385,DAVIDSON,2025,2025-01-04,550,Prop Damage (over),0,0,2,Vehicle in Transport,ANGLE,Clear,Dark-Lighted,Automatic,-86.69814138260057,36.08272732776645
211543,19I0024001,400203574,DAVIDSON,2025,2025-01-04,1330,Prop Damage (over),0,0,2,Vehicle in Transport,"SIDESWIPE, SAME DIR",Clear,Daylight,Automatic,-86.62775313855593,36.02078350478345
213560,19I0040001,400203560,DAVIDSON,2025,2025-01-04,1515,Prop Damage (over),0,0,2,Vehicle in Transport,"SIDESWIPE, SAME DIR",Clear,Daylight,Automatic,-86.75746853455257,36.15367949270933
213613,19I0040001,400203486,DAVIDSON,2025,2025-01-04,1320,Suspected Minor Injury,0,1,2,Vehicle in Transport,REAR-END,Clear,Daylight,Automatic,-86.75629944462493,36.153254507590994
215121,19I0040001,400203524,DAVIDSON,2025,2025-01-04,1440,Prop Damage (over),0,0,2,Vehicle in Transport,REAR-END,Clear,Daylight,Automatic,-86.70604536159966,36.142903946210566
216969,19I0065001,400203507,DAVIDSON,2025,2025-01-04,1359,Possible Injury,0,1,2,Vehicle in Transport,REAR-END,Clear,Daylight,Automatic,-86.77481589551878,36.132941828658375
217509,19I0065001,400203467,DAVIDSON,2025,2025-01-04,1200,Possible Injury,0,1,2,Vehicle in Transport,ANGLE,Clear,Daylight,Automatic,-86.78014750293993,36.19187876682324
222123,19SR001001,400203603,DAVIDSON,2025,2025-01-04,1852,Suspected Minor Injury,0,1,2,Vehicle in Transport,ANGLE,Clear,Dark-Lighted,Automatic,-86.63617753875086,36.07189915659325
225147,19SR011001,400203497,DAVIDSON,2025,2025-01-04,0,Suspected Minor Injury,0,2,2,Vehicle in Transport,ANGLE,Clear,Daylight,Automatic,-86.72394485727936,36.07193049913984
228859,19SR024901,400203686,DAVIDSON,2025,2025-01-04,2252,Suspected Serious Injury,0,2,2,Vehicle in Transport,OTHER,Clear,Dark-Lighted,Automatic,-86.79282049135057,36.161094741076
230956,19SR155001,400203642,DAVIDSON,2025,2025-01-04,2232,Prop Damage (over),0,0,2,Vehicle in Transport,REAR-END,Clear,Dark-Lighted,Automatic,-86.74038753845929,36.11052352672496
234314,19SR255001,400203619,DAVIDSON,2025,2025-01-04,1923,Possible Injury,0,2,2,Vehicle in Transport,REAR-END,Clear,DARK-UNKNOWN LIGHTING,Automatic,-86.76565060426373,36.082760302057935
234856,19SR255001,400203514,DAVIDSON,2025,2025-01-04,0,Suspected Minor Injury,0,2,2,Vehicle in Transport,ANGLE,Clear,Daylight,Automatic,-86.69698087395403,36.08686022538316
284514,19I0040001,400203347,DAVIDSON,2025,2025-01-04,140,Prop Damage (over),0,0,1,Concrete Traffic Barrier,NO COLLISION W/ VEHICLE,Clear,Dark-Lighted,Automatic,-86.7935693950825,36.162399523542085
295902,190D256001,400203596,DAVIDSON,2025,2025-01-04,300,Prop Damage (over),0,0,2,Parked Motor Vehicle,ANGLE,Clear,Dark-Lighted,Automatic,-86.85046721742198,36.16269175611335
298126,19SR100001,400203601,DAVIDSON,2025,2025-01-04,1855,Prop Damage (over),0,0,1,Shrubbery,NO COLLISION W/ VEHICLE,Clear,Dark-Not Lighted,Automatic,-86.92932688308888,36.05421435248485
324425,1901017001,400203552,DAVIDSON,2025,2025-01-04,1507,Prop Damage (over),0,0,2,Vehicle in Transport,ANGLE,Cloudy,Daylight,Automatic,-86.69029350776496,36.26411573328484
327707,190A623001,400203636,DAVIDSON,2025,2025-01-04,2123,Prop Damage (over),0,0,1,Mail Box,NO COLLISION W/ VEHICLE,Clear,Dark-Lighted,Automatic,-86.70565254945967,36.26535425730558
328105,190B625001,400203356,DAVIDSON,2025,2025-01-04,0,Prop Damage (over),0,0,2,Vehicle in Transport,ANGLE,Clear,Dark-Not Lighted,Automatic,-86.70381511850292,36.12380848714099
331567,19I0024001,400203588,DAVIDSON,2025,2025-01-04,1820,Prop Damage (over),0,0,2,Vehicle in Transport,REAR-END,Clear,Dark-Lighted,Automatic,-86.7271011923953,36.13359833924697
333821,19I0040001,400203533,DAVIDSON,2025,2025-01-04,1424,Prop Damage (over),0,0,2,Vehicle in Transport,"SIDESWIPE, SAME DIR",Cloudy,Daylight,Automatic,-86.74712434161634,36.14922601726103
335212,19I0065001,400203515,DAVIDSON,2025,2025-01-04,1425,Prop Damage (over),0,0,2,Vehicle in Transport,REAR-END,Clear,Daylight,Automatic,-86.79298845730283,36.188716930023
335451,19I0065001,400203554,DAVIDSON,2025,2025-01-04,1550,Prop Damage (over),0,0,2,Vehicle in Transport,"SIDESWIPE, SAME DIR",Clear,Daylight,Automatic,-86.77658060670879,36.20215871840559
338840,19SR011001,400203626,DAVIDSON,2025,2025-01-04,1915,Prop Damage (over),0,0,2,Vehicle in Transport,"SIDESWIPE, SAME DIR",Clear,Dark-Lighted,Automatic,-86.76735578645031,36.20831609777788
381730,1901011001,400203488,DAVIDSON,2025,2025-01-04,1339,Prop Damage (over),0,0,2,Vehicle in Transport,ANGLE,Clear,Daylight,Automatic,-86.63503596321422,36.0747463752052
391718,19SR045001,400203487,DAVIDSON,2025,2025-01-04,1355,Suspected Minor Injury,0,1,2,Vehicle in Transport,REAR-END,Clear,Daylight,Automatic,-86.6620270097486,36.26338379143185
391954,19SR045001,400203401,DAVIDSON,2025,2025-01-04,555,Prop Damage (over),0,0,2,Vehicle in Transport,ANGLE,Cloudy,Daylight,Automatic,-86.60217753366555,36.173620731374655
415043,1901011001,400203597,DAVIDSON,2025,2025-01-04,1816,Prop Damage (over),0,0,2,Vehicle in Transport,ANGLE,Clear,Daylight,Automatic,-86.63253495705237,36.07937038544652
416886,19SR006001,400203629,DAVIDSON,2025,2025-01-04,2145,Prop Damage (over),0,0,2,Vehicle in Transport,ANGLE,Clear,Dark-Lighted,Automatic,-86.76903926676722,36.17144059584725
427805,190D528001,400203466,DAVIDSON,2025,2025-01-04,1124,Possible Injury,0,1,2,Vehicle in Transport,ANGLE,Clear,--,Automatic,-86.77348127277898,36.23141372769629
428340,19SR001001,400203586,DAVIDSON,2025,2025-01-04,1730,Prop Damage (over),0,0,2,Vehicle in Transport,"SIDESWIPE, OPP DIR",Clear,Dark-Lighted,Automatic,-86.6065538993667,36.0428363040548
429889,19SR255001,400203420,DAVIDSON,2025,2025-01-04,0,Prop Damage (over),0,0,2,Vehicle in Transport,REAR-END,Cloudy,Daylight,Automatic,-86.69222509483164,36.08742540652
438592,1903252001,400203516,DAVIDSON,2025,2025-01-04,1411,Prop Damage (over),0,0,2,Vehicle in Transport,ANGLE,Clear,Daylight,Automatic,-86.74434620753966,36.19273464093662
438716,1904510001,400203443,DAVIDSON,2025,2025-01-04,1002,Prop Damage (over),0,0,2,Vehicle in Transport,ANGLE,Clear,Daylight,Automatic,-86.72331715836168,36.19542064617219
438837,190B801001,400203412,DAVIDSON,2025,2025-01-04,515,Prop Damage (over),0,0,2,Vehicle in Transport,ANGLE,Clear,Dawn,Automatic,-86.6452079858024,36.07889738537827
452148,1903267001,400203374,DAVIDSON,2025,2025-01-04,225,Suspected Minor Injury,0,3,2,Vehicle in Transport,OTHER,Clear,Dark-Lighted,Automatic,-86.7748391502438,36.19547702505566
461114,190A082001,400203566,DAVIDSON,2025,2025-01-04,1656,Prop Damage (under),0,0,2,--,--,--,--,Automatic,-86.82372539179512,36.21017968323287
463474,19SR001001,400203551,DAVIDSON,2025,2025-01-04,1509,Prop Damage (under),0,0,2,--,--,--,--,Automatic,-86.65239352523773,36.09303064388712
463916,19SR011001,400203631,DAVIDSON,2025,2025-01-04,1415,Prop Damage (under),0,0,2,--,--,--,--,Automatic,-86.72824920232406,36.08491362515986
464125,19SR024001,400203531,DAVIDSON,2025,2025-01-04,1417,Prop Damage (under),0,0,2,--,--,--,--,Automatic,-86.90083739614165,36.13001284245004
195639,1903252001,400203176,DAVIDSON,2025,2025-01-03,1424,Suspected Minor Injury,0,1,3,Vehicle in Transport,REAR-END,Clear,Daylight,Automatic,-86.74525067309206,36.19092144269957
195698,1903252001,400203127,DAVIDSON,2025,2025-01-03,1250,Suspected Minor Injury,0,1,2,Vehicle in Transport,REAR-END,Clear,Daylight,Automatic,-86.74215498071977,36.19686409437774
195874,1903252001,400203184,DAVIDSON,2025,2025-01-03,1530,Suspected Minor Injury,0,1,1,Pedestrian,NO COLLISION W/ VEHICLE,Clear,Daylight,Automatic,-86.72829454310099,36.21795475778328
196785,1903268001,400203352,DAVIDSON,2025,2025-01-03,1830,Suspected Minor Injury,0,1,1,Pedestrian,NO COLLISION W/ VEHICLE,Clear,Dark-Lighted,Automatic,-86.78117703155165,36.2355883558408
197299,1903289001,400202947,DAVIDSON,2025,2025-01-03,30,Suspected Minor Injury,0,1,2,Vehicle in Transport,ANGLE,Clear,Dark-Lighted,Automatic,-86.70585359197942,36.08418167925677
200315,1904947001,400203277,DAVIDSON,2025,2025-01-03,1623,Prop Damage (over),0,0,2,Vehicle in Transport,ANGLE,Unknown,Daylight,Automatic,-86.72888156344882,36.10088875324056
202502,190B301001,400203209,DAVIDSON,2025,2025-01-03,1625,Suspected Minor Injury,0,2,2,Vehicle in Transport,ANGLE,Clear,Daylight,Automatic,-86.61394081918922,36.05996124503992
204466,190D813001,400203537,DAVIDSON,2025,2025-01-03,2130,Suspected Minor Injury,0,1,2,Vehicle in Transport,REAR-END,Clear,Dark-Lighted,Automatic,-86.72559216116149,36.224166709467625
206763,19I0024001,400204723,DAVIDSON,2025,2025-01-03,1837,Prop Damage (over),0,0,2,Vehicle in Transport,REAR-END,Cloudy,Dark-Not Lighted,Automatic,-86.86706211120267,36.32382434654595
208626,19I0024001,400203144,DAVIDSON,2025,2025-01-03,1400,Prop Damage (over),0,0,3,Vehicle in Transport,HEAD-ON,Clear,Daylight,Automatic,-86.72707850704145,36.13541365995376
211086,19I0024001,400203006,DAVIDSON,2025,2025-01-03,804,Prop Damage (over),0,0,2,Vehicle in Transport,REAR-END,Clear,Daylight,Automatic,-86.6557154192052,36.04334746897046
213452,19I0040001,400203330,DAVIDSON,2025,2025-01-03,2251,Prop Damage (over),0,0,2,Vehicle in Transport,REAR-END,Clear,Dark-Lighted,Automatic,-86.76247842014803,36.15402315729374
216563,19I0065001,400203228,DAVIDSON,2025,2025-01-03,1415,Prop Damage (under),0,0,2,Vehicle in Transport,"SIDESWIPE, SAME DIR",Clear,Daylight,Automatic,-86.76309647608964,36.08590848842476
217100,19I0065001,400203203,DAVIDSON,2025,2025-01-03,1450,Prop Damage (under),0,0,2,Vehicle in Transport,REAR-END,Clear,Daylight,Automatic,-86.77705671732579,36.14578049824963
218035,19I0065001,400203046,DAVIDSON,2025,2025-01-03,1015,Suspected Minor Injury,0,1,2,Vehicle in Transport,REAR-END,Clear,Daylight,Automatic,-86.7763778821141,36.20538927950541
218249,19I0065001,400204804,DAVIDSON,2025,2025-01-03,1818,Prop Damage (over),0,0,2,Vehicle in Transport,REAR-END,Clear,Dark-Lighted,Automatic,-86.77539125545663,36.21338340095582
222213,19SR001001,400203308,DAVIDSON,2025,2025-01-03,1345,Prop Damage (over),0,0,2,Vehicle in Transport,ANGLE,Clear,Daylight,Automatic,-86.63513666034389,36.07094779568563
226207,19SR011001,400203334,DAVIDSON,2025,2025-01-03,2000,Prop Damage (over),0,0,2,Vehicle in Transport,REAR-END,Clear,Dark-Lighted,Automatic,-86.76525097836046,36.2115078416613
228365,19SR024001,400203036,DAVIDSON,2025,2025-01-03,0,Suspected Minor Injury,0,1,4,Vehicle in Transport,REAR-END,Clear,Daylight,Automatic,-86.67755619033555,36.16961635937263
228758,19SR024001,400203223,DAVIDSON,2025,2025-01-03,1716,Prop Damage (over),0,0,2,Vehicle in Transport,ANGLE,Clear,Dark-Lighted,Automatic,-86.59767199101621,36.21508484937727
230148,19SR065001,400203172,DAVIDSON,2025,2025-01-03,1507,Suspected Serious Injury,0,2,1,Overturn,NO COLLISION W/ VEHICLE,Clear,Daylight,Automatic,-86.86005404960726,36.31183468303199
233382,19SR254001,400203183,DAVIDSON,2025,2025-01-03,1515,Possible Injury,0,1,2,Vehicle in Transport,REAR-END,Clear,Daylight,Automatic,-86.71301207015682,36.04536004897565
234467,19SR255001,400203756,DAVIDSON,2025,2025-01-03,1923,Suspected Serious Injury,0,6,2,Vehicle in Transport,REAR-END,Clear,Dark-Lighted,Automatic,-86.73747655204858,36.077131293952895
294907,1904958001,400203217,DAVIDSON,2025,2025-01-03,1700,Suspected Minor Injury,0,1,1,Ditch,NO COLLISION W/ VEHICLE,Clear,Daylight,Automatic,-86.63473433534782,36.042712494763656
321788,190D306001,400203318,DAVIDSON,2025,2025-01-03,2100,Prop Damage (over),0,0,2,Parked Motor Vehicle,"SIDESWIPE, SAME DIR",Clear,Dark-Lighted,Automatic,-86.82463834942247,36.16284044554829
326022,1904169001,400202997,DAVIDSON,2025,2025-01-03,640,Prop Damage (over),0,0,2,Vehicle in Transport,ANGLE,Clear,Daylight,Automatic,-86.65026235305787,36.04359255630677
327635,190A544001,400203244,DAVIDSON,2025,2025-01-03,1700,Prop Damage (over),0,0,2,Vehicle in Transport,ANGLE,Clear,Dark-Lighted,Automatic,-86.70570432116544,36.262710760466085
328365,190C304001,400203049,DAVIDSON,2025,2025-01-03,1023,Prop Damage (over),0,0,1,Utility Pole,NO COLLISION W/ VEHICLE,Clear,Daylight,Automatic,-86.71698117834285,36.08517221983334
329657,190F113001,400203025,DAVIDSON,2025,2025-01-03,845,Prop Damage (over),0,0,2,Vehicle in Transport,REAR-END,Clear,Daylight,Automatic,-86.8079243603445,36.13831252508284
329692,190F147001,400203271,DAVIDSON,2025,2025-01-03,1500,Prop Damage (over),0,0,2,Vehicle in Transport,ANGLE,Clear,Daylight,Automatic,-86.80479762355844,36.14256092937611
330638,19I0024001,400203322,DAVIDSON,2025,2025-01-03,0,Prop Damage (over),0,0,2,Vehicle in Transport,REAR-END,Clear,Dark-Not Lighted,Automatic,-86.86706211120267,36.32382434654595
332088,19I0024001,400203124,DAVIDSON,2025,2025-01-03,0,Prop Damage (over),0,0,2,Thrown or Falling Object,NO COLLISION W/ VEHICLE,Clear,Daylight,Automatic,-86.69579050941451,36.07889147148807
335596,19I0065001,400203206,DAVIDSON,2025,2025-01-03,1331,Prop Damage (over),0,0,3,Vehicle in Transport,REAR-END,Clear,Daylight,Automatic,-86.77560893588368,36.2116197840848
337584,19SR006001,400204455,DAVIDSON,2025,2025-01-03,1415,Prop Damage (over),0,0,2,Vehicle in Transport,"SIDESWIPE, SAME DIR",Clear,Daylight,Automatic,-86.7752866926915,36.121023971010494
339207,19SR012001,400203077,DAVIDSON,2025,2025-01-03,1141,Prop Damage (over),0,0,2,Vehicle in Transport,ANGLE,Clear,Daylight,Automatic,-86.85798547239773,36.207669680179045
340702,19SR112001,400203201,DAVIDSON,2025,2025-01-03,1557,Prop Damage (over),0,0,2,Vehicle in Transport,REAR-END,Clear,Daylight,Automatic,-86.83716557705668,36.218079571630426
341015,19SR155001,400203116,DAVIDSON,2025,2025-01-03,1304,Prop Damage (over),0,0,2,Vehicle in Transport,"SIDESWIPE, SAME DIR",Clear,Daylight,Automatic,-86.68871224300423,36.20089237149232
383632,1903289001,400203167,DAVIDSON,2025,2025-01-03,1339,Prop Damage (over),0,0,2,Vehicle in Transport,ANGLE,Clear,Daylight,Automatic,-86.74372058426543,36.04116997849846
384143,1904169001,400203078,DAVIDSON,2025,2025-01-03,1145,Prop Damage (over),0,0,2,Vehicle in Transport,REAR-END,Clear,Daylight,Automatic,-86.68456107879511,36.070266368037366
384911,1904916001,400203323,DAVIDSON,2025,2025-01-03,1552,Prop Damage (over),0,0,2,Vehicle in Transport,ANGLE,Clear,Daylight,Automatic,-86.75155322465865,36.19334264263874
386243,190D319001,400203321,DAVIDSON,2025,2025-01-03,2034,Suspected Serious Injury,0,1,2,Vehicle in Transport,ANGLE,Clear,Dark-Lighted,Automatic,-86.80991536308264,36.1710685971267
387059,19SR001001,400203229,DAVIDSON,2025,2025-01-03,1550,Prop Damage (over),0,0,2,Vehicle in Transport,ANGLE,Clear,Daylight,Automatic,-86.84760845443923,36.124951497648105
390776,19SR024001,400202940,DAVIDSON,2025,2025-01-03,3,Suspected Serious Injury,0,5,3,Vehicle in Transport,ANGLE,Clear,Dark-Lighted,Automatic,-86.84220543959262,36.15218055716736
391803,19SR045001,400203220,DAVIDSON,2025,2025-01-03,1709,Suspected Minor Injury,0,2,2,Vehicle in Transport,ANGLE,Clear,Daylight,Automatic,-86.62347192399378,36.216799687372685
392002,19SR045001,400203294,DAVIDSON,2025,2025-01-03,1847,Prop Damage (over),0,0,2,Vehicle in Transport,ANGLE,Clear,Dark-Lighted,Automatic,-86.60127287634917,36.17020358323604
392146,19SR065001,400203326,DAVIDSON,2025,2025-01-03,2230,Prop Damage (over),0,0,2,Vehicle in Transport,ANGLE,Clear,Dark-Lighted,Automatic,-86.82991940280192,36.25250377690686
393151,19SR254001,400203044,DAVIDSON,2025,2025-01-03,1015,Suspected Minor Injury,0,1,3,Vehicle in Transport,ANGLE,Clear,Daylight,Automatic,-86.77931630183382,36.04092830956551
415892,1904939001,400203225,DAVIDSON,2025,2025-01-03,1503,Prop Damage (over),0,0,2,Vehicle in Transport,ANGLE,Clear,Daylight,Automatic,-86.71808514700366,36.1866156260152
417201,19SR011001,400203100,DAVIDSON,2025,2025-01-03,1249,Prop Damage (over),0,0,2,Vehicle in Transport,ANGLE,Clear,Daylight,Automatic,-86.75703836373981,36.24193888272512
418064,19SR254001,400203163,DAVIDSON,2025,2025-01-03,1250,Prop Damage (over),0,0,2,Vehicle in Transport,ANGLE,Clear,Daylight,Automatic,-86.64931721790958,36.04991320283072
427488,1904912001,400203011,DAVIDSON,2025,2025-01-03,250,Prop Damage (over),0,0,2,Vehicle in Transport,ANGLE,Clear,Unknown,Automatic,-86.75918624678178,36.14604653946203
439061,19SR001001,400203161,DAVIDSON,2025,2025-01-03,1421,Prop Damage (over),0,0,2,Vehicle in Transport,REAR-END,Clear,Daylight,Automatic,-86.67301904866059,36.10616244689864
444991,19I0065001,400202995,DAVIDSON,2025,2025-01-03,620,Prop Damage (over),0,0,2,Vehicle in Transport,"SIDESWIPE, SAME DIR",Clear,Daylight,Automatic,-86.76840262021322,36.10727036333834
445947,19SR255001,400203280,DAVIDSON,2025,2025-01-03,1940,Prop Damage (over),0,0,2,Vehicle in Transport,ANGLE,Clear,Dark-Lighted,Automatic,-86.69879688876885,36.08640367874702
449512,19I0065001,400203137,DAVIDSON,2025,2025-01-03,1304,Prop Damage (over),0,0,2,Vehicle in Transport,"SIDESWIPE, SAME DIR",Clear,Daylight,Automatic,-86.80034881369413,36.18010529247814
449653,19SR006001,400203216,DAVIDSON,2025,2025-01-03,1615,Prop Damage (over),0,0,2,Vehicle in Transport,"SIDESWIPE, SAME DIR",Clear,Dusk,Automatic,-86.72431425622192,36.23723303519326
460547,1903258001,400203175,DAVIDSON,2025,2025-01-03,1437,Prop Damage (under),0,0,2,--,--,--,--,Automatic,-86.79921833766244,36.17136859667005
461587,190E255001,400203072,DAVIDSON,2025,2025-01-03,820,Prop Damage (under),0,0,1,--,--,--,--,Automatic,-86.7819509327984,36.16831652368872
461687,190F017001,400203055,DAVIDSON,2025,2025-01-03,1114,Prop Damage (under),0,0,1,--,--,--,--,Automatic,-86.77996903575504,36.12270394147801
200261,1904946001,400202760,DAVIDSON,2025,2025-01-02,1528,Possible Injury,0,1,2,Vehicle in Transport,ANGLE,Clear,Daylight,Automatic,-86.71773065162995,36.12176556957657
200927,1904964001,400202525,DAVIDSON,2025,2025-01-02,430,Possible Injury,0,1,2,Vehicle in Transport,ANGLE,Clear,Dark-Lighted,Automatic,-86.60719521757616,36.08726703908268
201504,1906063001,400202883,DAVIDSON,2025,2025-01-02,1810,Suspected Minor Injury,0,1,2,Vehicle in Transport,ANGLE,Clear,Dark-Lighted,Automatic,-86.66695416475463,36.08111716525173
202114,190A607001,400202684,DAVIDSON,2025,2025-01-02,1245,Prop Damage (over),0,0,2,Vehicle in Transport,ANGLE,Clear,Daylight,Automatic,-86.70063005307779,36.267640889341166
202305,190B036001,400202791,DAVIDSON,2025,2025-01-02,1632,Prop Damage (over),0,0,2,Vehicle in Transport,"SIDESWIPE, SAME DIR",Clear,Daylight,Automatic,-86.62563581575426,36.153914411120354
203924,190D276001,400202725,DAVIDSON,2025,2025-01-02,1230,Possible Injury,0,1,2,Vehicle in Transport,REAR-END,Clear,Daylight,Automatic,-86.84021182360999,36.15966652305118
206198,190G069001,400202705,DAVIDSON,2025,2025-01-02,1106,Possible Injury,0,2,2,Vehicle in Transport in other Roadway,ANGLE,Clear,Daylight,Automatic,-86.74348520342407,36.21747269484532
206997,19I0024001,400202622,DAVIDSON,2025,2025-01-02,1028,Prop Damage (over),0,0,3,Vehicle in Transport,REAR-END,Clear,Daylight,Automatic,-86.81658102707517,36.30595755999851
209161,19I0024001,400202828,DAVIDSON,2025,2025-01-02,1730,Prop Damage (under),0,0,2,Vehicle in Transport,REAR-END,Clear,Dark-Lighted,Automatic,-86.72567770880394,36.116890937060965
210834,19I0024001,400203207,DAVIDSON,2025,2025-01-02,2114,Prop Damage (over),0,0,2,Vehicle in Transport,"SIDESWIPE, SAME DIR",Clear,Dark-Lighted,Automatic,-86.66511163562546,36.04878127994288
217169,19I0065001,400202778,DAVIDSON,2025,2025-01-02,1555,Prop Damage (over),0,0,1,Other Object (not fixed),NO COLLISION W/ VEHICLE,Clear,Dusk,Automatic,-86.80034881369413,36.18010529247814
217933,19I0065001,400202682,DAVIDSON,2025,2025-01-02,1304,Prop Damage (over),0,0,2,Vehicle in Transport,"SIDESWIPE, SAME DIR",Clear,Daylight,Automatic,-86.77659649631066,36.2027103674352
218885,19I0065001,400202688,DAVIDSON,2025,2025-01-02,1100,Prop Damage (over),0,0,2,Vehicle in Transport,REAR-END,Clear,Daylight,Automatic,-86.73822618802426,36.25998064480323
221236,19SR001001,400202822,DAVIDSON,2025,2025-01-02,1545,Suspected Minor Injury,0,1,2,Vehicle in Transport,ANGLE,Clear,Daylight,Automatic,-86.70581985818598,36.1225331237595
223565,19SR006001,400202588,DAVIDSON,2025,2025-01-02,800,Suspected Minor Injury,0,1,2,Vehicle in Transport,ANGLE,Clear,Daylight,Automatic,-86.7520109743049,36.1978453437762
223882,19SR006001,400202845,DAVIDSON,2025,2025-01-02,1744,Prop Damage (over),0,0,2,Vehicle in Transport,"SIDESWIPE, SAME DIR",Clear,Dark-Lighted,Automatic,-86.71952252787024,36.24923562481759
226486,19SR011001,400202866,DAVIDSON,2025,2025-01-02,1919,Possible Injury,0,1,2,Vehicle in Transport,"SIDESWIPE, SAME DIR",Clear,Dark-Lighted,Automatic,-86.75672523415177,36.24321641317823
227674,19SR024001,400202663,DAVIDSON,2025,2025-01-02,1150,Possible Injury,0,1,3,Vehicle in Transport,ANGLE,Clear,Daylight,Automatic,-86.8569761398311,36.150346430602895
229601,19SR045001,400202612,DAVIDSON,2025,2025-01-02,955,Prop Damage (over),0,0,2,Vehicle in Transport,ANGLE,Clear,Daylight,Automatic,-86.61089752906845,36.18360187611028
283774,190B328001,400202513,DAVIDSON,2025,2025-01-02,30,Prop Damage (over),0,0,1,Ditch,NO COLLISION W/ VEHICLE,Clear,Dark-Lighted,Automatic,-86.67774309162047,36.0399471487103
285147,19SR155001,400202598,DAVIDSON,2025,2025-01-02,924,Prop Damage (over),0,0,1,Concrete Traffic Barrier,NO COLLISION W/ VEHICLE,Clear,Daylight,Automatic,-86.687144083939,36.1927727371209
298131,19SR100001,400202599,DAVIDSON,2025,2025-01-02,0,Fatal,1,0,1,Standing Tree,NO COLLISION W/ VEHICLE,Unknown,Dark-Not Lighted,Automatic,-86.89914146032666,36.067333165689895
314509,190F124001,400202670,DAVIDSON,2025,2025-01-02,1240,Possible Injury,0,1,1,Curb,NO COLLISION W/ VEHICLE,Clear,Daylight,Automatic,-86.79782796229249,36.13661389540539
319106,190B308001,400202936,DAVIDSON,2025,2025-01-02,2346,Prop Damage (over),0,0,1,Utility Pole,NO COLLISION W/ VEHICLE,Clear,Dark-Lighted,Automatic,-86.66311910274955,36.046262973654976
324945,1903251001,400202775,DAVIDSON,2025,2025-01-02,1430,Prop Damage (under),0,0,2,Vehicle in Transport,ANGLE,Clear,Daylight,Automatic,-86.83088299925014,36.19397929049281
327427,190A126001,400202577,DAVIDSON,2025,2025-01-02,801,Prop Damage (over),0,0,1, Bridge/Overhead Structure,NO COLLISION W/ VEHICLE,Clear,Daylight,Automatic,-86.86093528168125,36.20564453254996
328826,190D583001,400202790,DAVIDSON,2025,2025-01-02,1527,Prop Damage (over),0,0,2,Vehicle in Transport,ANGLE,Clear,Daylight,Automatic,-86.77837213692602,36.21306077303674
330573,19I0024001,400204999,DAVIDSON,2025,2025-01-02,915,Prop Damage (over),0,0,2,Vehicle in Transport,REAR-END,Clear,Daylight,Automatic,-86.89774941039028,36.32995950667444
334792,19I0065001,400203126,DAVIDSON,2025,2025-01-02,1829,Prop Damage (over),0,0,2,Vehicle in Transport,REAR-END,Clear,Daylight,Automatic,-86.78247649901891,36.03938728909925
335211,19I0065001,400202721,DAVIDSON,2025,2025-01-02,1329,Prop Damage (over),0,0,3,Vehicle in Transport,REAR TO REAR,Clear,Daylight,Automatic,-86.79298845730283,36.188716930023
337931,19SR006001,400202832,DAVIDSON,2025,2025-01-02,1500,Prop Damage (over),0,0,2,Vehicle in Transport,"SIDESWIPE, SAME DIR",Clear,Daylight,Automatic,-86.7244206436404,36.23685869963917
338169,19SR006001,400202788,DAVIDSON,2025,2025-01-02,1550,Prop Damage (over),0,0,2,Motor Vehicle-In-Motion Outside Trafficway,REAR-END,Clear,Daylight,Automatic,-86.70999132069996,36.27344968342553
338586,19SR011001,400202720,DAVIDSON,2025,2025-01-02,1400,Prop Damage (over),0,0,2,Vehicle in Transport,REAR-END,Clear,Daylight,Automatic,-86.72701520877577,36.081793453620186
340461,19SR106001,400202614,DAVIDSON,2025,2025-01-02,952,Prop Damage (over),0,0,3,Vehicle in Transport,REAR-END,Clear,Daylight,Automatic,-86.81836424459847,36.101282588242256
340678,19SR106001,400202585,DAVIDSON,2025,2025-01-02,830,Prop Damage (under),0,0,1,Work Vehicle,NO COLLISION W/ VEHICLE,Clear,Daylight,Automatic,-86.79529018076015,36.15210149884248
385856,190A747001,400202687,DAVIDSON,2025,2025-01-02,1248,Possible Injury,0,1,3,Vehicle in Transport,ANGLE,Clear,Daylight,Automatic,-86.63606295157848,36.239145736632594
386274,190D385001,400202591,DAVIDSON,2025,2025-01-02,810,Prop Damage (over),0,0,2,Vehicle in Transport,ANGLE,Clear,Daylight,Automatic,-86.80927835969487,36.185286628410566
391590,19SR045001,400202582,DAVIDSON,2025,2025-01-02,802,Prop Damage (over),0,0,2,Vehicle in Transport,HEAD-ON,Clear,Daylight,Automatic,-86.73224717424493,36.26449679763508
391914,19SR045001,400202516,DAVIDSON,2025,2025-01-02,150,Prop Damage (under),0,0,2,Vehicle in Transport,"SIDESWIPE, SAME DIR",Clear,Dark-Not Lighted,Automatic,-86.6056146192247,36.17855960820026
391959,19SR045001,400202854,DAVIDSON,2025,2025-01-02,1855,Suspected Minor Injury,0,3,2,Vehicle in Transport,ANGLE,Clear,Dark-Lighted,Automatic,-86.60154523551815,36.17104510538235
393324,19SR254001,400202748,DAVIDSON,2025,2025-01-02,1445,Prop Damage (over),0,0,2,Vehicle in Transport,ANGLE,Clear,Daylight,Automatic,-86.71471715056889,36.04521731525698
415586,1903292001,400202726,DAVIDSON,2025,2025-01-02,1343,Prop Damage (over),0,0,2,Vehicle in Transport,REAR-END,Clear,Daylight,Automatic,-86.65105799230801,36.16461257391616
426982,1903251001,400202853,DAVIDSON,2025,2025-01-02,0,Possible Injury,0,1,2,Vehicle in Transport,ANGLE,Clear,Dark-Lighted,Automatic,-86.82048038462945,36.20244966645052
428666,19SR011001,400202793,DAVIDSON,2025,2025-01-02,1450,Prop Damage (under),0,0,2,Vehicle in Transport,REAR-END,Clear,Daylight,Automatic,-86.72559317315604,36.07711938577365
437636,190A551001,400202814,DAVIDSON,2025,2025-01-02,1553,Suspected Minor Injury,0,1,1,Standing Tree,NO COLLISION W/ VEHICLE,Clear,Daylight,Automatic,-86.68574506550746,36.25405077263808
438713,1904451001,400202810,DAVIDSON,2025,2025-01-02,1703,Prop Damage (over),0,0,2,Vehicle in Transport,REAR-END,Clear,Dusk,Automatic,-86.69573207455024,36.30936414742498
444611,19I0040001,400202685,DAVIDSON,2025,2025-01-02,1215,Prop Damage (over),0,0,2,Vehicle in Transport,REAR-END,Clear,Daylight,Automatic,-86.89840419831637,36.1308372153752
448874,19I0040001,400202531,DAVIDSON,2025,2025-01-02,453,Prop Damage (over),0,0,1,Concrete Traffic Barrier,NO COLLISION W/ VEHICLE,Clear,Dark-Lighted,Automatic,-86.67048551707721,36.141494120803145
457676,19SR255001,400202557,DAVIDSON,2025,2025-01-02,540,Prop Damage (over),0,0,2,Vehicle in Transport,"SIDESWIPE, SAME DIR",Clear,DARK-UNKNOWN LIGHTING,Automatic,-86.66382921287376,36.136702041037175
458599,19SR006001,400202736,DAVIDSON,2025,2025-01-02,1430,Prop Damage (over),0,0,2,Vehicle in Transport,ANGLE,Clear,Daylight,Automatic,-86.77942458960437,36.154512040379664
459431,190D382001,400202786,DAVIDSON,2025,2025-01-02,0,Prop Damage (over),0,0,1,Unknown Harmful Event,UNKNOWN,Unknown,Unknown,Automatic,-86.81277956094546,36.18857412719563
463531,19SR001001,400202699,DAVIDSON,2025,2025-01-02,1225,Prop Damage (under),0,0,2,--,--,--,--,Automatic,-86.614407655114,36.05014258741773
194238,1901011001,400202269,DAVIDSON,2025,2025-01-01,38,Suspected Minor Injury,0,1,2,Vehicle in Transport,"SIDESWIPE, OPP DIR",Clear,Dark-Not Lighted,Automatic,-86.62593835561083,36.10081300044763
199458,1904913001,400202294,DAVIDSON,2025,2025-01-01,323,Prop Damage (over),0,0,2,Vehicle in Transport,REAR-END,Clear,Dark-Lighted,Automatic,-86.77485928211539,36.15946090258342
206004,190F718001,400202273,DAVIDSON,2025,2025-01-01,142,Possible Injury,0,2,2,Vehicle in Transport,ANGLE,Clear,Dark-Lighted,Automatic,-86.78046867424261,36.163605861525205
208362,19I0024001,400202289,DAVIDSON,2025,2025-01-01,0,Prop Damage (over),0,0,2,Vehicle in Transport,REAR-END,Cloudy,Dark-Lighted,Automatic,-86.76048022676594,36.15872638653765
208390,19I0024001,400202308,DAVIDSON,2025,2025-01-01,0,Prop Damage (under),0,0,2,Vehicle in Transport,REAR-END,Clear,Dark-Lighted,Automatic,-86.76044556874562,36.15795654771715
213407,19I0040001,400202257,DAVIDSON,2025,2025-01-01,0,Prop Damage (over),0,0,2,Vehicle in Transport,ANGLE,Cloudy,Dark-Lighted,Automatic,-86.76429509599814,36.15330071116856
222438,19SR001001,400202455,DAVIDSON,2025,2025-01-01,1730,Possible Injury,0,1,2,Vehicle in Transport,ANGLE,Clear,Dark-Lighted,Automatic,-86.62853108893712,36.064823691958765
224088,19SR006001,400202332,DAVIDSON,2025,2025-01-01,652,Prop Damage (over),0,0,4,Vehicle in Transport,ANGLE,Cloudy,Dawn,Automatic,-86.71315879614107,36.259545455248976
224809,19SR011001,400202428,DAVIDSON,2025,2025-01-01,1335,Prop Damage (over),0,0,2,Vehicle in Transport,"SIDESWIPE, SAME DIR",Clear,Daylight,Automatic,-86.71327292532673,36.04512472379206
233235,19SR254001,400202307,DAVIDSON,2025,2025-01-01,315,Prop Damage (over),0,0,2,Vehicle in Transport,REAR-END,Clear,Dark-Lighted,Automatic,-86.73486833590154,36.03903847554608
233260,19SR254001,400202281,DAVIDSON,2025,2025-01-01,222,Prop Damage (over),0,0,2,Vehicle in Transport,REAR-END,Clear,Dark-Lighted,Automatic,-86.72482317515384,36.0447323144386
298138,19SR106001,400202311,DAVIDSON,2025,2025-01-01,344,Suspected Minor Injury,0,1,1,Utility Pole,NO COLLISION W/ VEHICLE,Clear,Dark-Lighted,Automatic,-86.8170539291754,36.10249258183727
311700,1904961001,400202481,DAVIDSON,2025,2025-01-01,200,Prop Damage (over),0,0,1,Earth Embankment,NO COLLISION W/ VEHICLE,Unknown,Dark-Lighted,Automatic,-86.64177885680147,36.06743529092138
311736,190A549001,400202305,DAVIDSON,2025,2025-01-01,0,Prop Damage (over),0,0,1,Mail Box,NO COLLISION W/ VEHICLE,Clear,Dark-Lighted,Automatic,-86.68835078150921,36.254139422586015
313662,1903289001,400202351,DAVIDSON,2025,2025-01-01,900,Prop Damage (over),0,0,1,Utility Pole,NO COLLISION W/ VEHICLE,Clear,Daylight,Automatic,-86.73114759756685,36.07458855003574
317978,190D847001,400202430,DAVIDSON,2025,2025-01-01,55,Prop Damage (over),0,0,1,Mail Box,NO COLLISION W/ VEHICLE,Cloudy,Dark-Not Lighted,Automatic,-86.72450608760609,36.21243145417772
319218,190F110001,400202334,DAVIDSON,2025,2025-01-01,445,Prop Damage (under),0,0,2,Parked Motor Vehicle,"SIDESWIPE, SAME DIR",Clear,Dark-Lighted,Automatic,-86.81751938328875,36.13590759814112
319529,19SR100001,400202442,DAVIDSON,2025,2025-01-01,1735,Prop Damage (over),0,0,1,Standing Tree,NO COLLISION W/ VEHICLE,Clear,Dark-Not Lighted,Automatic,-87.02262156772566,36.02594245804227
326659,1904914001,400202254,DAVIDSON,2025,2025-01-01,100,Prop Damage (over),0,0,2,Vehicle in Transport,ANGLE,Clear,Dark-Lighted,Automatic,-86.79581633153569,36.15040755068267
327525,190A362001,400202248,DAVIDSON,2025,2025-01-01,0,Prop Damage (over),0,0,2,Parked Motor Vehicle,"SIDESWIPE, OPP DIR",Clear,Dark-Lighted,Automatic,-86.7894138066155,36.27905858425232
328737,190D386001,400202446,DAVIDSON,2025,2025-01-01,1700,Prop Damage (over),0,0,2,Parked Motor Vehicle,REAR-END,Clear,Dusk,Automatic,-86.80835565198191,36.18839681189771
329202,190E234001,400202470,DAVIDSON,2025,2025-01-01,0,Prop Damage (over),0,0,2,Parked Motor Vehicle,UNKNOWN,Unknown,Unknown,Automatic,-86.79881339161093,36.17367599919064
329428,190E327001,400202336,DAVIDSON,2025,2025-01-01,430,Prop Damage (over),0,0,2,Parked Motor Vehicle,OTHER,Clear,Dark-Lighted,Automatic,-86.82180579110747,36.15622372604791
329542,190E811001,400202560,DAVIDSON,2025,2025-01-01,2330,Prop Damage (over),0,0,2,Parked Motor Vehicle,REAR-END,Clear,Dark-Not Lighted,Automatic,-86.69058618795007,36.0221302633695
331454,19I0024001,400202297,DAVIDSON,2025,2025-01-01,0,Prop Damage (over),0,0,2,Vehicle in Transport,REAR-END,Clear,Dark-Lighted,Automatic,-86.76015747291416,36.15559112539193
338070,19SR006001,400202436,DAVIDSON,2025,2025-01-01,1749,Prop Damage (over),0,0,2,Vehicle in Transport,REAR-END,Clear,Dark-Lighted,Automatic,-86.7129911009263,36.26002338753982
339990,19SR045001,400202255,DAVIDSON,2025,2025-01-01,107,Prop Damage (over),0,0,2,Vehicle in Transport,REAR-END,Rain,Dark-Lighted,Automatic,-86.73518686302423,36.26427329909193
384264,1904170001,400202268,DAVIDSON,2025,2025-01-01,130,Prop Damage (over),0,0,2,Vehicle in Transport,ANGLE,Clear,Dark-Lighted,Automatic,-86.69388010095396,36.069576367764114
384890,1904915001,400202482,DAVIDSON,2025,2025-01-01,1700,Prop Damage (over),0,0,2,Vehicle in Transport,ANGLE,Clear,Daylight,Automatic,-86.7544662325449,36.18433262343156
385667,1906061001,400202398,DAVIDSON,2025,2025-01-01,0,Suspected Minor Injury,0,2,2,Vehicle in Transport,ANGLE,Cloudy,Daylight,Automatic,-86.59005386027168,36.047224312518566
386789,19I0024001,400202415,DAVIDSON,2025,2025-01-01,1455,Suspected Minor Injury,0,3,3,Vehicle in Transport,ANGLE,Clear,Daylight,Automatic,-86.65903669897453,36.04526834978244
387347,19SR001001,400202276,DAVIDSON,2025,2025-01-01,131,Possible Injury,0,1,2,Vehicle in Transport,ANGLE,Clear,Dark-Lighted,Automatic,-86.78972031660963,36.15564456147542
387987,19SR001001,400202312,DAVIDSON,2025,2025-01-01,325,Suspected Minor Injury,0,1,2,Vehicle in Transport,ANGLE,Clear,Dark-Lighted,Automatic,-86.65000499643779,36.08909140747529
388053,19SR001001,400202283,DAVIDSON,2025,2025-01-01,158,Possible Injury,0,2,4,Vehicle in Transport,ANGLE,Clear,Dark-Lighted,Automatic,-86.64458798505663,36.0794813865787
389991,19SR011001,400202496,DAVIDSON,2025,2025-01-01,2040,Suspected Minor Injury,0,1,2,Vehicle in Transport,ANGLE,Cloudy,Dark-Lighted,Automatic,-86.76397425204661,36.21510969096133
390754,19SR024001,400202246,DAVIDSON,2025,2025-01-01,15,Prop Damage (over),0,0,2,Vehicle in Transport,HEAD-ON,Clear,Dark-Lighted,Automatic,-86.84718845137792,36.15200855704936
391953,19SR045001,400202329,DAVIDSON,2025,2025-01-01,653,Suspected Minor Injury,0,2,2,Vehicle in Transport,ANGLE,Clear,Dark-Lighted,Automatic,-86.60217753366555,36.173620731374655
415091,1901952001,400202487,DAVIDSON,2025,2025-01-01,1825,Prop Damage (over),0,0,2,Vehicle in Transport,ANGLE,Clear,Dark-Lighted,Automatic,-86.61424390561605,36.17473659417652
417393,19SR024001,400202290,DAVIDSON,2025,2025-01-01,136,Prop Damage (over),0,0,2,Vehicle in Transport,HEAD-ON,Clear,Dark-Lighted,Automatic,-86.84220543959262,36.15218055716736
428262,19SR001001,400202387,DAVIDSON,2025,2025-01-01,1344,Suspected Minor Injury,0,1,3,Vehicle in Transport,REAR-END,Cloudy,Daylight,Automatic,-86.64143597801026,36.077133380921445
429599,19SR171001,400202295,DAVIDSON,2025,2025-01-01,256,Possible Injury,0,1,2,Vehicle in Transport,REAR-END,Clear,Dark-Lighted,Automatic,-86.6198629320279,36.01684524760409
194124,1901011001,400202206,DAVIDSON,2024,2024-12-31,2025,Prop Damage (over),0,0,2,Vehicle in Transport,REAR-END,Clear,Dark-Lighted,Automatic,-86.63486926456858,36.07633174593595
197512,1903295001,400201881,DAVIDSON,2024,2024-12-31,0,Prop Damage (over),0,0,2,Vehicle in Transport,REAR-END,Clear,Dark-Lighted,Automatic,-86.82268305113311,36.18872549808218
199855,1904927001,400202215,DAVIDSON,2024,2024-12-31,1656,Suspected Minor Injury,0,2,2,Vehicle in Transport,HEAD-ON,Rain,Dusk,Automatic,-86.81687227279966,36.27677401029156
202480,190B262001,400202191,DAVIDSON,2024,2024-12-31,1944,Suspected Minor Injury,0,2,2,Vehicle in Transport,ANGLE,Cloudy,Dark-Not Lighted,Automatic,-86.62699968198893,36.07199443541954
202899,190B625001,400202286,DAVIDSON,2024,2024-12-31,2227,Prop Damage (over),0,0,2,Vehicle in Transport,ANGLE,Clear,Dark-Lighted,Automatic,-86.70381412990366,36.12379408695124
203639,190C576001,400202199,DAVIDSON,2024,2024-12-31,1550,Possible Injury,0,1,2,Vehicle in Transport,REAR-END,Clear,Dusk,Automatic,-86.83076669665523,36.10207580599703
204407,190D697001,400202231,DAVIDSON,2024,2024-12-31,2239,Suspected Minor Injury,0,1,2,Vehicle in Transport,ANGLE,Cloudy,Dark-Lighted,Automatic,-86.76372453683734,36.20912514628506
204943,190E268001,400202005,DAVIDSON,2024,2024-12-31,904,Suspected Minor Injury,0,1,3,Vehicle in Transport,"SIDESWIPE, SAME DIR",Cloudy,Daylight,Automatic,-86.76759174190177,36.1529867213355
205279,190E699001,400202110,DAVIDSON,2024,2024-12-31,1559,Suspected Minor Injury,0,1,1,Pedestrian,NO COLLISION W/ VEHICLE,Cloudy,Daylight,Automatic,-86.73374606604494,36.089993689746365
205464,190F126001,400202045,DAVIDSON,2024,2024-12-31,1224,Prop Damage (over),0,0,2,Vehicle in Transport,"SIDESWIPE, OPP DIR",Cloudy,Daylight,Automatic,-86.79814410010675,36.137343474813306
206252,190G546001,400202211,DAVIDSON,2024,2024-12-31,2050,Prop Damage (over),0,0,2,Vehicle in Transport,ANGLE,Clear,Dark-Lighted,Automatic,-86.62153849915661,36.041880995655845
209716,19I0024001,400202040,DAVIDSON,2024,2024-12-31,830,Prop Damage (over),0,0,2,Vehicle in Transport,ANGLE,Clear,Daylight,Automatic,-86.70767702678782,36.09537233658851
212209,19I0040001,400201992,DAVIDSON,2024,2024-12-31,0,Prop Damage (under),0,0,1,Other Object (not fixed),NO COLLISION W/ VEHICLE,Cloudy,Daylight,Automatic,-86.88413351629052,36.14230259487508
216673,19I0065001,400202100,DAVIDSON,2024,2024-12-31,1525,Suspected Minor Injury,0,1,2,Vehicle in Transport,"SIDESWIPE, SAME DIR",Cloudy,Daylight,Automatic,-86.76624385897,36.104130081399006
221199,19SR001001,400201918,DAVIDSON,2024,2024-12-31,409,Suspected Serious Injury,0,2,1,Pedestrian,NO COLLISION W/ VEHICLE,Clear,Dark-Lighted,Automatic,-86.7108217161524,36.1264406942157
222288,19SR001001,400202219,DAVIDSON,2024,2024-12-31,1724,Prop Damage (over),0,0,3,Vehicle in Transport,"SIDESWIPE, SAME DIR",Clear,Dusk,Automatic,-86.63390936806715,36.06983103592446
226410,19SR011001,400201999,DAVIDSON,2024,2024-12-31,1015,Prop Damage (over),0,0,2,Vehicle in Transport,REAR-END,Cloudy,Daylight,Automatic,-86.75818176907356,36.23577185986089
227614,19SR024001,400202169,DAVIDSON,2024,2024-12-31,1605,Suspected Minor Injury,0,2,2,Vehicle in Transport,HEAD-ON,Cloudy,Daylight,Automatic,-86.86156601186255,36.14927947301314
229319,19SR045001,400202217,DAVIDSON,2024,2024-12-31,1952,Suspected Minor Injury,0,1,2,Vehicle in Transport,ANGLE,Clear,Dark-Lighted,Automatic,-86.65242368011587,36.25496584912414
229778,19SR065001,400202245,DAVIDSON,2024,2024-12-31,1924,Prop Damage (under),0,0,2,Vehicle in Transport,ANGLE,Clear,Dark-Lighted,Automatic,-86.76897257260582,36.20590878149695
230664,19SR106001,400202244,DAVIDSON,2024,2024-12-31,2315,Suspected Minor Injury,0,1,2,Vehicle in Transport,ANGLE,Clear,Dark-Lighted,Automatic,-86.7972678058612,36.15031407982589
231338,19SR155001,400202095,DAVIDSON,2024,2024-12-31,1450,Possible Injury,0,1,2,Vehicle in Transport,"SIDESWIPE, SAME DIR",Clear,Daylight,Automatic,-86.69170123136064,36.14877722267863
234244,19SR254001,400202183,DAVIDSON,2024,2024-12-31,1937,Possible Injury,0,1,2,Vehicle in Transport,ANGLE,Clear,Dark-Lighted,Automatic,-86.63728405610584,36.063412837724336
312018,19SR065001,400201995,DAVIDSON,2024,2024-12-31,1011,Suspected Minor Injury,0,1,1,Ditch,NO COLLISION W/ VEHICLE,Cloudy,Daylight,Automatic,-86.89248868634402,36.37323686124144
313297,190C115001,400202209,DAVIDSON,2024,2024-12-31,2118,Prop Damage (over),0,0,1,Curb,NO COLLISION W/ VEHICLE,Rain,Dark-Not Lighted,Automatic,-86.73196211711662,36.0481812306151
319334,19I0040001,400202202,DAVIDSON,2024,2024-12-31,2027,Suspected Serious Injury,0,1,1,Embankment Rock/Stone/Concrete,NO COLLISION W/ VEHICLE,Cloudy,Dark-Not Lighted,Automatic,-86.92510556291847,36.10942879995698
319573,19SR155001,400201970,DAVIDSON,2024,2024-12-31,0,Prop Damage (over),0,0,1,Guardrail End,NO COLLISION W/ VEHICLE,Unknown,DARK-UNKNOWN LIGHTING,Automatic,-86.86947773808251,36.17308993323617
332905,19I0040001,400202104,DAVIDSON,2024,2024-12-31,1500,Prop Damage (over),0,0,2,Vehicle in Transport,ANGLE,Cloudy,Daylight,Automatic,-86.89303451839419,36.13569494984763
332980,19I0040001,400202646,DAVIDSON,2024,2024-12-31,1755,Prop Damage (over),0,0,2,Vehicle in Transport,"SIDESWIPE, SAME DIR",Rain,Dark-Not Lighted,Automatic,-86.85981725173578,36.15177124923273
333093,19I0040001,400202224,DAVIDSON,2024,2024-12-31,2200,Prop Damage (over),0,0,2,Vehicle in Transport,"SIDESWIPE, SAME DIR",Clear,Dark-Lighted,Automatic,-86.82710573491981,36.1558600783061
334309,19I0040001,400202115,DAVIDSON,2024,2024-12-31,1512,Prop Damage (over),0,0,1,Highway Traffic Sign Post,NO COLLISION W/ VEHICLE,Clear,Daylight,Automatic,-86.70928664574012,36.14237164767583
335021,19I0065001,400201954,DAVIDSON,2024,2024-12-31,0,Prop Damage (over),0,0,2,Vehicle in Transport,"SIDESWIPE, SAME DIR",Clear,Dawn,Automatic,-86.7733997746278,36.1202586279273
335377,19I0065001,400202149,DAVIDSON,2024,2024-12-31,1800,Prop Damage (over),0,0,2,Vehicle in Transport,REAR-END,Other,Dark-Lighted,Automatic,-86.77583825846578,36.197963302859705
337685,19SR006001,400202237,DAVIDSON,2024,2024-12-31,0,Prop Damage (over),0,0,2,Vehicle in Transport,ANGLE,Cloudy,Dark-Lighted,Automatic,-86.77942288520858,36.15449352214285
338461,19SR011001,400201955,DAVIDSON,2024,2024-12-31,508,Prop Damage (over),0,0,2,Vehicle in Transport,"SIDESWIPE, SAME DIR",Cloudy,Dawn,Automatic,-86.71530020840109,36.05508340697893
340201,19SR045001,400202229,DAVIDSON,2024,2024-12-31,2300,Prop Damage (over),0,0,2,Vehicle in Transport,ANGLE,Rain,Dark-Lighted,Automatic,-86.61076305615377,36.18352826888056
387512,19SR001001,400202084,DAVIDSON,2024,2024-12-31,1014,Suspected Minor Injury,0,1,1,Pedestrian,NO COLLISION W/ VEHICLE,Clear,Dusk,Automatic,-86.77221966478466,36.15216518092779
388797,19SR006001,400201996,DAVIDSON,2024,2024-12-31,1017,Suspected Minor Injury,0,1,2,Vehicle in Transport,ANGLE,Cloudy,Daylight,Automatic,-86.72034214694452,36.24800576143668
390403,19SR012001,400202203,DAVIDSON,2024,2024-12-31,2030,Prop Damage (over),0,0,2,Vehicle in Transport,ANGLE,Clear,Dark-Lighted,Automatic,-86.79379232419207,36.17690060889425
390936,19SR024001,400202216,DAVIDSON,2024,2024-12-31,2111,Prop Damage (over),0,0,2,Vehicle in Transport,"SIDESWIPE, SAME DIR",Clear,Dark-Lighted,Automatic,-86.79365632600403,36.16073557322363
391694,19SR045001,400202154,DAVIDSON,2024,2024-12-31,1708,Prop Damage (over),0,0,2,Vehicle in Transport,ANGLE,Rain,Dark-Lighted,Automatic,-86.68427656573607,36.26344147205938
414187,1904948001,400202200,DAVIDSON,2024,2024-12-31,2050,Suspected Minor Injury,0,1,1,Ditch,NO COLLISION W/ VEHICLE,Clear,Dark-Lighted,Automatic,-86.73695519625242,36.12362548857725
415901,1904946001,400202002,DAVIDSON,2024,2024-12-31,1100,Prop Damage (over),0,0,2,Vehicle in Transport,ANGLE,Cloudy,Daylight,Automatic,-86.72445969926153,36.11132798516102
426843,1903241001,400202124,DAVIDSON,2024,2024-12-31,1522,Prop Damage (over),0,0,2,Vehicle in Transport,"SIDESWIPE, SAME DIR",Rain,Daylight,Automatic,-86.78771931105514,36.16332357866183
439166,19SR006001,400202227,DAVIDSON,2024,2024-12-31,2237,Prop Damage (over),0,0,2,Vehicle in Transport,REAR-END,Rain,Dark-Not Lighted,Automatic,-86.71190412660125,36.26311279427134
461558,190E214001,400202000,DAVIDSON,2024,2024-12-31,1035,Prop Damage (under),0,0,1,--,--,--,--,Automatic,-86.7943068141023,36.179963864004776
462138,19I0024001,400202014,DAVIDSON,2024,2024-12-31,1125,Prop Damage (under),0,0,2,--,--,--,--,Automatic,-86.76044229887535,36.15788392059019
465017,19SR254001,400202117,DAVIDSON,2024,2024-12-31,1439,Prop Damage (under),0,0,2,--,--,--,--,Automatic,-86.63640310649316,36.07117266548464
195832,1903252001,400202987,DAVIDSON,2024,2024-12-30,1225,Prop Damage (over),0,0,2,Vehicle in Transport,ANGLE,Clear,Daylight,Automatic,-86.73270477911302,36.211457642205374
199692,1904924001,400201879,DAVIDSON,2024,2024-12-30,2326,Prop Damage (over),0,0,2,Vehicle in Transport,ANGLE,Clear,Dark-Lighted,Automatic,-86.80483696044872,36.22831856217954
202067,190A604001,400201736,DAVIDSON,2024,2024-12-30,1605,Prop Damage (under),0,0,2,Vehicle in Transport,REAR-END,Clear,Dusk,Automatic,-86.69066588870172,36.27206018986404
207400,19I0024001,400201755,DAVIDSON,2024,2024-12-30,1351,Possible Injury,0,1,2,Vehicle in Transport,REAR-END,Clear,Daylight,Automatic,-86.77623744193087,36.19117583549846
210585,19I0024001,400201825,DAVIDSON,2024,2024-12-30,1612,Suspected Minor Injury,0,1,3,Vehicle in Transport,"SIDESWIPE, SAME DIR",Clear,Daylight,Automatic,-86.67819679029598,36.058353750004215
211323,19I0024001,400201718,DAVIDSON,2024,2024-12-30,1456,Suspected Minor Injury,0,2,4,Vehicle in Transport,"SIDESWIPE, SAME DIR",Clear,Daylight,Automatic,-86.64489762774699,36.0361521729388
214712,19I0040001,400201789,DAVIDSON,2024,2024-12-30,1800,Prop Damage (under),0,0,3,Vehicle in Transport,REAR-END,Clear,Dark-Lighted,Automatic,-86.71778406608196,36.14097614585009
217643,19I0065001,400201570,DAVIDSON,2024,2024-12-30,700,Prop Damage (over),0,0,2,Vehicle in Transport,ANGLE,Clear,Daylight,Automatic,-86.7755243930763,36.19526421072119
219502,19I0440001,400201775,DAVIDSON,2024,2024-12-30,1740,Prop Damage (over),0,0,3,Vehicle in Transport,REAR-END,Clear,Dark-Lighted,Automatic,-86.8226979616023,36.13893100751577
225760,19SR011001,400201807,DAVIDSON,2024,2024-12-30,1803,Possible Injury,0,1,2,Vehicle in Transport,REAR-END,Clear,DARK-UNKNOWN LIGHTING,Automatic,-86.74566539372397,36.111777880054575
229087,19SR045001,400201874,DAVIDSON,2024,2024-12-30,2022,Suspected Minor Injury,0,1,2,Vehicle in Transport,ANGLE,Clear,DARK-UNKNOWN LIGHTING,Automatic,-86.7241978429232,36.264144890479066
229141,19SR045001,400201611,DAVIDSON,2024,2024-12-30,1040,Possible Injury,0,1,3,Vehicle in Transport,REAR-END,Clear,Daylight,Automatic,-86.71280412858479,36.263200794328405
232296,19SR171001,400201917,DAVIDSON,2024,2024-12-30,1700,Possible Injury,0,1,2,Vehicle in Transport,ANGLE,Rain,Dark-Lighted,Automatic,-86.62006430355423,36.015977536522016
233856,19SR254001,400201839,DAVIDSON,2024,2024-12-30,2039,Suspected Minor Injury,0,1,2,Vehicle in Transport,REAR-END,Clear,Dark-Lighted,Automatic,-86.66359043295522,36.04487480088213
234068,19SR254001,400201885,DAVIDSON,2024,2024-12-30,1800,Prop Damage (over),0,0,2,Vehicle in Transport,REAR-END,Clear,Dark-Lighted,Automatic,-86.65618607796195,36.04720017191846
283302,1901011001,400201540,DAVIDSON,2024,2024-12-30,535,Prop Damage (under),0,0,1,Ditch,NO COLLISION W/ VEHICLE,Clear,Dark-Lighted,Automatic,-86.6067344404384,36.16564636208175
285058,19SR045001,400201537,DAVIDSON,2024,2024-12-30,435,Prop Damage (over),0,0,1,Building,NO COLLISION W/ VEHICLE,Clear,Dark-Lighted,Automatic,-86.66098177617282,36.26136263962762
294585,1904877001,400201892,DAVIDSON,2024,2024-12-30,2220,Prop Damage (over),0,0,2,Parked Motor Vehicle,"SIDESWIPE, SAME DIR",Clear,Dark-Lighted,Automatic,-86.74987352180143,36.1782338102805
296200,190E045001,400201597,DAVIDSON,2024,2024-12-30,920,Prop Damage (under),0,0,2,Vehicle in Transport,"SIDESWIPE, SAME DIR",Clear,Daylight,Automatic,-86.74431229887023,36.19177241696594
325853,1904161001,400201776,DAVIDSON,2024,2024-12-30,1648,Prop Damage (over),0,0,2,Vehicle in Transport,"SIDESWIPE, SAME DIR",Clear,Dusk,Automatic,-86.76235686993265,36.10265278974313
325943,1904167001,400201504,DAVIDSON,2024,2024-12-30,140,Prop Damage (over),0,0,1,Deer (Animal),NO COLLISION W/ VEHICLE,Clear,Dark-Lighted,Automatic,-86.6822631361838,36.152477671861554
328183,190B821001,400201777,DAVIDSON,2024,2024-12-30,1718,Prop Damage (over),0,0,2,Vehicle in Transport,HEAD-ON,Clear,Dark-Lighted,Automatic,-86.72254716783672,36.05822734365216
329279,190E267001,400202751,DAVIDSON,2024,2024-12-30,1535,Prop Damage (over),0,0,2,Vehicle in Transport,"SIDESWIPE, SAME DIR",Clear,Daylight,Automatic,-86.78508672876974,36.16347511972647
330286,190G265001,400201656,DAVIDSON,2024,2024-12-30,1043,Prop Damage (over),0,0,1,Mail Box,NO COLLISION W/ VEHICLE,Clear,Daylight,Automatic,-86.97290596438383,36.072315602988
330302,190G464001,400201645,DAVIDSON,2024,2024-12-30,1200,Prop Damage (over),0,0,2,Parked Motor Vehicle,ANGLE,Clear,Daylight,Automatic,-86.6377518035298,36.1794070085943
330934,19I0024001,400201820,DAVIDSON,2024,2024-12-30,1810,Prop Damage (over),0,0,2,Vehicle in Transport,"SIDESWIPE, SAME DIR",Clear,Dark-Not Lighted,Automatic,-86.77470166005082,36.221462607216566
331151,19I0024001,400201781,DAVIDSON,2024,2024-12-30,1725,Prop Damage (over),0,0,2,Vehicle in Transport,REAR-END,Clear,Dark-Lighted,Automatic,-86.76628046353818,36.16867728493322
331463,19I0024001,400202719,DAVIDSON,2024,2024-12-30,1819,Prop Damage (over),0,0,2,Vehicle in Transport,"SIDESWIPE, SAME DIR",Cloudy,Dark-Not Lighted,Automatic,-86.7316400101647,36.14049881379026
332259,19I0024001,400201819,DAVIDSON,2024,2024-12-30,1556,Prop Damage (over),0,0,2,Vehicle in Transport,REAR-END,Clear,Dusk,Automatic,-86.67819679029598,36.058353750004215
332262,19I0024001,400201769,DAVIDSON,2024,2024-12-30,1641,Prop Damage (over),0,0,2,Vehicle in Transport,ANGLE,Clear,Dusk,Automatic,-86.67787377455463,36.05804297486094
334980,19I0065001,400202634,DAVIDSON,2024,2024-12-30,1753,Prop Damage (over),0,0,2,Vehicle in Transport,"SIDESWIPE, SAME DIR",Cloudy,Dark-Lighted,Automatic,-86.77033510610453,36.11008133813937
338107,19SR006001,400201824,DAVIDSON,2024,2024-12-30,1939,Prop Damage (over),0,0,2,Vehicle in Transport,REAR-END,Clear,Dark-Lighted,Automatic,-86.712083306884,36.26256285397894
338256,19SR006001,400201805,DAVIDSON,2024,2024-12-30,1421,Prop Damage (over),0,0,2,Vehicle in Transport,REAR-END,Clear,Daylight,Automatic,-86.69822485148171,36.29802523665776
340042,19SR045001,400201617,DAVIDSON,2024,2024-12-30,1015,Prop Damage (over),0,0,2,Vehicle in Transport,ANGLE,Clear,Daylight,Automatic,-86.71294530546872,36.263214598552295
340104,19SR045001,400201676,DAVIDSON,2024,2024-12-30,1220,Prop Damage (over),0,0,2,Vehicle in Transport in other Roadway,REAR-END,Clear,Daylight,Automatic,-86.65368276851622,36.25565758919461
340580,19SR106001,400201788,DAVIDSON,2024,2024-12-30,1800,Prop Damage (over),0,0,2,Vehicle in Transport,"SIDESWIPE, SAME DIR",Clear,Dark-Not Lighted,Automatic,-86.80578896693972,36.12502062172493
383297,1903260001,400201631,DAVIDSON,2024,2024-12-30,1115,Prop Damage (over),0,0,2,Vehicle in Transport,ANGLE,Clear,Daylight,Automatic,-86.84899845436408,36.15985957458984
386933,19SR001001,400201684,DAVIDSON,2024,2024-12-30,1355,Prop Damage (under),0,0,2,Vehicle in Transport,REAR-END,Clear,Daylight,Automatic,-86.92624364109518,36.07386338908841
388771,19SR006001,400201531,DAVIDSON,2024,2024-12-30,340,Prop Damage (over),0,0,3,Vehicle in Transport,REAR-END,Clear,Dark-Lighted,Automatic,-86.72117414970589,36.24669675811894
389411,19SR011001,400201762,DAVIDSON,2024,2024-12-30,1620,Possible Injury,0,1,2,Vehicle in Transport,ANGLE,Clear,Daylight,Automatic,-86.71614654051272,36.05907155726759
392457,19SR106001,400201731,DAVIDSON,2024,2024-12-30,1529,Suspected Minor Injury,0,1,2,Vehicle in Transport,REAR-END,Clear,Daylight,Automatic,-86.80071334353862,36.13757652294321
393929,19SR255001,400201724,DAVIDSON,2024,2024-12-30,1532,Suspected Minor Injury,0,2,2,Vehicle in Transport,ANGLE,Clear,Daylight,Automatic,-86.7058431265949,36.08415340059254
415864,1904924001,400201877,DAVIDSON,2024,2024-12-30,1730,Prop Damage (over),0,0,2,Vehicle in Transport,OTHER,Clear,Dark-Lighted,Automatic,-86.73247617666081,36.22974672165082
416441,19SR001001,400201615,DAVIDSON,2024,2024-12-30,915,Prop Damage (over),0,0,2,Vehicle in Transport,"SIDESWIPE, SAME DIR",Clear,Daylight,Automatic,-86.81547237776422,36.1425325340543
416870,19SR006001,400201644,DAVIDSON,2024,2024-12-30,1210,Prop Damage (over),0,0,2,Vehicle in Transport,REAR-END,Clear,Daylight,Automatic,-86.78375130114442,36.16870892933957
427165,1903262001,400202368,DAVIDSON,2024,2024-12-30,1758,Possible Injury,0,1,1,Pedestrian,NO COLLISION W/ VEHICLE,Cloudy,Dark-Lighted,Automatic,-86.77906029054276,36.16637158456878
429105,19SR024001,400201783,DAVIDSON,2024,2024-12-30,1700,Suspected Minor Injury,0,1,2,Vehicle in Transport,REAR-END,Clear,Dark-Lighted,Automatic,-86.74216020549378,36.15433355615145
452312,19SR001001,400201758,DAVIDSON,2024,2024-12-30,1610,Suspected Minor Injury,0,1,1,Pedestrian,NO COLLISION W/ VEHICLE,Clear,Daylight,Automatic,-86.81601110993837,36.14204388020392
452323,19SR001001,400201771,DAVIDSON,2024,2024-12-30,1421,Fatal,1,1,2,Vehicle in Transport,ANGLE,Clear,Daylight,Automatic,-86.6941480513236,36.11501546452565
459455,19SR001001,400201528,DAVIDSON,2024,2024-12-30,0,Prop Damage (over),0,0,2,Vehicle in Transport,"SIDESWIPE, SAME DIR",Cloudy,Dark-Lighted,Automatic,-86.68919928594187,36.11295514409474
461175,190A593001,400201585,DAVIDSON,2024,2024-12-30,837,Prop Damage (under),0,0,1,--,--,--,--,Automatic,-86.64345705746274,36.21670819681614
194723,1901952001,400201353,DAVIDSON,2024,2024-12-29,1450,Suspected Minor Injury,0,2,2,Vehicle in Transport,REAR-END,Rain,Daylight,Automatic,-86.6143403107043,36.17409662362228
194996,1903245001,400201348,DAVIDSON,2024,2024-12-29,0,Possible Injury,0,1,1,Other Type Non-Motorist,NO COLLISION W/ VEHICLE,Clear,Daylight,Automatic,-86.79015941147766,36.15286431307232
195208,1903248001,400201470,DAVIDSON,2024,2024-12-29,2035,Prop Damage (over),0,0,2,Vehicle in Transport,REAR-END,Clear,Dark-Lighted,Automatic,-86.79255432699354,36.11183910472683
201933,190A496001,400201486,DAVIDSON,2024,2024-12-29,0,Prop Damage (over),0,0,2,Vehicle in Transport,ANGLE,Clear,Dark-Lighted,Automatic,-86.71700026460579,36.251687409096334
203288,190B878001,400201439,DAVIDSON,2024,2024-12-29,1600,Prop Damage (over),0,0,2,Vehicle in Transport,"SIDESWIPE, OPP DIR",Rain,Daylight,Automatic,-86.69313200833949,36.07376643713834
203349,190B929001,400201485,DAVIDSON,2024,2024-12-29,2100,Prop Damage (over),0,0,2,Vehicle in Transport in other Roadway,ANGLE,Clear,Dark-Lighted,Automatic,-86.716811245035,36.06290998864352
203598,190C380001,400201180,DAVIDSON,2024,2024-12-29,104,Prop Damage (over),0,0,2,Vehicle in Transport,REAR-END,Rain,Dark-Lighted,Automatic,-86.69589410346653,36.086834405346615
204956,190E268001,400201488,DAVIDSON,2024,2024-12-29,2230,Suspected Minor Injury,0,1,2,Vehicle in Transport,ANGLE,Cloudy,Dark-Lighted,Automatic,-86.77469048189242,36.15959874499061
209557,19I0024001,400201152,DAVIDSON,2024,2024-12-29,20,Prop Damage (over),0,0,2,Vehicle in Transport,REAR-END,Rain,Dark-Lighted,Automatic,-86.71134166926703,36.099882550139526
213046,19I0040001,400201479,DAVIDSON,2024,2024-12-29,2154,Possible Injury,0,1,2,Vehicle in Transport,"SIDESWIPE, SAME DIR",Clear,Dark-Lighted,Automatic,-86.7850441494786,36.15027372951484
216388,19I0065001,400201414,DAVIDSON,2024,2024-12-29,1745,Suspected Minor Injury,0,2,3,Other Object (not fixed),NO COLLISION W/ VEHICLE,Cloudy,Dusk,Automatic,-86.77506545274014,36.05447281772156
216457,19I0065001,400201383,DAVIDSON,2024,2024-12-29,1443,Prop Damage (over),0,0,2,Vehicle in Transport,ANGLE,Cloudy,Daylight,Automatic,-86.76968381504183,36.070869843508746
218590,19I0065001,400201175,DAVIDSON,2024,2024-12-29,100,Prop Damage (over),0,0,2,Vehicle in Transport,"SIDESWIPE, OPP DIR",Rain,Dark-Lighted,Automatic,-86.7534047637514,36.23950642917282
219408,19I0065001,400201288,DAVIDSON,2024,2024-12-29,1153,Prop Damage (over),0,0,2,Vehicle in Transport,REAR-END,Cloudy,Daylight,Automatic,-86.70224466367951,36.31852946623528
221711,19SR001001,400201328,DAVIDSON,2024,2024-12-29,0,Suspected Minor Injury,0,1,2,Vehicle in Transport,REAR-END,Rain,Daylight,Automatic,-86.65107437110812,36.090855077152334
221758,19SR001001,400201331,DAVIDSON,2024,2024-12-29,1006,Prop Damage (over),0,0,2,Vehicle in Transport,REAR-END,Cloudy,Daylight,Automatic,-86.6494966502389,36.088263362192734
222947,19SR001001,400201179,DAVIDSON,2024,2024-12-29,112,Prop Damage (over),0,0,2,Vehicle in Transport,REAR-END,Rain,Dark-Lighted,Automatic,-86.59404925806103,36.03150292438796
225822,19SR011001,400201186,DAVIDSON,2024,2024-12-29,259,Prop Damage (over),0,0,2,Vehicle in Transport,ANGLE,Rain,Dark-Lighted,Automatic,-86.74785796219399,36.11611351527821
225991,19SR011001,400201274,DAVIDSON,2024,2024-12-29,1015,Possible Injury,0,1,2,Overturn,NO COLLISION W/ VEHICLE,Rain,Daylight,Automatic,-86.76398364949047,36.14464080054957
226030,19SR011001,400201358,DAVIDSON,2024,2024-12-29,1502,Suspected Minor Injury,0,1,2,Vehicle in Transport,REAR-END,Clear,Daylight,Automatic,-86.76991791329662,36.17659578239244
226182,19SR011001,400201297,DAVIDSON,2024,2024-12-29,1143,Possible Injury,0,1,1,Pedestrian,NO COLLISION W/ VEHICLE,Clear,Daylight,Automatic,-86.76767812339821,36.20782214625997
226475,19SR011001,400201373,DAVIDSON,2024,2024-12-29,1515,Suspected Minor Injury,0,1,2,Vehicle in Transport,REAR-END,Rain,Daylight,Automatic,-86.75696530082898,36.24223697502329
226896,19SR012001,400201188,DAVIDSON,2024,2024-12-29,315,Prop Damage (over),0,0,2,Vehicle in Transport,"SIDESWIPE, SAME DIR",Rain,Dark-Lighted,Automatic,-86.78794466419258,36.16798068850363
230571,19SR106001,400201417,DAVIDSON,2024,2024-12-29,1811,Suspected Serious Injury,0,2,2,Vehicle in Transport,HEAD-ON,Clear,Dark-Lighted,Automatic,-86.80673870482849,36.12310374139656
231557,19SR155001,400201370,DAVIDSON,2024,2024-12-29,1541,Possible Injury,0,4,2,Vehicle in Transport,REAR-END,Cloudy,Daylight,Automatic,-86.68871554474117,36.200906616808645
231558,19SR155001,400201377,DAVIDSON,2024,2024-12-29,1558,Prop Damage (over),0,0,2,Vehicle in Transport,REAR-END,Clear,Daylight,Automatic,-86.68871554474117,36.200906616808645
231754,19SR155001,400202510,DAVIDSON,2024,2024-12-29,2121,Prop Damage (over),0,0,2,Vehicle in Transport,REAR-END,Rain,Dark-Lighted,Automatic,-86.71196707960259,36.23538384369826
231921,19SR155001,400201299,DAVIDSON,2024,2024-12-29,1130,Prop Damage (over),0,0,2,Vehicle in Transport,ANGLE,Rain,Daylight,Automatic,-86.78215076736845,36.23830590882032
232866,19SR254001,400201432,DAVIDSON,2024,2024-12-29,1843,Suspected Serious Injury,0,2,3,Vehicle in Transport,ANGLE,Clear,Dark-Not Lighted,Automatic,-86.88977666272346,36.051931720281
283595,1904964001,400201350,DAVIDSON,2024,2024-12-29,0,Suspected Minor Injury,0,1,1,Utility Pole,NO COLLISION W/ VEHICLE,Rain,Daylight,Automatic,-86.60521780442578,36.093765730596346
284536,19I0040001,400201376,DAVIDSON,2024,2024-12-29,1450,Prop Damage (over),0,0,1,Guardrail Face,NO COLLISION W/ VEHICLE,Cloudy,Daylight,Automatic,-86.75864283312188,36.15408744213896
285109,19SR155001,400201187,DAVIDSON,2024,2024-12-29,249,Suspected Minor Injury,0,1,1,Earth Embankment,NO COLLISION W/ VEHICLE,Rain,Dark-Lighted,Automatic,-86.6954676720386,36.128466432154845
295907,190D262001,400201681,DAVIDSON,2024,2024-12-29,0,Prop Damage (over),0,0,2,Parked Motor Vehicle,UNKNOWN,Unknown,Unknown,Automatic,-86.85920878954255,36.15883490632003
298255,19SR155001,400201319,DAVIDSON,2024,2024-12-29,1241,Prop Damage (over),0,0,1,Concrete Traffic Barrier,NO COLLISION W/ VEHICLE,Cloudy,Daylight,Automatic,-86.77251414740114,36.23973480646911
311696,1904960001,400201337,DAVIDSON,2024,2024-12-29,1335,Prop Damage (over),0,0,1,Earth Embankment,NO COLLISION W/ VEHICLE,Rain,Daylight,Automatic,-86.63756948271377,36.03715492967509
314366,190D460001,400201415,DAVIDSON,2024,2024-12-29,1700,Suspected Minor Injury,0,1,1,Ditch,NO COLLISION W/ VEHICLE,Rain,Dark-Not Lighted,Automatic,-86.78458137902727,36.30354051530994
314790,19I0040001,400201165,DAVIDSON,2024,2024-12-29,0,Prop Damage (over),0,0,1,Guardrail Face,NO COLLISION W/ VEHICLE,Rain,Dark-Lighted,Automatic,-86.75021218880363,36.15079230069438
317909,1901008001,400201235,DAVIDSON,2024,2024-12-29,749,Suspected Minor Injury,0,1,1,Ditch,NO COLLISION W/ VEHICLE,Rain,Daylight,Automatic,-86.6319392209321,35.98982728217281
317932,1904958001,400201519,DAVIDSON,2024,2024-12-29,0,Prop Damage (over),0,0,1,Ditch,NO COLLISION W/ VEHICLE,Clear,Dark-Not Lighted,Automatic,-86.66272202088507,36.05540719191844
318010,19I0024001,400201304,DAVIDSON,2024,2024-12-29,1206,Possible Injury,0,1,1,Utility Pole,NO COLLISION W/ VEHICLE,Rain,Daylight,Automatic,-86.77528310044792,36.22352508355859
318092,19I0040001,400201162,DAVIDSON,2024,2024-12-29,25,Prop Damage (over),0,0,1,Concrete Traffic Barrier,NO COLLISION W/ VEHICLE,Rain,Dark-Lighted,Automatic,-86.85407713316269,36.15297426271798
319161,190D194001,400201196,DAVIDSON,2024,2024-12-29,446,Prop Damage (over),0,0,1,Ditch,NO COLLISION W/ VEHICLE,Rain,Dark-Lighted,Automatic,-86.89362737635328,36.13627215566731
319568,19SR155001,400201343,DAVIDSON,2024,2024-12-29,1335,Prop Damage (over),0,0,1,Unknown Harmful Event,UNKNOWN,Rain,Daylight,Automatic,-86.82854199516832,36.2309813360807
325019,1903252001,400201335,DAVIDSON,2024,2024-12-29,1252,Prop Damage (over),0,0,2,Vehicle in Transport,ANGLE,Other,Daylight,Automatic,-86.74393580660343,36.19348424352358
325525,1903268001,400201315,DAVIDSON,2024,2024-12-29,1240,Prop Damage (over),0,0,2,Vehicle in Transport,REAR-END,Rain,Daylight,Automatic,-86.78157054447023,36.23103765927408
330278,190G078001,400201199,DAVIDSON,2024,2024-12-29,457,Prop Damage (over),0,0,2,Vehicle in Transport,"SIDESWIPE, OPP DIR",Clear,Dark-Lighted,Automatic,-86.69548615001563,36.23302821951832
330545,190P016001,400201481,DAVIDSON,2024,2024-12-29,2028,Prop Damage (over),0,0,1,Fence,NO COLLISION W/ VEHICLE,Clear,Dark-Not Lighted,Automatic,-86.55579787735158,36.09318028337324
330645,19I0024001,400201490,DAVIDSON,2024,2024-12-29,2225,Prop Damage (over),0,0,2,Vehicle in Transport,"SIDESWIPE, OPP DIR",Clear,Dark-Not Lighted,Automatic,-86.86615984570975,36.32370217420424
337825,19SR006001,400201354,DAVIDSON,2024,2024-12-29,1440,Prop Damage (over),0,0,2,Vehicle in Transport,OTHER,Clear,Daylight,Automatic,-86.7662176536144,36.17594309995147
341516,19SR251001,400201339,DAVIDSON,2024,2024-12-29,1210,Prop Damage (over),0,0,2,Vehicle in Transport,REAR-END,Rain,OTHER,Automatic,-86.92244835701968,36.10847942200425
341636,19SR254001,400201355,DAVIDSON,2024,2024-12-29,1345,Prop Damage (over),0,0,2,Vehicle in Transport,"SIDESWIPE, SAME DIR",Cloudy,Daylight,Automatic,-86.78540474826191,36.037552707024176
392607,19SR155001,400201347,DAVIDSON,2024,2024-12-29,1415,Suspected Minor Injury,0,1,4,Vehicle in Transport,ANGLE,Clear,Daylight,Automatic,-86.76551149012428,36.11214368357329
392791,19SR155001,400201382,DAVIDSON,2024,2024-12-29,1614,Prop Damage (over),0,0,2,Vehicle in Transport,REAR-END,Cloudy,Daylight,Automatic,-86.70021110935305,36.13955552145696
393041,19SR254001,400201469,DAVIDSON,2024,2024-12-29,2022,Prop Damage (over),0,0,2,Vehicle in Transport,ANGLE,Clear,Dark-Not Lighted,Automatic,-86.88546654844171,36.05144533807936
393730,19SR255001,400201217,DAVIDSON,2024,2024-12-29,631,Suspected Minor Injury,0,2,2,Vehicle in Transport,ANGLE,Clear,Daylight,Automatic,-86.76171725763717,36.08207939899538
415018,1901002001,400201314,DAVIDSON,2024,2024-12-29,1228,Prop Damage (over),0,0,2,Vehicle in Transport,ANGLE,Clear,Daylight,Automatic,-86.80286335242211,36.08934841657244
415859,1904924001,400201219,DAVIDSON,2024,2024-12-29,0,Prop Damage (over),0,0,1,Fence,NO COLLISION W/ VEHICLE,Rain,Unknown,Automatic,-86.80388992541677,36.23164547499943
417654,19SR045001,400201441,DAVIDSON,2024,2024-12-29,1749,Prop Damage (over),0,0,2,Vehicle in Transport,ANGLE,Clear,Dark-Not Lighted,Automatic,-86.68714390145198,36.263658813793455
427319,1904167001,400201380,DAVIDSON,2024,2024-12-29,1615,Suspected Minor Injury,0,1,2,Vehicle in Transport,ANGLE,Rain,Daylight,Automatic,-86.64057797036052,36.141911523635095
444919,19I0040001,400202130,DAVIDSON,2024,2024-12-29,2145,Fatal,1,1,2,Vehicle in Transport,HEAD-ON,Rain,Dark-Not Lighted,Automatic,-86.60658283829454,36.168983478814575
445164,19I0065001,400201286,DAVIDSON,2024,2024-12-29,1137,Prop Damage (over),0,0,2,Vehicle in Transport,HEAD-ON,Cloudy,Daylight,Automatic,-86.7496155223026,36.24222578558717
457193,19SR251001,400201325,DAVIDSON,2024,2024-12-29,1229,Possible Injury,0,3,2,Vehicle in Transport,ANGLE,Rain,Daylight,Automatic,-86.92223710667663,36.10599541351219
463045,19I0065001,400201332,DAVIDSON,2024,2024-12-29,1215,Prop Damage (under),0,0,1,--,--,--,--,Automatic,-86.77605301887534,36.19896524490915
195959,1903253001,400200901,DAVIDSON,2024,2024-12-28,1140,Prop Damage (over),0,0,3,Vehicle in Transport,ANGLE,Cloudy,Daylight,Automatic,-86.76333025133792,36.20551367029046
199390,1904911001,400200976,DAVIDSON,2024,2024-12-28,1624,Prop Damage (over),0,0,2,Vehicle in Transport,ANGLE,Clear,Daylight,Automatic,-86.78656895104324,36.14267919405802
201488,1906062001,400201144,DAVIDSON,2024,2024-12-28,2210,Prop Damage (over),0,0,3,Vehicle in Transport,ANGLE,Rain,Dark-Not Lighted,Automatic,-86.64607990304532,36.02414718151341
202412,190B121001,400200990,DAVIDSON,2024,2024-12-28,1553,Possible Injury,0,2,2,Vehicle in Transport,REAR-END,Clear,Daylight,Automatic,-86.61706861956687,36.08927209626648
203771,190D057001,400200922,DAVIDSON,2024,2024-12-28,1300,Possible Injury,0,1,2,Vehicle in Transport,ANGLE,Cloudy,Daylight,Automatic,-86.89548556537028,36.13185351535123
204968,190E268001,400201074,DAVIDSON,2024,2024-12-28,2030,Prop Damage (under),0,0,2,Vehicle in Transport,"SIDESWIPE, OPP DIR",Rain,Dark-Lighted,Automatic,-86.77560818360062,36.161000240605375
209106,19I0024001,400200906,DAVIDSON,2024,2024-12-28,1116,Prop Damage (over),0,0,2,Vehicle in Transport,REAR-END,Clear,Daylight,Automatic,-86.72637048407478,36.118738854331504
210191,19I0024001,400201124,DAVIDSON,2024,2024-12-28,2237,Prop Damage (over),0,0,2,Vehicle in Transport,"SIDESWIPE, SAME DIR",Rain,Dark-Not Lighted,Automatic,-86.69317665674306,36.07462630008339
210231,19I0024001,400201010,DAVIDSON,2024,2024-12-28,1753,Suspected Minor Injury,0,1,2,Vehicle in Transport,"SIDESWIPE, SAME DIR",Rain,Dark-Not Lighted,Automatic,-86.69232396687205,36.07323486771932
213595,19I0040001,400201098,DAVIDSON,2024,2024-12-28,2041,Prop Damage (over),0,0,2,Vehicle in Transport,REAR-END,Cloudy,Dark-Lighted,Automatic,-86.75664096856131,36.15338755634084
214473,19I0040001,400201113,DAVIDSON,2024,2024-12-28,2136,Suspected Minor Injury,0,1,2,Vehicle in Transport,ANGLE,Rain,Dark-Not Lighted,Automatic,-86.73163799094381,36.14054097850859
215377,19I0040001,400201087,DAVIDSON,2024,2024-12-28,2111,Prop Damage (over),0,0,2,Vehicle in Transport,"SIDESWIPE, SAME DIR",Rain,Dark-Lighted,Automatic,-86.69413014646102,36.14419306999056
221022,19SR001001,400201075,DAVIDSON,2024,2024-12-28,1804,Suspected Serious Injury,0,1,1,Pedestrian,NO COLLISION W/ VEHICLE,Clear,Dark-Lighted,Automatic,-86.72339816418737,36.134568838647816
222455,19SR001001,400201169,DAVIDSON,2024,2024-12-28,2030,Prop Damage (over),0,0,2,Vehicle in Transport,ANGLE,Rain,Dark-Lighted,Automatic,-86.62788497595835,36.06423427708776
223744,19SR006001,400201011,DAVIDSON,2024,2024-12-28,1640,Prop Damage (over),0,0,2,Vehicle in Transport,REAR-END,Rain,Dusk,Automatic,-86.72408920580041,36.238024892406656
223823,19SR006001,400200781,DAVIDSON,2024,2024-12-28,255,Suspected Serious Injury,0,1,1,Unknown Harmful Event,UNKNOWN,Clear,Dark-Lighted,Automatic,-86.72117414970589,36.24669675811894
224169,19SR006001,400201111,DAVIDSON,2024,2024-12-28,2200,Suspected Minor Injury,0,1,1,Pedestrian,NO COLLISION W/ VEHICLE,Rain,Dark-Lighted,Automatic,-86.7119330264571,36.26302409436665
224780,19SR011001,400201031,DAVIDSON,2024,2024-12-28,1755,Possible Injury,0,1,2,Vehicle in Transport,ANGLE,Rain,Dark-Lighted,Automatic,-86.71313450839529,36.04383333232145
228051,19SR024001,400201028,DAVIDSON,2024,2024-12-28,1850,Prop Damage (over),0,0,2,Vehicle in Transport,ANGLE,Rain,--,Automatic,-86.77884774223607,36.16029847525152
229052,19SR045001,400200875,DAVIDSON,2024,2024-12-28,1131,Possible Injury,0,1,2,Vehicle in Transport,REAR-END,Clear,Daylight,Automatic,-86.73221164585256,36.26449983919492
281492,1904451001,400201082,DAVIDSON,2024,2024-12-28,2020,Prop Damage (over),0,0,1,Curb,NO COLLISION W/ VEHICLE,Rain,Dark-Not Lighted,Automatic,-86.69899621335776,36.31335669780152
298390,19SR254001,400200762,DAVIDSON,2024,2024-12-28,45,Prop Damage (over),0,0,1,Culvert,NO COLLISION W/ VEHICLE,Clear,Dark-Lighted,Automatic,-86.73829168862832,36.03959230384466
313020,190D627001,400201063,DAVIDSON,2024,2024-12-28,2010,Possible Injury,0,1,1,Other Object (not fixed),NO COLLISION W/ VEHICLE,Rain,Dark-Not Lighted,Automatic,-86.7693264831655,36.18776480969647
314791,19I0040001,400201139,DAVIDSON,2024,2024-12-28,0,Prop Damage (over),0,0,1,Guardrail Face,NO COLLISION W/ VEHICLE,Rain,Dark-Lighted,Automatic,-86.75000800201012,36.1506985580172
317915,1903289001,400202643,DAVIDSON,2024,2024-12-28,0,Prop Damage (over),0,0,1,Fence,NO COLLISION W/ VEHICLE,Clear,Dark-Lighted,Automatic,-86.70555825978093,36.08359899274346
318105,19I0040001,400201091,DAVIDSON,2024,2024-12-28,2038,Prop Damage (over),0,0,1,Wall,NO COLLISION W/ VEHICLE,Rain,Dark-Lighted,Automatic,-86.75388381183706,36.15226305169994
318129,19I0040001,400201135,DAVIDSON,2024,2024-12-28,2129,Prop Damage (over),0,0,1,Concrete Traffic Barrier,NO COLLISION W/ VEHICLE,Rain,Dark-Not Lighted,Automatic,-86.61106244165144,36.16688893017103
318135,19I0065001,400201035,DAVIDSON,2024,2024-12-28,1905,Prop Damage (over),0,0,1,Highway Traffic Sign Post,NO COLLISION W/ VEHICLE,Rain,Dark-Not Lighted,Automatic,-86.78281404737413,36.036762681304985
318152,19I0065001,400201172,DAVIDSON,2024,2024-12-28,2346,Prop Damage (over),0,0,1,Concrete Traffic Barrier,NO COLLISION W/ VEHICLE,Rain,Dark-Lighted,Automatic,-86.77555540776694,36.21205346407937
318179,19I0440001,400200839,DAVIDSON,2024,2024-12-28,0,Prop Damage (over),0,0,1,Concrete Traffic Barrier,NO COLLISION W/ VEHICLE,Cloudy,Daylight,Automatic,-86.82157912387477,36.136910879378846
318184,19I0440001,400201123,DAVIDSON,2024,2024-12-28,2020,Prop Damage (over),0,0,1,Concrete Traffic Barrier,NO COLLISION W/ VEHICLE,Rain,DARK-UNKNOWN LIGHTING,Automatic,-86.79700627476487,36.11598337994974
319361,19I0040001,400200928,DAVIDSON,2024,2024-12-28,0,Suspected Minor Injury,0,1,1,Highway Traffic Sign Post,NO COLLISION W/ VEHICLE,Cloudy,Daylight,Automatic,-86.76295120625849,36.15384761634268
321171,19SR112001,400201085,DAVIDSON,2024,2024-12-28,2035,Prop Damage (over),0,0,1,Ditch,NO COLLISION W/ VEHICLE,Rain,Dark-Lighted,Automatic,-86.84625166831675,36.2543391274227
324583,1903241001,400201106,DAVIDSON,2024,2024-12-28,2150,Prop Damage (over),0,0,2,Vehicle in Transport,"SIDESWIPE, SAME DIR",Rain,Dark-Lighted,Automatic,-86.78699677478865,36.163638579815256
325648,1903286001,400200965,DAVIDSON,2024,2024-12-28,1540,Prop Damage (over),0,0,2,Vehicle in Transport,ANGLE,Clear,Daylight,Automatic,-86.6939208806907,36.25231657715967
327315,1905344001,400201084,DAVIDSON,2024,2024-12-28,2123,Prop Damage (over),0,0,2,Vehicle in Transport,REAR-END,Rain,Dark-Lighted,Automatic,-86.77671965008078,36.16268559599635
327519,190A356001,400200897,DAVIDSON,2024,2024-12-28,1147,Prop Damage (over),0,0,2,Vehicle in Transport,REAR-END,Cloudy,Daylight,Automatic,-86.7136308859612,36.30764899149123
328757,190D412001,400200893,DAVIDSON,2024,2024-12-28,1200,Prop Damage (over),0,0,1,Fire Hydrant,NO COLLISION W/ VEHICLE,Clear,Daylight,Automatic,-86.80166077553564,36.18980660673105
330637,19I0024001,400201007,DAVIDSON,2024,2024-12-28,1411,Prop Damage (over),0,0,2,Vehicle in Transport,"SIDESWIPE, SAME DIR",Cloudy,Daylight,Automatic,-86.86706211120267,36.32382434654595
331384,19I0024001,400201002,DAVIDSON,2024,2024-12-28,1705,Prop Damage (over),0,0,2,Vehicle in Transport,REAR-END,Rain,Dark-Lighted,Automatic,-86.76049788399419,36.15911856534463
331767,19I0024001,400200902,DAVIDSON,2024,2024-12-28,1149,Prop Damage (over),0,0,2,Vehicle in Transport,"SIDESWIPE, SAME DIR",Cloudy,Daylight,Automatic,-86.72183348605847,36.10965749263369
334595,19I0040001,400200801,DAVIDSON,2024,2024-12-28,139,Prop Damage (over),0,0,1,Deer (Animal),NO COLLISION W/ VEHICLE,Clear,Dark-Lighted,Automatic,-86.65662714459485,36.141038213049406
334714,19I0040001,400200994,DAVIDSON,2024,2024-12-28,1711,Prop Damage (over),0,0,2,Vehicle in Transport,REAR-END,Rain,Dark-Lighted,Automatic,-86.61396029681816,36.1650925242796
337682,19SR006001,400201081,DAVIDSON,2024,2024-12-28,2012,Prop Damage (over),0,0,2,Vehicle in Transport,ANGLE,Rain,Dark-Lighted,Automatic,-86.77942118191592,36.15447500299745
340312,19SR065001,400201101,DAVIDSON,2024,2024-12-28,2150,Prop Damage (over),0,0,2,Vehicle in Transport,ANGLE,Rain,Dark-Lighted,Automatic,-86.78452444665747,36.2074793636729
382682,1903250001,400200868,DAVIDSON,2024,2024-12-28,1024,Suspected Minor Injury,0,1,2,Vehicle in Transport,ANGLE,Cloudy,Daylight,Automatic,-86.80918336527392,36.11383347122801
383031,1903256001,400200866,DAVIDSON,2024,2024-12-28,0,Possible Injury,0,1,2,Vehicle in Transport,ANGLE,Clear,Daylight,Automatic,-86.817905382865,36.14992655115562
383502,1903272001,400201000,DAVIDSON,2024,2024-12-28,1725,Suspected Minor Injury,0,1,1,Pedestrian,NO COLLISION W/ VEHICLE,Rain,Dark-Lighted,Automatic,-86.76220318487869,36.16763096219388
387215,19SR001001,400201067,DAVIDSON,2024,2024-12-28,1925,Suspected Minor Injury,0,1,2,Vehicle in Transport,REAR-END,Rain,Dark-Lighted,Automatic,-86.80344434983989,36.14936654901639
388387,19SR006001,400200767,DAVIDSON,2024,2024-12-28,55,Suspected Minor Injury,0,1,2,Vehicle in Transport,ANGLE,Clear,Dark-Lighted,Automatic,-86.78649531854423,36.03740630156943
389533,19SR011001,400201122,DAVIDSON,2024,2024-12-28,2056,Prop Damage (over),0,0,2,Vehicle in Transport,ANGLE,Rain,Dark-Lighted,Automatic,-86.72559317315604,36.07711938577365
390008,19SR011001,400201016,DAVIDSON,2024,2024-12-28,1750,Suspected Minor Injury,0,3,2,Vehicle in Transport,HEAD-ON,Rain,Dark-Lighted,Automatic,-86.76097824384586,36.22368170946808
390717,19SR024001,400201099,DAVIDSON,2024,2024-12-28,2120,Suspected Minor Injury,0,1,2,Vehicle in Transport,ANGLE,Rain,Dark-Lighted,Automatic,-86.85794747677821,36.15010455331481
414508,19SR006001,400200940,DAVIDSON,2024,2024-12-28,1340,Possible Injury,0,1,2,Vehicle in Transport,ANGLE,Cloudy,Daylight,Automatic,-86.7128581284395,36.260397788401455
417790,19SR106001,400200864,DAVIDSON,2024,2024-12-28,0,Prop Damage (over),0,0,2,Vehicle in Transport,"SIDESWIPE, SAME DIR",Cloudy,Daylight,Automatic,-86.81087036898869,36.11395847142268
418101,19SR255001,400200835,DAVIDSON,2024,2024-12-28,750,Prop Damage (over),0,0,2,Vehicle in Transport,REAR-END,Cloudy,Daylight,Automatic,-86.75832424950048,36.08107139586829
429133,19SR024001,400201125,DAVIDSON,2024,2024-12-28,2100,Prop Damage (under),0,0,2,Vehicle in Transport,ANGLE,Rain,Dark-Lighted,Automatic,-86.66331102087233,36.1675655815307
445974,19SR255001,400200927,DAVIDSON,2024,2024-12-28,1254,Prop Damage (over),0,0,2,Vehicle in Transport,REAR-END,Cloudy,Daylight,Automatic,-86.666374028538,36.14043066020118
461425,190D374001,400201161,DAVIDSON,2024,2024-12-28,1920,Prop Damage (under),0,0,1,--,--,--,--,Automatic,-86.81538915595296,36.18903264146303
462760,19I0040001,400201032,DAVIDSON,2024,2024-12-28,1804,Prop Damage (under),0,0,2,--,--,--,--,Automatic,-86.73234566267755,36.14078910524863
463375,19SR001001,400200910,DAVIDSON,2024,2024-12-28,1230,Prop Damage (under),0,0,2,--,--,--,--,Automatic,-86.78214279900361,36.15887976872605
194995,1903245001,400200724,DAVIDSON,2024,2024-12-27,2006,Possible Injury,0,1,2,Vehicle in Transport,REAR-END,Clear,Dark-Lighted,Automatic,-86.79007693489392,36.15289902935959
196236,1903256001,400200661,DAVIDSON,2024,2024-12-27,1657,Possible Injury,0,1,2,Vehicle in Transport,ANGLE,Clear,Daylight,Automatic,-86.7793916157359,36.13423268458595
201860,190A433001,400200641,DAVIDSON,2024,2024-12-27,1700,Possible Injury,0,1,2,Vehicle in Transport,ANGLE,Clear,Dark-Lighted,Automatic,-86.71539823107811,36.27328992366789
206905,19I0024001,400200733,DAVIDSON,2024,2024-12-27,2100,Possible Injury,0,1,2,Vehicle in Transport,REAR-END,Clear,Dark-Not Lighted,Automatic,-86.8327744037936,36.31489680292552
210110,19I0024001,400200398,DAVIDSON,2024,2024-12-27,806,Prop Damage (over),0,0,2,Vehicle in Transport,"SIDESWIPE, SAME DIR",Rain,Daylight,Automatic,-86.69633240570734,36.07977568576504
211395,19I0024001,400200645,DAVIDSON,2024,2024-12-27,1714,Suspected Minor Injury,0,1,2,Vehicle in Transport,REAR-END,Clear,Dark-Not Lighted,Automatic,-86.63992248099805,36.03170019912047
211870,19I0040001,400200543,DAVIDSON,2024,2024-12-27,1222,Prop Damage (over),0,0,2,Vehicle in Transport,REAR-END,Clear,Daylight,Automatic,-86.96901965674076,36.07509226738758
212635,19I0040001,400200513,DAVIDSON,2024,2024-12-27,750,Prop Damage (over),0,0,2,Vehicle in Transport,ANGLE,Rain,Daylight,Automatic,-86.81154807248505,36.16941624602587
213717,19I0040001,400200753,DAVIDSON,2024,2024-12-27,1935,Prop Damage (over),0,0,2,Vehicle in Transport,"SIDESWIPE, SAME DIR",Clear,Dark-Not Lighted,Automatic,-86.75151726459418,36.15135680760356
215075,19I0040001,400200564,DAVIDSON,2024,2024-12-27,1443,Prop Damage (over),0,0,3,Vehicle in Transport,REAR-END,Cloudy,Daylight,Automatic,-86.70841062253297,36.14251551309303
215223,19I0040001,400200492,DAVIDSON,2024,2024-12-27,1036,Prop Damage (over),0,0,2,Vehicle in Transport,REAR-END,Cloudy,Daylight,Automatic,-86.7026288730617,36.14346501432232
215306,19I0040001,400200566,DAVIDSON,2024,2024-12-27,1438,Prop Damage (over),0,0,2,Vehicle in Transport,REAR-END,Clear,Daylight,Automatic,-86.69826676217967,36.14409998843238
215386,19I0040001,400200295,DAVIDSON,2024,2024-12-27,0,Prop Damage (over),0,0,2,Vehicle in Transport,"SIDESWIPE, SAME DIR",Clear,Dark-Lighted,Automatic,-86.69279744649664,36.14407422548764
218139,19I0065001,400200461,DAVIDSON,2024,2024-12-27,815,Suspected Minor Injury,0,1,2,Vehicle in Transport,"SIDESWIPE, SAME DIR",Rain,Daylight,Automatic,-86.77590690915423,36.20920558891447
221207,19SR001001,400200788,DAVIDSON,2024,2024-12-27,2100,Suspected Minor Injury,0,1,2,Vehicle in Transport,REAR-END,Clear,Dark-Lighted,Automatic,-86.71052123955305,36.12620569441761
221515,19SR001001,400200536,DAVIDSON,2024,2024-12-27,0,Suspected Minor Injury,0,1,2,Vehicle in Transport,ANGLE,Cloudy,Daylight,Automatic,-86.66678050364042,36.10337823682833
222061,19SR001001,400200672,DAVIDSON,2024,2024-12-27,1633,Prop Damage (over),0,0,2,Vehicle in Transport,ANGLE,Clear,Dusk,Automatic,-86.63752045079686,36.07329062383141
222906,19SR001001,400200548,DAVIDSON,2024,2024-12-27,1342,Suspected Minor Injury,0,1,1,Thrown or Falling Object,NO COLLISION W/ VEHICLE,Cloudy,Daylight,Automatic,-86.60245908886746,36.0389290205996
226251,19SR011001,400200653,DAVIDSON,2024,2024-12-27,1638,Possible Injury,0,1,2,Vehicle in Transport,ANGLE,Cloudy,Dusk,Automatic,-86.76201833821013,36.22069631942739
228436,19SR024001,400200529,DAVIDSON,2024,2024-12-27,0,Suspected Minor Injury,0,1,2,Vehicle in Transport,ANGLE,Clear,Daylight,Automatic,-86.66222762670277,36.16726055964319
229549,19SR045001,400200743,DAVIDSON,2024,2024-12-27,1615,Prop Damage (over),0,0,2,Vehicle in Transport,REAR-END,Clear,Daylight,Automatic,-86.61783860200686,36.1936734490144
231400,19SR155001,400200375,DAVIDSON,2024,2024-12-27,740,Prop Damage (over),0,0,2,Vehicle in Transport,"SIDESWIPE, SAME DIR",Rain,Daylight,Automatic,-86.68822933427958,36.165868559026
233710,19SR254001,400200702,DAVIDSON,2024,2024-12-27,1846,Suspected Minor Injury,0,2,3,Vehicle in Transport,REAR-END,Clear,Dark-Lighted,Automatic,-86.67300598362472,36.04541758983281
234757,19SR255001,400200336,DAVIDSON,2024,2024-12-27,0,Suspected Minor Injury,0,1,2,Vehicle in Transport,ANGLE,Rain,Dark-Lighted,Automatic,-86.70477233806531,36.08449547074153
283866,190C012001,400200709,DAVIDSON,2024,2024-12-27,2032,Suspected Minor Injury,0,2,1,Utility Pole,NO COLLISION W/ VEHICLE,Cloudy,Dark-Not Lighted,Automatic,-86.75572624790232,36.03157728769349
296520,190F068001,400200685,DAVIDSON,2024,2024-12-27,0,Prop Damage (over),0,0,2,Parked Motor Vehicle,"SIDESWIPE, SAME DIR",Clear,Unknown,Automatic,-86.79019765936182,36.12531520259056
312019,19SR100001,400200347,DAVIDSON,2024,2024-12-27,626,Suspected Minor Injury,0,1,1,Guardrail End,NO COLLISION W/ VEHICLE,Rain,Dark-Not Lighted,Automatic,-87.03095418811293,36.01748188247255
314137,190B305001,400200319,DAVIDSON,2024,2024-12-27,417,Prop Damage (over),0,0,1,Standing Tree,NO COLLISION W/ VEHICLE,Clear,Dark-Not Lighted,Automatic,-86.59568319319901,36.04078105627469
318074,19I0040001,400200345,DAVIDSON,2024,2024-12-27,711,Possible Injury,0,1,1,Concrete Traffic Barrier,NO COLLISION W/ VEHICLE,Rain,Dawn,Automatic,-86.9144967297657,36.11742415385782
318236,19SR155001,400200371,DAVIDSON,2024,2024-12-27,0,Possible Injury,0,1,2,Concrete Traffic Barrier,NO COLLISION W/ VEHICLE,Rain,Daylight,Automatic,-86.69283827071771,36.218697300547554
319290,19I0024001,400200366,DAVIDSON,2024,2024-12-27,806,Prop Damage (over),0,0,1,Guardrail Face,NO COLLISION W/ VEHICLE,Rain,Daylight,Automatic,-86.7264170187605,36.11886399300141
319378,19I0040001,400200367,DAVIDSON,2024,2024-12-27,804,Prop Damage (over),0,0,1,Guardrail Face,NO COLLISION W/ VEHICLE,Rain,Daylight,Automatic,-86.67583039492466,36.141848808982864
327102,1904963001,400200545,DAVIDSON,2024,2024-12-27,1311,Prop Damage (over),0,0,2,Vehicle in Transport,REAR-END,Clear,Daylight,Automatic,-86.6305529638434,36.08985918805651
329144,190E214001,400200592,DAVIDSON,2024,2024-12-27,0,Prop Damage (over),0,0,2,Vehicle in Transport,"SIDESWIPE, SAME DIR",Clear,Daylight,Automatic,-86.79609060583765,36.18263351824369
329967,190F506001,400200443,DAVIDSON,2024,2024-12-27,1000,Prop Damage (over),0,0,2,Vehicle in Transport,REAR-END,Cloudy,Daylight,Automatic,-86.78815640398132,36.15500937830831
332769,19I0040001,400200541,DAVIDSON,2024,2024-12-27,844,Prop Damage (over),0,0,2,Vehicle in Transport,ANGLE,Clear,Daylight,Automatic,-86.99379616545417,36.077835107927946
334377,19I0040001,400200547,DAVIDSON,2024,2024-12-27,1353,Prop Damage (over),0,0,2,Vehicle in Transport,REAR-END,Cloudy,Daylight,Automatic,-86.70210325949374,36.14355133136213
334781,19I0040001,400200370,DAVIDSON,2024,2024-12-27,747,Prop Damage (over),0,0,2,Other Non-Collision,NO COLLISION W/ VEHICLE,Rain,Daylight,Automatic,-86.57286618342305,36.168922517833074
336539,19SR001001,400200634,DAVIDSON,2024,2024-12-27,1735,Prop Damage (over),0,0,2,Vehicle in Transport,REAR-END,Clear,Dark-Lighted,Automatic,-86.84647700732707,36.12572499912754
339644,19SR024001,400200867,DAVIDSON,2024,2024-12-27,1910,Prop Damage (over),0,0,2,Parked Motor Vehicle,"SIDESWIPE, SAME DIR",Clear,Dark-Lighted,Automatic,-86.76531003808316,36.15537188172714
339921,19SR024901,400200734,DAVIDSON,2024,2024-12-27,2009,Prop Damage (over),0,0,2,Vehicle in Transport,ANGLE,Clear,Dark-Lighted,Automatic,-86.79058111709641,36.15839709323036
341761,19SR254001,400200554,DAVIDSON,2024,2024-12-27,1348,Prop Damage (over),0,0,2,Vehicle in Transport,REAR-END,Cloudy,Daylight,Automatic,-86.71999568508697,36.0456185332171
389881,19SR011001,400200436,DAVIDSON,2024,2024-12-27,939,Prop Damage (over),0,0,2,Vehicle in Transport,REAR-END,Clear,Daylight,Automatic,-86.7709197242164,36.17668914148076
391374,19SR024001,400200771,DAVIDSON,2024,2024-12-27,2330,Suspected Minor Injury,0,2,2,Vehicle in Transport,ANGLE,Clear,Dark-Lighted,Automatic,-86.60461288010329,36.214618681067456
392211,19SR100001,400200698,DAVIDSON,2024,2024-12-27,2015,Prop Damage (over),0,0,2,Vehicle in Transport,ANGLE,Clear,Dark-Not Lighted,Automatic,-86.9046405925976,36.06230636291976
417320,19SR012001,400200640,DAVIDSON,2024,2024-12-27,1727,Prop Damage (over),0,0,2,Vehicle in Transport,ANGLE,Clear,Dark-Lighted,Automatic,-86.83508241901686,36.19606365277982
427876,190G217001,400200752,DAVIDSON,2024,2024-12-27,2120,Suspected Minor Injury,0,1,2,Vehicle in Transport,ANGLE,Unknown,Dark-Lighted,Automatic,-86.95686871610407,36.037092310397
428778,19SR011001,400200451,DAVIDSON,2024,2024-12-27,953,Suspected Minor Injury,0,4,2,Vehicle in Transport,ANGLE,Cloudy,Daylight,Automatic,-86.77314727492782,36.18882663364348
429330,19SR045001,400200749,DAVIDSON,2024,2024-12-27,1710,Prop Damage (over),0,0,2,Vehicle in Transport,ANGLE,Clear,Daylight,Automatic,-86.60217753366555,36.173620731374655
429911,19SR255001,400201230,DAVIDSON,2024,2024-12-27,721,Possible Injury,0,3,3,Vehicle in Transport,"SIDESWIPE, OPP DIR",Rain,Daylight,Automatic,-86.66391937403519,36.133214927418905
439013,19SR001001,400200339,DAVIDSON,2024,2024-12-27,0,Prop Damage (over),0,0,2,Vehicle in Transport,HEAD-ON,Rain,Daylight,Automatic,-86.78883631431374,36.156021562717136
439616,19SR255001,400201202,DAVIDSON,2024,2024-12-27,655,Prop Damage (over),0,0,2,Vehicle in Transport,ANGLE,Rain,Daylight,Automatic,-86.66812903686504,36.11674347013854
448434,19SR006001,400200431,DAVIDSON,2024,2024-12-27,914,Prop Damage (over),0,0,1,Guardrail Face,NO COLLISION W/ VEHICLE,Clear,Daylight,Automatic,-86.76631520832643,36.17248104601056
448876,19I0065001,400200324,DAVIDSON,2024,2024-12-27,520,Prop Damage (over),0,0,1,Concrete Traffic Barrier,NO COLLISION W/ VEHICLE,Rain,Dark-Not Lighted,Automatic,-86.74738430324891,36.244031803142896
448954,19I0024001,400200300,DAVIDSON,2024,2024-12-27,209,Prop Damage (over),0,0,1,Guardrail Face,NO COLLISION W/ VEHICLE,Clear,Dark-Lighted,Automatic,-86.77214289439029,36.17592451971469
461411,190D322001,400200565,DAVIDSON,2024,2024-12-27,1300,Prop Damage (under),0,0,2,--,--,--,--,Automatic,-86.81278929649059,36.17855384815076
194516,1901017001,400200154,DAVIDSON,2024,2024-12-26,1255,Prop Damage (under),0,0,2,Vehicle in Transport,REAR-END,Cloudy,Daylight,Automatic,-86.6895908912937,36.27197803330434
198043,1904169001,400200278,DAVIDSON,2024,2024-12-26,1833,Suspected Minor Injury,0,2,2,Vehicle in Transport,REAR-END,Clear,Dark-Lighted,Automatic,-86.67044432794162,36.05887479978478
202417,190B122001,400200180,DAVIDSON,2024,2024-12-26,1719,Prop Damage (over),0,0,2,Vehicle in Transport,ANGLE,Clear,Daylight,Automatic,-86.61090290584775,36.08101538751867
203328,190B890001,400200196,DAVIDSON,2024,2024-12-26,1749,Prop Damage (over),0,0,2,Vehicle in Transport,ANGLE,Clear,Dark-Lighted,Automatic,-86.68442039720057,36.052517719756
204183,190D503001,400199932,DAVIDSON,2024,2024-12-26,809,Suspected Minor Injury,0,1,2,Vehicle in Transport,ANGLE,Clear,Daylight,Automatic,-86.75789810789693,36.24361990941824
210709,19I0024001,400200118,DAVIDSON,2024,2024-12-26,1450,Prop Damage (over),0,0,2,Vehicle in Transport,REAR-END,Clear,Daylight,Automatic,-86.67091023054637,36.05213387338031
213037,19I0040001,400200222,DAVIDSON,2024,2024-12-26,1538,Prop Damage (under),0,0,2,Vehicle in Transport,ANGLE,Clear,Daylight,Automatic,-86.78562620688818,36.15068598350776
217300,19I0065001,400200215,DAVIDSON,2024,2024-12-26,1915,Prop Damage (over),0,0,2,Vehicle in Transport,"SIDESWIPE, SAME DIR",Cloudy,Dark-Lighted,Automatic,-86.79420325256417,36.18785211973037
218803,19I0065001,400200205,DAVIDSON,2024,2024-12-26,1630,Prop Damage (over),0,0,2,Vehicle in Transport,"SIDESWIPE, SAME DIR",Clear,Daylight,Automatic,-86.73976507452244,36.2522192759525
227351,19SR024001,400200241,DAVIDSON,2024,2024-12-26,1455,Prop Damage (over),0,0,2,Vehicle in Transport,"SIDESWIPE, SAME DIR",Clear,Daylight,Automatic,-86.90385983524224,36.129352093901936
227518,19SR024001,400200259,DAVIDSON,2024,2024-12-26,2213,Suspected Minor Injury,0,2,2,Vehicle in Transport,ANGLE,Clear,Dark-Lighted,Automatic,-86.87352583156198,36.143680018336994
230512,19SR106001,400200113,DAVIDSON,2024,2024-12-26,1510,Possible Injury,0,1,3,Vehicle in Transport,REAR-END,Clear,Daylight,Automatic,-86.81087247815913,36.11394420254285
231394,19SR155001,400200090,DAVIDSON,2024,2024-12-26,0,Prop Damage (over),0,0,2,Vehicle in Transport,ANGLE,Clear,Daylight,Automatic,-86.68879961648116,36.16432139826663
231489,19SR155001,400200276,DAVIDSON,2024,2024-12-26,0,Prop Damage (over),0,0,1,Unknown Harmful Event,UNKNOWN,Clear,Dark-Lighted,Automatic,-86.68771796729327,36.19017133226087
233654,19SR254001,400200245,DAVIDSON,2024,2024-12-26,2114,Suspected Minor Injury,0,1,2,Vehicle in Transport,ANGLE,Clear,Dark-Lighted,Automatic,-86.6766849609067,36.04625541305702
294165,1901952001,400199899,DAVIDSON,2024,2024-12-26,500,Prop Damage (over),0,0,1,Mail Box,NO COLLISION W/ VEHICLE,Clear,Dark-Lighted,Automatic,-86.6129938759711,36.18078873517213
295125,190A236001,400200247,DAVIDSON,2024,2024-12-26,1743,Prop Damage (over),0,0,1,Guardrail Face,NO COLLISION W/ VEHICLE,Clear,Dark-Not Lighted,Automatic,-86.79367012443512,36.24429692095576
295318,190A973001,400200291,DAVIDSON,2024,2024-12-26,2315,Prop Damage (over),0,0,3,Parked Motor Vehicle,"SIDESWIPE, OPP DIR",Clear,Dark-Lighted,Automatic,-86.58933978275478,36.2258708835184
314525,190F381001,400199985,DAVIDSON,2024,2024-12-26,1010,Suspected Minor Injury,0,1,1,Building,NO COLLISION W/ VEHICLE,Clear,Daylight,Automatic,-86.79265338147732,36.144385765725815
318061,19I0024001,400200130,DAVIDSON,2024,2024-12-26,1545,Prop Damage (over),0,0,1,Concrete Traffic Barrier,NO COLLISION W/ VEHICLE,Clear,Dusk,Automatic,-86.61454722340252,36.00890854125315
325688,1903289001,400200011,DAVIDSON,2024,2024-12-26,1130,Prop Damage (over),0,0,2,Vehicle in Transport,"SIDESWIPE, SAME DIR",Clear,Daylight,Automatic,-86.74364607437552,36.04082327864478
327530,190A387001,400200266,DAVIDSON,2024,2024-12-26,1511,Prop Damage (over),0,0,2,Vehicle in Transport,"SIDESWIPE, OPP DIR",Clear,Daylight,Automatic,-86.62922399259921,35.97684812513659
328035,190B424001,400200280,DAVIDSON,2024,2024-12-26,2140,Prop Damage (over),0,0,2,Vehicle in Transport,ANGLE,Clear,Dark-Lighted,Automatic,-86.66937051969707,36.146320404151936
331423,19I0024001,400200112,DAVIDSON,2024,2024-12-26,1230,Prop Damage (over),0,0,2,Vehicle in Transport,"SIDESWIPE, SAME DIR",Clear,Daylight,Automatic,-86.76043575916144,36.157738667233055
332684,19I0024001,400200185,DAVIDSON,2024,2024-12-26,1805,Prop Damage (over),0,0,2,Vehicle in Transport,REAR-END,Clear,Dark-Not Lighted,Automatic,-86.6156208114407,36.00984271973983
333297,19I0040001,400199894,DAVIDSON,2024,2024-12-26,613,Prop Damage (over),0,0,2,Vehicle in Transport,"SIDESWIPE, SAME DIR",Clear,Dawn,Automatic,-86.78942826976997,36.15587073132502
333456,19I0040001,400200145,DAVIDSON,2024,2024-12-26,0,Prop Damage (over),0,0,1,Guardrail Face,NO COLLISION W/ VEHICLE,Cloudy,Dark-Lighted,Automatic,-86.77340049994856,36.14938478995612
335405,19I0065001,400200115,DAVIDSON,2024,2024-12-26,0,Prop Damage (over),0,0,2,Vehicle in Transport,REAR-END,Cloudy,Daylight,Automatic,-86.77622176501579,36.19975248738204
335704,19I0065001,400200221,DAVIDSON,2024,2024-12-26,1947,Prop Damage (over),0,0,2,Vehicle in Transport,"SIDESWIPE, SAME DIR",Cloudy,Dark-Lighted,Automatic,-86.77291039211258,36.22565006945662
336343,19I0440001,400200214,DAVIDSON,2024,2024-12-26,1757,Prop Damage (over),0,0,1,Thrown or Falling Object,NO COLLISION W/ VEHICLE,Clear,Dark-Lighted,Automatic,-86.73890642771923,36.12430718859631
338151,19SR006001,400200285,DAVIDSON,2024,2024-12-26,2050,Prop Damage (over),0,0,2,Vehicle in Transport,ANGLE,Clear,Dark-Lighted,Automatic,-86.71110887720668,36.2654712902954
387058,19SR001001,400199946,DAVIDSON,2024,2024-12-26,0,Suspected Minor Injury,0,1,2,Vehicle in Transport,ANGLE,Cloudy,Daylight,Automatic,-86.84760845443923,36.124951497648105
388587,19SR006001,400200142,DAVIDSON,2024,2024-12-26,1615,Prop Damage (over),0,0,2,Vehicle in Transport,ANGLE,Cloudy,Daylight,Automatic,-86.77912729303377,36.14969054840875
417184,19SR011001,400199927,DAVIDSON,2024,2024-12-26,737,Prop Damage (over),0,0,2,Vehicle in Transport,REAR-END,Clear,Daylight,Automatic,-86.76859426368809,36.2058786707588
417215,19SR011001,400200174,DAVIDSON,2024,2024-12-26,1641,Prop Damage (over),0,0,2,Vehicle in Transport,ANGLE,Clear,Daylight,Automatic,-86.75655823247139,36.24389775420487
428887,19SR011001,400200224,DAVIDSON,2024,2024-12-26,1908,Suspected Serious Injury,0,1,2,Vehicle in Transport,"SIDESWIPE, SAME DIR",Clear,Dark-Lighted,Automatic,-86.7134541259454,36.31558090880045
429667,19SR254001,400186970,DAVIDSON,2024,2024-12-26,1244,Prop Damage (over),0,0,2,Vehicle in Transport,"SIDESWIPE, OPP DIR",Cloudy,Daylight,Automatic,-86.79099532938679,36.03742330163595
439545,19SR254001,400200261,DAVIDSON,2024,2024-12-26,2200,Prop Damage (over),0,0,2,Vehicle in Transport,ANGLE,Clear,Dark-Lighted,Automatic,-86.78153283336579,36.039608534041925
445174,19I0065001,400200223,DAVIDSON,2024,2024-12-26,0,Prop Damage (over),0,0,2,Vehicle in Transport,ANGLE,Clear,Dark-Not Lighted,Automatic,-86.74645885542549,36.244780877394525
452379,19SR011001,400200150,DAVIDSON,2024,2024-12-26,1613,Suspected Minor Injury,0,2,2,Vehicle in Transport,ANGLE,Clear,Daylight,Automatic,-86.72016086266257,36.06906065965646
458958,1904170001,400200227,DAVIDSON,2024,2024-12-26,1850,Suspected Minor Injury,0,1,2,Vehicle in Transport in other Roadway,ANGLE,Clear,Dark-Lighted,Automatic,-86.69085344404651,36.06906389172168
460307,1903245001,400200235,DAVIDSON,2024,2024-12-26,1925,Prop Damage (under),0,0,2,--,--,--,--,Automatic,-86.79347032611051,36.14852354685314
460470,1903256001,400200186,DAVIDSON,2024,2024-12-26,1650,Prop Damage (under),0,0,2,--,--,--,--,Automatic,-86.8151470670262,36.14211395382561
462081,19I0024001,400200038,DAVIDSON,2024,2024-12-26,1110,Prop Damage (under),0,0,2,--,--,--,--,Automatic,-86.76700613888192,36.169829291754525
202498,190B298001,400199717,DAVIDSON,2024,2024-12-25,27,Possible Injury,0,1,2,Vehicle in Transport,ANGLE,Clear,Dark-Lighted,Automatic,-86.6385798339299,36.07443360974964
203262,190B878001,400199696,DAVIDSON,2024,2024-12-25,106,Suspected Minor Injury,0,1,2,Vehicle in Transport,"SIDESWIPE, OPP DIR",Clear,Dark-Lighted,Automatic,-86.6935164791667,36.06803638384705
209751,19I0024001,400199823,DAVIDSON,2024,2024-12-25,1900,Possible Injury,0,1,2,Vehicle in Transport,"SIDESWIPE, SAME DIR",Clear,Dark-Lighted,Automatic,-86.70700714577305,36.09454786050674
211863,19I0040001,400199878,DAVIDSON,2024,2024-12-25,2256,Suspected Serious Injury,0,4,4,Vehicle in Transport,HEAD-ON,Clear,Dark-Lighted,Automatic,-86.97551442759648,36.07395995118961
221895,19SR001001,400199727,DAVIDSON,2024,2024-12-25,0,Prop Damage (over),0,0,2,Vehicle in Transport,ANGLE,Clear,Daylight,Automatic,-86.6445085222885,36.07942199166239
233379,19SR254001,400199694,DAVIDSON,2024,2024-12-25,11,Prop Damage (over),0,0,2,Vehicle in Transport,REAR-END,Clear,Dark-Lighted,Automatic,-86.71325976267583,36.04533578232164
233639,19SR254001,400199688,DAVIDSON,2024,2024-12-25,6,Prop Damage (over),0,0,2,Vehicle in Transport,"SIDESWIPE, SAME DIR",Clear,Dark-Not Lighted,Automatic,-86.67755071468616,36.04645507355659
233674,19SR254001,400199786,DAVIDSON,2024,2024-12-25,940,Prop Damage (over),0,0,2,Vehicle in Transport,REAR-END,Clear,Daylight,Automatic,-86.67469372792853,36.045796192439816
294084,1901011001,400199818,DAVIDSON,2024,2024-12-25,1849,Suspected Minor Injury,0,1,1,Utility Pole,NO COLLISION W/ VEHICLE,Clear,Dark-Lighted,Automatic,-86.62765489009584,36.08808183953825
295144,190A293001,400199777,DAVIDSON,2024,2024-12-25,0,Prop Damage (over),0,0,1,Mail Box,NO COLLISION W/ VEHICLE,Clear,Unknown,Automatic,-86.74066997557047,36.283281155398384
296453,190E704001,400199822,DAVIDSON,2024,2024-12-25,100,Prop Damage (over),0,0,2,Parked Motor Vehicle,REAR-END,Clear,Dark-Lighted,Automatic,-86.70703581178239,36.089612463290194
314424,190E008001,400199841,DAVIDSON,2024,2024-12-25,0,Prop Damage (over),0,0,2,Parked Motor Vehicle,ANGLE,Clear,Dark-Lighted,Automatic,-86.73286014828186,36.20081663944767
317955,190C082001,400199732,DAVIDSON,2024,2024-12-25,0,Suspected Minor Injury,0,2,1,Curb,NO COLLISION W/ VEHICLE,Clear,Daylight,Automatic,-86.7354002738134,36.09563837461954
319030,1904907001,400199702,DAVIDSON,2024,2024-12-25,155,Prop Damage (over),0,0,2,Parked Motor Vehicle,REAR-END,Clear,Dark-Lighted,Automatic,-86.85672751260219,36.15981613449461
319039,1904938001,400199692,DAVIDSON,2024,2024-12-25,9,Prop Damage (over),0,0,1,Embankment Rock/Stone/Concrete,NO COLLISION W/ VEHICLE,Clear,Dark-Lighted,Automatic,-86.69613506367419,36.14251310742113
319562,19SR155001,400199762,DAVIDSON,2024,2024-12-25,1234,Prop Damage (over),0,0,2,Vehicle in Transport,REAR-END,Clear,Daylight,Automatic,-86.75374007246482,36.24104754881596
341412,19SR171001,400199810,DAVIDSON,2024,2024-12-25,1751,Prop Damage (over),0,0,2,Vehicle in Transport,REAR-END,Clear,Dark-Lighted,Automatic,-86.60613314945466,36.04307758531368
383677,1903289001,400199854,DAVIDSON,2024,2024-12-25,2240,Prop Damage (over),0,0,2,Vehicle in Transport,ANGLE,Clear,Dark-Lighted,Automatic,-86.73375719345519,36.07106737314834
392790,19SR155001,400199856,DAVIDSON,2024,2024-12-25,2305,Suspected Minor Injury,0,1,2,Vehicle in Transport,ANGLE,Clear,Dark-Lighted,Automatic,-86.70021110935305,36.13955552145696
428144,19SR001001,400199720,DAVIDSON,2024,2024-12-25,554,Prop Damage (over),0,0,2,Vehicle in Transport,ANGLE,Clear,Dawn,Automatic,-86.71470914371085,36.12948550038852
429608,19SR171001,400199796,DAVIDSON,2024,2024-12-25,1600,Prop Damage (over),0,0,2,Vehicle in Transport,REAR-END,Clear,Daylight,Automatic,-86.61114991021424,36.03594528877908
195880,1903252001,400199570,DAVIDSON,2024,2024-12-24,1456,Prop Damage (over),0,0,2,Vehicle in Transport,ANGLE,Clear,Daylight,Automatic,-86.72756073814195,36.21930069976943
198502,1904171001,400199700,DAVIDSON,2024,2024-12-24,2240,Prop Damage (over),0,0,2,Vehicle in Transport,ANGLE,Clear,Dark-Lighted,Automatic,-86.70476975985531,36.25546785446973
200734,1904960001,400199674,DAVIDSON,2024,2024-12-24,1506,Prop Damage (over),0,0,2,Vehicle in Transport,ANGLE,Clear,Daylight,Automatic,-86.63838186743182,36.03491122088539
201239,1905333001,400199370,DAVIDSON,2024,2024-12-24,430,Suspected Minor Injury,0,1,1,Unknown Harmful Event,UNKNOWN,Clear,Dark-Lighted,Automatic,-86.76466441533539,36.16670419752931
202699,190B404001,400199663,DAVIDSON,2024,2024-12-24,2010,Prop Damage (over),0,0,1,Deer (Animal),NO COLLISION W/ VEHICLE,Clear,Dark-Lighted,Automatic,-86.64336234773872,36.15985104541602
203847,190D194001,400199690,DAVIDSON,2024,2024-12-24,2348,Suspected Minor Injury,0,1,2,Vehicle in Transport,"SIDESWIPE, OPP DIR",Clear,Dark-Lighted,Automatic,-86.89601388383653,36.134269558030326
206451,190H833001,400199497,DAVIDSON,2024,2024-12-24,1122,Suspected Minor Injury,0,1,2,Vehicle in Transport,ANGLE,Clear,Daylight,Automatic,-86.62921072552608,36.06420633700174
210787,19I0024001,400199670,DAVIDSON,2024,2024-12-24,2250,Prop Damage (over),0,0,2,Vehicle in Transport,ANGLE,Clear,Dark-Lighted,Automatic,-86.66688909442296,36.04980897433394
218827,19I0065001,400199595,DAVIDSON,2024,2024-12-24,1430,Prop Damage (over),0,0,2,Vehicle in Transport,"SIDESWIPE, SAME DIR",Clear,Daylight,Automatic,-86.7386551194755,36.25452547572037
222268,19SR001001,400199666,DAVIDSON,2024,2024-12-24,1830,Prop Damage (over),0,0,2,Vehicle in Transport,ANGLE,Clear,Dark-Lighted,Automatic,-86.63439565315939,36.070273526812365
229723,19SR045001,400199656,DAVIDSON,2024,2024-12-24,2000,Prop Damage (under),0,0,2,Vehicle in Transport,ANGLE,Clear,Dark-Lighted,Automatic,-86.60197089336955,36.17299150498761
294639,1904896001,400199338,DAVIDSON,2024,2024-12-24,0,Prop Damage (over),0,0,1,Earth Embankment,NO COLLISION W/ VEHICLE,Clear,Dark-Not Lighted,Automatic,-86.92328057415754,36.06671277819691
295203,190A458001,400199378,DAVIDSON,2024,2024-12-24,530,Prop Damage (over),0,0,1,Ditch,NO COLLISION W/ VEHICLE,Clear,Dark-Lighted,Automatic,-86.72251276156167,36.25320761997792
296493,190E984001,400199359,DAVIDSON,2024,2024-12-24,124,Prop Damage (over),0,0,2,Parked Motor Vehicle,"SIDESWIPE, SAME DIR",Clear,Dark-Lighted,Automatic,-86.77180795701307,36.18935458912972
298471,19SR255001,400208366,DAVIDSON,2024,2024-12-24,1129,Prop Damage (over),0,0,2,Parked Motor Vehicle,ANGLE,Clear,Daylight,Automatic,-86.6638154676888,36.13347825059766
314149,190B328001,400199621,DAVIDSON,2024,2024-12-24,1540,Prop Damage (over),0,0,1,Fence,NO COLLISION W/ VEHICLE,Clear,Daylight,Automatic,-86.67399608616194,36.0322207071709
329072,190E168001,400200934,DAVIDSON,2024,2024-12-24,1730,Prop Damage (over),0,0,2,Parked Motor Vehicle,"SIDESWIPE, SAME DIR",Unknown,Dusk,Automatic,-86.74442606213705,36.17156440009199
329163,190E219001,400199661,DAVIDSON,2024,2024-12-24,0,Prop Damage (over),0,0,2,Vehicle in Transport,REAR-END,Clear,DARK-UNKNOWN LIGHTING,Automatic,-86.7956036783449,36.17768534300653
329798,190F304001,400199553,DAVIDSON,2024,2024-12-24,1300,Prop Damage (over),0,0,2,Vehicle in Transport,ANGLE,Clear,Daylight,Automatic,-86.84348194276009,36.152413809116894
332291,19I0024001,400199521,DAVIDSON,2024,2024-12-24,1252,Prop Damage (over),0,0,2,Vehicle in Transport,REAR-END,Clear,Daylight,Automatic,-86.67345678745846,36.05390871275708
337370,19SR001001,400199683,DAVIDSON,2024,2024-12-24,1900,Prop Damage (over),0,0,2,Vehicle in Transport,ANGLE,Clear,Dark-Lighted,Automatic,-86.62930990554571,36.06556213334407
337976,19SR006001,400199589,DAVIDSON,2024,2024-12-24,1333,Prop Damage (over),0,0,3,Vehicle in Transport,REAR-END,Clear,Daylight,Automatic,-86.72002487509253,36.24848183938971
340120,19SR045001,400199348,DAVIDSON,2024,2024-12-24,40,Prop Damage (over),0,0,1,Deer (Animal),NO COLLISION W/ VEHICLE,Clear,Dark-Not Lighted,Automatic,-86.63055444365557,36.239250573655205
341155,19SR155001,400199461,DAVIDSON,2024,2024-12-24,1012,Prop Damage (over),0,0,1,Utility Pole,NO COLLISION W/ VEHICLE,Cloudy,Daylight,Automatic,-86.78635039318618,36.238051242973455
381983,1901017001,400199445,DAVIDSON,2024,2024-12-24,851,Prop Damage (over),0,0,2,Vehicle in Transport,ANGLE,Cloudy,Daylight,Automatic,-86.70398368911506,36.30799919181615
385157,1904946001,400199614,DAVIDSON,2024,2024-12-24,1701,Possible Injury,0,1,2,Vehicle in Transport,ANGLE,Clear,Dark-Lighted,Automatic,-86.71952515619117,36.11486546874433
385420,1904964001,400199356,DAVIDSON,2024,2024-12-24,124,Prop Damage (over),0,0,2,Vehicle in Transport,ANGLE,Clear,Dark-Lighted,Automatic,-86.61916492542518,36.07348737191975
386908,19SR001001,400199467,DAVIDSON,2024,2024-12-24,831,Prop Damage (over),0,0,2,Vehicle in Transport,REAR-END,Clear,Daylight,Automatic,-86.9452148950979,36.07683455403485
387057,19SR001001,400199657,DAVIDSON,2024,2024-12-24,2122,Prop Damage (over),0,0,2,Vehicle in Transport,ANGLE,Clear,Dark-Lighted,Automatic,-86.84760845443923,36.124951497648105
415719,1904435001,400199625,DAVIDSON,2024,2024-12-24,1915,Prop Damage (over),0,0,2,Vehicle in Transport,ANGLE,Clear,Dark-Lighted,Automatic,-86.81854838373174,36.15873957057842
415732,1904451001,400199547,DAVIDSON,2024,2024-12-24,1324,Prop Damage (over),0,0,2,Vehicle in Transport,ANGLE,Clear,Daylight,Automatic,-86.69392113591141,36.30603218840663
439596,19SR255001,400199613,DAVIDSON,2024,2024-12-24,1734,Prop Damage (over),0,0,2,Vehicle in Transport,ANGLE,Clear,Dark-Lighted,Automatic,-86.7058431265949,36.08415340059254
458442,1901017001,400199633,DAVIDSON,2024,2024-12-24,1938,Prop Damage (over),0,0,1,Ditch,NO COLLISION W/ VEHICLE,Clear,Dark-Lighted,Automatic,-86.69043688681336,36.27814955099385
195044,1903246001,400199197,DAVIDSON,2024,2024-12-23,1715,Suspected Minor Injury,0,2,2,Vehicle in Transport,REAR-END,Clear,Dark-Lighted,Automatic,-86.76862539269351,36.15178842773802
195786,1903252001,400199184,DAVIDSON,2024,2024-12-23,0,Prop Damage (over),0,0,2,Vehicle in Transport,"SIDESWIPE, SAME DIR",Clear,Dark-Lighted,Automatic,-86.73749249160967,36.20515009049352
196455,1903258001,400199237,DAVIDSON,2024,2024-12-23,1800,Suspected Minor Injury,0,1,2,Vehicle in Transport,ANGLE,Clear,Dark-Lighted,Automatic,-86.79771833455938,36.17174259786023
200172,1904942001,400199248,DAVIDSON,2024,2024-12-23,0,Prop Damage (over),0,0,2,Vehicle in Transport,ANGLE,Clear,Dark-Lighted,Automatic,-86.72448231871319,36.20573156346601
200189,1904945001,400199281,DAVIDSON,2024,2024-12-23,1635,Suspected Minor Injury,0,1,2,Vehicle in Transport,HEAD-ON,Clear,Daylight,Automatic,-86.64793966638467,36.14907626113504
200983,1904965001,400199310,DAVIDSON,2024,2024-12-23,1835,Suspected Minor Injury,0,1,2,Vehicle in Transport,ANGLE,Clear,Dark-Lighted,Automatic,-86.60655424539786,36.06193423904666
203020,190B727001,400199149,DAVIDSON,2024,2024-12-23,1444,Suspected Minor Injury,0,1,1,Pedestrian,NO COLLISION W/ VEHICLE,Clear,Daylight,Automatic,-86.67182213035514,36.10556477356676
203182,190B830001,400199376,DAVIDSON,2024,2024-12-23,2329,Possible Injury,0,1,2,Vehicle in Transport,REAR-END,Clear,Dark-Lighted,Automatic,-86.71436140614442,36.05152231418323
203194,190B846001,400199428,DAVIDSON,2024,2024-12-23,2015,Suspected Minor Injury,0,1,2,Vehicle in Transport,ANGLE,Clear,DARK-UNKNOWN LIGHTING,Automatic,-86.7036302670609,36.04516865237154
203680,190C690001,400199045,DAVIDSON,2024,2024-12-23,1224,Suspected Minor Injury,0,1,3,Vehicle in Transport,REAR-END,Clear,Daylight,Automatic,-86.81963871349691,36.10149941318434
203764,190C996001,400199315,DAVIDSON,2024,2024-12-23,1620,Prop Damage (over),0,0,2,Vehicle in Transport,ANGLE,Clear,Daylight,Automatic,-86.89648698616926,36.131216462678346
203799,190D103001,400199152,DAVIDSON,2024,2024-12-23,1520,Prop Damage (over),0,0,2,Vehicle in Transport,REAR-END,Clear,Daylight,Automatic,-86.87460814988638,36.14292432583412
204412,190D699001,400199275,DAVIDSON,2024,2024-12-23,1930,Suspected Minor Injury,0,2,2,Vehicle in Transport,ANGLE,Clear,Dark-Lighted,Automatic,-86.76742526014262,36.20821967596522
206884,19I0024001,400199291,DAVIDSON,2024,2024-12-23,510,Suspected Minor Injury,0,1,2,Vehicle in Transport,"SIDESWIPE, SAME DIR",Clear,Dawn,Automatic,-86.83774875371778,36.31821474743318
207177,19I0024001,400198889,DAVIDSON,2024,2024-12-23,538,Prop Damage (over),0,0,1,Overturn,NO COLLISION W/ VEHICLE,Clear,Dark-Not Lighted,Automatic,-86.79422864434191,36.27042935640724
209798,19I0024001,400199240,DAVIDSON,2024,2024-12-23,1709,Suspected Minor Injury,0,1,2,Vehicle in Transport,REAR-END,Clear,Dark-Lighted,Automatic,-86.70470196875938,36.09171062879912
216591,19I0065001,400199308,DAVIDSON,2024,2024-12-23,1720,Possible Injury,0,1,3,Vehicle in Transport,REAR-END,Clear,Dark-Lighted,Automatic,-86.76242395546682,36.092401136823696
219022,19I0065001,400199172,DAVIDSON,2024,2024-12-23,1608,Suspected Minor Injury,0,1,2,Vehicle in Transport,REAR-END,Cloudy,Dusk,Automatic,-86.73538147750665,36.27504070483992
221868,19SR001001,400199243,DAVIDSON,2024,2024-12-23,1700,Possible Injury,0,1,2,Vehicle in Transport,"SIDESWIPE, SAME DIR",Clear,Daylight,Automatic,-86.64681425319728,36.08270570216988
228792,19SR024001,400199078,DAVIDSON,2024,2024-12-23,1222,Prop Damage (over),0,0,2,Vehicle in Transport,ANGLE,Clear,Daylight,Automatic,-86.59193569755506,36.2149885568578
230202,19SR065001,400199257,DAVIDSON,2024,2024-12-23,1639,Possible Injury,0,1,2,Vehicle in Transport,REAR-END,Clear,Daylight,Automatic,-86.88617442010647,36.361163554433126
234549,19SR255001,400199317,DAVIDSON,2024,2024-12-23,1731,Suspected Minor Injury,0,2,3,Vehicle in Transport,"SIDESWIPE, SAME DIR",Clear,Dark-Lighted,Automatic,-86.72738488629766,36.07922194173503
295316,190A965001,400199341,DAVIDSON,2024,2024-12-23,2141,Prop Damage (over),0,0,3,Parked Motor Vehicle,HEAD-ON,Clear,Dark-Lighted,Automatic,-86.59020042732439,36.212317678022046
297887,19SR012001,400198866,DAVIDSON,2024,2024-12-23,0,Prop Damage (over),0,0,1,Ditch,NO COLLISION W/ VEHICLE,Clear,Dark-Lighted,Automatic,-86.86618178236503,36.20925117539358
313874,1904945001,400199268,DAVIDSON,2024,2024-12-23,1630,Prop Damage (over),0,0,1,Ditch,NO COLLISION W/ VEHICLE,Clear,Dusk,Automatic,-86.63967603528131,36.15517526727792
319313,19I0024001,400198933,DAVIDSON,2024,2024-12-23,720,Prop Damage (over),0,0,2,Parked Motor Vehicle,REAR-END,Clear,Daylight,Automatic,-86.68301917505389,36.0629930642768
324647,1903243001,400199083,DAVIDSON,2024,2024-12-23,1234,Prop Damage (over),0,0,2,Parked Motor Vehicle,"SIDESWIPE, SAME DIR",Clear,Daylight,Automatic,-86.7777890776448,36.162472353140856
326352,1904516001,400198982,DAVIDSON,2024,2024-12-23,830,Prop Damage (over),0,0,1,Deer (Animal),NO COLLISION W/ VEHICLE,Clear,Daylight,Automatic,-86.91934719253925,36.06937867501825
326734,1904924001,400199044,DAVIDSON,2024,2024-12-23,1210,Prop Damage (over),0,0,2,Vehicle in Transport,ANGLE,Clear,Daylight,Automatic,-86.781239687936,36.23159491801895
327732,190A673001,400199239,DAVIDSON,2024,2024-12-23,1604,Prop Damage (over),0,0,2,Vehicle in Transport,REAR-END,Cloudy,Dusk,Automatic,-86.68897213141743,36.30473880773999
333683,19I0040001,400199216,DAVIDSON,2024,2024-12-23,1750,Prop Damage (over),0,0,2,Vehicle in Transport,REAR-END,Clear,Dark-Lighted,Automatic,-86.75388381183706,36.15226305169994
334606,19I0040001,400199344,DAVIDSON,2024,2024-12-23,2320,Prop Damage (over),0,0,2,Vehicle in Transport,"SIDESWIPE, SAME DIR",Clear,Dark-Lighted,Automatic,-86.64982245919227,36.14301070109538
337563,19SR006001,400199334,DAVIDSON,2024,2024-12-23,2225,Prop Damage (over),0,0,2,Vehicle in Transport,"SIDESWIPE, SAME DIR",Clear,Dark-Lighted,Automatic,-86.77220712832387,36.08426639455913
339186,19SR012001,400199235,DAVIDSON,2024,2024-12-23,1545,Prop Damage (over),0,0,2,Vehicle in Transport,ANGLE,Clear,Dusk,Automatic,-86.83189749978598,36.19411166567656
341245,19SR155001,400199126,DAVIDSON,2024,2024-12-23,1430,Prop Damage (over),0,0,2,Vehicle in Transport,"SIDESWIPE, SAME DIR",Clear,Daylight,Automatic,-86.85757947566819,36.1539185616948
341782,19SR254001,400199271,DAVIDSON,2024,2024-12-23,1530,Prop Damage (over),0,0,2,Vehicle in Transport,"SIDESWIPE, SAME DIR",Clear,Daylight,Automatic,-86.71405693532438,36.04527070821066
382477,1903246001,400199156,DAVIDSON,2024,2024-12-23,1535,Suspected Minor Injury,0,1,2,Vehicle in Transport,ANGLE,Clear,Daylight,Automatic,-86.77190827471807,36.15683556316374
386067,190B844001,400199059,DAVIDSON,2024,2024-12-23,1135,Possible Injury,0,1,2,Vehicle in Transport,ANGLE,Clear,Daylight,Automatic,-86.69696110857414,36.0529203310765
389162,19SR006001,400199090,DAVIDSON,2024,2024-12-23,1349,Possible Injury,0,1,2,Vehicle in Transport,REAR-END,Clear,Daylight,Automatic,-86.68632690494468,36.30645321537473
389532,19SR011001,400199326,DAVIDSON,2024,2024-12-23,2224,Prop Damage (over),0,0,2,Vehicle in Transport,REAR-END,Clear,Dark-Lighted,Automatic,-86.72559317315604,36.07711938577365
390861,19SR024001,400198897,DAVIDSON,2024,2024-12-23,557,Possible Injury,0,1,2,Vehicle in Transport,ANGLE,Clear,Dawn,Automatic,-86.80581035464584,36.15662756517559
393058,19SR254001,400198988,DAVIDSON,2024,2024-12-23,1021,Suspected Minor Injury,0,1,2,Vehicle in Transport,ANGLE,Clear,Daylight,Automatic,-86.81636138831554,36.04030430965568
394047,19SR255001,400199522,DAVIDSON,2024,2024-12-23,1746,Suspected Minor Injury,0,1,2,Vehicle in Transport,OTHER,Cloudy,Dark-Lighted,Automatic,-86.66397406101271,36.13307633575634
417760,19SR100001,400199015,DAVIDSON,2024,2024-12-23,1128,Prop Damage (over),0,0,2,Vehicle in Transport,ANGLE,Clear,Daylight,Automatic,-86.87184551297696,36.09891044144511
426913,1903246001,400199249,DAVIDSON,2024,2024-12-23,1725,Suspected Minor Injury,0,1,2,Vehicle in Transport,ANGLE,Clear,Dark-Lighted,Automatic,-86.76835026713535,36.15137155089919
428457,19SR006001,400199101,DAVIDSON,2024,2024-12-23,0,Prop Damage (over),0,0,2,Vehicle in Transport,REAR-END,Clear,Daylight,Automatic,-86.72243812994144,36.24454272650996
429167,19SR024001,400198945,DAVIDSON,2024,2024-12-23,803,Prop Damage (over),0,0,2,Vehicle in Transport,REAR-END,Clear,Daylight,Automatic,-86.61981156794666,36.198911492675286
429373,19SR065001,400199320,DAVIDSON,2024,2024-12-23,2003,Prop Damage (under),0,0,2,Vehicle in Transport,REAR-END,Clear,Dark-Lighted,Automatic,-86.78885131050367,36.2083176774628
445718,19SR155001,400199246,DAVIDSON,2024,2024-12-23,1845,Prop Damage (over),0,0,2,Vehicle in Transport,REAR-END,Clear,Dark-Lighted,Automatic,-86.68831615865751,36.19918291288401
451929,19SR011001,400199337,DAVIDSON,2024,2024-12-23,2314,Possible Injury,0,1,1,Ditch,NO COLLISION W/ VEHICLE,Clear,Dark-Lighted,Automatic,-86.71677967263042,36.30902488349842
452481,19SR155001,400199208,DAVIDSON,2024,2024-12-23,1730,Prop Damage (over),0,0,2,Vehicle in Transport,OTHER,Clear,Dark-Lighted,Automatic,-86.85558995794152,36.13006584890984
454282,1903252001,400199111,DAVIDSON,2024,2024-12-23,1352,Prop Damage (over),0,0,2,Motor Vehicle-In-Motion Outside Trafficway,REAR-END,Clear,Daylight,Automatic,-86.72770454790373,36.21904069908266
461041,1904967001,400199228,DAVIDSON,2024,2024-12-23,1300,Prop Damage (under),0,0,2,--,--,--,--,Automatic,-86.61668473420752,36.17755072511834
463436,19SR001001,400198936,DAVIDSON,2024,2024-12-23,806,Prop Damage (under),0,0,2,--,--,--,--,Automatic,-86.7113351764164,36.12684361650051
464203,19SR024001,400199302,DAVIDSON,2024,2024-12-23,1505,Prop Damage (under),0,0,2,--,--,--,--,Automatic,-86.79626684015255,36.15957215129352
464740,19SR155001,400199169,DAVIDSON,2024,2024-12-23,1602,Prop Damage (under),0,0,2,--,--,--,--,Automatic,-86.70020730688029,36.13952677769816
465037,19SR255001,400199154,DAVIDSON,2024,2024-12-23,1534,Prop Damage (under),0,0,2,--,--,--,--,Automatic,-86.74627147083318,36.07898626093006
197210,1903289001,400198744,DAVIDSON,2024,2024-12-22,1715,Suspected Minor Injury,0,1,2,Vehicle in Transport,ANGLE,Clear,Dusk,Automatic,-86.73176291653955,36.07393680595512
200302,1904947001,400198829,DAVIDSON,2024,2024-12-22,1739,Prop Damage (over),0,0,2,Vehicle in Transport,REAR-END,Clear,Dark-Lighted,Automatic,-86.73871263788861,36.101693361024765
203762,190C996001,400198725,DAVIDSON,2024,2024-12-22,1655,Suspected Minor Injury,0,2,2,Vehicle in Transport,ANGLE,Clear,Dusk,Automatic,-86.89495058340832,36.131753515538286
211516,19I0024001,400198804,DAVIDSON,2024,2024-12-22,2044,Possible Injury,0,2,2,Vehicle in Transport,REAR-END,Clear,Dark-Lighted,Automatic,-86.63000823835146,36.0228277614256
212317,19I0040001,400200374,DAVIDSON,2024,2024-12-22,1116,Suspected Minor Injury,0,1,4,Vehicle in Transport,ANGLE,Clear,Daylight,Automatic,-86.85678267895767,36.15246420075315
214619,19I0040001,400198830,DAVIDSON,2024,2024-12-22,2035,Prop Damage (over),0,0,2,Vehicle in Transport,"SIDESWIPE, SAME DIR",Clear,Dark-Not Lighted,Automatic,-86.72196060935477,36.14032033757272
215186,19I0040001,400198712,DAVIDSON,2024,2024-12-22,1600,Suspected Minor Injury,0,2,2,Vehicle in Transport,REAR-END,Clear,Daylight,Automatic,-86.70399546861451,36.14324058719262
220633,19SR001001,400198687,DAVIDSON,2024,2024-12-22,1519,Prop Damage (over),0,0,2,Vehicle in Transport,ANGLE,Clear,Daylight,Automatic,-86.78146886525813,36.15792644318431
222377,19SR001001,400198656,DAVIDSON,2024,2024-12-22,1030,Possible Injury,0,1,2,Vehicle in Transport,"SIDESWIPE, OPP DIR",Clear,Daylight,Automatic,-86.63083464285778,36.06701491592164
222527,19SR001001,400198595,DAVIDSON,2024,2024-12-22,1010,Possible Injury,0,1,2,Vehicle in Transport,ANGLE,Clear,Daylight,Automatic,-86.62071664568633,36.05725099716302
223607,19SR006001,400198561,DAVIDSON,2024,2024-12-22,836,Prop Damage (over),0,0,1,Other Object (not fixed),NO COLLISION W/ VEHICLE,Clear,Daylight,Automatic,-86.74917288271861,36.20928486424141
225087,19SR011001,400198601,DAVIDSON,2024,2024-12-22,1053,Suspected Minor Injury,0,1,2,Vehicle in Transport,REAR-END,Clear,Daylight,Automatic,-86.71935599482364,36.06837165024909
227637,19SR024001,400198779,DAVIDSON,2024,2024-12-22,0,Suspected Minor Injury,0,1,2,Vehicle in Transport,ANGLE,Clear,Dark-Lighted,Automatic,-86.85938781295164,36.14974495299831
228548,19SR024001,400198709,DAVIDSON,2024,2024-12-22,1603,Possible Injury,0,2,3,Vehicle in Transport,"SIDESWIPE, SAME DIR",Clear,Daylight,Automatic,-86.63047366224619,36.18737035140896
231121,19SR155001,400198563,DAVIDSON,2024,2024-12-22,523,Suspected Minor Injury,0,1,1,Overturn,NO COLLISION W/ VEHICLE,Clear,DARK-UNKNOWN LIGHTING,Automatic,-86.7118906649105,36.11130648667694
231509,19SR155001,400198728,DAVIDSON,2024,2024-12-22,1435,Possible Injury,0,3,6,Cargo Equip Loss/Shift,NO COLLISION W/ VEHICLE,Clear,Daylight,Automatic,-86.68726578872801,36.19446239023503
231621,19SR155001,400198811,DAVIDSON,2024,2024-12-22,1826,Prop Damage (over),0,0,2,Vehicle in Transport,"SIDESWIPE, SAME DIR",Clear,Dark-Lighted,Automatic,-86.691177871858,36.211532907630776
234102,19SR254001,400198813,DAVIDSON,2024,2024-12-22,1510,Prop Damage (over),0,0,2,Vehicle in Transport,ANGLE,Clear,Daylight,Automatic,-86.65178745075085,36.04916090247321
234225,19SR254001,400198582,DAVIDSON,2024,2024-12-22,848,Suspected Minor Injury,0,1,2,Vehicle in Transport,ANGLE,Clear,Daylight,Automatic,-86.63998468918147,36.06056843007084
284484,19I0040001,400200364,DAVIDSON,2024,2024-12-22,1116,Suspected Minor Injury,0,1,1,Concrete Traffic Barrier,NO COLLISION W/ VEHICLE,Clear,Daylight,Automatic,-86.85678267895767,36.15246420075315
294698,1904915001,400198849,DAVIDSON,2024,2024-12-22,2335,Prop Damage (over),0,0,2,Parked Motor Vehicle,"SIDESWIPE, OPP DIR",Clear,Dark-Lighted,Automatic,-86.76674926257571,36.18699444155044
296509,190F043001,400198583,DAVIDSON,2024,2024-12-22,0,Prop Damage (over),0,0,3,Parked Motor Vehicle,REAR-END,Clear,DARK-UNKNOWN LIGHTING,Automatic,-86.78787077545338,36.133788964355546
311633,1904170001,400198535,DAVIDSON,2024,2024-12-22,428,Prop Damage (over),0,0,1,Ditch,NO COLLISION W/ VEHICLE,Clear,Dark-Lighted,Automatic,-86.69257367532897,36.069343632360486
314219,190B849001,400198746,DAVIDSON,2024,2024-12-22,1820,Possible Injury,0,1,1,Curb,NO COLLISION W/ VEHICLE,Clear,Dark-Lighted,Automatic,-86.69053809441566,36.053391331974495
314423,190E008001,400198695,DAVIDSON,2024,2024-12-22,0,Prop Damage (over),0,0,2,Parked Motor Vehicle,"SIDESWIPE, OPP DIR",Clear,Dark-Lighted,Automatic,-86.73281240086365,36.2011208087623
315165,19SR254001,400198810,DAVIDSON,2024,2024-12-22,1800,Prop Damage (over),0,0,2,Vehicle in Transport,REAR TO SIDE,Clear,Dark-Lighted,Automatic,-86.71078283421866,36.04557844935879
318263,19SR386001,400198603,DAVIDSON,2024,2024-12-22,1043,Prop Damage (over),0,0,1,Concrete Traffic Barrier,NO COLLISION W/ VEHICLE,Clear,Daylight,Automatic,-86.67335107518797,36.3122031238451
321762,1904846001,400198723,DAVIDSON,2024,2024-12-22,1535,Prop Damage (over),0,0,1,Ditch,NO COLLISION W/ VEHICLE,Clear,Daylight,Automatic,-86.67269484808446,35.99793776584414
329986,190F518001,400198861,DAVIDSON,2024,2024-12-22,1800,Prop Damage (over),0,0,2,Vehicle in Transport,"SIDESWIPE, OPP DIR",Clear,Dark-Lighted,Automatic,-86.73301589767154,36.11253404861937
330134,190F718001,400198753,DAVIDSON,2024,2024-12-22,1838,Prop Damage (over),0,0,2,Vehicle in Transport,ANGLE,Clear,Dark-Lighted,Automatic,-86.78102543568713,36.1644664214129
331007,19I0024001,400198599,DAVIDSON,2024,2024-12-22,946,Prop Damage (over),0,0,3,Vehicle in Transport,REAR-END,Clear,Daylight,Automatic,-86.77540879197875,36.18343100129881
335685,19I0065001,400198856,DAVIDSON,2024,2024-12-22,2302,Prop Damage (over),0,0,2,Vehicle in Transport,"SIDESWIPE, SAME DIR",Clear,Dark-Lighted,Automatic,-86.77387355514354,36.22100091185552
337805,19SR006001,400198652,DAVIDSON,2024,2024-12-22,1345,Prop Damage (over),0,0,2,Vehicle in Transport,REAR-END,Clear,Daylight,Automatic,-86.76780449868313,36.17191145540389
338397,19SR011001,400198645,DAVIDSON,2024,2024-12-22,1303,Prop Damage (over),0,0,2,Vehicle in Transport,REAR-END,Clear,Daylight,Automatic,-86.71302040797809,36.04277206845265
381970,1901017001,400198570,DAVIDSON,2024,2024-12-22,903,Possible Injury,0,1,2,Vehicle in Transport,ANGLE,Clear,Daylight,Automatic,-86.70230474272451,36.30402838860622
382116,1903242001,400198781,DAVIDSON,2024,2024-12-22,1445,Prop Damage (over),0,0,2,Vehicle in Transport,ANGLE,Clear,Daylight,Automatic,-86.8054723544766,36.15009255014661
388896,19SR006001,400198722,DAVIDSON,2024,2024-12-22,1642,Possible Injury,0,1,2,Vehicle in Transport,ANGLE,Clear,Dusk,Automatic,-86.7128581284395,36.260397788401455
390858,19SR024001,400198547,DAVIDSON,2024,2024-12-22,622,Suspected Serious Injury,0,1,1,Pedestrian,NO COLLISION W/ VEHICLE,Clear,Daylight,Automatic,-86.80717735700351,36.15632256409259
391003,19SR024001,400198478,DAVIDSON,2024,2024-12-22,17,Possible Injury,0,1,2,Vehicle in Transport,"SIDESWIPE, SAME DIR",Clear,Dark-Lighted,Automatic,-86.77715728706453,36.16101157306021
417005,19SR006001,400198801,DAVIDSON,2024,2024-12-22,1724,Prop Damage (over),0,0,2,Vehicle in Transport,ANGLE,Clear,Dark-Lighted,Automatic,-86.68746806586948,36.30572688639515
427295,1903295001,400198553,DAVIDSON,2024,2024-12-22,730,Prop Damage (over),0,0,2,Vehicle in Transport,ANGLE,Clear,Daylight,Automatic,-86.82157138802265,36.18804163439413
438851,190D299001,400198623,DAVIDSON,2024,2024-12-22,1230,Prop Damage (over),0,0,2,Vehicle in Transport,ANGLE,Clear,Daylight,Automatic,-86.82515039896542,36.16497758428262
459013,19I0024001,400198738,DAVIDSON,2024,2024-12-22,1440,Suspected Minor Injury,0,1,2,Vehicle in Transport,REAR-END,Clear,Daylight,Automatic,-86.72708721762379,36.1347165821642
195814,1903252001,400198211,DAVIDSON,2024,2024-12-21,946,Suspected Minor Injury,0,1,1,Pedestrian,NO COLLISION W/ VEHICLE,Cloudy,Daylight,Automatic,-86.73363884816646,36.21013421195023
197102,1903289001,400198243,DAVIDSON,2024,2024-12-21,1044,Prop Damage (over),0,0,2,Vehicle in Transport,ANGLE,Clear,Daylight,Automatic,-86.74367401578442,36.04095329098419
198708,1904451001,400198527,DAVIDSON,2024,2024-12-21,1426,Prop Damage (over),0,0,2,Vehicle in Transport,ANGLE,Clear,Daylight,Automatic,-86.70111653552776,36.32343806321825
200636,1904958001,400198239,DAVIDSON,2024,2024-12-21,0,Suspected Minor Injury,0,2,2,Vehicle in Transport,HEAD-ON,Cloudy,Daylight,Automatic,-86.62601264026654,36.04943163038439
201322,1905333001,400198108,DAVIDSON,2024,2024-12-21,110,Suspected Minor Injury,0,2,2,Vehicle in Transport in other Roadway,ANGLE,Clear,Dark-Lighted,Automatic,-86.77728616193828,36.15590512440191
203763,190C996001,400198225,DAVIDSON,2024,2024-12-21,1048,Suspected Minor Injury,0,2,3,Vehicle in Transport,REAR-END,Clear,Daylight,Automatic,-86.89499988173617,36.131737015893
205462,190F125001,400198525,DAVIDSON,2024,2024-12-21,2100,Prop Damage (over),0,0,3,Vehicle in Transport,REAR-END,Clear,Dark-Lighted,Automatic,-86.795529516276,36.14442905596505
205535,190F253001,400198357,DAVIDSON,2024,2024-12-21,1650,Prop Damage (over),0,0,3,Vehicle in Transport,REAR-END,Clear,Daylight,Automatic,-86.84856211611503,36.15187302206174
206587,190J115001,400198376,DAVIDSON,2024,2024-12-21,1800,Prop Damage (over),0,0,2,Vehicle in Transport,ANGLE,Clear,Dark-Lighted,Automatic,-86.9512553050595,36.04774200436153
207515,19I0024001,400198325,DAVIDSON,2024,2024-12-21,1545,Suspected Minor Injury,0,1,2,Vehicle in Transport,REAR-END,Clear,Daylight,Automatic,-86.77583585034402,36.18539143802509
210043,19I0024001,400198223,DAVIDSON,2024,2024-12-21,947,Suspected Minor Injury,0,1,3,Vehicle in Transport,ANGLE,Cloudy,Daylight,Automatic,-86.69802184728316,36.08253228836267
211184,19I0024001,400198416,DAVIDSON,2024,2024-12-21,1833,Suspected Minor Injury,0,1,2,Vehicle in Transport,REAR-END,Clear,Dark-Lighted,Automatic,-86.65115594339734,36.04071039299736
212687,19I0040001,400198975,DAVIDSON,2024,2024-12-21,300,Fatal,1,1,2,Vehicle in Transport,HEAD-ON,Clear,Dark-Lighted,Automatic,-86.80542431280388,36.17034407501226
214034,19I0040001,400198439,DAVIDSON,2024,2024-12-21,1727,Prop Damage (over),0,0,2,Vehicle in Transport,"SIDESWIPE, SAME DIR",Cloudy,Dark-Lighted,Automatic,-86.74425011009775,36.147456612418125
218681,19I0065001,400198447,DAVIDSON,2024,2024-12-21,1814,Suspected Serious Injury,0,4,2,Vehicle in Transport,REAR-END,Clear,Dark-Lighted,Automatic,-86.74524182746028,36.245765950980775
221167,19SR001001,400198389,DAVIDSON,2024,2024-12-21,1900,Suspected Minor Injury,0,2,2,Vehicle in Transport,ANGLE,Clear,Dark-Lighted,Automatic,-86.71172839840973,36.12715328378283
221309,19SR001001,400198980,DAVIDSON,2024,2024-12-21,2000,Fatal,1,0,1,Pedestrian,NO COLLISION W/ VEHICLE,Clear,Dark-Lighted,Automatic,-86.69720214910434,36.11629515556279
221645,19SR001001,400198369,DAVIDSON,2024,2024-12-21,1433,Suspected Serious Injury,0,1,2,Vehicle in Transport,HEAD-ON,Clear,Daylight,Automatic,-86.65331788914848,36.09433855134096
223787,19SR006001,400198256,DAVIDSON,2024,2024-12-21,1230,Suspected Minor Injury,0,1,3,Vehicle in Transport,REAR-END,Clear,Daylight,Automatic,-86.72299308788882,36.24305323254486
228015,19SR024001,400198092,DAVIDSON,2024,2024-12-21,0,Suspected Minor Injury,0,3,2,Vehicle in Transport,ANGLE,Clear,Dark-Lighted,Automatic,-86.78974697118156,36.1556809471513
228573,19SR024001,400198515,DAVIDSON,2024,2024-12-21,2218,Prop Damage (under),0,0,2,Vehicle in Transport,ANGLE,Clear,Dark-Lighted,Automatic,-86.62812004131735,36.18902343275737
229624,19SR045001,400198479,DAVIDSON,2024,2024-12-21,2337,Prop Damage (under),0,0,2,Vehicle in Transport,"SIDESWIPE, OPP DIR",Clear,Dark-Lighted,Automatic,-86.60886730653405,36.18249615351489
230833,19SR112001,400198425,DAVIDSON,2024,2024-12-21,1656,Prop Damage (over),0,0,2,Vehicle in Transport,REAR-END,Clear,Dusk,Automatic,-86.9033091080616,36.32134184120881
230899,19SR155001,400198260,DAVIDSON,2024,2024-12-21,1139,Suspected Minor Injury,0,1,2,Vehicle in Transport,UNKNOWN,Clear,Daylight,Automatic,-86.74993714852735,36.111215274726185
231168,19SR155001,400198269,DAVIDSON,2024,2024-12-21,1056,Suspected Minor Injury,0,3,5,Vehicle in Transport,ANGLE,Clear,Daylight,Automatic,-86.69668731175767,36.12146790999869
233809,19SR254001,400198390,DAVIDSON,2024,2024-12-21,1855,Suspected Minor Injury,0,1,2,Vehicle in Transport in other Roadway,ANGLE,Clear,Dark-Lighted,Automatic,-86.66515946928686,36.04496030996595
294753,1904924001,104087915,DAVIDSON,2024,2024-12-21,1055,Prop Damage (over),0,0,1,Utility Pole,NO COLLISION W/ VEHICLE,--,Daylight,Automatic,-86.74042360928746,36.2297971001065
311629,1904169001,400198122,DAVIDSON,2024,2024-12-21,227,Prop Damage (over),0,0,1,Fence,NO COLLISION W/ VEHICLE,Clear,Dark-Lighted,Automatic,-86.6969844883264,36.09177539695882
311796,190C292001,400198457,DAVIDSON,2024,2024-12-21,2214,Prop Damage (over),0,0,1,Mail Box,NO COLLISION W/ VEHICLE,Clear,Dark-Not Lighted,Automatic,-86.70908360754511,36.08005577898653
317971,190D460001,400198409,DAVIDSON,2024,2024-12-21,1951,Prop Damage (over),0,0,1,Culvert,NO COLLISION W/ VEHICLE,Clear,Dark-Not Lighted,Automatic,-86.78423452860592,36.303250961459206
319068,190A082001,400198146,DAVIDSON,2024,2024-12-21,0,Prop Damage (under),0,0,1,Ditch,NO COLLISION W/ VEHICLE,Clear,Dark-Lighted,Automatic,-86.82302039014535,36.20850367966671
319383,19I0040001,400198179,DAVIDSON,2024,2024-12-21,755,Possible Injury,0,1,1,Guardrail End,NO COLLISION W/ VEHICLE,Clear,Daylight,Automatic,-86.64101554131754,36.14831402648296
324999,1903252001,400198254,DAVIDSON,2024,2024-12-21,1217,Prop Damage (over),0,0,2,Vehicle in Transport,ANGLE,Clear,Daylight,Automatic,-86.74770070913117,36.18535599242097
327033,1904958001,400198433,DAVIDSON,2024,2024-12-21,2122,Prop Damage (over),0,0,4,Vehicle in Transport,REAR-END,Clear,Dark-Lighted,Automatic,-86.62206817508611,36.051899256679725
332405,19I0024001,400198388,DAVIDSON,2024,2024-12-21,1837,Prop Damage (over),0,0,3,Vehicle in Transport,REAR-END,Clear,Dark-Lighted,Automatic,-86.66090127676507,36.046346718463205
335575,19I0065001,400198371,DAVIDSON,2024,2024-12-21,1837,Prop Damage (over),0,0,2,Vehicle in Transport,REAR-END,Clear,Dark-Lighted,Automatic,-86.77584267584031,36.20972602021403
335746,19I0065001,400198392,DAVIDSON,2024,2024-12-21,1849,Prop Damage (over),0,0,2,Vehicle in Transport,REAR-END,Clear,Dark-Lighted,Automatic,-86.75716289327738,36.23783532252594
336228,19I0440001,400198335,DAVIDSON,2024,2024-12-21,1537,Prop Damage (over),0,0,2,Vehicle in Transport,REAR-END,Clear,Daylight,Automatic,-86.80684028765994,36.12304466257204
337335,19SR001001,400198567,DAVIDSON,2024,2024-12-21,1548,Prop Damage (over),0,0,2,Vehicle in Transport,ANGLE,Clear,Daylight,Automatic,-86.63328414375475,36.06926211397382
338129,19SR006001,400198328,DAVIDSON,2024,2024-12-21,1623,Prop Damage (over),0,0,2,Vehicle in Transport,ANGLE,Clear,Daylight,Automatic,-86.71164567147157,36.26382675164454
341008,19SR155001,400198255,DAVIDSON,2024,2024-12-21,1212,Prop Damage (over),0,0,2,Vehicle in Transport,REAR-END,Clear,Daylight,Automatic,-86.68755377584914,36.19589226691372
390775,19SR024001,400198281,DAVIDSON,2024,2024-12-21,0,Suspected Minor Injury,0,1,3,Vehicle in Transport,ANGLE,Clear,Daylight,Automatic,-86.84220543959262,36.15218055716736
392136,19SR065001,400198446,DAVIDSON,2024,2024-12-21,0,Prop Damage (over),0,0,2,Vehicle in Transport,ANGLE,Clear,Daylight,Automatic,-86.80488334645796,36.22115670662621
392874,19SR171001,400198161,DAVIDSON,2024,2024-12-21,625,Suspected Minor Injury,0,1,2,Vehicle in Transport,ANGLE,Clear,Dusk,Automatic,-86.6204809336206,36.01418224142501
416885,19SR006001,400198405,DAVIDSON,2024,2024-12-21,1940,Prop Damage (over),0,0,2,Vehicle in Transport,ANGLE,Clear,Dark-Lighted,Automatic,-86.76903926676722,36.17144059584725
417086,19SR011001,400198365,DAVIDSON,2024,2024-12-21,1730,Prop Damage (over),0,0,3,Vehicle in Transport,ANGLE,Clear,Dark-Lighted,Automatic,-86.72634817521305,36.079583391304006
418047,19SR254001,400198431,DAVIDSON,2024,2024-12-21,1630,Prop Damage (over),0,0,2,Vehicle in Transport,ANGLE,Clear,Dusk,Automatic,-86.65577417753575,36.047501442237824
429168,19SR024001,400198339,DAVIDSON,2024,2024-12-21,1510,Prop Damage (over),0,0,2,Vehicle in Transport,ANGLE,Clear,Daylight,Automatic,-86.61860691422225,36.20029865046414
438720,1904845001,400198333,DAVIDSON,2024,2024-12-21,1539,Prop Damage (over),0,0,2,Vehicle in Transport,ANGLE,Clear,Daylight,Automatic,-86.65342601182392,36.00210321703138
455626,19I0024001,400198449,DAVIDSON,2024,2024-12-21,2225,Possible Injury,0,1,2,Vehicle in Transport,REAR-END,Clear,Dark-Lighted,Automatic,-86.77140688576466,36.17494457968298
459049,19SR001001,400198466,DAVIDSON,2024,2024-12-21,1950,Prop Damage (over),0,0,2,Unknown Harmful Event,UNKNOWN,Clear,Dark-Lighted,Automatic,-86.68240694020287,36.110119115268965
459100,19SR255001,400198444,DAVIDSON,2024,2024-12-21,1840,Suspected Minor Injury,0,1,2,Vehicle in Transport,"SIDESWIPE, SAME DIR",Clear,Dark-Lighted,Automatic,-86.6924443468557,36.08733713608898
459440,190G609001,400198247,DAVIDSON,2024,2024-12-21,0,Prop Damage (over),0,0,1,Unknown Harmful Event,UNKNOWN,Unknown,Unknown,Automatic,-86.58565406052185,36.06937519148071
461236,190B122001,400198327,DAVIDSON,2024,2024-12-21,1427,Prop Damage (under),0,0,1,--,--,--,--,Automatic,-86.6126148117945,36.08397283783507
196530,1903258001,400197984,DAVIDSON,2024,2024-12-20,1614,Prop Damage (over),0,0,2,Vehicle in Transport,REAR-END,Clear,Daylight,Automatic,-86.81408642290098,36.16850073118271
197123,1903289001,400197926,DAVIDSON,2024,2024-12-20,1612,Suspected Minor Injury,0,2,2,Vehicle in Transport,REAR-END,Clear,Daylight,Automatic,-86.74362599746703,36.04862757833284
199166,1904892001,400198034,DAVIDSON,2024,2024-12-20,1729,Prop Damage (over),0,0,2,Vehicle in Transport,ANGLE,Clear,Dark-Lighted,Automatic,-86.81542750911684,36.10610917953194
199552,1904916001,400198023,DAVIDSON,2024,2024-12-20,1752,Prop Damage (over),0,0,2,Vehicle in Transport,ANGLE,Clear,Dark-Lighted,Automatic,-86.75332106769672,36.19345674014599
199832,1904925001,104087026,DAVIDSON,2024,2024-12-20,709,Possible Injury,0,1,2,Vehicle in Transport,ANGLE,--,Daylight,Automatic,-86.73971355433888,36.21691771989912
199840,1904925001,400198066,DAVIDSON,2024,2024-12-20,2015,Prop Damage (over),0,0,2,Vehicle in Transport,HEAD-ON,Clear,Dark-Lighted,Automatic,-86.7327081468387,36.21168577881124
201494,1906063001,400198083,DAVIDSON,2024,2024-12-20,1809,Prop Damage (over),0,0,3,Vehicle in Transport,ANGLE,Clear,Daylight,Automatic,-86.65337700399928,36.094412419666895
202481,190B262001,400198978,DAVIDSON,2024,2024-12-20,0,Prop Damage (over),0,0,2,Vehicle in Transport,UNKNOWN,Unknown,Unknown,Automatic,-86.62995209729185,36.0683545175745
202912,190B626001,400197754,DAVIDSON,2024,2024-12-20,845,Prop Damage (over),0,0,2,Vehicle in Transport,ANGLE,Clear,Daylight,Automatic,-86.71056213151466,36.126740517085054
203391,190C042001,400197948,DAVIDSON,2024,2024-12-20,1530,Prop Damage (under),0,0,2,Vehicle in Transport,ANGLE,Clear,Daylight,Automatic,-86.7473442217778,36.11106746179621
206996,19I0024001,400197714,DAVIDSON,2024,2024-12-20,956,Prop Damage (over),0,0,3,Vehicle in Transport,REAR-END,Clear,Daylight,Automatic,-86.81659707002542,36.30596404869303
209144,19I0024001,400197626,DAVIDSON,2024,2024-12-20,441,Prop Damage (over),0,0,2,Vehicle in Transport,"SIDESWIPE, OPP DIR",Clear,Dark-Lighted,Automatic,-86.72599820401143,36.11773773521752
209345,19I0024001,400197601,DAVIDSON,2024,2024-12-20,420,Prop Damage (over),0,0,2,Vehicle in Transport,"SIDESWIPE, SAME DIR",Clear,Dark-Lighted,Automatic,-86.71966803505549,36.10699474924834
210444,19I0024001,400197741,DAVIDSON,2024,2024-12-20,0,Prop Damage (over),0,0,2,Vehicle in Transport,REAR-END,Cloudy,Daylight,Automatic,-86.68533837571327,36.0652238734068
211419,19I0024001,400197644,DAVIDSON,2024,2024-12-20,750,Possible Injury,0,1,2,Vehicle in Transport,ANGLE,Clear,Daylight,Automatic,-86.63858856450614,36.03050651064507
212621,19I0040001,400198053,DAVIDSON,2024,2024-12-20,1943,Suspected Minor Injury,0,2,3,Vehicle in Transport,REAR-END,Clear,Dark-Lighted,Automatic,-86.81418610491501,36.16849132458751
212938,19I0040001,400198075,DAVIDSON,2024,2024-12-20,2222,Prop Damage (under),0,0,2,Vehicle in Transport,REAR-END,Clear,Dark-Lighted,Automatic,-86.78929532350999,36.15566994849884
216965,19I0065001,400197869,DAVIDSON,2024,2024-12-20,1327,Suspected Minor Injury,0,1,2,Vehicle in Transport,"SIDESWIPE, SAME DIR",Clear,Daylight,Automatic,-86.77433034819927,36.13216017394761
217857,19I0065001,400199440,DAVIDSON,2024,2024-12-20,1109,Prop Damage (over),0,0,2,Vehicle in Transport,"SIDESWIPE, SAME DIR",Cloudy,Daylight,Automatic,-86.77655783040981,36.201854192186445
217879,19I0065001,400197715,DAVIDSON,2024,2024-12-20,932,Prop Damage (over),0,0,2,Vehicle in Transport,"SIDESWIPE, SAME DIR",Clear,Daylight,Automatic,-86.77658060670879,36.20215871840559
218872,19I0065001,400197805,DAVIDSON,2024,2024-12-20,1236,Prop Damage (over),0,0,4,Vehicle in Transport,"SIDESWIPE, SAME DIR",Cloudy,Daylight,Automatic,-86.738226188133,36.25880476432927
224065,19SR006001,400198100,DAVIDSON,2024,2024-12-20,2321,Prop Damage (under),0,0,2,Vehicle in Transport,ANGLE,Clear,Dark-Lighted,Automatic,-86.71378487225184,36.25775769768939
224175,19SR006001,400197622,DAVIDSON,2024,2024-12-20,604,Prop Damage (over),0,0,2,Vehicle in Transport,HEAD-ON,Clear,Dawn,Automatic,-86.71190412660125,36.26311279427134
224794,19SR011001,400197778,DAVIDSON,2024,2024-12-20,1155,Suspected Minor Injury,0,1,2,Vehicle in Transport,ANGLE,Cloudy,Daylight,Automatic,-86.71320329567564,36.04447426548525
225232,19SR011001,400197649,DAVIDSON,2024,2024-12-20,717,Prop Damage (over),0,0,2,Vehicle in Transport,REAR-END,Clear,Daylight,Automatic,-86.72594846803788,36.078278927167325
225629,19SR011001,400197900,DAVIDSON,2024,2024-12-20,1509,Suspected Minor Injury,0,2,2,Vehicle in Transport,ANGLE,Cloudy,Daylight,Automatic,-86.73853985833753,36.09780164501191
225730,19SR011001,400198006,DAVIDSON,2024,2024-12-20,1802,Prop Damage (over),0,0,2,Vehicle in Transport,"SIDESWIPE, SAME DIR",Clear,Dark-Lighted,Automatic,-86.74489323421818,36.11029042391381
226460,19SR011001,400197925,DAVIDSON,2024,2024-12-20,1625,Prop Damage (over),0,0,3,Vehicle in Transport,REAR-END,Clear,Daylight,Automatic,-86.75712186574552,36.24159820403954
226588,19SR011001,400197842,DAVIDSON,2024,2024-12-20,1343,Possible Injury,0,1,2,Vehicle in Transport,ANGLE,Clear,Daylight,Automatic,-86.7570200314185,36.26503981967999
226715,19SR011001,400198147,DAVIDSON,2024,2024-12-20,1605,Prop Damage (over),0,0,2,Vehicle in Transport in other Roadway,ANGLE,Clear,Daylight,Automatic,-86.71451912838401,36.31323690410413
227626,19SR024001,400197916,DAVIDSON,2024,2024-12-20,0,Prop Damage (over),0,0,2,Vehicle in Transport,"SIDESWIPE, SAME DIR",Clear,Daylight,Automatic,-86.8603872046752,36.14952558187581
227808,19SR024001,400198027,DAVIDSON,2024,2024-12-20,0,Prop Damage (over),0,0,3,Vehicle in Transport,REAR-END,Clear,Dark-Lighted,Automatic,-86.8368938528893,36.15235821313032
229518,19SR045001,400197679,DAVIDSON,2024,2024-12-20,840,Prop Damage (over),0,0,2,Vehicle in Transport,REAR-END,Clear,Daylight,Automatic,-86.62038267744899,36.198699458817146
229712,19SR045001,400197982,DAVIDSON,2024,2024-12-20,1759,Prop Damage (over),0,0,2,Vehicle in Transport,ANGLE,Cloudy,Daylight,Automatic,-86.60212117639713,36.173449125045714
230409,19SR106001,400197981,DAVIDSON,2024,2024-12-20,1735,Possible Injury,0,1,2,Vehicle in Transport,REAR-END,Clear,Dark-Not Lighted,Automatic,-86.82847159624515,36.09135600029515
230702,19SR112001,400198090,DAVIDSON,2024,2024-12-20,1833,Suspected Minor Injury,0,1,1,Deer (Animal),NO COLLISION W/ VEHICLE,Clear,Dark-Lighted,Automatic,-86.83942312716802,36.20082500322926
231886,19SR155001,400197638,DAVIDSON,2024,2024-12-20,709,Suspected Minor Injury,0,1,2,Vehicle in Transport,REAR-END,Clear,Dawn,Automatic,-86.77600867753577,36.239504287152826
232263,19SR155001,400197674,DAVIDSON,2024,2024-12-20,730,Suspected Minor Injury,0,1,3,Vehicle in Transport,REAR-END,Clear,Daylight,Automatic,-86.85242408673162,36.128248162580334
233327,19SR254001,400197912,DAVIDSON,2024,2024-12-20,1556,Suspected Minor Injury,0,1,2,Vehicle in Transport,ANGLE,Clear,Daylight,Automatic,-86.71480679823182,36.045214437471806
234587,19SR255001,400197964,DAVIDSON,2024,2024-12-20,1652,Suspected Minor Injury,0,4,2,Vehicle in Transport,ANGLE,Clear,Daylight,Automatic,-86.72190226124434,36.08041715919285
234993,19SR255001,400197889,DAVIDSON,2024,2024-12-20,0,Prop Damage (over),0,0,2,Vehicle in Transport,REAR-END,Cloudy,Dawn,Automatic,-86.6914075982077,36.08780297956586
235252,19SR255001,400198068,DAVIDSON,2024,2024-12-20,1645,Prop Damage (over),0,0,2,Vehicle in Transport,ANGLE,Clear,Daylight,Automatic,-86.66669652647069,36.14494498979552
235429,19SR386001,400197742,DAVIDSON,2024,2024-12-20,920,Prop Damage (over),0,0,2,Vehicle in Transport,"SIDESWIPE, SAME DIR",Cloudy,Daylight,Automatic,-86.69839217001143,36.30665224114816
281578,19I0024001,400197965,DAVIDSON,2024,2024-12-20,1741,Prop Damage (over),0,0,1,Concrete Traffic Barrier,NO COLLISION W/ VEHICLE,Clear,Dark-Lighted,Automatic,-86.69420466541884,36.07630378815829
281662,19I0040001,400198050,DAVIDSON,2024,2024-12-20,2146,Prop Damage (over),0,0,1,Concrete Traffic Barrier,NO COLLISION W/ VEHICLE,Clear,Dark-Not Lighted,Automatic,-86.64145574028497,36.148040945731886
313553,1901008001,400197931,DAVIDSON,2024,2024-12-20,0,Prop Damage (over),0,0,1,Mail Box,NO COLLISION W/ VEHICLE,Unknown,Unknown,Automatic,-86.65211494769048,35.991696797549466
313739,1904171001,400197597,DAVIDSON,2024,2024-12-20,0,Prop Damage (over),0,0,1,Embankment Rock/Stone/Concrete,NO COLLISION W/ VEHICLE,Clear,Dark-Lighted,Automatic,-86.70031955089394,36.25384065441369
314259,190B949001,400197711,DAVIDSON,2024,2024-12-20,316,Prop Damage (over),0,0,1,Ditch,NO COLLISION W/ VEHICLE,Clear,OTHER,Automatic,-86.68607264773172,36.02320437978512
317967,190D327001,400198073,DAVIDSON,2024,2024-12-20,2230,Suspected Minor Injury,0,1,1,Concrete Traffic Barrier,NO COLLISION W/ VEHICLE,Clear,Dark-Lighted,Automatic,-86.80169513348983,36.174009928961325
319084,190A544001,400198109,DAVIDSON,2024,2024-12-20,2300,Prop Damage (over),0,0,1,Other Fixed Object,NO COLLISION W/ VEHICLE,Clear,Dark-Lighted,Automatic,-86.6784811084789,36.26176186288024
319172,190D427001,400198054,DAVIDSON,2024,2024-12-20,2100,Prop Damage (over),0,0,1,Ditch,NO COLLISION W/ VEHICLE,Clear,Dark-Lighted,Automatic,-86.84487386256009,36.31684090230965
319325,19I0024001,400197573,DAVIDSON,2024,2024-12-20,24,Suspected Minor Injury,0,1,1,Guardrail Face,NO COLLISION W/ VEHICLE,Clear,Dark-Lighted,Automatic,-86.64603948832062,36.03717374190214
319391,19I0065001,400198072,DAVIDSON,2024,2024-12-20,2100,Possible Injury,0,1,1,Overturn,NO COLLISION W/ VEHICLE,Clear,Dark-Not Lighted,Automatic,-86.76941844052153,36.071980072762514
319430,19I0440001,400198089,DAVIDSON,2024,2024-12-20,2340,Possible Injury,0,2,1,Guardrail Face,NO COLLISION W/ VEHICLE,Clear,Dark-Lighted,Automatic,-86.7955866161702,36.115943963268194
325401,1903258001,400197915,DAVIDSON,2024,2024-12-20,1440,Prop Damage (over),0,0,2,Vehicle in Transport,ANGLE,Clear,Daylight,Automatic,-86.81015679507868,36.16903725583535
327109,1904964001,400198121,DAVIDSON,2024,2024-12-20,2332,Prop Damage (over),0,0,2,Vehicle in Transport,HEAD-ON,Clear,Dark-Lighted,Automatic,-86.62487771959711,36.0740227939455
329200,190E234001,400197918,DAVIDSON,2024,2024-12-20,0,Prop Damage (over),0,0,2,Vehicle in Transport,ANGLE,Clear,Daylight,Automatic,-86.79381825332095,36.17491022319555
329554,190E984001,400198240,DAVIDSON,2024,2024-12-20,0,Prop Damage (over),0,0,2,Parked Motor Vehicle,UNKNOWN,Cloudy,Dark-Lighted,Automatic,-86.77136233103127,36.192753139898045
329789,190F289001,400197887,DAVIDSON,2024,2024-12-20,1414,Prop Damage (over),0,0,2,Vehicle in Transport,REAR-END,Cloudy,Daylight,Automatic,-86.84256028500829,36.15329791129165
330796,19I0024001,400197994,DAVIDSON,2024,2024-12-20,1718,Prop Damage (over),0,0,2,Vehicle in Transport,REAR-END,Clear,Dark-Not Lighted,Automatic,-86.80965039797732,36.28815430055003
331857,19I0024001,400197722,DAVIDSON,2024,2024-12-20,946,Prop Damage (over),0,0,2,Vehicle in Transport,"SIDESWIPE, SAME DIR",Clear,Daylight,Automatic,-86.7131994509767,36.10197892364597
332420,19I0024001,400197800,DAVIDSON,2024,2024-12-20,1249,Prop Damage (over),0,0,2,Vehicle in Transport,REAR-END,Clear,Daylight,Automatic,-86.6590221317521,36.04525992489359
333691,19I0040001,400197906,DAVIDSON,2024,2024-12-20,1510,Prop Damage (over),0,0,2,Vehicle in Transport,ANGLE,Clear,Daylight,Automatic,-86.75285558160336,36.15186930965526
334572,19I0040001,104087031,DAVIDSON,2024,2024-12-20,840,Prop Damage (over),0,0,1,Thrown or Falling Object,NO COLLISION W/ VEHICLE,--,Daylight,Automatic,-86.66503374079025,36.14113233727021
335786,19I0065001,400197841,DAVIDSON,2024,2024-12-20,1339,Prop Damage (over),0,0,2,Vehicle in Transport,ANGLE,Cloudy,Daylight,Automatic,-86.74526718244357,36.24574542821708
335802,19I0065001,400198158,DAVIDSON,2024,2024-12-20,1511,Prop Damage (over),0,0,2,Vehicle in Transport,ANGLE,Clear,Daylight,Automatic,-86.74329892469058,36.24743169795515
338056,19SR006001,400197986,DAVIDSON,2024,2024-12-20,1700,Prop Damage (over),0,0,2,Vehicle in Transport,"SIDESWIPE, SAME DIR",Clear,Dark-Lighted,Automatic,-86.71377983457147,36.25777201932637
338470,19SR011001,400197908,DAVIDSON,2024,2024-12-20,1339,Prop Damage (over),0,0,2,Vehicle in Transport,REAR-END,Clear,Daylight,Automatic,-86.71652051003977,36.06123240291413
338596,19SR011001,400197863,DAVIDSON,2024,2024-12-20,1308,Prop Damage (over),0,0,2,Vehicle in Transport,"SIDESWIPE, SAME DIR",Cloudy,Daylight,Automatic,-86.72725283871624,36.0825807724148
340792,19SR155001,400197974,DAVIDSON,2024,2024-12-20,1738,Prop Damage (over),0,0,2,Vehicle in Transport,ANGLE,Clear,Dark-Lighted,Automatic,-86.7446274610002,36.11089853780525
341328,19SR171001,400198057,DAVIDSON,2024,2024-12-20,2043,Prop Damage (over),0,0,1,Curb,NO COLLISION W/ VEHICLE,Clear,Dark-Lighted,Automatic,-86.6201267986742,36.01570824505683
341647,19SR254001,400197966,DAVIDSON,2024,2024-12-20,1640,Prop Damage (over),0,0,2,Vehicle in Transport,REAR-END,Cloudy,Daylight,Automatic,-86.78215172502962,36.0392400192823
386084,190B864001,400197684,DAVIDSON,2024,2024-12-20,830,Prop Damage (over),0,0,2,Vehicle in Transport,ANGLE,Clear,Dark-Lighted,Automatic,-86.69711710830892,36.06286935277745
388011,19SR001001,400197642,DAVIDSON,2024,2024-12-20,630,Prop Damage (over),0,0,3,Vehicle in Transport,ANGLE,Clear,Daylight,Automatic,-86.64860099292004,36.08680440300058
389470,19SR011001,400197905,DAVIDSON,2024,2024-12-20,1541,Suspected Minor Injury,0,1,2,Vehicle in Transport,ANGLE,Clear,Daylight,Automatic,-86.7191611591355,36.06820436585715
415982,1905333001,400197970,DAVIDSON,2024,2024-12-20,1747,Prop Damage (over),0,0,2,Vehicle in Transport,ANGLE,Clear,Dark-Lighted,Automatic,-86.75619323744218,36.16994959180355
427185,1903268001,400198086,DAVIDSON,2024,2024-12-20,2259,Possible Injury,0,3,2,Vehicle in Transport,ANGLE,Clear,Dark-Lighted,Automatic,-86.78152429132221,36.23161672861064
428112,19SR001001,400197633,DAVIDSON,2024,2024-12-20,0,Suspected Minor Injury,0,2,2,Vehicle in Transport,ANGLE,Clear,Daylight,Automatic,-86.73818819830045,36.14078452659154
428137,19SR001001,400197995,DAVIDSON,2024,2024-12-20,1551,Prop Damage (under),0,0,2,Vehicle in Transport,"SIDESWIPE, SAME DIR",Cloudy,Daylight,Automatic,-86.72088815787669,36.13301950870474
428211,19SR001001,400198046,DAVIDSON,2024,2024-12-20,2009,Prop Damage (over),0,0,2,Vehicle in Transport,REAR-END,Clear,Dark-Lighted,Automatic,-86.67182004583339,36.10565144554154
429311,19SR045001,400198076,DAVIDSON,2024,2024-12-20,2220,Prop Damage (under),0,0,2,Vehicle in Transport,"SIDESWIPE, SAME DIR",Clear,Dark-Lighted,Automatic,-86.61074811486158,36.1835200907902
438562,1903244001,400197997,DAVIDSON,2024,2024-12-20,1715,Prop Damage (over),0,0,2,Vehicle in Transport,REAR-END,Cloudy,Dark-Lighted,Automatic,-86.76473525713328,36.17186059619858
445049,19I0065001,400197571,DAVIDSON,2024,2024-12-20,5,Possible Injury,0,1,3,Vehicle in Transport,REAR-END,Clear,Dark-Lighted,Automatic,-86.79939650556521,36.182197163510295
445729,19SR155001,400197917,DAVIDSON,2024,2024-12-20,1510,Prop Damage (over),0,0,2,Vehicle in Transport,REAR-END,Cloudy,Daylight,Automatic,-86.69262366356905,36.21777143276936
448054,19I0065001,400197896,DAVIDSON,2024,2024-12-20,1517,Prop Damage (over),0,0,1,Utility Pole,NO COLLISION W/ VEHICLE,Clear,Daylight,Automatic,-86.7760210883387,36.2082804230789
454102,190E181001,400197777,DAVIDSON,2024,2024-12-20,1138,Possible Injury,0,1,2,Motor Vehicle-In-Motion Outside Trafficway,ANGLE,Cloudy,Daylight,Automatic,-86.7508114742847,36.17069555735338
459093,19SR254001,400198024,DAVIDSON,2024,2024-12-20,1835,Prop Damage (under),0,0,2,Vehicle in Transport,"SIDESWIPE, SAME DIR",Clear,Dark-Lighted,Automatic,-86.67395203425782,36.04562846239717
463874,19SR011001,400197829,DAVIDSON,2024,2024-12-20,1244,Prop Damage (under),0,0,2,--,--,--,--,Automatic,-86.71797465858916,36.06665611544975
196400,1903258001,400197159,DAVIDSON,2024,2024-12-19,849,Prop Damage (over),0,0,2,Vehicle in Transport,ANGLE,Clear,Daylight,Automatic,-86.78224161500528,36.17562468103782
198368,1904170001,400197494,DAVIDSON,2024,2024-12-19,1841,Prop Damage (over),0,0,2,Vehicle in Transport,REAR-END,Clear,Dark-Lighted,Automatic,-86.69607641331412,36.069814291528765
201806,190A395001,400197076,DAVIDSON,2024,2024-12-19,613,Prop Damage (over),0,0,3,Vehicle in Transport,REAR-END,Clear,Dark-Lighted,Automatic,-86.70783211117755,36.32694993630175
205173,190E344001,400197367,DAVIDSON,2024,2024-12-19,1515,Prop Damage (over),0,0,2,Vehicle in Transport,ANGLE,Clear,Daylight,Automatic,-86.80661707027795,36.15558827738207
206503,190H849001,400197541,DAVIDSON,2024,2024-12-19,2121,Suspected Minor Injury,0,1,2,Vehicle in Transport,REAR-END,Clear,Dark-Lighted,Automatic,-86.62946795059989,36.06571235575758
206647,19I0024001,400197107,DAVIDSON,2024,2024-12-19,717,Suspected Minor Injury,0,1,2,Vehicle in Transport,REAR-END,Clear,Daylight,Automatic,-86.89774941039028,36.32995950667444
207072,19I0024001,400197552,DAVIDSON,2024,2024-12-19,1950,Suspected Minor Injury,0,4,2,Vehicle in Transport,REAR-END,Clear,Dark-Lighted,Automatic,-86.81017117707323,36.2906594137228
208319,19I0024001,400197547,DAVIDSON,2024,2024-12-19,1906,Prop Damage (under),0,0,2,Vehicle in Transport,"SIDESWIPE, SAME DIR",Clear,Dark-Lighted,Automatic,-86.76055346843843,36.16035319075621
210048,19I0024001,400197354,DAVIDSON,2024,2024-12-19,1500,Prop Damage (over),0,0,2,Vehicle in Transport,"SIDESWIPE, SAME DIR",Clear,Daylight,Automatic,-86.69798200156762,36.082467275203925
210267,19I0024001,400197765,DAVIDSON,2024,2024-12-19,1117,Prop Damage (over),0,0,2,Vehicle in Transport,REAR-END,Clear,Daylight,Automatic,-86.69162268983001,36.07209049475251
211478,19I0024001,400197491,DAVIDSON,2024,2024-12-19,834,Possible Injury,0,1,2,Vehicle in Transport,ANGLE,Clear,Daylight,Automatic,-86.63363745248202,36.0260757266502
212365,19I0040001,400197456,DAVIDSON,2024,2024-12-19,1745,Suspected Minor Injury,0,3,2,Vehicle in Transport,REAR-END,Clear,Dark-Lighted,Automatic,-86.84837303692836,36.15356992111778
212592,19I0040001,400197629,DAVIDSON,2024,2024-12-19,1221,Suspected Minor Injury,0,1,2,Vehicle in Transport,"SIDESWIPE, SAME DIR",Clear,Daylight,Automatic,-86.81744679993251,36.16600962316178
212626,19I0040001,400197432,DAVIDSON,2024,2024-12-19,1616,Prop Damage (over),0,0,2,Vehicle in Transport,REAR-END,Clear,Daylight,Automatic,-86.81267549149354,36.16912968911616
212699,19I0040001,400197574,DAVIDSON,2024,2024-12-19,2340,Prop Damage (over),0,0,3,Vehicle in Transport,REAR-END,Clear,Dark-Lighted,Automatic,-86.80333644649436,36.17114075791297
214415,19I0040001,400197082,DAVIDSON,2024,2024-12-19,555,Prop Damage (over),0,0,2,Vehicle in Transport,"SIDESWIPE, SAME DIR",Cloudy,Dark-Lighted,Automatic,-86.73273214262456,36.14094768355492
215519,19I0040001,400197186,DAVIDSON,2024,2024-12-19,955,Prop Damage (over),0,0,2,Vehicle in Transport,REAR-END,Clear,Daylight,Automatic,-86.68623567136052,36.14311510343419
216686,19I0065001,400197369,DAVIDSON,2024,2024-12-19,1527,Prop Damage (over),0,0,2,Vehicle in Transport,REAR-END,Clear,Daylight,Automatic,-86.76692278967523,36.10511774689342
219058,19I0065001,400197371,DAVIDSON,2024,2024-12-19,1530,Prop Damage (over),0,0,3,Vehicle in Transport,REAR-END,Clear,Daylight,Automatic,-86.73412527189967,36.278621543450434
219366,19I0065001,400197071,DAVIDSON,2024,2024-12-19,622,Prop Damage (over),0,0,2,Vehicle in Transport,"SIDESWIPE, SAME DIR",Clear,Dawn,Automatic,-86.70342484345643,36.30925049036554
219743,19I0440001,400197484,DAVIDSON,2024,2024-12-19,1742,Prop Damage (under),0,0,2,Vehicle in Transport,REAR-END,Clear,Dark-Not Lighted,Automatic,-86.76818661103646,36.11807374012957
220834,19SR001001,400197436,DAVIDSON,2024,2024-12-19,1731,Suspected Minor Injury,0,2,2,Vehicle in Transport,REAR-END,Clear,Daylight,Automatic,-86.7482535719046,36.144099679236206
221626,19SR001001,400197078,DAVIDSON,2024,2024-12-19,0,Suspected Minor Injury,0,3,2,Vehicle in Transport,HEAD-ON,Cloudy,Daylight,Automatic,-86.65463617073813,36.0954656724103
221970,19SR001001,400197553,DAVIDSON,2024,2024-12-19,2245,Possible Injury,0,1,2,Vehicle in Transport,"SIDESWIPE, SAME DIR",Clear,Dark-Lighted,Automatic,-86.63944816531014,36.07532316558199
224085,19SR006001,400197163,DAVIDSON,2024,2024-12-19,823,Suspected Minor Injury,0,1,2,Vehicle in Transport,REAR-END,Clear,Daylight,Automatic,-86.71322692961961,36.25935038878532
224849,19SR011001,400197417,DAVIDSON,2024,2024-12-19,1607,Prop Damage (over),0,0,2,Vehicle in Transport,ANGLE,Clear,Dusk,Automatic,-86.71342341366108,36.04666917723303
225224,19SR011001,400197148,DAVIDSON,2024,2024-12-19,0,Prop Damage (over),0,0,2,Vehicle in Transport,REAR-END,Clear,Daylight,Automatic,-86.72575749808227,36.077655675458246
226618,19SR011001,400197416,DAVIDSON,2024,2024-12-19,1650,Prop Damage (over),0,0,2,Vehicle in Transport,ANGLE,Clear,Daylight,Automatic,-86.75598281643738,36.26868003162369
227276,19SR012001,400197447,DAVIDSON,2024,2024-12-19,1607,Suspected Serious Injury,0,2,3,Vehicle in Transport,ANGLE,Clear,Daylight,Automatic,-86.93752806537897,36.207083313671546
228294,19SR024001,400197257,DAVIDSON,2024,2024-12-19,1152,Suspected Minor Injury,0,2,2,Vehicle in Transport,ANGLE,Clear,Daylight,Automatic,-86.6883314732278,36.16835749942408
228816,19SR024001,400197549,DAVIDSON,2024,2024-12-19,1806,Prop Damage (over),0,0,2,Vehicle in Transport,REAR-END,Clear,Dark-Lighted,Automatic,-86.58805847191842,36.215462306474016
229342,19SR045001,400197134,DAVIDSON,2024,2024-12-19,730,Prop Damage (over),0,0,2,Vehicle in Transport,ANGLE,Clear,Daylight,Automatic,-86.6414078440554,36.24762689084174
229379,19SR045001,400197116,DAVIDSON,2024,2024-12-19,745,Prop Damage (over),0,0,2,Vehicle in Transport,REAR-END,Clear,Daylight,Automatic,-86.63197727461748,36.24034611858297
230139,19SR065001,400197442,DAVIDSON,2024,2024-12-19,1448,Suspected Serious Injury,0,2,2,Vehicle in Transport,"SIDESWIPE, SAME DIR",Clear,Dusk,Automatic,-86.83766384475499,36.282568500732246
231536,19SR155001,400197375,DAVIDSON,2024,2024-12-19,1553,Prop Damage (over),0,0,3,Vehicle in Transport,UNKNOWN,Clear,Daylight,Automatic,-86.68830625609672,36.19914017596744
232449,19SR171001,400197089,DAVIDSON,2024,2024-12-19,548,Prop Damage (under),0,0,2,Vehicle in Transport,REAR-END,Clear,DARK-UNKNOWN LIGHTING,Automatic,-86.6065538993667,36.0428363040548
232718,19SR251001,400197152,DAVIDSON,2024,2024-12-19,550,Prop Damage (over),0,0,2,Vehicle in Transport,ANGLE,Clear,Dawn,Automatic,-86.92240767058215,36.10798848564952
233439,19SR254001,400197409,DAVIDSON,2024,2024-12-19,1705,Prop Damage (over),0,0,2,Vehicle in Transport,ANGLE,Clear,Dusk,Automatic,-86.70966896456868,36.04567475921063
233668,19SR254001,400197109,DAVIDSON,2024,2024-12-19,630,Prop Damage (over),0,0,2,Vehicle in Transport,"SIDESWIPE, OPP DIR",Clear,Dawn,Automatic,-86.6750227147062,36.0458720637229
234159,19SR254001,400197363,DAVIDSON,2024,2024-12-19,1616,Prop Damage (over),0,0,2,Vehicle in Transport,REAR-END,Clear,Daylight,Automatic,-86.64553032593246,36.05160258667232
234492,19SR255001,400197353,DAVIDSON,2024,2024-12-19,1535,Suspected Minor Injury,0,1,2,Vehicle in Transport,REAR-END,Clear,Daylight,Automatic,-86.73263291621788,36.07743491284378
283947,190D185001,400197773,DAVIDSON,2024,2024-12-19,1900,Prop Damage (over),0,0,2,Parked Motor Vehicle,"SIDESWIPE, OPP DIR",Clear,Dark-Lighted,Automatic,-86.8680365241687,36.15985308730884
294125,1901013001,400197154,DAVIDSON,2024,2024-12-19,828,Suspected Minor Injury,0,1,2,Ditch,NO COLLISION W/ VEHICLE,Clear,Dark-Lighted,Automatic,-86.90783529297423,36.23502612357606
296701,190F718001,400197281,DAVIDSON,2024,2024-12-19,0,Prop Damage (under),0,0,2,Parked Motor Vehicle,REAR-END,Clear,Daylight,Automatic,-86.78156529654096,36.16530258254359
297324,19I0065001,400197114,DAVIDSON,2024,2024-12-19,0,Prop Damage (over),0,0,1,Shrubbery,NO COLLISION W/ VEHICLE,Unknown,Unknown,Automatic,-86.78194158919659,36.04234995278602
311699,1904961001,400197420,DAVIDSON,2024,2024-12-19,1600,Prop Damage (over),0,0,1,Earth Embankment,NO COLLISION W/ VEHICLE,Clear,Dusk,Automatic,-86.64207211152298,36.06738141161733
319208,190E514001,400197034,DAVIDSON,2024,2024-12-19,129,Suspected Minor Injury,0,1,1,Guardrail Face,NO COLLISION W/ VEHICLE,Clear,Dark-Lighted,Automatic,-86.59229077839527,36.20067593153284
319450,19SR001001,400197030,DAVIDSON,2024,2024-12-19,0,Suspected Minor Injury,0,2,1,Ditch,NO COLLISION W/ VEHICLE,Clear,Dark-Not Lighted,Automatic,-86.66088096805892,36.09957114638647
319516,19SR045001,400197513,DAVIDSON,2024,2024-12-19,2030,Suspected Minor Injury,0,1,1,Utility Pole,NO COLLISION W/ VEHICLE,Clear,Dark-Lighted,Automatic,-86.71964008953422,36.26388993852592
325584,1903272001,400197568,DAVIDSON,2024,2024-12-19,2335,Prop Damage (over),0,0,2,Vehicle in Transport,"SIDESWIPE, SAME DIR",Clear,Dark-Lighted,Automatic,-86.76218183436153,36.16759180807483
326498,1904890001,400197293,DAVIDSON,2024,2024-12-19,1325,Prop Damage (over),0,0,2,Vehicle in Transport,ANGLE,Clear,Daylight,Automatic,-86.83683411187185,36.11406129618594
327265,1905333001,400197348,DAVIDSON,2024,2024-12-19,1432,Prop Damage (over),0,0,1,Other Object (not fixed),NO COLLISION W/ VEHICLE,Clear,Daylight,Automatic,-86.77406115435686,36.15742066964633
328236,190B878001,400197558,DAVIDSON,2024,2024-12-19,2230,Prop Damage (over),0,0,2,Vehicle in Transport,ANGLE,Clear,Dark-Lighted,Automatic,-86.69389051172958,36.0695045267913
329839,190F355001,400197187,DAVIDSON,2024,2024-12-19,940,Prop Damage (over),0,0,2,Vehicle in Transport,REAR-END,Clear,Daylight,Automatic,-86.79263105205739,36.153927917955954
330663,19I0024001,400197093,DAVIDSON,2024,2024-12-19,650,Prop Damage (over),0,0,2,Vehicle in Transport,REAR-END,Clear,Daylight,Automatic,-86.85536015012364,36.32135887759874
330795,19I0024001,400197480,DAVIDSON,2024,2024-12-19,1750,Prop Damage (over),0,0,3,Vehicle in Transport,REAR-END,Clear,Dark-Lighted,Automatic,-86.80965039797732,36.28815430055003
330835,19I0024001,400198957,DAVIDSON,2024,2024-12-19,1837,Prop Damage (over),0,0,2,Vehicle in Transport,REAR-END,Clear,Dark-Lighted,Automatic,-86.79596102671606,36.27252873120529
333121,19I0040001,400197291,DAVIDSON,2024,2024-12-19,1311,Prop Damage (over),0,0,2,Vehicle in Transport,"SIDESWIPE, SAME DIR",Clear,Daylight,Automatic,-86.81744679993251,36.16600962316178
335264,19I0065001,400197217,DAVIDSON,2024,2024-12-19,1040,Prop Damage (over),0,0,2,Vehicle in Transport,REAR-END,Clear,Daylight,Automatic,-86.78270235662582,36.191812791482434
335630,19I0065001,400197561,DAVIDSON,2024,2024-12-19,2310,Prop Damage (over),0,0,2,Vehicle in Transport,"SIDESWIPE, SAME DIR",Clear,Dark-Lighted,Automatic,-86.77508614497035,36.2158552891675
337570,19SR006001,400197460,DAVIDSON,2024,2024-12-19,1726,Prop Damage (over),0,0,2,Vehicle in Transport,ANGLE,Clear,Dark-Lighted,Automatic,-86.77163361367191,36.09474797483328
382781,1903252001,400197474,DAVIDSON,2024,2024-12-19,1830,Suspected Serious Injury,0,1,1,Pedestrian,NO COLLISION W/ VEHICLE,Clear,Dark-Lighted,Automatic,-86.74854721831899,36.183365621014815
383418,1903268001,400197473,DAVIDSON,2024,2024-12-19,1631,Prop Damage (over),0,0,2,Vehicle in Transport,ANGLE,Clear,Daylight,Automatic,-86.78047828828062,36.242816752657006
385539,1905333001,400197196,DAVIDSON,2024,2024-12-19,926,Possible Injury,0,1,2,Vehicle in Transport,ANGLE,Clear,Daylight,Automatic,-86.76375825542571,36.1670335856908
388386,19SR006001,400197517,DAVIDSON,2024,2024-12-19,1708,Prop Damage (over),0,0,2,Vehicle in Transport,ANGLE,Clear,Dark-Lighted,Automatic,-86.78649531854423,36.03740630156943
390442,19SR012001,400197050,DAVIDSON,2024,2024-12-19,434,Suspected Minor Injury,0,3,2,Vehicle in Transport,ANGLE,Cloudy,Dark-Lighted,Automatic,-86.7984333342853,36.18799563347777
391249,19SR024001,400197062,DAVIDSON,2024,2024-12-19,601,Suspected Minor Injury,0,1,2,Vehicle in Transport,HEAD-ON,Clear,Dark-Lighted,Automatic,-86.65685900601214,36.16831858292887
391303,19SR024001,400197556,DAVIDSON,2024,2024-12-19,1659,Prop Damage (over),0,0,2,Vehicle in Transport,ANGLE,Clear,Dusk,Automatic,-86.6291859400021,36.18826962499868
416401,19SR001001,400197321,DAVIDSON,2024,2024-12-19,1423,Prop Damage (over),0,0,2,Vehicle in Transport,ANGLE,Clear,Daylight,Automatic,-86.85129446318747,36.122276491669496
416495,19SR001001,400197130,DAVIDSON,2024,2024-12-19,800,Prop Damage (over),0,0,2,Vehicle in Transport,ANGLE,Clear,Daylight,Automatic,-86.78972031660963,36.15564456147542
418042,19SR254001,400197105,DAVIDSON,2024,2024-12-19,700,Prop Damage (over),0,0,2,Vehicle in Transport,"SIDESWIPE, SAME DIR",Cloudy,Daylight,Automatic,-86.65786113878038,36.04597499520826
427150,1903258001,400197537,DAVIDSON,2024,2024-12-19,2130,Prop Damage (under),0,0,2,Vehicle in Transport,REAR-END,Clear,Dark-Lighted,Automatic,-86.80662235521874,36.16951559357177
429180,19SR024001,400197301,DAVIDSON,2024,2024-12-19,1149,Prop Damage (over),0,0,2,Vehicle in Transport,REAR-END,Clear,Daylight,Automatic,-86.59415843332836,36.21502592183218
439199,19SR011001,400197427,DAVIDSON,2024,2024-12-19,1710,Prop Damage (over),0,0,2,Vehicle in Transport,REAR-END,Clear,Dark-Lighted,Automatic,-86.71653564462473,36.06131837336153
445307,19SR006001,400197129,DAVIDSON,2024,2024-12-19,800,Possible Injury,0,1,2,Vehicle in Transport,REAR-END,Clear,Daylight,Automatic,-86.76048474998112,36.1840576252914
451472,19SR045001,400197209,DAVIDSON,2024,2024-12-19,1010,Prop Damage (over),0,0,2,Railway Train,NO COLLISION W/ VEHICLE,Clear,Daylight,Automatic,-86.6134220015271,36.18641132131055
452155,1903273001,400197285,DAVIDSON,2024,2024-12-19,0,Prop Damage (over),0,0,2,Vehicle in Transport,ANGLE,Clear,Daylight,Automatic,-86.78590550770772,36.15416042672641
460634,1903289001,400197405,DAVIDSON,2024,2024-12-19,1720,Prop Damage (under),0,0,2,--,--,--,--,Automatic,-86.74350015906379,36.04014431904295
463484,19SR001001,400197211,DAVIDSON,2024,2024-12-19,901,Prop Damage (under),0,0,2,--,--,--,--,Automatic,-86.64812569046806,36.08592991935355
463616,19SR006001,400197431,DAVIDSON,2024,2024-12-19,1732,Prop Damage (under),0,0,2,--,--,--,--,Automatic,-86.77881829190662,36.14351853456038
463867,19SR011001,400197506,DAVIDSON,2024,2024-12-19,1808,Prop Damage (under),0,0,2,--,--,--,--,Automatic,-86.71482553241633,36.053439893209
464146,19SR024001,400197534,DAVIDSON,2024,2024-12-19,1847,Prop Damage (under),0,0,2,--,--,--,--,Automatic,-86.87255340180327,36.144493981611525
464652,19SR106001,400197356,DAVIDSON,2024,2024-12-19,1345,Prop Damage (under),0,0,2,--,--,--,--,Automatic,-86.79800192488104,36.14964396074096
464985,19SR254001,400197162,DAVIDSON,2024,2024-12-19,725,Prop Damage (under),0,0,2,--,--,--,--,Automatic,-86.66165117477536,36.0447691149583
194191,1901011001,400196779,DAVIDSON,2024,2024-12-18,0,Prop Damage (over),0,0,2,Vehicle in Transport,REAR-END,Cloudy,Daylight,Automatic,-86.6264430681309,36.0903420297842
194739,1901952001,400196892,DAVIDSON,2024,2024-12-18,1720,Prop Damage (over),0,0,2,Vehicle in Transport,REAR-END,Clear,Dark-Lighted,Automatic,-86.61037781537034,36.18410767116368
195544,1903252001,400196446,DAVIDSON,2024,2024-12-18,440,Prop Damage (over),0,0,2,Vehicle in Transport,ANGLE,Clear,Dark-Lighted,Automatic,-86.74980271072273,36.18040595468101
199023,1904883001,400196641,DAVIDSON,2024,2024-12-18,1149,Prop Damage (over),0,0,2,Vehicle in Transport,ANGLE,Rain,Daylight,Automatic,-86.79445723920307,36.123386037126
199289,1904905001,400196422,DAVIDSON,2024,2024-12-18,145,Prop Damage (over),0,0,2,Vehicle in Transport,ANGLE,Clear,Dark-Not Lighted,Automatic,-86.87987296317017,36.15662895532414
202113,190A607001,400196514,DAVIDSON,2024,2024-12-18,0,Suspected Minor Injury,0,1,2,Vehicle in Transport,HEAD-ON,Rain,Daylight,Automatic,-86.6996896092979,36.26754242150183
202634,190B329001,400196995,DAVIDSON,2024,2024-12-18,2343,Possible Injury,0,2,2,Vehicle in Transport,REAR-END,Clear,Dark-Not Lighted,Automatic,-86.66212375574136,36.03058239886897
203452,190C154001,400196680,DAVIDSON,2024,2024-12-18,1122,Possible Injury,0,1,2,Vehicle in Transport,ANGLE,Rain,Daylight,Automatic,-86.72894575262673,36.06742789472326
204335,190D617001,400196888,DAVIDSON,2024,2024-12-18,1606,Possible Injury,0,2,5,Vehicle in Transport,HEAD-ON,Clear,Daylight,Automatic,-86.77187153037642,36.19644765019635
205411,190F068001,400196805,DAVIDSON,2024,2024-12-18,1553,Prop Damage (over),0,0,2,Vehicle in Transport,REAR-END,Clear,Dusk,Automatic,-86.79392843126821,36.12572192900078
205850,190F614001,400197428,DAVIDSON,2024,2024-12-18,1502,Prop Damage (over),0,0,2,Vehicle in Transport,"SIDESWIPE, OPP DIR",Clear,Daylight,Automatic,-86.76228580627807,36.144675221476206
206450,190H833001,400196916,DAVIDSON,2024,2024-12-18,1750,Possible Injury,0,1,2,Vehicle in Transport,ANGLE,Rain,Dark-Lighted,Automatic,-86.62921072552608,36.06420633700174
207148,19I0024001,400196677,DAVIDSON,2024,2024-12-18,1123,Prop Damage (over),0,0,2,Vehicle in Transport,REAR-END,Rain,Daylight,Automatic,-86.79821488526174,36.27514919221544
207819,19I0024001,400196678,DAVIDSON,2024,2024-12-18,1230,Suspected Minor Injury,0,2,2,Vehicle in Transport,REAR-END,Rain,Daylight,Automatic,-86.7673812065019,36.170424703788136
209296,19I0024001,400196930,DAVIDSON,2024,2024-12-18,2017,Possible Injury,0,1,2,Vehicle in Transport,REAR-END,Clear,Dark-Lighted,Automatic,-86.72177964006762,36.109582097616965
211485,19I0024001,400196755,DAVIDSON,2024,2024-12-18,1255,Prop Damage (over),0,0,2,Vehicle in Transport,"SIDESWIPE, SAME DIR",Rain,Daylight,Automatic,-86.63344517611822,36.02590365303355
212278,19I0040001,400196439,DAVIDSON,2024,2024-12-18,430,Possible Injury,0,1,2,Vehicle in Transport,REAR-END,Clear,Dark-Lighted,Automatic,-86.86817251074044,36.15024416346687
212689,19I0040001,400196580,DAVIDSON,2024,2024-12-18,912,Suspected Minor Injury,0,2,3,Vehicle in Transport,ANGLE,Rain,Daylight,Automatic,-86.80524273259478,36.17038269644839
212905,19I0040001,400196819,DAVIDSON,2024,2024-12-18,1519,Suspected Serious Injury,0,1,2,Vehicle in Transport,REAR-END,Cloudy,Daylight,Automatic,-86.79107316936621,36.15798948354577
216286,19I0065001,400196951,DAVIDSON,2024,2024-12-18,2052,Prop Damage (over),0,0,1,Other Object (not fixed),NO COLLISION W/ VEHICLE,Clear,Dark-Lighted,Automatic,-86.78302176440477,36.035147509230086
219106,19I0065001,400196482,DAVIDSON,2024,2024-12-18,715,Prop Damage (over),0,0,2,Vehicle in Transport,"SIDESWIPE, SAME DIR",Rain,Daylight,Automatic,-86.72918330046542,36.2844590376794
219913,19I0440001,400196789,DAVIDSON,2024,2024-12-18,1503,Suspected Minor Injury,0,1,3,Vehicle in Transport,REAR-END,Cloudy,Daylight,Automatic,-86.73474590872299,36.12488747917674
221393,19SR001001,400196574,DAVIDSON,2024,2024-12-18,0,Prop Damage (over),0,0,2,Vehicle in Transport,ANGLE,Rain,Daylight,Automatic,-86.6812283941166,36.10962697865573
221498,19SR001001,400196983,DAVIDSON,2024,2024-12-18,0,Suspected Minor Injury,0,1,3,Vehicle in Transport,ANGLE,Clear,Dark-Lighted,Automatic,-86.66953509607642,36.104673058306304
222563,19SR001001,400196491,DAVIDSON,2024,2024-12-18,617,Prop Damage (over),0,0,2,Vehicle in Transport,ANGLE,Cloudy,Daylight,Automatic,-86.61784300788105,36.0534355763802
224389,19SR006001,400196884,DAVIDSON,2024,2024-12-18,1805,Suspected Minor Injury,0,1,1,Pedestrian,NO COLLISION W/ VEHICLE,Clear,Dark-Lighted,Automatic,-86.69961694336278,36.29639138850521
225325,19SR011001,400196669,DAVIDSON,2024,2024-12-18,1226,Suspected Minor Injury,0,3,2,Vehicle in Transport,ANGLE,Rain,Daylight,Automatic,-86.72671921206287,36.08081274588877
225715,19SR011001,400196859,DAVIDSON,2024,2024-12-18,754,Suspected Minor Injury,0,2,2,Vehicle in Transport,HEAD-ON,Rain,Daylight,Automatic,-86.74385816484686,36.10827021366159
227889,19SR024001,400196823,DAVIDSON,2024,2024-12-18,1550,Suspected Minor Injury,0,1,3,Vehicle in Transport,REAR-END,Clear,Dusk,Automatic,-86.80973817597922,36.15574478212835
228745,19SR024001,400196943,DAVIDSON,2024,2024-12-18,1706,Prop Damage (over),0,0,2,Vehicle in Transport,ANGLE,Clear,Dusk,Automatic,-86.59952104777929,36.21510196766816
230347,19SR100001,400196803,DAVIDSON,2024,2024-12-18,1530,Suspected Minor Injury,0,1,2,Vehicle in Transport,ANGLE,Cloudy,Daylight,Automatic,-86.90462512300888,36.06231350377474
234416,19SR255001,400196815,DAVIDSON,2024,2024-12-18,1623,Prop Damage (over),0,0,2,Vehicle in Transport,REAR-END,Cloudy,Daylight,Automatic,-86.75428989423794,36.08123748308874
281713,19I0065001,400196487,DAVIDSON,2024,2024-12-18,730,Prop Damage (over),0,0,1,Concrete Traffic Barrier,NO COLLISION W/ VEHICLE,Rain,Daylight,Automatic,-86.73810659715122,36.261384504384495
281824,19SR155001,400196416,DAVIDSON,2024,2024-12-18,116,Possible Injury,0,1,1,Concrete Traffic Barrier,NO COLLISION W/ VEHICLE,Clear,Dark-Not Lighted,Automatic,-86.86566644958918,36.19458031089104
284807,19I0065001,400196500,DAVIDSON,2024,2024-12-18,746,Prop Damage (over),0,0,1,Concrete Traffic Barrier,NO COLLISION W/ VEHICLE,Rain,Daylight,Automatic,-86.73822618843404,36.259559652073065
294780,1904933001,400196639,DAVIDSON,2024,2024-12-18,0,Prop Damage (over),0,0,1,"Other Post, Pole, Supports",NO COLLISION W/ VEHICLE,Rain,Daylight,Automatic,-86.7572904653809,36.256212702735816
297058,19I0024001,400196445,DAVIDSON,2024,2024-12-18,446,Suspected Minor Injury,0,1,1,Embankment Rock/Stone/Concrete,NO COLLISION W/ VEHICLE,Cloudy,Dark-Lighted,Automatic,-86.6894275001422,36.06918710452324
297709,19SR006001,400196664,DAVIDSON,2024,2024-12-18,1238,Prop Damage (over),0,0,1,Ditch,NO COLLISION W/ VEHICLE,Rain,Daylight,Automatic,-86.6886529572716,36.30491944107127
298249,19SR155001,400196621,DAVIDSON,2024,2024-12-18,1007,Prop Damage (over),0,0,1,Wall,NO COLLISION W/ VEHICLE,Rain,Daylight,Automatic,-86.76512791536638,36.24125339312327
298251,19SR155001,400196624,DAVIDSON,2024,2024-12-18,0,Prop Damage (over),0,0,1,Concrete Traffic Barrier,NO COLLISION W/ VEHICLE,Rain,Daylight,Automatic,-86.7683555107801,36.24047456530238
312939,1903243001,400197308,DAVIDSON,2024,2024-12-18,0,Prop Damage (over),0,0,2,Parked Motor Vehicle,REAR-END,Cloudy,Unknown,Automatic,-86.77734402440109,36.162667984950055
314853,19I0065001,400196860,DAVIDSON,2024,2024-12-18,1623,Prop Damage (over),0,0,1,Ditch,NO COLLISION W/ VEHICLE,Clear,Dusk,Automatic,-86.7478913983627,36.24362134832447
318136,19I0065001,400196741,DAVIDSON,2024,2024-12-18,1424,Suspected Minor Injury,0,1,2,Guardrail Face,NO COLLISION W/ VEHICLE,Cloudy,Daylight,Automatic,-86.77513611418351,36.053155684469424
318242,19SR155001,400197191,DAVIDSON,2024,2024-12-18,738,Prop Damage (over),0,0,1,Concrete Traffic Barrier,NO COLLISION W/ VEHICLE,Rain,Daylight,Automatic,-86.71161409460002,36.23543122110964
319049,1904956001,400197157,DAVIDSON,2024,2024-12-18,627,Fatal,1,0,1,Ditch,NO COLLISION W/ VEHICLE,Rain,Dark-Lighted,Automatic,-86.67317962195573,36.05263623857688
319097,190B095001,400197022,DAVIDSON,2024,2024-12-18,2230,Prop Damage (under),0,0,1,Ditch,NO COLLISION W/ VEHICLE,Clear,Dark-Lighted,Automatic,-86.63533190461992,36.099669579836416
319376,19I0040001,400196739,DAVIDSON,2024,2024-12-18,900,Suspected Minor Injury,0,1,1,Culvert,NO COLLISION W/ VEHICLE,Rain,Daylight,Automatic,-86.6883638188336,36.14342886160147
324452,1901017001,400196802,DAVIDSON,2024,2024-12-18,1540,Prop Damage (over),0,0,2,Vehicle in Transport,"SIDESWIPE, SAME DIR",Clear,--,Automatic,-86.689475651907,36.27322385831843
