Primary_Key,Incident_Number,Report_Type,Incident_Status,Investigation_Status,Incident_Location,Location_Type,NIBRS_Code,Offense_Description,Weapon_Description,Domestic_Related,Victim_Type,Victim_Description,Victim_Gender,Victim_Race,Victim_Ethnicity,ZIP_Code,Incident_Occurred,Incident_Reported,Latitude,Longitude
20260573426_11,20260573426,DISPATCHED,OPEN,Open,PATRICIA DR,"RESIDENCE, HOME",90F,CRIMINAL CONTEMPT-VIOLATION OF ORDER OF PROTECTION,NONE,Yes,I,INDIVIDUAL (18 AND OVER),F,I,Non-Hispanic,,2026-09-23 01:15:00,2026-09-23 01:38:00,36.12999999970263,-86.70000000020825
20260573392_11,20260573392,DISPATCHED,OPEN,Open,HICKORY HILL LN,APARTMENT,13C,ASSAULT- FEAR OF BODILY INJURY,,No,I,INDIVIDUAL (18 AND OVER),F,W,Non-Hispanic,,2026-09-23 00:47:00,2026-09-23 01:21:00,36.19000000021294,-86.62999999980876
20260573392_12,20260573392,DISPATCHED,OPEN,Open,HICKORY HILL LN,APARTMENT,13C,ASSAULT- FEAR OF BODILY INJURY,,No,I,INDIVIDUAL (18 AND OVER),M,W,Non-Hispanic,,2026-09-23 00:47:00,2026-09-23 01:21:00,36.19000000021294,-86.62999999980876
20260573324_11,20260573324,DISPATCHED,OPEN,Open,E TRINITY LN,"PARKING LOT, GARAGE",13C,ASSAULT- FEAR OF BODILY INJURY,,No,I,INDIVIDUAL (18 AND OVER),M,W,Non-Hispanic,,2026-09-22 23:20:00,2026-09-23 01:08:00,36.209999999706326,-86.76999999970943
20260573059_11,20260573059,DISPATCHED,UNFOUNDED,Closed,1108 1108,APARTMENT,740,TRANSPORT,NONE,No,I,INDIVIDUAL (18 AND OVER),M,W,Non-Hispanic,37206,2026-09-22 21:20:00,2026-09-23 01:07:00,36.18100000016468,-86.74999999985195
20260573089_11,20260573089,DISPATCHED,CLEARED BY ARREST,Closed,504 504,APARTMENT,13A,INTENTIONAL AGGRAVATED ASSAULT,LETHAL/CUTTING INSTRUMENT,Yes,I,INDIVIDUAL (18 AND OVER),M,W,Non-Hispanic,37214,2026-09-22 21:30:00,2026-09-23 00:45:00,36.18100000016468,-86.64099999982021
20260573238_11,20260573238,SUSPECT,OPEN,Open,BENDING RIVER DR,"RESIDENCE, HOME",26C,CRIMINAL IMPERSONATION,NONE,No,I,INDIVIDUAL (18 AND OVER),F,W,Non-Hispanic,,2026-09-22 23:11:00,2026-09-23 00:15:00,36.09000000018983,-87.00999999979578
20260573133_11,20260573133,DISPATCHED,OPEN,Open,ALCOTT DR,"RESIDENCE, HOME",23F,BURGLARY- MOTOR VEHICLE,NONE,No,I,INDIVIDUAL (18 AND OVER),M,W,Unknown,,2026-09-20 06:30:00,2026-09-22 23:03:00,36.09000000018983,-86.84000000010889
20260572885_11,20260572885,DISPATCHED,OPEN,Open,DICKERSON,"RESIDENCE, HOME",26E,FRAUD BY WIRE,NONE,No,I,INDIVIDUAL (18 AND OVER),M,W,Non-Hispanic,,2026-08-26 13:00:00,2026-09-22 22:52:00,36.19000000021294,-86.76999999970943
20260573041_11,20260573041,DISPATCHED,CLEARED BY ARREST,Closed,1008 1008,"RESIDENCE, HOME",13B,ASSAULT- OFFENSIVE OR PROVOCATIVE CONTACT,PERSONAL (HANDS),Yes,I,INDIVIDUAL (18 AND OVER),F,B,Non-Hispanic,37076,2026-09-22 21:07:00,2026-09-22 22:49:00,36.18799999983186,-86.62899999972605
20260573127_11,20260573127,DISPATCHED,UNFOUNDED,Closed,141 141,APARTMENT,715,FOUND PROPERTY,HANDGUN,No,I,INDIVIDUAL (18 AND OVER),M,W,Non-Hispanic,37211,2026-09-22 22:45:00,2026-09-22 22:45:00,36.10699999997977,-86.72599999966364
20260573115_11,20260573115,DISPATCHED,OPEN,Open,MARQUETTE,"RESIDENCE, HOME",240,VEHICLE THEFT,NONE,No,I,INDIVIDUAL (18 AND OVER),M,W,Non-Hispanic,,2026-09-21 18:00:00,2026-09-22 22:40:00,36.09000000018983,-86.88999999975259
20260573135_11,20260573135,DISPATCHED,OPEN,Open,DOGWOOD PL,"COMMERCIAL, OFFICE BUILDING",26A,FRAUD - SWINDLE,NONE,No,I,INDIVIDUAL (18 AND OVER),F,W,Non-Hispanic,,2026-09-21 22:27:00,2026-09-22 22:27:00,36.10999999969955,-86.75999999978066
20260573073_11,20260573073,DISPATCHED,UNFOUNDED,Closed,141 141,APARTMENT,740,POLICE INQUIRY,NONE,Yes,I,INDIVIDUAL (18 AND OVER),F,W,Non-Hispanic,37211,2026-09-22 13:00:00,2026-09-22 22:23:00,36.10699999997977,-86.72599999966364
20260573044_11,20260573044,DISPATCHED,UNFOUNDED,Closed,141 141,APARTMENT,740,TRANSPORT,NONE,No,I,INDIVIDUAL (18 AND OVER),F,W,Non-Hispanic,37211,2026-09-22 16:00:00,2026-09-22 22:22:00,36.10699999997977,-86.72599999966364
20260573105_11,20260573105,DISPATCHED,UNFOUNDED,Closed,601 601,"GOVERNMENT, PUBLIC BUILDING",715,FOUND PROPERTY,,No,U,UNKNOWN,U,U,Unknown,37203,2026-09-22 22:13:00,2026-09-22 22:13:00,36.15499999994384,-86.77700000028835
20260573090_11,20260573090,DISPATCHED,OPEN,Open,LEBANON PIKE,"COMMERCIAL, OFFICE BUILDING",23D,LARC - FROM BLDG,NONE,No,I,INDIVIDUAL (18 AND OVER),F,W,Non-Hispanic,,2026-09-21 12:00:00,2026-09-22 21:58:00,36.19000000021294,-86.62999999980876
20260573012_11,20260573012,DISPATCHED,OPEN,Open,FATHERLAND ST,"BAR, NIGHT CLUB",23D,LARC - FROM BLDG,NONE,No,I,INDIVIDUAL (18 AND OVER),M,W,Non-Hispanic,,2026-09-18 03:00:00,2026-09-22 21:34:00,36.16999999991994,-86.74999999985195
20260573006_11,20260573006,DISPATCHED,OPEN,Open,HOBSON PIKE,"RESIDENCE, HOME",13C,ASSAULT- FEAR OF BODILY INJURY,,Yes,I,INDIVIDUAL (18 AND OVER),F,B,Non-Hispanic,,2026-09-22 21:30:00,2026-09-22 21:30:00,36.0399999997254,-86.60999999995128
20260572860_11,20260572860,DISPATCHED,OPEN,Open,JACKSON DOWNS BLVD,APARTMENT,13B,SIMPLE ASSLT,PERSONAL (HANDS),Yes,I,INDIVIDUAL (18 AND OVER),M,W,Non-Hispanic,,2026-09-22 19:00:00,2026-09-22 21:26:00,36.18000000021363,-86.6399999997375
20260573033_11,20260573033,DISPATCHED,OPEN,Open,DICKERSON,"RESIDENCE, HOME",290,DAMAGE PROP - PRIVATE,Unarmed,No,I,INDIVIDUAL (18 AND OVER),M,W,Non-Hispanic,,2026-08-21 13:00:00,2026-09-22 21:24:00,36.19000000021294,-86.76999999970943
20260573013_11,20260573013,DISPATCHED,OPEN,Open,CENTRAL,SPECIALTY STORE,23C,SHOPLIFTING,NONE,No,B,BUSINESS,,,,,2026-09-22 20:15:00,2026-09-22 21:17:00,36.16999999991994,-86.60000000002253
20260573011_11,20260573011,DISPATCHED,OPEN,Open,HAMILTON CROSSING SQ,"HIGHWAY, ROAD, ALLEY",23G,LARC - PARTS FROM VEH,NONE,No,I,INDIVIDUAL (18 AND OVER),M,B,Non-Hispanic,,2026-08-14 13:00:00,2026-09-22 21:15:00,,
20260572894_11,20260572894,DISPATCHED,UNFOUNDED,Closed,5824 5824,"DEPARTMENT, DISCOUNT STORE",810,LOST PROPERTY,NONE,No,I,INDIVIDUAL (18 AND OVER),M,B,Non-Hispanic,37013,2026-09-20 17:00:00,2026-09-22 20:28:00,36.04200000018788,-86.71300000038511
20260572811_11,20260572811,DISPATCHED,UNFOUNDED,Closed,1265 1265,"PARKING LOT, GARAGE",715,FOUND PROPERTY,NONE,No,I,INDIVIDUAL (18 AND OVER),M,B,Non-Hispanic,37211,2026-09-22 19:00:00,2026-09-22 20:28:00,36.08899999993821,-86.69299999962931
20260572906_11,20260572906,DISPATCHED,OPEN,Open,TOOK DR,"RESIDENCE, HOME",26C,CRIMINAL IMPERSONATION,NONE,No,I,INDIVIDUAL (18 AND OVER),F,W,Non-Hispanic,,2026-03-10 20:28:00,2026-09-22 20:28:00,36.05999999996536,-86.64999999966624
20260572938_11,20260572938,DISPATCHED,OPEN,Open,GRANDVIEW AVE,"PARKING LOT, GARAGE",23G,LARC - PARTS FROM VEH,,No,B,BUSINESS,,,,,2026-09-17 00:00:00,2026-09-22 20:26:00,36.12000000013524,-86.74999999985195
20260572881_11,20260572881,SUSPECT,OPEN,Open,8TH AVE S,CONVENIENCE STORE,23C,SHOPLIFTING,NONE,No,B,BUSINESS,,,,,2026-09-19 06:00:00,2026-09-22 20:19:00,36.12999999970263,-86.77999999963816
20260572877_11,20260572877,DISPATCHED,OPEN,Open,21ST,"RESIDENCE, HOME",13C,ASSAULT- FEAR OF BODILY INJURY,,No,I,INDIVIDUAL (18 AND OVER),F,W,Non-Hispanic,,2026-09-14 23:11:00,2026-09-22 20:12:00,36.159999999962295,-86.81000000032267
20260572738_11,20260572738,DISPATCHED,OPEN,Open,SEVEN SPRINGS,APARTMENT,13A,AGGRAV ASSLT - NONFAMILY-GUN,HANDGUN,No,I,INDIVIDUAL (18 AND OVER),F,W,Non-Hispanic,,2026-09-22 17:00:00,2026-09-22 20:04:00,36.0399999997254,-86.76999999970943
20260572738_22,20260572738,DISPATCHED,OPEN,Open,SEVEN SPRINGS,APARTMENT,520,"WEAPON OFFENSE, CRIMINAL ATTEMPT",HANDGUN,No,S,SOCIETY,,,,,2026-09-22 17:00:00,2026-09-22 20:04:00,36.0399999997254,-86.76999999970943
20260572838_11,20260572838,,UNFOUNDED,Closed,2400 2400,"RESIDENCE, HOME",810,LOST PROPERTY,NONE,No,I,INDIVIDUAL (18 AND OVER),F,B,Non-Hispanic,37218,2026-07-01 13:00:00,2026-09-22 19:59:00,36.20000000001247,-86.82499999976665
20260572839_11,20260572839,WITNESS,OPEN,Open,,RESTAURANT,90Z,HARRASSMENT (NUISANCE),NONE,No,I,INDIVIDUAL (18 AND OVER),F,W,Non-Hispanic,,2026-09-17 13:37:00,2026-09-22 19:47:00,,
20260572667_11,20260572667,DISPATCHED,OPEN,Open,DODSON CHAPEL,APARTMENT,290,"VANDALISM- $1,000 OR LESS",PERSONAL (HANDS),No,I,INDIVIDUAL (18 AND OVER),M,W,Hispanic,,2026-09-22 15:00:00,2026-09-22 19:45:00,36.16999999991994,-86.60999999995128
20260572791_11,20260572791,DISPATCHED,UNFOUNDED,Closed,1903 1903,RESTAURANT,780,"RECOVERY, STOLEN PROPERTY",NONE,No,I,INDIVIDUAL (18 AND OVER),F,B,Non-Hispanic,37212,2026-09-22 18:57:00,2026-09-22 19:42:00,36.15000000024567,-86.79600000006313
20260572817_11,20260572817,DISPATCHED,OPEN,Open,NOLENSVILLE PIKE,RENTAL STORAGE FACILITY,220,BURGLARY,,No,I,INDIVIDUAL (18 AND OVER),F,B,Non-Hispanic,,2026-01-01 18:00:00,2026-09-22 19:31:00,36.06999999966938,-86.72000000006571
20260572817_12,20260572817,DISPATCHED,OPEN,Open,NOLENSVILLE PIKE,RENTAL STORAGE FACILITY,220,BURGLARY,,No,B,BUSINESS,,,,,2026-01-01 18:00:00,2026-09-22 19:31:00,36.06999999966938,-86.72000000006571
20260572651_11,20260572651,DISPATCHED,UNFOUNDED,Closed,689 689,APARTMENT,740,POLICE INQUIRY,NONE,Yes,I,INDIVIDUAL (18 AND OVER),F,W,Non-Hispanic,37210,2026-09-22 15:39:00,2026-09-22 19:31:00,36.14800000018361,-86.75799999961527
20260572786_11,20260572786,DISPATCHED,OPEN,Open,HILLSIDE CT,APARTMENT,23D,LARC - FROM BLDG,NONE,No,I,INDIVIDUAL (18 AND OVER),M,W,Non-Hispanic,,2026-09-22 16:30:00,2026-09-22 19:30:00,36.13999999994927,-86.77999999963816
20260572816_11,20260572816,,OPEN,Open,DODSON CHAPEL,"RESIDENCE, HOME",26A,FRAUD - SWINDLE,NONE,No,I,INDIVIDUAL (18 AND OVER),M,W,Non-Hispanic,,2026-09-19 17:00:00,2026-09-22 19:29:00,36.16999999991994,-86.60999999995128
20260572749_11,20260572749,DISPATCHED,CLEARED BY ARREST,Closed,3123 3123,"PARKING LOT, GARAGE",13A,AGGRAV ASSLT - NONFAMILY-WEAPON,LETHAL/CUTTING INSTRUMENT,No,I,INDIVIDUAL (18 AND OVER),M,W,Non-Hispanic,37207,2026-09-22 18:35:00,2026-09-22 19:23:00,36.23100000032581,-86.75899999969798
20260572749_21,20260572749,DISPATCHED,CLEARED BY ARREST,Closed,3123 3123,"PARKING LOT, GARAGE",290,"VANDALISM- $1,000 OR LESS",LETHAL/CUTTING INSTRUMENT,No,I,INDIVIDUAL (18 AND OVER),M,W,Non-Hispanic,37207,2026-09-22 18:35:00,2026-09-22 19:23:00,36.23100000032581,-86.75899999969798
20260572392_11,20260572392,DISPATCHED,UNFOUNDED,Closed,981 981,"RESIDENCE, HOME",740,TRANSPORT,NONE,No,I,INDIVIDUAL (18 AND OVER),F,W,Non-Hispanic,37217,2026-09-22 15:05:00,2026-09-22 19:18:00,36.12999999970263,-86.71499999965219
20260572770_11,20260572770,DISPATCHED,UNFOUNDED,Closed,4617 4617,"RESIDENCE, HOME",740,POLICE INQUIRY,NONE,Yes,I,INDIVIDUAL (18 AND OVER),F,U,Unknown,37115,2026-09-18 05:00:00,2026-09-22 19:14:00,36.23899999999409,-86.73200000015987
20260572681_11,20260572681,DISPATCHED,UNFOUNDED,Closed,801 801,Community Center,620,ACCIDENTAL INJURY,NONE,No,I,INDIVIDUAL (18 AND OVER),M,W,Non-Hispanic,37205,2026-09-22 17:45:00,2026-09-22 19:11:00,36.0840000002342,-86.8889999996699
20260572780_11,20260572780,,OPEN,Open,E PALESTINE AVE,"PARKING LOT, GARAGE",23F,BURGLARY- MOTOR VEHICLE,Unarmed,No,I,INDIVIDUAL (18 AND OVER),M,W,Hispanic,,2026-09-22 01:00:00,2026-09-22 19:09:00,36.25000000002025,-86.71000000013699
20260572696_11,20260572696,DISPATCHED,PROSECUTION DECLINED,Closed,645 645,APARTMENT,13B,SIMPLE ASSLT,PERSONAL (HANDS),Yes,I,INDIVIDUAL (18 AND OVER),F,W,Non-Hispanic,37203,2026-09-22 01:00:00,2026-09-22 19:08:00,36.15000000024567,-86.77800000037105
20260572753_11,20260572753,DISPATCHED,OPEN,Open,RIO VISTA,APARTMENT,13C,ASSAULT- FEAR OF BODILY INJURY,,No,I,INDIVIDUAL (18 AND OVER),F,B,Non-Hispanic,,2026-09-22 17:55:00,2026-09-22 19:02:00,36.27000000015372,-86.68000000035076
20260572416_11,20260572416,DISPATCHED,UNFOUNDED,Closed,6900 6900,APARTMENT,740,POLICE INQUIRY,NONE,No,I,INDIVIDUAL (18 AND OVER),M,U,Unknown,37013,2026-09-21 12:30:00,2026-09-22 19:00:00,36.02600000035151,-86.71300000038511
20260572709_11,20260572709,DISPATCHED,OPEN,Open,LEBANON PIKE,"PARKING LOT, GARAGE",290,"VANDALISM- $1,000 OR LESS",NONE,No,I,INDIVIDUAL (18 AND OVER),F,B,Non-Hispanic,,2026-09-22 16:38:00,2026-09-22 18:59:00,36.16999999991994,-86.68000000035076
20260572762_11,20260572762,DISPATCHED,UNFOUNDED,Closed,1552 1552,"RESIDENCE, HOME",740,POLICE INQUIRY,NONE,No,I,INDIVIDUAL (18 AND OVER),F,W,Non-Hispanic,37013,2026-09-21 17:00:00,2026-09-22 18:59:00,,
20260572746_11,20260572746,DISPATCHED,OPEN,Open,NOLENSVILLE PIKE,"DEPARTMENT, DISCOUNT STORE",23G,LARC - PARTS FROM VEH,NONE,No,I,INDIVIDUAL (18 AND OVER),F,W,Hispanic,,2026-09-22 02:30:00,2026-09-22 18:56:00,36.0399999997254,-86.71000000013699
20260572662_11,20260572662,,OPEN,Open,NOLENSVILLE,"DEPARTMENT, DISCOUNT STORE",26A,FRAUD - SWINDLE,NONE,No,F,FINANCIAL INSTITUTION,,,,,2026-08-26 17:00:00,2026-09-22 18:37:00,36.05000000025906,-86.71000000013699
20260572715_11,20260572715,DISPATCHED,UNFOUNDED,Closed,465 465,"SERVICE, GAS STATION",715,FOUND PROPERTY,,No,I,INDIVIDUAL (18 AND OVER),U,U,Unknown,37214,2026-09-22 13:00:00,2026-09-22 18:29:00,36.151000000010846,-86.6670000001739
20260572574_11,20260572574,DISPATCHED,OPEN,Open,ZERMATT AVE,"PARKING LOT, GARAGE",240,VEHICLE THEFT,NONE,No,I,INDIVIDUAL (18 AND OVER),M,W,Non-Hispanic,,2026-09-21 18:00:00,2026-09-22 18:21:00,36.0399999997254,-86.72000000006571
20260572517_11,20260572517,DISPATCHED,OPEN,Open,E PALESTINE AVE,APARTMENT,240,VEHICLE THEFT,OTHER,No,I,INDIVIDUAL (18 AND OVER),M,W,Hispanic,,2026-09-22 03:00:00,2026-09-22 18:18:00,36.25000000002025,-86.71000000013699
20260572693_11,20260572693,DISPATCHED,UNFOUNDED,Closed,400 400,"SERVICE, GAS STATION",810,LOST PROPERTY,NONE,No,I,INDIVIDUAL (18 AND OVER),M,B,Non-Hispanic,37219,2026-09-07 19:00:00,2026-09-22 18:05:00,36.16699999965114,-86.78099999972085
20260572641_11,20260572641,DISPATCHED,OPEN,Open,POWELL AVE,"GROCERY, SUPERMARKET",23D,LARC - FROM BLDG,NONE,No,I,INDIVIDUAL (18 AND OVER),F,W,Non-Hispanic,,2026-09-22 16:26:00,2026-09-22 18:04:00,36.10999999969955,-86.76999999970943
20260572685_11,20260572685,SUSPECT,OPEN,Open,ANDERSON LN,School-Elementary/Secondary,90Z,HARRASSMENT (NUISANCE),NONE,No,I,INDIVIDUAL (18 AND OVER),F,W,Non-Hispanic,,2026-09-19 03:00:00,2026-09-22 18:04:00,36.27000000015372,-86.70000000020825
20260572692_11,20260572692,WITNESS,OPEN,Open,KOREAN VETERANS BLVD,"RESIDENCE, HOME",13C,"HARASSMENT- CAUSE EMOTIONAL DISTRESS, INTIMIDATE, FRIGHTEN",NONE,No,I,INDIVIDUAL (18 AND OVER),M,B,Non-Hispanic,,2026-09-22 17:56:00,2026-09-22 17:56:00,36.159999999962295,-86.77999999963816
20260572560_11,20260572560,DISPATCHED,OPEN,Open,CUMBERLAND,"HIGHWAY, ROAD, ALLEY",760,OVERDOSE,NONE,No,I,INDIVIDUAL (18 AND OVER),M,I,Hispanic,,2026-09-22 16:15:00,2026-09-22 17:56:00,36.19000000021294,-86.7899999995669
20260572672_11,20260572672,DISPATCHED,OPEN,Open,CASTLE RDG,"RESIDENCE, HOME",23F,BURGLARY- MOTOR VEHICLE,NONE,No,I,INDIVIDUAL (18 AND OVER),F,W,Non-Hispanic,,2026-09-22 07:00:00,2026-09-22 17:53:00,,
20260572600_11,20260572600,DISPATCHED,OPEN,Open,RIVER VIEW DR,"RESIDENCE, HOME",23H,"THEFT OF PROPERTY- $10,000 OR >  BUT  < $60,000",NONE,No,I,INDIVIDUAL (18 AND OVER),M,W,Non-Hispanic,,2026-09-19 21:30:00,2026-09-22 17:51:00,36.13999999994927,-86.93000000036587
20260572609_11,20260572609,DISPATCHED,OPEN,Open,NOLENSVILLE PIKE,"GROCERY, SUPERMARKET",23C,SHOPLIFTING,NONE,No,B,BUSINESS,,,,,2026-09-22 15:10:00,2026-09-22 17:41:00,36.0800000001956,-86.72999999999446
20260572643_11,20260572643,,OPEN,Open,WEST END,"HOTEL, MOTEL, ETC.",23D,LARC - FROM BLDG,Unarmed,No,B,BUSINESS,,,,,2026-09-12 14:00:00,2026-09-22 17:30:00,36.15000000024567,-86.7899999995669
20260572498_11,20260572498,DISPATCHED,OPEN,Open,DOGWOOD LN,"RESIDENCE, HOME",13B,SIMPLE ASSLT - STRANGULATION (NO LOSS OF CONSCIOUSNESS),PERSONAL (HANDS),Yes,I,INDIVIDUAL (18 AND OVER),F,W,Hispanic,,2026-09-22 16:49:00,2026-09-22 17:26:00,36.29000000028829,-86.74999999985195
20260572418_11,20260572418,DISPATCHED,OPEN,Open,2ND AVE N,"GOVERNMENT, PUBLIC BUILDING",13C,ASSAULT- FEAR OF BODILY INJURY,,Yes,I,INDIVIDUAL (18 AND OVER),M,W,Non-Hispanic,,2026-09-22 11:00:00,2026-09-22 17:20:00,36.16999999991994,-86.77999999963816
20260572589_11,20260572589,,OPEN,Open,MUSIC SQ W,"HOTEL, MOTEL, ETC.",23D,LARC - FROM BLDG,NONE,No,I,INDIVIDUAL (18 AND OVER),M,W,Non-Hispanic,,2026-09-18 13:00:00,2026-09-22 17:10:00,36.15000000024567,-86.7899999995669
20260572571_11,20260572571,DISPATCHED,OPEN,Open,LAKEWALK DR,"RESIDENCE, HOME",240,VEHICLE THEFT,NONE,No,I,INDIVIDUAL (18 AND OVER),M,W,Hispanic,,2026-09-22 02:15:00,2026-09-22 17:05:00,36.05000000025906,-86.59000000009381
20260572406_11,20260572406,SUSPECT,OPEN,Open,BELL RD,"PARKING LOT, GARAGE",23F,BURGLARY - MOTOR VEHICLE,NONE,No,I,INDIVIDUAL (18 AND OVER),M,B,Non-Hispanic,,2026-06-29 14:00:00,2026-09-22 17:05:00,36.05000000025906,-86.70000000020825
20260572578_11,20260572578,DISPATCHED,OPEN,Open,DOGWOOD LN,"RESIDENCE, HOME",13A,AGGRAV ASSLT - FAMILY-WEAPON,LETHAL/CUTTING INSTRUMENT,Yes,I,INDIVIDUAL (18 AND OVER),M,W,Hispanic,,2026-07-18 04:00:00,2026-09-22 17:05:00,36.29000000028829,-86.74999999985195
20260572569_11,20260572569,,OPEN,Open,BEN ALLEN RD,"PARKING LOT, GARAGE",23F,BURGLARY- MOTOR VEHICLE,NONE,No,I,INDIVIDUAL (18 AND OVER),F,B,Non-Hispanic,,2026-09-22 02:00:00,2026-09-22 16:47:00,36.22000000011304,-86.74999999985195
20260572483_11,20260572483,,UNFOUNDED,Closed,201 201,CONVENIENCE STORE,810,LOST PROPERTY,NONE,No,I,INDIVIDUAL (18 AND OVER),M,W,Hispanic,37115,2026-09-20 21:30:00,2026-09-22 16:36:00,36.25200000024065,-86.7159999997349
20260572499_11,20260572499,DISPATCHED,OPEN,Open,CHARLOTTE PIKE,SPECIALTY STORE,23C,SHOPLIFTING,,No,B,BUSINESS,,,,,2026-09-22 15:24:00,2026-09-22 16:27:00,36.13999999994927,-86.86999999989513
20260572525_11,20260572525,WITNESS,OPEN,Open,E OLD HICKORY BLVD,"PARKING LOT, GARAGE",23G,LARC - PARTS FROM VEH,NONE,No,I,INDIVIDUAL (18 AND OVER),M,B,Unknown,,2026-08-10 05:00:00,2026-09-22 16:26:00,36.25999999986106,-86.70000000020825
20260572489_11,20260572489,SUSPECT,OPEN,Open,BUENA VISTA PIKE,"PARKING LOT, GARAGE",240,VEHICLE THEFT,NONE,No,I,INDIVIDUAL (18 AND OVER),M,B,Non-Hispanic,,2026-09-22 08:20:00,2026-09-22 16:19:00,36.209999999706326,-86.82000000025143
20260572225_11,20260572225,DISPATCHED,OPEN,Open,BELL RD,"PARKING LOT, GARAGE",23F,BURGLARY - MOTOR VEHICLE,NONE,No,I,INDIVIDUAL (18 AND OVER),M,B,Non-Hispanic,,2026-09-19 08:00:00,2026-09-22 16:14:00,36.05000000025906,-86.70000000020825
20260572493_11,20260572493,DISPATCHED,OPEN,Open,WHITE BRIDGE PIKE,"PARKING LOT, GARAGE",26A,FRAUD - SWINDLE,NONE,No,I,INDIVIDUAL (18 AND OVER),F,W,Non-Hispanic,,2026-09-20 03:29:00,2026-09-22 16:12:00,36.12999999970263,-86.85000000003764
20260572484_11,20260572484,,OPEN,Open,WHITE BRIDGE,"SERVICE, GAS STATION",270,EMBEZZLE - BUSINESS PROP,Unarmed,No,B,BUSINESS,,,,,2026-09-22 04:00:00,2026-09-22 16:11:00,36.15000000024567,-86.85999999996638
20260572437_22,20260572437,DISPATCHED,OPEN,Open,LEBANON,"HIGHWAY, ROAD, ALLEY",520,WEAPON - FIREARM OR CLUB,HANDGUN,No,S,SOCIETY,,,,,2026-09-22 14:26:00,2026-09-22 16:10:00,36.19000000021294,-86.6399999997375
20260572437_11,20260572437,DISPATCHED,OPEN,Open,LEBANON,"HIGHWAY, ROAD, ALLEY",13A,INTENTIONAL AGGRAVATED ASSAULT,HANDGUN,No,I,INDIVIDUAL (18 AND OVER),F,W,Hispanic,,2026-09-22 14:26:00,2026-09-22 16:10:00,36.19000000021294,-86.6399999997375
20260572485_11,20260572485,,OPEN,Open,FESSEY PARK RD,"RESIDENCE, HOME",23F,BURGLARY- MOTOR VEHICLE,Unarmed,No,I,INDIVIDUAL (18 AND OVER),M,W,Non-Hispanic,,2026-09-22 02:00:00,2026-09-22 15:57:00,36.10999999969955,-86.75999999978066
20260572459_11,20260572459,,OPEN,Open,DELVIN DR,"RESIDENCE, HOME",13C,ASSAULT- FEAR OF BODILY INJURY,,No,I,INDIVIDUAL (18 AND OVER),M,W,Non-Hispanic,,2026-09-22 01:15:00,2026-09-22 15:57:00,36.05000000025906,-86.69000000027951
20260572447_11,20260572447,DISPATCHED,OPEN,Open,HERMITAGE AVE,Auto Salvage/Junkyard,23F,BURGLARY- MOTOR VEHICLE,NONE,No,I,INDIVIDUAL (18 AND OVER),F,B,Non-Hispanic,,2026-08-02 07:00:00,2026-09-22 15:56:00,36.15000000024567,-86.74999999985195
20260572431_11,20260572431,WITNESS,OPEN,Open,MURFREESBORO PIKE,"CHURCH, SYNAGOGUE, TEMPLE",23D,LARC - FROM BLDG,Unarmed,No,R,RELIGIOUS,,,,,2026-09-13 13:00:00,2026-09-22 15:54:00,36.12000000013524,-86.69000000027951
20260572457_11,20260572457,DISPATCHED,OPEN,Open,,"PARKING LOT, GARAGE",23F,BURGLARY- MOTOR VEHICLE,,No,I,INDIVIDUAL (18 AND OVER),F,W,Non-Hispanic,,2026-09-22 04:00:00,2026-09-22 15:51:00,36.12000000013524,-86.76999999970943
20260572445_11,20260572445,DISPATCHED,UNFOUNDED,Closed,800 800,"HIGHWAY, ROAD, ALLEY",810,LOST PROPERTY,PERSONAL (HANDS),No,I,INDIVIDUAL (18 AND OVER),M,W,Non-Hispanic,37203,2026-09-19 05:01:00,2026-09-22 15:43:00,36.16399999986469,-86.79900000031124
20260572440_11,20260572440,WITNESS,UNFOUNDED,Closed,1708 1708,"COMMERCIAL, OFFICE BUILDING",810,LOST PROPERTY,NONE,No,B,BUSINESS,,,,37210,2026-07-22 05:00:00,2026-09-22 15:36:00,36.14500000022128,-86.70900000005427
20260572442_11,20260572442,SUSPECT,UNFOUNDED,Closed,1021 1021,"PARKING LOT, GARAGE",35A,MARIJUANA - POSSESS,NONE,No,S,SOCIETY,,,,37211,2026-09-22 15:15:00,2026-09-22 15:31:00,36.128999999969736,-86.71399999956948
20260572409_11,20260572409,DISPATCHED,UNFOUNDED,Closed,7632 7632,"RESIDENCE, HOME",810,LOST PROPERTY,,No,I,INDIVIDUAL (18 AND OVER),F,W,Non-Hispanic,37221,2026-09-19 17:00:00,2026-09-22 15:27:00,36.07799999973529,-86.95000000022335
20260572898_11,20260572898,DISPATCHED,CLEARED BY ARREST,Closed,5333 5333,"COMMERCIAL, OFFICE BUILDING",220,BURGLARY,PERSONAL (HANDS),No,B,BUSINESS,,,,37013,2026-02-12 19:55:00,2026-09-22 15:26:00,36.047999999646485,-86.65199999983165
20260572326_11,20260572326,DISPATCHED,OPEN,Open,DIVISION ST,"BAR, NIGHT CLUB",13A,INTENTIONAL AGGRAVATED ASSAULT,PERSONAL (HANDS),No,I,INDIVIDUAL (18 AND OVER),M,W,Non-Hispanic,,2026-09-14 03:00:00,2026-09-22 15:22:00,36.15000000024567,-86.80000000039394
20260572397_11,20260572397,DISPATCHED,OPEN,Open,OLD HICKORY BLVD,School-Elementary/Secondary,23D,LARC - FROM BLDG,NONE,No,I,INDIVIDUAL (18 AND OVER),F,W,Non-Hispanic,,2026-09-21 21:00:00,2026-09-22 15:22:00,36.27000000015372,-86.82000000025143
20260572373_11,20260572373,,OPEN,Open,NORTHWIND DR,"DEPARTMENT, DISCOUNT STORE",26B,"CREDIT CARD, FRAUDULENT USE - $1,000 OR LESS",NONE,No,B,BUSINESS,,,,,2026-09-09 12:00:00,2026-09-22 15:20:00,36.29000000028829,-86.72999999999446
20260572411_11,20260572411,DISPATCHED,OPEN,Open,ROBINSON RD,APARTMENT,23D,LARC - FROM BLDG,NONE,No,I,INDIVIDUAL (18 AND OVER),F,B,Non-Hispanic,,2026-09-22 15:17:00,2026-09-22 15:17:00,36.25999999986106,-86.65999999959497
20260572399_11,20260572399,,OPEN,Open,BROADWAY PL,"BAR, NIGHT CLUB",23D,LARC - FROM BLDG,NONE,No,I,INDIVIDUAL (18 AND OVER),M,W,Non-Hispanic,,2026-09-20 02:00:00,2026-09-22 15:12:00,,
20260572317_11,20260572317,DISPATCHED,UNFOUNDED,Closed,203 203,"RESIDENCE, HOME",740,TRANSPORT,NONE,No,I,INDIVIDUAL (18 AND OVER),M,B,Non-Hispanic,37138,2026-09-22 14:13:00,2026-09-22 15:06:00,36.22399999966719,-86.62799999964334
20260572269_11,20260572269,DISPATCHED,OPEN,Open,EDMONDSON PIKE,"RESIDENCE, HOME",220,BURGLARY,Unarmed,No,I,INDIVIDUAL (18 AND OVER),F,A,Non-Hispanic,,2026-09-22 13:38:00,2026-09-22 14:52:00,36.06999999966938,-86.7399999999232
20260572360_11,20260572360,DISPATCHED,OPEN,Open,GALLATIN PIKE N,Auto Dealership New/Used,23H,"THEFT OF PROPERTY- $1,000 OR >  BUT < $10,000",NONE,No,B,BUSINESS,,,,,2026-09-07 14:43:00,2026-09-22 14:43:00,36.30999999970611,-86.68000000035076
20260572133_11,20260572133,DISPATCHED,UNFOUNDED,Closed,808 808,"RESIDENCE, HOME",740,POLICE INQUIRY,NONE,Yes,I,INDIVIDUAL (18 AND OVER),F,B,Non-Hispanic,37115,2026-09-22 11:54:00,2026-09-22 14:30:00,36.248999999911504,-86.74799999968653
20260572330_11,20260572330,,OPEN,Open,BLUE HOLE RD,School-Elementary/Secondary,23D,LARC - FROM BLDG,Unarmed,No,G,GOVERNMENT,,,,,2026-09-15 14:00:00,2026-09-22 14:28:00,36.05999999996536,-86.67000000042204
20260572311_11,20260572311,DISPATCHED,OPEN,Open,ATHENS WAY,APARTMENT,290,DAMAGE PROP - PRIVATE,PERSONAL (HANDS),No,I,INDIVIDUAL (18 AND OVER),M,W,Non-Hispanic,,2026-09-20 11:00:00,2026-09-22 14:27:00,36.19000000021294,-86.80000000039394
20260572273_11,20260572273,DISPATCHED,OPEN,Open,11TH AVE S,"PARKING LOT, GARAGE",23F,BURGLARY- MOTOR VEHICLE,NONE,No,I,INDIVIDUAL (18 AND OVER),F,B,Non-Hispanic,,2026-09-21 22:30:00,2026-09-22 14:24:00,36.13999999994927,-86.7899999995669
20260572322_11,20260572322,WITNESS,UNFOUNDED,Closed,3733 3733,"HIGHWAY, ROAD, ALLEY",810,LOST PROPERTY,NONE,No,I,INDIVIDUAL (18 AND OVER),M,W,Hispanic,37013,2026-09-21 15:00:00,2026-09-22 14:23:00,36.072999999667886,-86.59300000034192
20260572312_11,20260572312,,UNFOUNDED,Closed,515 515,"COMMERCIAL, OFFICE BUILDING",810,LOST PROPERTY,NONE,No,B,BUSINESS,,,,37072,2026-08-01 17:00:00,2026-09-22 14:11:00,36.3130000002836,-86.70799999997158
20260572217_11,20260572217,DISPATCHED,OPEN,Open,VANDERHORST,"RESIDENCE, HOME",13B,SIMPLE ASSLT - STRANGULATION (NO LOSS OF CONSCIOUSNESS),PERSONAL (HANDS),Yes,I,INDIVIDUAL (18 AND OVER),F,B,Non-Hispanic,,2026-09-22 13:00:00,2026-09-22 13:59:00,36.22000000011304,-86.81000000032267
20260572207_11,20260572207,,OPEN,Open,ARBOR TRACE,"RESIDENCE, HOME",23F,BURGLARY- MOTOR VEHICLE,Unarmed,No,I,INDIVIDUAL (18 AND OVER),M,W,Non-Hispanic,,2026-09-22 00:30:00,2026-09-22 13:47:00,36.22000000011304,-86.75999999978066
20260572187_11,20260572187,,OPEN,Open,ELLISTON PL,"PARKING LOT, GARAGE",23F,BURGLARY- MOTOR VEHICLE,,No,I,INDIVIDUAL (18 AND OVER),M,W,Non-Hispanic,,2026-09-21 00:00:00,2026-09-22 13:18:00,36.15000000024567,-86.81000000032267
20260570592_11,20260570592,DISPATCHED,OPEN,Open,BENDING RIVER DR,"HIGHWAY, ROAD, ALLEY",13D,STALKING- NO PRIOR CONVICTION,,No,I,INDIVIDUAL (18 AND OVER),F,W,Non-Hispanic,,2026-09-16 12:00:00,2026-09-22 12:26:00,36.09000000018983,-87.00999999979578
20260572090_11,20260572090,,OPEN,Open,LEBANON PIKE,CONVENIENCE STORE,23C,SHOPLIFTING,Unarmed,No,B,BUSINESS,,,,,2026-09-22 12:10:00,2026-09-22 12:26:00,36.16999999991994,-86.65999999959497
20260572083_11,20260572083,,OPEN,Open, EDMONDSON PIKE,CONVENIENCE STORE,23D,LARC - FROM BLDG,NONE,No,I,INDIVIDUAL (18 AND OVER),M,B,Non-Hispanic,,2026-09-22 12:05:00,2026-09-22 12:21:00,36.0399999997254,-86.7399999999232
20260572050_11,20260572050,,OPEN,Open,BROOKSBORO TER,APARTMENT,240,VEHICLE THEFT,Unarmed,No,I,INDIVIDUAL (18 AND OVER),M,W,Hispanic,,2026-09-17 23:00:00,2026-09-22 12:15:00,36.09000000018983,-86.64999999966624
20260572016_11,20260572016,SUSPECT,UNFOUNDED,Closed,97 97,"PARKING LOT, GARAGE",715,FOUND PROPERTY,NONE,No,I,INDIVIDUAL (18 AND OVER),F,W,Hispanic,37211,2026-09-21 19:00:00,2026-09-22 12:02:00,36.0829999998826,-86.70200000037366
20260572027_11,20260572027,SUSPECT,UNFOUNDED,Closed,307 307,APARTMENT,780,"RECOVERY, STOLEN PROPERTY",NONE,No,I,INDIVIDUAL (18 AND OVER),F,W,Non-Hispanic,37217,2026-09-22 11:51:00,2026-09-22 11:51:00,36.120999999872936,-86.70399999964074
20260571977_11,20260571977,SUSPECT,UNFOUNDED,Closed,400 400,"PARKING LOT, GARAGE",715,FOUND PROPERTY,NONE,No,I,INDIVIDUAL (18 AND OVER),U,U,Unknown,37115,2026-09-22 11:25:00,2026-09-22 11:25:00,36.271999999660345,-86.69000000027951
20260571933_11,20260571933,SUSPECT,UNFOUNDED,Closed,1311 1311,"SERVICE, GAS STATION",780,"RECOVERY, STOLEN PROPERTY",NONE,No,B,BUSINESS,,,,37115,2026-09-22 11:05:00,2026-09-22 11:05:00,36.24499999974243,-86.73599999959238
20260571880_11,20260571880,DISPATCHED,UNFOUNDED,Closed,5800 5800,"RESIDENCE, HOME",13C,ASSAULT- FEAR OF BODILY INJURY,,Yes,I,INDIVIDUAL (18 AND OVER),F,B,Non-Hispanic,37209,2026-09-22 08:40:00,2026-09-22 09:50:00,36.14400000012616,-86.86100000004909
20260571857_11,20260571857,DISPATCHED,OPEN,Open,ROSA L PARKS,"HOTEL, MOTEL, ETC.",13B,ASSAULT- OFFENSIVE OR PROVOCATIVE CONTACT,PERSONAL (HANDS),Yes,I,INDIVIDUAL (18 AND OVER),F,B,Non-Hispanic,,2026-09-22 07:30:00,2026-09-22 09:41:00,36.159999999962295,-86.77999999963816
20260571872_11,20260571872,DISPATCHED,OPEN,Open,MERIDIAN ST,RESTAURANT,220,BURGL - FORCED ENTRY-NONRESID,CLUB,No,B,BUSINESS,,,,,2026-09-22 08:43:00,2026-09-22 09:27:00,36.18000000021363,-86.76999999970943
20260571398_11,20260571398,DISPATCHED,CLEARED BY ARREST,Closed,107 107,"BAR, NIGHT CLUB",13B,SIMPLE ASSLT,PERSONAL (HANDS),No,I,INDIVIDUAL (18 AND OVER),M,W,Non-Hispanic,37219,2026-09-22 01:40:00,2026-09-22 09:12:00,36.16099999985248,-86.77700000028835
20260571398_22,20260571398,DISPATCHED,CLEARED BY ARREST,Closed,107 107,"BAR, NIGHT CLUB",290,"VANDALISM- $1,000 OR LESS",PERSONAL (HANDS),No,B,BUSINESS,,,,37219,2026-09-22 01:40:00,2026-09-22 09:12:00,36.16099999985248,-86.77700000028835
20260571779_11,20260571779,DISPATCHED,OPEN,Open,RICHARDS RD,"PARKING LOT, GARAGE",290,"VANDALISM- $2,500 OR > BUT < $10,000",NONE,No,I,INDIVIDUAL (18 AND OVER),F,W,Non-Hispanic,,2026-09-21 05:00:00,2026-09-22 07:24:00,36.06999999966938,-86.68000000035076
20260571792_11,20260571792,DISPATCHED,OPEN,Open,JOHN A MERRITT BLVD,APARTMENT,13C,ASSAULT- FEAR OF BODILY INJURY,,No,I,INDIVIDUAL (18 AND OVER),F,B,Non-Hispanic,,2026-09-22 06:50:00,2026-09-22 07:21:00,36.16999999991994,-86.82000000025143
20260571781_11,20260571781,DISPATCHED,OPEN,Open,N 11TH ST,"PARKING LOT, GARAGE",23F,BURGLARY- MOTOR VEHICLE,CLUB,No,I,INDIVIDUAL (18 AND OVER),M,W,Non-Hispanic,,2026-09-22 06:47:00,2026-09-22 07:10:00,36.18000000021363,-86.74999999985195
20260571429_11,20260571429,DISPATCHED,OPEN,Open,OLD HICKORY BLVD,APARTMENT,740,TRANSPORT,HANDGUN,No,I,INDIVIDUAL (18 AND OVER),F,W,Non-Hispanic,,2026-09-22 00:00:00,2026-09-22 06:33:00,36.16999999991994,-86.60000000002253
20260571289_11,20260571289,DISPATCHED,UNFOUNDED,Closed,500 500,"RESIDENCE, HOME",740,TRANSPORT,,No,I,INDIVIDUAL (18 AND OVER),M,W,Non-Hispanic,37214,2026-09-21 22:40:00,2026-09-22 05:32:00,36.151000000010846,-86.6670000001739
20260571646_11,20260571646,SUSPECT,PROSECUTION DECLINED,Closed,837 837,"HIGHWAY, ROAD, ALLEY",35A,MARIJUANA - POSSESS,NONE,No,S,SOCIETY,,,,37217,2026-09-22 04:49:00,2026-09-22 05:21:00,36.13700000019328,-86.70000000020825
20260571277_11,20260571277,DISPATCHED,CLEARED BY ARREST,Closed,112 112,"RESIDENCE, HOME",13B,SIMPLE ASSLT,PERSONAL (HANDS),Yes,I,INDIVIDUAL (18 AND OVER),F,B,Non-Hispanic,37218,2026-09-22 00:50:00,2026-09-22 05:15:00,36.21199999983783,-86.83499999969537
20260571256_11,20260571256,DISPATCHED,CLEARED BY ARREST,Closed,2050 2050,"DEPARTMENT, DISCOUNT STORE",26A,FRAUD - SWINDLE,,No,B,BUSINESS,,,,37072,2026-09-22 00:44:00,2026-09-22 04:22:00,36.30199999997265,-86.69299999962931
20260571354_11,20260571354,DISPATCHED,OPEN,Open,ED TEMPLE BLVD,"PARKING LOT, GARAGE",13A,"Assault, Aggravated - Deadly Weapon - Int/Kn",HANDGUN,No,I,INDIVIDUAL (18 AND OVER),M,B,Non-Hispanic,,2026-09-22 01:50:00,2026-09-22 04:20:00,36.19000000021294,-86.82000000025143
20260571354_22,20260571354,DISPATCHED,OPEN,Open,ED TEMPLE BLVD,"PARKING LOT, GARAGE",520,"WEAPON OFFENSE, CRIMINAL ATTEMPT",HANDGUN,No,S,SOCIETY,,,,,2026-09-22 01:50:00,2026-09-22 04:20:00,36.19000000021294,-86.82000000025143
20260571439_11,20260571439,DISPATCHED,UNFOUNDED,Closed,130 130,"PARKING LOT, GARAGE",740,TRANSPORT,NONE,No,I,INDIVIDUAL (18 AND OVER),M,B,Non-Hispanic,37207,2026-09-22 02:00:00,2026-09-22 04:17:00,36.20599999976586,-86.77099999979211
20260571413_11,20260571413,DISPATCHED,CLEARED BY ARREST,Closed,3010 3010,"DEPARTMENT, DISCOUNT STORE",23C,SHOPLIFTING,NONE,No,B,BUSINESS,,,,37203,2026-09-22 02:00:00,2026-09-22 04:00:00,36.14300000034089,-86.8149999998379
20260571438_11,20260571438,DISPATCHED,UNFOUNDED,Closed, & ,"RESIDENCE, HOME",740,TRANSPORT,NONE,Yes,I,INDIVIDUAL (18 AND OVER),F,W,Non-Hispanic,37013,2026-09-22 02:30:00,2026-09-22 03:50:00,,
20260571443_11,20260571443,SUSPECT,OPEN,Open,DICKERSON PIKE,"PARKING LOT, GARAGE",35A,"DISPENSE PRESCRIPTION DRUG, VOID REGIS. NUMBER",NONE,No,S,SOCIETY,,,,,2026-09-22 02:59:00,2026-09-22 03:42:00,36.209999999706326,-86.76999999970943
20260571443_21,20260571443,SUSPECT,OPEN,Open,DICKERSON PIKE,"PARKING LOT, GARAGE",35B,DRUG PARAPHERNALIA- UNLAWFUL USE,NONE,No,S,SOCIETY,,,,,2026-09-22 02:59:00,2026-09-22 03:42:00,36.209999999706326,-86.76999999970943
20260571358_11,20260571358,DISPATCHED,UNFOUNDED,Closed,717 717,APARTMENT,740,TRANSPORT,,No,I,INDIVIDUAL (18 AND OVER),F,W,Non-Hispanic,37217,2026-09-22 01:55:00,2026-09-22 03:34:00,36.13700000019328,-86.72400000039654
20260571450_11,20260571450,DISPATCHED,OPEN,Open,HIGHWAY 70  S,"DEPARTMENT, DISCOUNT STORE",23C,"THEFT OF MERCHANDISE- $1,000 OR LESS",NONE,No,B,BUSINESS,,,,,2026-09-22 02:15:00,2026-09-22 03:14:00,36.0800000001956,-86.95000000022335
20260571375_11,20260571375,DISPATCHED,OPEN,Open,SPLIT OAK TRL,"RESIDENCE, HOME",220,BURGLARY - AGGRAVATED,NONE,No,I,INDIVIDUAL (18 AND OVER),M,W,Non-Hispanic,,2026-09-19 20:00:00,2026-09-22 03:09:00,36.0800000001956,-86.65999999959497
20260571375_12,20260571375,DISPATCHED,OPEN,Open,SPLIT OAK TRL,"RESIDENCE, HOME",220,BURGLARY - AGGRAVATED,NONE,No,I,INDIVIDUAL (18 AND OVER),M,B,Non-Hispanic,,2026-09-19 20:00:00,2026-09-22 03:09:00,36.0800000001956,-86.65999999959497
20260571013_11,20260571013,DISPATCHED,UNFOUNDED,Closed,301 301,APARTMENT,740,TRANSPORT,LETHAL/CUTTING INSTRUMENT,No,I,INDIVIDUAL (18 AND OVER),M,B,Non-Hispanic,37203,2026-09-21 22:00:00,2026-09-22 03:07:00,36.14699999988796,-86.8149999998379
20260571391_11,20260571391,,UNFOUNDED,Closed,4040 4040,"DEPARTMENT, DISCOUNT STORE",810,LOST PROPERTY,NONE,No,I,INDIVIDUAL (18 AND OVER),F,W,Non-Hispanic,37211,2026-09-22 01:30:00,2026-09-22 03:04:00,36.0829999998826,-86.72400000039654
20260571340_11,20260571340,DISPATCHED,OPEN,Open,NOLENSVILLE,"HIGHWAY, ROAD, ALLEY",290,"VANDALISM - GOVT. PROPERTY < $2,500",PERSONAL (HANDS),No,G,GOVERNMENT,,,,,2026-09-22 02:29:00,2026-09-22 02:29:00,36.05000000025906,-86.71000000013699
20260571317_11,20260571317,DISPATCHED,UNFOUNDED,Closed,1717 1717,RESTAURANT,780,"RECOVERY, STOLEN PROPERTY",NONE,No,I,INDIVIDUAL (18 AND OVER),M,W,Non-Hispanic,37203,2026-09-21 21:30:00,2026-09-22 02:13:00,36.15800000035669,-86.79900000031124
20260571218_11,20260571218,DISPATCHED,OPEN,Open,VIVELLE,"RESIDENCE, HOME",13C,ASSAULT- FEAR OF BODILY INJURY,,No,I,INDIVIDUAL (18 AND OVER),F,W,Non-Hispanic,,2026-09-21 22:35:00,2026-09-22 02:06:00,,
20260571246_11,20260571246,DISPATCHED,OPEN,Open,UNDERWOOD ST,"RESIDENCE, HOME",26E,"TELECOMMUNICATIONS THEFT- $1,000 OR LESS",NONE,No,I,INDIVIDUAL (18 AND OVER),M,B,Non-Hispanic,,2026-08-30 17:00:00,2026-09-22 01:59:00,36.16999999991994,-86.81000000032267
20260571216_11,20260571216,DISPATCHED,UNFOUNDED,Closed,5089 5089,"RESIDENCE, HOME",740,TRANSPORT,NONE,No,I,INDIVIDUAL (18 AND OVER),F,W,Non-Hispanic,37013,2026-09-22 00:23:00,2026-09-22 01:57:00,36.06500000003844,-86.58100000024776
20260571327_11,20260571327,DISPATCHED,OPEN,Open,PATRICIA DR,APARTMENT,290,"VANDALISM- $1,000 OR LESS",NONE,No,B,BUSINESS,,,,,2026-09-22 01:05:00,2026-09-22 01:56:00,36.12999999970263,-86.71000000013699
20260571285_11,20260571285,DISPATCHED,OPEN,Open,EVERGREEN RIDGE PT,"RESIDENCE, HOME",23G,LARC - PARTS FROM VEH,,No,I,INDIVIDUAL (18 AND OVER),M,W,Hispanic,,2026-09-18 00:00:00,2026-09-22 01:25:00,36.09000000018983,-86.65999999959497
20260571266_11,20260571266,DISPATCHED,UNFOUNDED,Closed,300 300,"BAR, NIGHT CLUB",810,LOST PROPERTY,NONE,No,I,INDIVIDUAL (18 AND OVER),F,W,Non-Hispanic,37201,2026-09-20 04:30:00,2026-09-22 01:24:00,36.16399999986469,-86.77800000037105
20260571230_11,20260571230,DISPATCHED,OPEN,Open,CANTON PASS,"RESIDENCE, HOME",26C,CRIMINAL IMPERSONATION,NONE,No,I,INDIVIDUAL (18 AND OVER),M,B,Non-Hispanic,,2026-09-21 20:30:00,2026-09-22 00:58:00,36.23999999981472,-86.68000000035076
20260571189_11,20260571189,SUSPECT,OPEN,Open,E THOMPSON LN,"PARKING LOT, GARAGE",240,VEHICLE THEFT,NONE,No,I,INDIVIDUAL (18 AND OVER),M,W,Non-Hispanic,,2026-09-22 00:46:00,2026-09-22 00:46:00,36.10999999969955,-86.72999999999446
20260571189_22,20260571189,SUSPECT,OPEN,Open,E THOMPSON LN,"PARKING LOT, GARAGE",23F,BURGLARY- MOTOR VEHICLE,NONE,No,I,INDIVIDUAL (18 AND OVER),M,A,Non-Hispanic,,2026-09-22 00:46:00,2026-09-22 00:46:00,36.10999999969955,-86.72999999999446
20260571205_11,20260571205,DISPATCHED,OPEN,Open,ELM HILL PIKE,APARTMENT,90Z,HARRASSMENT (NUISANCE),NONE,No,I,INDIVIDUAL (18 AND OVER),F,I,Non-Hispanic,,2026-09-22 00:01:00,2026-09-22 00:31:00,36.15000000024567,-86.70000000020825
20260571160_11,20260571160,DISPATCHED,UNFOUNDED,Closed,4973 4973,"RESIDENCE, HOME",740,POLICE INQUIRY,NONE,No,I,INDIVIDUAL (18 AND OVER),F,W,Non-Hispanic,37013,2026-09-21 23:30:00,2026-09-22 00:30:00,36.05700000020672,-86.68599999994869
20260571032_11,20260571032,DISPATCHED,OPEN,Open,BERKLEY DR,APARTMENT,13B,SIMPLE ASSLT,PERSONAL (HANDS),Yes,I,INDIVIDUAL (18 AND OVER),F,W,Non-Hispanic,,2026-09-19 04:00:00,2026-09-21 23:56:00,36.25000000002025,-86.72000000006571
20260571082_11,20260571082,SUSPECT,UNFOUNDED,Closed,LARGO DR & TRAVELERS INN DR,"HIGHWAY, ROAD, ALLEY",715,FOUND PROPERTY,NONE,No,I,INDIVIDUAL (18 AND OVER),M,W,Hispanic,37211,2026-09-21 23:49:00,2026-09-21 23:49:00,36.08500000020772,-86.70299999955805
20260570873_11,20260570873,DISPATCHED,CLEARED BY ARREST,Closed,344 344,APARTMENT,100,"KIDNAPPING, CRIMINAL ATTEMPT",MOTOR VEHICLE,Yes,I,INDIVIDUAL (18 AND OVER),M,W,Non-Hispanic,37217,2026-09-21 20:00:00,2026-09-21 23:47:00,36.07799999973529,-86.63400000013957
20260571110_11,20260571110,DISPATCHED,OPEN,Open,GALLATIN,"DEPARTMENT, DISCOUNT STORE",23C,SHOPLIFTING,,No,B,BUSINESS,,,,,2026-09-21 22:47:00,2026-09-21 23:43:00,36.30999999970611,-86.68000000035076
20260571108_11,20260571108,DISPATCHED,OPEN,Open,BUENA VISTA PIKE,APARTMENT,13B,SIMPLE ASSLT,PERSONAL (HANDS),No,I,INDIVIDUAL (18 AND OVER),F,B,Non-Hispanic,,2026-09-19 03:00:00,2026-09-21 23:40:00,36.20000000001247,-86.83000000018018
20260571104_11,20260571104,SUSPECT,CLEARED BY ARREST,Closed,5800 5800,"PARKING LOT, GARAGE",35A,POSSESSION OF A CONTROLLED SUBSTANCE,NONE,No,S,SOCIETY,,,,37209,2026-09-21 23:15:00,2026-09-21 23:38:00,36.14400000012616,-86.86100000004909
20260571104_21,20260571104,SUSPECT,CLEARED BY ARREST,Closed,5800 5800,"PARKING LOT, GARAGE",35B,DRUG PARAPHERNALIA- UNLAWFUL USE,NONE,No,S,SOCIETY,,,,37209,2026-09-21 23:15:00,2026-09-21 23:38:00,36.14400000012616,-86.86100000004909
20260571122_11,20260571122,DISPATCHED,OPEN,Open,JAMES KAY LN,"RESIDENCE, HOME",13C,"HARASSMENT- CAUSE EMOTIONAL DISTRESS, INTIMIDATE, FRIGHTEN",NONE,No,I,INDIVIDUAL (18 AND OVER),M,W,Non-Hispanic,,2026-09-17 22:16:00,2026-09-21 23:36:00,36.18000000021363,-86.60999999995128
20260571060_11,20260571060,SUSPECT,OPEN,Open,WEST END AVE,"SERVICE, GAS STATION",23C,SHOPLIFTING,NONE,No,B,BUSINESS,,,,,2026-09-21 23:34:00,2026-09-21 23:34:00,36.13999999994927,-86.82000000025143
20260571001_11,20260571001,DISPATCHED,OPEN,Open,STATE ST,APARTMENT,240,VEHICLE THEFT,HANDGUN,No,I,INDIVIDUAL (18 AND OVER),F,B,Non-Hispanic,,2026-09-21 21:19:00,2026-09-21 23:27:00,36.159999999962295,-86.80000000039394
20260571001_12,20260571001,DISPATCHED,OPEN,Open,STATE ST,APARTMENT,240,VEHICLE THEFT,HANDGUN,No,I,INDIVIDUAL (18 AND OVER),F,B,Non-Hispanic,,2026-09-21 21:19:00,2026-09-21 23:27:00,36.159999999962295,-86.80000000039394
20260571062_11,20260571062,DISPATCHED,OPEN,Open,NOLENSVILLE,"PARKING LOT, GARAGE",13B,SIMPLE ASSLT,OTHER,No,I,INDIVIDUAL (18 AND OVER),F,W,Hispanic,,2026-09-21 22:50:00,2026-09-21 23:15:00,36.09000000018983,-86.72999999999446
20260570998_11,20260570998,DISPATCHED,OPEN,Open,FRANKLIN AVE,"RESIDENCE, HOME",220,BURGLARY- AGGRAVATED,NONE,No,I,INDIVIDUAL (18 AND OVER),F,B,Non-Hispanic,,2026-09-21 19:45:00,2026-09-21 23:12:00,36.18000000021363,-86.7399999999232
20260571031_11,20260571031,SUSPECT,UNFOUNDED,Closed,BRICK CHURCH PIKE & RICHMOND HILL DR,"HIGHWAY, ROAD, ALLEY",35A,POSSESSION OF A CONTROLLED SUBSTANCE,NONE,No,S,SOCIETY,,,,37207,2026-09-21 22:44:00,2026-09-21 23:06:00,36.23599999985893,-86.78099999972085
20260571002_11,20260571002,DISPATCHED,OPEN,Open,19TH,APARTMENT,290,DAMAGE PROP - PRIVATE,MOTOR VEHICLE,No,B,BUSINESS,,,,,2026-09-20 07:19:00,2026-09-21 22:57:00,36.15000000024567,-86.80000000039394
20260571010_11,20260571010,DISPATCHED,OPEN,Open,MCMURRAY DR,APARTMENT,220,BURGLARY- AGGRAVATED,,No,I,INDIVIDUAL (18 AND OVER),M,W,Hispanic,,2026-09-21 16:31:00,2026-09-21 22:53:00,36.05000000025906,-86.7399999999232
20260570790_11,20260570790,DISPATCHED,OPEN,Open,RICHARD JONES RD,APARTMENT,13C,"HARASSMENT- CAUSE EMOTIONAL DISTRESS, INTIMIDATE, FRIGHTEN",NONE,No,I,INDIVIDUAL (18 AND OVER),F,B,Non-Hispanic,,2026-08-01 06:00:00,2026-09-21 22:13:00,36.099999999750025,-86.81000000032267
20260570681_11,20260570681,DISPATCHED,OPEN,Open,STOCKELL ST,"HIGHWAY, ROAD, ALLEY",290,DAMAGE PROP - PRIVATE,NONE,No,I,INDIVIDUAL (18 AND OVER),M,W,Unknown,,2026-09-01 17:00:00,2026-09-21 22:13:00,36.19000000021294,-86.76999999970943
20260570943_11,20260570943,DISPATCHED,UNFOUNDED,Closed,410 410,"HIGHWAY, ROAD, ALLEY",810,LOST PROPERTY,NONE,No,I,INDIVIDUAL (18 AND OVER),M,W,Non-Hispanic,37115,2026-09-19 01:00:00,2026-09-21 22:05:00,36.26300000010404,-86.72300000031382
20260570892_11,20260570892,DISPATCHED,UNFOUNDED,Closed,436 436,APARTMENT,810,LOST PROPERTY,NONE,No,I,INDIVIDUAL (18 AND OVER),M,W,Non-Hispanic,37221,2026-09-11 17:00:00,2026-09-21 22:04:00,36.10599999977134,-86.92399999986964
20260570842_11,20260570842,DISPATCHED,OPEN,Open,OLD HICKORY BLVD,APARTMENT,13C,ASSAULT- FEAR OF BODILY INJURY,,No,I,INDIVIDUAL (18 AND OVER),F,W,Non-Hispanic,,2026-09-07 17:00:00,2026-09-21 22:02:00,36.0800000001956,-86.92000000043713
20260570868_11,20260570868,DISPATCHED,UNFOUNDED,Closed,420 420,APARTMENT,740,TRANSPORT,,No,I,INDIVIDUAL (18 AND OVER),F,W,Non-Hispanic,37211,2026-09-21 21:10:00,2026-09-21 22:00:00,36.08800000003139,-86.69599999987742
20260570917_11,20260570917,DISPATCHED,OPEN,Open,CHARLOTTE AVE,"DEPARTMENT, DISCOUNT STORE",23C,SHOPLIFTING,NONE,No,B,BUSINESS,,,,,2026-09-21 21:30:00,2026-09-21 21:54:00,36.159999999962295,-86.80000000039394
20260570916_11,20260570916,DISPATCHED,OPEN,Open,44TH,Auto Dealership New/Used,290,DAMAGE PROP - PRIVATE,Unarmed,No,B,BUSINESS,,,,,2026-09-14 17:00:00,2026-09-21 21:50:00,36.159999999962295,-86.84000000010889
20260570808_11,20260570808,DISPATCHED,OPEN,Open,CHARLOTTE PIKE,"PARKING LOT, GARAGE",780,"RECOVERY, STOLEN PROPERTY",Unarmed,No,I,INDIVIDUAL (18 AND OVER),M,U,Unknown,,2026-09-21 08:28:00,2026-09-21 21:45:00,36.12999999970263,-86.9099999996101
20260570878_11,20260570878,DISPATCHED,OPEN,Open,ANNEX AVE,"PARKING LOT, GARAGE",240,VEHICLE THEFT,NONE,No,I,INDIVIDUAL (18 AND OVER),M,W,Non-Hispanic,,2026-09-17 10:00:00,2026-09-21 21:39:00,36.15000000024567,-86.88999999975259
20260570813_11,20260570813,DISPATCHED,OPEN,Open,HIGHWAY 70  S,"RESIDENCE, HOME",13C,ASSAULT- FEAR OF BODILY INJURY,,No,I,INDIVIDUAL (18 AND OVER),F,W,Non-Hispanic,,2026-09-21 21:39:00,2026-09-21 21:39:00,36.06999999966938,-86.92000000043713
20260570962_11,20260570962,DISPATCHED,UNFOUNDED,Closed,433 433,"RESIDENCE, HOME",740,POLICE INQUIRY,,Yes,I,INDIVIDUAL (18 AND OVER),F,B,Non-Hispanic,37076,2026-09-21 19:50:00,2026-09-21 21:38:00,36.19600000009902,-86.61300000019939
20260570645_11,20260570645,DISPATCHED,OPEN,Open,MONTAGUE,"RESIDENCE, HOME",13B,SIMPLE ASSLT,PERSONAL (HANDS),Yes,I,INDIVIDUAL (18 AND OVER),F,B,Non-Hispanic,,2026-09-21 08:00:00,2026-09-21 21:33:00,36.25000000002025,-86.72000000006571
20260570834_11,20260570834,DISPATCHED,UNFOUNDED,Closed,2108 2108,APARTMENT,810,LOST PROPERTY,NONE,No,I,INDIVIDUAL (18 AND OVER),F,W,Non-Hispanic,37212,2026-08-03 17:00:00,2026-09-21 21:22:00,36.13599999969332,-86.80099999957834
20260570851_11,20260570851,DISPATCHED,OPEN,Open,GALLATIN,"DEPARTMENT, DISCOUNT STORE",23C,SHOPLIFTING,NONE,No,B,BUSINESS,,,,,2026-09-21 18:40:00,2026-09-21 21:20:00,36.30999999970611,-86.69000000027951
20260570755_11,20260570755,DISPATCHED,UNFOUNDED,Closed,717 717,APARTMENT,740,POLICE INQUIRY,NONE,No,I,INDIVIDUAL (18 AND OVER),F,W,Non-Hispanic,37217,2026-09-21 19:48:00,2026-09-21 21:10:00,36.13700000019328,-86.72400000039654
20260570833_11,20260570833,DISPATCHED,OPEN,Open,PORTWAY,"HIGHWAY, ROAD, ALLEY",240,VEHICLE THEFT,,No,I,INDIVIDUAL (18 AND OVER),M,W,Non-Hispanic,,2026-09-20 21:00:00,2026-09-21 21:07:00,36.25999999986106,-86.76999999970943
20260570689_11,20260570689,DISPATCHED,OPEN,Open,CHARLOTTE,"PARKING LOT, GARAGE",240,VEHICLE THEFT,Unarmed,No,I,INDIVIDUAL (18 AND OVER),M,W,Non-Hispanic,,2026-09-21 18:30:00,2026-09-21 21:05:00,36.15000000024567,-86.84000000010889
20260570792_11,20260570792,DISPATCHED,UNFOUNDED,Closed,611 611,"SERVICE, GAS STATION",740,POLICE INQUIRY,NONE,Yes,I,INDIVIDUAL (18 AND OVER),F,B,Non-Hispanic,37209,2026-09-21 20:00:00,2026-09-21 20:59:00,36.1539999996859,-86.84899999995494
20260570632_11,20260570632,DISPATCHED,UNFOUNDED,Closed,3301 3301,APARTMENT,740,TRANSPORT,NONE,No,I,INDIVIDUAL (18 AND OVER),F,B,Non-Hispanic,37207,2026-09-21 18:30:00,2026-09-21 20:55:00,36.23500000031618,-86.76600000027692
20260570515_11,20260570515,DISPATCHED,UNFOUNDED,Closed,625 625,"RESIDENCE, HOME",740,TRANSPORT,NONE,No,I,INDIVIDUAL (18 AND OVER),M,W,Non-Hispanic,37204,2026-09-21 17:18:00,2026-09-21 20:53:00,36.13200000012403,-86.77099999979211
20260570612_11,20260570612,SUSPECT,CLEARED BY ARREST,Closed,6814 6814,"DEPARTMENT, DISCOUNT STORE",23C,"THEFT OF MERCHANDISE 5TH - $1,000 OR LESS",NONE,No,B,BUSINESS,,,,37209,2026-09-21 18:20:00,2026-09-21 20:22:00,36.13399999963893,-86.88999999975259
20260570688_11,20260570688,DISPATCHED,OPEN,Open,22ND AVE N,"RESIDENCE, HOME",35A,DRUGS- DISPENSE ILLEGALLY,NONE,No,S,SOCIETY,,,,,2026-09-21 18:20:00,2026-09-21 20:20:00,36.16999999991994,-86.81000000032267
20260570737_11,20260570737,DISPATCHED,OPEN,Open,THORNTON GROVE BLVD,APARTMENT,23H,LARC - POSTAL,NONE,No,I,INDIVIDUAL (18 AND OVER),M,W,Non-Hispanic,,2026-09-21 10:20:00,2026-09-21 20:19:00,,
20260570728_11,20260570728,DISPATCHED,OPEN,Open,CHARLOTTE PIKE,Pawn Shop,26A,FRAUD - SWINDLE,,No,B,BUSINESS,,,,,2026-09-21 20:07:00,2026-09-21 20:07:00,36.15000000024567,-86.85999999996638
20260570693_11,20260570693,DISPATCHED,OPEN,Open,HEDGEWOOD DR,School-Elementary/Secondary,13C,ASSAULT- FEAR OF BODILY INJURY,,No,I,INDIVIDUAL (18 AND OVER),M,B,Non-Hispanic,,2026-09-21 16:00:00,2026-09-21 20:00:00,36.22999999987656,-86.72000000006571
20260570677_11,20260570677,,OPEN,Open,2ND AVE S,"PARKING LOT, GARAGE",23F,BURGLARY- MOTOR VEHICLE,Unarmed,No,I,INDIVIDUAL (18 AND OVER),M,W,Non-Hispanic,,2026-09-19 00:00:00,2026-09-21 19:59:00,36.159999999962295,-86.76999999970943
20260570722_11,20260570722,WITNESS,UNFOUNDED,Closed,217 217,"HIGHWAY, ROAD, ALLEY",810,LOST PROPERTY,NONE,No,I,INDIVIDUAL (18 AND OVER),M,W,Unknown,37210,2026-09-18 16:00:00,2026-09-21 19:58:00,36.12499999988536,-86.73200000015987
20260570691_11,20260570691,DISPATCHED,UNFOUNDED,Closed,2810 2810,"RESIDENCE, HOME",740,TRANSPORT,NONE,No,I,INDIVIDUAL (18 AND OVER),M,B,Non-Hispanic,37218,2026-09-21 19:19:00,2026-09-21 19:41:00,36.21100000000074,-86.82399999968392
20260570698_11,20260570698,DISPATCHED,OPEN,Open,GRIZZARD AVE,"RESIDENCE, HOME",26C,CRIMINAL IMPERSONATION,NONE,No,I,INDIVIDUAL (18 AND OVER),F,W,Non-Hispanic,,2023-09-01 13:00:00,2026-09-21 19:38:00,36.209999999706326,-86.76999999970943
20260570655_11,20260570655,DISPATCHED,CLEARED BY ARREST,Closed,3217 3217,"RESIDENCE, HOME",850,CONTEMPT - VIOLATION OF PROTECTION ORDER,,Yes,I,INDIVIDUAL (18 AND OVER),F,B,Non-Hispanic,37218,2026-09-21 15:30:00,2026-09-21 19:37:00,36.2170000001132,-86.82800000001475
20260570629_11,20260570629,DISPATCHED,OPEN,Open,IRELAND ST,"RESIDENCE, HOME",26C,CRIMINAL IMPERSONATION,PERSONAL (HANDS),No,I,INDIVIDUAL (18 AND OVER),M,W,Non-Hispanic,,2026-09-01 11:00:00,2026-09-21 19:34:00,36.16999999991994,-86.80000000039394
20260570462_11,20260570462,DISPATCHED,CLEARED BY ARREST,Closed,4304 4304,"RESIDENCE, HOME",13B,SIMPLE ASSLT,PERSONAL (HANDS),Yes,I,INDIVIDUAL (18 AND OVER),F,B,Non-Hispanic,37138,2026-09-21 16:46:00,2026-09-21 19:31:00,36.22899999968266,-86.59100000017649
20260570684_11,20260570684,DISPATCHED,OPEN,Open,8TH,APARTMENT,26C,CRIMINAL IMPERSONATION,NONE,No,I,INDIVIDUAL (18 AND OVER),M,W,Non-Hispanic,,2026-09-11 17:00:00,2026-09-21 19:24:00,36.15000000024567,-86.77999999963816
20260570528_11,20260570528,DISPATCHED,OPEN,Open,PEABODY,APARTMENT,90F,CRIMINAL CONTEMPT-VIOLATION OF ORDER OF PROTECTION,NONE,Yes,I,INDIVIDUAL (18 AND OVER),F,W,Non-Hispanic,,2026-09-21 16:20:00,2026-09-21 19:22:00,36.159999999962295,-86.76999999970943
20260570616_11,20260570616,DISPATCHED,OPEN,Open,OLSEN LN,"RESIDENCE, HOME",23D,LARC - FROM BLDG,PERSONAL (HANDS),No,I,INDIVIDUAL (18 AND OVER),M,B,Non-Hispanic,,2026-07-10 17:00:00,2026-09-21 19:22:00,36.19000000021294,-86.84000000010889
20260570616_12,20260570616,DISPATCHED,OPEN,Open,OLSEN LN,"RESIDENCE, HOME",23D,LARC - FROM BLDG,PERSONAL (HANDS),No,I,INDIVIDUAL (18 AND OVER),F,B,Non-Hispanic,,2026-07-10 17:00:00,2026-09-21 19:22:00,36.19000000021294,-86.84000000010889
20260570657_11,20260570657,DISPATCHED,OPEN,Open,VERNON AVE,"RESIDENCE, HOME",23F,BURGLARY- MOTOR VEHICLE,NONE,No,I,INDIVIDUAL (18 AND OVER),F,W,Non-Hispanic,,2026-09-19 21:30:00,2026-09-21 19:17:00,36.159999999962295,-86.86999999989513
20260570666_11,20260570666,WITNESS,UNFOUNDED,Closed,840 840,"RESIDENCE, HOME",810,LOST PROPERTY,NONE,No,I,INDIVIDUAL (18 AND OVER),F,W,Unknown,,2026-08-12 18:00:00,2026-09-21 19:15:00,36.14800000018361,-86.63199999997416
20260570653_11,20260570653,DISPATCHED,UNFOUNDED,Closed,5655 5655,HOSPITAL,715,FOUND PROPERTY,NONE,No,U,UNKNOWN,U,U,Unknown,37076,2026-09-01 05:00:00,2026-09-21 19:15:00,36.17599999966112,-86.60799999978586
20260570625_11,20260570625,DISPATCHED,OPEN,Open,CAMDEN,"HIGHWAY, ROAD, ALLEY",23H,"THEFT OF PROPERTY- $1,000 OR >  BUT < $10,000",NONE,No,I,INDIVIDUAL (18 AND OVER),M,W,Non-Hispanic,,2026-09-21 10:00:00,2026-09-21 19:14:00,36.12999999970263,-86.75999999978066
20260570674_11,20260570674,,OPEN,Open,,"RESIDENCE, HOME",13C,"HARASSMENT- CAUSE EMOTIONAL DISTRESS, INTIMIDATE, FRIGHTEN",Unarmed,No,I,INDIVIDUAL (18 AND OVER),F,B,Non-Hispanic,,2026-09-19 13:00:00,2026-09-21 19:12:00,,
20260570638_11,20260570638,DISPATCHED,UNFOUNDED,Closed,209 209,"HIGHWAY, ROAD, ALLEY",810,LOST PROPERTY,NONE,No,I,INDIVIDUAL (18 AND OVER),F,W,Non-Hispanic,37201,2026-09-19 23:00:00,2026-09-21 19:03:00,36.162000000041736,-86.77500000012294
20260570618_11,20260570618,SUSPECT,OPEN,Open,ANDREW JACKSON PKWY,"BANK, SAVINGS AND LOAN",26A,FRAUD - SWINDLE,NONE,No,F,FINANCIAL INSTITUTION,,,,,2026-08-19 19:01:00,2026-09-21 19:01:00,36.22000000011304,-86.60000000002253
20260570618_22,20260570618,SUSPECT,OPEN,Open,ANDREW JACKSON PKWY,"BANK, SAVINGS AND LOAN",250,"FORGERY-$1,000 OR LESS",NONE,No,I,INDIVIDUAL (18 AND OVER),M,W,Non-Hispanic,,2026-08-19 19:01:00,2026-09-21 19:01:00,36.22000000011304,-86.60000000002253
20260570627_11,20260570627,DISPATCHED,OPEN,Open,DIVISION,APARTMENT,240,"THEFT OF VEHICLE->$1,000 BUT <$2,500",NONE,No,I,INDIVIDUAL (18 AND OVER),F,A,Non-Hispanic,,2026-09-21 01:00:00,2026-09-21 18:57:00,36.15000000024567,-86.7899999995669
20260570606_11,20260570606,SUSPECT,CLEARED BY ARREST,Closed,200 200,"PARKING LOT, GARAGE",35A,Poss. or Casual Exchange of Meth,NONE,No,S,SOCIETY,,,,37211,2026-09-21 18:25:00,2026-09-21 18:43:00,36.08500000020772,-86.70299999955805
20260570628_11,20260570628,DISPATCHED,UNFOUNDED,Closed,5089 5089,"HIGHWAY, ROAD, ALLEY",740,TRANSPORT,,No,I,INDIVIDUAL (18 AND OVER),F,W,Non-Hispanic,37013,2026-09-21 18:35:00,2026-09-21 18:35:00,36.06500000003844,-86.58100000024776
20260570571_11,20260570571,DISPATCHED,OPEN,Open,8TH AVE S,"PARKING LOT, GARAGE",240,VEHICLE THEFT,NONE,No,B,BUSINESS,,,,,2026-09-21 00:07:00,2026-09-21 18:33:00,36.159999999962295,-86.77999999963816
20260570207_11,20260570207,DISPATCHED,OPEN,Open,NESBITT,"RESIDENCE, HOME",240,VEHICLE THEFT,CLUB,No,I,INDIVIDUAL (18 AND OVER),M,W,Non-Hispanic,,2026-09-20 01:00:00,2026-09-21 18:31:00,36.27000000015372,-86.71000000013699
20260570329_11,20260570329,DISPATCHED,OPEN,Open,OLD FRANKLIN RD,APARTMENT,13B,SIMPLE ASSLT,PERSONAL (HANDS),Yes,I,INDIVIDUAL (18 AND OVER),M,W,Hispanic,,2026-09-21 15:00:00,2026-09-21 18:28:00,36.0399999997254,-86.6399999997375
20260570329_12,20260570329,DISPATCHED,OPEN,Open,OLD FRANKLIN RD,APARTMENT,13B,SIMPLE ASSLT,PERSONAL (HANDS),Yes,I,INDIVIDUAL (18 AND OVER),F,B,Non-Hispanic,,2026-09-21 15:00:00,2026-09-21 18:28:00,36.0399999997254,-86.6399999997375
20260570499_11,20260570499,DISPATCHED,UNFOUNDED,Closed,419 419,"RESIDENCE, HOME",740,TRANSPORT,NONE,No,I,INDIVIDUAL (18 AND OVER),M,B,Non-Hispanic,37207,2026-09-21 17:10:00,2026-09-21 18:21:00,36.23200000030522,-86.78399999996897
20260570585_11,20260570585,DISPATCHED,OPEN,Open,WOODBURY FALLS DR,"HIGHWAY, ROAD, ALLEY",23F,BURGLARY- MOTOR VEHICLE,Unarmed,No,I,INDIVIDUAL (18 AND OVER),M,W,Non-Hispanic,,2026-09-21 01:00:00,2026-09-21 18:19:00,36.09000000018983,-86.92000000043713
20260570585_21,20260570585,DISPATCHED,OPEN,Open,WOODBURY FALLS DR,"HIGHWAY, ROAD, ALLEY",290,DAMAGE PROP - PRIVATE,Unarmed,No,I,INDIVIDUAL (18 AND OVER),M,W,Non-Hispanic,,2026-09-21 01:00:00,2026-09-21 18:19:00,36.09000000018983,-86.92000000043713
20260570594_11,20260570594,DISPATCHED,OPEN,Open,REGATTA,"RESIDENCE, HOME",23H,LARC - POSTAL,NONE,No,I,INDIVIDUAL (18 AND OVER),M,W,Non-Hispanic,,2026-08-01 17:12:00,2026-09-21 18:18:00,36.159999999962295,-86.59000000009381
20260570575_11,20260570575,DISPATCHED,OPEN,Open,REP JOHN LEWIS WAY N,"RESIDENCE, HOME",26A,FRAUD - SWINDLE,NONE,No,I,INDIVIDUAL (18 AND OVER),M,W,Non-Hispanic,,2026-09-21 17:06:00,2026-09-21 18:13:00,36.16999999991994,-86.77999999963816
20260570514_11,20260570514,WITNESS,UNFOUNDED,Closed,3701 3701,"GOVERNMENT, PUBLIC BUILDING",780,"RECOVERY, STOLEN PROPERTY",NONE,No,I,INDIVIDUAL (18 AND OVER),F,W,Non-Hispanic,37076,2026-09-21 17:20:00,2026-09-21 18:09:00,36.17699999991021,-86.6140000002821
20260570493_11,20260570493,DISPATCHED,OPEN,Open,ROWAN DR,"RESIDENCE, HOME",13C,ASSAULT- FEAR OF BODILY INJURY,,No,I,INDIVIDUAL (18 AND OVER),F,B,Non-Hispanic,,2026-09-21 15:24:00,2026-09-21 18:09:00,36.22000000011304,-86.81000000032267
20260570576_11,20260570576,,OPEN,Open,CABOT,APARTMENT,23D,LARC - FROM BLDG,NONE,No,I,INDIVIDUAL (18 AND OVER),F,W,Non-Hispanic,,2026-09-20 14:00:00,2026-09-21 18:04:00,36.12999999970263,-86.89999999968133
20260570519_11,20260570519,DISPATCHED,OPEN,Open,THOMPSON,Auto Dealership New/Used,26C,CRIMINAL IMPERSONATION,NONE,No,I,INDIVIDUAL (18 AND OVER),F,W,Non-Hispanic,,2026-08-27 14:00:00,2026-09-21 17:59:00,36.10999999969955,-86.75999999978066
20260570558_11,20260570558,,UNFOUNDED,Closed,110 110,School-Elementary/Secondary,810,LOST PROPERTY,NONE,No,G,GOVERNMENT,,,,37214,2024-08-12 17:00:00,2026-09-21 17:55:00,36.16699999965114,-86.65700000024518
20260570487_11,20260570487,DISPATCHED,UNFOUNDED,Closed,1349 1349,"RESIDENCE, HOME",740,POLICE INQUIRY,NONE,Yes,I,INDIVIDUAL (18 AND OVER),F,B,Non-Hispanic,37204,2026-09-21 16:27:00,2026-09-21 17:49:00,36.13099999975425,-86.77099999979211
20260570490_11,20260570490,DISPATCHED,OPEN,Open,ROTHWOOD AVE,"RESIDENCE, HOME",23H,LARC - POSTAL,NONE,No,I,INDIVIDUAL (18 AND OVER),M,W,Non-Hispanic,,2026-09-21 17:00:00,2026-09-21 17:46:00,36.25000000002025,-86.70000000020825
20260570524_11,20260570524,DISPATCHED,UNFOUNDED,Closed,GALLATIN PIKE N & MYATT DR,"HIGHWAY, ROAD, ALLEY",810,LOST PROPERTY,NONE,No,B,BUSINESS,,,,37072,2026-09-18 17:00:00,2026-09-21 17:39:00,36.29699999987231,-86.69900000012554
20260570495_11,20260570495,DISPATCHED,OPEN,Open,3RD AVE S,"HOTEL, MOTEL, ETC.",23H,THEFT OF PROPERTY- $500 OR LESS,NONE,No,I,INDIVIDUAL (18 AND OVER),F,W,Non-Hispanic,,2026-09-20 15:30:00,2026-09-21 17:39:00,36.159999999962295,-86.76999999970943
20260570370_11,20260570370,DISPATCHED,OPEN,Open,CHARLOTTE PIKE,"SERVICE, GAS STATION",240,"THEFT OF VEHICLE-2,500 OR > BUT<$10,000",Unarmed,No,I,INDIVIDUAL (18 AND OVER),M,W,Non-Hispanic,,2026-09-21 15:00:00,2026-09-21 17:30:00,36.15000000024567,-86.86999999989513
20260570370_21,20260570370,DISPATCHED,OPEN,Open,CHARLOTTE PIKE,"SERVICE, GAS STATION",290,DAMAGE PROP - BUSINESS,Unarmed,No,I,INDIVIDUAL (18 AND OVER),M,W,Non-Hispanic,,2026-09-21 15:00:00,2026-09-21 17:30:00,36.15000000024567,-86.86999999989513
20260570370_22,20260570370,DISPATCHED,OPEN,Open,CHARLOTTE PIKE,"SERVICE, GAS STATION",290,DAMAGE PROP - BUSINESS,Unarmed,No,B,BUSINESS,,,,,2026-09-21 15:00:00,2026-09-21 17:30:00,36.15000000024567,-86.86999999989513
20260570456_11,20260570456,DISPATCHED,OPEN,Open,CLARKSVILLE PIKE,"RESIDENCE, HOME",240,VEHICLE THEFT,NONE,No,I,INDIVIDUAL (18 AND OVER),F,W,Non-Hispanic,,2026-09-14 16:00:00,2026-09-21 17:27:00,36.23999999981472,-86.83000000018018
20260570476_11,20260570476,DISPATCHED,UNFOUNDED,Closed, & ,"RESIDENCE, HOME",810,LOST PROPERTY,NONE,No,I,INDIVIDUAL (18 AND OVER),F,W,Non-Hispanic,,2026-09-20 05:01:00,2026-09-21 17:26:00,,
20260570504_11,20260570504,,OPEN,Open,BRINK HAVEN AVE,"COMMERCIAL, OFFICE BUILDING",210,EXTORTION,NONE,No,I,INDIVIDUAL (18 AND OVER),M,B,Non-Hispanic,,2026-09-16 01:23:00,2026-09-21 17:15:00,36.25000000002025,-86.72000000006571
20260570465_11,20260570465,,OPEN,Open,BROADWAY,"BAR, NIGHT CLUB",23A,ROBBERY,NONE,No,I,INDIVIDUAL (18 AND OVER),F,W,Non-Hispanic,,2026-09-20 04:30:00,2026-09-21 17:03:00,36.159999999962295,-86.77999999963816
20260570426_11,20260570426,DISPATCHED,OPEN,Open,CANTON,CONSTRUCTION SITE,23H,"THEFT OF PROPERTY->$1,000 BUT <$2,500",NONE,No,B,BUSINESS,,,,,2026-09-18 16:00:00,2026-09-21 16:50:00,36.25000000002025,-86.67000000042204
20260570263_11,20260570263,DISPATCHED,UNFOUNDED,Closed,7201 7201,HOSPITAL,740,TRANSPORT,NONE,No,I,INDIVIDUAL (18 AND OVER),M,B,Non-Hispanic,37221,2026-09-21 14:00:00,2026-09-21 16:44:00,36.07400000013588,-86.92600000003506
20260570128_11,20260570128,DISPATCHED,UNFOUNDED,Closed,510 510,"HIGHWAY, ROAD, ALLEY",740,TRANSPORT,NONE,No,I,INDIVIDUAL (18 AND OVER),M,B,Non-Hispanic,37206,2026-09-21 06:32:00,2026-09-21 16:32:00,36.17200000011699,-86.7640000001115
20260570359_11,20260570359,DISPATCHED,UNFOUNDED,Closed,2905 2905,"HOTEL, MOTEL, ETC.",740,POLICE INQUIRY,NONE,No,I,INDIVIDUAL (18 AND OVER),M,W,Non-Hispanic,37207,2026-09-21 15:35:00,2026-09-21 16:13:00,36.22100000015415,-86.76199999994608
20260570379_11,20260570379,DISPATCHED,OPEN,Open,ALLIED DR,"PARKING LOT, GARAGE",23H,"THEFT OF PROPERTY->$1,000 BUT <$2,500",NONE,No,B,BUSINESS,,,,,2026-09-18 20:00:00,2026-09-21 16:09:00,36.099999999750025,-86.74999999985195
20260570347_11,20260570347,DISPATCHED,OPEN,Open,DELK AVE,"RESIDENCE, HOME",23H,THEFT OF PROPERTY- $500 OR LESS,PERSONAL (HANDS),No,I,INDIVIDUAL (18 AND OVER),M,W,Non-Hispanic,,2026-09-21 14:46:00,2026-09-21 16:07:00,36.18000000021363,-86.82000000025143
20260570390_11,20260570390,,OPEN,Open,MOUNTAIN SPRINGS RD,"DEPARTMENT, DISCOUNT STORE",26B,FRAUD -  ILLEG USE OF CREDIT CARDS,Unarmed,No,B,BUSINESS,,,,,2026-09-18 20:00:00,2026-09-21 16:06:00,36.05000000025906,-86.60999999995128
20260570202_11,20260570202,DISPATCHED,OPEN,Open,BROADWAY,"BAR, NIGHT CLUB",13B,SIMPLE ASSLT,PERSONAL (HANDS),Yes,I,INDIVIDUAL (18 AND OVER),M,W,Non-Hispanic,,2026-05-28 02:00:00,2026-09-21 16:06:00,36.159999999962295,-86.77999999963816
20260570202_21,20260570202,DISPATCHED,OPEN,Open,BROADWAY,"RESIDENCE, HOME",290,"Vandalism- $60,000 or > but < $250,000",PERSONAL (HANDS),Yes,I,INDIVIDUAL (18 AND OVER),M,W,Non-Hispanic,,2026-05-28 02:00:00,2026-09-21 16:06:00,36.159999999962295,-86.77999999963816
20260570377_11,20260570377,,UNFOUNDED,Closed,DONELSON PIKE & I-40E,"HIGHWAY, ROAD, ALLEY",810,LOST PROPERTY,NONE,No,I,INDIVIDUAL (18 AND OVER),M,B,Non-Hispanic,37214,2026-09-19 10:00:00,2026-09-21 16:05:00,,
20260570292_11,20260570292,DISPATCHED,OPEN,Open,LUCILE ST,"RESIDENCE, HOME",13C,ASSAULT- FEAR OF BODILY INJURY,,Yes,I,INDIVIDUAL (18 AND OVER),F,B,Non-Hispanic,,2026-09-21 13:19:00,2026-09-21 16:03:00,36.20000000001247,-86.76999999970943
20260570381_11,20260570381,DISPATCHED,UNFOUNDED,Closed,2719 2719,"RESIDENCE, HOME",810,LOST PROPERTY,,No,I,INDIVIDUAL (18 AND OVER),M,W,Non-Hispanic,37214,2025-09-21 16:00:00,2026-09-21 16:00:00,36.15499999994384,-86.66900000033932
20260570274_11,20260570274,DISPATCHED,OPEN,Open,OLD HICKORY BLVD,APARTMENT,13C,"HARASSMENT- CAUSE EMOTIONAL DISTRESS, INTIMIDATE, FRIGHTEN",NONE,Yes,I,INDIVIDUAL (18 AND OVER),F,B,Non-Hispanic,,2026-09-10 15:40:00,2026-09-21 15:40:00,36.05000000025906,-86.72000000006571
20260570283_11,20260570283,DISPATCHED,OPEN,Open,OAKWOOD,"PARKING LOT, GARAGE",290,"VANDALISM- $1,000 OR LESS",PERSONAL (HANDS),No,I,INDIVIDUAL (18 AND OVER),F,B,Non-Hispanic,,2026-09-18 22:00:00,2026-09-21 15:10:00,36.209999999706326,-86.74999999985195
20260570306_11,20260570306,,OPEN,Open,GALLATIN PIKE S,"PARKING LOT, GARAGE",23H,"THEFT OF PROPERTY- $60,000 OR MORE",Unarmed,No,B,BUSINESS,,,,,2026-09-21 00:21:00,2026-09-21 15:06:00,36.23999999981472,-86.72000000006571
20260570301_11,20260570301,,OPEN,Open,LYNNWOOD BLVD,"RESIDENCE, HOME",23F,BURGLARY- MOTOR VEHICLE,,No,I,INDIVIDUAL (18 AND OVER),M,W,Non-Hispanic,,2026-09-20 06:40:00,2026-09-21 15:03:00,36.0800000001956,-86.85000000003764
20260570291_11,20260570291,DISPATCHED,OPEN,Open,MONACO DR,"RESIDENCE, HOME",240,VEHICLE THEFT,NONE,No,I,INDIVIDUAL (18 AND OVER),F,B,Non-Hispanic,,2026-09-20 23:00:00,2026-09-21 15:00:00,36.209999999706326,-86.60999999995128
20260570296_11,20260570296,DISPATCHED,UNFOUNDED,Closed,307 307,Auto Dealership New/Used,810,LOST PROPERTY,,No,I,INDIVIDUAL (18 AND OVER),F,W,Non-Hispanic,37211,2026-08-01 14:57:00,2026-09-21 14:57:00,36.110999999786046,-86.744000000254
20260570264_11,20260570264,DISPATCHED,OPEN,Open,HICKORY HOLLOW PKWY,"HIGHWAY, ROAD, ALLEY",13B,SIMPLE ASSLT,PERSONAL (HANDS),No,I,INDIVIDUAL (18 AND OVER),F,W,Non-Hispanic,,2026-09-21 14:56:00,2026-09-21 14:56:00,36.05999999996536,-86.67000000042204
20260570262_11,20260570262,DISPATCHED,UNFOUNDED,Closed,8535 8535,"RESIDENCE, HOME",810,LOST PROPERTY,PERSONAL (HANDS),No,I,INDIVIDUAL (18 AND OVER),M,A,Non-Hispanic,37013,2026-09-07 11:00:00,2026-09-21 14:33:00,,
20260570271_11,20260570271,,UNFOUNDED,Closed,1016 1016,"RESIDENCE, HOME",810,LOST PROPERTY,NONE,No,I,INDIVIDUAL (18 AND OVER),M,B,Non-Hispanic,37027,2026-08-15 17:00:00,2026-09-21 14:20:00,35.9939999999929,-86.68299999970057
20260570272_11,20260570272,,UNFOUNDED,Closed,123 123,"HIGHWAY, ROAD, ALLEY",715,FOUND PROPERTY,NONE,No,U,UNKNOWN,U,U,Unknown,37201,2026-09-20 16:30:00,2026-09-21 14:19:00,36.16099999985248,-86.77500000012294
20260570247_11,20260570247,DISPATCHED,OPEN,Open,STEWARTS FERRY,"PARKING LOT, GARAGE",23H,"THEFT OF PROPERTY-$1,000 OR LESS",NONE,No,I,INDIVIDUAL (18 AND OVER),F,B,Non-Hispanic,,2026-09-21 13:00:00,2026-09-21 14:11:00,36.15000000024567,-86.62999999980876
20260569961_11,20260569961,DISPATCHED,UNFOUNDED,Closed,100 100,"RESIDENCE, HOME",740,TRANSPORT,NONE,No,I,INDIVIDUAL (18 AND OVER),F,B,Non-Hispanic,37013,2026-09-21 10:00:00,2026-09-21 14:09:00,,
20260570230_11,20260570230,,OPEN,Open,CHURCH,"PARKING LOT, GARAGE",23F,BURGLARY- MOTOR VEHICLE,Unarmed,No,I,INDIVIDUAL (18 AND OVER),M,W,Non-Hispanic,,2026-09-20 14:00:00,2026-09-21 14:07:00,36.159999999962295,-86.7899999995669
20260570226_11,20260570226,,OPEN,Open,BONNACREEK DR,"RESIDENCE, HOME",26B,FRAUD -  ILLEG USE OF CREDIT CARDS,Unarmed,No,B,BUSINESS,,,,,2026-09-20 11:00:00,2026-09-21 13:48:00,36.19000000021294,-86.62999999980876
20260570067_11,20260570067,DISPATCHED,CLEARED BY ARREST,Closed,5004 5004,"RESIDENCE, HOME",13B,SIMPLE ASSLT,OTHER,Yes,I,INDIVIDUAL (18 AND OVER),M,W,Non-Hispanic,37220,2026-09-21 12:00:00,2026-09-21 13:45:00,36.06899999989852,-86.74600000041943
20260570165_11,20260570165,DISPATCHED,OPEN,Open,NASHBORO BLVD,"PARKING LOT, GARAGE",23H,"THEFT OF PROPERTY- $1,000 OR >  BUT < $10,000",NONE,No,I,INDIVIDUAL (18 AND OVER),M,W,Hispanic,,2026-09-20 15:00:00,2026-09-21 13:34:00,36.09000000018983,-86.6399999997375
20260570188_11,20260570188,,OPEN,Open,TUSCULUM RD,CONVENIENCE STORE,26B,FRAUD -  ILLEG USE OF CREDIT CARDS,,No,B,BUSINESS,,,,,2026-09-20 23:00:00,2026-09-21 13:33:00,36.05000000025906,-86.67000000042204
20260570190_11,20260570190,,OPEN,Open,CHANDLER COVE WAY,"RESIDENCE, HOME",26A,FRAUD - SWINDLE,NONE,No,I,INDIVIDUAL (18 AND OVER),M,W,Non-Hispanic,,2026-09-19 16:00:00,2026-09-21 13:26:00,36.0200000001374,-86.68000000035076
20260566787_11,20260566787,DISPATCHED,UNFOUNDED,Closed,869 869,"RESIDENCE, HOME",690,SUICIDE,HANDGUN,No,I,INDIVIDUAL (18 AND OVER),M,B,Non-Hispanic,37205,2026-09-19 13:23:00,2026-09-21 13:23:00,36.13300000008577,-86.8870000004028
20260570023_11,20260570023,DISPATCHED,OPEN,Open,2ND AVE S,"COMMERCIAL, OFFICE BUILDING",220,BURGL - FORCED ENTRY-NONRESID,NONE,No,B,BUSINESS,,,,,2026-09-21 00:00:00,2026-09-21 13:15:00,36.15000000024567,-86.76999999970943
20260570164_11,20260570164,WITNESS,UNFOUNDED,Closed,4000 4000,APARTMENT,715,FOUND PROPERTY,NONE,No,I,INDIVIDUAL (18 AND OVER),M,W,Non-Hispanic,37209,2026-09-21 12:40:00,2026-09-21 13:10:00,36.16500000022236,-86.83699999986078
20260570124_11,20260570124,,UNFOUNDED,Closed,26 26,"SERVICE, GAS STATION",810,LOST PROPERTY,NONE,No,I,INDIVIDUAL (18 AND OVER),M,B,Non-Hispanic,37013,2026-09-20 22:30:00,2026-09-21 13:01:00,36.05300000031543,-86.67499999993723
20260569967_11,20260569967,DISPATCHED,OPEN,Open,KIRKBROOK CT,"RESIDENCE, HOME",13C,ASSAULT- FEAR OF BODILY INJURY,,Yes,I,INDIVIDUAL (18 AND OVER),M,B,Non-Hispanic,,2026-09-21 11:25:00,2026-09-21 12:44:00,36.06999999966938,-86.98000000000957
20260569939_11,20260569939,DISPATCHED,CLEARED BY ARREST,Closed,3431 3431,"RESIDENCE, HOME",13B,SIMPLE ASSLT,PERSONAL (HANDS),Yes,I,INDIVIDUAL (18 AND OVER),F,A,Non-Hispanic,37209,2026-09-21 11:00:00,2026-09-21 12:35:00,36.15800000035669,-86.82900000009747
20260570053_11,20260570053,,UNFOUNDED,Closed,2760 2760,"RESIDENCE, HOME",810,LOST PROPERTY,NONE,No,G,GOVERNMENT,,,,37013,2026-09-19 05:01:00,2026-09-21 12:25:00,36.06899999989852,-86.63300000005688
20260570100_11,20260570100,DISPATCHED,UNFOUNDED,Closed,340 340,"PARKING LOT, GARAGE",35B,DRUG PARAPHERNALIA- UNLAWFUL USE,NONE,No,S,SOCIETY,,,,37211,2026-09-21 11:00:00,2026-09-21 12:17:00,36.08699999974394,-86.69599999987742
20260569966_11,20260569966,DISPATCHED,OPEN,Open,HARDING PL,CONVENIENCE STORE,23C,SHOPLIFTING,NONE,No,B,BUSINESS,,,,,2026-09-21 11:02:00,2026-09-21 11:56:00,36.09000000018983,-86.70000000020825
20260527221_11,20260527221,DISPATCHED,OPEN,Open,BERKLEY DR,APARTMENT,13B,SIMPLE ASSLT,PERSONAL (HANDS),No,I,INDIVIDUAL (18 AND OVER),M,W,Non-Hispanic,,2026-08-31 09:12:00,2026-09-21 11:31:00,36.25000000002025,-86.72000000006571
20260569457_22,20260569457,DISPATCHED,OPEN,Open,HOBSON,"HIGHWAY, ROAD, ALLEY",520,"WEAPON OFFENSE, CRIMINAL ATTEMPT",Unarmed,No,S,SOCIETY,,,,,2026-09-21 03:15:00,2026-09-21 10:43:00,36.06999999966938,-86.59000000009381
20260569637_11,20260569637,DISPATCHED,CLEARED BY ARREST,Closed,1430 1430,"PARKING LOT, GARAGE",13B,ASSAULT- OFFENSIVE OR PROVOCATIVE CONTACT,PERSONAL (HANDS),Yes,I,INDIVIDUAL (18 AND OVER),F,B,Non-Hispanic,37013,2026-09-21 05:00:00,2026-09-21 10:04:00,36.04500000005651,-86.68599999994869
20260569727_11,20260569727,DISPATCHED,CLEARED BY ARREST,Closed,4929 4929,RENTAL STORAGE FACILITY,13B,SIMPLE ASSLT,PERSONAL (HANDS),Yes,I,INDIVIDUAL (18 AND OVER),F,W,Hispanic,37013,2026-09-21 06:25:00,2026-09-21 09:55:00,36.06199999992648,-86.61699999963191
20260569792_11,20260569792,DISPATCHED,OPEN,Open,HARDING PIKE,"PARKING LOT, GARAGE",23H,"THEFT OF PROPERTY-$1,000 OR LESS",NONE,No,I,INDIVIDUAL (18 AND OVER),M,W,Non-Hispanic,,2026-09-21 08:15:00,2026-09-21 09:53:00,36.12999999970263,-86.84000000010889
20260569684_11,20260569684,DISPATCHED,OPEN,Open,MURFREESBORO PIKE,APARTMENT,13B,SIMPLE ASSLT,PERSONAL (HANDS),Yes,I,INDIVIDUAL (18 AND OVER),F,B,Non-Hispanic,,2026-09-21 06:00:00,2026-09-21 09:36:00,36.12999999970263,-86.72000000006571
20260569805_11,20260569805,DISPATCHED,OPEN,Open,BROADWAY,"BAR, NIGHT CLUB",23H,THEFT OF PROPERTY- $500 OR LESS,NONE,No,I,INDIVIDUAL (18 AND OVER),F,W,Non-Hispanic,,2026-09-21 09:26:00,2026-09-21 09:26:00,36.159999999962295,-86.77999999963816
20260569612_11,20260569612,DISPATCHED,UNFOUNDED,Closed,625 625,APARTMENT,740,POLICE INQUIRY,NONE,Yes,I,INDIVIDUAL (18 AND OVER),F,B,Non-Hispanic,37204,2026-09-21 04:57:00,2026-09-21 09:22:00,36.13200000012403,-86.77099999979211
20260569730_11,20260569730,DISPATCHED,CLEARED BY ARREST,Closed,2141 2141,APARTMENT,13B,ASSAULT- OFFENSIVE OR PROVOCATIVE CONTACT,PERSONAL (HANDS),Yes,I,INDIVIDUAL (18 AND OVER),F,W,Hispanic,37013,2026-09-21 05:10:00,2026-09-21 08:43:00,36.03299999980557,-86.65099999974893
20260569651_14,20260569651,DISPATCHED,CLEARED BY ARREST,Closed,27TH AVE N & POSTON AVE,"HIGHWAY, ROAD, ALLEY",35A,POSSESSION OF A CONTROLLED SUB FOR RESALE,NONE,No,S,SOCIETY,,,,37203,2026-09-21 08:05:00,2026-09-21 08:05:00,36.14699999988796,-86.81199999958979
20260569651_24,20260569651,DISPATCHED,CLEARED BY ARREST,Closed,27TH AVE N & POSTON AVE,"HIGHWAY, ROAD, ALLEY",35B,DRUG PARAPHERNALIA- UNLAWFUL USE,NONE,No,S,SOCIETY,,,,37203,2026-09-21 08:05:00,2026-09-21 08:05:00,36.14699999988796,-86.81199999958979
20260569651_31,20260569651,DISPATCHED,CLEARED BY ARREST,Closed,27TH AVE N & POSTON AVE,"HIGHWAY, ROAD, ALLEY",715,FOUND PROPERTY,NONE,No,I,INDIVIDUAL (18 AND OVER),F,W,Non-Hispanic,37203,2026-09-21 08:05:00,2026-09-21 08:05:00,36.14699999988796,-86.81199999958979
20260569651_32,20260569651,DISPATCHED,CLEARED BY ARREST,Closed,27TH AVE N & POSTON AVE,"HIGHWAY, ROAD, ALLEY",715,FOUND PROPERTY,NONE,No,I,INDIVIDUAL (18 AND OVER),F,B,Non-Hispanic,37203,2026-09-21 08:05:00,2026-09-21 08:05:00,36.14699999988796,-86.81199999958979
20260569651_33,20260569651,DISPATCHED,CLEARED BY ARREST,Closed,27TH AVE N & POSTON AVE,"HIGHWAY, ROAD, ALLEY",715,FOUND PROPERTY,NONE,No,I,INDIVIDUAL (18 AND OVER),U,U,Unknown,37203,2026-09-21 08:05:00,2026-09-21 08:05:00,36.14699999988796,-86.81199999958979
20260569651_35,20260569651,DISPATCHED,CLEARED BY ARREST,Closed,27TH AVE N & POSTON AVE,"HIGHWAY, ROAD, ALLEY",715,FOUND PROPERTY,NONE,No,I,INDIVIDUAL (18 AND OVER),U,U,Unknown,37203,2026-09-21 08:05:00,2026-09-21 08:05:00,36.14699999988796,-86.81199999958979
20260569732_11,20260569732,DISPATCHED,OPEN,Open,DICKERSON,"SERVICE, GAS STATION",23C,SHOPLIFTING,NONE,No,B,BUSINESS,,,,,2026-09-21 06:38:00,2026-09-21 07:58:00,36.25000000002025,-86.75999999978066
20260569710_11,20260569710,DISPATCHED,OPEN,Open,HIGHWAY 70  S,"SERVICE, GAS STATION",13C,ASSAULT- FEAR OF BODILY INJURY,,No,I,INDIVIDUAL (18 AND OVER),M,W,Hispanic,,2026-09-21 06:35:00,2026-09-21 07:26:00,36.06999999966938,-86.93000000036587
20260569699_11,20260569699,DISPATCHED,OPEN,Open,LAFAYETTE,"HIGHWAY, ROAD, ALLEY",13B,SIMPLE ASSLT,PERSONAL (HANDS),No,I,INDIVIDUAL (18 AND OVER),M,W,Non-Hispanic,,2026-09-21 06:30:00,2026-09-21 07:25:00,36.15000000024567,-86.77999999963816
20260569666_13,20260569666,DISPATCHED,UNFOUNDED,Closed,343 343,"RESIDENCE, HOME",715,FOUND PROPERTY,NONE,No,I,INDIVIDUAL (18 AND OVER),M,U,Unknown,37209,2026-09-21 03:50:00,2026-09-21 06:48:00,36.14900000006129,-86.83000000018018
20260569666_21,20260569666,DISPATCHED,UNFOUNDED,Closed,343 343,"RESIDENCE, HOME",780,"RECOVERY, STOLEN PROPERTY",NONE,No,I,INDIVIDUAL (18 AND OVER),F,W,Hispanic,37209,2026-09-21 03:50:00,2026-09-21 06:48:00,36.14900000006129,-86.83000000018018
20260569666_23,20260569666,DISPATCHED,UNFOUNDED,Closed,343 343,"RESIDENCE, HOME",780,"RECOVERY, STOLEN PROPERTY",NONE,No,I,INDIVIDUAL (18 AND OVER),M,U,Unknown,37209,2026-09-21 03:50:00,2026-09-21 06:48:00,36.14900000006129,-86.83000000018018
20260569548_11,20260569548,DISPATCHED,OPEN,Open,SAPGATE,"RESIDENCE, HOME",240,VEHICLE THEFT,NONE,No,I,INDIVIDUAL (18 AND OVER),M,W,Non-Hispanic,,2026-09-20 17:00:00,2026-09-21 06:45:00,36.25000000002025,-86.77999999963816
20260569448_11,20260569448,DISPATCHED,OPEN,Open,OLD HICKORY BLVD,"SERVICE, GAS STATION",23C,"THEFT OF MERCHANDISE- $1,000 OR LESS",NONE,No,B,BUSINESS,,,,,2026-09-21 03:00:00,2026-09-21 06:35:00,36.16999999991994,-86.60000000002253
20260569629_11,20260569629,DISPATCHED,UNFOUNDED,Closed,5701 5701,"RESIDENCE, HOME",740,POLICE INQUIRY,NONE,No,I,INDIVIDUAL (18 AND OVER),M,U,Unknown,37205,2026-09-21 05:00:00,2026-09-21 06:29:00,36.127999999830735,-86.85599999963556
20260569689_11,20260569689,DISPATCHED,OPEN,Open,BROADWAY,Arena/Stadium/Fairgrounds/Coliseum,13B,ASSAULT- OFFENSIVE OR PROVOCATIVE CONTACT,PERSONAL (HANDS),No,I,INDIVIDUAL (18 AND OVER),M,W,Non-Hispanic,,2026-09-21 02:00:00,2026-09-21 06:26:00,36.159999999962295,-86.77999999963816
20260569632_11,20260569632,SUSPECT,OPEN,Open,BRICK CHURCH PIKE,"HIGHWAY, ROAD, ALLEY",35A,MARIJUANA - POSSESS,NONE,No,S,SOCIETY,,,,,2026-09-21 05:22:00,2026-09-21 06:11:00,36.209999999706326,-86.77999999963816
20260569632_21,20260569632,SUSPECT,OPEN,Open,BRICK CHURCH PIKE,"HIGHWAY, ROAD, ALLEY",35B,DRUG PARAPHERNALIA- UNLAWFUL USE,NONE,No,S,SOCIETY,,,,,2026-09-21 05:22:00,2026-09-21 06:11:00,36.209999999706326,-86.77999999963816
20260568217_11,20260568217,DISPATCHED,OPEN,Open,NEELYS BEND RD,"RESIDENCE, HOME",13B,ASSAULT- OFFENSIVE OR PROVOCATIVE CONTACT,PERSONAL (HANDS),Yes,I,INDIVIDUAL (18 AND OVER),F,W,Non-Hispanic,,2026-09-15 03:00:00,2026-09-21 06:03:00,36.25999999986106,-86.71000000013699
20260569450_11,20260569450,DISPATCHED,OPEN,Open,NOLENSVILLE,"PARKING LOT, GARAGE",240,VEHICLE THEFT,NONE,No,I,INDIVIDUAL (18 AND OVER),M,W,Hispanic,,2026-09-21 01:50:00,2026-09-21 05:56:00,36.0800000001956,-86.72999999999446
20260569450_22,20260569450,DISPATCHED,OPEN,Open,NOLENSVILLE,"PARKING LOT, GARAGE",290,DAMAGE PROP - PRIVATE,Unarmed,No,I,INDIVIDUAL (18 AND OVER),M,W,Hispanic,,2026-09-21 01:50:00,2026-09-21 05:56:00,36.0800000001956,-86.72999999999446
20260569366_11,20260569366,DISPATCHED,OPEN,Open,DICKERSON,"PARKING LOT, GARAGE",23F,BURGLARY - MOTOR VEHICLE,NONE,No,I,INDIVIDUAL (18 AND OVER),F,B,Non-Hispanic,,2026-09-20 19:00:00,2026-09-21 05:29:00,36.19000000021294,-86.76999999970943
20260569572_11,20260569572,SUSPECT,OPEN,Open,HARDING PL,CONVENIENCE STORE,780,"RECOVERY, STOLEN PROPERTY",NONE,No,I,INDIVIDUAL (18 AND OVER),M,W,Hispanic,,2026-09-21 04:36:00,2026-09-21 05:26:00,36.09000000018983,-86.70000000020825
20260569415_11,20260569415,DISPATCHED,OPEN,Open,SKIP JACK,"RESIDENCE, HOME",13C,ASSAULT- FEAR OF BODILY INJURY,,Yes,I,INDIVIDUAL (18 AND OVER),F,B,Non-Hispanic,,2026-09-21 02:30:00,2026-09-21 05:18:00,36.05999999996536,-86.58000000016507
20260569516_11,20260569516,DISPATCHED,CLEARED BY ARREST,Closed,4105 4105,"RESIDENCE, HOME",13B,SIMPLE ASSLT,PERSONAL (HANDS),Yes,I,INDIVIDUAL (18 AND OVER),F,W,Hispanic,37013,2026-09-21 03:40:00,2026-09-21 05:02:00,36.06199999992648,-86.68199999961786
20260569487_11,20260569487,DISPATCHED,UNFOUNDED,Closed,1110 1110,"RESIDENCE, HOME",13B,SIMPLE ASSLT,PERSONAL (HANDS),Yes,I,INDIVIDUAL (18 AND OVER),F,B,Non-Hispanic,37216,2026-09-21 03:30:00,2026-09-21 04:55:00,36.20500000009323,-86.73699999967509
20260569557_11,20260569557,DISPATCHED,UNFOUNDED,Closed,2810 2810,"RESIDENCE, HOME",740,POLICE INQUIRY,NONE,No,I,INDIVIDUAL (18 AND OVER),M,W,Non-Hispanic,37218,2026-09-21 03:00:00,2026-09-21 04:49:00,36.21100000000074,-86.82399999968392
20260569386_11,20260569386,DISPATCHED,OPEN,Open,LINBAR DR,"PARKING LOT, GARAGE",13B,SIMPLE ASSLT,PERSONAL (HANDS),No,I,INDIVIDUAL (18 AND OVER),F,W,Hispanic,,2026-09-21 00:40:00,2026-09-21 04:40:00,36.0800000001956,-86.70000000020825
20260569442_11,20260569442,DISPATCHED,CLEARED BY ARREST,Closed,100 100,"PARKING LOT, GARAGE",780,"RECOVERY, STOLEN PROPERTY",NONE,No,I,INDIVIDUAL (18 AND OVER),F,W,Non-Hispanic,37207,2026-09-21 03:11:00,2026-09-21 04:16:00,36.20599999976586,-86.76899999962671
20260569442_22,20260569442,DISPATCHED,CLEARED BY ARREST,Closed,100 100,"PARKING LOT, GARAGE",35A,POSSESSION OF A CONTROLLED SUBSTANCE,NONE,No,S,SOCIETY,,,,37207,2026-09-21 03:11:00,2026-09-21 04:16:00,36.20599999976586,-86.76899999962671
20260569338_11,20260569338,DISPATCHED,CLEARED BY ARREST,Closed,3117 3117,"RESIDENCE, HOME",13B,ASSAULT- OFFENSIVE OR PROVOCATIVE CONTACT,PERSONAL (HANDS),Yes,I,INDIVIDUAL (18 AND OVER),F,B,Non-Hispanic,37207,2026-09-21 01:46:00,2026-09-21 04:07:00,36.23599999985893,-86.77700000028835
20260569324_11,20260569324,DISPATCHED,OPEN,Open,,"HIGHWAY, ROAD, ALLEY",13B,SIMPLE ASSLT,PERSONAL (HANDS),Yes,I,INDIVIDUAL (18 AND OVER),F,W,Non-Hispanic,,2026-09-21 01:15:00,2026-09-21 04:04:00,,
20260569420_11,20260569420,DISPATCHED,OPEN,Open,APACHE TRL,"PARKING LOT, GARAGE",290,"VANDALISM- $2,500 OR > BUT < $10,000",NONE,No,I,INDIVIDUAL (18 AND OVER),F,B,Non-Hispanic,,2026-09-21 00:27:00,2026-09-21 03:50:00,36.06999999966938,-86.69000000027951
20260569489_11,20260569489,DISPATCHED,OPEN,Open,MASSMAN DR,"RESIDENCE, HOME",13C,ASSAULT- FEAR OF BODILY INJURY,,Yes,I,INDIVIDUAL (18 AND OVER),F,W,Non-Hispanic,,2026-09-20 23:00:00,2026-09-21 03:46:00,36.12999999970263,-86.70000000020825
20260569274_11,20260569274,DISPATCHED,CLEARED BY ARREST,Closed,1038 1038,Park/Playground,520,"WEAPON OFFENSE, CRIMINAL ATTEMPT",HANDGUN,No,S,SOCIETY,,,,37208,2026-09-21 00:54:00,2026-09-21 03:46:00,36.16699999965114,-86.82000000025143
20260569353_11,20260569353,DISPATCHED,OPEN,Open,DICKERSON PIKE,"PARKING LOT, GARAGE",23F,BURGLARY- MOTOR VEHICLE,NONE,No,I,INDIVIDUAL (18 AND OVER),F,B,Non-Hispanic,,2026-09-21 01:40:00,2026-09-21 03:43:00,36.25000000002025,-86.75999999978066
20260569460_11,20260569460,DISPATCHED,UNFOUNDED,Closed,5101 5101,"PARKING LOT, GARAGE",810,LOST PROPERTY,,No,G,GOVERNMENT,,,,37211,2026-09-21 03:00:00,2026-09-21 03:35:00,36.08899999993821,-86.68700000003139
20260569240_11,20260569240,DISPATCHED,OPEN,Open,MOUNTAIN VALLEY BND,"RESIDENCE, HOME",23H,"THEFT OF PROPERTY-$1,000 OR LESS",PERSONAL (HANDS),No,I,INDIVIDUAL (18 AND OVER),F,B,Non-Hispanic,,2026-09-19 13:30:00,2026-09-21 03:34:00,36.099999999750025,-86.93000000036587
20260567831_11,20260567831,DISPATCHED,CLEARED BY ARREST,Closed,408 408,"RESIDENCE, HOME",290,"VANDALISM- $1,000 OR LESS",NONE,No,I,INDIVIDUAL (18 AND OVER),F,B,Non-Hispanic,37207,2026-09-20 03:38:00,2026-09-21 03:26:00,36.21100000000074,-86.7890000003825
20260569405_11,20260569405,DISPATCHED,OPEN,Open,REP JOHN LEWIS WAY N,"PARKING LOT, GARAGE",23F,BURGLARY- MOTOR VEHICLE,NONE,No,I,INDIVIDUAL (18 AND OVER),F,W,Non-Hispanic,,2026-09-20 23:15:00,2026-09-21 03:14:00,36.16999999991994,-86.77999999963816
20260569259_11,20260569259,DISPATCHED,OPEN,Open,CLARKSVILLE PIKE,"PARKING LOT, GARAGE",120,ROBBERY,PERSONAL (HANDS),No,I,INDIVIDUAL (18 AND OVER),M,W,Non-Hispanic,,2026-09-21 00:30:00,2026-09-21 03:07:00,36.19000000021294,-86.82000000025143
20260568853_11,20260568853,DISPATCHED,OPEN,Open,BROADWAY,"BAR, NIGHT CLUB",13B,SIMPLE ASSLT,PERSONAL (HANDS),No,I,INDIVIDUAL (18 AND OVER),M,W,Non-Hispanic,,2026-09-20 19:00:00,2026-09-21 03:01:00,36.159999999962295,-86.76999999970943
20260569370_11,20260569370,DISPATCHED,OPEN,Open,MERIDIAN,"PARKING LOT, GARAGE",23F,BURGLARY- MOTOR VEHICLE,NONE,No,I,INDIVIDUAL (18 AND OVER),F,B,Non-Hispanic,,2026-09-20 22:30:00,2026-09-21 02:54:00,36.20000000001247,-86.76999999970943
20260569374_11,20260569374,DISPATCHED,OPEN,Open,REP JOHN LEWIS,"PARKING LOT, GARAGE",23F,BURGLARY- MOTOR VEHICLE,NONE,No,I,INDIVIDUAL (18 AND OVER),M,W,Non-Hispanic,,2026-09-20 23:49:00,2026-09-21 02:48:00,36.159999999962295,-86.77999999963816
20260569374_12,20260569374,DISPATCHED,OPEN,Open,REP JOHN LEWIS,"PARKING LOT, GARAGE",23F,BURGLARY- MOTOR VEHICLE,NONE,No,I,INDIVIDUAL (18 AND OVER),M,W,Non-Hispanic,,2026-09-20 23:49:00,2026-09-21 02:48:00,36.159999999962295,-86.77999999963816
20260569351_11,20260569351,DISPATCHED,OPEN,Open,FRANKLIN DR,"RESIDENCE, HOME",13C,ASSAULT- FEAR OF BODILY INJURY,,Yes,I,INDIVIDUAL (18 AND OVER),F,W,Non-Hispanic,,2026-09-21 02:04:00,2026-09-21 02:37:00,36.159999999962295,-86.86999999989513
20260569216_11,20260569216,DISPATCHED,OPEN,Open,16TH AVE N,APARTMENT,13C,ASSAULT- FEAR OF BODILY INJURY,,Yes,I,INDIVIDUAL (18 AND OVER),F,B,Non-Hispanic,,2026-09-20 20:00:00,2026-09-21 02:34:00,36.159999999962295,-86.80000000039394
20260569339_11,20260569339,DISPATCHED,OPEN,Open,E WEBSTER ST,APARTMENT,13B,SIMPLE ASSLT,NONE,Yes,I,INDIVIDUAL (18 AND OVER),F,B,Non-Hispanic,,2026-09-21 02:27:00,2026-09-21 02:27:00,36.25000000002025,-86.71000000013699
20260568874_11,20260568874,DISPATCHED,CLEARED BY ARREST,Closed,3008 3008,"RESIDENCE, HOME",520,"WEAPON - FELON-POSS-FIREARM(VIOLENCE, DEADLY WEAPON)",RIFLE,No,S,SOCIETY,,,,37209,2026-09-20 17:00:00,2026-09-21 02:10:00,36.15899999964666,-86.82399999968392
20260569332_11,20260569332,DISPATCHED,OPEN,Open,MYATT,"DEPARTMENT, DISCOUNT STORE",23C,SHOPLIFTING,NONE,No,B,BUSINESS,,,,,2026-09-21 00:20:00,2026-09-21 02:05:00,36.28000000026564,-86.69000000027951
20260568071_11,20260568071,SUSPECT,CLEARED BY ARREST,Closed,BROADWAY & REP JOHN LEWIS WAY N,"HIGHWAY, ROAD, ALLEY",290,"VANDALISM - GOVT. PROPERTY < $2,500",,No,G,GOVERNMENT,,,,37203,2026-09-20 05:55:00,2026-09-21 02:00:00,36.159999999962295,-86.77800000037105
20260569165_11,20260569165,DISPATCHED,OPEN,Open,ELAINE DR,"RESIDENCE, HOME",13A,"Assault, Aggravated - Deadly Weapon - Int/Kn",LETHAL/CUTTING INSTRUMENT,No,I,INDIVIDUAL (18 AND OVER),M,B,Non-Hispanic,,2026-09-20 22:11:00,2026-09-21 01:54:00,36.0800000001956,-86.74999999985195
20260569219_11,20260569219,DISPATCHED,OPEN,Open,DICKERSON PIKE,"RESIDENCE, HOME",13B,SIMPLE ASSLT,PERSONAL (HANDS),Yes,I,INDIVIDUAL (18 AND OVER),M,W,Hispanic,,2026-09-20 23:30:00,2026-09-21 01:45:00,36.22000000011304,-86.75999999978066
20260568240_11,20260568240,DISPATCHED,UNFOUNDED,Closed,324 324,RESTAURANT,35B,DRUG PARAPHERNALIA- UNLAWFUL USE,NONE,No,S,SOCIETY,,,,37211,2026-09-20 09:00:00,2026-09-21 01:43:00,36.08699999974394,-86.69399999971202
20260569248_11,20260569248,DISPATCHED,OPEN,Open,36TH AVE N,"HIGHWAY, ROAD, ALLEY",780,"RECOVERY, STOLEN PROPERTY",NONE,No,I,INDIVIDUAL (18 AND OVER),F,W,Non-Hispanic,,2026-09-20 21:00:00,2026-09-21 00:52:00,36.13999999994927,-86.83000000018018
20260569163_11,20260569163,DISPATCHED,OPEN,Open,DELLWAY VILLA RD,APARTMENT,13B,SIMPLE ASSLT,PERSONAL (HANDS),No,I,INDIVIDUAL (18 AND OVER),M,B,Non-Hispanic,,2026-09-20 22:00:00,2026-09-21 00:36:00,36.209999999706326,-86.75999999978066
20260569218_11,20260569218,DISPATCHED,OPEN,Open,HIGHWAY 70  S,"GROCERY, SUPERMARKET",23C,SHOPLIFTING,NONE,No,B,BUSINESS,,,,,2026-09-19 18:51:00,2026-09-21 00:14:00,36.0800000001956,-86.95000000022335
20260569201_11,20260569201,DISPATCHED,OPEN,Open,SUMMERCREST TRL,"RESIDENCE, HOME",23F,BURGLARY- MOTOR VEHICLE,NONE,No,I,INDIVIDUAL (18 AND OVER),M,W,Non-Hispanic,,2026-09-20 01:00:00,2026-09-21 00:07:00,36.0399999997254,-86.61999999988002
20260569171_11,20260569171,DISPATCHED,CLEARED BY ARREST,Closed,141 141,"HIGHWAY, ROAD, ALLEY",35A,DRUG FREE SCH.ZONE-CONT.SUB.-SCH. IV,,No,S,SOCIETY,,,,37205,2026-09-20 23:00:00,2026-09-20 23:52:00,36.13700000019328,-86.82299999960124
20260569197_11,20260569197,DISPATCHED,OPEN,Open,GALLATIN AVE,SPECIALTY STORE,23C,SHOPLIFTING,,No,B,BUSINESS,,,,,2026-09-20 23:40:00,2026-09-20 23:48:00,36.20000000001247,-86.7399999999232
20260569128_11,20260569128,DISPATCHED,OPEN,Open,HAMPTON ST,"HOTEL, MOTEL, ETC.",35B,DRUG PARAPHERNALIA- UNLAWFUL USE,NONE,No,S,SOCIETY,,,,,2026-09-20 23:28:00,2026-09-20 23:28:00,36.209999999706326,-86.77999999963816
20260569082_11,20260569082,DISPATCHED,OPEN,Open,PRINCESS,"RESIDENCE, HOME",23F,BURGLARY- MOTOR VEHICLE,NONE,No,I,INDIVIDUAL (18 AND OVER),M,B,Non-Hispanic,,2026-09-20 04:00:00,2026-09-20 23:04:00,36.22000000011304,-86.85999999996638
20260569109_11,20260569109,DISPATCHED,OPEN,Open,GEORGIA AVE,"RESIDENCE, HOME",240,VEHICLE THEFT,,No,I,INDIVIDUAL (18 AND OVER),F,W,Non-Hispanic,,2026-09-19 22:00:00,2026-09-20 22:55:00,36.159999999962295,-86.84000000010889
20260568142_11,20260568142,DISPATCHED,CLEARED BY ARREST,Closed,123 123,"BAR, NIGHT CLUB",90E,PUBLIC INTOXICATION,NONE,No,S,SOCIETY,,,,37201,2026-09-20 07:08:00,2026-09-20 22:17:00,36.16099999985248,-86.77500000012294
20260569187_11,20260569187,DISPATCHED,UNFOUNDED,Closed,2421 2421,CONVENIENCE STORE,780,"RECOVERY, STOLEN PROPERTY",,No,B,BUSINESS,,,,37204,2026-09-20 22:14:00,2026-09-20 22:14:00,36.110999999786046,-86.76700000035962
20260569050_11,20260569050,DISPATCHED,OPEN,Open,WHITE BRIDGE PIKE,SPECIALTY STORE,23C,SHOPLIFTING,,No,B,BUSINESS,,,,,2026-09-20 21:08:00,2026-09-20 22:07:00,36.12999999970263,-86.85000000003764
20260569020_11,20260569020,DISPATCHED,OPEN,Open,WAGGONER,"RESIDENCE, HOME",290,DAMAGE PROP - PRIVATE,,No,I,INDIVIDUAL (18 AND OVER),M,W,Non-Hispanic,,2026-09-20 00:00:00,2026-09-20 21:45:00,36.15000000024567,-86.6399999997375
20260568672_11,20260568672,DISPATCHED,OPEN,Open,JACKSON DOWNS BLVD,"DEPARTMENT, DISCOUNT STORE",23C,SHOPLIFTING,NONE,No,B,BUSINESS,,,,,2026-09-20 16:00:00,2026-09-20 21:20:00,36.18000000021363,-86.62999999980876
20260568964_11,20260568964,DISPATCHED,OPEN,Open,GALLATIN AVE,"GROCERY, SUPERMARKET",23C,"THEFT OF MERCHANDISE 5TH - $1,000 OR LESS",NONE,No,B,BUSINESS,,,,,2026-09-20 15:45:00,2026-09-20 21:17:00,36.19000000021294,-86.74999999985195
20260568985_11,20260568985,DISPATCHED,OPEN,Open,WHITE BRIDGE PIKE,"PARKING LOT, GARAGE",23G,LARC - PARTS FROM VEH,NONE,No,I,INDIVIDUAL (18 AND OVER),M,W,Non-Hispanic,,2026-09-20 20:20:00,2026-09-20 21:07:00,36.12999999970263,-86.85000000003764
20260568954_11,20260568954,DISPATCHED,OPEN,Open,GALLATIN PIKE N,"DEPARTMENT, DISCOUNT STORE",23C,SHOPLIFTING,NONE,No,B,BUSINESS,,,,,2026-09-20 18:46:00,2026-09-20 21:04:00,36.30000000031284,-86.69000000027951
20260568963_11,20260568963,DISPATCHED,UNFOUNDED,Closed,28 28,"PARKING LOT, GARAGE",35B,DRUG PARAPHERNALIA- UNLAWFUL USE,NONE,No,S,SOCIETY,,,,37209,2026-09-18 17:38:00,2026-09-20 20:55:00,36.127999999830735,-86.85200000020306
20260568941_11,20260568941,DISPATCHED,OPEN,Open,GALLATIN AVE,"GROCERY, SUPERMARKET",23C,"THEFT OF MERCHANDISE 5TH - $1,000 OR LESS",NONE,No,B,BUSINESS,,,,,2026-09-20 18:43:00,2026-09-20 20:54:00,36.19000000021294,-86.74999999985195
20260568936_11,20260568936,DISPATCHED,OPEN,Open,CENTRAL PIKE,RENTAL STORAGE FACILITY,220,BURGL - FORCED ENTRY-NONRESID,,No,I,INDIVIDUAL (18 AND OVER),M,W,Hispanic,,2026-09-20 20:00:00,2026-09-20 20:50:00,36.19000000021294,-86.62999999980876
20260568936_12,20260568936,DISPATCHED,OPEN,Open,CENTRAL PIKE,RENTAL STORAGE FACILITY,220,BURGL - FORCED ENTRY-NONRESID,,No,B,BUSINESS,,,,,2026-09-20 20:00:00,2026-09-20 20:50:00,36.19000000021294,-86.62999999980876
20260568915_11,20260568915,DISPATCHED,OPEN,Open,GALLATIN PIKE,"DEPARTMENT, DISCOUNT STORE",23C,"THEFT OF MERCHANDISE- $1,000 OR LESS",PERSONAL (HANDS),No,B,BUSINESS,,,,,2026-09-20 19:07:00,2026-09-20 20:50:00,36.209999999706326,-86.72999999999446
20260568856_11,20260568856,DISPATCHED,UNFOUNDED,Closed,111 111,"RESIDENCE, HOME",13B,SIMPLE ASSLT,PERSONAL (HANDS),Yes,I,INDIVIDUAL (18 AND OVER),M,W,Non-Hispanic,37221,2026-09-20 19:27:00,2026-09-20 20:39:00,36.072999999667886,-86.92099999962153
20260568917_11,20260568917,DISPATCHED,OPEN,Open,BROADWAY,"BAR, NIGHT CLUB",23D,LARC - FROM BLDG,NONE,No,I,INDIVIDUAL (18 AND OVER),M,B,Non-Hispanic,,2026-09-20 05:30:00,2026-09-20 20:38:00,36.159999999962295,-86.77999999963816
20260568800_11,20260568800,DISPATCHED,UNFOUNDED,Closed,4825 4825,"RESIDENCE, HOME",740,TRANSPORT,NONE,No,I,INDIVIDUAL (18 AND OVER),F,W,Non-Hispanic,37013,2026-09-20 20:36:00,2026-09-20 20:36:00,36.06199999992648,-86.68499999986597
20260568918_11,20260568918,DISPATCHED,OPEN,Open,PRINCESS LN,"RESIDENCE, HOME",23F,BURGLARY- MOTOR VEHICLE,NONE,No,I,INDIVIDUAL (18 AND OVER),F,B,Non-Hispanic,,2026-09-20 05:01:00,2026-09-20 20:32:00,36.22000000011304,-86.85999999996638
20260568858_11,20260568858,,OPEN,Open,4TH AVE S,LIQUOR STORE,23C,SHOPLIFTING,NONE,No,B,BUSINESS,,,,,2026-09-20 18:50:00,2026-09-20 20:26:00,36.159999999962295,-86.76999999970943
20260568882_11,20260568882,DISPATCHED,UNFOUNDED,Closed,461 461,"RESIDENCE, HOME",685,DEATH NATURAL,NONE,No,I,INDIVIDUAL (18 AND OVER),M,B,Non-Hispanic,37207,2026-09-20 05:00:00,2026-09-20 20:12:00,36.23200000030522,-86.7899999995669
20260568845_11,20260568845,SUSPECT,OPEN,Open,CIMARRON,"RESIDENCE, HOME",13B,SIMPLE ASSLT,PERSONAL (HANDS),Yes,I,INDIVIDUAL (18 AND OVER),F,W,Non-Hispanic,,2026-09-20 19:21:00,2026-09-20 20:11:00,36.05999999996536,-86.68000000035076
20260568855_11,20260568855,DISPATCHED,UNFOUNDED,Closed,301 301,"HOTEL, MOTEL, ETC.",715,FOUND PROPERTY,NONE,No,I,INDIVIDUAL (18 AND OVER),U,U,Unknown,37201,2026-09-20 16:00:00,2026-09-20 20:02:00,36.15899999964666,-86.77400000004023
20260568885_11,20260568885,DISPATCHED,OPEN,Open,ROWAN DR,"RESIDENCE, HOME",90Z,HARRASSMENT (NUISANCE),,No,I,INDIVIDUAL (18 AND OVER),F,B,Non-Hispanic,,2026-09-19 12:53:00,2026-09-20 20:01:00,36.22000000011304,-86.81000000032267
20260568778_11,20260568778,SUSPECT,OPEN,Open,DICKERSON PIKE,HOSPITAL,13B,SIMPLE ASSLT,PERSONAL (HANDS),No,I,INDIVIDUAL (18 AND OVER),M,W,Non-Hispanic,,2026-09-20 18:18:00,2026-09-20 19:45:00,36.25000000002025,-86.74999999985195
20260568836_11,20260568836,DISPATCHED,OPEN,Open,MUSIC SQ W,APARTMENT,240,VEHICLE THEFT,PERSONAL (HANDS),No,I,INDIVIDUAL (18 AND OVER),M,W,Non-Hispanic,,2026-09-20 02:00:00,2026-09-20 19:36:00,36.15000000024567,-86.7899999995669
20260568833_11,20260568833,DISPATCHED,PROSECUTION DECLINED,Closed,340 340,"PARKING LOT, GARAGE",35B,DRUG PARAPHERNALIA- UNLAWFUL USE,NONE,No,S,SOCIETY,,,,37211,2026-09-20 19:06:00,2026-09-20 19:30:00,36.08699999974394,-86.69599999987742
20260568755_11,20260568755,DISPATCHED,OPEN,Open,SPENCE LN,"OTHER, UNKNOWN",23H,"THEFT OF PROPERTY- $1,000 OR >  BUT < $10,000",NONE,No,I,INDIVIDUAL (18 AND OVER),F,W,Non-Hispanic,,2026-09-20 17:40:00,2026-09-20 19:30:00,36.13999999994927,-86.72000000006571
20260568684_11,20260568684,DISPATCHED,CLEARED BY ARREST,Closed,507 507,"RESIDENCE, HOME",13B,SIMPLE ASSLT,PERSONAL (HANDS),Yes,I,INDIVIDUAL (18 AND OVER),F,W,Non-Hispanic,37138,2026-09-20 14:00:00,2026-09-20 19:24:00,36.27800000002732,-86.67000000042204
20260568822_11,20260568822,DISPATCHED,UNFOUNDED,Closed,8200 8200,APARTMENT,740,POLICE INQUIRY,,No,I,INDIVIDUAL (18 AND OVER),F,B,Non-Hispanic,37221,2026-09-20 15:00:00,2026-09-20 19:17:00,36.07400000013588,-87.00899999971308
20260568562_11,20260568562,DISPATCHED,OPEN,Open,BENTON AVE,"PARKING LOT, GARAGE",290,"VANDALISM- $1,000 OR LESS",,No,I,INDIVIDUAL (18 AND OVER),F,B,Non-Hispanic,,2026-09-20 11:00:00,2026-09-20 19:01:00,36.12999999970263,-86.76999999970943
20260568795_11,20260568795,DISPATCHED,OPEN,Open,BASSWOOD,"RESIDENCE, HOME",290,"VANDALISM- $1,000 OR LESS",PERSONAL (HANDS),No,I,INDIVIDUAL (18 AND OVER),F,W,Non-Hispanic,,2026-09-20 16:00:00,2026-09-20 19:00:00,36.15000000024567,-86.88999999975259
20260568773_11,20260568773,DISPATCHED,OPEN,Open,LAWRENCE,APARTMENT,13C,ASSAULT- FEAR OF BODILY INJURY,,Yes,I,INDIVIDUAL (18 AND OVER),M,B,Non-Hispanic,,2026-09-20 16:40:00,2026-09-20 18:57:00,36.20000000001247,-86.84000000010889
20260568764_11,20260568764,DISPATCHED,OPEN,Open,PETTUS RD,School-Elementary/Secondary,23D,LARC - FROM BLDG,NONE,No,G,GOVERNMENT,,,,,2026-09-09 20:00:00,2026-09-20 18:08:00,36.0200000001374,-86.65999999959497
20260568705_11,20260568705,DISPATCHED,CLEARED BY ARREST,Closed,5605 5605,"RESIDENCE, HOME",13A,INTENTIONAL AGGRAVATED ASSAULT,CLUB,Yes,I,INDIVIDUAL (18 AND OVER),M,B,Non-Hispanic,37013,2026-09-20 17:02:00,2026-09-20 17:54:00,36.03299999980557,-86.57499999975153
20260568677_11,20260568677,SUSPECT,OPEN,Open,COUNTESS ALY,"RESIDENCE, HOME",13B,ASSAULT- OFFENSIVE OR PROVOCATIVE CONTACT,OTHER,Yes,I,INDIVIDUAL (18 AND OVER),M,W,Hispanic,,2026-09-18 04:00:00,2026-09-20 17:53:00,36.25999999986106,-86.76999999970943
20260568677_12,20260568677,SUSPECT,OPEN,Open,COUNTESS ALY,"RESIDENCE, HOME",13B,ASSAULT- OFFENSIVE OR PROVOCATIVE CONTACT,OTHER,Yes,I,INDIVIDUAL (18 AND OVER),F,W,Non-Hispanic,,2026-09-18 04:00:00,2026-09-20 17:53:00,36.25999999986106,-86.76999999970943
20260568736_11,20260568736,DISPATCHED,OPEN,Open,8TH AVE S,"GROCERY, SUPERMARKET",23D,LARC - FROM BLDG,NONE,No,I,INDIVIDUAL (18 AND OVER),F,B,Non-Hispanic,,2026-09-20 14:15:00,2026-09-20 17:48:00,36.12000000013524,-86.77999999963816
20260568742_11,20260568742,SUSPECT,OPEN,Open,REP JOHN LEWIS,"HIGHWAY, ROAD, ALLEY",715,FOUND PROPERTY,NONE,No,I,INDIVIDUAL (18 AND OVER),F,U,Unknown,,2026-09-20 17:45:00,2026-09-20 17:45:00,36.159999999962295,-86.77999999963816
20260568722_11,20260568722,DISPATCHED,OPEN,Open,GALLATIN PIKE,CONVENIENCE STORE,23C,"THEFT OF MERCHANDISE- $1,000 OR LESS",NONE,No,B,BUSINESS,,,,,2026-09-20 16:05:00,2026-09-20 17:45:00,36.209999999706326,-86.72999999999446
20260568597_11,20260568597,DISPATCHED,CLEARED BY ARREST,Closed,1630 1630,"PARKING LOT, GARAGE",13B,SIMPLE ASSLT,PERSONAL (HANDS),Yes,I,INDIVIDUAL (18 AND OVER),M,B,Non-Hispanic,37013,2026-09-20 17:40:00,2026-09-20 17:40:00,36.05200000017039,-86.6399999997375
20260568597_21,20260568597,DISPATCHED,CLEARED BY ARREST,Closed,1630 1630,"PARKING LOT, GARAGE",290,"VANDALISM- $1,000 OR LESS",OTHER,Yes,I,INDIVIDUAL (18 AND OVER),M,B,Non-Hispanic,37013,2026-09-20 17:40:00,2026-09-20 17:40:00,36.05200000017039,-86.6399999997375
20260568568_11,20260568568,SUSPECT,CLEARED BY ARREST,Closed,3701 3701,"HIGHWAY, ROAD, ALLEY",13B,ASSAULT- OFFENSIVE OR PROVOCATIVE CONTACT,PERSONAL (HANDS),Yes,I,INDIVIDUAL (18 AND OVER),F,B,Non-Hispanic,37076,2026-09-20 14:30:00,2026-09-20 17:14:00,36.17699999991021,-86.6140000002821
20260568568_12,20260568568,SUSPECT,CLEARED BY ARREST,Closed,3701 3701,"HIGHWAY, ROAD, ALLEY",13B,ASSAULT- OFFENSIVE OR PROVOCATIVE CONTACT,PERSONAL (HANDS),Yes,I,INDIVIDUAL (18 AND OVER),M,B,Unknown,37076,2026-09-20 14:30:00,2026-09-20 17:14:00,36.17699999991021,-86.6140000002821
20260568641_11,20260568641,,OPEN,Open,HICKORY CLUB DR,"PARKING LOT, GARAGE",23F,BURGLARY - MOTOR VEHICLE,Unarmed,No,I,INDIVIDUAL (18 AND OVER),M,W,Hispanic,,2026-09-20 11:00:00,2026-09-20 17:12:00,36.05000000025906,-86.6399999997375
20260568479_11,20260568479,DISPATCHED,OPEN,Open,BRITTANY PARK DR,"RESIDENCE, HOME",13B,SIMPLE ASSLT - STRANGULATION (NO LOSS OF CONSCIOUSNESS),PERSONAL (HANDS),Yes,I,INDIVIDUAL (18 AND OVER),F,B,Non-Hispanic,,2026-09-20 10:00:00,2026-09-20 17:12:00,36.05000000025906,-86.68000000035076
20260568479_21,20260568479,DISPATCHED,OPEN,Open,BRITTANY PARK DR,"RESIDENCE, HOME",290,"VANDALISM- $1,000 OR LESS",PERSONAL (HANDS),Yes,I,INDIVIDUAL (18 AND OVER),F,B,Non-Hispanic,,2026-09-20 10:00:00,2026-09-20 17:12:00,36.05000000025906,-86.68000000035076
20260568693_11,20260568693,DISPATCHED,OPEN,Open,HICKORY CLUB DR,APARTMENT,23F,BURGLARY- MOTOR VEHICLE,Unarmed,No,I,INDIVIDUAL (18 AND OVER),M,W,Hispanic,,2026-09-18 22:00:00,2026-09-20 17:11:00,36.05000000025906,-86.6399999997375
20260568551_11,20260568551,DISPATCHED,OPEN,Open,4TH AVE N,"HIGHWAY, ROAD, ALLEY",13B,ASSAULT- OFFENSIVE OR PROVOCATIVE CONTACT,PERSONAL (HANDS),Yes,I,INDIVIDUAL (18 AND OVER),M,B,Non-Hispanic,,2026-09-20 14:40:00,2026-09-20 16:53:00,36.16999999991994,-86.77999999963816
20260568650_11,20260568650,DISPATCHED,OPEN,Open,PRINCESS LN,"RESIDENCE, HOME",290,"VANDALISM- $1,000 OR LESS",OTHER,No,I,INDIVIDUAL (18 AND OVER),M,B,Non-Hispanic,,2026-09-20 09:50:00,2026-09-20 16:49:00,36.22000000011304,-86.85999999996638
20260568650_21,20260568650,DISPATCHED,OPEN,Open,PRINCESS LN,"RESIDENCE, HOME",23F,BURGLARY- MOTOR VEHICLE,NONE,No,I,INDIVIDUAL (18 AND OVER),M,B,Non-Hispanic,,2026-09-20 09:50:00,2026-09-20 16:49:00,36.22000000011304,-86.85999999996638
20260568581_11,20260568581,DISPATCHED,OPEN,Open,MUSIC VALLEY,Camp/Campground,13A,AGGRAV ASSLT - FAMILY-GUN,HANDGUN,No,I,INDIVIDUAL (18 AND OVER),M,B,Non-Hispanic,,2026-09-20 15:00:00,2026-09-20 16:40:00,36.22999999987656,-86.70000000020825
20260568581_22,20260568581,DISPATCHED,OPEN,Open,MUSIC VALLEY,Camp/Campground,520,CARRYING CONCEALED WEAPON,HANDGUN,No,S,SOCIETY,,,,,2026-09-20 15:00:00,2026-09-20 16:40:00,36.22999999987656,-86.70000000020825
20260568613_11,20260568613,DISPATCHED,OPEN,Open,LEA,"HIGHWAY, ROAD, ALLEY",23H,"THEFT OF PROPERTY- $1,000 OR >  BUT < $10,000",NONE,No,I,INDIVIDUAL (18 AND OVER),M,W,Non-Hispanic,,2026-09-20 07:00:00,2026-09-20 16:36:00,36.15000000024567,-86.76999999970943
20260568664_11,20260568664,DISPATCHED,OPEN,Open,WEDGEWOOD AVE,APARTMENT,23D,LARC - FROM BLDG,NONE,No,I,INDIVIDUAL (18 AND OVER),F,B,Non-Hispanic,,2026-08-28 13:00:00,2026-09-20 16:35:00,36.13999999994927,-86.7899999995669
20260568623_11,20260568623,DISPATCHED,OPEN,Open,OPRY MILLS DR,SPECIALTY STORE,23C,"THEFT OF MERCHANDISE- $1,000 OR LESS",NONE,No,B,BUSINESS,,,,,2026-09-19 23:30:00,2026-09-20 16:14:00,36.209999999706326,-86.69000000027951
20260568576_11,20260568576,DISPATCHED,UNFOUNDED,Closed,3008 3008,"RESIDENCE, HOME",780,"RECOVERY, STOLEN PROPERTY",NONE,No,I,INDIVIDUAL (18 AND OVER),F,U,Unknown,37209,2026-09-20 16:12:00,2026-09-20 16:12:00,36.15899999964666,-86.82399999968392
20260568592_11,20260568592,DISPATCHED,UNFOUNDED,Closed,107 107,"BAR, NIGHT CLUB",810,LOST PROPERTY,NONE,No,I,INDIVIDUAL (18 AND OVER),F,A,Non-Hispanic,37219,2026-09-20 05:00:00,2026-09-20 16:02:00,36.16099999985248,-86.77700000028835
20260568545_11,20260568545,DISPATCHED,OPEN,Open,LYNNWOOD BLVD,"RESIDENCE, HOME",23F,BURGLARY- MOTOR VEHICLE,Unarmed,No,I,INDIVIDUAL (18 AND OVER),F,W,Non-Hispanic,,2026-09-20 00:30:00,2026-09-20 15:50:00,36.0800000001956,-86.85000000003764
20260568540_11,20260568540,DISPATCHED,OPEN,Open,OLD HICKORY BLVD,"SERVICE, GAS STATION",23C,SHOPLIFTING,NONE,No,B,BUSINESS,,,,,2026-09-18 20:00:00,2026-09-20 15:29:00,36.16999999991994,-86.60000000002253
20260568572_11,20260568572,DISPATCHED,OPEN,Open,MURFREESBORO PIKE,APARTMENT,23D,LARC - FROM BLDG,NONE,No,I,INDIVIDUAL (18 AND OVER),F,W,Non-Hispanic,,2026-09-19 17:00:00,2026-09-20 15:23:00,36.12000000013524,-86.70000000020825
20260568525_11,20260568525,DISPATCHED,CLEARED BY ARREST,Closed,129 129,"PARKING LOT, GARAGE",240,VEHICLE THEFT,NONE,No,I,INDIVIDUAL (18 AND OVER),M,W,Non-Hispanic,37210,2026-09-20 14:00:00,2026-09-20 15:21:00,36.13999999994927,-86.75500000026547
20260568555_11,20260568555,DISPATCHED,OPEN,Open,NAUTILUS DR,"RESIDENCE, HOME",23F,BURGLARY- MOTOR VEHICLE,NONE,No,I,INDIVIDUAL (18 AND OVER),F,W,Unknown,,2026-09-20 00:00:00,2026-09-20 15:17:00,36.0800000001956,-86.60999999995128
20260568712_11,20260568712,DISPATCHED,OPEN,Open,STINSON RD,"RESIDENCE, HOME",23D,LARC - FROM BLDG,NONE,Yes,I,INDIVIDUAL (18 AND OVER),F,W,Non-Hispanic,,2026-09-20 14:16:00,2026-09-20 15:10:00,36.16999999991994,-86.68000000035076
20260568466_11,20260568466,SUSPECT,OPEN,Open,DONELSONWOOD DR,"RESIDENCE, HOME",26A,FRAUD - SWINDLE,PERSONAL (HANDS),No,I,INDIVIDUAL (18 AND OVER),F,W,Non-Hispanic,,2026-08-31 14:00:00,2026-09-20 14:51:00,36.16999999991994,-86.65999999959497
20260568454_11,20260568454,DISPATCHED,OPEN,Open,BROADWAY,"HIGHWAY, ROAD, ALLEY",120,ROBBERY,PERSONAL (HANDS),No,I,INDIVIDUAL (18 AND OVER),M,W,Non-Hispanic,,2026-09-20 05:30:00,2026-09-20 14:30:00,36.159999999962295,-86.77999999963816
20260568454_21,20260568454,DISPATCHED,OPEN,Open,BROADWAY,"BAR, NIGHT CLUB",100,"KIDNAPPING, CRIMINAL ATTEMPT",PERSONAL (HANDS),No,I,INDIVIDUAL (18 AND OVER),M,W,Non-Hispanic,,2026-09-20 05:30:00,2026-09-20 14:30:00,36.159999999962295,-86.77999999963816
20260567952_11,20260567952,DISPATCHED,UNFOUNDED,Closed,3110 3110,APARTMENT,740,POLICE INQUIRY,NONE,No,I,INDIVIDUAL (18 AND OVER),F,B,Non-Hispanic,37214,2026-09-22 05:01:00,2026-09-20 14:07:00,36.1420000001408,-86.64099999982021
20260568486_11,20260568486,,OPEN,Open,OTTER CREEK,"RESIDENCE, HOME",23F,BURGLARY- MOTOR VEHICLE,CLUB,No,I,INDIVIDUAL (18 AND OVER),M,W,Non-Hispanic,,2026-09-20 02:30:00,2026-09-20 13:57:00,36.06999999966938,-86.84000000010889
20260568456_11,20260568456,DISPATCHED,OPEN,Open,STARBOARD CT,"RESIDENCE, HOME",23F,BURGLARY- MOTOR VEHICLE,Unarmed,No,I,INDIVIDUAL (18 AND OVER),M,W,Hispanic,,2026-09-20 03:00:00,2026-09-20 13:49:00,36.09000000018983,-86.60999999995128
20260568354_11,20260568354,DISPATCHED,OPEN,Open,JUNE DR,CONVENIENCE STORE,26B,"CREDIT CARD, FRAUDULENT USE - $1,000 OR LESS",PERSONAL (HANDS),No,B,BUSINESS,,,,,2026-09-14 14:00:00,2026-09-20 13:38:00,36.16999999991994,-86.70000000020825
20260568354_12,20260568354,DISPATCHED,OPEN,Open,JUNE DR,CONVENIENCE STORE,26B,"CREDIT CARD, FRAUDULENT USE - $1,000 OR LESS",PERSONAL (HANDS),No,B,BUSINESS,,,,,2026-09-14 14:00:00,2026-09-20 13:38:00,36.16999999991994,-86.70000000020825
20260568354_13,20260568354,DISPATCHED,OPEN,Open,JUNE DR,CONVENIENCE STORE,26B,"CREDIT CARD, FRAUDULENT USE - $1,000 OR LESS",PERSONAL (HANDS),No,B,BUSINESS,,,,,2026-09-14 14:00:00,2026-09-20 13:38:00,36.16999999991994,-86.70000000020825
20260568354_14,20260568354,DISPATCHED,OPEN,Open,JUNE DR,CONVENIENCE STORE,26B,"CREDIT CARD, FRAUDULENT USE - $1,000 OR LESS",PERSONAL (HANDS),No,B,BUSINESS,,,,,2026-09-14 14:00:00,2026-09-20 13:38:00,36.16999999991994,-86.70000000020825
20260568354_15,20260568354,DISPATCHED,OPEN,Open,JUNE DR,CONVENIENCE STORE,26B,"CREDIT CARD, FRAUDULENT USE - $1,000 OR LESS",PERSONAL (HANDS),No,B,BUSINESS,,,,,2026-09-14 14:00:00,2026-09-20 13:38:00,36.16999999991994,-86.70000000020825
20260568354_16,20260568354,DISPATCHED,OPEN,Open,JUNE DR,CONVENIENCE STORE,26B,"CREDIT CARD, FRAUDULENT USE - $1,000 OR LESS",PERSONAL (HANDS),No,B,BUSINESS,,,,,2026-09-14 14:00:00,2026-09-20 13:38:00,36.16999999991994,-86.70000000020825
20260568354_17,20260568354,DISPATCHED,OPEN,Open,JUNE DR,CONVENIENCE STORE,26B,"CREDIT CARD, FRAUDULENT USE - $1,000 OR LESS",PERSONAL (HANDS),No,B,BUSINESS,,,,,2026-09-14 14:00:00,2026-09-20 13:38:00,36.16999999991994,-86.70000000020825
20260568354_18,20260568354,DISPATCHED,OPEN,Open,JUNE DR,CONVENIENCE STORE,26B,"CREDIT CARD, FRAUDULENT USE - $1,000 OR LESS",PERSONAL (HANDS),No,B,BUSINESS,,,,,2026-09-14 14:00:00,2026-09-20 13:38:00,36.16999999991994,-86.70000000020825
20260568354_19,20260568354,DISPATCHED,OPEN,Open,JUNE DR,CONVENIENCE STORE,26B,"CREDIT CARD, FRAUDULENT USE - $1,000 OR LESS",PERSONAL (HANDS),No,B,BUSINESS,,,,,2026-09-14 14:00:00,2026-09-20 13:38:00,36.16999999991994,-86.70000000020825
20260568354_110,20260568354,DISPATCHED,OPEN,Open,JUNE DR,CONVENIENCE STORE,26B,"CREDIT CARD, FRAUDULENT USE - $1,000 OR LESS",PERSONAL (HANDS),No,B,BUSINESS,,,,,2026-09-14 14:00:00,2026-09-20 13:38:00,36.16999999991994,-86.70000000020825
20260568347_11,20260568347,DISPATCHED,OPEN,Open,DONELSON,"PARKING LOT, GARAGE",240,VEHICLE THEFT,PERSONAL (HANDS),No,I,INDIVIDUAL (18 AND OVER),F,B,Non-Hispanic,,2026-09-20 06:10:00,2026-09-20 13:24:00,36.15000000024567,-86.67000000042204
20260568347_12,20260568347,DISPATCHED,OPEN,Open,DONELSON,"PARKING LOT, GARAGE",240,VEHICLE THEFT,PERSONAL (HANDS),No,I,INDIVIDUAL (18 AND OVER),F,B,Non-Hispanic,,2026-09-20 06:10:00,2026-09-20 13:24:00,36.15000000024567,-86.67000000042204
20260568314_11,20260568314,SUSPECT,CLEARED BY ARREST,Closed,420 420,"HOTEL, MOTEL, ETC.",35A,POSSESSION OF A CONTROLLED SUBSTANCE,NONE,No,S,SOCIETY,,,,37211,2026-09-15 03:14:00,2026-09-20 13:16:00,36.08800000003139,-86.69599999987742
20260568314_21,20260568314,SUSPECT,CLEARED BY ARREST,Closed,420 420,"HOTEL, MOTEL, ETC.",35B,DRUG PARAPHERNALIA- UNLAWFUL USE,NONE,No,S,SOCIETY,,,,37211,2026-09-15 03:14:00,2026-09-20 13:16:00,36.08800000003139,-86.69599999987742
20260568446_11,20260568446,DISPATCHED,OPEN,Open,HARDING PL,"PARKING LOT, GARAGE",23F,BURGLARY- MOTOR VEHICLE,NONE,No,I,INDIVIDUAL (18 AND OVER),F,W,Non-Hispanic,,2026-09-20 11:00:00,2026-09-20 13:10:00,36.09000000018983,-86.69000000027951
20260568412_11,20260568412,DISPATCHED,UNFOUNDED,Closed,607 607,"OTHER, UNKNOWN",685,DEATH NATURAL,NONE,No,I,INDIVIDUAL (18 AND OVER),M,B,Non-Hispanic,37206,2026-09-20 12:27:00,2026-09-20 13:10:00,36.18199999967715,-86.75999999978066
20260568385_11,20260568385,DISPATCHED,OPEN,Open,HAMILTON CROSSINGS DR,"BAR, NIGHT CLUB",13B,ASSAULT- OFFENSIVE OR PROVOCATIVE CONTACT,PERSONAL (HANDS),No,I,INDIVIDUAL (18 AND OVER),F,B,Non-Hispanic,,2026-09-19 04:00:00,2026-09-20 12:50:00,36.06999999966938,-86.6399999997375
20260568336_11,20260568336,DISPATCHED,OPEN,Open,MILLWOOD,"PARKING LOT, GARAGE",240,VEHICLE THEFT,Unarmed,No,I,INDIVIDUAL (18 AND OVER),M,W,Hispanic,,2026-09-19 05:28:00,2026-09-20 12:44:00,36.12999999970263,-86.71000000013699
20260568396_11,20260568396,DISPATCHED,CLEARED BY ARREST,Closed,505 505,"RESIDENCE, HOME",13B,SIMPLE ASSLT,PERSONAL (HANDS),Yes,I,INDIVIDUAL (18 AND OVER),F,W,Non-Hispanic,37219,2026-09-20 12:00:00,2026-09-20 12:41:00,36.1629999998043,-86.77999999963816
20260568343_22,20260568343,DISPATCHED,OPEN,Open,LENORE,"RESIDENCE, HOME",13A,"Assault, Aggravated - Deadly Weapon - Int/Kn",HANDGUN,No,I,INDIVIDUAL (18 AND OVER),F,B,Non-Hispanic,,2026-09-20 11:26:00,2026-09-20 12:38:00,36.16999999991994,-86.74999999985195
20260568343_33,20260568343,DISPATCHED,OPEN,Open,LENORE,"RESIDENCE, HOME",520,"WEAPON OFFENSE, CRIMINAL ATTEMPT",HANDGUN,No,S,SOCIETY,,,,,2026-09-20 11:26:00,2026-09-20 12:38:00,36.16999999991994,-86.74999999985195
20260568411_11,20260568411,DISPATCHED,OPEN,Open,SEIFRIED ST,"RESIDENCE, HOME",290,"VANDALISM- $1,000 OR LESS",OTHER FIREARM,No,I,INDIVIDUAL (18 AND OVER),F,U,Unknown,,2026-09-20 11:30:00,2026-09-20 12:29:00,36.18000000021363,-86.81000000032267
20260568309_11,20260568309,DISPATCHED,OPEN,Open,GREAT CIRCLE RD,"RESIDENCE, HOME",90Z,HARRASSMENT (NUISANCE),NONE,Yes,I,INDIVIDUAL (18 AND OVER),F,B,Non-Hispanic,,2026-09-18 12:08:00,2026-09-20 12:08:00,36.20000000001247,-86.7899999995669
20260568280_11,20260568280,DISPATCHED,UNFOUNDED,Closed,291 291,"RESIDENCE, HOME",740,TRANSPORT,NONE,No,I,INDIVIDUAL (18 AND OVER),M,W,Non-Hispanic,37211,2026-09-20 07:40:00,2026-09-20 12:00:00,36.08599999980248,-86.71100000021968
20260568308_11,20260568308,DISPATCHED,OPEN,Open,DOLLY,"HIGHWAY, ROAD, ALLEY",13B,ASSAULT- OFFENSIVE OR PROVOCATIVE CONTACT,PERSONAL (HANDS),Yes,I,INDIVIDUAL (18 AND OVER),F,W,Hispanic,,2026-09-20 09:55:00,2026-09-20 11:54:00,36.02999999971792,-86.57000000023632
20260568016_11,20260568016,DISPATCHED,CLEARED BY ARREST,Closed,2715 2715,"RESIDENCE, HOME",13A,"Assault, Aggravated - Deadly Weapon - Int/Kn",LETHAL/CUTTING INSTRUMENT,Yes,I,INDIVIDUAL (18 AND OVER),F,B,Non-Hispanic,37207,2026-09-20 11:47:00,2026-09-20 11:47:00,36.22000000011304,-86.80399999982646
20260568016_12,20260568016,DISPATCHED,CLEARED BY ARREST,Closed,2715 2715,"RESIDENCE, HOME",13A,"Assault, Aggravated - Deadly Weapon - Int/Kn",LETHAL/CUTTING INSTRUMENT,Yes,I,INDIVIDUAL (18 AND OVER),M,B,Non-Hispanic,37207,2026-09-20 11:47:00,2026-09-20 11:47:00,36.22000000011304,-86.80399999982646
20260568016_13,20260568016,DISPATCHED,CLEARED BY ARREST,Closed,2715 2715,"RESIDENCE, HOME",13A,"Assault, Aggravated - Deadly Weapon - Int/Kn",LETHAL/CUTTING INSTRUMENT,No,I,INDIVIDUAL (18 AND OVER),M,B,Non-Hispanic,37207,2026-09-20 11:47:00,2026-09-20 11:47:00,36.22000000011304,-86.80399999982646
20260567710_11,20260567710,DISPATCHED,OPEN,Open,RAMSTONE WAY,"RESIDENCE, HOME",13B,SIMPLE ASSLT,PERSONAL (HANDS),No,I,INDIVIDUAL (18 AND OVER),M,B,Non-Hispanic,,2026-09-20 02:40:00,2026-09-20 11:46:00,36.01000000015755,-86.64999999966624
20260567852_11,20260567852,DISPATCHED,OPEN,Open,SHORELINE CIR,"RESIDENCE, HOME",26A,FRAUD - SWINDLE,NONE,No,F,FINANCIAL INSTITUTION,,,,,2026-09-19 00:00:00,2026-09-20 11:41:00,36.05000000025906,-86.59000000009381
20260567964_11,20260567964,DISPATCHED,OPEN,Open,LONGHUNTER,"PARKING LOT, GARAGE",13B,ASSAULT- OFFENSIVE OR PROVOCATIVE CONTACT,PERSONAL (HANDS),Yes,I,INDIVIDUAL (18 AND OVER),F,B,Non-Hispanic,,2026-09-20 04:40:00,2026-09-20 11:39:00,36.09000000018983,-86.6399999997375
20260568187_11,20260568187,DISPATCHED,OPEN,Open,FACTORY,"RESIDENCE, HOME",13A,INTENTIONAL AGGRAVATED ASSAULT,LETHAL/CUTTING INSTRUMENT,Yes,I,INDIVIDUAL (18 AND OVER),F,W,Non-Hispanic,,2026-09-20 07:00:00,2026-09-20 11:16:00,36.13999999994927,-86.75999999978066
20260568187_12,20260568187,DISPATCHED,OPEN,Open,FACTORY,"RESIDENCE, HOME",13A,INTENTIONAL AGGRAVATED ASSAULT,LETHAL/CUTTING INSTRUMENT,No,I,INDIVIDUAL (18 AND OVER),M,W,Non-Hispanic,,2026-09-20 07:00:00,2026-09-20 11:16:00,36.13999999994927,-86.75999999978066
20260568187_13,20260568187,DISPATCHED,OPEN,Open,FACTORY,"RESIDENCE, HOME",13A,INTENTIONAL AGGRAVATED ASSAULT,LETHAL/CUTTING INSTRUMENT,No,I,INDIVIDUAL (18 AND OVER),F,W,Non-Hispanic,,2026-09-20 07:00:00,2026-09-20 11:16:00,36.13999999994927,-86.75999999978066
20260568187_14,20260568187,DISPATCHED,OPEN,Open,FACTORY,"RESIDENCE, HOME",13A,INTENTIONAL AGGRAVATED ASSAULT,LETHAL/CUTTING INSTRUMENT,No,I,INDIVIDUAL (18 AND OVER),M,W,Hispanic,,2026-09-20 07:00:00,2026-09-20 11:16:00,36.13999999994927,-86.75999999978066
20260568227_11,20260568227,DISPATCHED,OPEN,Open,BEN ALLEN,"PARKING LOT, GARAGE",13A,"Assault, Aggravated - Strangulation - Int/Kn",PERSONAL (HANDS),Yes,I,INDIVIDUAL (18 AND OVER),F,B,Non-Hispanic,,2026-09-20 08:25:00,2026-09-20 10:28:00,36.22999999987656,-86.74999999985195
20260568227_21,20260568227,DISPATCHED,OPEN,Open,BEN ALLEN,"PARKING LOT, GARAGE",290,"COMPUTER VIOLATION, DAMAGE - $1,000 OR LESS",PERSONAL (HANDS),Yes,I,INDIVIDUAL (18 AND OVER),F,B,Non-Hispanic,,2026-09-20 08:25:00,2026-09-20 10:28:00,36.22999999987656,-86.74999999985195
20260568293_11,20260568293,DISPATCHED,OPEN,Open,CHARLOTTE,"BAR, NIGHT CLUB",13B,SIMPLE ASSLT,PERSONAL (HANDS),No,I,INDIVIDUAL (18 AND OVER),F,I,Non-Hispanic,,2026-09-20 09:30:00,2026-09-20 10:23:00,36.13999999994927,-86.86999999989513
20260568231_11,20260568231,DISPATCHED,OPEN,Open,MURFREESBORO PIKE,CONVENIENCE STORE,23C,"THEFT OF MERCHANDISE- $1,000 OR LESS",NONE,No,B,BUSINESS,,,,,2026-09-20 08:00:00,2026-09-20 09:52:00,36.12999999970263,-86.71000000013699
20260568231_22,20260568231,DISPATCHED,OPEN,Open,MURFREESBORO PIKE,CONVENIENCE STORE,13C,ASSAULT- FEAR OF BODILY INJURY,,No,I,INDIVIDUAL (18 AND OVER),M,W,Non-Hispanic,,2026-09-20 08:00:00,2026-09-20 09:52:00,36.12999999970263,-86.71000000013699
20260568162_11,20260568162,DISPATCHED,CLEARED BY ARREST,Closed,706 706,"RESIDENCE, HOME",13A,INTENTIONAL AGGRAVATED ASSAULT,LETHAL/CUTTING INSTRUMENT,Yes,I,INDIVIDUAL (18 AND OVER),F,W,Non-Hispanic,37207,2026-09-20 07:20:00,2026-09-20 09:48:00,36.183000000200536,-86.76899999962671
20260568173_11,20260568173,DISPATCHED,OPEN,Open,17TH AVE S,"PARKING LOT, GARAGE",240,VEHICLE THEFT,NONE,No,I,INDIVIDUAL (18 AND OVER),F,B,Non-Hispanic,,2026-09-20 07:20:00,2026-09-20 09:03:00,36.15000000024567,-86.7899999995669
20260568213_11,20260568213,DISPATCHED,OPEN,Open,6TH AVE S,"HIGHWAY, ROAD, ALLEY",13B,ASSAULT- OFFENSIVE OR PROVOCATIVE CONTACT,PERSONAL (HANDS),No,I,INDIVIDUAL (18 AND OVER),F,B,Non-Hispanic,,2026-09-20 08:13:00,2026-09-20 08:56:00,36.159999999962295,-86.77999999963816
20260568213_12,20260568213,DISPATCHED,OPEN,Open,6TH AVE S,"HIGHWAY, ROAD, ALLEY",13B,ASSAULT- OFFENSIVE OR PROVOCATIVE CONTACT,PERSONAL (HANDS),No,I,INDIVIDUAL (18 AND OVER),F,B,Non-Hispanic,,2026-09-20 08:13:00,2026-09-20 08:56:00,36.159999999962295,-86.77999999963816
20260568213_13,20260568213,DISPATCHED,OPEN,Open,6TH AVE S,"HIGHWAY, ROAD, ALLEY",13B,ASSAULT- OFFENSIVE OR PROVOCATIVE CONTACT,PERSONAL (HANDS),No,I,INDIVIDUAL (18 AND OVER),F,W,Non-Hispanic,,2026-09-20 08:13:00,2026-09-20 08:56:00,36.159999999962295,-86.77999999963816
20260568195_11,20260568195,DISPATCHED,OPEN,Open,HART ST,"HIGHWAY, ROAD, ALLEY",23H,LARC - BICYCLE,NONE,No,I,INDIVIDUAL (18 AND OVER),M,W,Non-Hispanic,,2026-09-20 07:33:00,2026-09-20 08:47:00,36.13999999994927,-86.75999999978066
20260568180_11,20260568180,DISPATCHED,OPEN,Open,ANTIOCH,APARTMENT,13A,INTENTIONAL AGGRAVATED ASSAULT,LETHAL/CUTTING INSTRUMENT,No,I,INDIVIDUAL (18 AND OVER),M,W,Hispanic,,2026-09-20 07:35:00,2026-09-20 08:35:00,36.099999999750025,-86.72000000006571
20260568012_11,20260568012,DISPATCHED,CLEARED BY ARREST,Closed,402 402,"HIGHWAY, ROAD, ALLEY",13B,SIMPLE ASSLT - STRANGULATION (NO LOSS OF CONSCIOUSNESS),PERSONAL (HANDS),Yes,I,INDIVIDUAL (18 AND OVER),F,B,Non-Hispanic,37212,2026-09-20 05:07:00,2026-09-20 08:30:00,36.14699999988796,-86.79900000031124
20260568012_21,20260568012,DISPATCHED,CLEARED BY ARREST,Closed,402 402,"HIGHWAY, ROAD, ALLEY",290,"VANDALISM- >$1,000 BUT < $2,500",PERSONAL (HANDS),Yes,I,INDIVIDUAL (18 AND OVER),F,B,Non-Hispanic,37212,2026-09-20 05:07:00,2026-09-20 08:30:00,36.14699999988796,-86.79900000031124
20260568105_11,20260568105,DISPATCHED,OPEN,Open,,"PARKING LOT, GARAGE",23F,BURGLARY- MOTOR VEHICLE,NONE,No,I,INDIVIDUAL (18 AND OVER),F,W,Non-Hispanic,,2026-09-19 16:00:00,2026-09-20 08:08:00,,
20260568105_12,20260568105,DISPATCHED,OPEN,Open,,"PARKING LOT, GARAGE",23F,BURGLARY- MOTOR VEHICLE,NONE,No,I,INDIVIDUAL (18 AND OVER),F,W,Non-Hispanic,,2026-09-19 16:00:00,2026-09-20 08:08:00,,
20260568105_13,20260568105,DISPATCHED,OPEN,Open,,"PARKING LOT, GARAGE",23F,BURGLARY- MOTOR VEHICLE,NONE,No,I,INDIVIDUAL (18 AND OVER),M,W,Hispanic,,2026-09-19 16:00:00,2026-09-20 08:08:00,,
20260568177_11,20260568177,DISPATCHED,CLEARED BY ARREST,Closed,202 202,"RESIDENCE, HOME",13B,SIMPLE ASSLT - STRANGULATION (NO LOSS OF CONSCIOUSNESS),PERSONAL (HANDS),Yes,I,INDIVIDUAL (18 AND OVER),F,W,Non-Hispanic,37115,2026-09-20 07:30:00,2026-09-20 08:02:00,36.25599999995099,-86.71300000038511
20260567857_11,20260567857,DISPATCHED,CLEARED BY ARREST,Closed,5764 5764,CONVENIENCE STORE,23H,"THEFT OF PROPERTY->$1,000 BUT <$2,500",NONE,No,I,INDIVIDUAL (18 AND OVER),F,W,Non-Hispanic,37076,2026-09-20 00:25:00,2026-09-20 07:46:00,36.17299999992894,-86.60200000018794
20260568078_11,20260568078,DISPATCHED,OPEN,Open,CANNON ST,"HIGHWAY, ROAD, ALLEY",13B,SIMPLE ASSLT,PERSONAL (HANDS),No,I,INDIVIDUAL (18 AND OVER),M,B,Non-Hispanic,,2026-09-20 05:55:00,2026-09-20 07:34:00,36.15000000024567,-86.75999999978066
20260567788_11,20260567788,DISPATCHED,OPEN,Open,TUSCULUM RD,"PARKING LOT, GARAGE",290,"VANDALISM- >$1,000 BUT < $2,500",LETHAL/CUTTING INSTRUMENT,No,I,INDIVIDUAL (18 AND OVER),F,B,Non-Hispanic,,2026-09-20 03:00:00,2026-09-20 07:20:00,36.05999999996536,-86.72000000006571
20260567788_22,20260567788,DISPATCHED,OPEN,Open,TUSCULUM RD,"PARKING LOT, GARAGE",13B,SIMPLE ASSLT,PERSONAL (HANDS),No,I,INDIVIDUAL (18 AND OVER),F,B,Non-Hispanic,,2026-09-20 03:00:00,2026-09-20 07:20:00,36.05999999996536,-86.72000000006571
20260568118_11,20260568118,SUSPECT,OPEN,Open,GLEAVES ST,"BAR, NIGHT CLUB",13B,ASSAULT- OFFENSIVE OR PROVOCATIVE CONTACT,PERSONAL (HANDS),No,I,INDIVIDUAL (18 AND OVER),F,W,Non-Hispanic,,2026-09-20 06:35:00,2026-09-20 07:03:00,36.30000000031284,-86.70000000020825
20260568118_12,20260568118,SUSPECT,OPEN,Open,GLEAVES ST,"BAR, NIGHT CLUB",13B,ASSAULT- OFFENSIVE OR PROVOCATIVE CONTACT,PERSONAL (HANDS),No,I,INDIVIDUAL (18 AND OVER),F,W,Non-Hispanic,,2026-09-20 06:35:00,2026-09-20 07:03:00,36.30000000031284,-86.70000000020825
20260567502_11,20260567502,DISPATCHED,OPEN,Open,LEBANON PIKE,SPECIALTY STORE,23C,SHOPLIFTING,NONE,No,B,BUSINESS,,,,,2026-09-19 18:51:00,2026-09-20 06:51:00,36.16999999991994,-86.68000000035076
20260567871_11,20260567871,DISPATCHED,OPEN,Open,BROADWAY,APARTMENT,13B,SIMPLE ASSLT,PERSONAL (HANDS),Yes,I,INDIVIDUAL (18 AND OVER),M,W,Non-Hispanic,,2026-09-19 09:00:00,2026-09-20 06:25:00,36.159999999962295,-86.77999999963816
20260567633_11,20260567633,DISPATCHED,OPEN,Open,MILLWOOD DR,"RESIDENCE, HOME",13B,SIMPLE ASSLT,PERSONAL (HANDS),Yes,I,INDIVIDUAL (18 AND OVER),F,W,Hispanic,,2026-09-19 07:00:00,2026-09-20 06:22:00,36.12999999970263,-86.71000000013699
20260567632_11,20260567632,DISPATCHED,OPEN,Open,MILLWOOD DR,"RESIDENCE, HOME",13B,SIMPLE ASSLT,PERSONAL (HANDS),Yes,I,INDIVIDUAL (18 AND OVER),F,W,Hispanic,,2026-08-17 15:00:00,2026-09-20 06:13:00,36.12999999970263,-86.71000000013699
20260567631_11,20260567631,DISPATCHED,OPEN,Open,MILLWOOD DR,"RESIDENCE, HOME",13B,SIMPLE ASSLT,PERSONAL (HANDS),Yes,I,INDIVIDUAL (18 AND OVER),F,W,Hispanic,,2026-08-04 15:00:00,2026-09-20 06:01:00,36.12999999970263,-86.71000000013699
20260568014_11,20260568014,SUSPECT,CLEARED BY ARREST,Closed,308 308,"BAR, NIGHT CLUB",13B,SIMPLE ASSLT,PERSONAL (HANDS),Yes,I,INDIVIDUAL (18 AND OVER),F,W,Non-Hispanic,37201,2026-09-20 05:10:00,2026-09-20 06:01:00,36.162000000041736,-86.77600000020564
20260567916_11,20260567916,DISPATCHED,CLEARED BY ARREST,Closed,706 706,"RESIDENCE, HOME",13A,INTENTIONAL AGGRAVATED ASSAULT,LETHAL/CUTTING INSTRUMENT,Yes,I,INDIVIDUAL (18 AND OVER),F,W,Non-Hispanic,37207,2026-09-20 04:00:00,2026-09-20 06:00:00,36.183000000200536,-86.76899999962671
20260567965_11,20260567965,SUSPECT,OPEN,Open,LAFAYETTE ST,"HIGHWAY, ROAD, ALLEY",780,"RECOVERY, STOLEN PROPERTY",NONE,No,I,INDIVIDUAL (18 AND OVER),F,W,Non-Hispanic,,2026-09-20 04:46:00,2026-09-20 05:55:00,36.15000000024567,-86.75999999978066
20260568010_11,20260568010,DISPATCHED,OPEN,Open,MURFREESBORO PIKE,ATM Separate from Bank,120,"ROBBERY, AGGRAVATED, HANDGUN",HANDGUN,No,I,INDIVIDUAL (18 AND OVER),F,B,Non-Hispanic,,2026-09-19 16:55:00,2026-09-20 05:51:00,36.06999999966938,-86.6399999997375
20260568010_22,20260568010,DISPATCHED,OPEN,Open,MURFREESBORO PIKE,ATM Separate from Bank,520,"WEAPON OFFENSE, CRIMINAL ATTEMPT",HANDGUN,No,S,SOCIETY,,,,,2026-09-19 16:55:00,2026-09-20 05:51:00,36.06999999966938,-86.6399999997375
20260567772_11,20260567772,DISPATCHED,OPEN,Open,ALBANY DR,"RESIDENCE, HOME",13B,SIMPLE ASSLT,PERSONAL (HANDS),No,I,INDIVIDUAL (18 AND OVER),F,W,Non-Hispanic,,2026-09-20 02:00:00,2026-09-20 05:26:00,36.209999999706326,-86.60000000002253
20260567772_12,20260567772,DISPATCHED,OPEN,Open,ALBANY DR,"RESIDENCE, HOME",13B,SIMPLE ASSLT,PERSONAL (HANDS),No,I,INDIVIDUAL (18 AND OVER),F,W,Non-Hispanic,,2026-09-20 02:00:00,2026-09-20 05:26:00,36.209999999706326,-86.60000000002253
20260567933_11,20260567933,SUSPECT,CLEARED BY ARREST,Closed,3051 3051,"HIGHWAY, ROAD, ALLEY",35A,MARIJUANA - POSSESS,NONE,No,S,SOCIETY,,,,37207,2026-09-20 04:30:00,2026-09-20 05:24:00,36.23200000030522,-86.77400000004023
20260567565_11,20260567565,DISPATCHED,CLEARED BY ARREST,Closed,I40  E & STEWARTS FERRY PIKE,"HIGHWAY, ROAD, ALLEY",35A,MARIJUANA - POSSESS,NONE,No,S,SOCIETY,,,,37214,2026-09-20 02:01:00,2026-09-20 05:09:00,36.15599999977934,-86.62899999972605
20260567596_11,20260567596,DISPATCHED,OPEN,Open,CHURCH ST,Park/Playground,23H,THEFT OF PROPERTY- $500 OR LESS,NONE,No,I,INDIVIDUAL (18 AND OVER),M,W,Non-Hispanic,,2026-09-20 01:00:00,2026-09-20 05:08:00,36.159999999962295,-86.77999999963816
20260567917_11,20260567917,DISPATCHED,OPEN,Open,ZERMATT AVE,APARTMENT,220,BURGLARY - AGGRAVATED,Unarmed,No,I,INDIVIDUAL (18 AND OVER),F,W,Non-Hispanic,,2026-09-20 04:21:00,2026-09-20 04:48:00,36.0399999997254,-86.72000000006571
20260567892_11,20260567892,DISPATCHED,OPEN,Open,11TH AVE S,"HOTEL, MOTEL, ETC.",13B,SIMPLE ASSLT,PERSONAL (HANDS),No,I,INDIVIDUAL (18 AND OVER),M,W,Non-Hispanic,,2026-09-20 04:10:00,2026-09-20 04:47:00,36.15000000024567,-86.77999999963816
20260567892_22,20260567892,DISPATCHED,OPEN,Open,11TH AVE S,"HOTEL, MOTEL, ETC.",13C,ASSAULT- FEAR OF BODILY INJURY,,No,I,INDIVIDUAL (18 AND OVER),M,W,Non-Hispanic,,2026-09-20 04:10:00,2026-09-20 04:47:00,36.15000000024567,-86.77999999963816
20260567634_11,20260567634,DISPATCHED,OPEN,Open,STEWARTS FERRY PIKE,APARTMENT,13A,"Assault, Aggravated - Deadly Weapon - Int/Kn",HANDGUN,Yes,I,INDIVIDUAL (18 AND OVER),F,W,Non-Hispanic,,2026-09-20 01:30:00,2026-09-20 04:43:00,36.159999999962295,-86.62999999980876
20260567634_22,20260567634,DISPATCHED,OPEN,Open,STEWARTS FERRY PIKE,APARTMENT,520,"WEAPON OFFENSE, CRIMINAL ATTEMPT",HANDGUN,No,S,SOCIETY,,,,,2026-09-20 01:30:00,2026-09-20 04:43:00,36.159999999962295,-86.62999999980876
20260567722_11,20260567722,DISPATCHED,OPEN,Open,HARLIN DR,"RESIDENCE, HOME",13B,ASSAULT- OFFENSIVE OR PROVOCATIVE CONTACT,PERSONAL (HANDS),Yes,I,INDIVIDUAL (18 AND OVER),F,W,Hispanic,,2026-09-20 02:30:00,2026-09-20 04:33:00,36.10999999969955,-86.74999999985195
20260567722_12,20260567722,DISPATCHED,OPEN,Open,HARLIN DR,"RESIDENCE, HOME",13B,ASSAULT- OFFENSIVE OR PROVOCATIVE CONTACT,PERSONAL (HANDS),Yes,I,INDIVIDUAL (18 AND OVER),F,W,Hispanic,,2026-09-20 02:30:00,2026-09-20 04:33:00,36.10999999969955,-86.74999999985195
20260567722_22,20260567722,DISPATCHED,OPEN,Open,HARLIN DR,"RESIDENCE, HOME",290,"VANDALISM- >$1,000 BUT < $2,500",Unarmed,Yes,I,INDIVIDUAL (18 AND OVER),F,W,Hispanic,,2026-09-20 02:30:00,2026-09-20 04:33:00,36.10999999969955,-86.74999999985195
20260567889_11,20260567889,DISPATCHED,OPEN,Open,GALLATIN PIKE S,"PARKING LOT, GARAGE",13B,ASSAULT- OFFENSIVE OR PROVOCATIVE CONTACT,PERSONAL (HANDS),No,I,INDIVIDUAL (18 AND OVER),M,W,Hispanic,,2026-09-20 04:05:00,2026-09-20 04:26:00,36.25000000002025,-86.72000000006571
20260567561_11,20260567561,DISPATCHED,OPEN,Open,22ND AVE N,APARTMENT,13A,"Assault, Aggravated - Deadly Weapon - Reckless",HANDGUN,No,I,INDIVIDUAL (18 AND OVER),M,B,Non-Hispanic,,2026-09-20 00:40:00,2026-09-20 04:19:00,36.18000000021363,-86.81000000032267
20260567561_24,20260567561,DISPATCHED,OPEN,Open,22ND AVE N,APARTMENT,520,"WEAPON OFFENSE, CRIMINAL ATTEMPT",HANDGUN,No,S,SOCIETY,,,,,2026-09-20 00:40:00,2026-09-20 04:19:00,36.18000000021363,-86.81000000032267
20260567769_11,20260567769,DISPATCHED,OPEN,Open,ALBION ST,"HIGHWAY, ROAD, ALLEY",23H,THEFT OF PROPERTY- $500 OR LESS,NONE,No,I,INDIVIDUAL (18 AND OVER),F,W,Non-Hispanic,,2026-09-12 13:00:00,2026-09-20 04:03:00,36.16999999991994,-86.81000000032267
20260567762_11,20260567762,DISPATCHED,OPEN,Open,JEFFERSON ST,"PARKING LOT, GARAGE",23F,BURGLARY- MOTOR VEHICLE,NONE,No,I,INDIVIDUAL (18 AND OVER),F,B,Non-Hispanic,,2026-09-20 01:00:00,2026-09-20 04:00:00,36.16999999991994,-86.82000000025143
20260567774_11,20260567774,SUSPECT,CLEARED BY ARREST,Closed,GALLATIN PIKE S & EMMITT AVE,Park/Playground,35A,POSSESSION OF A CONTROLLED SUBSTANCE,NONE,No,S,SOCIETY,,,,37115,2026-09-20 03:20:00,2026-09-20 03:53:00,36.25300000035104,-86.71699999981759
20260567666_11,20260567666,DISPATCHED,OPEN,Open,BROADWAY,"PARKING LOT, GARAGE",290,"VANDALISM- $1,000 OR LESS",PERSONAL (HANDS),No,I,INDIVIDUAL (18 AND OVER),M,W,Non-Hispanic,,2026-09-18 23:00:00,2026-09-20 03:50:00,36.159999999962295,-86.77999999963816
20260567626_11,20260567626,DISPATCHED,OPEN,Open,6TH AVE N,"BAR, NIGHT CLUB",13B,SIMPLE ASSLT,PERSONAL (HANDS),No,I,INDIVIDUAL (18 AND OVER),M,W,Non-Hispanic,,2026-07-26 04:00:00,2026-09-20 03:37:00,36.18000000021363,-86.7899999995669
20260567815_11,20260567815,SUSPECT,UNFOUNDED,Closed,REP JOHN LEWIS & BROADWAY,"HIGHWAY, ROAD, ALLEY",715,FOUND PROPERTY,NONE,No,I,INDIVIDUAL (18 AND OVER),M,W,Non-Hispanic,37203,2026-09-20 03:17:00,2026-09-20 03:17:00,36.159999999962295,-86.77800000037105
20260567770_11,20260567770,SUSPECT,UNFOUNDED,Closed,REP JOHN LEWIS & BROADWAY,"HIGHWAY, ROAD, ALLEY",715,FOUND PROPERTY,NONE,No,I,INDIVIDUAL (18 AND OVER),F,W,Non-Hispanic,37203,2026-09-20 03:17:00,2026-09-20 03:17:00,36.159999999962295,-86.77800000037105
20260567725_11,20260567725,DISPATCHED,CLEARED BY ARREST,Closed,5706 5706,"DEPARTMENT, DISCOUNT STORE",13B,SIMPLE ASSLT,PERSONAL (HANDS),No,I,INDIVIDUAL (18 AND OVER),F,B,Non-Hispanic,37211,2026-09-20 02:40:00,2026-09-20 03:13:00,36.046999999895846,-86.71300000038511
20260567725_12,20260567725,DISPATCHED,CLEARED BY ARREST,Closed,5706 5706,"DEPARTMENT, DISCOUNT STORE",13B,SIMPLE ASSLT,PERSONAL (HANDS),No,I,INDIVIDUAL (18 AND OVER),F,B,Non-Hispanic,37211,2026-09-20 02:40:00,2026-09-20 03:13:00,36.046999999895846,-86.71300000038511
20260567558_11,20260567558,DISPATCHED,OPEN,Open,PENNSYLVANIA AVE,"HIGHWAY, ROAD, ALLEY",23F,BURGLARY - MOTOR VEHICLE,NONE,No,I,INDIVIDUAL (18 AND OVER),M,W,Non-Hispanic,,2026-09-19 22:00:00,2026-09-20 03:11:00,36.159999999962295,-86.85999999996638
20260567558_12,20260567558,DISPATCHED,OPEN,Open,PENNSYLVANIA AVE,"HIGHWAY, ROAD, ALLEY",23F,BURGLARY - MOTOR VEHICLE,NONE,No,I,INDIVIDUAL (18 AND OVER),M,W,Non-Hispanic,,2026-09-19 22:00:00,2026-09-20 03:11:00,36.159999999962295,-86.85999999996638
20260567679_11,20260567679,DISPATCHED,OPEN,Open,W TRINITY LN,"PARKING LOT, GARAGE",780,"RECOVERY, STOLEN PROPERTY",NONE,No,I,INDIVIDUAL (18 AND OVER),F,W,Non-Hispanic,,2026-09-20 02:00:00,2026-09-20 03:07:00,36.209999999706326,-86.76999999970943
20260567649_11,20260567649,DISPATCHED,OPEN,Open,MURFREESBORO PIKE,"RESIDENCE, HOME",23F,BURGLARY - MOTOR VEHICLE,Unarmed,No,I,INDIVIDUAL (18 AND OVER),F,W,Hispanic,,2026-09-20 01:00:00,2026-09-20 03:03:00,36.099999999750025,-86.65999999959497
20260567610_11,20260567610,DISPATCHED,OPEN,Open,DICKERSON PIKE,"RESIDENCE, HOME",760,OVERDOSE,NONE,No,I,INDIVIDUAL (18 AND OVER),M,W,Non-Hispanic,,2026-09-20 01:27:00,2026-09-20 02:51:00,36.28000000026564,-86.74999999985195
20260567701_11,20260567701,DISPATCHED,OPEN,Open,TIDWELL RD,"RESIDENCE, HOME",23D,LARC - FROM BLDG,NONE,No,I,INDIVIDUAL (18 AND OVER),F,W,Non-Hispanic,,2026-08-28 05:00:00,2026-09-20 02:43:00,36.10999999969955,-86.92000000043713
20260567650_11,20260567650,DISPATCHED,OPEN,Open,HARDING PIKE,"PARKING LOT, GARAGE",240,"THEFT OF VEHICLE-2,500 OR > BUT<$10,000",NONE,No,I,INDIVIDUAL (18 AND OVER),F,W,Non-Hispanic,,2026-09-19 22:29:00,2026-09-20 02:29:00,36.12999999970263,-86.84000000010889
20260567639_11,20260567639,DISPATCHED,OPEN,Open,SAUNDERS AVE,"RESIDENCE, HOME",13B,ASSAULT- OFFENSIVE OR PROVOCATIVE CONTACT,PERSONAL (HANDS),Yes,I,INDIVIDUAL (18 AND OVER),M,W,Non-Hispanic,,2026-09-20 01:30:00,2026-09-20 02:23:00,36.23999999981472,-86.72999999999446
20260567645_11,20260567645,DISPATCHED,OPEN,Open,VALLEY GROVE DR,"RESIDENCE, HOME",290,"VANDALISM- $1,000 OR LESS",,No,I,INDIVIDUAL (18 AND OVER),F,W,Non-Hispanic,,2026-09-20 01:28:00,2026-09-20 02:15:00,36.16999999991994,-86.59000000009381
20260567606_11,20260567606,DISPATCHED,OPEN,Open,HIGHWAY 70  S,"RESIDENCE, HOME",13B,SIMPLE ASSLT,PERSONAL (HANDS),Yes,I,INDIVIDUAL (18 AND OVER),M,W,Non-Hispanic,,2026-09-20 00:30:00,2026-09-20 02:12:00,36.06999999966938,-86.93000000036587
20260567606_12,20260567606,DISPATCHED,OPEN,Open,HIGHWAY 70  S,"RESIDENCE, HOME",13B,SIMPLE ASSLT,PERSONAL (HANDS),Yes,I,INDIVIDUAL (18 AND OVER),F,W,Non-Hispanic,,2026-09-20 00:30:00,2026-09-20 02:12:00,36.06999999966938,-86.93000000036587
20260567662_11,20260567662,SUSPECT,OPEN,Open,,"HIGHWAY, ROAD, ALLEY",13A,ASSAULT,PERSONAL (HANDS),No,I,INDIVIDUAL (18 AND OVER),M,W,Non-Hispanic,,2026-09-19 07:00:00,2026-09-20 02:11:00,,
20260567600_11,20260567600,DISPATCHED,OPEN,Open,BRIDGEWAY CIR,APARTMENT,240,VEHICLE THEFT,NONE,No,I,INDIVIDUAL (18 AND OVER),F,B,Non-Hispanic,,2026-09-20 00:30:00,2026-09-20 02:05:00,36.099999999750025,-86.72000000006571
20260567548_11,20260567548,DISPATCHED,,Closed,553 553,"PARKING LOT, GARAGE",13B,ASSAULT- OFFENSIVE OR PROVOCATIVE CONTACT,PERSONAL (HANDS),No,I,INDIVIDUAL (18 AND OVER),M,W,Non-Hispanic,37210,2026-09-20 00:15:00,2026-09-20 02:04:00,36.1420000001408,-86.74200000008861
20260567595_11,20260567595,DISPATCHED,OPEN,Open,MURFREESBORO PIKE,"RESIDENCE, HOME",13C,ASSAULT- FEAR OF BODILY INJURY,,Yes,I,INDIVIDUAL (18 AND OVER),F,B,Non-Hispanic,,2026-09-19 09:00:00,2026-09-20 01:56:00,36.12000000013524,-86.70000000020825
20260567443_11,20260567443,DISPATCHED,CLEARED BY ARREST,Closed,312 312,"BAR, NIGHT CLUB",13B,SIMPLE ASSLT,PERSONAL (HANDS),No,I,INDIVIDUAL (18 AND OVER),M,W,Non-Hispanic,37201,2026-09-19 22:00:00,2026-09-20 01:45:00,36.162000000041736,-86.77600000020564
20260567534_11,20260567534,DISPATCHED,CLEARED BY ARREST,Closed,627 627,APARTMENT,13B,SIMPLE ASSLT,PERSONAL (HANDS),Yes,I,INDIVIDUAL (18 AND OVER),F,W,Non-Hispanic,37206,2026-09-20 00:19:00,2026-09-20 01:45:00,36.1629999998043,-86.75600000034818
20260567569_11,20260567569,DISPATCHED,OPEN,Open,OAK VALLEY DR,"RESIDENCE, HOME",13A,"Assault, Aggravated - Deadly Weapon - Reckless",HANDGUN,No,I,INDIVIDUAL (18 AND OVER),M,B,Non-Hispanic,,2026-09-20 00:00:00,2026-09-20 01:28:00,36.22999999987656,-86.75999999978066
20260567569_12,20260567569,DISPATCHED,OPEN,Open,OAK VALLEY DR,"RESIDENCE, HOME",13A,"Assault, Aggravated - Deadly Weapon - Reckless",HANDGUN,No,I,INDIVIDUAL (18 AND OVER),F,B,Non-Hispanic,,2026-09-20 00:00:00,2026-09-20 01:28:00,36.22999999987656,-86.75999999978066
20260567569_13,20260567569,DISPATCHED,OPEN,Open,OAK VALLEY DR,"RESIDENCE, HOME",13A,"Assault, Aggravated - Deadly Weapon - Reckless",HANDGUN,No,I,INDIVIDUAL (18 AND OVER),F,B,Non-Hispanic,,2026-09-20 00:00:00,2026-09-20 01:28:00,36.22999999987656,-86.75999999978066
20260567569_14,20260567569,DISPATCHED,OPEN,Open,OAK VALLEY DR,"RESIDENCE, HOME",13A,"Assault, Aggravated - Deadly Weapon - Reckless",HANDGUN,No,I,INDIVIDUAL (18 AND OVER),M,B,Non-Hispanic,,2026-09-20 00:00:00,2026-09-20 01:28:00,36.22999999987656,-86.75999999978066
20260567569_25,20260567569,DISPATCHED,OPEN,Open,OAK VALLEY DR,"HIGHWAY, ROAD, ALLEY",520,"WEAPON OFFENSE, CRIMINAL ATTEMPT",HANDGUN,No,S,SOCIETY,,,,,2026-09-20 00:00:00,2026-09-20 01:28:00,36.22999999987656,-86.75999999978066
20260567482_11,20260567482,DISPATCHED,OPEN,Open,11TH,SPECIALTY STORE,23C,SHOPLIFTING,,No,B,BUSINESS,,,,,2026-09-19 23:14:00,2026-09-20 01:21:00,36.15000000024567,-86.77999999963816
20260567541_11,20260567541,DISPATCHED,OPEN,Open,MURFREESBORO,"HIGHWAY, ROAD, ALLEY",13A,AGGRAV ASSLT - NONFAMILY-WEAPON,CLUB,No,I,INDIVIDUAL (18 AND OVER),M,W,Hispanic,,2026-09-20 00:25:00,2026-09-20 01:05:00,36.0800000001956,-86.6399999997375
20260567541_21,20260567541,DISPATCHED,OPEN,Open,MURFREESBORO,"HIGHWAY, ROAD, ALLEY",290,DAMAGE PROP - PRIVATE,CLUB,No,I,INDIVIDUAL (18 AND OVER),M,W,Hispanic,,2026-09-20 00:25:00,2026-09-20 01:05:00,36.0800000001956,-86.6399999997375
20260567551_11,20260567551,DISPATCHED,OPEN,Open,CHARLOTTE PIKE,RESTAURANT,290,"VANDALISM- $1,000 OR LESS",PERSONAL (HANDS),No,B,BUSINESS,,,,,2026-09-20 00:25:00,2026-09-20 01:05:00,36.12999999970263,-86.88999999975259
20260567562_11,20260567562,DISPATCHED,UNFOUNDED,Closed,307 307,"BAR, NIGHT CLUB",715,FOUND PROPERTY,,No,I,INDIVIDUAL (18 AND OVER),M,W,Non-Hispanic,37201,2026-09-20 00:40:00,2026-09-20 00:59:00,36.16099999985248,-86.77600000020564
20260567419_11,20260567419,DISPATCHED,OPEN,Open,BLANK ST,APARTMENT,290,"VANDALISM- $1,000 OR LESS",OTHER,Yes,I,INDIVIDUAL (18 AND OVER),F,B,Non-Hispanic,,2026-09-19 22:00:00,2026-09-20 00:13:00,36.16999999991994,-86.80000000039394
20260567438_11,20260567438,DISPATCHED,CLEARED BY ARREST,Closed,391 391,HOSPITAL,290,DAMAGE PROP - BUSINESS,PERSONAL (HANDS),No,B,BUSINESS,,,,37211,2026-09-19 10:10:00,2026-09-20 00:09:00,36.077000000032335,-86.72100000014842
20260567471_11,20260567471,DISPATCHED,UNFOUNDED,Closed,4220 4220,HOSPITAL,780,"RECOVERY, STOLEN PROPERTY",NONE,No,I,INDIVIDUAL (18 AND OVER),F,U,Unknown,37205,2026-09-20 00:00:00,2026-09-20 00:00:00,36.128999999969736,-86.84400000043972
20260567471_12,20260567471,DISPATCHED,UNFOUNDED,Closed,4220 4220,HOSPITAL,780,"RECOVERY, STOLEN PROPERTY",NONE,No,I,INDIVIDUAL (18 AND OVER),F,B,Non-Hispanic,37205,2026-09-20 00:00:00,2026-09-20 00:00:00,36.128999999969736,-86.84400000043972
20260567453_11,20260567453,DISPATCHED,OPEN,Open,ANNEX AVE,"HIGHWAY, ROAD, ALLEY",23F,BURGLARY- MOTOR VEHICLE,NONE,No,I,INDIVIDUAL (18 AND OVER),F,B,Non-Hispanic,,2026-09-19 20:00:00,2026-09-19 23:16:00,36.15000000024567,-86.88999999975259
20260567465_11,20260567465,WITNESS,OPEN,Open,KOREAN VETERANS,"BAR, NIGHT CLUB",120,ROBBERY,Unarmed,No,I,INDIVIDUAL (18 AND OVER),M,W,Non-Hispanic,,2026-09-18 23:10:00,2026-09-19 23:10:00,36.159999999962295,-86.76999999970943
20260567428_11,20260567428,DISPATCHED,UNFOUNDED,Closed,805 805,APARTMENT,810,LOST PROPERTY,,No,I,INDIVIDUAL (18 AND OVER),M,W,Non-Hispanic,37203,2026-09-19 19:45:00,2026-09-19 23:06:00,36.1539999996859,-86.77999999963816
20260567402_11,20260567402,DISPATCHED,OPEN,Open,HILLSBORO,SPECIALTY STORE,23C,"THEFT OF MERCHANDISE- $1,000 OR LESS",NONE,No,B,BUSINESS,,,,,2026-09-19 22:30:00,2026-09-19 23:03:00,36.099999999750025,-86.82000000025143
20260567383_11,20260567383,DISPATCHED,OPEN,Open,GREAT CIRCLE RD,"PARKING LOT, GARAGE",290,"VANDALISM- >$1,000 BUT < $2,500",,No,I,INDIVIDUAL (18 AND OVER),M,W,Hispanic,,2026-09-19 09:00:00,2026-09-19 23:00:00,36.20000000001247,-86.81000000032267
20260567387_11,20260567387,DISPATCHED,OPEN,Open,8TH,"HOTEL, MOTEL, ETC.",23F,BURGLARY- MOTOR VEHICLE,NONE,No,I,INDIVIDUAL (18 AND OVER),F,W,Unknown,,2026-09-19 12:30:00,2026-09-19 22:49:00,36.159999999962295,-86.77999999963816
20260567411_11,20260567411,DISPATCHED,OPEN,Open,STEWARTS FERRY PIKE,APARTMENT,90Z,HARRASSMENT (NUISANCE),NONE,Yes,I,INDIVIDUAL (18 AND OVER),M,W,Non-Hispanic,,2026-09-19 22:48:00,2026-09-19 22:48:00,36.159999999962295,-86.62999999980876
20260567256_11,20260567256,DISPATCHED,OPEN,Open,MAUDINA AVE,APARTMENT,290,"VANDALISM- $1,000 OR LESS",Unarmed,Yes,I,INDIVIDUAL (18 AND OVER),F,B,Non-Hispanic,,2026-09-19 21:00:00,2026-09-19 22:43:00,36.13999999994927,-86.85999999996638
20260567373_11,20260567373,SUSPECT,UNFOUNDED,Closed,MURFREESBORO PIKE & PAVILION BLVD,"HIGHWAY, ROAD, ALLEY",780,"RECOVERY, STOLEN PROPERTY",NONE,No,I,INDIVIDUAL (18 AND OVER),F,B,Non-Hispanic,37217,2026-09-19 22:15:00,2026-09-19 22:24:00,36.13300000008577,-86.72100000014842
20260567363_11,20260567363,DISPATCHED,OPEN,Open,28TH AVE N,"HIGHWAY, ROAD, ALLEY",13B,ASSAULT- OFFENSIVE OR PROVOCATIVE CONTACT,OTHER,No,I,INDIVIDUAL (18 AND OVER),M,I,Non-Hispanic,,2026-09-19 21:00:00,2026-09-19 22:21:00,36.16999999991994,-86.82000000025143
20260567101_11,20260567101,DISPATCHED,REFUSED TO COOPERATE,Closed,604 604,"RESIDENCE, HOME",850,CONTEMPT - VIOLATION OF PROTECTION ORDER,NONE,Yes,I,INDIVIDUAL (18 AND OVER),F,W,Non-Hispanic,37221,2026-09-19 06:00:00,2026-09-19 22:20:00,36.03500000007072,-86.96399999958459
20260567341_11,20260567341,DISPATCHED,OPEN,Open,28TH AVE N,"HIGHWAY, ROAD, ALLEY",13C,ASSAULT- FEAR OF BODILY INJURY,,No,I,INDIVIDUAL (18 AND OVER),F,B,Non-Hispanic,,2026-09-19 21:20:00,2026-09-19 22:16:00,36.16999999991994,-86.82000000025143
20260567341_12,20260567341,DISPATCHED,OPEN,Open,28TH AVE N,"HIGHWAY, ROAD, ALLEY",13C,ASSAULT- FEAR OF BODILY INJURY,,No,I,INDIVIDUAL (18 AND OVER),M,B,Non-Hispanic,,2026-09-19 21:20:00,2026-09-19 22:16:00,36.16999999991994,-86.82000000025143
20260567318_11,20260567318,DISPATCHED,UNFOUNDED,Closed,1631 1631,"SERVICE, GAS STATION",760,OVERDOSE,NONE,No,I,INDIVIDUAL (18 AND OVER),F,W,Non-Hispanic,37210,2026-09-19 21:50:00,2026-09-19 21:50:00,36.14500000022128,-86.71300000038511
20260567311_11,20260567311,DISPATCHED,UNFOUNDED,Closed,305 305,"BAR, NIGHT CLUB",810,LOST PROPERTY,NONE,No,I,INDIVIDUAL (18 AND OVER),F,B,Non-Hispanic,37201,2026-09-19 05:20:00,2026-09-19 21:47:00,36.16099999985248,-86.77600000020564
20260567296_11,20260567296,DISPATCHED,OPEN,Open,12TH,SPECIALTY STORE,23C,SHOPLIFTING,PERSONAL (HANDS),No,B,BUSINESS,,,,,2026-09-19 20:30:00,2026-09-19 21:30:00,36.12999999970263,-86.7899999995669
20260567263_11,20260567263,DISPATCHED,OPEN,Open,HENEY DR,"RESIDENCE, HOME",13B,SIMPLE ASSLT - STRANGULATION (NO LOSS OF CONSCIOUSNESS),PERSONAL (HANDS),Yes,I,INDIVIDUAL (18 AND OVER),F,W,Hispanic,,2026-09-19 20:21:00,2026-09-19 21:22:00,36.15000000024567,-86.67000000042204
20260567216_11,20260567216,DISPATCHED,OPEN,Open,HENEY DR,APARTMENT,13B,"ASSAULT, DOMESTIC, BODILY INJURY 2ND OFFENSE",PERSONAL (HANDS),Yes,I,INDIVIDUAL (18 AND OVER),F,W,Hispanic,,2026-09-19 21:22:00,2026-09-19 21:22:00,36.15000000024567,-86.67000000042204
20260567305_11,20260567305,DISPATCHED,OPEN,Open,ATRIUM,"HOTEL, MOTEL, ETC.",240,VEHICLE THEFT,Unarmed,No,I,INDIVIDUAL (18 AND OVER),M,W,Non-Hispanic,,2026-09-13 01:00:00,2026-09-19 21:19:00,36.159999999962295,-86.69000000027951
20260567243_11,20260567243,DISPATCHED,OPEN,Open,CHARLOTTE AVE,RESTAURANT,13C,ASSAULT- FEAR OF BODILY INJURY,,No,I,INDIVIDUAL (18 AND OVER),F,B,Non-Hispanic,,2026-09-19 00:00:00,2026-09-19 21:19:00,36.159999999962295,-86.80000000039394
20260567254_11,20260567254,DISPATCHED,OPEN,Open,,"HIGHWAY, ROAD, ALLEY",240,"THEFT OF VEHICLE-2,500 OR > BUT<$10,000",Unarmed,No,I,INDIVIDUAL (18 AND OVER),F,B,Non-Hispanic,,2026-09-18 02:30:00,2026-09-19 21:17:00,36.19000000021294,-86.69000000027951
20260567293_11,20260567293,DISPATCHED,OPEN,Open,CLEVES ST,"RESIDENCE, HOME",90Z,HARRASSMENT (NUISANCE),NONE,No,I,INDIVIDUAL (18 AND OVER),F,W,Non-Hispanic,,2026-09-19 20:50:00,2026-09-19 21:10:00,36.25999999986106,-86.64999999966624
20260567246_11,20260567246,DISPATCHED,OPEN,Open,RIVERFRONT DR,"RESIDENCE, HOME",23H,"THEFT OF PROPERTY- $1,000 OR >  BUT < $10,000",PERSONAL (HANDS),No,I,INDIVIDUAL (18 AND OVER),M,W,Hispanic,,2026-09-19 16:28:00,2026-09-19 20:51:00,36.09000000018983,-86.99999999986703
20260567181_11,20260567181,DISPATCHED,OPEN,Open,CHARLES E DAVIS BLVD,"RESIDENCE, HOME",695,UNKNOWN DEATH,,No,I,INDIVIDUAL (18 AND OVER),M,B,Non-Hispanic,,2026-09-19 19:31:00,2026-09-19 20:13:00,36.15000000024567,-86.75999999978066
20260567294_11,20260567294,DISPATCHED,OPEN,Open,MURFREESBORO PIKE,RESTAURANT,23C,SHOPLIFTING,NONE,No,B,BUSINESS,,,,,2026-09-19 19:50:00,2026-09-19 20:02:00,36.06999999966938,-86.6399999997375
20260567196_11,20260567196,DISPATCHED,OPEN,Open,VICTORY,"COMMERCIAL, OFFICE BUILDING",23H,THEFT OF PROPERTY- $500 OR LESS,NONE,No,B,BUSINESS,,,,,2026-09-19 19:40:00,2026-09-19 20:00:00,36.159999999962295,-86.76999999970943
20260567159_11,20260567159,DISPATCHED,UNFOUNDED,Closed,1405 1405,Auto Salvage/Junkyard,780,"RECOVERY, STOLEN PROPERTY",NONE,No,I,INDIVIDUAL (18 AND OVER),F,W,Non-Hispanic,37210,2026-09-19 18:55:00,2026-09-19 19:52:00,36.15299999973159,-86.72499999958093
20260567125_11,20260567125,DISPATCHED,OPEN,Open,NOLENSVILLE PIKE,"PARKING LOT, GARAGE",23F,BURGLARY - MOTOR VEHICLE,Unarmed,No,I,INDIVIDUAL (18 AND OVER),M,W,Hispanic,,2026-09-19 17:30:00,2026-09-19 19:49:00,36.06999999966938,-86.72000000006571
20260567136_11,20260567136,DISPATCHED,CLEARED BY ARREST,Closed,4820 4820,"RESIDENCE, HOME",13B,SIMPLE ASSLT - STRANGULATION (NO LOSS OF CONSCIOUSNESS),PERSONAL (HANDS),Yes,I,INDIVIDUAL (18 AND OVER),F,A,Unknown,37211,2026-09-18 21:00:00,2026-09-19 19:35:00,36.08599999980248,-86.70599999980617
20260567090_11,20260567090,DISPATCHED,UNFOUNDED,Closed,2000 2000,"PARKING LOT, GARAGE",740,TRANSPORT,NONE,No,I,INDIVIDUAL (18 AND OVER),M,W,Non-Hispanic,37203,2026-09-19 18:00:00,2026-09-19 19:33:00,36.1539999996859,-86.80199999966105
20260567043_11,20260567043,DISPATCHED,OPEN,Open,LISCHEY AVE,"RESIDENCE, HOME",13B,SIMPLE ASSLT,PERSONAL (HANDS),No,I,INDIVIDUAL (18 AND OVER),M,B,Non-Hispanic,,2026-09-19 17:00:00,2026-09-19 19:26:00,36.18000000021363,-86.76999999970943
20260567237_11,20260567237,DISPATCHED,OPEN,Open,CARUTHERS AVE,RESTAURANT,270,EMBEZZLE - BUSINESS PROP,NONE,No,B,BUSINESS,,,,,2026-07-01 05:00:00,2026-09-19 19:25:00,36.12999999970263,-86.7899999995669
20260567109_11,20260567109,DISPATCHED,OPEN,Open,OLD HICKORY BLVD W,"RESIDENCE, HOME",695,UNKNOWN DEATH,NONE,No,I,INDIVIDUAL (18 AND OVER),F,B,Non-Hispanic,,2026-09-19 18:00:00,2026-09-19 19:18:00,,
20260567114_11,20260567114,DISPATCHED,OPEN,Open,TENNESSEE AVE,"PARKING LOT, GARAGE",290,DAMAGE PROP - PRIVATE,OTHER,No,I,INDIVIDUAL (18 AND OVER),M,B,Non-Hispanic,,2026-09-18 23:00:00,2026-09-19 19:10:00,36.159999999962295,-86.84000000010889
20260567110_11,20260567110,DISPATCHED,OPEN,Open,TARGET DR,"PARKING LOT, GARAGE",240,VEHICLE THEFT,NONE,No,I,INDIVIDUAL (18 AND OVER),M,B,Non-Hispanic,,2026-09-18 23:00:00,2026-09-19 19:03:00,36.0399999997254,-86.65999999959497
20260567027_11,20260567027,SUSPECT,OPEN,Open,CLARKSVILLE PIKE,SPECIALTY STORE,26B,FRAUD -  ILLEG USE OF CREDIT CARDS,Unarmed,No,B,BUSINESS,,,,,2026-09-19 16:50:00,2026-09-19 18:36:00,36.19000000021294,-86.83000000018018
20260567074_11,20260567074,DISPATCHED,OPEN,Open,LISCHEY AVE,"RESIDENCE, HOME",13C,ASSAULT- FEAR OF BODILY INJURY,,No,I,INDIVIDUAL (18 AND OVER),M,W,Non-Hispanic,,2026-09-17 18:24:00,2026-09-19 18:24:00,36.18000000021363,-86.76999999970943
20260567078_11,20260567078,DISPATCHED,OPEN,Open,MURFREESBORO PIKE,"HIGHWAY, ROAD, ALLEY",23F,BURGLARY- MOTOR VEHICLE,PERSONAL (HANDS),No,I,INDIVIDUAL (18 AND OVER),M,I,Hispanic,,2026-09-19 01:30:00,2026-09-19 18:22:00,36.02999999971792,-86.59000000009381
20260567012_14,20260567012,DISPATCHED,OPEN,Open,36TH AVE N,"RESIDENCE, HOME",26B,"CREDIT CARD, FRAUDULENT USE - $2,500 OR > BUT <$10,000",NONE,No,B,BUSINESS,,,,,2026-08-16 18:12:00,2026-09-19 18:12:00,36.15000000024567,-86.83000000018018
20260567012_15,20260567012,DISPATCHED,OPEN,Open,36TH AVE N,"RESIDENCE, HOME",26B,"CREDIT CARD, FRAUDULENT USE - $2,500 OR > BUT <$10,000",NONE,No,B,BUSINESS,,,,,2026-08-16 18:12:00,2026-09-19 18:12:00,36.15000000024567,-86.83000000018018
20260567012_11,20260567012,DISPATCHED,OPEN,Open,36TH AVE N,"RESIDENCE, HOME",26B,"CREDIT CARD, FRAUDULENT USE - $2,500 OR > BUT <$10,000",NONE,No,B,BUSINESS,,,,,2026-08-16 18:12:00,2026-09-19 18:12:00,36.15000000024567,-86.83000000018018
20260567012_12,20260567012,DISPATCHED,OPEN,Open,36TH AVE N,"RESIDENCE, HOME",26B,"CREDIT CARD, FRAUDULENT USE - $2,500 OR > BUT <$10,000",NONE,No,B,BUSINESS,,,,,2026-08-16 18:12:00,2026-09-19 18:12:00,36.15000000024567,-86.83000000018018
20260567012_13,20260567012,DISPATCHED,OPEN,Open,36TH AVE N,"RESIDENCE, HOME",26B,"CREDIT CARD, FRAUDULENT USE - $2,500 OR > BUT <$10,000",NONE,No,B,BUSINESS,,,,,2026-08-16 18:12:00,2026-09-19 18:12:00,36.15000000024567,-86.83000000018018
20260567051_11,20260567051,DISPATCHED,OPEN,Open,12TH AVE N,"RESIDENCE, HOME",220,BURGLARY,Unarmed,No,I,INDIVIDUAL (18 AND OVER),M,W,Non-Hispanic,,2026-09-19 00:00:00,2026-09-19 18:10:00,36.18000000021363,-86.80000000039394
20260567053_11,20260567053,DISPATCHED,UNFOUNDED,Closed,714 714,"HOTEL, MOTEL, ETC.",810,LOST PROPERTY,NONE,No,I,INDIVIDUAL (18 AND OVER),M,W,Non-Hispanic,37217,2026-09-18 11:25:00,2026-09-19 18:09:00,36.13899999995914,-86.72300000031382
20260567014_11,20260567014,DISPATCHED,OPEN,Open,OLD HICKORY,"PARKING LOT, GARAGE",13B,ASSAULT- OFFENSIVE OR PROVOCATIVE CONTACT,OTHER,No,I,INDIVIDUAL (18 AND OVER),F,B,Non-Hispanic,,2026-09-19 16:35:00,2026-09-19 18:01:00,36.25999999986106,-86.72000000006571
20260567024_11,20260567024,DISPATCHED,OPEN,Open,SPENCE LN,"PARKING LOT, GARAGE",23F,BURGLARY- MOTOR VEHICLE,Unarmed,No,I,INDIVIDUAL (18 AND OVER),F,B,Non-Hispanic,,2026-09-18 22:00:00,2026-09-19 17:57:00,36.13999999994927,-86.72000000006571
20260566831_11,20260566831,SUSPECT,CLEARED BY ARREST,Closed,1605 1605,"HIGHWAY, ROAD, ALLEY",250,"REGIS/PLATES, ALTER, FORGE, FALSIFY",NONE,No,G,GOVERNMENT,,,,37212,2026-09-19 14:50:00,2026-09-19 17:56:00,36.13899999995914,-86.80099999957834
20260567020_11,20260567020,DISPATCHED,OPEN,Open,BROOKRIDGE TRL,"PARKING LOT, GARAGE",240,VEHICLE THEFT,Unarmed,No,I,INDIVIDUAL (18 AND OVER),F,W,Non-Hispanic,,2026-09-19 15:45:00,2026-09-19 17:55:00,36.0800000001956,-86.72000000006571
20260566965_11,20260566965,DISPATCHED,OPEN,Open,VAILVIEW DR,"RESIDENCE, HOME",26A,FRAUD - SWINDLE,NONE,No,I,INDIVIDUAL (18 AND OVER),F,B,Non-Hispanic,,2026-09-18 09:00:00,2026-09-19 17:55:00,36.23999999981472,-86.75999999978066
20260567022_11,20260567022,DISPATCHED,OPEN,Open,BRILEY PKWY,"GROCERY, SUPERMARKET",26B,FRAUD -  ILLEG USE OF CREDIT CARDS,Unarmed,No,B,BUSINESS,,,,,2026-09-19 15:30:00,2026-09-19 17:35:00,36.13999999994927,-86.70000000020825
20260566897_11,20260566897,DISPATCHED,OPEN,Open,NOLENSVILLE PIKE,"PARKING LOT, GARAGE",240,VEHICLE THEFT,NONE,No,I,INDIVIDUAL (18 AND OVER),M,W,Non-Hispanic,,2026-08-19 05:00:00,2026-09-19 17:12:00,36.09000000018983,-86.7399999999232
20260566964_11,20260566964,DISPATCHED,OPEN,Open,BROADWAY,"BAR, NIGHT CLUB",23A,ROBBERY,Unarmed,No,I,INDIVIDUAL (18 AND OVER),M,W,Non-Hispanic,,2026-09-19 06:30:00,2026-09-19 17:05:00,36.159999999962295,-86.77999999963816
20260566856_11,20260566856,DISPATCHED,OPEN,Open,GLASTONBURY RD,APARTMENT,240,VEHICLE THEFT,NONE,No,I,INDIVIDUAL (18 AND OVER),F,B,Non-Hispanic,,2026-09-17 21:00:00,2026-09-19 16:56:00,36.159999999962295,-86.7399999999232
20260566971_11,20260566971,DISPATCHED,OPEN,Open,COMMERCE ST,"PARKING LOT, GARAGE",23F,BURGLARY- MOTOR VEHICLE,NONE,No,I,INDIVIDUAL (18 AND OVER),M,W,Non-Hispanic,,2026-09-19 03:00:00,2026-09-19 16:54:00,36.159999999962295,-86.77999999963816
20260566940_11,20260566940,DISPATCHED,OPEN,Open,DUKE,APARTMENT,240,VEHICLE THEFT,NONE,No,I,INDIVIDUAL (18 AND OVER),F,B,Unknown,,2026-09-19 03:51:00,2026-09-19 16:42:00,36.209999999706326,-86.76999999970943
20260566940_12,20260566940,DISPATCHED,OPEN,Open,DUKE,APARTMENT,240,VEHICLE THEFT,NONE,Yes,I,INDIVIDUAL (18 AND OVER),F,B,Unknown,,2026-09-19 03:51:00,2026-09-19 16:42:00,36.209999999706326,-86.76999999970943
20260566911_11,20260566911,DISPATCHED,OPEN,Open,EDMONDSON PIKE,"PARKING LOT, GARAGE",120,"ROBBERY, AGGRAVATED, HANDGUN",HANDGUN,No,I,INDIVIDUAL (18 AND OVER),M,W,Hispanic,,2026-09-19 15:30:00,2026-09-19 16:37:00,36.05999999996536,-86.7399999999232
20260566911_22,20260566911,DISPATCHED,OPEN,Open,EDMONDSON PIKE,"PARKING LOT, GARAGE",520,"WEAPON OFFENSE, CRIMINAL ATTEMPT",HANDGUN,No,S,SOCIETY,,,,,2026-09-19 15:30:00,2026-09-19 16:37:00,36.05999999996536,-86.7399999999232
20260566931_11,20260566931,DISPATCHED,OPEN,Open,CHARLOTTE PIKE,APARTMENT,26B,FRAUD -  ILLEG USE OF CREDIT CARDS,Unarmed,No,B,BUSINESS,,,,,2026-09-18 16:19:00,2026-09-19 16:19:00,36.13999999994927,-86.87999999982385
20260566860_11,20260566860,DISPATCHED,OPEN,Open,MAIN ST,Community Center,13C,ASSAULT- FEAR OF BODILY INJURY,,No,I,INDIVIDUAL (18 AND OVER),M,B,Non-Hispanic,,2026-09-19 15:13:00,2026-09-19 16:00:00,36.16999999991994,-86.75999999978066
20260566864_11,20260566864,DISPATCHED,OPEN,Open,HICKORY CLUB,"PARKING LOT, GARAGE",23F,BURGLARY- MOTOR VEHICLE,PERSONAL (HANDS),No,I,INDIVIDUAL (18 AND OVER),F,B,Non-Hispanic,,2026-09-19 05:30:00,2026-09-19 15:47:00,36.05000000025906,-86.6399999997375
20260566871_11,20260566871,DISPATCHED,UNFOUNDED,Closed,417 417,"HIGHWAY, ROAD, ALLEY",810,LOST PROPERTY,Unarmed,No,I,INDIVIDUAL (18 AND OVER),F,W,Non-Hispanic,,2026-09-18 16:00:00,2026-09-19 15:41:00,36.16399999986469,-86.77899999955544
20260566811_11,20260566811,DISPATCHED,UNFOUNDED,Closed,571 571,"COMMERCIAL, OFFICE BUILDING",810,LOST PROPERTY,,No,B,BUSINESS,,,,37210,2026-07-03 15:30:00,2026-09-19 15:23:00,36.1420000001408,-86.74200000008861
20260566838_11,20260566838,DISPATCHED,OPEN,Open,CHARLOTTE PIKE,APARTMENT,26E,FRAUD BY WIRE,Unarmed,No,I,INDIVIDUAL (18 AND OVER),M,B,Non-Hispanic,,2026-09-14 15:23:00,2026-09-19 15:23:00,36.13999999994927,-86.87999999982385
20260566819_11,20260566819,DISPATCHED,UNFOUNDED,Closed,207 207,"BAR, NIGHT CLUB",810,LOST PROPERTY,NONE,No,I,INDIVIDUAL (18 AND OVER),F,W,Non-Hispanic,37201,2026-09-19 05:30:00,2026-09-19 15:01:00,36.16399999986469,-86.77800000037105
20260566779_11,20260566779,DISPATCHED,OPEN,Open,GALLATIN PIKE N,"PARKING LOT, GARAGE",290,"COMPUTER VIOLATION, DAMAGE - $1,000 OR LESS",Unarmed,No,I,INDIVIDUAL (18 AND OVER),M,W,Unknown,,2026-09-19 00:30:00,2026-09-19 15:01:00,36.27000000015372,-86.71000000013699
20260566789_11,20260566789,DISPATCHED,OPEN,Open,CHEYENNE BLVD,"PARKING LOT, GARAGE",240,VEHICLE THEFT,NONE,No,I,INDIVIDUAL (18 AND OVER),F,W,Non-Hispanic,,2026-09-19 03:57:00,2026-09-19 14:50:00,36.25999999986106,-86.68000000035076
20260566789_22,20260566789,DISPATCHED,OPEN,Open,CHEYENNE BLVD,"PARKING LOT, GARAGE",23F,BURGLARY- MOTOR VEHICLE,,No,I,INDIVIDUAL (18 AND OVER),M,W,Hispanic,,2026-09-19 03:57:00,2026-09-19 14:50:00,36.25999999986106,-86.68000000035076
20260566772_11,20260566772,DISPATCHED,OPEN,Open,ROSA L PARKS,APARTMENT,23D,LARC - FROM BLDG,PERSONAL (HANDS),No,I,INDIVIDUAL (18 AND OVER),M,B,Non-Hispanic,,2026-09-18 23:00:00,2026-09-19 14:43:00,36.18000000021363,-86.80000000039394
20260566711_11,20260566711,DISPATCHED,OPEN,Open,ARROWHEAD DR,"HIGHWAY, ROAD, ALLEY",240,VEHICLE THEFT,NONE,No,I,INDIVIDUAL (18 AND OVER),F,W,Non-Hispanic,,2026-09-19 08:45:00,2026-09-19 14:43:00,,
20260566767_11,20260566767,DISPATCHED,UNFOUNDED,Closed,420 420,"HIGHWAY, ROAD, ALLEY",810,LOST PROPERTY,NONE,No,I,INDIVIDUAL (18 AND OVER),M,U,Unknown,37211,2026-09-18 23:00:00,2026-09-19 14:26:00,36.08800000003139,-86.69599999987742
20260566682_11,20260566682,DISPATCHED,OPEN,Open,W HILLWOOD DR,"RESIDENCE, HOME",13B,ASSAULT- OFFENSIVE OR PROVOCATIVE CONTACT,PERSONAL (HANDS),Yes,I,INDIVIDUAL (18 AND OVER),F,B,Non-Hispanic,,2026-09-19 12:00:00,2026-09-19 14:26:00,36.12999999970263,-86.88999999975259
20260566782_11,20260566782,DISPATCHED,OPEN,Open,LOCKWOOD DR,"RESIDENCE, HOME",13B,SIMPLE ASSLT,OTHER,Yes,I,INDIVIDUAL (18 AND OVER),M,B,Non-Hispanic,,2026-09-19 14:06:00,2026-09-19 14:24:00,36.13999999994927,-86.67000000042204
20260566782_22,20260566782,DISPATCHED,OPEN,Open,LOCKWOOD DR,"RESIDENCE, HOME",290,"VANDALISM- $1,000 OR LESS",PERSONAL (HANDS),No,I,INDIVIDUAL (18 AND OVER),F,B,Non-Hispanic,,2026-09-19 14:06:00,2026-09-19 14:24:00,36.13999999994927,-86.67000000042204
20260566713_11,20260566713,DISPATCHED,UNFOUNDED,Closed,905 905,"RESIDENCE, HOME",740,POLICE INQUIRY,NONE,Yes,I,INDIVIDUAL (18 AND OVER),F,W,Non-Hispanic,37206,2026-09-19 11:30:00,2026-09-19 14:17:00,36.18799999983186,-86.75400000018276
20260566698_11,20260566698,DISPATCHED,UNFOUNDED,Closed,300 300,APARTMENT,780,"RECOVERY, STOLEN PROPERTY",NONE,No,I,INDIVIDUAL (18 AND OVER),M,W,Hispanic,37115,2026-09-19 12:30:00,2026-09-19 14:14:00,36.24499999974243,-86.7159999997349
20260566783_11,20260566783,DISPATCHED,CLEARED BY ARREST,Closed,1624 1624,"RESIDENCE, HOME",13B,SIMPLE ASSLT - STRANGULATION (NO LOSS OF CONSCIOUSNESS),PERSONAL (HANDS),Yes,I,INDIVIDUAL (18 AND OVER),F,B,Non-Hispanic,37013,2026-09-19 13:30:00,2026-09-19 14:13:00,36.07400000013588,-86.64999999966624
20260566783_21,20260566783,DISPATCHED,CLEARED BY ARREST,Closed,1624 1624,"RESIDENCE, HOME",290,"VANDALISM- >$1,000 BUT < $2,500",PERSONAL (HANDS),Yes,I,INDIVIDUAL (18 AND OVER),F,B,Non-Hispanic,37013,2026-09-19 13:30:00,2026-09-19 14:13:00,36.07400000013588,-86.64999999966624
20260566643_11,20260566643,DISPATCHED,CLEARED BY ARREST,Closed,1285 1285,APARTMENT,13B,SIMPLE ASSLT,PERSONAL (HANDS),Yes,I,INDIVIDUAL (18 AND OVER),F,B,Non-Hispanic,37210,2026-09-19 11:00:00,2026-09-19 14:10:00,36.1420000001408,-86.76199999994608
20260566731_11,20260566731,DISPATCHED,OPEN,Open,HAYES,"PARKING LOT, GARAGE",240,VEHICLE THEFT,NONE,No,I,INDIVIDUAL (18 AND OVER),F,W,Non-Hispanic,,2026-09-18 17:00:00,2026-09-19 13:57:00,36.15000000024567,-86.80000000039394
20260566737_11,20260566737,DISPATCHED,OPEN,Open,ANDERSON RD,"DEPARTMENT, DISCOUNT STORE",23C,SHOPLIFTING,NONE,No,B,BUSINESS,,,,,2026-09-19 13:13:00,2026-09-19 13:56:00,36.09000000018983,-86.60999999995128
20260566717_11,20260566717,DISPATCHED,OPEN,Open,SPENCE LN,"PARKING LOT, GARAGE",23F,BURGLARY - MOTOR VEHICLE,Unarmed,No,I,INDIVIDUAL (18 AND OVER),F,W,Non-Hispanic,,2026-09-18 23:00:00,2026-09-19 13:55:00,36.13999999994927,-86.72000000006571
20260566717_12,20260566717,DISPATCHED,OPEN,Open,SPENCE LN,"PARKING LOT, GARAGE",23F,BURGLARY - MOTOR VEHICLE,Unarmed,No,I,INDIVIDUAL (18 AND OVER),M,W,Non-Hispanic,,2026-09-18 23:00:00,2026-09-19 13:55:00,36.13999999994927,-86.72000000006571
20260566684_11,20260566684,DISPATCHED,OPEN,Open,FRIST BLVD,HOSPITAL,23D,LARC - FROM BLDG,NONE,No,I,INDIVIDUAL (18 AND OVER),F,W,Non-Hispanic,,2026-09-16 23:30:00,2026-09-19 13:22:00,36.18000000021363,-86.60999999995128
20260566703_11,20260566703,DISPATCHED,OPEN,Open,COMMERCE ST,"PARKING LOT, GARAGE",23F,BURGLARY- MOTOR VEHICLE,Unarmed,No,I,INDIVIDUAL (18 AND OVER),F,B,Non-Hispanic,,2026-09-18 16:00:00,2026-09-19 13:12:00,36.159999999962295,-86.77999999963816
20260566587_11,20260566587,DISPATCHED,REFUSED TO COOPERATE,Closed,4880 4880,"PARKING LOT, GARAGE",290,"VANDALISM- $1,000 OR LESS",PERSONAL (HANDS),Yes,I,INDIVIDUAL (18 AND OVER),F,W,Non-Hispanic,37211,2026-09-19 11:11:00,2026-09-19 13:07:00,36.0639999998824,-86.71699999981759
20260566657_11,20260566657,DISPATCHED,OPEN,Open,BENT WOOD CV,"RESIDENCE, HOME",23F,BURGLARY- MOTOR VEHICLE,Unarmed,No,I,INDIVIDUAL (18 AND OVER),F,B,Non-Hispanic,,2026-09-19 01:00:00,2026-09-19 12:57:00,36.0399999997254,-86.61999999988002
20260566650_11,20260566650,DISPATCHED,OPEN,Open,BELL RD,"PARKING LOT, GARAGE",290,"VANDALISM- $2,500 OR > BUT < $10,000",Unarmed,No,B,BUSINESS,,,,,2026-09-19 08:00:00,2026-09-19 12:51:00,36.05999999996536,-86.6399999997375
20260566456_11,20260566456,DISPATCHED,OPEN,Open,RICHARDS RD,"PARKING LOT, GARAGE",23F,BURGLARY - MOTOR VEHICLE,Unarmed,No,I,INDIVIDUAL (18 AND OVER),M,B,Non-Hispanic,,2026-09-18 22:00:00,2026-09-19 12:44:00,36.06999999966938,-86.68000000035076
20260566456_12,20260566456,DISPATCHED,OPEN,Open,RICHARDS RD,"PARKING LOT, GARAGE",23F,BURGLARY - MOTOR VEHICLE,Unarmed,Yes,I,INDIVIDUAL (18 AND OVER),F,B,Non-Hispanic,,2026-09-18 22:00:00,2026-09-19 12:44:00,36.06999999966938,-86.68000000035076
20260566293_11,20260566293,DISPATCHED,CLEARED BY ARREST,Closed,301 301,"HIGHWAY, ROAD, ALLEY",90D,DRIVING UNDER THE INFLUENCE,NONE,No,S,SOCIETY,,,,37203,2026-09-19 05:30:00,2026-09-19 12:37:00,36.15299999973159,-86.80499999990916
20260566627_11,20260566627,DISPATCHED,OPEN,Open,27TH AVE N,"HIGHWAY, ROAD, ALLEY",13B,SIMPLE ASSLT,PERSONAL (HANDS),No,I,INDIVIDUAL (18 AND OVER),F,W,Non-Hispanic,,2026-09-19 10:15:00,2026-09-19 12:35:00,36.15000000024567,-86.81000000032267
20260566526_11,20260566526,DISPATCHED,UNFOUNDED,Closed,4905 4905,"RESIDENCE, HOME",740,POLICE INQUIRY,,Yes,I,INDIVIDUAL (18 AND OVER),F,U,Unknown,37013,2026-09-19 09:00:00,2026-09-19 12:28:00,,
20260566592_11,20260566592,DISPATCHED,UNFOUNDED,Closed,181 181,APARTMENT,740,POLICE INQUIRY,NONE,Yes,I,INDIVIDUAL (18 AND OVER),F,W,Non-Hispanic,37115,2026-09-19 09:30:00,2026-09-19 12:12:00,36.281999999949946,-86.70399999964074
20260566352_11,20260566352,DISPATCHED,UNFOUNDED,Closed,1034 1034,"COMMERCIAL, OFFICE BUILDING",740,POLICE INQUIRY,,No,I,INDIVIDUAL (18 AND OVER),F,B,Non-Hispanic,37216,2026-09-19 04:15:00,2026-09-19 11:23:00,36.208999999679975,-86.73599999959238
20260566055_11,20260566055,DISPATCHED,REFUSED TO COOPERATE,Closed,2929 2929,"RESIDENCE, HOME",13B,SIMPLE ASSLT,PERSONAL (HANDS),Yes,I,INDIVIDUAL (18 AND OVER),F,B,Non-Hispanic,37013,2026-09-19 03:00:00,2026-09-19 11:09:00,36.03800000003947,-86.63700000038769
20260566538_11,20260566538,DISPATCHED,UNFOUNDED,Closed,639 639,"HIGHWAY, ROAD, ALLEY",740,POLICE INQUIRY,NONE,No,I,INDIVIDUAL (18 AND OVER),M,W,Non-Hispanic,37203,2026-09-19 10:00:00,2026-09-19 11:07:00,36.1539999996859,-86.77700000028835
20260566381_11,20260566381,DISPATCHED,OPEN,Open,MURFREESBORO,"BANK, SAVINGS AND LOAN",120,ROBBERY,Unarmed,No,I,INDIVIDUAL (18 AND OVER),M,W,Non-Hispanic,,2026-09-19 06:15:00,2026-09-19 10:53:00,36.12999999970263,-86.72000000006571
20260566381_21,20260566381,DISPATCHED,OPEN,Open,MURFREESBORO,"BANK, SAVINGS AND LOAN",810,LOST PROPERTY,NONE,No,I,INDIVIDUAL (18 AND OVER),M,W,Non-Hispanic,,2026-09-19 06:15:00,2026-09-19 10:53:00,36.12999999970263,-86.72000000006571
20260566381_32,20260566381,DISPATCHED,OPEN,Open,MURFREESBORO,"BANK, SAVINGS AND LOAN",520,"WEAPON OFFENSE, CRIMINAL ATTEMPT",Unarmed,No,S,SOCIETY,,,,,2026-09-19 06:15:00,2026-09-19 10:53:00,36.12999999970263,-86.72000000006571
20260566552_11,20260566552,DISPATCHED,UNFOUNDED,Closed,4648 4648,"RESIDENCE, HOME",740,POLICE INQUIRY,NONE,Yes,I,INDIVIDUAL (18 AND OVER),F,B,Non-Hispanic,37189,2026-09-19 10:52:00,2026-09-19 10:52:00,36.29000000028829,-86.7899999995669
20260566074_11,20260566074,DISPATCHED,UNFOUNDED,Closed,4982 4982,"PARKING LOT, GARAGE",740,POLICE INQUIRY,NONE,No,I,INDIVIDUAL (18 AND OVER),F,W,Hispanic,37211,2026-09-19 02:12:00,2026-09-19 10:11:00,36.07400000013588,-86.73200000015987
20260566188_11,20260566188,DISPATCHED,UNFOUNDED,Closed,110 110,APARTMENT,740,POLICE INQUIRY,NONE,Yes,I,INDIVIDUAL (18 AND OVER),F,W,Non-Hispanic,37013,2026-09-19 03:52:00,2026-09-19 10:11:00,36.05900000016603,-86.6179999997146
20260566506_11,20260566506,DISPATCHED,UNFOUNDED,Closed,365 365,"RESIDENCE, HOME",740,POLICE INQUIRY,NONE,Yes,I,INDIVIDUAL (18 AND OVER),F,B,Non-Hispanic,37211,2026-09-19 09:00:00,2026-09-19 10:04:00,36.08800000003139,-86.71100000021968
20260566436_11,20260566436,DISPATCHED,UNFOUNDED,Closed,333 333,APARTMENT,740,POLICE INQUIRY,,Yes,I,INDIVIDUAL (18 AND OVER),F,B,Non-Hispanic,37115,2026-09-19 05:50:00,2026-09-19 09:52:00,36.25999999986106,-86.71300000038511
20260566491_11,20260566491,DISPATCHED,UNFOUNDED,Closed,216 216,"RESIDENCE, HOME",740,POLICE INQUIRY,NONE,Yes,I,INDIVIDUAL (18 AND OVER),F,U,Unknown,37115,2026-09-19 08:59:00,2026-09-19 09:50:00,36.25900000025185,-86.68499999986597
20260566423_11,20260566423,DISPATCHED,UNFOUNDED,Closed,2037 2037,"RESIDENCE, HOME",740,POLICE INQUIRY,NONE,No,I,INDIVIDUAL (18 AND OVER),M,W,Non-Hispanic,37204,2026-09-19 03:00:00,2026-09-19 09:18:00,36.13099999975425,-86.78199999980357
20260566472_11,20260566472,DISPATCHED,CLEARED BY ARREST,Closed,2407 2407,RESTAURANT,23D,LARC - FROM BLDG,NONE,No,B,BUSINESS,,,,37207,2026-09-19 09:17:00,2026-09-19 09:17:00,36.209999999706326,-86.77800000037105
20260566445_11,20260566445,DISPATCHED,UNFOUNDED,Closed,2511 2511,"PARKING LOT, GARAGE",740,POLICE INQUIRY,NONE,Yes,I,INDIVIDUAL (18 AND OVER),M,B,Non-Hispanic,37214,2026-09-19 06:00:00,2026-09-19 09:13:00,36.15200000008144,-86.68100000043347
20260566442_11,20260566442,DISPATCHED,UNFOUNDED,Closed,5610 5610,APARTMENT,740,POLICE INQUIRY,NONE,Yes,I,INDIVIDUAL (18 AND OVER),F,W,Non-Hispanic,37076,2026-09-19 08:00:00,2026-09-19 09:10:00,36.17599999966112,-86.60300000027065
20260566458_11,20260566458,DISPATCHED,OPEN,Open,,SPECIALTY STORE,290,"VANDALISM- $1,000 OR LESS",Unarmed,No,B,BUSINESS,,,,,2026-09-19 08:00:00,2026-09-19 09:05:00,,
20260566366_11,20260566366,DISPATCHED,OPEN,Open,ANTIOCH,"RESIDENCE, HOME",13C,ASSAULT- FEAR OF BODILY INJURY,,Yes,I,INDIVIDUAL (18 AND OVER),F,W,Non-Hispanic,,2026-09-19 06:15:00,2026-09-19 08:42:00,36.099999999750025,-86.72000000006571
20260566460_11,20260566460,SUSPECT,UNFOUNDED,Closed,601 601,"HIGHWAY, ROAD, ALLEY",715,FOUND PROPERTY,NONE,No,I,INDIVIDUAL (18 AND OVER),M,U,Unknown,37203,2026-09-19 08:36:00,2026-09-19 08:36:00,36.15499999994384,-86.77700000028835
20260566430_11,20260566430,DISPATCHED,UNFOUNDED,Closed,121 121,"HIGHWAY, ROAD, ALLEY",740,POLICE INQUIRY,PERSONAL (HANDS),No,I,INDIVIDUAL (18 AND OVER),M,W,Non-Hispanic,37203,2026-09-19 07:30:00,2026-09-19 08:32:00,36.159999999962295,-86.77700000028835
20260566401_11,20260566401,DISPATCHED,OPEN,Open,MARONEY,"RESIDENCE, HOME",13B,SIMPLE ASSLT,PERSONAL (HANDS),Yes,I,INDIVIDUAL (18 AND OVER),F,W,Hispanic,,2026-09-19 07:00:00,2026-09-19 08:31:00,36.05999999996536,-86.59000000009381
20260566415_11,20260566415,DISPATCHED,OPEN,Open,CHURCH ST,"BAR, NIGHT CLUB",13B,ASSAULT- OFFENSIVE OR PROVOCATIVE CONTACT,PERSONAL (HANDS),No,I,INDIVIDUAL (18 AND OVER),F,W,Non-Hispanic,,2026-09-19 06:50:00,2026-09-19 08:17:00,36.159999999962295,-86.7899999995669
20260566391_11,20260566391,DISPATCHED,OPEN,Open,ELM HILL PIKE,"HOTEL, MOTEL, ETC.",120,"ROBBERY, AGGRAVATED, HANDGUN",HANDGUN,Yes,I,INDIVIDUAL (18 AND OVER),F,W,Non-Hispanic,,2026-09-19 06:06:00,2026-09-19 08:13:00,36.15000000024567,-86.69000000027951
20260566391_22,20260566391,DISPATCHED,OPEN,Open,ELM HILL PIKE,"HOTEL, MOTEL, ETC.",520,"WEAPON OFFENSE, CRIMINAL ATTEMPT",HANDGUN,No,S,SOCIETY,,,,,2026-09-19 06:06:00,2026-09-19 08:13:00,36.15000000024567,-86.69000000027951
20260566346_11,20260566346,DISPATCHED,OPEN,Open,CHARLOTTE AVE,APARTMENT,90Z,NO CONTACT ORDER VIOLATION - DV BOND CONDITION,NONE,Yes,I,INDIVIDUAL (18 AND OVER),F,W,Non-Hispanic,,2026-09-19 07:40:00,2026-09-19 07:40:00,36.15000000024567,-86.82000000025143
20260566406_11,20260566406,SUSPECT,CLEARED BY ARREST,Closed,4TH AVE N & BROADWAY,"HIGHWAY, ROAD, ALLEY",13B,ASSAULT- OFFENSIVE OR PROVOCATIVE CONTACT,PERSONAL (HANDS),No,I,INDIVIDUAL (18 AND OVER),M,W,Non-Hispanic,37219,2026-09-19 07:35:00,2026-09-19 07:37:00,36.16099999985248,-86.77700000028835
20260566377_11,20260566377,DISPATCHED,OPEN,Open,DIVISION,"BAR, NIGHT CLUB",13B,SIMPLE ASSLT,PERSONAL (HANDS),No,I,INDIVIDUAL (18 AND OVER),M,B,Non-Hispanic,,2026-09-19 06:00:00,2026-09-19 07:32:00,36.15000000024567,-86.80000000039394
20260565992_11,20260565992,DISPATCHED,UNFOUNDED,Closed,1716 1716,Shelter-Mission/Homeless,740,TRANSPORT,NONE,No,I,INDIVIDUAL (18 AND OVER),F,B,Non-Hispanic,37208,2026-09-19 02:15:00,2026-09-19 07:31:00,36.18100000016468,-86.79600000006313
20260566393_11,20260566393,DISPATCHED,UNFOUNDED,Closed,100 100,APARTMENT,740,POLICE INQUIRY,NONE,Yes,I,INDIVIDUAL (18 AND OVER),M,W,Non-Hispanic,37211,2026-09-19 06:45:00,2026-09-19 07:21:00,36.10100000012253,-86.71899999998301
20260566370_11,20260566370,SUSPECT,CLEARED BY ARREST,Closed,123 123,"HIGHWAY, ROAD, ALLEY",13B,ASSAULT- OFFENSIVE OR PROVOCATIVE CONTACT,PERSONAL (HANDS),No,I,INDIVIDUAL (18 AND OVER),M,U,Non-Hispanic,37201,2026-09-19 06:45:00,2026-09-19 07:09:00,36.16099999985248,-86.77500000012294
20260565848_11,20260565848,DISPATCHED,UNFOUNDED,Closed,2165 2165,"RESIDENCE, HOME",740,POLICE INQUIRY,NONE,No,I,INDIVIDUAL (18 AND OVER),F,W,Non-Hispanic,37211,2026-09-18 17:00:00,2026-09-19 06:57:00,36.127999999830735,-86.75400000018276
20260566326_11,20260566326,DISPATCHED,UNFOUNDED,Closed,3RD AVE N & CHURCH ST,"HIGHWAY, ROAD, ALLEY",740,POLICE INQUIRY,NONE,Yes,I,INDIVIDUAL (18 AND OVER),M,U,Unknown,37201,2026-09-19 05:55:00,2026-09-19 06:50:00,36.16399999986469,-86.77800000037105
20260566300_11,20260566300,SUSPECT,,Closed,365 365,"PARKING LOT, GARAGE",35B,DRUG PARAPHERNALIA- UNLAWFUL USE,NONE,No,S,SOCIETY,,,,37206,2026-09-19 05:44:00,2026-09-19 06:49:00,36.16900000026128,-86.76300000002878
20260566006_11,20260566006,DISPATCHED,OPEN,Open,39TH AVE N,"RESIDENCE, HOME",13A,"Assault, Aggravated - Deadly Weapon - Int/Kn",HANDGUN,Yes,I,INDIVIDUAL (18 AND OVER),F,B,Non-Hispanic,,2026-09-19 02:00:00,2026-09-19 06:44:00,36.159999999962295,-86.83000000018018
20260566006_22,20260566006,DISPATCHED,OPEN,Open,39TH AVE N,"RESIDENCE, HOME",520,"WEAPON OFFENSE, CRIMINAL ATTEMPT",HANDGUN,No,S,SOCIETY,,,,,2026-09-19 02:00:00,2026-09-19 06:44:00,36.159999999962295,-86.83000000018018
20260566195_11,20260566195,DISPATCHED,UNFOUNDED,Closed,411 411,APARTMENT,740,POLICE INQUIRY,NONE,Yes,I,INDIVIDUAL (18 AND OVER),F,B,Non-Hispanic,37210,2026-09-19 04:00:00,2026-09-19 06:41:00,36.14400000012616,-86.74899999976923
20260566345_11,20260566345,DISPATCHED,OPEN,Open,DONELSON,PHARMACY,23C,"THEFT OF MERCHANDISE- $1,000 OR LESS",NONE,No,B,BUSINESS,,,,,2026-09-19 04:36:00,2026-09-19 06:34:00,36.15000000024567,-86.67000000042204
20260565956_11,20260565956,DISPATCHED,UNFOUNDED,Closed,675 675,"RESIDENCE, HOME",740,POLICE INQUIRY,NONE,Yes,I,INDIVIDUAL (18 AND OVER),F,W,Non-Hispanic,37211,2026-09-19 01:00:00,2026-09-19 06:25:00,36.0800000001956,-86.74999999985195
20260566271_11,20260566271,DISPATCHED,UNFOUNDED,Closed,600 600,APARTMENT,740,POLICE INQUIRY,NONE,Yes,I,INDIVIDUAL (18 AND OVER),F,W,Hispanic,37211,2026-09-19 03:00:00,2026-09-19 06:10:00,36.06899999989852,-86.72999999999446
20260566185_11,20260566185,DISPATCHED,UNFOUNDED,Closed,3816 3816,"RESIDENCE, HOME",740,POLICE INQUIRY,NONE,Yes,I,INDIVIDUAL (18 AND OVER),F,W,Hispanic,37076,2026-09-19 04:15:00,2026-09-19 06:00:00,36.16500000022236,-86.6150000003648
20260566274_11,20260566274,DISPATCHED,UNFOUNDED,Closed,717 717,APARTMENT,740,POLICE INQUIRY,NONE,Yes,I,INDIVIDUAL (18 AND OVER),F,W,Non-Hispanic,37217,2026-09-19 05:30:00,2026-09-19 05:56:00,36.13700000019328,-86.72400000039654
20260566253_11,20260566253,SUSPECT,CLEARED BY ARREST,Closed,501 501,"HIGHWAY, ROAD, ALLEY",13B,SIMPLE ASSLT,PERSONAL (HANDS),No,I,INDIVIDUAL (18 AND OVER),M,W,Non-Hispanic,37203,2026-09-19 01:50:00,2026-09-19 05:51:00,36.159999999962295,-86.77899999955544
20260566281_11,20260566281,DISPATCHED,UNFOUNDED,Closed,2901 2901,"PARKING LOT, GARAGE",740,POLICE INQUIRY,NONE,Yes,I,INDIVIDUAL (18 AND OVER),M,B,Non-Hispanic,37209,2026-09-19 05:05:00,2026-09-19 05:49:00,36.16800000017144,-86.82200000041685
20260566148_11,20260566148,DISPATCHED,CLEARED BY ARREST,Closed,201 201,"HOTEL, MOTEL, ETC.",13B,SIMPLE ASSLT,PERSONAL (HANDS),No,I,INDIVIDUAL (18 AND OVER),M,W,Non-Hispanic,37203,2026-09-19 03:50:00,2026-09-19 05:42:00,36.1569999999172,-86.78099999972085
20260566148_12,20260566148,DISPATCHED,CLEARED BY ARREST,Closed,201 201,"HOTEL, MOTEL, ETC.",13B,SIMPLE ASSLT,PERSONAL (HANDS),No,I,INDIVIDUAL (18 AND OVER),F,W,Non-Hispanic,37203,2026-09-19 03:50:00,2026-09-19 05:42:00,36.1569999999172,-86.78099999972085
20260566148_13,20260566148,DISPATCHED,CLEARED BY ARREST,Closed,201 201,"HOTEL, MOTEL, ETC.",13B,SIMPLE ASSLT,PERSONAL (HANDS),No,I,INDIVIDUAL (18 AND OVER),M,W,Hispanic,37203,2026-09-19 03:50:00,2026-09-19 05:42:00,36.1569999999172,-86.78099999972085
20260566148_24,20260566148,DISPATCHED,CLEARED BY ARREST,Closed,201 201,"HOTEL, MOTEL, ETC.",26A,THEFT OF SERVICES-  $500 OR LESS,PERSONAL (HANDS),No,B,BUSINESS,,,,37203,2026-09-19 03:50:00,2026-09-19 05:42:00,36.1569999999172,-86.78099999972085
20260566283_11,20260566283,DISPATCHED,OPEN,Open,WEST END,"HOTEL, MOTEL, ETC.",13B,SIMPLE ASSLT,PERSONAL (HANDS),Yes,U,UNKNOWN,M,W,Non-Hispanic,,2026-09-19 05:08:00,2026-09-19 05:39:00,36.15000000024567,-86.7899999995669
20260566233_11,20260566233,DISPATCHED,OPEN,Open,SILVERTON,"RESIDENCE, HOME",13B,SIMPLE ASSLT - STRANGULATION (NO LOSS OF CONSCIOUSNESS),PERSONAL (HANDS),Yes,I,INDIVIDUAL (18 AND OVER),M,B,Non-Hispanic,,2026-09-19 04:52:00,2026-09-19 05:37:00,36.25999999986106,-86.76999999970943
20260566233_12,20260566233,DISPATCHED,OPEN,Open,SILVERTON,"RESIDENCE, HOME",13B,SIMPLE ASSLT - STRANGULATION (NO LOSS OF CONSCIOUSNESS),PERSONAL (HANDS),Yes,I,INDIVIDUAL (18 AND OVER),M,B,Non-Hispanic,,2026-09-19 04:52:00,2026-09-19 05:37:00,36.25999999986106,-86.76999999970943
20260565561_11,20260565561,DISPATCHED,OPEN,Open,CHURCH,"HIGHWAY, ROAD, ALLEY",13A,"ASSAULT, VEHICULAR, AGGRAVATED",MOTOR VEHICLE,No,I,INDIVIDUAL (18 AND OVER),F,W,Non-Hispanic,,2026-09-18 19:30:00,2026-09-19 05:28:00,36.159999999962295,-86.77999999963816
20260566213_11,20260566213,DISPATCHED,UNFOUNDED,Closed,1130 1130,"RESIDENCE, HOME",740,TRANSPORT,NONE,No,I,INDIVIDUAL (18 AND OVER),F,W,Non-Hispanic,37206,2026-09-19 03:55:00,2026-09-19 05:27:00,36.18799999983186,-86.74500000033673
20260565908_11,20260565908,DISPATCHED,OPEN,Open,ASHLAND CITY HWY,"HIGHWAY, ROAD, ALLEY",780,"RECOVERY, STOLEN PROPERTY",,No,B,BUSINESS,,,,,2026-09-19 01:00:00,2026-09-19 05:19:00,36.209999999706326,-86.86999999989513
20260566108_14,20260566108,SUSPECT,CLEARED BY ARREST,Closed,E TRINITY LN & GALLATIN PIKE,"HIGHWAY, ROAD, ALLEY",780,"RECOVERY, STOLEN PROPERTY",HANDGUN,No,I,INDIVIDUAL (18 AND OVER),M,B,Non-Hispanic,37216,2026-09-19 04:16:00,2026-09-19 05:19:00,36.20399999996701,-86.73899999984049
20260566108_15,20260566108,SUSPECT,CLEARED BY ARREST,Closed,E TRINITY LN & GALLATIN PIKE,"HIGHWAY, ROAD, ALLEY",780,"RECOVERY, STOLEN PROPERTY",HANDGUN,No,I,INDIVIDUAL (18 AND OVER),M,W,Hispanic,37216,2026-09-19 04:16:00,2026-09-19 05:19:00,36.20399999996701,-86.73899999984049
20260566108_19,20260566108,SUSPECT,CLEARED BY ARREST,Closed,E TRINITY LN & GALLATIN PIKE,"HIGHWAY, ROAD, ALLEY",780,"RECOVERY, STOLEN PROPERTY",HANDGUN,No,I,INDIVIDUAL (18 AND OVER),F,W,Non-Hispanic,37216,2026-09-19 04:16:00,2026-09-19 05:19:00,36.20399999996701,-86.73899999984049
20260566108_28,20260566108,SUSPECT,CLEARED BY ARREST,Closed,E TRINITY LN & GALLATIN PIKE,"HIGHWAY, ROAD, ALLEY",13A,AGGRAV ASSLT - POL OFF-WEAPON,MOTOR VEHICLE,No,P,POLICE OFFICER,M,W,Non-Hispanic,37216,2026-09-19 04:16:00,2026-09-19 05:19:00,36.20399999996701,-86.73899999984049
20260566108_36,20260566108,SUSPECT,CLEARED BY ARREST,Closed,E TRINITY LN & GALLATIN PIKE,"HIGHWAY, ROAD, ALLEY",715,FOUND PROPERTY,HANDGUN,No,B,BUSINESS,,,,37216,2026-09-19 04:16:00,2026-09-19 05:19:00,36.20399999996701,-86.73899999984049
20260566108_37,20260566108,SUSPECT,CLEARED BY ARREST,Closed,E TRINITY LN & GALLATIN PIKE,"HIGHWAY, ROAD, ALLEY",715,FOUND PROPERTY,HANDGUN,No,I,INDIVIDUAL (18 AND OVER),U,U,Unknown,37216,2026-09-19 04:16:00,2026-09-19 05:19:00,36.20399999996701,-86.73899999984049
20260566108_33,20260566108,SUSPECT,CLEARED BY ARREST,Closed,E TRINITY LN & GALLATIN PIKE,"HIGHWAY, ROAD, ALLEY",715,FOUND PROPERTY,HANDGUN,No,I,INDIVIDUAL (18 AND OVER),F,A,Non-Hispanic,37216,2026-09-19 04:16:00,2026-09-19 05:19:00,36.20399999996701,-86.73899999984049
20260566108_41,20260566108,SUSPECT,CLEARED BY ARREST,Closed,E TRINITY LN & GALLATIN PIKE,"HIGHWAY, ROAD, ALLEY",520,"WEAPON OFFENSE, CRIMINAL ATTEMPT",HANDGUN,No,S,SOCIETY,,,,37216,2026-09-19 04:16:00,2026-09-19 05:19:00,36.20399999996701,-86.73899999984049
20260566108_51,20260566108,SUSPECT,CLEARED BY ARREST,Closed,E TRINITY LN & GALLATIN PIKE,"HIGHWAY, ROAD, ALLEY",35B,DRUG PARAPHERNALIA- UNLAWFUL USE,HANDGUN,No,S,SOCIETY,,,,37216,2026-09-19 04:16:00,2026-09-19 05:19:00,36.20399999996701,-86.73899999984049
20260565920_11,20260565920,DISPATCHED,OPEN,Open,CHEYENNE BLVD,APARTMENT,13B,SIMPLE ASSLT,PERSONAL (HANDS),Yes,I,INDIVIDUAL (18 AND OVER),F,W,Hispanic,,2026-09-19 01:16:00,2026-09-19 05:16:00,36.25999999986106,-86.68000000035076
20260566226_11,20260566226,DISPATCHED,UNFOUNDED,Closed,2999 2999,"RESIDENCE, HOME",740,POLICE INQUIRY,NONE,Yes,I,INDIVIDUAL (18 AND OVER),F,U,Unknown,37217,2026-09-19 04:53:00,2026-09-19 05:10:00,36.08699999974394,-86.60400000035337
20260566215_11,20260566215,SUSPECT,CLEARED BY ARREST,Closed,3002 3002,"HIGHWAY, ROAD, ALLEY",780,"RECOVERY, STOLEN PROPERTY",MOTOR VEHICLE,No,I,INDIVIDUAL (18 AND OVER),M,W,Non-Hispanic,37211,2026-09-19 04:16:00,2026-09-19 05:06:00,36.10799999979577,-86.74300000017132
20260566207_11,20260566207,DISPATCHED,UNFOUNDED,Closed,5731 5731,APARTMENT,740,POLICE INQUIRY,NONE,Yes,I,INDIVIDUAL (18 AND OVER),F,B,Non-Hispanic,37209,2026-09-19 03:30:00,2026-09-19 05:01:00,36.128999999969736,-86.91099999969278
20260565834_11,20260565834,DISPATCHED,OPEN,Open,BROOKRIDGE TRL,APARTMENT,13C,ASSAULT- FEAR OF BODILY INJURY,,No,I,INDIVIDUAL (18 AND OVER),F,W,Hispanic,,2026-09-19 00:20:00,2026-09-19 04:54:00,36.0800000001956,-86.72000000006571
20260566202_11,20260566202,DISPATCHED,OPEN,Open,MURFREESBORO PIKE,"PARKING LOT, GARAGE",13A,"Assault, Aggravated - Deadly Weapon - Int/Kn",MOTOR VEHICLE,No,I,INDIVIDUAL (18 AND OVER),F,W,Hispanic,,2026-09-19 04:00:00,2026-09-19 04:49:00,36.0800000001956,-86.6399999997375
20260566202_22,20260566202,DISPATCHED,OPEN,Open,MURFREESBORO PIKE,"PARKING LOT, GARAGE",520,"WEAPON OFFENSE, CRIMINAL ATTEMPT",HANDGUN,No,S,SOCIETY,,,,,2026-09-19 04:00:00,2026-09-19 04:49:00,36.0800000001956,-86.6399999997375
20260565831_11,20260565831,DISPATCHED,REFUSED TO COOPERATE,Closed,728 728,"RESIDENCE, HOME",13C,ASSAULT- FEAR OF BODILY INJURY,,Yes,I,INDIVIDUAL (18 AND OVER),F,B,Non-Hispanic,37115,2026-09-19 00:17:00,2026-09-19 04:45:00,36.25000000002025,-86.69200000044492
20260565903_11,20260565903,DISPATCHED,UNFOUNDED,Closed, & HERMAN ST,APARTMENT,740,POLICE INQUIRY,NONE,Yes,I,INDIVIDUAL (18 AND OVER),F,U,Unknown,,2026-09-19 00:23:00,2026-09-19 04:34:00,36.16399999986469,-86.80099999957834
20260566147_11,20260566147,SUSPECT,OPEN,Open,CHURCH,"BAR, NIGHT CLUB",13B,ASSAULT- OFFENSIVE OR PROVOCATIVE CONTACT,PERSONAL (HANDS),No,I,INDIVIDUAL (18 AND OVER),M,W,Non-Hispanic,,2026-09-19 03:20:00,2026-09-19 04:26:00,36.159999999962295,-86.77999999963816
20260566115_11,20260566115,DISPATCHED,OPEN,Open,CHEYENNE BLVD,APARTMENT,13C,ASSAULT- FEAR OF BODILY INJURY,,Yes,I,INDIVIDUAL (18 AND OVER),F,W,Non-Hispanic,,2026-09-19 03:15:00,2026-09-19 04:23:00,36.25999999986106,-86.68000000035076
20260566124_11,20260566124,DISPATCHED,OPEN,Open,SADLER AVE,"RESIDENCE, HOME",13B,SIMPLE ASSLT,PERSONAL (HANDS),Yes,I,INDIVIDUAL (18 AND OVER),F,W,Non-Hispanic,,2026-09-19 03:00:00,2026-09-19 04:21:00,36.12999999970263,-86.74999999985195
20260566012_11,20260566012,SUSPECT,UNFOUNDED,Closed,121 121,"HIGHWAY, ROAD, ALLEY",740,POLICE INQUIRY,,Yes,I,INDIVIDUAL (18 AND OVER),M,W,Non-Hispanic,37203,2026-09-19 01:00:00,2026-09-19 03:51:00,36.159999999962295,-86.77700000028835
20260566047_11,20260566047,DISPATCHED,OPEN,Open,NOLENSVILLE,RESTAURANT,13B,SIMPLE ASSLT,PERSONAL (HANDS),No,I,INDIVIDUAL (18 AND OVER),M,W,Non-Hispanic,,2026-09-19 01:40:00,2026-09-19 03:50:00,36.0800000001956,-86.72999999999446
20260565999_11,20260565999,DISPATCHED,OPEN,Open,REP JOHN LEWIS,"AIR, BUS, TRAIN TERMINAL",35A,MARIJUANA - POSSESS,NONE,No,S,SOCIETY,,,,,2026-09-19 02:21:00,2026-09-19 03:46:00,36.15000000024567,-86.76999999970943
20260566069_11,20260566069,DISPATCHED,OPEN,Open,WEDGEWOOD AVE,"HIGHWAY, ROAD, ALLEY",35A,MARIJUANA - POSSESS,NONE,No,S,SOCIETY,,,,,2026-09-19 02:59:00,2026-09-19 03:42:00,36.13999999994927,-86.7899999995669
20260565906_11,20260565906,DISPATCHED,UNFOUNDED,Closed,4734 4734,"PARKING LOT, GARAGE",740,POLICE INQUIRY,NONE,No,I,INDIVIDUAL (18 AND OVER),F,W,Non-Hispanic,37076,2026-09-19 00:47:00,2026-09-19 03:41:00,36.215000000222425,-86.5920000002592
20260566079_11,20260566079,DISPATCHED,UNFOUNDED,Closed,822 822,"RESIDENCE, HOME",740,POLICE INQUIRY,NONE,Yes,I,INDIVIDUAL (18 AND OVER),M,B,Non-Hispanic,37208,2026-09-19 03:00:00,2026-09-19 03:34:00,36.1629999998043,-86.80499999990916
20260565570_11,20260565570,DISPATCHED,CLEARED BY ARREST,Closed,4040 4040,"DEPARTMENT, DISCOUNT STORE",23C,SHOPLIFTING,NONE,No,B,BUSINESS,,,,37211,2026-09-18 21:30:00,2026-09-19 03:31:00,36.0829999998826,-86.72400000039654
20260565437_11,20260565437,DISPATCHED,OPEN,Open,WHELESS,"HIGHWAY, ROAD, ALLEY",90F,CRIMINAL CONTEMPT-VIOLATION OF ORDER OF PROTECTION,NONE,No,I,INDIVIDUAL (18 AND OVER),F,B,Non-Hispanic,,2026-09-18 20:10:00,2026-09-19 03:27:00,36.18000000021363,-86.81000000032267
20260566099_11,20260566099,DISPATCHED,OPEN,Open,GALLATIN PIKE N,SPECIALTY STORE,26B,"CREDIT CARD, FRAUDULENT USE - $1,000 OR LESS",NONE,No,B,BUSINESS,,,,,2026-07-30 19:00:00,2026-09-19 03:19:00,36.29000000028829,-86.70000000020825
20260565986_11,20260565986,DISPATCHED,CLEARED BY ARREST,Closed, & CLAIBORNE ST,"RESIDENCE, HOME",90J,CRIMINAL TRESPASS,NONE,No,S,SOCIETY,,,,,2026-09-19 02:14:00,2026-09-19 03:09:00,,
20260566009_11,20260566009,DISPATCHED,OPEN,Open,1ST AVE N,PARK,760,OVERDOSE,NONE,No,I,INDIVIDUAL (18 AND OVER),M,W,Non-Hispanic,,2026-09-19 02:27:00,2026-09-19 03:06:00,36.16999999991994,-86.77999999963816
20260566009_22,20260566009,DISPATCHED,OPEN,Open,1ST AVE N,PARK,35A,POSSESSION OF A CONTROLLED SUBSTANCE,NONE,No,S,SOCIETY,,,,,2026-09-19 02:27:00,2026-09-19 03:06:00,36.16999999991994,-86.77999999963816
20260566054_11,20260566054,,UNFOUNDED,Closed,433 433,"OTHER, UNKNOWN",740,POLICE INQUIRY,Unarmed,No,I,INDIVIDUAL (18 AND OVER),M,W,Non-Hispanic,37214,2026-09-19 02:49:00,2026-09-19 02:49:00,36.20199999980591,-86.69299999962931
20260566016_11,20260566016,SUSPECT,OPEN,Open, BROADWAY,"BAR, NIGHT CLUB",13B,ASSAULT- OFFENSIVE OR PROVOCATIVE CONTACT,PERSONAL (HANDS),No,I,INDIVIDUAL (18 AND OVER),M,W,Non-Hispanic,,2026-09-19 02:30:00,2026-09-19 02:47:00,36.159999999962295,-86.77999999963816
20260565960_11,20260565960,DISPATCHED,CLEARED BY ARREST,Closed,8108 8108,"RESIDENCE, HOME",13A,INTENTIONAL AGGRAVATED ASSAULT,OTHER,Yes,I,INDIVIDUAL (18 AND OVER),F,B,Non-Hispanic,37013,2026-09-19 01:00:00,2026-09-19 02:46:00,36.01000000015755,-86.68700000003139
20260565962_11,20260565962,DISPATCHED,UNFOUNDED,Closed,301 301,APARTMENT,740,POLICE INQUIRY,NONE,No,I,INDIVIDUAL (18 AND OVER),F,W,Non-Hispanic,37203,2026-09-19 01:00:00,2026-09-19 02:45:00,36.14699999988796,-86.8149999998379
20260565990_11,20260565990,DISPATCHED,OPEN,Open,HARDING PIKE,HOSPITAL,23G,LARC - PARTS FROM VEH,PERSONAL (HANDS),No,I,INDIVIDUAL (18 AND OVER),M,W,Hispanic,,2026-09-18 23:00:00,2026-09-19 02:44:00,36.12999999970263,-86.84000000010889
20260566007_11,20260566007,DISPATCHED,OPEN,Open,DICKERSON,APARTMENT,23H,LARC - POSTAL,NONE,No,I,INDIVIDUAL (18 AND OVER),F,B,Non-Hispanic,,2026-09-19 00:45:00,2026-09-19 02:42:00,36.19000000021294,-86.76999999970943
20260565972_11,20260565972,DISPATCHED,UNFOUNDED,Closed,307 307,"BAR, NIGHT CLUB",740,POLICE INQUIRY,,No,I,INDIVIDUAL (18 AND OVER),F,W,Non-Hispanic,37201,2026-09-19 02:05:00,2026-09-19 02:34:00,36.16099999985248,-86.77600000020564
20260565749_11,20260565749,DISPATCHED,CLEARED BY ARREST,Closed,26 26,"DEPARTMENT, DISCOUNT STORE",23C,SHOPLIFTING,NONE,No,B,BUSINESS,,,,37209,2026-09-19 02:25:00,2026-09-19 02:25:00,36.13200000012403,-86.85300000028575
20260565877_11,20260565877,DISPATCHED,UNFOUNDED,Closed,13001 13001,"PARKING LOT, GARAGE",740,POLICE INQUIRY,NONE,No,I,INDIVIDUAL (18 AND OVER),F,W,Non-Hispanic,37013,2026-09-19 00:51:00,2026-09-19 02:22:00,36.01699999981536,-86.61999999988002
20260565970_11,20260565970,DISPATCHED,UNFOUNDED,Closed,121 121,"RESIDENCE, HOME",810,LOST PROPERTY,NONE,No,I,INDIVIDUAL (18 AND OVER),F,W,Non-Hispanic,37203,2026-09-17 03:00:00,2026-09-19 02:19:00,36.159999999962295,-86.77700000028835
20260565810_11,20260565810,DISPATCHED,UNFOUNDED,Closed,400 400,"AIR, BUS, TRAIN TERMINAL",740,TRANSPORT,,No,I,INDIVIDUAL (18 AND OVER),F,W,Non-Hispanic,37219,2026-09-19 02:14:00,2026-09-19 02:14:00,36.16699999965114,-86.78099999972085
20260565914_11,20260565914,DISPATCHED,UNFOUNDED,Closed,5813 5813,"RESIDENCE, HOME",740,POLICE INQUIRY,NONE,Yes,I,INDIVIDUAL (18 AND OVER),F,B,Non-Hispanic,37076,2026-09-18 17:00:00,2026-09-19 02:09:00,36.183000000200536,-86.58799999992839
20260565737_11,20260565737,DISPATCHED,UNFOUNDED,Closed,225 225,"RESIDENCE, HOME",740,POLICE INQUIRY,NONE,No,I,INDIVIDUAL (18 AND OVER),F,B,Non-Hispanic,37076,2026-09-18 23:00:00,2026-09-19 02:07:00,36.18199999967715,-86.59799999985711
20260565940_11,20260565940,SUSPECT,OPEN,Open,BROADWAY,"HIGHWAY, ROAD, ALLEY",23H,THEFT OF PROPERTY- $500 OR LESS,NONE,No,I,INDIVIDUAL (18 AND OVER),M,W,Non-Hispanic,,2026-09-18 21:00:00,2026-09-19 02:02:00,36.159999999962295,-86.77999999963816
20260565910_11,20260565910,DISPATCHED,CLEARED BY ARREST,Closed,32 32,"RESIDENCE, HOME",13B,ASSAULT- OFFENSIVE OR PROVOCATIVE CONTACT,PERSONAL (HANDS),Yes,I,INDIVIDUAL (18 AND OVER),F,B,Non-Hispanic,37210,2026-09-19 01:00:00,2026-09-19 02:02:00,36.1420000001408,-86.7410000000059
20260565930_11,20260565930,DISPATCHED,UNFOUNDED,Closed,567 567,"RESIDENCE, HOME",740,POLICE INQUIRY,NONE,No,I,INDIVIDUAL (18 AND OVER),M,W,Non-Hispanic,37013,2026-09-18 23:34:00,2026-09-19 01:49:00,36.01500000033988,-86.65199999983165
20260565711_11,20260565711,DISPATCHED,UNFOUNDED,Closed,108 108,"RESIDENCE, HOME",740,POLICE INQUIRY,NONE,Yes,I,INDIVIDUAL (18 AND OVER),F,W,Non-Hispanic,37080,2026-09-18 22:26:00,2026-09-19 01:48:00,36.314000000158295,-86.8860000003201
20260565739_11,20260565739,DISPATCHED,OPEN,Open,DOUGLAS AVE,School-Elementary/Secondary,23D,LARC - FROM BLDG,NONE,No,I,INDIVIDUAL (18 AND OVER),F,B,Non-Hispanic,,2026-09-10 14:00:00,2026-09-19 01:20:00,36.19000000021294,-86.76999999970943
20260565879_11,20260565879,DISPATCHED,UNFOUNDED,Closed,330 330,"PARKING LOT, GARAGE",740,POLICE INQUIRY,NONE,No,I,INDIVIDUAL (18 AND OVER),F,W,Non-Hispanic,37203,2026-09-18 22:30:00,2026-09-19 01:19:00,36.1629999998043,-86.7880000002998
20260565879_12,20260565879,DISPATCHED,UNFOUNDED,Closed,330 330,"PARKING LOT, GARAGE",740,POLICE INQUIRY,NONE,No,I,INDIVIDUAL (18 AND OVER),F,W,Non-Hispanic,37203,2026-09-18 22:30:00,2026-09-19 01:19:00,36.1629999998043,-86.7880000002998
20260565816_11,20260565816,DISPATCHED,UNFOUNDED,Closed,97 97,APARTMENT,740,POLICE INQUIRY,NONE,Yes,I,INDIVIDUAL (18 AND OVER),F,W,Non-Hispanic,37211,2026-09-18 23:50:00,2026-09-19 01:12:00,36.0829999998826,-86.70200000037366
20260565476_11,20260565476,DISPATCHED,UNFOUNDED,Closed,1608 1608,"RESIDENCE, HOME",740,POLICE INQUIRY,NONE,Yes,I,INDIVIDUAL (18 AND OVER),M,W,Non-Hispanic,37208,2026-09-18 16:52:00,2026-09-19 01:08:00,36.174999999701605,-86.80700000007457
20260565798_11,20260565798,DISPATCHED,OPEN,Open,BRILEY PKWY,APARTMENT,740,POLICE INQUIRY,NONE,Yes,I,INDIVIDUAL (18 AND OVER),F,W,Non-Hispanic,,2026-09-18 23:00:00,2026-09-19 01:07:00,36.13999999994927,-86.70000000020825
20260565813_11,20260565813,DISPATCHED,UNFOUNDED,Closed,1324 1324,"RESIDENCE, HOME",740,POLICE INQUIRY,NONE,Yes,I,INDIVIDUAL (18 AND OVER),F,W,Hispanic,37013,2026-09-18 22:40:00,2026-09-19 00:41:00,36.04599999979019,-86.59300000034192
20260565415_11,20260565415,DISPATCHED,CLEARED BY ARREST,Closed,608 608,"PARKING LOT, GARAGE",90Z,VIOLATION OF CONDITION OF RELEASE,NONE,Yes,I,INDIVIDUAL (18 AND OVER),M,B,Non-Hispanic,37203,2026-09-18 20:21:00,2026-09-19 00:38:00,,
20260565415_22,20260565415,DISPATCHED,CLEARED BY ARREST,Closed,608 608,PARK,35A,MARIJUANA - POSSESS,NONE,No,S,SOCIETY,,,,37203,2026-09-18 20:21:00,2026-09-19 00:38:00,,
20260565776_11,20260565776,DISPATCHED,UNFOUNDED,Closed,3101 3101,"RESIDENCE, HOME",740,POLICE INQUIRY,NONE,Yes,I,INDIVIDUAL (18 AND OVER),M,W,Hispanic,37013,2026-09-18 23:26:00,2026-09-19 00:28:00,36.06999999966938,-86.64899999958354
20260565169_11,20260565169,DISPATCHED,OPEN,Open,WESTBORO DR,CONSTRUCTION SITE,13A,"Assault, Aggravated - Deadly Weapon - Int/Kn",HANDGUN,No,I,INDIVIDUAL (18 AND OVER),M,W,Non-Hispanic,,2026-09-18 14:45:00,2026-09-19 00:26:00,36.15000000024567,-86.87999999982385
20260565169_21,20260565169,DISPATCHED,OPEN,Open,WESTBORO DR,CONSTRUCTION SITE,290,"VANDALISM- $2,500 OR > BUT < $10,000",HANDGUN,No,I,INDIVIDUAL (18 AND OVER),M,W,Non-Hispanic,,2026-09-18 14:45:00,2026-09-19 00:26:00,36.15000000024567,-86.87999999982385
20260565169_32,20260565169,DISPATCHED,OPEN,Open,WESTBORO DR,CONSTRUCTION SITE,520,"WEAPON OFFENSE, CRIMINAL ATTEMPT",HANDGUN,No,S,SOCIETY,,,,,2026-09-18 14:45:00,2026-09-19 00:26:00,36.15000000024567,-86.87999999982385
20260565759_11,20260565759,DISPATCHED,OPEN,Open,8TH AVE S,RESTAURANT,13B,SIMPLE ASSLT,NONE,No,I,INDIVIDUAL (18 AND OVER),M,W,Hispanic,,2026-09-18 22:30:00,2026-09-19 00:16:00,36.15000000024567,-86.77999999963816
20260565786_11,20260565786,DISPATCHED,OPEN,Open,HASKELL DR,"RESIDENCE, HOME",23F,BURGLARY- MOTOR VEHICLE,NONE,No,I,INDIVIDUAL (18 AND OVER),M,B,Non-Hispanic,,2026-09-17 22:00:00,2026-09-19 00:10:00,36.0200000001374,-86.64999999966624
20260565440_11,20260565440,DISPATCHED,UNFOUNDED,Closed,917 917,"RESIDENCE, HOME",740,POLICE INQUIRY,NONE,Yes,I,INDIVIDUAL (18 AND OVER),F,B,Non-Hispanic,37208,2026-09-18 18:34:00,2026-09-19 00:05:00,36.16699999965114,-86.79900000031124
20260565685_11,20260565685,DISPATCHED,UNFOUNDED,Closed,HARRISON ST & ROSA L PARKS BLVD,"HIGHWAY, ROAD, ALLEY",740,POLICE INQUIRY,NONE,No,I,INDIVIDUAL (18 AND OVER),F,B,Non-Hispanic,37219,2026-09-18 22:39:00,2026-09-19 00:04:00,36.16900000026128,-86.7880000002998
20260565704_11,20260565704,DISPATCHED,OPEN,Open,DICKERSON PIKE,CONVENIENCE STORE,13A,INTENTIONAL AGGRAVATED ASSAULT,CLUB,No,I,INDIVIDUAL (18 AND OVER),F,B,Non-Hispanic,,2026-09-18 20:30:00,2026-09-18 23:47:00,36.22000000011304,-86.75999999978066
20260565538_11,20260565538,DISPATCHED,UNFOUNDED,Closed,5772 5772,APARTMENT,740,TRANSPORT,NONE,No,I,INDIVIDUAL (18 AND OVER),M,W,Non-Hispanic,37076,2026-09-18 19:45:00,2026-09-18 23:47:00,36.17200000011699,-86.60200000018794
20260565555_11,20260565555,DISPATCHED,UNFOUNDED,Closed,5500 5500,"GOVERNMENT, PUBLIC BUILDING",740,POLICE INQUIRY,NONE,No,I,INDIVIDUAL (18 AND OVER),M,W,Non-Hispanic,37209,2026-09-18 20:54:00,2026-09-18 23:39:00,36.151000000010846,-86.85599999963556
20260565769_11,20260565769,SUSPECT,CLEARED BY ARREST,Closed,409 409,"HIGHWAY, ROAD, ALLEY",13B,ASSAULT-LAW ENFORCEMENT OFFICER-OFFENSIVE CONTACT,PERSONAL (HANDS),No,P,POLICE OFFICER,M,W,Non-Hispanic,37203,2026-09-12 06:00:00,2026-09-18 23:36:00,36.16099999985248,-86.77700000028835
20260565550_11,20260565550,DISPATCHED,UNFOUNDED,Closed,1222 1222,"PARKING LOT, GARAGE",760,OVERDOSE,NONE,No,I,INDIVIDUAL (18 AND OVER),M,W,Non-Hispanic,37203,2026-09-18 21:27:00,2026-09-18 23:36:00,36.15499999994384,-86.7870000002171
20260565656_11,20260565656,DISPATCHED,OPEN,Open,AMALIE DR,APARTMENT,13B,SIMPLE ASSLT - STRANGULATION (NO LOSS OF CONSCIOUSNESS),PERSONAL (HANDS),Yes,I,INDIVIDUAL (18 AND OVER),F,B,Non-Hispanic,,2026-09-18 21:45:00,2026-09-18 23:34:00,36.05000000025906,-86.72000000006571
20260565748_11,20260565748,DISPATCHED,UNFOUNDED,Closed,6941 6941,"PARKING LOT, GARAGE",740,POLICE INQUIRY,NONE,No,I,INDIVIDUAL (18 AND OVER),M,W,Non-Hispanic,37209,2026-09-18 23:31:00,2026-09-18 23:31:00,36.12999999970263,-86.90199999984675
20260565679_11,20260565679,DISPATCHED,OPEN,Open,DELLWAY VILLA RD,"PARKING LOT, GARAGE",13C,ASSAULT- FEAR OF BODILY INJURY,,No,I,INDIVIDUAL (18 AND OVER),F,W,Non-Hispanic,,2026-09-18 22:30:00,2026-09-18 23:27:00,36.209999999706326,-86.75999999978066
20260565697_11,20260565697,DISPATCHED,OPEN,Open,HICKORY CLUB DR,APARTMENT,23D,LARC - FROM BLDG,NONE,No,I,INDIVIDUAL (18 AND OVER),F,B,Non-Hispanic,,2026-08-31 21:00:00,2026-09-18 23:27:00,36.05000000025906,-86.6399999997375
20260565745_11,20260565745,DISPATCHED,REFUSED TO COOPERATE,Closed,300 300,APARTMENT,13B,SIMPLE ASSLT,PERSONAL (HANDS),Yes,I,INDIVIDUAL (18 AND OVER),M,W,Non-Hispanic,37217,2026-09-18 13:00:00,2026-09-18 23:24:00,36.13599999969332,-86.70200000037366
20260565520_11,20260565520,DISPATCHED,OPEN,Open,NOLENSVILLE PIKE,RENTAL STORAGE FACILITY,290,"VANDALISM- $1,000 OR LESS",Unarmed,No,B,BUSINESS,,,,,2026-09-18 20:50:00,2026-09-18 23:19:00,36.06999999966938,-86.72000000006571
20260565746_11,20260565746,SUSPECT,OPEN,Open,LINBAR DR,"PARKING LOT, GARAGE",780,"RECOVERY, STOLEN PROPERTY",NONE,No,I,INDIVIDUAL (18 AND OVER),F,W,Non-Hispanic,,2026-09-18 22:50:00,2026-09-18 23:15:00,36.0800000001956,-86.70000000020825
20260565664_11,20260565664,DISPATCHED,CLEARED BY ARREST,Closed,2050 2050,"DEPARTMENT, DISCOUNT STORE",23C,SHOPLIFTING,NONE,No,B,BUSINESS,,,,37072,2026-09-18 21:53:00,2026-09-18 23:11:00,36.30199999997265,-86.69299999962931
20260565607_11,20260565607,DISPATCHED,UNFOUNDED,Closed,1901 1901,"RESIDENCE, HOME",740,POLICE INQUIRY,,Yes,I,INDIVIDUAL (18 AND OVER),F,W,Non-Hispanic,37217,2026-09-18 23:03:00,2026-09-18 23:03:00,36.098000000018985,-86.65800000032787
20260565554_11,20260565554,DISPATCHED,UNFOUNDED,Closed,1411 1411,"RESIDENCE, HOME",740,POLICE INQUIRY,NONE,No,I,INDIVIDUAL (18 AND OVER),F,B,Non-Hispanic,37208,2026-09-18 21:00:00,2026-09-18 22:59:00,36.17099999987209,-86.80800000015726
20260565699_11,20260565699,,OPEN,Open,,"BAR, NIGHT CLUB",26A,FRAUD - SWINDLE,NONE,No,I,INDIVIDUAL (18 AND OVER),M,W,Non-Hispanic,,2026-09-18 18:30:00,2026-09-18 22:57:00,36.15000000024567,-86.76999999970943
20260565574_11,20260565574,DISPATCHED,UNFOUNDED,Closed,7185 7185,"RESIDENCE, HOME",740,TRANSPORT,HANDGUN,No,I,INDIVIDUAL (18 AND OVER),M,W,Non-Hispanic,37013,2026-09-18 21:41:00,2026-09-18 22:52:00,36.008999999703946,-86.64999999966624
20260565614_11,20260565614,DISPATCHED,UNFOUNDED,Closed,4080 4080,"RESIDENCE, HOME",760,OVERDOSE,NONE,No,I,INDIVIDUAL (18 AND OVER),F,B,Unknown,37218,2026-09-18 22:48:00,2026-09-18 22:48:00,36.2170000001132,-86.85400000036847
20260565743_22,20260565743,DISPATCHED,OPEN,Open,SUMMER PL,"PARKING LOT, GARAGE",520,"WEAPON OFFENSE, CRIMINAL ATTEMPT",HANDGUN,No,S,SOCIETY,,,,,2026-09-18 23:00:00,2026-09-18 22:44:00,36.16999999991994,-86.75999999978066
20260565620_11,20260565620,DISPATCHED,OPEN,Open,OLD HICKORY BLVD,"DEPARTMENT, DISCOUNT STORE",23C,SHOPLIFTING,Unarmed,No,B,BUSINESS,,,,,2026-09-17 16:15:00,2026-09-18 22:42:00,36.19000000021294,-86.61999999988002
20260565559_11,20260565559,DISPATCHED,UNFOUNDED,Closed,2654 2654,"RESIDENCE, HOME",740,POLICE INQUIRY,NONE,No,I,INDIVIDUAL (18 AND OVER),F,B,Non-Hispanic,37207,2026-09-18 21:15:00,2026-09-18 22:42:00,36.2170000001132,-86.7899999995669
20260565624_11,20260565624,DISPATCHED,UNFOUNDED,Closed, & ,"HIGHWAY, ROAD, ALLEY",715,FOUND PROPERTY,,No,I,INDIVIDUAL (18 AND OVER),U,U,Unknown,,2026-09-18 22:04:00,2026-09-18 22:36:00,,
20260565547_11,20260565547,DISPATCHED,UNFOUNDED,Closed,615 615,"PARKING LOT, GARAGE",740,POLICE INQUIRY,NONE,No,I,INDIVIDUAL (18 AND OVER),F,B,Non-Hispanic,37115,2026-09-18 20:00:00,2026-09-18 22:32:00,36.27100000015447,-86.72599999966364
20260565621_11,20260565621,DISPATCHED,OPEN,Open,DICKERSON PIKE,LIQUOR STORE,23C,SHOPLIFTING,NONE,No,B,BUSINESS,,,,,2026-09-18 21:09:00,2026-09-18 22:25:00,36.19000000021294,-86.76999999970943
20260565586_11,20260565586,DISPATCHED,UNFOUNDED,Closed,501 501,"PARKING LOT, GARAGE",740,POLICE INQUIRY,NONE,Yes,I,INDIVIDUAL (18 AND OVER),M,W,Non-Hispanic,37189,2026-09-18 20:00:00,2026-09-18 22:25:00,36.27699999988312,-86.79600000006313
20260565720_11,20260565720,DISPATCHED,UNFOUNDED,Closed,2120 2120,"PARKING LOT, GARAGE",740,POLICE INQUIRY,NONE,Yes,I,INDIVIDUAL (18 AND OVER),F,W,Non-Hispanic,37204,2026-09-18 13:30:00,2026-09-18 22:21:00,36.13200000012403,-86.77899999955544
20260565237_11,20260565237,DISPATCHED,OPEN,Open,BAUGH RD,Library,290,DAMAGE PROP - PUBLIC,CLUB,No,G,GOVERNMENT,,,,,2026-09-18 08:47:00,2026-09-18 22:20:00,36.06999999966938,-86.9400000002946
20260565582_11,20260565582,,OPEN,Open,CHARLOTTE PIKE,"DEPARTMENT, DISCOUNT STORE",240,VEHICLE THEFT,NONE,No,I,INDIVIDUAL (18 AND OVER),M,B,Non-Hispanic,,2026-09-17 14:38:00,2026-09-18 22:18:00,36.12999999970263,-86.9099999996101
20260565619_11,20260565619,DISPATCHED,UNFOUNDED,Closed,329 329,"BAR, NIGHT CLUB",810,LOST PROPERTY,NONE,No,I,INDIVIDUAL (18 AND OVER),M,W,Hispanic,37201,2026-09-18 05:01:00,2026-09-18 22:14:00,36.16099999985248,-86.77600000020564
20260565461_11,20260565461,DISPATCHED,UNFOUNDED,Closed,6500 6500,"PARKING LOT, GARAGE",740,POLICE INQUIRY,NONE,Yes,I,INDIVIDUAL (18 AND OVER),F,B,Non-Hispanic,37209,2026-09-18 17:00:00,2026-09-18 22:13:00,36.13999999994927,-86.87899999974115
20260565587_11,20260565587,DISPATCHED,OPEN,Open,DICKERSON PIKE,"PARKING LOT, GARAGE",26A,FRAUD - SWINDLE,NONE,No,I,INDIVIDUAL (18 AND OVER),F,B,Non-Hispanic,,2026-09-18 20:30:00,2026-09-18 22:08:00,36.25000000002025,-86.75999999978066
20260565121_11,20260565121,DISPATCHED,UNFOUNDED,Closed,5772 5772,"HOTEL, MOTEL, ETC.",740,POLICE INQUIRY,NONE,No,I,INDIVIDUAL (18 AND OVER),M,W,Non-Hispanic,37076,2026-09-18 15:51:00,2026-09-18 22:00:00,36.17200000011699,-86.60200000018794
20260565163_11,20260565163,DISPATCHED,UNFOUNDED,Closed,28 28,"PARKING LOT, GARAGE",715,FOUND PROPERTY,NONE,No,I,INDIVIDUAL (18 AND OVER),M,W,Non-Hispanic,37209,2026-09-18 17:38:00,2026-09-18 21:58:00,36.127999999830735,-86.85200000020306
20260565255_11,20260565255,DISPATCHED,UNFOUNDED,Closed,2406 2406,"HIGHWAY, ROAD, ALLEY",740,POLICE INQUIRY,NONE,Yes,I,INDIVIDUAL (18 AND OVER),M,B,Non-Hispanic,37208,2026-09-18 17:04:00,2026-09-18 21:50:00,36.18799999983186,-86.8170000000033
20260565564_11,20260565564,DISPATCHED,CLEARED BY ARREST,Closed,3926 3926,CONVENIENCE STORE,13B,SIMPLE ASSLT,PERSONAL (HANDS),No,I,INDIVIDUAL (18 AND OVER),F,B,Non-Hispanic,37076,2026-09-18 21:08:00,2026-09-18 21:40:00,36.19399999998908,-86.62300000012813
20260565463_11,20260565463,DISPATCHED,OPEN,Open,STEWARTS FERRY PIKE,HOSPITAL,13B,SIMPLE ASSLT,PERSONAL (HANDS),No,I,INDIVIDUAL (18 AND OVER),F,W,Unknown,,2026-09-18 21:39:00,2026-09-18 21:39:00,36.159999999962295,-86.64999999966624
20260565470_11,20260565470,SUSPECT,UNFOUNDED,Closed,455 455,"PARKING LOT, GARAGE",780,"RECOVERY, STOLEN PROPERTY",NONE,No,I,INDIVIDUAL (18 AND OVER),M,U,Unknown,37211,2026-09-18 20:00:00,2026-09-18 21:34:00,36.04200000018788,-86.71799999990031
20260565488_11,20260565488,DISPATCHED,UNFOUNDED,Closed,2400 2400,"RESIDENCE, HOME",740,POLICE INQUIRY,NONE,No,I,INDIVIDUAL (18 AND OVER),M,B,Non-Hispanic,37218,2026-09-18 20:00:00,2026-09-18 21:29:00,36.200999999772336,-86.82699999993206
20260565503_11,20260565503,DISPATCHED,UNFOUNDED,Closed,2106 2106,APARTMENT,740,POLICE INQUIRY,NONE,Yes,U,UNKNOWN,F,U,Unknown,37013,2026-09-18 16:14:00,2026-09-18 21:29:00,36.05300000031543,-86.64899999958354
20260565524_11,20260565524,DISPATCHED,UNFOUNDED,Closed,610 610,"HIGHWAY, ROAD, ALLEY",740,POLICE INQUIRY,NONE,Yes,I,INDIVIDUAL (18 AND OVER),F,W,Non-Hispanic,37210,2026-07-31 05:00:00,2026-09-18 21:26:00,36.14100000025182,-86.7399999999232
20260565471_11,20260565471,DISPATCHED,OPEN,Open,ILLINOIS AVE,"RESIDENCE, HOME",23H,LARC - POSTAL,Unarmed,No,I,INDIVIDUAL (18 AND OVER),F,W,Non-Hispanic,,2026-09-18 12:33:00,2026-09-18 21:22:00,36.159999999962295,-86.81000000032267
20260565513_11,20260565513,,OPEN,Open,BEACHMIST WAY,"RESIDENCE, HOME",26C,CRIMINAL IMPERSONATION,NONE,No,I,INDIVIDUAL (18 AND OVER),F,B,Non-Hispanic,,2024-11-01 05:01:00,2026-09-18 21:21:00,36.05999999996536,-86.59000000009381
20260565497_11,20260565497,DISPATCHED,UNFOUNDED,Closed,4045 4045,"RESIDENCE, HOME",740,POLICE INQUIRY,NONE,No,I,INDIVIDUAL (18 AND OVER),M,B,Non-Hispanic,37013,2026-09-18 21:20:00,2026-09-18 21:20:00,36.048999999767794,-86.61999999988002
20260565512_11,20260565512,DISPATCHED,UNFOUNDED,Closed,3035 3035,SPECIALTY STORE,810,LOST PROPERTY,NONE,No,I,INDIVIDUAL (18 AND OVER),F,B,Non-Hispanic,37013,2026-08-14 14:00:00,2026-09-18 21:19:00,36.063000000086944,-86.62899999972605
20260565514_11,20260565514,,UNFOUNDED,Closed,2604 2604,"RESIDENCE, HOME",810,LOST PROPERTY,NONE,No,I,INDIVIDUAL (18 AND OVER),M,W,Non-Hispanic,37013,2026-07-22 21:18:00,2026-09-18 21:18:00,36.048999999767794,-86.62200000004543
20260565490_11,20260565490,DISPATCHED,OPEN,Open,HAMPTON,"RESIDENCE, HOME",220,BURGLARY- AGGRAVATED,NONE,No,I,INDIVIDUAL (18 AND OVER),M,W,Non-Hispanic,,2026-09-17 13:00:00,2026-09-18 21:16:00,36.12000000013524,-86.81000000032267
20260565454_23,20260565454,DISPATCHED,OPEN,Open,25TH AVE N,"PARKING LOT, GARAGE",520,"WEAPON OFFENSE, CRIMINAL ATTEMPT",HANDGUN,No,S,SOCIETY,,,,,2026-09-18 20:30:00,2026-09-18 21:16:00,36.159999999962295,-86.81000000032267
20260565311_11,20260565311,DISPATCHED,OPEN,Open,BELL RD,APARTMENT,290,"VANDALISM- $1,000 OR LESS",PERSONAL (HANDS),No,I,INDIVIDUAL (18 AND OVER),F,B,Non-Hispanic,,2026-09-18 21:14:00,2026-09-18 21:14:00,36.0800000001956,-86.62999999980876
20260565419_11,20260565419,DISPATCHED,OPEN,Open,SUNNYVALE,"RESIDENCE, HOME",13A,AGGRAV ASSLT - NONFAMILY-WEAPON,LETHAL/CUTTING INSTRUMENT,No,I,INDIVIDUAL (18 AND OVER),M,W,Non-Hispanic,,2026-09-18 17:00:00,2026-09-18 21:12:00,36.02999999971792,-86.58000000016507
20260565445_11,20260565445,DISPATCHED,UNFOUNDED,Closed,5556 5556,"COMMERCIAL, OFFICE BUILDING",740,POLICE INQUIRY,NONE,No,I,INDIVIDUAL (18 AND OVER),M,W,Non-Hispanic,37027,2026-09-18 21:06:00,2026-09-18 21:06:00,36.0399999997254,-86.78500000005168
20260565445_12,20260565445,DISPATCHED,UNFOUNDED,Closed,5556 5556,"COMMERCIAL, OFFICE BUILDING",740,POLICE INQUIRY,NONE,No,I,INDIVIDUAL (18 AND OVER),M,W,Non-Hispanic,37027,2026-09-18 21:06:00,2026-09-18 21:06:00,36.0399999997254,-86.78500000005168
20260565446_11,20260565446,,UNFOUNDED,Closed,I65  S & LONG HOLLOW PIKE,"HIGHWAY, ROAD, ALLEY",810,LOST PROPERTY,NONE,No,I,INDIVIDUAL (18 AND OVER),M,W,Non-Hispanic,37072,2026-09-18 16:45:00,2026-09-18 21:02:00,,
20260565212_11,20260565212,DISPATCHED,CLEARED BY ARREST,Closed,2421 2421,"DEPARTMENT, DISCOUNT STORE",13B,ASSAULT-LAW ENFORCEMENT OFFICER-OFFENSIVE CONTACT,PERSONAL (HANDS),No,I,INDIVIDUAL (18 AND OVER),M,W,Hispanic,37204,2026-09-18 21:00:00,2026-09-18 21:00:00,36.110999999786046,-86.76700000035962
20260565212_22,20260565212,DISPATCHED,CLEARED BY ARREST,Closed,2421 2421,"DEPARTMENT, DISCOUNT STORE",23C,"THEFT OF MERCHANDISE- $1,000 OR LESS",NONE,No,B,BUSINESS,,,,37204,2026-09-18 21:00:00,2026-09-18 21:00:00,36.110999999786046,-86.76700000035962
20260565405_11,20260565405,SUSPECT,OPEN,Open,OPRY MILLS DR,SPECIALTY STORE,23C,SHOPLIFTING,NONE,No,B,BUSINESS,,,,,2026-09-18 20:00:00,2026-09-18 20:50:00,36.20000000001247,-86.69000000027951
20260565447_11,20260565447,SUSPECT,UNFOUNDED,Closed, & ,"HIGHWAY, ROAD, ALLEY",780,"RECOVERY, STOLEN PROPERTY",NONE,No,I,INDIVIDUAL (18 AND OVER),F,W,Non-Hispanic,37209,2026-09-18 20:37:00,2026-09-18 20:50:00,36.16800000017144,-86.86899999981242
20260565433_11,20260565433,DISPATCHED,OPEN,Open,DUPONT,"RESIDENCE, HOME",13B,SIMPLE ASSLT,PERSONAL (HANDS),Yes,I,INDIVIDUAL (18 AND OVER),F,B,Non-Hispanic,,2026-09-18 17:00:00,2026-09-18 20:48:00,36.27000000015372,-86.70000000020825
20260565413_11,20260565413,SUSPECT,OPEN,Open,SWISS AVE,"PARKING LOT, GARAGE",23G,LARC - PARTS FROM VEH,NONE,No,I,INDIVIDUAL (18 AND OVER),M,B,Non-Hispanic,,2026-09-18 20:48:00,2026-09-18 20:48:00,36.0399999997254,-86.72000000006571
20260565240_11,20260565240,DISPATCHED,OPEN,Open,COUNTRY CLUB LN,"RESIDENCE, HOME",90F,CRIMINAL CONTEMPT-VIOLATION OF ORDER OF PROTECTION,NONE,Yes,I,INDIVIDUAL (18 AND OVER),M,W,Non-Hispanic,,2026-09-18 04:30:00,2026-09-18 20:46:00,,
20260565435_11,20260565435,,UNFOUNDED,Closed,908 908,"RESIDENCE, HOME",810,LOST PROPERTY,NONE,No,I,INDIVIDUAL (18 AND OVER),F,B,Non-Hispanic,37027,2026-08-18 13:00:00,2026-09-18 20:45:00,36.02500000019836,-86.75600000034818
20260565453_11,20260565453,DISPATCHED,UNFOUNDED,Closed,3701 3701,"PARKING LOT, GARAGE",740,POLICE INQUIRY,NONE,Yes,I,INDIVIDUAL (18 AND OVER),F,W,Non-Hispanic,37076,2026-09-18 20:39:00,2026-09-18 20:39:00,36.17699999991021,-86.6140000002821
20260565425_11,20260565425,,OPEN,Open,BRICK CHURCH PIKE,"RESIDENCE, HOME",23F,BURGLARY- MOTOR VEHICLE,CLUB,No,I,INDIVIDUAL (18 AND OVER),M,W,Non-Hispanic,,2026-09-18 02:00:00,2026-09-18 20:36:00,36.20000000001247,-86.77999999963816
20260565356_11,20260565356,SUSPECT,OPEN,Open,OPRY MILLS DR,SPECIALTY STORE,23C,SHOPLIFTING,NONE,No,B,BUSINESS,,,,,2026-09-18 19:30:00,2026-09-18 20:35:00,36.20000000001247,-86.69000000027951
20260565339_11,20260565339,DISPATCHED,UNFOUNDED,Closed,4383 4383,"RESIDENCE, HOME",740,POLICE INQUIRY,NONE,Yes,I,INDIVIDUAL (18 AND OVER),F,W,Non-Hispanic,37189,2026-09-18 19:00:00,2026-09-18 20:23:00,36.28399999979945,-86.7890000003825
20260565392_11,20260565392,DISPATCHED,OPEN,Open,HERRON DR,"PARKING LOT, GARAGE",240,VEHICLE THEFT,NONE,No,I,INDIVIDUAL (18 AND OVER),M,W,Non-Hispanic,,2026-09-18 00:00:00,2026-09-18 20:23:00,36.13999999994927,-86.75999999978066
20260565397_11,20260565397,DISPATCHED,UNFOUNDED,Closed, & ,"PARKING LOT, GARAGE",810,LOST PROPERTY,NONE,No,B,BUSINESS,,,,,2026-09-18 13:00:00,2026-09-18 20:21:00,,
20260563306_11,20260563306,DISPATCHED,OPEN,Open,DEMONBREUN ST,"PARKING LOT, GARAGE",240,VEHICLE THEFT,NONE,No,I,INDIVIDUAL (18 AND OVER),M,W,Non-Hispanic,,2026-09-17 20:00:00,2026-09-18 20:20:00,36.159999999962295,-86.77999999963816
20260565383_11,20260565383,DISPATCHED,OPEN,Open,RISTAU,"HIGHWAY, ROAD, ALLEY",23H,THEFT OF PROPERTY- $500 OR LESS,NONE,No,I,INDIVIDUAL (18 AND OVER),M,B,Non-Hispanic,,2026-09-18 04:30:00,2026-09-18 20:15:00,36.01000000015755,-86.64999999966624
20260565377_11,20260565377,DISPATCHED,OPEN,Open,CENTURY FARMS CIR,"HIGHWAY, ROAD, ALLEY",290,DAMAGE PROP - BUSINESS,MOTOR VEHICLE,No,B,BUSINESS,,,,,2026-09-16 20:18:00,2026-09-18 20:14:00,,
20260565359_11,20260565359,DISPATCHED,OPEN,Open,14TH AVE S,"HIGHWAY, ROAD, ALLEY",23H,"THEFT OF PROPERTY- > $500 BUT < $1,000",NONE,No,G,GOVERNMENT,,,,,2026-09-17 16:46:00,2026-09-18 20:07:00,36.13999999994927,-86.7899999995669
20260565109_11,20260565109,DISPATCHED,OPEN,Open,25TH,APARTMENT,13C,THREAT TO BOMB,,No,I,INDIVIDUAL (18 AND OVER),F,B,Non-Hispanic,,2026-09-18 17:00:00,2026-09-18 20:05:00,36.18000000021363,-86.82000000025143
20260565376_11,20260565376,DISPATCHED,OPEN,Open,SOUTHPOINT PKWY,RESTAURANT,13B,SIMPLE ASSLT,PERSONAL (HANDS),No,I,INDIVIDUAL (18 AND OVER),F,W,Non-Hispanic,,2026-09-18 01:45:00,2026-09-18 20:02:00,35.99999999967826,-86.69000000027951
20260564920_11,20260564920,DISPATCHED,OPEN,Open,DEER LAKE DR,"RESIDENCE, HOME",695,UNKNOWN DEATH,NONE,No,I,INDIVIDUAL (18 AND OVER),M,W,Non-Hispanic,,2026-09-18 14:00:00,2026-09-18 19:57:00,36.0800000001956,-86.93000000036587
20260565371_11,20260565371,DISPATCHED,OPEN,Open,CABOT,APARTMENT,26A,FRAUD - SWINDLE,NONE,No,I,INDIVIDUAL (18 AND OVER),M,W,Non-Hispanic,,2026-09-18 13:00:00,2026-09-18 19:56:00,36.12999999970263,-86.89999999968133
20260565345_11,20260565345,DISPATCHED,OPEN,Open,POWELL,SPECIALTY STORE,23C,SHOPLIFTING,Unarmed,No,B,BUSINESS,,,,,2026-09-17 21:53:00,2026-09-18 19:51:00,36.10999999969955,-86.76999999970943
20260563981_11,20260563981,SUSPECT,CLEARED BY ARREST,Closed,47 47,"HIGHWAY, ROAD, ALLEY",520,"WEAPON OFFENSE, CRIMINAL ATTEMPT",HANDGUN,No,S,SOCIETY,,,,37210,2026-09-18 02:10:00,2026-09-18 19:49:00,36.15200000008144,-86.7650000001942
20260565332_11,20260565332,DISPATCHED,OPEN,Open,OLD HICKORY BLVD,CONVENIENCE STORE,270,EMBEZZLE - BUSINESS PROP,Unarmed,No,B,BUSINESS,,,,,2026-09-17 21:17:00,2026-09-18 19:47:00,36.0399999997254,-86.7399999999232
20260565348_11,20260565348,DISPATCHED,UNFOUNDED,Closed,222 222,"HIGHWAY, ROAD, ALLEY",810,LOST PROPERTY,NONE,No,I,INDIVIDUAL (18 AND OVER),M,W,Non-Hispanic,37203,2026-09-18 19:00:00,2026-09-18 19:43:00,36.15000000024567,-86.81000000032267
20260565312_11,20260565312,,UNFOUNDED,Closed, & ,"RESIDENCE, HOME",810,LOST PROPERTY,NONE,No,I,INDIVIDUAL (18 AND OVER),F,W,Non-Hispanic,,2026-09-12 17:00:00,2026-09-18 19:41:00,,
20260565316_11,20260565316,DISPATCHED,OPEN,Open,6TH AVE S,"HIGHWAY, ROAD, ALLEY",13C,ASSAULT- FEAR OF BODILY INJURY,,No,I,INDIVIDUAL (18 AND OVER),F,W,Non-Hispanic,,2026-09-18 18:10:00,2026-09-18 19:28:00,36.159999999962295,-86.77999999963816
20260565222_11,20260565222,DISPATCHED,OPEN,Open,11TH AVE N,"HOTEL, MOTEL, ETC.",23D,LARC - FROM BLDG,NONE,No,I,INDIVIDUAL (18 AND OVER),F,W,Non-Hispanic,,2026-09-17 23:30:00,2026-09-18 19:27:00,36.159999999962295,-86.7899999995669
20260565008_11,20260565008,DISPATCHED,OPEN,Open,LEBANON,"DEPARTMENT, DISCOUNT STORE",26A,FRAUD - SWINDLE,NONE,No,B,BUSINESS,,,,,2026-09-18 15:56:00,2026-09-18 19:26:00,36.22000000011304,-86.60000000002253
20260565099_11,20260565099,DISPATCHED,OPEN,Open,THOMPSON,"AIR, BUS, TRAIN TERMINAL",13B,ASSAULT- OFFENSIVE OR PROVOCATIVE CONTACT,PERSONAL (HANDS),No,I,INDIVIDUAL (18 AND OVER),F,W,Non-Hispanic,,2026-09-18 17:00:00,2026-09-18 19:25:00,36.10999999969955,-86.74999999985195
20260565085_11,20260565085,DISPATCHED,OPEN,Open,KOREAN VETERANS BLVD,"RESIDENCE, HOME",90F,CRIMINAL CONTEMPT-VIOLATION OF ORDER OF PROTECTION,,Yes,I,INDIVIDUAL (18 AND OVER),F,W,Non-Hispanic,,2026-09-18 14:10:00,2026-09-18 19:16:00,36.159999999962295,-86.77999999963816
20260564909_11,20260564909,DISPATCHED,UNFOUNDED,Closed,3607 3607,"PARKING LOT, GARAGE",740,POLICE INQUIRY,NONE,No,B,BUSINESS,,,,37216,2026-09-18 15:00:00,2026-09-18 19:13:00,36.21199999983783,-86.73200000015987
20260565292_11,20260565292,DISPATCHED,OPEN,Open,CLARKSVILLE PIKE,"RESIDENCE, HOME",23G,LARC - PARTS FROM VEH,NONE,No,I,INDIVIDUAL (18 AND OVER),F,B,Non-Hispanic,,2026-09-18 19:08:00,2026-09-18 19:08:00,36.19000000021294,-86.83000000018018
20260565234_11,20260565234,DISPATCHED,UNFOUNDED,Closed,1345 1345,"RESIDENCE, HOME",740,POLICE INQUIRY,NONE,Yes,I,INDIVIDUAL (18 AND OVER),F,W,Non-Hispanic,37013,2026-09-18 16:27:00,2026-09-18 19:02:00,36.046999999895846,-86.67900000026806
20260565288_11,20260565288,DISPATCHED,UNFOUNDED,Closed, & ,"RESIDENCE, HOME",810,LOST PROPERTY,NONE,No,I,INDIVIDUAL (18 AND OVER),F,W,Non-Hispanic,37215,2026-09-07 13:00:00,2026-09-18 18:58:00,,
20260565231_11,20260565231,DISPATCHED,OPEN,Open,MCFERRIN AVE,APARTMENT,90J,CRIMINAL TRESPASS,NONE,No,S,SOCIETY,,,,,2026-09-18 17:30:00,2026-09-18 18:57:00,36.18000000021363,-86.75999999978066
20260565238_11,20260565238,DISPATCHED,OPEN,Open,GALLATIN PIKE N,"PARKING LOT, GARAGE",23H,THEFT OF PROPERTY- $500 OR LESS,Unarmed,No,B,BUSINESS,,,,,2026-09-18 09:54:00,2026-09-18 18:52:00,,
20260565003_11,20260565003,WITNESS,OPEN,Open,DELVIN DR,"RESIDENCE, HOME",26A,"FRAUD, CRIMINAL ATTEMPT",NONE,No,I,INDIVIDUAL (18 AND OVER),M,A,Non-Hispanic,,2026-09-18 18:46:00,2026-09-18 18:46:00,36.05000000025906,-86.69000000027951
20260565242_11,20260565242,DISPATCHED,OPEN,Open,22ND AVE N,"RESIDENCE, HOME",23H,"THEFT OF PROPERTY- $1,000 OR >  BUT < $10,000",,No,I,INDIVIDUAL (18 AND OVER),M,B,Non-Hispanic,,2026-09-18 05:01:00,2026-09-18 18:36:00,36.18000000021363,-86.81000000032267
20260565218_11,20260565218,DISPATCHED,OPEN,Open,HADLEY AVE,"PARKING LOT, GARAGE",23G,LARC - PARTS FROM VEH,OTHER,No,R,RELIGIOUS,,,,,2026-09-12 05:00:00,2026-09-18 18:35:00,,
20260565213_11,20260565213,,UNFOUNDED,Closed,4021 4021,"RESIDENCE, HOME",740,POLICE INQUIRY,NONE,No,I,INDIVIDUAL (18 AND OVER),F,W,Non-Hispanic,37211,2026-09-14 00:00:00,2026-09-18 18:29:00,,
20260565176_11,20260565176,DISPATCHED,UNFOUNDED,Closed,187 187,"RESIDENCE, HOME",810,LOST PROPERTY,Unarmed,No,I,INDIVIDUAL (18 AND OVER),M,W,Hispanic,37211,2026-09-04 17:44:00,2026-09-18 18:27:00,36.05999999996536,-86.71799999990031
20260565183_11,20260565183,DISPATCHED,UNFOUNDED,Closed,342 342,"OTHER, UNKNOWN",740,TRANSPORT,NONE,No,I,INDIVIDUAL (18 AND OVER),M,W,Non-Hispanic,37203,2026-09-18 17:30:00,2026-09-18 18:23:00,36.15599999977934,-86.80700000007457
20260565178_11,20260565178,DISPATCHED,UNFOUNDED,Closed,1005 1005,APARTMENT,740,POLICE INQUIRY,NONE,Yes,I,INDIVIDUAL (18 AND OVER),F,B,Non-Hispanic,37076,2026-09-15 18:18:00,2026-09-18 18:18:00,36.16999999991994,-86.6120000001167
20260564967_11,20260564967,DISPATCHED,OPEN,Open,NOLENSVILLE PIKE,"SERVICE, GAS STATION",23C,SHOPLIFTING,NONE,No,B,BUSINESS,,,,,2026-09-18 14:35:00,2026-09-18 18:17:00,36.10999999969955,-86.7399999999232
20260564205_11,20260564205,,OPEN,Open,RICHARDS RD,RESTAURANT,220,BURGL - FORCED ENTRY-NONRESID,NONE,No,B,BUSINESS,,,,,2026-09-18 02:00:00,2026-09-18 18:17:00,36.06999999966938,-86.68000000035076
20260565208_12,20260565208,SUSPECT,OPEN,Open,HICKS RD,"RESIDENCE, HOME",90F,CHILD NEGLECT - EXPOSE TO CONTR. SUBST. & CHILD 9-17,,No,S,SOCIETY,,,,,2026-09-04 05:00:00,2026-09-18 18:13:00,36.09000000018983,-86.9400000002946
20260565179_11,20260565179,DISPATCHED,OPEN,Open,LINBAR DR,"RESIDENCE, HOME",210,EXTORTION,Unarmed,No,I,INDIVIDUAL (18 AND OVER),F,W,Hispanic,,2026-09-18 03:30:00,2026-09-18 18:06:00,36.0800000001956,-86.70000000020825
20260564972_11,20260564972,DISPATCHED,OPEN,Open,GALLATIN AVE,"SERVICE, GAS STATION",13C,ASSAULT- FEAR OF BODILY INJURY,,No,I,INDIVIDUAL (18 AND OVER),F,W,Non-Hispanic,,2026-09-11 18:00:00,2026-09-18 18:00:00,36.18000000021363,-86.74999999985195
20260565189_11,20260565189,DISPATCHED,OPEN,Open,CHARLOTTE PIKE,PHARMACY,23C,SHOPLIFTING,NONE,No,B,BUSINESS,,,,,2026-09-18 17:45:00,2026-09-18 18:00:00,36.15000000024567,-86.85999999996638
20260565110_11,20260565110,DISPATCHED,CLEARED BY ARREST,Closed,1505 1505,APARTMENT,90J,CRIMINAL TRESPASS,NONE,No,S,SOCIETY,,,,37203,2026-09-18 17:03:00,2026-09-18 17:57:00,36.15299999973159,-86.7890000003825
20260565110_21,20260565110,DISPATCHED,CLEARED BY ARREST,Closed,1505 1505,APARTMENT,35B,DRUG PARAPHERNALIA- UNLAWFUL USE,NONE,No,S,SOCIETY,,,,37203,2026-09-18 17:03:00,2026-09-18 17:57:00,36.15299999973159,-86.7890000003825
20260565126_11,20260565126,DISPATCHED,UNFOUNDED,Closed,1914 1914,"RESIDENCE, HOME",810,LOST PROPERTY,,No,I,INDIVIDUAL (18 AND OVER),F,W,Non-Hispanic,37215,2026-09-16 23:15:00,2026-09-18 17:52:00,36.09600000019247,-86.80900000023999
20260565116_11,20260565116,DISPATCHED,OPEN,Open,KOREAN VETERANS BLVD,"RESIDENCE, HOME",90F,CRIMINAL CONTEMPT-VIOLATION OF ORDER OF PROTECTION,,Yes,I,INDIVIDUAL (18 AND OVER),F,W,Non-Hispanic,,2026-09-16 07:53:00,2026-09-18 17:43:00,36.159999999962295,-86.77999999963816
20260565098_11,20260565098,DISPATCHED,UNFOUNDED,Closed,514 514,"RESIDENCE, HOME",740,POLICE INQUIRY,NONE,Yes,I,INDIVIDUAL (18 AND OVER),F,B,Non-Hispanic,37115,2026-09-18 16:55:00,2026-09-18 17:41:00,36.26600000028364,-86.70200000037366
20260565080_11,20260565080,DISPATCHED,UNFOUNDED,Closed,3RD AVE S & DEMONBREUN ST,"HIGHWAY, ROAD, ALLEY",740,POLICE INQUIRY,NONE,No,I,INDIVIDUAL (18 AND OVER),M,B,Non-Hispanic,37201,2026-09-18 17:34:00,2026-09-18 17:34:00,36.159999999962295,-86.77500000012294
20260565069_11,20260565069,,OPEN,Open,GALLATIN,"DEPARTMENT, DISCOUNT STORE",23C,SHOPLIFTING,NONE,No,B,BUSINESS,,,,,2026-09-02 22:55:00,2026-09-18 17:33:00,36.29000000028829,-86.70000000020825
20260565115_11,20260565115,DISPATCHED,OPEN,Open,N DUPONT AVE,"RESIDENCE, HOME",13C,ASSAULT- FEAR OF BODILY INJURY,,No,I,INDIVIDUAL (18 AND OVER),F,B,Non-Hispanic,,2026-09-17 13:27:00,2026-09-18 17:31:00,36.27000000015372,-86.70000000020825
20260565107_11,20260565107,,UNFOUNDED,Closed,1417 1417,"RESIDENCE, HOME",810,LOST PROPERTY,NONE,No,I,INDIVIDUAL (18 AND OVER),F,W,Non-Hispanic,37209,2026-07-10 14:00:00,2026-09-18 17:24:00,36.162000000041736,-86.85300000028575
20260565088_11,20260565088,DISPATCHED,OPEN,Open,RAINS AVE,"RESIDENCE, HOME",240,"THEFT OF VEHICLE-2,500 OR > BUT<$10,000",NONE,No,I,INDIVIDUAL (18 AND OVER),F,W,Non-Hispanic,,2026-08-02 05:01:00,2026-09-18 17:22:00,36.13999999994927,-86.75999999978066
20260565047_11,20260565047,,OPEN,Open,ANTIOCH PIKE,School-Elementary/Secondary,90Z,THREAT OF MASS VIOLENCE IN SCHOOL,NONE,No,S,SOCIETY,,,,,2026-09-18 15:30:00,2026-09-18 17:14:00,36.099999999750025,-86.72999999999446
20260564985_11,20260564985,DISPATCHED,UNFOUNDED,Closed,26 26,"COMMERCIAL, OFFICE BUILDING",740,POLICE INQUIRY,NONE,Yes,I,INDIVIDUAL (18 AND OVER),U,U,Unknown,37214,2026-09-18 15:40:00,2026-09-18 17:12:00,36.14699999988796,-86.68599999994869
20260565087_11,20260565087,DISPATCHED,UNFOUNDED,Closed,1309 1309,"RESIDENCE, HOME",740,POLICE INQUIRY,NONE,No,I,INDIVIDUAL (18 AND OVER),F,W,Non-Hispanic,37205,2026-09-18 17:12:00,2026-09-18 17:11:00,36.0829999998826,-86.90900000042568
20260565033_11,20260565033,DISPATCHED,OPEN,Open,MAUDINA AVE,"RESIDENCE, HOME",90Z,HARRASSMENT (NUISANCE),Unarmed,No,I,INDIVIDUAL (18 AND OVER),F,B,Non-Hispanic,,2026-09-17 13:00:00,2026-09-18 17:05:00,36.13999999994927,-86.85999999996638
20260564868_11,20260564868,DISPATCHED,OPEN,Open,CHARLOTTE PIKE,"DEPARTMENT, DISCOUNT STORE",23D,LARC - FROM BLDG,NONE,No,I,INDIVIDUAL (18 AND OVER),F,B,Non-Hispanic,,2026-09-18 12:50:00,2026-09-18 17:05:00,36.12999999970263,-86.9099999996101
20260565024_11,20260565024,DISPATCHED,UNFOUNDED,Closed, & LONGVIEW AVE,"COMMERCIAL, OFFICE BUILDING",810,LOST PROPERTY,,No,B,BUSINESS,,,,,2026-09-17 17:00:00,2026-09-18 17:02:00,,
20260565039_11,20260565039,DISPATCHED,OPEN,Open,DICKERSON PIKE,"DEPARTMENT, DISCOUNT STORE",23C,SHOPLIFTING,NONE,No,B,BUSINESS,,,,,2026-09-18 15:30:00,2026-09-18 16:59:00,36.19000000021294,-86.76999999970943
20260565054_11,20260565054,DISPATCHED,OPEN,Open,STEWARTS LN,"PARKING LOT, GARAGE",23F,BURGLARY- MOTOR VEHICLE,NONE,No,I,INDIVIDUAL (18 AND OVER),M,W,Non-Hispanic,,2026-08-14 17:00:00,2026-09-18 16:56:00,36.20000000001247,-86.85999999996638
20260565055_11,20260565055,,UNFOUNDED,Closed,623 623,"HOTEL, MOTEL, ETC.",810,LOST PROPERTY,NONE,No,I,INDIVIDUAL (18 AND OVER),M,W,Non-Hispanic,37219,2026-09-18 11:00:00,2026-09-18 16:49:00,36.1629999998043,-86.78299999988627
20260565002_11,20260565002,DISPATCHED,UNFOUNDED,Closed,401 401,"PARKING LOT, GARAGE",740,POLICE INQUIRY,Unarmed,No,I,INDIVIDUAL (18 AND OVER),F,W,Non-Hispanic,37219,2026-09-18 00:00:00,2026-09-18 16:45:00,36.162000000041736,-86.77899999955544
20260564730_11,20260564730,DISPATCHED,UNFOUNDED,Closed,HITTINGER DR & MAXWELL RD,"HIGHWAY, ROAD, ALLEY",715,FOUND PROPERTY,NONE,No,I,INDIVIDUAL (18 AND OVER),U,U,Non-Hispanic,37211,2026-09-18 13:00:00,2026-09-18 16:43:00,,
20260564966_11,20260564966,DISPATCHED,OPEN,Open,4TH AVE S,APARTMENT,90Z,HARRASSMENT (NUISANCE),,Yes,I,INDIVIDUAL (18 AND OVER),F,B,Non-Hispanic,,2026-09-18 12:44:00,2026-09-18 16:40:00,36.15000000024567,-86.76999999970943
20260564974_11,20260564974,DISPATCHED,UNFOUNDED,Closed,215 215,"RESIDENCE, HOME",740,POLICE INQUIRY,NONE,Yes,I,INDIVIDUAL (18 AND OVER),F,B,Non-Hispanic,37206,2026-09-18 15:42:00,2026-09-18 16:37:00,36.174999999701605,-86.75200000001735
20260564969_11,20260564969,DISPATCHED,OPEN,Open,27TH AVE N,"RESIDENCE, HOME",23F,BURGLARY- MOTOR VEHICLE,NONE,No,I,INDIVIDUAL (18 AND OVER),M,W,Non-Hispanic,,2026-09-11 23:00:00,2026-09-18 16:31:00,36.159999999962295,-86.82000000025143
20260564998_11,20260564998,DISPATCHED,UNFOUNDED,Closed,5150 5150,"RESIDENCE, HOME",740,POLICE INQUIRY,,Yes,I,INDIVIDUAL (18 AND OVER),F,W,Non-Hispanic,37211,2026-09-18 16:00:00,2026-09-18 16:31:00,36.06199999992648,-86.7399999999232
20260564965_11,20260564965,DISPATCHED,OPEN,Open,MAUDINA AVE,APARTMENT,220,BURGLARY- AGGRAVATED,Unarmed,No,I,INDIVIDUAL (18 AND OVER),F,B,Non-Hispanic,,2026-06-18 16:30:00,2026-09-18 16:30:00,36.13999999994927,-86.85999999996638
20260564973_11,20260564973,DISPATCHED,UNFOUNDED,Closed,3878 3878,"RESIDENCE, HOME",740,POLICE INQUIRY,NONE,Yes,I,INDIVIDUAL (18 AND OVER),F,B,Non-Hispanic,37207,2026-09-18 14:00:00,2026-09-18 16:28:00,36.22199999973157,-86.81900000016873
20260560684_11,20260560684,SUSPECT,UNFOUNDED,Closed,2715 2715,"GOVERNMENT, PUBLIC BUILDING",740,POLICE INQUIRY,NONE,No,I,INDIVIDUAL (18 AND OVER),F,W,Non-Hispanic,37218,2026-09-16 14:20:00,2026-09-18 16:22:00,36.207999999922265,-86.82599999984934
20260565005_11,20260565005,DISPATCHED,OPEN,Open,RICHMOND DR,"AIR, BUS, TRAIN TERMINAL",26A,FRAUD - SWINDLE,NONE,No,B,BUSINESS,,,,,2026-07-21 05:01:00,2026-09-18 16:21:00,36.22999999987656,-86.72000000006571
20260564718_11,20260564718,DISPATCHED,UNFOUNDED,Closed,601 601,"GOVERNMENT, PUBLIC BUILDING",740,TRANSPORT,NONE,No,I,INDIVIDUAL (18 AND OVER),M,W,Non-Hispanic,37203,2026-09-18 13:03:00,2026-09-18 16:20:00,36.15499999994384,-86.77700000028835
20260565009_11,20260565009,DISPATCHED,UNFOUNDED,Closed,3150 3150,"HIGHWAY, ROAD, ALLEY",810,LOST PROPERTY,NONE,No,I,INDIVIDUAL (18 AND OVER),F,W,Non-Hispanic,37076,2026-09-17 11:00:00,2026-09-18 16:19:00,36.16600000015136,-86.56900000015362
20260565004_11,20260565004,DISPATCHED,OPEN,Open,PEPPERWOOD DR,"RESIDENCE, HOME",240,VEHICLE THEFT,,No,I,INDIVIDUAL (18 AND OVER),F,W,Non-Hispanic,,2026-09-15 05:01:00,2026-09-18 16:13:00,36.0399999997254,-86.58000000016507
20260564964_11,20260564964,DISPATCHED,UNFOUNDED,Closed,910 910,CONVENIENCE STORE,740,POLICE INQUIRY,Unarmed,No,I,INDIVIDUAL (18 AND OVER),F,B,Non-Hispanic,37072,2026-09-01 12:00:00,2026-09-18 16:07:00,36.30000000031284,-86.70100000029095
20260564941_11,20260564941,DISPATCHED,UNFOUNDED,Closed,633 633,"RESIDENCE, HOME",740,POLICE INQUIRY,Unarmed,No,I,INDIVIDUAL (18 AND OVER),M,W,Non-Hispanic,37211,2026-09-03 15:00:00,2026-09-18 16:02:00,36.0840000002342,-86.75300000010006
20260564944_11,20260564944,DISPATCHED,OPEN,Open,CORELAND DR,APARTMENT,23D,LARC - FROM BLDG,NONE,No,I,INDIVIDUAL (18 AND OVER),F,W,Non-Hispanic,,2026-09-18 14:24:00,2026-09-18 15:53:00,36.23999999981472,-86.72000000006571
20260564945_11,20260564945,DISPATCHED,UNFOUNDED,Closed,2400 2400,"HOTEL, MOTEL, ETC.",740,POLICE INQUIRY,NONE,No,I,INDIVIDUAL (18 AND OVER),F,B,Non-Hispanic,37203,2026-09-17 13:53:00,2026-09-18 15:46:00,36.14800000018361,-86.80700000007457
20260564916_11,20260564916,DISPATCHED,OPEN,Open,BELL RD,APARTMENT,13C,ASSAULT- FEAR OF BODILY INJURY,,No,I,INDIVIDUAL (18 AND OVER),F,B,Non-Hispanic,,2026-09-11 15:44:00,2026-09-18 15:44:00,36.16999999991994,-86.60999999995128
20260564903_11,20260564903,DISPATCHED,OPEN,Open,ANDERSON RD,"PARKING LOT, GARAGE",13A,INTENTIONAL AGGRAVATED ASSAULT,CLUB,No,I,INDIVIDUAL (18 AND OVER),M,B,Non-Hispanic,,2026-09-18 14:00:00,2026-09-18 15:44:00,36.09000000018983,-86.60999999995128
20260564893_11,20260564893,,OPEN,Open,N 9TH ST,"RESIDENCE, HOME",23D,LARC - FROM BLDG,NONE,No,B,BUSINESS,,,,,2026-09-13 16:00:00,2026-09-18 15:28:00,36.18000000021363,-86.75999999978066
20260564925_11,20260564925,DISPATCHED,OPEN,Open,CHARLOTTE PIKE,"DEPARTMENT, DISCOUNT STORE",26B,FRAUD -  ILLEG USE OF CREDIT CARDS,NONE,No,B,BUSINESS,,,,,2026-09-16 15:25:00,2026-09-18 15:25:00,36.12999999970263,-86.9099999996101
20260564917_11,20260564917,,OPEN,Open,SWAN RIDGE DR,"RESIDENCE, HOME",23F,BURGLARY- MOTOR VEHICLE,NONE,No,I,INDIVIDUAL (18 AND OVER),M,W,Non-Hispanic,,2026-09-16 02:00:00,2026-09-18 15:24:00,36.05000000025906,-86.59000000009381
20260564468_11,20260564468,DISPATCHED,UNFOUNDED,Closed,1715 1715,"HOTEL, MOTEL, ETC.",740,TRANSPORT,,No,I,INDIVIDUAL (18 AND OVER),M,W,Non-Hispanic,37203,2026-09-18 10:12:00,2026-09-18 15:24:00,36.15299999973159,-86.79399999989771
20260564891_11,20260564891,DISPATCHED,OPEN,Open,BRICK CHURCH PIKE,APARTMENT,23F,BURGLARY - MOTOR VEHICLE,Unarmed,No,I,INDIVIDUAL (18 AND OVER),M,W,Non-Hispanic,,2026-09-18 03:30:00,2026-09-18 15:23:00,36.20000000001247,-86.77999999963816
20260564891_12,20260564891,DISPATCHED,OPEN,Open,BRICK CHURCH PIKE,APARTMENT,23F,BURGLARY - MOTOR VEHICLE,Unarmed,No,I,INDIVIDUAL (18 AND OVER),M,W,Non-Hispanic,,2026-09-18 03:30:00,2026-09-18 15:23:00,36.20000000001247,-86.77999999963816
20260564894_11,20260564894,DISPATCHED,OPEN,Open,METROPLEX DR,"HOTEL, MOTEL, ETC.",240,VEHICLE THEFT,NONE,No,I,INDIVIDUAL (18 AND OVER),F,W,Non-Hispanic,,2026-09-17 23:00:00,2026-09-18 15:22:00,36.09000000018983,-86.70000000020825
20260564890_11,20260564890,DISPATCHED,UNFOUNDED,Closed,929 929,"RESIDENCE, HOME",740,POLICE INQUIRY,NONE,Yes,I,INDIVIDUAL (18 AND OVER),F,W,Non-Hispanic,37206,2026-09-18 14:24:00,2026-09-18 15:19:00,36.17799999972321,-86.75500000026547
20260564847_11,20260564847,DISPATCHED,CLEARED BY ARREST,Closed,635 635,"RESIDENCE, HOME",13B,SIMPLE ASSLT,PERSONAL (HANDS),Yes,I,INDIVIDUAL (18 AND OVER),F,B,Non-Hispanic,37115,2026-09-18 04:00:00,2026-09-18 15:19:00,36.24099999988437,-86.67000000042204
20260564918_11,20260564918,DISPATCHED,UNFOUNDED,Closed,5117 5117,"PARKING LOT, GARAGE",810,LOST PROPERTY,NONE,No,G,GOVERNMENT,,,,37211,2026-09-11 13:00:00,2026-09-18 15:16:00,36.09000000018983,-86.68700000003139
20260564888_11,20260564888,DISPATCHED,OPEN,Open,OLD HICKORY BLVD,"PARKING LOT, GARAGE",23F,BURGLARY- MOTOR VEHICLE,Unarmed,No,I,INDIVIDUAL (18 AND OVER),M,W,Non-Hispanic,,2026-09-18 00:00:00,2026-09-18 15:14:00,36.28000000026564,-86.80000000039394
20260564922_11,20260564922,DISPATCHED,UNFOUNDED,Closed,BELL RD & MURFREESBORO PIKE,CONSTRUCTION SITE,810,LOST PROPERTY,,No,I,INDIVIDUAL (18 AND OVER),M,W,Hispanic,37013,2026-09-17 16:00:00,2026-09-18 15:14:00,36.0720000002808,-86.63600000030499
20260564886_11,20260564886,DISPATCHED,OPEN,Open,DICKERSON,"DEPARTMENT, DISCOUNT STORE",26B,FRAUD -  ILLEG USE OF CREDIT CARDS,NONE,No,B,BUSINESS,,,,,2026-09-18 15:13:00,2026-09-18 15:13:00,36.25000000002025,-86.75999999978066
20260564912_11,20260564912,DISPATCHED,OPEN,Open,MURFREESBORO PIKE,"PARKING LOT, GARAGE",13C,ASSAULT- FEAR OF BODILY INJURY,,No,I,INDIVIDUAL (18 AND OVER),M,W,Non-Hispanic,,2026-09-18 15:00:00,2026-09-18 15:12:00,36.13999999994927,-86.72999999999446
20260564861_11,20260564861,DISPATCHED,OPEN,Open,HIGHWAY 70  S,APARTMENT,13C,"HARASSMENT- CAUSE EMOTIONAL DISTRESS, INTIMIDATE, FRIGHTEN",NONE,No,I,INDIVIDUAL (18 AND OVER),M,W,Non-Hispanic,,2026-09-18 12:00:00,2026-09-18 15:11:00,36.06999999966938,-86.93000000036587
20260564871_11,20260564871,DISPATCHED,UNFOUNDED,Closed,4040 4040,SPECIALTY STORE,810,LOST PROPERTY,NONE,No,I,INDIVIDUAL (18 AND OVER),F,B,Non-Hispanic,37211,2026-09-14 15:10:00,2026-09-18 15:10:00,36.0829999998826,-86.72400000039654
20260564958_11,20260564958,DISPATCHED,OPEN,Open,ROSA L PARKS,"OTHER, UNKNOWN",23H,"THEFT OF PROPERTY- > $500 BUT < $1,000",Unarmed,No,I,INDIVIDUAL (18 AND OVER),M,B,Non-Hispanic,,2026-09-16 18:00:00,2026-09-18 15:06:00,36.16999999991994,-86.7899999995669
20260564874_11,20260564874,DISPATCHED,OPEN,Open,NOLENSVILLE PIKE,"PARKING LOT, GARAGE",23G,LARC - PARTS FROM VEH,Unarmed,No,I,INDIVIDUAL (18 AND OVER),M,B,Non-Hispanic,,2026-09-03 21:00:00,2026-09-18 15:06:00,36.06999999966938,-86.72000000006571
20260564830_11,20260564830,DISPATCHED,UNFOUNDED,Closed,4864 4864,"RESIDENCE, HOME",735,CIVIL CASE,NONE,No,U,UNKNOWN,U,U,Non-Hispanic,37013,2026-09-18 14:00:00,2026-09-18 15:02:00,36.03900000005749,-86.57699999991695
20260564913_11,20260564913,DISPATCHED,OPEN,Open,UNIVERSITY CT,APARTMENT,13B,SIMPLE ASSLT - STRANGULATION (NO LOSS OF CONSCIOUSNESS),PERSONAL (HANDS),No,I,INDIVIDUAL (18 AND OVER),M,W,Non-Hispanic,,2026-09-17 22:00:00,2026-09-18 15:02:00,36.15000000024567,-86.75999999978066
20260564879_11,20260564879,SUSPECT,OPEN,Open,HARDING PL,"PARKING LOT, GARAGE",35B,DRUG PARAPHERNALIA- UNLAWFUL USE,NONE,No,S,SOCIETY,,,,,2026-09-18 14:38:00,2026-09-18 15:01:00,36.09000000018983,-86.71000000013699
20260564814_11,20260564814,DISPATCHED,UNFOUNDED,Closed,5612 5612,"PARKING LOT, GARAGE",740,POLICE INQUIRY,NONE,No,I,INDIVIDUAL (18 AND OVER),F,B,Non-Hispanic,37209,2026-09-18 08:37:00,2026-09-18 15:00:00,36.14800000018361,-86.85799999980097
20260564846_11,20260564846,DISPATCHED,OPEN,Open,MUSIC VALLEY DR,RESTAURANT,220,BURGLARY,CLUB,No,B,BUSINESS,,,,,2026-09-18 07:15:00,2026-09-18 14:55:00,36.22000000011304,-86.70000000020825
20260564846_21,20260564846,DISPATCHED,OPEN,Open,MUSIC VALLEY DR,RESTAURANT,290,DAMAGE PROP - BUSINESS,CLUB,No,B,BUSINESS,,,,,2026-09-18 07:15:00,2026-09-18 14:55:00,36.22000000011304,-86.70000000020825
20260564876_11,20260564876,,UNFOUNDED,Closed,755 755,"RESIDENCE, HOME",740,POLICE INQUIRY,NONE,No,I,INDIVIDUAL (18 AND OVER),F,W,Non-Hispanic,37204,2026-09-18 02:00:00,2026-09-18 14:48:00,36.13300000008577,-86.77700000028835
20260564817_11,20260564817,DISPATCHED,UNFOUNDED,Closed,300 300,RENTAL STORAGE FACILITY,740,POLICE INQUIRY,NONE,Yes,I,INDIVIDUAL (18 AND OVER),M,W,Non-Hispanic,37217,2026-09-18 13:30:00,2026-09-18 14:46:00,36.13599999969332,-86.70200000037366
20260564873_11,20260564873,DISPATCHED,OPEN,Open,HILLSBORO PIKE,"RESIDENCE, HOME",23D,LARC - FROM BLDG,Unarmed,No,I,INDIVIDUAL (18 AND OVER),F,W,Non-Hispanic,,2026-02-01 14:00:00,2026-09-18 14:40:00,36.05999999996536,-86.85000000003764
20260564845_11,20260564845,,UNFOUNDED,Closed,408 408,"PARKING LOT, GARAGE",810,LOST PROPERTY,NONE,No,I,INDIVIDUAL (18 AND OVER),M,W,Non-Hispanic,37201,2026-09-17 18:00:00,2026-09-18 14:27:00,36.16800000017144,-86.77899999955544
20260564792_11,20260564792,DISPATCHED,OPEN,Open,,"RESIDENCE, HOME",90J,CRIMINAL TRESPASS,Unarmed,No,S,SOCIETY,,,,,2026-09-16 21:52:00,2026-09-18 14:20:00,,
20260564839_11,20260564839,DISPATCHED,OPEN,Open,GALLATIN PIKE N,CONVENIENCE STORE,270,EMBEZZLE - BUSINESS PROP,Unarmed,No,B,BUSINESS,,,,,2026-08-11 13:00:00,2026-09-18 14:14:00,36.30000000031284,-86.70000000020825
20260564810_11,20260564810,DISPATCHED,OPEN,Open,WATSONWOOD DR,"OTHER, UNKNOWN",26C,CRIMINAL IMPERSONATION,NONE,No,I,INDIVIDUAL (18 AND OVER),M,A,Non-Hispanic,,2026-09-18 14:13:00,2026-09-18 14:13:00,36.06999999966938,-86.7399999999232
20260564823_11,20260564823,DISPATCHED,UNFOUNDED,Closed,2087 2087,School-Elementary/Secondary,810,LOST PROPERTY,NONE,No,G,GOVERNMENT,,,,37013,2026-09-17 19:00:00,2026-09-18 14:11:00,36.05600000004797,-86.60100000010526
20260564755_11,20260564755,DISPATCHED,OPEN,Open,11TH AVE S,"HIGHWAY, ROAD, ALLEY",290,DAMAGE PROP - PRIVATE,HANDGUN,No,I,INDIVIDUAL (18 AND OVER),M,B,Non-Hispanic,,2026-09-18 03:30:00,2026-09-18 14:09:00,36.13999999994927,-86.7899999995669
20260564755_12,20260564755,DISPATCHED,OPEN,Open,11TH AVE S,"HIGHWAY, ROAD, ALLEY",290,DAMAGE PROP - PRIVATE,HANDGUN,No,I,INDIVIDUAL (18 AND OVER),M,B,Unknown,,2026-09-18 03:30:00,2026-09-18 14:09:00,36.13999999994927,-86.7899999995669
20260564755_23,20260564755,DISPATCHED,OPEN,Open,11TH AVE S,"HIGHWAY, ROAD, ALLEY",520,"WEAPON OFFENSE, CRIMINAL ATTEMPT",HANDGUN,No,S,SOCIETY,,,,,2026-09-18 03:30:00,2026-09-18 14:09:00,36.13999999994927,-86.7899999995669
20260564979_11,20260564979,DISPATCHED,OPEN,Open,OLD FRANKLIN RD,"RESIDENCE, HOME",13C,ASSAULT- FEAR OF BODILY INJURY,,Yes,I,INDIVIDUAL (18 AND OVER),F,B,Non-Hispanic,,2026-09-18 13:00:00,2026-09-18 14:05:00,36.0399999997254,-86.6399999997375
20260564801_11,20260564801,DISPATCHED,OPEN,Open,S 8TH ST,"HIGHWAY, ROAD, ALLEY",23F,BURGLARY- MOTOR VEHICLE,Unarmed,No,I,INDIVIDUAL (18 AND OVER),F,A,Non-Hispanic,,2026-09-18 00:00:00,2026-09-18 13:53:00,36.16999999991994,-86.75999999978066
20260564766_11,20260564766,DISPATCHED,OPEN,Open,CHURCH ST,RESTAURANT,13C,ASSAULT- FEAR OF BODILY INJURY,,No,I,INDIVIDUAL (18 AND OVER),F,W,Non-Hispanic,,2026-09-17 13:00:00,2026-09-18 13:49:00,36.159999999962295,-86.77999999963816
20260564782_11,20260564782,DISPATCHED,OPEN,Open,LAWRENCE,"HIGHWAY, ROAD, ALLEY",13C,ASSAULT- FEAR OF BODILY INJURY,,No,I,INDIVIDUAL (18 AND OVER),M,W,Non-Hispanic,,2026-09-18 01:00:00,2026-09-18 13:47:00,36.12999999970263,-86.7899999995669
20260564533_11,20260564533,DISPATCHED,CLEARED BY ARREST,Closed,619 619,APARTMENT,13B,SIMPLE ASSLT,PERSONAL (HANDS),Yes,I,INDIVIDUAL (18 AND OVER),F,B,Non-Hispanic,37209,2026-09-18 11:15:00,2026-09-18 13:13:00,36.15499999994384,-86.83499999969537
20260564699_11,20260564699,DISPATCHED,OPEN,Open,PIPER CT,"RESIDENCE, HOME",23F,BURGLARY- MOTOR VEHICLE,Unarmed,No,I,INDIVIDUAL (18 AND OVER),M,W,Non-Hispanic,,2026-09-18 07:00:00,2026-09-18 13:10:00,36.32000000000647,-86.85999999996638
20260564662_11,20260564662,DISPATCHED,CLEARED BY ARREST,Closed,220 220,CONVENIENCE STORE,35A,MARIJUANA - POSSESS,NONE,No,S,SOCIETY,,,,37013,2026-09-18 14:44:00,2026-09-18 12:37:00,36.043999999969,-86.64800000039914
20260562742_11,20260562742,SUSPECT,UNFOUNDED,Closed,455 455,School-Elementary/Secondary,810,LOST PROPERTY,NONE,No,G,GOVERNMENT,,,,37217,2024-08-08 12:00:00,2026-09-18 12:36:00,36.078999999789886,-86.63099999989146
20260564587_11,20260564587,DISPATCHED,CLEARED BY ARREST,Closed,3200 3200,"PARKING LOT, GARAGE",90J,CRIMINAL TRESPASS,NONE,No,S,SOCIETY,,,,37218,2026-09-18 12:00:00,2026-09-18 12:33:00,36.19399999998908,-86.83100000026286
20260564587_21,20260564587,DISPATCHED,CLEARED BY ARREST,Closed,3200 3200,PARK,35B,DRUG PARAPHERNALIA- UNLAWFUL USE,NONE,No,S,SOCIETY,,,,37218,2026-09-18 12:00:00,2026-09-18 12:33:00,36.19399999998908,-86.83100000026286
20260564596_11,20260564596,DISPATCHED,OPEN,Open,CHEYENNE BLVD,APARTMENT,23D,LARC - FROM BLDG,NONE,No,I,INDIVIDUAL (18 AND OVER),F,W,Hispanic,,2026-09-13 07:00:00,2026-09-18 12:29:00,36.25999999986106,-86.67000000042204
20260564566_11,20260564566,DISPATCHED,UNFOUNDED,Closed,500 500,"HIGHWAY, ROAD, ALLEY",810,LOST PROPERTY,NONE,No,I,INDIVIDUAL (18 AND OVER),M,W,Hispanic,37115,2026-09-18 04:30:00,2026-09-18 12:14:00,36.25900000025185,-86.67900000026806
20260564473_11,20260564473,DISPATCHED,OPEN,Open,OLD HICKORY,"RESIDENCE, HOME",13B,SIMPLE ASSLT,PERSONAL (HANDS),Yes,I,INDIVIDUAL (18 AND OVER),F,W,Non-Hispanic,,2026-09-18 08:00:00,2026-09-18 11:36:00,36.23999999981472,-86.6399999997375
20260564433_11,20260564433,DISPATCHED,OPEN,Open,HICKORY HOLLOW PKWY,APARTMENT,290,"VANDALISM- $1,000 OR LESS",CLUB,No,I,INDIVIDUAL (18 AND OVER),F,B,Non-Hispanic,,2026-09-18 07:10:00,2026-09-18 11:27:00,36.0399999997254,-86.64999999966624
20260564426_11,20260564426,DISPATCHED,OPEN,Open,EDGEHILL AVE,APARTMENT,13B,SIMPLE ASSLT - STRANGULATION (NO LOSS OF CONSCIOUSNESS),PERSONAL (HANDS),No,I,INDIVIDUAL (18 AND OVER),F,B,Non-Hispanic,,2026-09-18 09:08:00,2026-09-18 10:47:00,36.13999999994927,-86.7899999995669
20260564357_11,20260564357,DISPATCHED,OPEN,Open,FRIST BLVD,HOSPITAL,23H,"THEFT OF PROPERTY->$1,000 BUT <$2,500",,No,I,INDIVIDUAL (18 AND OVER),M,B,Non-Hispanic,,2026-09-18 07:00:00,2026-09-18 09:48:00,36.18000000021363,-86.60999999995128
20260564432_11,20260564432,DISPATCHED,UNFOUNDED,Closed,709 709,"AIR, BUS, TRAIN TERMINAL",810,LOST PROPERTY,NONE,No,I,INDIVIDUAL (18 AND OVER),M,U,Non-Hispanic,37203,2026-09-18 08:00:00,2026-09-18 09:34:00,36.15200000008144,-86.77299999995753
20260564420_12,20260564420,DISPATCHED,UNFOUNDED,Closed,600 600,"GOVERNMENT, PUBLIC BUILDING",715,FOUND PROPERTY,NONE,No,I,INDIVIDUAL (18 AND OVER),U,U,Unknown,37210,2026-09-10 09:27:00,2026-09-18 09:27:00,36.1420000001408,-86.7399999999232
20260564420_11,20260564420,DISPATCHED,UNFOUNDED,Closed,600 600,"GOVERNMENT, PUBLIC BUILDING",715,FOUND PROPERTY,NONE,No,I,INDIVIDUAL (18 AND OVER),M,W,Non-Hispanic,37210,2026-09-10 09:27:00,2026-09-18 09:27:00,36.1420000001408,-86.7399999999232
20260564339_11,20260564339,DISPATCHED,UNFOUNDED,Closed,2141 2141,"RESIDENCE, HOME",740,POLICE INQUIRY,NONE,Yes,I,INDIVIDUAL (18 AND OVER),F,W,Hispanic,37013,2026-09-18 06:00:00,2026-09-18 09:23:00,36.03299999980557,-86.65099999974893
20260564360_11,20260564360,DISPATCHED,OPEN,Open,ENNIS RD,"RESIDENCE, HOME",13A,INTENTIONAL AGGRAVATED ASSAULT,OTHER,No,I,INDIVIDUAL (18 AND OVER),F,W,Non-Hispanic,,2026-09-18 07:00:00,2026-09-18 08:03:00,36.10999999969955,-86.72999999999446
20260564330_11,20260564330,DISPATCHED,UNFOUNDED,Closed,5160 5160,APARTMENT,740,POLICE INQUIRY,,Yes,I,INDIVIDUAL (18 AND OVER),F,B,Non-Hispanic,37013,2026-09-18 06:04:00,2026-09-18 08:02:00,36.07099999979706,-86.64199999990291
20260564311_11,20260564311,DISPATCHED,OPEN,Open,14TH AVE S,"RESIDENCE, HOME",13B,SIMPLE ASSLT,PERSONAL (HANDS),Yes,I,INDIVIDUAL (18 AND OVER),F,B,Non-Hispanic,,2026-09-18 06:00:00,2026-09-18 07:56:00,36.13999999994927,-86.7899999995669
20260564311_12,20260564311,DISPATCHED,OPEN,Open,14TH AVE S,"RESIDENCE, HOME",13B,SIMPLE ASSLT,PERSONAL (HANDS),Yes,I,INDIVIDUAL (18 AND OVER),F,B,Non-Hispanic,,2026-09-18 06:00:00,2026-09-18 07:56:00,36.13999999994927,-86.7899999995669
20260564348_11,20260564348,DISPATCHED,OPEN,Open,MURFREESBORO PIKE,APARTMENT,13C,ASSAULT- FEAR OF BODILY INJURY,,No,I,INDIVIDUAL (18 AND OVER),F,B,Non-Hispanic,,2026-09-18 04:53:00,2026-09-18 07:56:00,36.12000000013524,-86.70000000020825
20260564341_11,20260564341,DISPATCHED,UNFOUNDED,Closed,825 825,"HOTEL, MOTEL, ETC.",740,POLICE INQUIRY,NONE,No,I,INDIVIDUAL (18 AND OVER),F,U,Non-Hispanic,37217,2026-09-18 06:30:00,2026-09-18 07:24:00,36.13399999963893,-86.72300000031382
20260564280_11,20260564280,DISPATCHED,OPEN,Open,W DUE WEST AVE,"PARKING LOT, GARAGE",23H,"THEFT OF PROPERTY-$1,000 OR LESS",,No,I,INDIVIDUAL (18 AND OVER),M,W,Hispanic,,2026-09-18 05:20:00,2026-09-18 07:13:00,36.25000000002025,-86.72000000006571
20260564025_11,20260564025,DISPATCHED,OPEN,Open,HARDING PL,"PARKING LOT, GARAGE",23H,THEFT OF PROPERTY- $500 OR LESS,PERSONAL (HANDS),No,I,INDIVIDUAL (18 AND OVER),F,W,Non-Hispanic,,2026-09-18 03:00:00,2026-09-18 07:04:00,36.09000000018983,-86.69000000027951
20260564334_11,20260564334,DISPATCHED,OPEN,Open,BROADWAY,"HIGHWAY, ROAD, ALLEY",13B,SIMPLE ASSLT,PERSONAL (HANDS),No,I,INDIVIDUAL (18 AND OVER),F,W,Non-Hispanic,,2026-09-18 06:15:00,2026-09-18 07:01:00,36.159999999962295,-86.7899999995669
20260563702_11,20260563702,DISPATCHED,OPEN,Open,ROSA L PARKS BLVD,"SERVICE, GAS STATION",13C,"Assault, health care provider - Fear of Bodily Injury",,Yes,I,INDIVIDUAL (18 AND OVER),F,B,Non-Hispanic,,2026-09-17 21:33:00,2026-09-18 06:56:00,36.19000000021294,-86.80000000039394
20260564284_11,20260564284,DISPATCHED,UNFOUNDED,Closed,900 900,APARTMENT,740,TRANSPORT,NONE,No,I,INDIVIDUAL (18 AND OVER),M,B,Non-Hispanic,37217,2026-09-18 05:43:00,2026-09-18 06:55:00,36.15599999977934,-86.73799999975779
20260564101_11,20260564101,SUSPECT,OPEN,Open,JAMES,HOSPITAL,35A,MARIJUANA - POSSESS,NONE,No,S,SOCIETY,,,,,2026-09-18 04:00:00,2026-09-18 06:55:00,36.159999999962295,-86.86999999989513
20260564101_21,20260564101,SUSPECT,OPEN,Open,JAMES,HOSPITAL,35B,DRUG PARAPHERNALIA- UNLAWFUL USE,NONE,No,S,SOCIETY,,,,,2026-09-18 04:00:00,2026-09-18 06:55:00,36.159999999962295,-86.86999999989513
20260564299_11,20260564299,DISPATCHED,UNFOUNDED,Closed,2258 2258,APARTMENT,740,POLICE INQUIRY,PERSONAL (HANDS),Yes,I,INDIVIDUAL (18 AND OVER),F,W,Non-Hispanic,37214,2026-09-18 06:05:00,2026-09-18 06:44:00,36.16900000026128,-86.68599999994869
20260564255_11,20260564255,SUSPECT,OPEN,Open,SPENCE LN,"PARKING LOT, GARAGE",35A,POSSESSION OF A CONTROLLED SUBSTANCE,NONE,No,S,SOCIETY,,,,,2026-09-18 05:30:00,2026-09-18 06:43:00,36.13999999994927,-86.72000000006571
20260564255_21,20260564255,SUSPECT,OPEN,Open,SPENCE LN,"PARKING LOT, GARAGE",35B,DRUG PARAPHERNALIA- UNLAWFUL USE,NONE,No,S,SOCIETY,,,,,2026-09-18 05:30:00,2026-09-18 06:43:00,36.13999999994927,-86.72000000006571
20260564298_11,20260564298,DISPATCHED,UNFOUNDED,Closed,712 712,"HIGHWAY, ROAD, ALLEY",740,POLICE INQUIRY,NONE,Yes,I,INDIVIDUAL (18 AND OVER),F,B,Non-Hispanic,37216,2026-09-18 06:05:00,2026-09-18 06:34:00,,
20260564267_11,20260564267,DISPATCHED,UNFOUNDED,Closed,3458 3458,"PARKING LOT, GARAGE",740,POLICE INQUIRY,,No,I,INDIVIDUAL (18 AND OVER),M,B,Unknown,37207,2026-09-18 05:15:00,2026-09-18 06:02:00,36.24600000032312,-86.75700000043086
20260564235_11,20260564235,DISPATCHED,OPEN,Open,HAMILTON,"RESIDENCE, HOME",220,BURGLARY- AGGRAVATED,Unarmed,No,I,INDIVIDUAL (18 AND OVER),F,B,Non-Hispanic,,2026-09-17 07:15:00,2026-09-18 06:01:00,36.209999999706326,-86.83000000018018
20260563584_11,20260563584,DISPATCHED,PROSECUTION DECLINED,Closed,1627 1627,"RESIDENCE, HOME",850,CONTEMPT - VIOLATION OF PROTECTION ORDER,NONE,Yes,I,INDIVIDUAL (18 AND OVER),M,W,Non-Hispanic,37208,2026-09-16 03:58:00,2026-09-18 06:00:00,36.174999999701605,-86.8159999999206
20260563584_21,20260563584,DISPATCHED,PROSECUTION DECLINED,Closed,1627 1627,"RESIDENCE, HOME",13D,STALKING- (VALID ONLY:  7/1/92 - 6/30/95),,Yes,I,INDIVIDUAL (18 AND OVER),M,W,Non-Hispanic,37208,2026-09-16 03:58:00,2026-09-18 06:00:00,36.174999999701605,-86.8159999999206
20260563526_11,20260563526,DISPATCHED,OPEN,Open,25TH,"RESIDENCE, HOME",850,CONTEMPT - VIOLATION OF PROTECTION ORDER,NONE,Yes,I,INDIVIDUAL (18 AND OVER),M,W,Non-Hispanic,,2026-09-17 07:33:00,2026-09-18 05:47:00,36.18000000021363,-86.82000000025143
20260564234_11,20260564234,DISPATCHED,UNFOUNDED,Closed,104 104,"COMMERCIAL, OFFICE BUILDING",740,POLICE INQUIRY,Unarmed,Yes,I,INDIVIDUAL (18 AND OVER),F,W,Unknown,37207,2026-09-18 05:09:00,2026-09-18 05:44:00,36.207999999922265,-86.76700000035962
20260564224_11,20260564224,DISPATCHED,UNFOUNDED,Closed,451 451,APARTMENT,740,POLICE INQUIRY,NONE,No,I,INDIVIDUAL (18 AND OVER),M,B,Non-Hispanic,37210,2026-09-18 05:01:00,2026-09-18 05:39:00,36.14300000034089,-86.74699999960382
20260564151_11,20260564151,DISPATCHED,UNFOUNDED,Closed,212 212,RENTAL STORAGE FACILITY,740,POLICE INQUIRY,NONE,No,I,INDIVIDUAL (18 AND OVER),F,W,Non-Hispanic,37214,2026-09-17 05:39:00,2026-09-18 05:39:00,36.13800000028207,-86.6399999997375
20260551779_11,20260551779,DISPATCHED,UNFOUNDED,Closed, & 12TH AV N,"HIGHWAY, ROAD, ALLEY",740,POLICE INQUIRY,NONE,No,I,INDIVIDUAL (18 AND OVER),F,B,Non-Hispanic,37203,2026-09-11 21:42:00,2026-09-18 05:36:00,,
20260564251_11,20260564251,DISPATCHED,OPEN,Open,PLATFORM,RESTAURANT,13B,SIMPLE ASSLT,PERSONAL (HANDS),No,I,INDIVIDUAL (18 AND OVER),M,W,Non-Hispanic,,2026-09-18 05:15:00,2026-09-18 05:28:00,36.159999999962295,-86.7899999995669
20260564051_11,20260564051,SUSPECT,OPEN,Open,AMALIE DR,APARTMENT,13B,SIMPLE ASSLT,PERSONAL (HANDS),No,I,INDIVIDUAL (18 AND OVER),F,W,Unknown,,2026-09-18 02:00:00,2026-09-18 05:20:00,36.05000000025906,-86.72000000006571
20260563372_11,20260563372,SUSPECT,CLEARED BY ARREST,Closed,W TRINITY LN & MONTICELLO DR,"HIGHWAY, ROAD, ALLEY",35A,POSSESSION OF A CONTROLLED SUBSTANCE,NONE,No,S,SOCIETY,,,,37207,2026-09-17 21:00:00,2026-09-18 05:19:00,36.20699999970911,-86.78399999996897
20260563372_21,20260563372,SUSPECT,CLEARED BY ARREST,Closed,W TRINITY LN & MONTICELLO DR,"HIGHWAY, ROAD, ALLEY",35B,DRUG PARAPHERNALIA- UNLAWFUL USE,NONE,No,S,SOCIETY,,,,37207,2026-09-17 21:00:00,2026-09-18 05:19:00,36.20699999970911,-86.78399999996897
20260564150_11,20260564150,DISPATCHED,UNFOUNDED,Closed,136 136,PARK,740,POLICE INQUIRY,,Yes,I,INDIVIDUAL (18 AND OVER),F,B,Non-Hispanic,37217,2026-09-18 01:30:00,2026-09-18 05:14:00,,
20260564070_11,20260564070,DISPATCHED,UNFOUNDED,Closed,710 710,APARTMENT,740,TRANSPORT,NONE,No,I,INDIVIDUAL (18 AND OVER),M,W,Non-Hispanic,37206,2026-09-18 03:16:00,2026-09-18 04:57:00,36.183000000200536,-86.75099999993463
20260564158_11,20260564158,DISPATCHED,CLEARED BY ARREST,Closed,EDGEHILL & 9TH,"HIGHWAY, ROAD, ALLEY",35A,MARIJUANA - POSSESS,HANDGUN - SEMIAUTOMATIC,No,S,SOCIETY,,,,37203,2026-09-18 04:51:00,2026-09-18 04:51:00,36.1420000001408,-86.78099999972085
20260564158_21,20260564158,DISPATCHED,CLEARED BY ARREST,Closed,EDGEHILL & 9TH,"HIGHWAY, ROAD, ALLEY",520,"WEAPON OFFENSE, CRIMINAL ATTEMPT",HANDGUN - SEMIAUTOMATIC,No,S,SOCIETY,,,,37203,2026-09-18 04:51:00,2026-09-18 04:51:00,36.1420000001408,-86.78099999972085
20260564075_11,20260564075,DISPATCHED,UNFOUNDED,Closed,722 722,"RESIDENCE, HOME",740,POLICE INQUIRY,NONE,No,I,INDIVIDUAL (18 AND OVER),F,W,Non-Hispanic,37211,2026-09-18 00:42:00,2026-09-18 04:50:00,36.07099999979706,-86.68599999994869
20260564020_11,20260564020,DISPATCHED,UNFOUNDED,Closed,1300 1300,APARTMENT,740,POLICE INQUIRY,,Yes,I,INDIVIDUAL (18 AND OVER),M,W,Non-Hispanic,37208,2026-09-17 17:30:00,2026-09-18 04:49:00,36.17699999991021,-86.7880000002998
20260563925_11,20260563925,DISPATCHED,UNFOUNDED,Closed,5646 5646,APARTMENT,740,POLICE INQUIRY,NONE,Yes,I,INDIVIDUAL (18 AND OVER),F,W,Non-Hispanic,37211,2026-09-18 02:00:00,2026-09-18 04:41:00,36.048999999767794,-86.72400000039654
20260563872_11,20260563872,DISPATCHED,CLEARED BY ARREST,Closed,1806 1806,"RESIDENCE, HOME",220,BURGLARY - AGGRAVATED,NONE,No,I,INDIVIDUAL (18 AND OVER),M,W,Non-Hispanic,37203,2026-09-18 01:00:00,2026-09-18 04:29:00,36.15899999964666,-86.80099999957834
20260563872_12,20260563872,DISPATCHED,CLEARED BY ARREST,Closed,1806 1806,"RESIDENCE, HOME",220,BURGLARY - AGGRAVATED,NONE,No,I,INDIVIDUAL (18 AND OVER),M,W,Non-Hispanic,37203,2026-09-18 01:00:00,2026-09-18 04:29:00,36.15899999964666,-86.80099999957834
20260563872_13,20260563872,DISPATCHED,CLEARED BY ARREST,Closed,1806 1806,"RESIDENCE, HOME",220,BURGLARY - AGGRAVATED,NONE,No,I,INDIVIDUAL (18 AND OVER),M,W,Non-Hispanic,37203,2026-09-18 01:00:00,2026-09-18 04:29:00,36.15899999964666,-86.80099999957834
20260563872_14,20260563872,DISPATCHED,CLEARED BY ARREST,Closed,1806 1806,"RESIDENCE, HOME",220,BURGLARY - AGGRAVATED,NONE,No,I,INDIVIDUAL (18 AND OVER),M,W,Non-Hispanic,37203,2026-09-18 01:00:00,2026-09-18 04:29:00,36.15899999964666,-86.80099999957834
20260563544_11,20260563544,DISPATCHED,UNFOUNDED,Closed,2312 2312,"SERVICE, GAS STATION",740,POLICE INQUIRY,NONE,Yes,I,INDIVIDUAL (18 AND OVER),F,B,Non-Hispanic,37207,2026-09-18 04:07:00,2026-09-18 04:07:00,36.207999999922265,-86.77800000037105
20260563997_11,20260563997,DISPATCHED,OPEN,Open,RIO VISTA,"PARKING LOT, GARAGE",13B,SIMPLE ASSLT,PERSONAL (HANDS),Yes,I,INDIVIDUAL (18 AND OVER),F,B,Non-Hispanic,,2026-09-18 02:40:00,2026-09-18 04:05:00,36.27000000015372,-86.68000000035076
20260563997_12,20260563997,DISPATCHED,OPEN,Open,RIO VISTA,"PARKING LOT, GARAGE",13B,SIMPLE ASSLT,PERSONAL (HANDS),Yes,I,INDIVIDUAL (18 AND OVER),F,B,Non-Hispanic,,2026-09-18 02:40:00,2026-09-18 04:05:00,36.27000000015372,-86.68000000035076
20260564090_11,20260564090,DISPATCHED,UNFOUNDED,Closed,2424 2424,"PARKING LOT, GARAGE",715,FOUND PROPERTY,NONE,No,I,INDIVIDUAL (18 AND OVER),M,B,Non-Hispanic,37212,2026-09-18 00:19:00,2026-09-18 03:58:00,36.12599999978795,-86.80499999990916
20260564039_11,20260564039,DISPATCHED,OPEN,Open,WOODLAND ST,"HIGHWAY, ROAD, ALLEY",23F,BURGLARY- MOTOR VEHICLE,NONE,No,I,INDIVIDUAL (18 AND OVER),M,W,Non-Hispanic,,2026-09-18 02:00:00,2026-09-18 03:54:00,36.16999999991994,-86.75999999978066
20260563616_11,20260563616,DISPATCHED,CLEARED BY ARREST,Closed,780 780,"DEPARTMENT, DISCOUNT STORE",23C,"THEFT OF MERCHANDISE- $1,000 OR LESS",NONE,No,B,BUSINESS,,,,37027,2026-09-17 22:00:00,2026-09-18 03:46:00,36.04099999976909,-86.77800000037105
20260563808_11,20260563808,DISPATCHED,UNFOUNDED,Closed,609 609,"RESIDENCE, HOME",740,TRANSPORT,NONE,No,I,INDIVIDUAL (18 AND OVER),F,W,Unknown,37072,2026-09-18 00:43:00,2026-09-18 03:41:00,36.28399999979945,-86.73799999975779
20260563921_11,20260563921,DISPATCHED,UNFOUNDED,Closed,919 919,"HIGHWAY, ROAD, ALLEY",740,POLICE INQUIRY,NONE,Yes,I,INDIVIDUAL (18 AND OVER),F,W,Non-Hispanic,37207,2026-09-17 21:00:00,2026-09-18 03:38:00,,
20260564024_11,20260564024,DISPATCHED,OPEN,Open,LINBAR DR,"PARKING LOT, GARAGE",13C,ASSAULT- FEAR OF BODILY INJURY,,No,I,INDIVIDUAL (18 AND OVER),M,B,Non-Hispanic,,2026-09-18 02:40:00,2026-09-18 03:27:00,36.0800000001956,-86.70000000020825
20260563993_11,20260563993,DISPATCHED,UNFOUNDED,Closed,2030 2030,"RESIDENCE, HOME",740,POLICE INQUIRY,NONE,Yes,I,INDIVIDUAL (18 AND OVER),F,B,Non-Hispanic,37208,2026-09-18 02:54:00,2026-09-18 03:21:00,36.18400000028398,-86.8170000000033
20260563887_11,20260563887,DISPATCHED,UNFOUNDED,Closed,4665 4665,"RESIDENCE, HOME",740,POLICE INQUIRY,,No,I,INDIVIDUAL (18 AND OVER),M,W,Non-Hispanic,37218,2026-09-18 03:00:00,2026-09-18 03:00:00,36.23999999981472,-86.94199999956172
20260563995_11,20260563995,SUSPECT,OPEN,Open,GALLATIN PIKE N,RESTAURANT,290,"VANDALISM- $1,000 OR LESS",PERSONAL (HANDS),No,B,BUSINESS,,,,,2026-09-18 02:51:00,2026-09-18 02:51:00,36.30000000031284,-86.69000000027951
20260563953_11,20260563953,SUSPECT,UNFOUNDED,Closed,4TH AVE N & JUNIOR GILLIAM WAY,"HIGHWAY, ROAD, ALLEY",740,POLICE INQUIRY,NONE,Yes,I,INDIVIDUAL (18 AND OVER),F,W,Non-Hispanic,37219,2026-09-18 02:20:00,2026-09-18 02:48:00,36.17299999992894,-86.78500000005168
20260563892_11,20260563892,DISPATCHED,OPEN,Open,HARRIS HILLS LN,"RESIDENCE, HOME",13C,ASSAULT- FEAR OF BODILY INJURY,,Yes,I,INDIVIDUAL (18 AND OVER),M,B,Non-Hispanic,,2026-09-01 05:01:00,2026-09-18 02:40:00,36.0399999997254,-86.68000000035076
20260563888_11,20260563888,DISPATCHED,OPEN,Open,GALLATIN,"PARKING LOT, GARAGE",13C,ASSAULT- FEAR OF BODILY INJURY,,No,I,INDIVIDUAL (18 AND OVER),M,B,Non-Hispanic,,2026-09-18 01:45:00,2026-09-18 02:40:00,36.30999999970611,-86.69000000027951
20260563784_11,20260563784,DISPATCHED,UNFOUNDED,Closed,1102 1102,"HIGHWAY, ROAD, ALLEY",740,TRANSPORT,NONE,No,I,INDIVIDUAL (18 AND OVER),F,W,Non-Hispanic,37207,2026-09-18 00:30:00,2026-09-18 02:39:00,36.19000000021294,-86.77199999987482
20260563436_11,20260563436,DISPATCHED,CLEARED BY ARREST,Closed,513 513,"PARKING LOT, GARAGE",13B,SIMPLE ASSLT,PERSONAL (HANDS),Yes,I,INDIVIDUAL (18 AND OVER),F,B,Non-Hispanic,37214,2026-09-17 20:00:00,2026-09-18 02:32:00,36.159999999962295,-86.64500000015101
20260563905_11,20260563905,DISPATCHED,OPEN,Open,SUNSHINE DR,"RESIDENCE, HOME",26A,FRAUD - SWINDLE,NONE,No,I,INDIVIDUAL (18 AND OVER),M,B,Hispanic,,2026-09-18 01:45:00,2026-09-18 02:15:00,36.02999999971792,-86.59000000009381
20260563803_11,20260563803,DISPATCHED,CLEARED BY ARREST,Closed,4320 4320,"RESIDENCE, HOME",13B,ASSAULT- OFFENSIVE OR PROVOCATIVE CONTACT,PERSONAL (HANDS),Yes,I,INDIVIDUAL (18 AND OVER),M,B,Unknown,37138,2026-09-18 00:45:00,2026-09-18 01:50:00,36.21900000033371,-86.62300000012813
20260563841_11,20260563841,DISPATCHED,UNFOUNDED,Closed,5800 5800,"RESIDENCE, HOME",740,POLICE INQUIRY,NONE,Yes,I,INDIVIDUAL (18 AND OVER),F,U,Unknown,37209,2026-09-17 23:48:00,2026-09-18 01:23:00,36.14400000012616,-86.86100000004909
20260563612_11,20260563612,DISPATCHED,UNFOUNDED,Closed,639 639,"PARKING LOT, GARAGE",740,TRANSPORT,NONE,No,I,INDIVIDUAL (18 AND OVER),M,W,Non-Hispanic,37203,2026-09-17 22:56:00,2026-09-18 01:18:00,36.1539999996859,-86.77700000028835
20260563458_11,20260563458,DISPATCHED,UNFOUNDED,Closed,105 105,"RESIDENCE, HOME",695,UNKNOWN DEATH,,No,I,INDIVIDUAL (18 AND OVER),M,W,Non-Hispanic,37076,2026-09-17 21:43:00,2026-09-18 01:15:00,36.19200000026705,-86.62600000037625
20260551678_11,20260551678,DISPATCHED,UNFOUNDED,Closed,1221 1221,APARTMENT,740,POLICE INQUIRY,Unarmed,No,B,BUSINESS,,,,37203,2026-09-11 10:00:00,2026-09-18 01:12:00,,
20260563649_12,20260563649,DISPATCHED,OPEN,Open,LENORE ST,APARTMENT,90F,FAMILY OFFENSE,NONE,No,S,SOCIETY,,,,,2026-09-17 23:30:00,2026-09-18 01:10:00,36.159999999962295,-86.75999999978066
20260563698_11,20260563698,DISPATCHED,CLEARED BY ARREST,Closed,3816 3816,"RESIDENCE, HOME",13B,SIMPLE ASSLT,PERSONAL (HANDS),Yes,I,INDIVIDUAL (18 AND OVER),M,W,Hispanic,37207,2026-09-17 22:30:00,2026-09-18 01:10:00,36.27100000015447,-86.7650000001942
20260563789_11,20260563789,DISPATCHED,UNFOUNDED,Closed,211 211,"HOTEL, MOTEL, ETC.",810,LOST PROPERTY,NONE,No,I,INDIVIDUAL (18 AND OVER),F,W,Non-Hispanic,37213,2026-09-12 01:00:00,2026-09-18 01:05:00,36.174999999701605,-86.77400000004023
20260563742_11,20260563742,DISPATCHED,UNFOUNDED,Closed,170 170,"RESIDENCE, HOME",740,POLICE INQUIRY,NONE,Yes,I,INDIVIDUAL (18 AND OVER),M,B,Non-Hispanic,37207,2026-09-17 22:00:00,2026-09-18 00:52:00,36.21299999994166,-86.76300000002878
20260563788_11,20260563788,DISPATCHED,UNFOUNDED,Closed,465 465,"BAR, NIGHT CLUB",740,POLICE INQUIRY,PERSONAL (HANDS),No,U,UNKNOWN,F,W,Non-Hispanic,37214,2026-09-18 00:46:00,2026-09-18 00:46:00,36.151000000010846,-86.6670000001739
20260563751_11,20260563751,DISPATCHED,UNFOUNDED,Closed,2205 2205,APARTMENT,740,POLICE INQUIRY,NONE,Yes,U,UNKNOWN,U,U,Unknown,37013,2026-09-18 00:05:00,2026-09-18 00:45:00,36.06199999992648,-86.64400000006832
20260563664_11,20260563664,DISPATCHED,UNFOUNDED,Closed,153 153,"HIGHWAY, ROAD, ALLEY",740,POLICE INQUIRY,NONE,No,I,INDIVIDUAL (18 AND OVER),M,B,Non-Hispanic,37218,2026-09-17 23:26:00,2026-09-18 00:44:00,36.21100000000074,-86.83399999961267
20260563690_11,20260563690,DISPATCHED,UNFOUNDED,Closed,209 209,"RESIDENCE, HOME",740,POLICE INQUIRY,NONE,Yes,I,INDIVIDUAL (18 AND OVER),F,W,Hispanic,37013,2026-09-17 23:44:00,2026-09-18 00:38:00,36.075000000232,-86.67800000018535
20260563692_11,20260563692,DISPATCHED,OPEN,Open,HOBSON PIKE,"RESIDENCE, HOME",290,DAMAGE PROP - PRIVATE,OTHER FIREARM,No,I,INDIVIDUAL (18 AND OVER),F,W,Non-Hispanic,,2026-09-16 01:00:00,2026-09-18 00:34:00,36.05999999996536,-86.59000000009381
20260563692_21,20260563692,DISPATCHED,OPEN,Open,HOBSON PIKE,"RESIDENCE, HOME",13A,INTENTIONAL AGGRAVATED ASSAULT,OTHER FIREARM,No,I,INDIVIDUAL (18 AND OVER),F,W,Non-Hispanic,,2026-09-16 01:00:00,2026-09-18 00:34:00,36.05999999996536,-86.59000000009381
20260563692_32,20260563692,DISPATCHED,OPEN,Open,HOBSON PIKE,"RESIDENCE, HOME",520,"WEAPON OFFENSE, CRIMINAL ATTEMPT",OTHER FIREARM,No,S,SOCIETY,,,,,2026-09-16 01:00:00,2026-09-18 00:34:00,36.05999999996536,-86.59000000009381
20260562782_11,20260562782,DISPATCHED,OPEN,Open,PECAN,"RESIDENCE, HOME",90Z,HARRASSMENT (NUISANCE),NONE,No,I,INDIVIDUAL (18 AND OVER),F,B,Non-Hispanic,,2026-09-11 19:00:00,2026-09-18 00:34:00,36.19000000021294,-86.81000000032267
20260563667_11,20260563667,DISPATCHED,OPEN,Open,RIO VISTA,"RESIDENCE, HOME",13C,ASSAULT- FEAR OF BODILY INJURY,,No,I,INDIVIDUAL (18 AND OVER),F,B,Non-Hispanic,,2026-09-17 23:34:00,2026-09-18 00:30:00,36.27000000015372,-86.68000000035076
20260563737_11,20260563737,,OPEN,Open,LUKER LN,"RESIDENCE, HOME",23G,LARC - PARTS FROM VEH,NONE,No,I,INDIVIDUAL (18 AND OVER),M,W,Non-Hispanic,,2026-09-15 18:00:00,2026-09-18 00:29:00,36.05999999996536,-86.69000000027951
20260563700_11,20260563700,DISPATCHED,UNFOUNDED,Closed,3347 3347,"RESIDENCE, HOME",740,POLICE INQUIRY,NONE,Yes,I,INDIVIDUAL (18 AND OVER),F,B,Non-Hispanic,37207,2026-09-17 22:33:00,2026-09-18 00:28:00,36.24499999974243,-86.77800000037105
20260563697_11,20260563697,DISPATCHED,OPEN,Open,KENDALL DR,"RESIDENCE, HOME",695,UNKNOWN DEATH,NONE,No,I,INDIVIDUAL (18 AND OVER),F,W,Non-Hispanic,,2026-09-18 00:24:00,2026-09-18 00:24:00,36.13999999994927,-86.85000000003764
20260563414_11,20260563414,DISPATCHED,OPEN,Open,CHARLOTTE PIKE,"PARKING LOT, GARAGE",240,VEHICLE THEFT,NONE,No,I,INDIVIDUAL (18 AND OVER),F,W,Non-Hispanic,,2026-09-17 17:50:00,2026-09-18 00:21:00,36.12999999970263,-86.88999999975259
20260563607_11,20260563607,DISPATCHED,OPEN,Open,CUMBERLAND,"COMMERCIAL, OFFICE BUILDING",290,"VANDALISM- $1,000 OR LESS",PERSONAL (HANDS),No,B,BUSINESS,,,,,2026-09-17 22:00:00,2026-09-18 00:14:00,36.19000000021294,-86.7899999995669
20260563713_11,20260563713,DISPATCHED,OPEN,Open,ELM HILL PIKE,APARTMENT,13C,ASSAULT- FEAR OF BODILY INJURY,,No,I,INDIVIDUAL (18 AND OVER),F,B,Non-Hispanic,,2026-09-16 23:40:00,2026-09-18 00:12:00,36.13999999994927,-86.6399999997375
20260563609_11,20260563609,DISPATCHED,UNFOUNDED,Closed,120 120,RENTAL STORAGE FACILITY,740,POLICE INQUIRY,NONE,Yes,I,INDIVIDUAL (18 AND OVER),M,W,Non-Hispanic,37217,2026-09-17 22:00:00,2026-09-18 00:06:00,36.09200000027282,-86.67399999985453
20260563688_11,20260563688,,OPEN,Open,HOMESTEAD RD,OUTBUILDING,220,BURGLARY,NONE,No,I,INDIVIDUAL (18 AND OVER),M,W,Non-Hispanic,,2026-09-17 16:00:00,2026-09-18 00:01:00,36.23999999981472,-86.75999999978066
20260563570_11,20260563570,DISPATCHED,UNFOUNDED,Closed,101 101,CONSTRUCTION SITE,35B,DRUG PARAPHERNALIA- UNLAWFUL USE,NONE,No,S,SOCIETY,,,,37211,2026-09-17 23:00:00,2026-09-17 23:52:00,36.043999999969,-86.71899999998301
20260563691_11,20260563691,DISPATCHED,OPEN,Open,BELL RD,"PARKING LOT, GARAGE",240,VEHICLE THEFT,NONE,No,I,INDIVIDUAL (18 AND OVER),F,B,Non-Hispanic,,2026-09-17 14:00:00,2026-09-17 23:49:00,36.05999999996536,-86.6399999997375
20260563553_11,20260563553,DISPATCHED,OPEN,Open,DELLWAY VILLA RD,"RESIDENCE, HOME",90Z,HARRASSMENT (NUISANCE),,Yes,I,INDIVIDUAL (18 AND OVER),F,B,Non-Hispanic,,2026-09-17 14:00:00,2026-09-17 23:47:00,36.209999999706326,-86.75999999978066
20260563613_11,20260563613,,OPEN,Open,TIMBERWAY DR,"RESIDENCE, HOME",90Z,HARRASSMENT (NUISANCE),NONE,No,I,INDIVIDUAL (18 AND OVER),F,W,Non-Hispanic,,2026-09-16 03:00:00,2026-09-17 23:43:00,36.13999999994927,-86.6399999997375
20260563683_11,20260563683,DISPATCHED,UNFOUNDED,Closed,3430 3430,"HOTEL, MOTEL, ETC.",715,FOUND PROPERTY,NONE,No,I,INDIVIDUAL (18 AND OVER),F,B,Non-Hispanic,37214,2026-09-17 23:14:00,2026-09-17 23:43:00,36.15299999973159,-86.62799999964334
20260563559_11,20260563559,SUSPECT,UNFOUNDED,Closed,101 101,Abandoned/Condemned Structure,780,"RECOVERY, STOLEN PROPERTY",NONE,No,I,INDIVIDUAL (18 AND OVER),M,W,Unknown,37211,2026-09-17 22:40:00,2026-09-17 23:37:00,36.043999999969,-86.71899999998301
20260563603_11,20260563603,DISPATCHED,UNFOUNDED,Closed,1716 1716,Shelter-Mission/Homeless,740,POLICE INQUIRY,NONE,No,I,INDIVIDUAL (18 AND OVER),F,B,Non-Hispanic,37208,2026-09-17 10:30:00,2026-09-17 23:36:00,36.18100000016468,-86.79600000006313
20260563602_11,20260563602,DISPATCHED,OPEN,Open,JEFFERSON ST,"SERVICE, GAS STATION",13A,INTENTIONAL AGGRAVATED ASSAULT,HANDGUN,No,I,INDIVIDUAL (18 AND OVER),F,B,Non-Hispanic,,2026-09-17 22:00:00,2026-09-17 23:31:00,36.16999999991994,-86.81000000032267
20260563602_22,20260563602,DISPATCHED,OPEN,Open,JEFFERSON ST,"SERVICE, GAS STATION",520,"WEAPON OFFENSE, CRIMINAL ATTEMPT",HANDGUN,No,S,SOCIETY,,,,,2026-09-17 22:00:00,2026-09-17 23:31:00,36.16999999991994,-86.81000000032267
20260563531_11,20260563531,DISPATCHED,OPEN,Open,RIO VISTA,"RESIDENCE, HOME",13C,ASSAULT- FEAR OF BODILY INJURY,,Yes,I,INDIVIDUAL (18 AND OVER),F,B,Non-Hispanic,,2026-09-17 22:20:00,2026-09-17 23:27:00,36.27000000015372,-86.68000000035076
20260563531_12,20260563531,DISPATCHED,OPEN,Open,RIO VISTA,"RESIDENCE, HOME",13C,ASSAULT- FEAR OF BODILY INJURY,,Yes,I,INDIVIDUAL (18 AND OVER),F,B,Non-Hispanic,,2026-09-17 22:20:00,2026-09-17 23:27:00,36.27000000015372,-86.68000000035076
20260563329_11,20260563329,DISPATCHED,OPEN,Open,GEORGIA,"RESIDENCE, HOME",13C,ASSAULT- FEAR OF BODILY INJURY,,Yes,I,INDIVIDUAL (18 AND OVER),F,B,Non-Hispanic,,2026-09-17 18:15:00,2026-09-17 23:20:00,36.159999999962295,-86.82000000025143
20260563486_11,20260563486,DISPATCHED,REFUSED TO COOPERATE,Closed,1017 1017,"RESIDENCE, HOME",13D,STALKING- (VALID ONLY:  7/1/92 - 6/30/95),,Yes,I,INDIVIDUAL (18 AND OVER),M,W,Non-Hispanic,37216,2026-09-14 14:00:00,2026-09-17 23:19:00,36.19799999986685,-86.74500000033673
20260563350_11,20260563350,DISPATCHED,CLEARED BY ARREST,Closed,914 914,"RESIDENCE, HOME",90F,CRIMINAL CONTEMPT-VIOLATION OF ORDER OF PROTECTION,NONE,Yes,I,INDIVIDUAL (18 AND OVER),F,I,Hispanic,37217,2026-09-17 19:57:00,2026-09-17 23:14:00,36.13500000023381,-86.70499999972346
20260563356_11,20260563356,DISPATCHED,UNFOUNDED,Closed,5655 5655,HOSPITAL,90F,CRIMINAL CONTEMPT-VIOLATION OF ORDER OF PROTECTION,,Yes,I,INDIVIDUAL (18 AND OVER),F,W,Non-Hispanic,37076,2026-09-17 23:13:00,2026-09-17 23:13:00,36.17599999966112,-86.60799999978586
20260563478_11,20260563478,DISPATCHED,UNFOUNDED,Closed,914 914,"RESIDENCE, HOME",740,POLICE INQUIRY,NONE,Yes,I,INDIVIDUAL (18 AND OVER),F,W,Non-Hispanic,37217,2026-09-17 23:10:00,2026-09-17 23:10:00,36.13500000023381,-86.70499999972346
20260563503_11,20260563503,DISPATCHED,OPEN,Open,WOODMONT BLVD,"RESIDENCE, HOME",13B,SIMPLE ASSLT,PERSONAL (HANDS),Yes,I,INDIVIDUAL (18 AND OVER),M,W,Non-Hispanic,,2026-09-17 13:00:00,2026-09-17 23:09:00,36.12000000013524,-86.84000000010889
20260563550_11,20260563550,,OPEN,Open,AIRPARK,"PARKING LOT, GARAGE",23F,BURGLARY- MOTOR VEHICLE,NONE,No,I,INDIVIDUAL (18 AND OVER),M,B,Non-Hispanic,,2026-09-15 22:30:00,2026-09-17 22:54:00,36.10999999969955,-86.6399999997375
20260563549_11,20260563549,,OPEN,Open,VANDERHORST DR,"RESIDENCE, HOME",23H,LARC - RESID,NONE,No,I,INDIVIDUAL (18 AND OVER),M,W,Non-Hispanic,,2026-09-17 14:00:00,2026-09-17 22:50:00,36.22000000011304,-86.81000000032267
20260563577_11,20260563577,DISPATCHED,CLEARED BY ARREST,Closed,MCGAVOCK & 9TH,"HIGHWAY, ROAD, ALLEY",290,"VANDALISM- >$1,000 BUT < $2,500",,No,I,INDIVIDUAL (18 AND OVER),F,W,Non-Hispanic,37203,2026-09-17 22:40:00,2026-09-17 22:47:00,36.1569999999172,-86.78299999988627
20260563516_11,20260563516,SUSPECT,UNFOUNDED,Closed,6814 6814,"PARKING LOT, GARAGE",715,FOUND PROPERTY,NONE,No,I,INDIVIDUAL (18 AND OVER),F,U,Unknown,37209,2026-09-17 22:44:00,2026-09-17 22:44:00,36.13399999963893,-86.88999999975259
20260563481_11,20260563481,DISPATCHED,UNFOUNDED,Closed,616 616,APARTMENT,740,POLICE INQUIRY,NONE,No,I,INDIVIDUAL (18 AND OVER),F,B,Non-Hispanic,37115,2026-09-17 21:30:00,2026-09-17 22:37:00,36.26700000008506,-86.69699999996014
20260563479_11,20260563479,,OPEN,Open,SCOTT AVE,"RESIDENCE, HOME",26A,FRAUD - SWINDLE,NONE,No,I,INDIVIDUAL (18 AND OVER),F,B,Unknown,,2026-09-16 19:00:00,2026-09-17 22:24:00,36.20000000001247,-86.72999999999446
20260563285_11,20260563285,SUSPECT,CLEARED BY ARREST,Closed,2403 2403,"PARKING LOT, GARAGE",35A,POSSESSION OF A CONTROLLED SUBSTANCE,NONE,No,S,SOCIETY,,,,37207,2026-09-17 19:30:00,2026-09-17 22:17:00,36.208999999679975,-86.77800000037105
20260563285_21,20260563285,SUSPECT,CLEARED BY ARREST,Closed,2403 2403,"PARKING LOT, GARAGE",35B,DRUG PARAPHERNALIA- UNLAWFUL USE,NONE,No,S,SOCIETY,,,,37207,2026-09-17 19:30:00,2026-09-17 22:17:00,36.208999999679975,-86.77800000037105
20260563460_11,20260563460,,OPEN,Open,ROCKDALE AVE,"RESIDENCE, HOME",26A,FRAUD - SWINDLE,NONE,No,I,INDIVIDUAL (18 AND OVER),F,A,Non-Hispanic,,2026-09-07 13:00:00,2026-09-17 22:11:00,36.099999999750025,-86.7899999995669
20260561858_11,20260561858,DISPATCHED,CLEARED BY ARREST,Closed,300 300,"BAR, NIGHT CLUB",13B,ASSAULT-LAW ENFORCEMENT OFFICER-BODILY INJURY,PERSONAL (HANDS),No,P,POLICE OFFICER,M,B,Non-Hispanic,37201,2026-09-17 02:32:00,2026-09-17 22:05:00,36.162000000041736,-86.77600000020564
20260563455_11,20260563455,DISPATCHED,UNFOUNDED,Closed,4826 4826,"RESIDENCE, HOME",740,TRANSPORT,NONE,No,I,INDIVIDUAL (18 AND OVER),M,W,Unknown,37211,2026-09-17 21:20:00,2026-09-17 22:04:00,36.07799999973529,-86.71499999965219
20260563319_11,20260563319,DISPATCHED,OPEN,Open,CENTENNIAL BLVD,"PARKING LOT, GARAGE",240,VEHICLE THEFT,NONE,No,I,INDIVIDUAL (18 AND OVER),F,W,Hispanic,,2026-09-17 19:03:00,2026-09-17 21:58:00,36.16999999991994,-86.85999999996638
20260563393_11,20260563393,DISPATCHED,UNFOUNDED,Closed,3474 3474,APARTMENT,740,POLICE INQUIRY,NONE,Yes,I,INDIVIDUAL (18 AND OVER),F,B,Non-Hispanic,37207,2026-09-17 15:30:00,2026-09-17 21:56:00,36.24699999970004,-86.75700000043086
20260563397_11,20260563397,DISPATCHED,OPEN,Open,HAMILTON CHURCH RD,APARTMENT,13C,ASSAULT- FEAR OF BODILY INJURY,,No,I,INDIVIDUAL (18 AND OVER),F,B,Non-Hispanic,,2026-09-16 20:00:00,2026-09-17 21:49:00,36.05999999996536,-86.62999999980876
20260563394_11,20260563394,DISPATCHED,UNFOUNDED,Closed,2318 2318,"COMMERCIAL, OFFICE BUILDING",740,POLICE INQUIRY,NONE,No,I,INDIVIDUAL (18 AND OVER),F,B,Non-Hispanic,37013,2026-09-08 21:47:00,2026-09-17 21:47:00,36.06199999992648,-86.67600000001995
20260563418_11,20260563418,DISPATCHED,OPEN,Open,HOBSON PIKE,School-Elementary/Secondary,23D,LARC - FROM BLDG,NONE,No,G,GOVERNMENT,,,,,2026-09-17 16:10:00,2026-09-17 21:39:00,36.05000000025906,-86.60000000002253
20260563424_11,20260563424,DISPATCHED,OPEN,Open,POLK AVE,"OTHER, UNKNOWN",780,"RECOVERY, STOLEN PROPERTY",NONE,No,I,INDIVIDUAL (18 AND OVER),M,W,Hispanic,,2026-09-17 21:30:00,2026-09-17 21:37:00,36.12999999970263,-86.74999999985195
20260563215_11,20260563215,DISPATCHED,OPEN,Open,CHARLOTTE,"PARKING LOT, GARAGE",780,"RECOVERY, STOLEN PROPERTY",NONE,No,I,INDIVIDUAL (18 AND OVER),F,W,Non-Hispanic,,2026-09-17 15:53:00,2026-09-17 21:36:00,36.15000000024567,-86.84000000010889
20260563405_11,20260563405,DISPATCHED,OPEN,Open,MURFREESBORO PIKE,SPECIALTY STORE,23C,SHOPLIFTING,NONE,No,B,BUSINESS,,,,,2026-09-17 20:50:00,2026-09-17 21:32:00,36.12999999970263,-86.71000000013699
20260563374_11,20260563374,DISPATCHED,OPEN,Open,GALLATIN,"BAR, NIGHT CLUB",13B,SIMPLE ASSLT - STRANGULATION (NO LOSS OF CONSCIOUSNESS),NONE,No,I,INDIVIDUAL (18 AND OVER),F,W,Non-Hispanic,,2026-09-16 06:00:00,2026-09-17 21:25:00,36.20000000001247,-86.7399999999232
20260563317_11,20260563317,,UNFOUNDED,Closed,1200 1200,"HIGHWAY, ROAD, ALLEY",740,POLICE INQUIRY,NONE,No,I,INDIVIDUAL (18 AND OVER),M,B,Non-Hispanic,37203,2026-09-17 20:00:00,2026-09-17 21:20:00,36.1569999999172,-86.7880000002998
20260563387_11,20260563387,DISPATCHED,OPEN,Open,BELL RD,"PARKING LOT, GARAGE",240,VEHICLE THEFT,CLUB,No,I,INDIVIDUAL (18 AND OVER),M,W,Non-Hispanic,,2026-09-17 05:01:00,2026-09-17 21:11:00,36.05999999996536,-86.6399999997375
20260563244_11,20260563244,DISPATCHED,OPEN,Open,N DUPONT AVE,APARTMENT,13B,SIMPLE ASSLT - STRANGULATION (NO LOSS OF CONSCIOUSNESS),PERSONAL (HANDS),Yes,I,INDIVIDUAL (18 AND OVER),F,B,Non-Hispanic,,2026-09-17 19:18:00,2026-09-17 21:08:00,36.27000000015372,-86.68000000035076
20260563244_12,20260563244,DISPATCHED,OPEN,Open,N DUPONT AVE,APARTMENT,13B,SIMPLE ASSLT - STRANGULATION (NO LOSS OF CONSCIOUSNESS),PERSONAL (HANDS),Yes,I,INDIVIDUAL (18 AND OVER),M,B,Non-Hispanic,,2026-09-17 19:18:00,2026-09-17 21:08:00,36.27000000015372,-86.68000000035076
20260563322_11,20260563322,DISPATCHED,UNFOUNDED,Closed,346 346,APARTMENT,740,POLICE INQUIRY,NONE,Yes,I,INDIVIDUAL (18 AND OVER),F,B,Non-Hispanic,37013,2026-09-17 19:36:00,2026-09-17 21:06:00,36.05099999966719,-86.67600000001995
20260563365_11,20260563365,,OPEN,Open,LEBANON,"BANK, SAVINGS AND LOAN",26A,FRAUD - SWINDLE,NONE,No,I,INDIVIDUAL (18 AND OVER),F,W,Non-Hispanic,,2026-09-17 13:00:00,2026-09-17 21:04:00,36.16999999991994,-86.69000000027951
20260563259_11,20260563259,DISPATCHED,OPEN,Open,CHARLOTTE PIKE,"GROCERY, SUPERMARKET",13C,ASSAULT- FEAR OF BODILY INJURY,,No,I,INDIVIDUAL (18 AND OVER),F,B,Non-Hispanic,,2026-08-29 21:00:00,2026-09-17 20:59:00,36.12999999970263,-86.9099999996101
20260563247_11,20260563247,DISPATCHED,OPEN,Open,SANDSTONE DR,"PARKING LOT, GARAGE",23F,BURGLARY- MOTOR VEHICLE,NONE,No,I,INDIVIDUAL (18 AND OVER),F,W,Hispanic,,2026-09-17 06:00:00,2026-09-17 20:58:00,36.05000000025906,-86.61999999988002
20260563247_12,20260563247,DISPATCHED,OPEN,Open,SANDSTONE DR,"PARKING LOT, GARAGE",23F,BURGLARY- MOTOR VEHICLE,NONE,No,I,INDIVIDUAL (18 AND OVER),M,W,Hispanic,,2026-09-17 06:00:00,2026-09-17 20:58:00,36.05000000025906,-86.61999999988002
20260563351_11,20260563351,DISPATCHED,OPEN,Open,CENTENNIAL BLVD,"FIELD, WOODS",240,VEHICLE THEFT,NONE,No,I,INDIVIDUAL (18 AND OVER),M,W,Non-Hispanic,,2026-09-17 19:30:00,2026-09-17 20:51:00,36.16999999991994,-86.85999999996638
20260563314_11,20260563314,,OPEN,Open,MADISON SQ,Pawn Shop,240,VEHICLE THEFT,NONE,No,B,BUSINESS,,,,,2026-09-17 19:05:00,2026-09-17 20:46:00,36.25999999986106,-86.71000000013699
20260563086_11,20260563086,DISPATCHED,UNFOUNDED,Closed,1500 1500,"RESIDENCE, HOME",740,POLICE INQUIRY,NONE,No,I,INDIVIDUAL (18 AND OVER),F,B,Non-Hispanic,37013,2026-09-17 20:34:00,2026-09-17 20:34:00,36.04300000025468,-86.69000000027951
20260563315_11,20260563315,,OPEN,Open,ELKINS AVE,"RESIDENCE, HOME",23F,BURGLARY- MOTOR VEHICLE,NONE,No,I,INDIVIDUAL (18 AND OVER),M,W,Non-Hispanic,,2026-09-16 22:00:00,2026-09-17 20:32:00,36.15000000024567,-86.85000000003764
20260563291_11,20260563291,DISPATCHED,OPEN,Open,GAINES DR,"RESIDENCE, HOME",23H,LARC - POSTAL,NONE,No,I,INDIVIDUAL (18 AND OVER),F,W,Non-Hispanic,,2026-09-05 14:00:00,2026-09-17 20:26:00,36.25000000002025,-86.72999999999446
20260563205_11,20260563205,DISPATCHED,OPEN,Open,NOLENSVILLE PIKE,"SERVICE, GAS STATION",35A,DRUG FREE SCH.ZONE-CONT.SUB.-SCH. IV,DRUGS,No,S,SOCIETY,,,,,2026-09-17 19:00:00,2026-09-17 20:23:00,36.10999999969955,-86.7399999999232
20260563205_21,20260563205,DISPATCHED,OPEN,Open,NOLENSVILLE PIKE,"SERVICE, GAS STATION",35B,DRUG PARAPHERNALIA- UNLAWFUL USE,DRUGS,No,S,SOCIETY,,,,,2026-09-17 19:00:00,2026-09-17 20:23:00,36.10999999969955,-86.7399999999232
20260563288_11,20260563288,,OPEN,Open,BROOKS MILL CIR,APARTMENT,23D,LARC - FROM BLDG,NONE,No,I,INDIVIDUAL (18 AND OVER),M,W,Non-Hispanic,,2026-09-16 12:00:00,2026-09-17 20:19:00,36.16999999991994,-86.60999999995128
20260563290_11,20260563290,DISPATCHED,OPEN,Open,CENTENNIAL BLVD,"PARKING LOT, GARAGE",23F,BURGLARY- MOTOR VEHICLE,NONE,No,I,INDIVIDUAL (18 AND OVER),F,W,Non-Hispanic,,2026-09-17 13:00:00,2026-09-17 20:15:00,36.16999999991994,-86.85999999996638
20260563278_11,20260563278,DISPATCHED,OPEN,Open,ARLINGTON,"HIGHWAY, ROAD, ALLEY",26B,"CREDIT CARD, FRAUDULENT USE - >$1,000 BUT < $2,500",NONE,No,B,BUSINESS,,,,,2026-09-17 20:12:00,2026-09-17 20:12:00,36.05999999996536,-86.92000000043713
20260563271_11,20260563271,DISPATCHED,OPEN,Open,HARDING PL,"PARKING LOT, GARAGE",23F,BURGLARY - MOTOR VEHICLE,NONE,No,I,INDIVIDUAL (18 AND OVER),F,W,Non-Hispanic,,2026-09-17 19:18:00,2026-09-17 20:06:00,36.09000000018983,-86.69000000027951
20260563235_11,20260563235,DISPATCHED,OPEN,Open,BELL RD,"PARKING LOT, GARAGE",13C,ASSAULT- FEAR OF BODILY INJURY,,No,I,INDIVIDUAL (18 AND OVER),M,B,Non-Hispanic,,2026-09-17 19:23:00,2026-09-17 19:57:00,36.15000000024567,-86.61999999988002
20260563253_11,20260563253,DISPATCHED,OPEN,Open,DIVISION,"PARKING LOT, GARAGE",23G,LARC - PARTS FROM VEH,NONE,No,I,INDIVIDUAL (18 AND OVER),M,A,Non-Hispanic,,2026-09-02 13:00:00,2026-09-17 19:49:00,36.15000000024567,-86.77999999963816
20260563203_11,20260563203,WITNESS,OPEN,Open,CROUCH DR,"RESIDENCE, HOME",23D,LARC - FROM BLDG,NONE,No,I,INDIVIDUAL (18 AND OVER),F,B,Non-Hispanic,,2026-09-11 20:00:00,2026-09-17 19:45:00,36.22000000011304,-86.82000000025143
20260563104_11,20260563104,DISPATCHED,OPEN,Open,CHARLOTTE AVE,SPECIALTY STORE,290,"VANDALISM- $1,000 OR LESS",NONE,No,I,INDIVIDUAL (18 AND OVER),M,W,Non-Hispanic,,2026-09-17 17:45:00,2026-09-17 19:44:00,36.15000000024567,-86.84000000010889
20260563224_11,20260563224,DISPATCHED,OPEN,Open,CLARKSVILLE PIKE,"PARKING LOT, GARAGE",13A,INTENTIONAL AGGRAVATED ASSAULT,HANDGUN,No,I,INDIVIDUAL (18 AND OVER),M,W,Unknown,,2026-09-17 19:00:00,2026-09-17 19:42:00,36.209999999706326,-86.84000000010889
20260563224_22,20260563224,DISPATCHED,OPEN,Open,CLARKSVILLE PIKE,"PARKING LOT, GARAGE",520,"WEAPON OFFENSE, CRIMINAL ATTEMPT",HANDGUN,No,S,SOCIETY,,,,,2026-09-17 19:00:00,2026-09-17 19:42:00,36.209999999706326,-86.84000000010889
20260562393_11,20260562393,DISPATCHED,CLEARED BY ARREST,Closed,2037 2037,"RESIDENCE, HOME",90J,CRIMINAL TRESPASS,NONE,No,S,SOCIETY,,,,37204,2026-09-17 10:48:00,2026-09-17 19:42:00,36.13099999975425,-86.78199999980357
20260563243_11,20260563243,WITNESS,OPEN,Open,CHARLOTTE AVE,"PARKING LOT, GARAGE",23F,BURGLARY- MOTOR VEHICLE,NONE,No,I,INDIVIDUAL (18 AND OVER),F,B,Non-Hispanic,,2026-09-16 19:00:00,2026-09-17 19:41:00,36.159999999962295,-86.80000000039394
20260563226_11,20260563226,,OPEN,Open,PARK DR,"RESIDENCE, HOME",26A,FRAUD - SWINDLE,NONE,No,I,INDIVIDUAL (18 AND OVER),F,W,Non-Hispanic,,2026-09-17 12:00:00,2026-09-17 19:37:00,,
20260563156_11,20260563156,DISPATCHED,OPEN,Open,HERMITAGE PARK DR,"PARKING LOT, GARAGE",23F,BURGLARY- MOTOR VEHICLE,NONE,No,I,INDIVIDUAL (18 AND OVER),M,B,Non-Hispanic,,2026-09-16 19:30:00,2026-09-17 19:33:00,36.16999999991994,-86.60000000002253
20260562855_11,20260562855,DISPATCHED,UNFOUNDED,Closed,1928 1928,School-Elementary/Secondary,740,POLICE INQUIRY,NONE,No,B,BUSINESS,,,,37206,2026-09-17 15:15:00,2026-09-17 19:30:00,36.18899999988174,-86.735000000408
20260563139_11,20260563139,DISPATCHED,UNFOUNDED,Closed,1324 1324,"RESIDENCE, HOME",740,POLICE INQUIRY,NONE,Yes,I,INDIVIDUAL (18 AND OVER),F,W,Non-Hispanic,37115,2026-09-17 16:30:00,2026-09-17 19:28:00,36.23799999969856,-86.67099999960641
20260563187_11,20260563187,,OPEN,Open,MORTON MILL CT,"RESIDENCE, HOME",26C,CRIMINAL IMPERSONATION,NONE,No,I,INDIVIDUAL (18 AND OVER),F,W,Non-Hispanic,,2026-09-17 18:00:00,2026-09-17 19:23:00,,
20260563106_11,20260563106,DISPATCHED,OPEN,Open,STONERS GLEN DR,"RESIDENCE, HOME",26A,FRAUD - SWINDLE,PERSONAL (HANDS),No,I,INDIVIDUAL (18 AND OVER),F,W,Unknown,,2026-07-31 13:00:00,2026-09-17 19:21:00,36.19000000021294,-86.60999999995128
20260562969_11,20260562969,DISPATCHED,OPEN,Open,S 4TH ST,APARTMENT,220,BURGLARY- AGGRAVATED,NONE,No,I,INDIVIDUAL (18 AND OVER),F,B,Non-Hispanic,,2026-09-17 16:00:00,2026-09-17 19:20:00,36.16999999991994,-86.75999999978066
20260563138_11,20260563138,DISPATCHED,UNFOUNDED,Closed,597 597,"RESIDENCE, HOME",695,UNKNOWN DEATH,NONE,No,I,INDIVIDUAL (18 AND OVER),M,W,Non-Hispanic,37115,2026-09-17 13:00:00,2026-09-17 19:19:00,36.26300000010404,-86.7399999999232
20260563201_11,20260563201,DISPATCHED,UNFOUNDED,Closed,2901 2901,"RESIDENCE, HOME",810,LOST PROPERTY,NONE,No,I,INDIVIDUAL (18 AND OVER),F,B,Non-Hispanic,37013,2026-08-30 13:00:00,2026-09-17 19:18:00,36.04099999976909,-86.63300000005688
20260563076_11,20260563076,DISPATCHED,UNFOUNDED,Closed,4121 4121,"RESIDENCE, HOME",740,POLICE INQUIRY,NONE,No,I,INDIVIDUAL (18 AND OVER),F,B,Non-Hispanic,37218,2026-09-14 17:00:00,2026-09-17 19:06:00,36.215000000222425,-86.84499999962411
20260563145_11,20260563145,DISPATCHED,OPEN,Open,MOORMANS ARM,"RESIDENCE, HOME",13C,ASSAULT- FEAR OF BODILY INJURY,,No,I,INDIVIDUAL (18 AND OVER),F,B,Non-Hispanic,,2026-09-16 21:59:00,2026-09-17 19:01:00,36.22000000011304,-86.81000000032267
20260563116_11,20260563116,DISPATCHED,UNFOUNDED,Closed,440 440,"HIGHWAY, ROAD, ALLEY",740,POLICE INQUIRY,NONE,No,I,INDIVIDUAL (18 AND OVER),M,B,Non-Hispanic,37201,2026-09-17 18:57:00,2026-09-17 18:57:00,36.16900000026128,-86.77999999963816
20260563126_11,20260563126,,OPEN,Open,ELIZABETH JORDAN,"RESIDENCE, HOME",23H,"THEFT OF PROPERTY-$1,000 OR LESS",NONE,No,I,INDIVIDUAL (18 AND OVER),M,B,Non-Hispanic,,2026-09-16 13:00:00,2026-09-17 18:55:00,36.159999999962295,-86.83000000018018
20260563034_11,20260563034,DISPATCHED,OPEN,Open,CHARLOTTE,"PARKING LOT, GARAGE",240,VEHICLE THEFT,Unarmed,No,I,INDIVIDUAL (18 AND OVER),F,W,Non-Hispanic,,2026-09-17 15:00:00,2026-09-17 18:55:00,36.15000000024567,-86.84000000010889
20260563146_11,20260563146,DISPATCHED,OPEN,Open,RIO VISTA,CONSTRUCTION SITE,23H,LARCENY - (FREE TEXT),Unarmed,No,B,BUSINESS,,,,,2026-09-15 21:00:00,2026-09-17 18:44:00,36.27000000015372,-86.68000000035076
20260563146_21,20260563146,DISPATCHED,OPEN,Open,RIO VISTA,CONSTRUCTION SITE,290,"DAMAGE TO PROPERTY, CRIMINAL ATTEMPT",Unarmed,No,B,BUSINESS,,,,,2026-09-15 21:00:00,2026-09-17 18:44:00,36.27000000015372,-86.68000000035076
20260563147_11,20260563147,DISPATCHED,OPEN,Open,PEABODY,CONSTRUCTION SITE,23H,"THEFT OF PROPERTY-$1,000 OR LESS",NONE,No,B,BUSINESS,,,,,2026-08-17 21:00:00,2026-09-17 18:44:00,36.159999999962295,-86.76999999970943
20260562934_11,20260562934,DISPATCHED,CLEARED BY ARREST,Closed,606 606,APARTMENT,13B,SIMPLE ASSLT,PERSONAL (HANDS),Yes,I,INDIVIDUAL (18 AND OVER),F,B,Non-Hispanic,37115,2026-09-17 15:37:00,2026-09-17 18:41:00,36.26700000008506,-86.69699999996014
20260563161_11,20260563161,WITNESS,OPEN,Open,HICKORY CLUB DR,"RESIDENCE, HOME",26A,FRAUD - SWINDLE,PERSONAL (HANDS),No,I,INDIVIDUAL (18 AND OVER),M,B,Non-Hispanic,,2026-08-20 23:00:00,2026-09-17 18:39:00,36.05000000025906,-86.6399999997375
20260563071_11,20260563071,,UNFOUNDED,Closed,301 301,"COMMERCIAL, OFFICE BUILDING",810,LOST PROPERTY,NONE,No,I,INDIVIDUAL (18 AND OVER),M,W,Non-Hispanic,37219,2026-09-17 16:30:00,2026-09-17 18:38:00,36.16500000022236,-86.78399999996897
20260563094_11,20260563094,,OPEN,Open,S NEW HOPE RD,"RESIDENCE, HOME",23H,LARC - POSTAL,NONE,No,I,INDIVIDUAL (18 AND OVER),F,W,Non-Hispanic,,2026-09-16 14:00:00,2026-09-17 18:34:00,36.15000000024567,-86.58000000016507
20260562935_11,20260562935,DISPATCHED,UNFOUNDED,Closed,213 213,"PARKING LOT, GARAGE",740,POLICE INQUIRY,NONE,Yes,I,INDIVIDUAL (18 AND OVER),F,W,Non-Hispanic,37206,2026-09-16 15:00:00,2026-09-17 18:30:00,,
20260562902_11,20260562902,DISPATCHED,UNFOUNDED,Closed,5612 5612,"HOTEL, MOTEL, ETC.",740,POLICE INQUIRY,NONE,Yes,I,INDIVIDUAL (18 AND OVER),F,W,Non-Hispanic,37209,2026-09-17 18:25:00,2026-09-17 18:25:00,36.14800000018361,-86.85799999980097
20260563021_11,20260563021,DISPATCHED,UNFOUNDED,Closed,600 600,APARTMENT,740,POLICE INQUIRY,NONE,No,I,INDIVIDUAL (18 AND OVER),U,U,Unknown,37214,2026-09-17 18:12:00,2026-09-17 18:12:00,36.1569999999172,-86.63500000022228
20260563079_11,20260563079,DISPATCHED,UNFOUNDED,Closed,87 87,"RESIDENCE, HOME",740,POLICE INQUIRY,Unarmed,No,I,INDIVIDUAL (18 AND OVER),F,B,Non-Hispanic,37115,2026-01-01 14:00:00,2026-09-17 17:59:00,36.29899999971295,-86.69299999962931
20260561073_11,20260561073,DISPATCHED,UNFOUNDED,Closed,28 28,"COMMERCIAL, OFFICE BUILDING",740,POLICE INQUIRY,NONE,No,I,INDIVIDUAL (18 AND OVER),F,W,Non-Hispanic,37209,2026-09-16 18:15:00,2026-09-17 17:56:00,36.127999999830735,-86.85200000020306
20260563064_11,20260563064,,UNFOUNDED,Closed,900 900,"BAR, NIGHT CLUB",740,POLICE INQUIRY,NONE,No,I,INDIVIDUAL (18 AND OVER),M,W,Non-Hispanic,37115,2026-09-17 17:20:00,2026-09-17 17:54:00,36.25300000035104,-86.71699999981759
20260563014_11,20260563014,DISPATCHED,UNFOUNDED,Closed,1126 1126,"RESIDENCE, HOME",740,POLICE INQUIRY,NONE,Yes,I,INDIVIDUAL (18 AND OVER),F,B,Unknown,37206,2026-09-17 16:59:00,2026-09-17 17:53:00,36.19500000026771,-86.74200000008861
20260562964_11,20260562964,WITNESS,OPEN,Open,BRUIN DR,"RESIDENCE, HOME",90F,CRIMINAL CONTEMPT-VIOLATION OF ORDER OF PROTECTION,NONE,Yes,I,INDIVIDUAL (18 AND OVER),F,B,Non-Hispanic,,2026-09-12 21:44:00,2026-09-17 17:50:00,36.06999999966938,-86.62999999980876
20260563049_11,20260563049,,UNFOUNDED,Closed,8628 8628,"RESIDENCE, HOME",810,LOST PROPERTY,NONE,No,I,INDIVIDUAL (18 AND OVER),M,W,Non-Hispanic,37013,2026-09-15 17:00:00,2026-09-17 17:43:00,36.01100000027918,-86.65099999974893
20260562903_11,20260562903,DISPATCHED,UNFOUNDED,Closed,3700 3700,"RESIDENCE, HOME",740,POLICE INQUIRY,NONE,Yes,I,INDIVIDUAL (18 AND OVER),F,B,Non-Hispanic,37207,2026-09-17 14:30:00,2026-09-17 17:39:00,36.24699999970004,-86.77400000004023
20260563038_11,20260563038,DISPATCHED,UNFOUNDED,Closed,235 235,"RESIDENCE, HOME",740,POLICE INQUIRY,NONE,No,I,INDIVIDUAL (18 AND OVER),F,W,Non-Hispanic,37214,2026-09-16 15:00:00,2026-09-17 17:36:00,,
20260563005_11,20260563005,DISPATCHED,OPEN,Open,HOBBS,"BANK, SAVINGS AND LOAN",26C,CRIMINAL IMPERSONATION,Unarmed,No,I,INDIVIDUAL (18 AND OVER),M,W,Non-Hispanic,,2026-09-15 14:00:00,2026-09-17 17:34:00,36.099999999750025,-86.82000000025143
20260563005_22,20260563005,DISPATCHED,OPEN,Open,HOBBS,"BANK, SAVINGS AND LOAN",26A,"FRAUD, CRIMINAL ATTEMPT",Unarmed,No,F,FINANCIAL INSTITUTION,,,,,2026-09-15 14:00:00,2026-09-17 17:34:00,36.099999999750025,-86.82000000025143
20260563000_11,20260563000,DISPATCHED,UNFOUNDED,Closed,615 615,DOCTORS'S OFFICE,740,TRANSPORT,NONE,No,I,INDIVIDUAL (18 AND OVER),M,W,Hispanic,37204,2026-09-17 16:56:00,2026-09-17 17:27:00,36.12000000013524,-86.76800000044231
20260563041_11,20260563041,DISPATCHED,UNFOUNDED,Closed,1200 1200,"RESIDENCE, HOME",740,POLICE INQUIRY,NONE,No,I,INDIVIDUAL (18 AND OVER),M,B,Non-Hispanic,37208,2026-09-17 17:27:00,2026-09-17 17:27:00,36.17099999987209,-86.8170000000033
20260562879_11,20260562879,DISPATCHED,UNFOUNDED,Closed,2409 2409,"RESIDENCE, HOME",740,POLICE INQUIRY,NONE,No,I,INDIVIDUAL (18 AND OVER),F,W,Unknown,37207,2026-09-01 17:00:00,2026-09-17 17:27:00,36.25599999995099,-86.76999999970943
20260562959_11,20260562959,DISPATCHED,UNFOUNDED,Closed,7332 7332,"RESIDENCE, HOME",740,POLICE INQUIRY,NONE,Yes,I,INDIVIDUAL (18 AND OVER),F,W,Non-Hispanic,37013,2026-09-17 17:24:00,2026-09-17 17:24:00,,
20260563016_11,20260563016,DISPATCHED,OPEN,Open,ANTIOCH,SPECIALTY STORE,13C,ASSAULT- FEAR OF BODILY INJURY,,No,I,INDIVIDUAL (18 AND OVER),M,W,Non-Hispanic,,2026-09-17 16:14:00,2026-09-17 17:17:00,36.09000000018983,-86.70000000020825
20260562968_11,20260562968,DISPATCHED,OPEN,Open,GALLATIN AVE,"BANK, SAVINGS AND LOAN",26C,CRIMINAL IMPERSONATION,Unarmed,No,I,INDIVIDUAL (18 AND OVER),M,W,Non-Hispanic,,2026-09-15 14:00:00,2026-09-17 17:12:00,36.18000000021363,-86.74999999985195
20260562968_22,20260562968,DISPATCHED,OPEN,Open,GALLATIN AVE,"BANK, SAVINGS AND LOAN",26A,"FRAUD, CRIMINAL ATTEMPT",Unarmed,No,F,FINANCIAL INSTITUTION,,,,,2026-09-15 14:00:00,2026-09-17 17:12:00,36.18000000021363,-86.74999999985195
20260522901_11,20260522901,DISPATCHED,OPEN,Open,E THOMPSON LN,CONVENIENCE STORE,23C,SHOPLIFTING,NONE,No,B,BUSINESS,,,,,2026-08-28 11:20:00,2026-09-17 17:06:00,36.12999999970263,-86.71000000013699
20260522901_22,20260522901,DISPATCHED,OPEN,Open,E THOMPSON LN,CONVENIENCE STORE,90J,CRIMINAL TRESPASS,NONE,No,S,SOCIETY,,,,,2026-08-28 11:20:00,2026-09-17 17:06:00,36.12999999970263,-86.71000000013699
20260562994_11,20260562994,SUSPECT,UNFOUNDED,Closed,942 942,"GOVERNMENT, PUBLIC BUILDING",715,FOUND PROPERTY,NONE,No,I,INDIVIDUAL (18 AND OVER),U,U,Unknown,37207,2026-09-16 14:00:00,2026-09-17 17:03:00,36.20399999996701,-86.74699999960382
20260562974_11,20260562974,DISPATCHED,OPEN,Open,MURFREESBORO PIKE,APARTMENT,23F,BURGLARY- MOTOR VEHICLE,NONE,No,I,INDIVIDUAL (18 AND OVER),F,W,Hispanic,,2026-09-17 07:30:00,2026-09-17 17:00:00,36.0800000001956,-86.6399999997375
20260562962_11,20260562962,DISPATCHED,UNFOUNDED,Closed,257 257,"RESIDENCE, HOME",715,FOUND PROPERTY,NONE,No,I,INDIVIDUAL (18 AND OVER),U,U,Unknown,37211,2026-09-17 16:31:00,2026-09-17 16:54:00,36.078999999789886,-86.71000000013699
20260562972_11,20260562972,WITNESS,UNFOUNDED,Closed,468 468,"RESIDENCE, HOME",740,POLICE INQUIRY,NONE,No,I,INDIVIDUAL (18 AND OVER),F,B,Non-Hispanic,37228,2026-09-16 22:00:00,2026-09-17 16:44:00,36.191000000099926,-86.80499999990916
20260562886_11,20260562886,DISPATCHED,OPEN,Open,SADDLE TREE CT,"COMMERCIAL, OFFICE BUILDING",220,BURGLARY (NON HABITATION),PERSONAL (HANDS),No,B,BUSINESS,,,,,2026-09-01 11:00:00,2026-09-17 16:42:00,36.22000000011304,-86.60000000002253
20260562956_11,20260562956,,OPEN,Open,ANTIOCH PIKE,SPECIALTY STORE,26B,FRAUD -  ILLEG USE OF CREDIT CARDS,NONE,No,B,BUSINESS,,,,,2026-09-07 15:00:00,2026-09-17 16:39:00,36.09000000018983,-86.69000000027951
20260562942_11,20260562942,,UNFOUNDED,Closed,701 701,"HIGHWAY, ROAD, ALLEY",810,LOST PROPERTY,NONE,No,I,INDIVIDUAL (18 AND OVER),F,B,Non-Hispanic,37210,2026-09-17 02:00:00,2026-09-17 16:36:00,36.1539999996859,-86.72100000014842
20260562928_11,20260562928,DISPATCHED,OPEN,Open,CRYSTAL SPRING LN,"RESIDENCE, HOME",26A,FRAUD - SWINDLE,NONE,No,I,INDIVIDUAL (18 AND OVER),M,B,Non-Hispanic,,2026-06-01 13:00:00,2026-09-17 16:29:00,36.16999999991994,-86.60999999995128
20260562663_11,20260562663,WITNESS,OPEN,Open,RURAL HILL,"OTHER, UNKNOWN",23D,LARC - FROM BLDG,HANDGUN,No,I,INDIVIDUAL (18 AND OVER),M,B,Non-Hispanic,,2026-09-17 16:28:00,2026-09-17 16:28:00,36.0800000001956,-86.61999999988002
20260562738_11,20260562738,WITNESS,UNFOUNDED,Closed,417 417,"RESIDENCE, HOME",740,POLICE INQUIRY,NONE,Yes,I,INDIVIDUAL (18 AND OVER),F,W,Non-Hispanic,37076,2026-09-17 16:26:00,2026-09-17 16:26:00,36.20199999980591,-86.59300000034192
20260562877_11,20260562877,DISPATCHED,UNFOUNDED,Closed,88 88,"PARKING LOT, GARAGE",740,POLICE INQUIRY,NONE,Yes,I,INDIVIDUAL (18 AND OVER),F,B,Non-Hispanic,37210,2026-09-17 15:45:00,2026-09-17 16:20:00,36.14900000006129,-86.76199999994608
20260562678_11,20260562678,WITNESS,OPEN,Open,CENTURY FARMS,"RESIDENCE, HOME",90Z,HARRASSMENT (NUISANCE),NONE,No,I,INDIVIDUAL (18 AND OVER),M,B,Non-Hispanic,,2026-09-17 16:19:00,2026-09-17 16:19:00,36.02999999971792,-86.64999999966624
20260562677_11,20260562677,WITNESS,OPEN,Open,CENTURY FARMS,"RESIDENCE, HOME",90Z,HARRASSMENT (NUISANCE),NONE,No,I,INDIVIDUAL (18 AND OVER),F,B,Non-Hispanic,,2026-09-17 16:19:00,2026-09-17 16:19:00,36.02999999971792,-86.64999999966624
20260562851_11,20260562851,DISPATCHED,OPEN,Open,EZELL PIKE,"PARKING LOT, GARAGE",240,VEHICLE THEFT,NONE,No,I,INDIVIDUAL (18 AND OVER),M,W,Hispanic,,2026-09-09 17:00:00,2026-09-17 16:18:00,36.0800000001956,-86.69000000027951
20260562869_11,20260562869,DISPATCHED,OPEN,Open,DELK AVE,APARTMENT,23H,THEFT OF PROPERTY- $500 OR LESS,NONE,No,I,INDIVIDUAL (18 AND OVER),M,W,Non-Hispanic,,2026-09-16 20:52:00,2026-09-17 16:03:00,36.18000000021363,-86.82000000025143
20260562824_11,20260562824,DISPATCHED,UNFOUNDED,Closed,3524 3524,RENTAL STORAGE FACILITY,740,POLICE INQUIRY,NONE,No,I,INDIVIDUAL (18 AND OVER),M,W,Non-Hispanic,37013,2026-08-24 13:00:00,2026-09-17 15:44:00,36.05900000016603,-86.59799999985711
20260562777_11,20260562777,DISPATCHED,OPEN,Open,CHARLOTTE AVE,"RESIDENCE, HOME",290,DAMAGE PROP - BUSINESS,HANDGUN,No,B,BUSINESS,,,,,2026-09-17 13:00:00,2026-09-17 15:29:00,36.159999999962295,-86.81000000032267
20260562811_11,20260562811,DISPATCHED,OPEN,Open,UNIVERSITY PARK,"RESIDENCE, HOME",13C,ASSAULT- FEAR OF BODILY INJURY,,No,I,INDIVIDUAL (18 AND OVER),F,W,Non-Hispanic,,2026-09-10 05:00:00,2026-09-17 15:28:00,36.10999999969955,-86.80000000039394
20260562814_11,20260562814,DISPATCHED,OPEN,Open,AIR LANE,"OTHER, UNKNOWN",23H,LARC - POSTAL,HANDGUN,No,I,INDIVIDUAL (18 AND OVER),M,U,Unknown,,2026-09-08 13:00:00,2026-09-17 15:25:00,36.15000000024567,-86.70000000020825
20260561601_11,20260561601,DISPATCHED,OPEN,Open,OPRY MILLS DR,Shopping Mall,90Z,HARRASSMENT (NUISANCE),NONE,No,I,INDIVIDUAL (18 AND OVER),F,B,Unknown,,2026-09-16 17:00:00,2026-09-17 15:07:00,36.20000000001247,-86.69000000027951
20260562780_11,20260562780,DISPATCHED,OPEN,Open,LEBANON PIKE,"SERVICE, GAS STATION",13C,ASSAULT- FEAR OF BODILY INJURY,,No,I,INDIVIDUAL (18 AND OVER),M,W,Unknown,,2026-09-17 14:30:00,2026-09-17 15:02:00,36.16999999991994,-86.65999999959497
20260562770_11,20260562770,,UNFOUNDED,Closed,700 700,"DEPARTMENT, DISCOUNT STORE",740,POLICE INQUIRY,OTHER,No,B,BUSINESS,,,,37203,2026-09-16 15:00:00,2026-09-17 14:57:00,36.13399999963893,-86.77299999995753
20260562727_11,20260562727,DISPATCHED,OPEN,Open,HIGHWAY 70  S,RESTAURANT,220,BURGLARY (NON HABITATION),CLUB,No,B,BUSINESS,,,,,2026-09-17 05:01:00,2026-09-17 14:52:00,36.0800000001956,-86.95000000022335
20260562727_21,20260562727,DISPATCHED,OPEN,Open,HIGHWAY 70  S,RESTAURANT,290,DAMAGE PROP - BUSINESS,CLUB,No,B,BUSINESS,,,,,2026-09-17 05:01:00,2026-09-17 14:52:00,36.0800000001956,-86.95000000022335
20260562733_11,20260562733,DISPATCHED,OPEN,Open,FRANKLIN AVE,"OTHER, UNKNOWN",26B,"CREDIT CARD, FRAUDULENT USE - $1,000 OR LESS",NONE,No,B,BUSINESS,,,,,2026-09-14 05:01:00,2026-09-17 14:49:00,36.18000000021363,-86.7399999999232
20260562726_11,20260562726,DISPATCHED,UNFOUNDED,Closed,235 235,"RESIDENCE, HOME",740,POLICE INQUIRY,Unarmed,No,I,INDIVIDUAL (18 AND OVER),F,W,Non-Hispanic,37214,2026-09-17 12:00:00,2026-09-17 14:42:00,,
20260562688_11,20260562688,DISPATCHED,OPEN,Open,MUSIC VALLEY,"HOTEL, MOTEL, ETC.",23F,BURGLARY- MOTOR VEHICLE,CLUB,No,I,INDIVIDUAL (18 AND OVER),M,W,Non-Hispanic,,2026-09-17 10:00:00,2026-09-17 14:27:00,36.22000000011304,-86.69000000027951
20260562392_11,20260562392,DISPATCHED,UNFOUNDED,Closed,417 417,"RESIDENCE, HOME",740,POLICE INQUIRY,NONE,Yes,I,INDIVIDUAL (18 AND OVER),M,B,Non-Hispanic,37076,2026-09-17 11:10:00,2026-09-17 14:26:00,36.20199999980591,-86.59300000034192
20260562673_11,20260562673,DISPATCHED,OPEN,Open,SOUTHWOOD PARK,APARTMENT,220,BURGLARY- AGGRAVATED,NONE,No,I,INDIVIDUAL (18 AND OVER),M,B,Non-Hispanic,,2026-08-27 13:00:00,2026-09-17 14:17:00,36.13999999994927,-86.70000000020825
20260562673_21,20260562673,DISPATCHED,OPEN,Open,SOUTHWOOD PARK,APARTMENT,290,DAMAGE PROP - PRIVATE,,No,I,INDIVIDUAL (18 AND OVER),M,B,Non-Hispanic,,2026-08-27 13:00:00,2026-09-17 14:17:00,36.13999999994927,-86.70000000020825
20260562592_11,20260562592,DISPATCHED,OPEN,Open,EASTLAND AVE,"HIGHWAY, ROAD, ALLEY",13A,AGGRAV ASSLT - FAMILY-WEAPON,MOTOR VEHICLE,Yes,I,INDIVIDUAL (18 AND OVER),F,B,Non-Hispanic,,2026-09-17 13:08:00,2026-09-17 14:11:00,36.18000000021363,-86.71000000013699
20260562797_11,20260562797,SUSPECT,UNFOUNDED,Closed,1800 1800,School-Elementary/Secondary,740,POLICE INQUIRY,NONE,No,I,INDIVIDUAL (18 AND OVER),F,B,Unknown,37208,2026-09-17 14:10:00,2026-09-17 14:10:00,36.18100000016468,-86.80099999957834
20260562668_11,20260562668,DISPATCHED,OPEN,Open,,"PARKING LOT, GARAGE",90J,CRIMINAL TRESPASS,NONE,No,S,SOCIETY,,,,,2026-09-17 13:40:00,2026-09-17 14:08:00,36.28000000026564,-86.86999999989513
20260562618_11,20260562618,DISPATCHED,CLEARED BY ARREST,Closed,405 405,APARTMENT,290,DAMAGE PROP - PRIVATE,PERSONAL (HANDS),No,I,INDIVIDUAL (18 AND OVER),M,B,Non-Hispanic,37203,2026-09-17 12:30:00,2026-09-17 14:04:00,36.15800000035669,-86.79900000031124
20260562644_11,20260562644,DISPATCHED,UNFOUNDED,Closed,1222 1222,"OTHER, UNKNOWN",740,POLICE INQUIRY,Unarmed,No,I,INDIVIDUAL (18 AND OVER),F,W,Non-Hispanic,37076,2026-09-15 22:00:00,2026-09-17 13:46:00,36.16099999985248,-86.57599999983424
20260562525_11,20260562525,DISPATCHED,OPEN,Open,PENNINGTON CENTRE,APARTMENT,23F,BURGLARY- MOTOR VEHICLE,CLUB,No,I,INDIVIDUAL (18 AND OVER),M,W,Hispanic,,2026-09-17 05:00:00,2026-09-17 13:32:00,36.22000000011304,-86.69000000027951
20260562525_12,20260562525,DISPATCHED,OPEN,Open,PENNINGTON CENTRE,APARTMENT,23F,BURGLARY- MOTOR VEHICLE,CLUB,No,I,INDIVIDUAL (18 AND OVER),M,W,Non-Hispanic,,2026-09-17 05:00:00,2026-09-17 13:32:00,36.22000000011304,-86.69000000027951
20260562525_13,20260562525,DISPATCHED,OPEN,Open,PENNINGTON CENTRE,APARTMENT,23F,BURGLARY- MOTOR VEHICLE,CLUB,No,I,INDIVIDUAL (18 AND OVER),M,W,Non-Hispanic,,2026-09-17 05:00:00,2026-09-17 13:32:00,36.22000000011304,-86.69000000027951
20260562525_14,20260562525,DISPATCHED,OPEN,Open,PENNINGTON CENTRE,APARTMENT,23F,BURGLARY- MOTOR VEHICLE,CLUB,No,I,INDIVIDUAL (18 AND OVER),M,W,Non-Hispanic,,2026-09-17 05:00:00,2026-09-17 13:32:00,36.22000000011304,-86.69000000027951
20260562620_11,20260562620,DISPATCHED,OPEN,Open,TRINITY,APARTMENT,290,"VANDALISM- $1,000 OR LESS",PERSONAL (HANDS),No,I,INDIVIDUAL (18 AND OVER),M,B,Non-Hispanic,,2026-09-12 00:57:00,2026-09-17 13:30:00,36.209999999706326,-86.81000000032267
20260558448_11,20260558448,SUSPECT,CLEARED BY ARREST,Closed,5306 5306,"PARKING LOT, GARAGE",35B,DRUG PARAPHERNALIA- UNLAWFUL USE,NONE,No,S,SOCIETY,,,,37013,2026-09-15 14:30:00,2026-09-17 13:28:00,36.046999999895846,-86.65500000007975
20260558448_21,20260558448,SUSPECT,CLEARED BY ARREST,Closed,5306 5306,"PARKING LOT, GARAGE",35A,"DISPENSE PRESCRIPTION DRUG, VOID REGIS. NUMBER",NONE,No,S,SOCIETY,,,,37013,2026-09-15 14:30:00,2026-09-17 13:28:00,36.046999999895846,-86.65500000007975
20260558448_31,20260558448,SUSPECT,CLEARED BY ARREST,Closed,5306 5306,"PARKING LOT, GARAGE",90Z,TEST ONLY,NONE,No,S,SOCIETY,,,,37013,2026-09-15 14:30:00,2026-09-17 13:28:00,36.046999999895846,-86.65500000007975
20260562535_11,20260562535,DISPATCHED,OPEN,Open,MEDICAL CENTER DR,HOSPITAL,26E,FRAUD BY WIRE,NONE,No,I,INDIVIDUAL (18 AND OVER),M,W,Non-Hispanic,,2026-08-27 05:00:00,2026-09-17 13:15:00,36.13999999994927,-86.80000000039394
20260562455_11,20260562455,DISPATCHED,OPEN,Open,BRADY,"RESIDENCE, HOME",240,VEHICLE THEFT,NONE,No,I,INDIVIDUAL (18 AND OVER),M,B,Non-Hispanic,,2026-09-17 01:30:00,2026-09-17 13:03:00,36.02999999971792,-86.58000000016507
20260562397_11,20260562397,DISPATCHED,UNFOUNDED,Closed,3417 3417,"RESIDENCE, HOME",740,POLICE INQUIRY,NONE,Yes,I,INDIVIDUAL (18 AND OVER),M,W,Non-Hispanic,37076,2026-09-17 10:00:00,2026-09-17 12:16:00,36.18899999988174,-86.62799999964334
20260562428_11,20260562428,DISPATCHED,UNFOUNDED,Closed,146 146,"RESIDENCE, HOME",810,LOST PROPERTY,NONE,No,I,INDIVIDUAL (18 AND OVER),F,A,Non-Hispanic,37013,2026-09-15 13:00:00,2026-09-17 12:13:00,36.0270000001627,-86.66399999992578
20260562366_11,20260562366,DISPATCHED,OPEN,Open,GALLATIN PIKE S,RESTAURANT,220,BURGL - FORCED ENTRY-NONRESID,CLUB,No,B,BUSINESS,,,,,2026-09-17 07:41:00,2026-09-17 12:12:00,36.25999999986106,-86.71000000013699
20260562429_11,20260562429,DISPATCHED,UNFOUNDED,Closed,3753 3753,"RESIDENCE, HOME",740,POLICE INQUIRY,NONE,Yes,I,INDIVIDUAL (18 AND OVER),F,U,Unknown,37080,2026-09-17 11:59:00,2026-09-17 11:59:00,36.31700000026783,-86.87999999982385
20260561305_11,20260561305,WITNESS,OPEN,Open,BROADWAY,"BAR, NIGHT CLUB",23D,LARC - FROM BLDG,NONE,No,I,INDIVIDUAL (18 AND OVER),M,W,Non-Hispanic,,2026-09-17 11:46:00,2026-09-17 11:46:00,36.159999999962295,-86.77999999963816
20260562407_11,20260562407,DISPATCHED,OPEN,Open,DICKERSON PIKE,APARTMENT,23F,BURGLARY- MOTOR VEHICLE,NONE,No,I,INDIVIDUAL (18 AND OVER),F,B,Non-Hispanic,,2026-09-16 18:50:00,2026-09-17 11:39:00,36.25000000002025,-86.75999999978066
20260562283_11,20260562283,DISPATCHED,CLEARED BY ARREST,Closed,3003 3003,"RESIDENCE, HOME",13B,SIMPLE ASSLT,PERSONAL (HANDS),Yes,I,INDIVIDUAL (18 AND OVER),F,B,Non-Hispanic,37211,2026-09-17 08:00:00,2026-09-17 11:11:00,36.0399999997254,-86.72100000014842
20260562191_11,20260562191,SUSPECT,CLEARED BY ARREST,Closed,4343 4343,"PARKING LOT, GARAGE",35A,POSSESSION OF A CONTROLLED SUBSTANCE,NONE,No,S,SOCIETY,,,,37138,2026-09-17 06:54:00,2026-09-17 11:10:00,36.2170000001132,-86.62400000021083
20260562191_21,20260562191,SUSPECT,CLEARED BY ARREST,Closed,4343 4343,"PARKING LOT, GARAGE",35B,DRUG PARAPHERNALIA- UNLAWFUL USE,NONE,No,S,SOCIETY,,,,37138,2026-09-17 06:54:00,2026-09-17 11:10:00,36.2170000001132,-86.62400000021083
20260562308_11,20260562308,DISPATCHED,OPEN,Open,GAY,"HIGHWAY, ROAD, ALLEY",23H,"THEFT OF PROPERTY-$1,000 OR LESS",NONE,No,I,INDIVIDUAL (18 AND OVER),F,B,Non-Hispanic,,2026-09-17 09:00:00,2026-09-17 10:22:00,36.16999999991994,-86.77999999963816
20260562308_12,20260562308,DISPATCHED,OPEN,Open,GAY,"HIGHWAY, ROAD, ALLEY",23H,"THEFT OF PROPERTY-$1,000 OR LESS",NONE,No,I,INDIVIDUAL (18 AND OVER),F,B,Non-Hispanic,,2026-09-17 09:00:00,2026-09-17 10:22:00,36.16999999991994,-86.77999999963816
20260562219_11,20260562219,DISPATCHED,OPEN,Open,LISCHEY AVE,"RESIDENCE, HOME",13C,ASSAULT- FEAR OF BODILY INJURY,,Yes,I,INDIVIDUAL (18 AND OVER),F,B,Non-Hispanic,,2026-09-17 06:00:00,2026-09-17 10:02:00,36.19000000021294,-86.75999999978066
20260562238_11,20260562238,,OPEN,Open,LISCHEY AVE,"RESIDENCE, HOME",290,"VANDALISM- $1,000 OR LESS",Unarmed,No,I,INDIVIDUAL (18 AND OVER),F,B,Non-Hispanic,,2026-09-15 02:00:00,2026-09-17 10:02:00,36.19000000021294,-86.75999999978066
20260562238_21,20260562238,,OPEN,Open,LISCHEY AVE,"RESIDENCE, HOME",23D,LARC - FROM BLDG,NONE,No,I,INDIVIDUAL (18 AND OVER),F,B,Non-Hispanic,,2026-09-15 02:00:00,2026-09-17 10:02:00,36.19000000021294,-86.75999999978066
20260562305_11,20260562305,DISPATCHED,UNFOUNDED,Closed,2940 2940,"OTHER, UNKNOWN",740,POLICE INQUIRY,NONE,Yes,I,INDIVIDUAL (18 AND OVER),F,U,Unknown,37207,2026-09-17 09:17:00,2026-09-17 09:58:00,36.22399999966719,-86.76099999986339
20260562263_11,20260562263,DISPATCHED,OPEN,Open,MCKENDREE,"PARKING LOT, GARAGE",23F,BURGLARY- MOTOR VEHICLE,NONE,No,I,INDIVIDUAL (18 AND OVER),F,B,Non-Hispanic,,2026-09-17 04:00:00,2026-09-17 09:48:00,36.209999999706326,-86.60999999995128
20260562280_11,20260562280,DISPATCHED,REFUSED TO COOPERATE,Closed,3209 3209,"RESIDENCE, HOME",90Z,HARRASSMENT (NUISANCE),NONE,Yes,I,INDIVIDUAL (18 AND OVER),F,A,Non-Hispanic,37211,2026-09-17 02:35:00,2026-09-17 09:34:00,36.10200000010634,-86.73200000015987
20260562248_11,20260562248,DISPATCHED,CLEARED BY ARREST,Closed,765 765,APARTMENT,13A,"Assault, Aggravated - Deadly Weapon - Int/Kn",CLUB,No,I,INDIVIDUAL (18 AND OVER),F,W,Non-Hispanic,37211,2026-09-17 07:40:00,2026-09-17 09:28:00,36.054000000101695,-86.74200000008861
20260562248_22,20260562248,DISPATCHED,CLEARED BY ARREST,Closed,765 765,APARTMENT,13B,ASSAULT- OFFENSIVE OR PROVOCATIVE CONTACT,PERSONAL (HANDS),No,I,INDIVIDUAL (18 AND OVER),M,W,Non-Hispanic,37211,2026-09-17 07:40:00,2026-09-17 09:28:00,36.054000000101695,-86.74200000008861
20260562248_33,20260562248,DISPATCHED,CLEARED BY ARREST,Closed,765 765,APARTMENT,35B,DRUG PARAPHERNALIA- UNLAWFUL USE,CLUB,No,S,SOCIETY,,,,37211,2026-09-17 07:40:00,2026-09-17 09:28:00,36.054000000101695,-86.74200000008861
20260562256_11,20260562256,DISPATCHED,OPEN,Open,WELCH RD,"RESIDENCE, HOME",695,UNKNOWN DEATH,NONE,No,I,INDIVIDUAL (18 AND OVER),F,W,Hispanic,,2026-09-17 05:30:00,2026-09-17 09:21:00,36.0800000001956,-86.72000000006571
20260562135_11,20260562135,DISPATCHED,OPEN,Open,MURFREESBORO PIKE,"COMMERCIAL, OFFICE BUILDING",90J,CRIMINAL TRESPASS,NONE,No,S,SOCIETY,,,,,2026-09-17 02:00:00,2026-09-17 08:39:00,36.15000000024567,-86.74999999985195
20260562251_11,20260562251,DISPATCHED,UNFOUNDED,Closed,1612 1612,APARTMENT,290,DAMAGE PROP - PRIVATE,PERSONAL (HANDS),No,I,INDIVIDUAL (18 AND OVER),F,B,Non-Hispanic,37208,2026-09-17 07:30:00,2026-09-17 08:29:00,36.17400000003244,-86.80800000015726
20260562254_11,20260562254,DISPATCHED,UNFOUNDED,Closed,639 639,Shelter-Mission/Homeless,740,TRANSPORT,NONE,No,I,INDIVIDUAL (18 AND OVER),M,B,Non-Hispanic,37203,2026-09-17 08:25:00,2026-09-17 08:25:00,36.1539999996859,-86.77700000028835
20260562216_12,20260562216,DISPATCHED,OPEN,Open,VALLEY RD,"RESIDENCE, HOME",23F,BURGLARY- MOTOR VEHICLE,NONE,Yes,I,INDIVIDUAL (18 AND OVER),F,W,Non-Hispanic,,2026-09-17 07:10:00,2026-09-17 08:11:00,36.12999999970263,-86.84000000010889
20260562216_11,20260562216,DISPATCHED,OPEN,Open,VALLEY RD,"RESIDENCE, HOME",23F,BURGLARY- MOTOR VEHICLE,NONE,No,I,INDIVIDUAL (18 AND OVER),M,W,Non-Hispanic,,2026-09-17 07:10:00,2026-09-17 08:11:00,36.12999999970263,-86.84000000010889
20260562185_11,20260562185,DISPATCHED,OPEN,Open,LENORE ST,APARTMENT,13A,INTENTIONAL AGGRAVATED ASSAULT,HANDGUN,No,I,INDIVIDUAL (18 AND OVER),F,B,Non-Hispanic,,2026-09-17 06:00:00,2026-09-17 08:07:00,36.159999999962295,-86.75999999978066
20260562185_12,20260562185,DISPATCHED,OPEN,Open,LENORE ST,APARTMENT,13A,INTENTIONAL AGGRAVATED ASSAULT,HANDGUN,No,I,INDIVIDUAL (18 AND OVER),M,B,Non-Hispanic,,2026-09-17 06:00:00,2026-09-17 08:07:00,36.159999999962295,-86.75999999978066
20260562185_13,20260562185,DISPATCHED,OPEN,Open,LENORE ST,APARTMENT,13A,INTENTIONAL AGGRAVATED ASSAULT,HANDGUN,No,I,INDIVIDUAL (18 AND OVER),F,B,Non-Hispanic,,2026-09-17 06:00:00,2026-09-17 08:07:00,36.159999999962295,-86.75999999978066
20260562185_14,20260562185,DISPATCHED,OPEN,Open,LENORE ST,APARTMENT,13A,INTENTIONAL AGGRAVATED ASSAULT,HANDGUN,No,I,INDIVIDUAL (18 AND OVER),F,B,Non-Hispanic,,2026-09-17 06:00:00,2026-09-17 08:07:00,36.159999999962295,-86.75999999978066
20260562185_21,20260562185,DISPATCHED,OPEN,Open,LENORE ST,APARTMENT,290,DAMAGE PROP - PRIVATE,HANDGUN,No,I,INDIVIDUAL (18 AND OVER),F,B,Non-Hispanic,,2026-09-17 06:00:00,2026-09-17 08:07:00,36.159999999962295,-86.75999999978066
20260562185_35,20260562185,DISPATCHED,OPEN,Open,LENORE ST,APARTMENT,520,"WEAPON OFFENSE, CRIMINAL ATTEMPT",HANDGUN,No,S,SOCIETY,,,,,2026-09-17 06:00:00,2026-09-17 08:07:00,36.159999999962295,-86.75999999978066
20260562115_11,20260562115,DISPATCHED,CLEARED BY ARREST,Closed,615 615,"GROCERY, SUPERMARKET",290,"Vandalism- $250,000 or more",NONE,No,B,BUSINESS,,,,37206,2026-09-17 05:15:00,2026-09-17 08:03:00,36.183000000200536,-86.74899999976923
20260562115_12,20260562115,DISPATCHED,CLEARED BY ARREST,Closed,615 615,"GROCERY, SUPERMARKET",290,"Vandalism- $250,000 or more",NONE,No,B,BUSINESS,,,,37206,2026-09-17 05:15:00,2026-09-17 08:03:00,36.183000000200536,-86.74899999976923
20260562164_11,20260562164,DISPATCHED,UNFOUNDED,Closed,623 623,APARTMENT,740,POLICE INQUIRY,NONE,Yes,I,INDIVIDUAL (18 AND OVER),F,B,Non-Hispanic,37206,2026-09-17 06:00:00,2026-09-17 07:58:00,36.16800000017144,-86.75899999969798
20260562230_11,20260562230,DISPATCHED,OPEN,Open,HIGHWAY 70,"SERVICE, GAS STATION",23C,"THEFT OF MERCHANDISE- $1,000 OR LESS",NONE,No,B,BUSINESS,,,,,2026-09-17 07:20:00,2026-09-17 07:57:00,36.0800000001956,-86.95000000022335
20260562207_11,20260562207,DISPATCHED,OPEN,Open,BROADWAY,"BAR, NIGHT CLUB",13B,SIMPLE ASSLT,NONE,No,I,INDIVIDUAL (18 AND OVER),M,W,Non-Hispanic,,2026-09-17 06:45:00,2026-09-17 07:52:00,36.159999999962295,-86.77999999963816
20260562201_11,20260562201,DISPATCHED,CLEARED BY ARREST,Closed,2400 2400,APARTMENT,13B,SIMPLE ASSLT - STRANGULATION (NO LOSS OF CONSCIOUSNESS),PERSONAL (HANDS),Yes,I,INDIVIDUAL (18 AND OVER),F,B,Non-Hispanic,37218,2026-09-07 05:00:00,2026-09-17 07:46:00,36.20000000001247,-86.82499999976665
20260562192_11,20260562192,DISPATCHED,UNFOUNDED,Closed,506 506,APARTMENT,740,POLICE INQUIRY,NONE,No,I,INDIVIDUAL (18 AND OVER),F,W,Non-Hispanic,37211,2026-09-17 06:40:00,2026-09-17 07:35:00,36.03500000007072,-86.72799999982904
20260562148_11,20260562148,DISPATCHED,UNFOUNDED,Closed,6 6,"RESIDENCE, HOME",740,POLICE INQUIRY,NONE,Yes,I,INDIVIDUAL (18 AND OVER),F,B,Non-Hispanic,37210,2026-09-17 02:54:00,2026-09-17 07:32:00,36.14699999988796,-86.76199999994608
20260562059_11,20260562059,DISPATCHED,OPEN,Open,CHARLOTTE AVE,APARTMENT,290,DAMAGE PROP - PRIVATE,HANDGUN,No,I,INDIVIDUAL (18 AND OVER),F,B,Non-Hispanic,,2026-09-17 03:00:00,2026-09-17 06:31:00,36.159999999962295,-86.81000000032267
20260562059_13,20260562059,DISPATCHED,OPEN,Open,CHARLOTTE AVE,APARTMENT,290,DAMAGE PROP - PRIVATE,HANDGUN,No,B,BUSINESS,,,,,2026-09-17 03:00:00,2026-09-17 06:31:00,36.159999999962295,-86.81000000032267
20260562059_22,20260562059,DISPATCHED,OPEN,Open,CHARLOTTE AVE,APARTMENT,520,"WEAPON OFFENSE, CRIMINAL ATTEMPT",HANDGUN,No,S,SOCIETY,,,,,2026-09-17 03:00:00,2026-09-17 06:31:00,36.159999999962295,-86.81000000032267
20260562059_31,20260562059,DISPATCHED,OPEN,Open,CHARLOTTE AVE,APARTMENT,13A,INTENTIONAL AGGRAVATED ASSAULT,HANDGUN,No,I,INDIVIDUAL (18 AND OVER),F,B,Non-Hispanic,,2026-09-17 03:00:00,2026-09-17 06:31:00,36.159999999962295,-86.81000000032267
20260561837_11,20260561837,DISPATCHED,UNFOUNDED,Closed,506 506,"RESIDENCE, HOME",740,TRANSPORT,NONE,No,I,INDIVIDUAL (18 AND OVER),M,B,Non-Hispanic,37115,2026-09-17 02:18:00,2026-09-17 06:10:00,,
20260562116_11,20260562116,DISPATCHED,OPEN,Open,TARGET,"PARKING LOT, GARAGE",240,VEHICLE THEFT,NONE,No,I,INDIVIDUAL (18 AND OVER),M,B,Non-Hispanic,,2026-09-14 05:00:00,2026-09-17 06:07:00,36.0399999997254,-86.65999999959497
20260562079_11,20260562079,DISPATCHED,OPEN,Open,CREATIVE,APARTMENT,13C,ASSAULT- FEAR OF BODILY INJURY,,No,I,INDIVIDUAL (18 AND OVER),M,W,Non-Hispanic,,2026-09-17 04:01:00,2026-09-17 05:59:00,36.23999999981472,-86.7399999999232
20260561821_11,20260561821,DISPATCHED,UNFOUNDED,Closed,808 808,APARTMENT,740,TRANSPORT,NONE,No,I,INDIVIDUAL (18 AND OVER),F,B,Non-Hispanic,37115,2026-09-17 01:41:00,2026-09-17 05:56:00,36.248999999911504,-86.74799999968653
20260562078_11,20260562078,DISPATCHED,OPEN,Open,S 7TH ST,APARTMENT,13C,"HARASSMENT- CAUSE EMOTIONAL DISTRESS, INTIMIDATE, FRIGHTEN",NONE,Yes,I,INDIVIDUAL (18 AND OVER),M,B,Non-Hispanic,,2026-09-16 20:00:00,2026-09-17 05:49:00,36.16999999991994,-86.75999999978066
20260562106_11,20260562106,DISPATCHED,OPEN,Open,DUE WEST,APARTMENT,220,BURGLARY- AGGRAVATED,NONE,No,I,INDIVIDUAL (18 AND OVER),F,W,Non-Hispanic,,2026-09-17 03:00:00,2026-09-17 05:46:00,36.25000000002025,-86.7399999999232
20260561975_12,20260561975,DISPATCHED,OPEN,Open,21ST,"RESIDENCE, HOME",520,"WEAPON OFFENSE, CRIMINAL ATTEMPT",HANDGUN,No,S,SOCIETY,,,,,2026-09-17 01:35:00,2026-09-17 05:46:00,36.16999999991994,-86.81000000032267
20260561975_21,20260561975,DISPATCHED,OPEN,Open,21ST,"RESIDENCE, HOME",13A,INTENTIONAL AGGRAVATED ASSAULT,HANDGUN,Yes,I,INDIVIDUAL (18 AND OVER),F,B,Non-Hispanic,,2026-09-17 01:35:00,2026-09-17 05:46:00,36.16999999991994,-86.81000000032267
20260562093_11,20260562093,DISPATCHED,UNFOUNDED,Closed,625 625,"RESIDENCE, HOME",685,DEATH NATURAL,,No,I,INDIVIDUAL (18 AND OVER),F,B,Non-Hispanic,37204,2026-09-17 04:53:00,2026-09-17 05:40:00,36.13200000012403,-86.77099999979211
20260562063_11,20260562063,DISPATCHED,UNFOUNDED,Closed,2421 2421,"PARKING LOT, GARAGE",810,LOST PROPERTY,NONE,No,I,INDIVIDUAL (18 AND OVER),M,W,Non-Hispanic,37204,2026-09-17 04:00:00,2026-09-17 04:56:00,36.110999999786046,-86.76700000035962
20260562031_11,20260562031,DISPATCHED,OPEN,Open,CLIFF DR,APARTMENT,220,BURGLARY- AGGRAVATED,NONE,No,I,INDIVIDUAL (18 AND OVER),F,B,Non-Hispanic,,2026-07-01 05:01:00,2026-09-17 04:49:00,36.20000000001247,-86.83000000018018
20260562031_21,20260562031,DISPATCHED,OPEN,Open,CLIFF DR,APARTMENT,290,DAMAGE PROP - PRIVATE,NONE,No,I,INDIVIDUAL (18 AND OVER),F,B,Non-Hispanic,,2026-07-01 05:01:00,2026-09-17 04:49:00,36.20000000001247,-86.83000000018018
20260561944_11,20260561944,DISPATCHED,UNFOUNDED,Closed,145 145,APARTMENT,740,POLICE INQUIRY,NONE,Yes,I,INDIVIDUAL (18 AND OVER),F,B,Non-Hispanic,37207,2026-09-17 01:40:00,2026-09-17 04:45:00,36.2140000003117,-86.7640000001115
20260561843_11,20260561843,DISPATCHED,UNFOUNDED,Closed,MM 52 6 I24 E1 & ,"HIGHWAY, ROAD, ALLEY",715,FOUND PROPERTY,NONE,No,I,INDIVIDUAL (18 AND OVER),M,B,Non-Hispanic,37210,2026-09-17 02:24:00,2026-09-17 04:37:00,36.12499999988536,-86.72799999982904
20260561859_11,20260561859,DISPATCHED,CLEARED BY ARREST,Closed,1380 1380,"RESIDENCE, HOME",13C,ASSAULT- FEAR OF BODILY INJURY,,Yes,I,INDIVIDUAL (18 AND OVER),F,B,Non-Hispanic,37013,2026-09-17 01:00:00,2026-09-17 04:28:00,36.05200000017039,-86.60300000027065
20260561921_11,20260561921,DISPATCHED,OPEN,Open,BELCOURT AVE,SPECIALTY STORE,23D,LARC - FROM BLDG,NONE,No,I,INDIVIDUAL (18 AND OVER),F,U,Unknown,,2026-09-17 01:00:00,2026-09-17 04:09:00,36.13999999994927,-86.80000000039394
20260561899_11,20260561899,DISPATCHED,UNFOUNDED,Closed,365 365,APARTMENT,740,POLICE INQUIRY,NONE,Yes,I,INDIVIDUAL (18 AND OVER),F,B,Non-Hispanic,37115,2026-09-17 01:58:00,2026-09-17 04:08:00,36.27100000015447,-86.68399999978328
20260561775_11,20260561775,DISPATCHED,OPEN,Open,SMITH SPRINGS RD,APARTMENT,13A,INTENTIONAL AGGRAVATED ASSAULT,LETHAL/CUTTING INSTRUMENT,No,I,INDIVIDUAL (18 AND OVER),F,B,Non-Hispanic,,2026-09-17 01:10:00,2026-09-17 04:04:00,36.09000000018983,-86.60000000002253
20260561979_11,20260561979,DISPATCHED,UNFOUNDED,Closed,2945 2945,APARTMENT,740,POLICE INQUIRY,NONE,Yes,I,INDIVIDUAL (18 AND OVER),M,B,Non-Hispanic,37207,2026-09-17 02:00:00,2026-09-17 04:02:00,36.22599999991484,-86.78199999980357
20260561956_11,20260561956,DISPATCHED,OPEN,Open,SUNNYWOOD DR,"RESIDENCE, HOME",220,BURGLARY,Unarmed,No,I,INDIVIDUAL (18 AND OVER),M,W,Non-Hispanic,,2026-09-08 18:44:00,2026-09-17 03:55:00,36.0200000001374,-86.70000000020825
20260561854_11,20260561854,DISPATCHED,UNFOUNDED,Closed,727 727,APARTMENT,740,POLICE INQUIRY,NONE,Yes,I,INDIVIDUAL (18 AND OVER),M,B,Non-Hispanic,37013,2026-09-17 01:53:00,2026-09-17 03:53:00,36.05500000025484,-86.6429999999856
20260561660_11,20260561660,DISPATCHED,OPEN,Open,LEBANON,"RESIDENCE, HOME",13B,SIMPLE ASSLT,PERSONAL (HANDS),Yes,I,INDIVIDUAL (18 AND OVER),F,W,Non-Hispanic,,2026-09-16 23:00:00,2026-09-17 03:50:00,36.16999999991994,-86.69000000027951
20260561659_11,20260561659,DISPATCHED,UNFOUNDED,Closed,730 730,"RESIDENCE, HOME",740,POLICE INQUIRY,NONE,No,I,INDIVIDUAL (18 AND OVER),F,B,Non-Hispanic,37217,2026-09-16 20:20:00,2026-09-17 03:46:00,36.0840000002342,-86.6140000002821
20260561865_11,20260561865,DISPATCHED,OPEN,Open,FAIRFAX AVE,"RESIDENCE, HOME",13B,ASSAULT- OFFENSIVE OR PROVOCATIVE CONTACT,PERSONAL (HANDS),Yes,I,INDIVIDUAL (18 AND OVER),F,W,Hispanic,,2026-09-17 02:00:00,2026-09-17 03:45:00,36.12999999970263,-86.80000000039394
20260561849_11,20260561849,DISPATCHED,OPEN,Open,CHARLES E DAVIS BLVD,"RESIDENCE, HOME",13C,ASSAULT- FEAR OF BODILY INJURY,,Yes,I,INDIVIDUAL (18 AND OVER),F,B,Non-Hispanic,,2026-09-17 01:15:00,2026-09-17 03:43:00,36.15000000024567,-86.75999999978066
20260561834_11,20260561834,DISPATCHED,OPEN,Open,BUNTINGWAY DR,"RESIDENCE, HOME",740,POLICE INQUIRY,NONE,Yes,I,INDIVIDUAL (18 AND OVER),F,W,Non-Hispanic,,2026-09-16 18:42:00,2026-09-17 03:42:00,36.159999999962295,-86.57000000023632
20260561853_11,20260561853,DISPATCHED,UNFOUNDED,Closed,206 206,APARTMENT,740,POLICE INQUIRY,NONE,Yes,I,INDIVIDUAL (18 AND OVER),F,B,Non-Hispanic,37209,2026-09-17 01:50:00,2026-09-17 03:33:00,36.14699999988796,-86.83100000026286
20260561595_11,20260561595,DISPATCHED,UNFOUNDED,Closed,239 239,"RESIDENCE, HOME",740,TRANSPORT,NONE,No,I,INDIVIDUAL (18 AND OVER),F,U,Non-Hispanic,37115,2026-09-16 23:33:00,2026-09-17 03:28:00,,
20260561851_11,20260561851,DISPATCHED,OPEN,Open,BUENA VISTA PIKE,"RESIDENCE, HOME",13B,SIMPLE ASSLT,PERSONAL (HANDS),No,I,INDIVIDUAL (18 AND OVER),F,B,Unknown,,2026-09-17 01:00:00,2026-09-17 03:16:00,36.23999999981472,-86.83000000018018
20260561551_11,20260561551,DISPATCHED,OPEN,Open,MONROE ST,"GROCERY, SUPERMARKET",23D,LARC - FROM BLDG,NONE,No,I,INDIVIDUAL (18 AND OVER),M,B,Non-Hispanic,,2026-09-16 18:50:00,2026-09-17 03:15:00,36.18000000021363,-86.7899999995669
20260561885_11,20260561885,DISPATCHED,OPEN,Open,GALLATIN AVE,SPECIALTY STORE,23C,SHOPLIFTING,NONE,No,B,BUSINESS,,,,,2026-09-16 22:18:00,2026-09-17 03:04:00,36.18000000021363,-86.74999999985195
20260561447_11,20260561447,DISPATCHED,UNFOUNDED,Closed,3110 3110,"RESIDENCE, HOME",740,POLICE INQUIRY,CLUB,No,I,INDIVIDUAL (18 AND OVER),F,W,Non-Hispanic,37214,2026-09-16 01:15:00,2026-09-17 03:01:00,36.1420000001408,-86.64099999982021
20260561358_11,20260561358,DISPATCHED,OPEN,Open,RICHARDS RD,"RESIDENCE, HOME",290,DAMAGE PROP - PRIVATE,PERSONAL (HANDS),No,I,INDIVIDUAL (18 AND OVER),F,B,Non-Hispanic,,2026-09-16 21:00:00,2026-09-17 03:00:00,36.06999999966938,-86.67000000042204
20260561820_11,20260561820,DISPATCHED,OPEN,Open,MILL TREE,"RESIDENCE, HOME",13C,ASSAULT- FEAR OF BODILY INJURY,,No,I,INDIVIDUAL (18 AND OVER),M,W,Non-Hispanic,,2026-09-16 22:00:00,2026-09-17 02:51:00,36.0800000001956,-86.99999999986703
20260561820_12,20260561820,DISPATCHED,OPEN,Open,MILL TREE,"RESIDENCE, HOME",13C,ASSAULT- FEAR OF BODILY INJURY,,No,I,INDIVIDUAL (18 AND OVER),F,W,Hispanic,,2026-09-16 22:00:00,2026-09-17 02:51:00,36.0800000001956,-86.99999999986703
20260561835_11,20260561835,DISPATCHED,UNFOUNDED,Closed,700 700,CONVENIENCE STORE,740,POLICE INQUIRY,,No,B,BUSINESS,,,,37210,2026-09-17 02:47:00,2026-09-17 02:47:00,36.1539999996859,-86.77099999979211
20260561577_11,20260561577,DISPATCHED,UNFOUNDED,Closed,3129 3129,"RESIDENCE, HOME",90F,FAMILY OFFENSE,NONE,Yes,I,INDIVIDUAL (18 AND OVER),F,B,Non-Hispanic,37207,2026-09-15 22:00:00,2026-09-17 02:44:00,36.23500000031618,-86.7909999996496
20260561577_12,20260561577,DISPATCHED,UNFOUNDED,Closed,3129 3129,"RESIDENCE, HOME",90F,FAMILY OFFENSE,NONE,No,S,SOCIETY,,,,37207,2026-09-15 22:00:00,2026-09-17 02:44:00,36.23500000031618,-86.7909999996496
20260561838_11,20260561838,DISPATCHED,OPEN,Open,FAIRFIELD AVE,CONVENIENCE STORE,26B,"CREDIT CARD, FRAUDULENT USE - $1,000 OR LESS",,No,B,BUSINESS,,,,,2026-09-15 00:00:00,2026-09-17 02:36:00,36.15000000024567,-86.75999999978066
20260561850_11,20260561850,DISPATCHED,UNFOUNDED,Closed,207 207,"RESIDENCE, HOME",740,POLICE INQUIRY,NONE,Yes,I,INDIVIDUAL (18 AND OVER),F,W,Hispanic,37138,2026-09-17 00:45:00,2026-09-17 02:34:00,36.24600000032312,-86.63799999957207
20260561674_11,20260561674,DISPATCHED,UNFOUNDED,Closed,675 675,"RESIDENCE, HOME",740,TRANSPORT,NONE,No,I,INDIVIDUAL (18 AND OVER),M,W,Non-Hispanic,37189,2026-09-17 00:15:00,2026-09-17 02:18:00,36.24400000013209,-86.79499999998043
20260561744_11,20260561744,DISPATCHED,UNFOUNDED,Closed,5028 5028,"RESIDENCE, HOME",740,POLICE INQUIRY,,Yes,I,INDIVIDUAL (18 AND OVER),F,W,Non-Hispanic,37076,2026-09-09 05:00:00,2026-09-17 02:17:00,36.17200000011699,-86.62300000012813
20260561698_11,20260561698,DISPATCHED,OPEN,Open,DICKERSON,School-College/University,13C,ASSAULT- FEAR OF BODILY INJURY,,No,I,INDIVIDUAL (18 AND OVER),F,B,Non-Hispanic,,2026-09-16 22:34:00,2026-09-17 01:59:00,36.209999999706326,-86.75999999978066
20260561696_11,20260561696,DISPATCHED,OPEN,Open,BELL,"DEPARTMENT, DISCOUNT STORE",13B,ASSAULT- OFFENSIVE OR PROVOCATIVE CONTACT,PERSONAL (HANDS),No,I,INDIVIDUAL (18 AND OVER),M,W,Hispanic,,2026-09-17 00:29:00,2026-09-17 01:58:00,36.0399999997254,-86.69000000027951
20260561704_11,20260561704,DISPATCHED,UNFOUNDED,Closed,5028 5028,"RESIDENCE, HOME",740,POLICE INQUIRY,,Yes,I,INDIVIDUAL (18 AND OVER),F,W,Non-Hispanic,37076,2026-09-15 17:00:00,2026-09-17 01:51:00,36.17200000011699,-86.62300000012813
20260561701_11,20260561701,DISPATCHED,UNFOUNDED,Closed,185 185,APARTMENT,740,TRANSPORT,NONE,No,I,INDIVIDUAL (18 AND OVER),F,B,Non-Hispanic,37207,2026-09-16 23:31:00,2026-09-17 01:49:00,36.2140000003117,-86.76300000002878
20260561707_11,20260561707,DISPATCHED,UNFOUNDED,Closed,504 504,APARTMENT,740,POLICE INQUIRY,NONE,Yes,I,INDIVIDUAL (18 AND OVER),F,B,Non-Hispanic,37211,2026-09-16 21:43:00,2026-09-17 01:45:00,36.04500000005651,-86.72000000006571
20260561616_11,20260561616,DISPATCHED,UNFOUNDED,Closed,3111 3111,"HIGHWAY, ROAD, ALLEY",740,POLICE INQUIRY,NONE,Yes,I,INDIVIDUAL (18 AND OVER),M,B,Non-Hispanic,37203,2026-09-16 22:28:00,2026-09-17 01:41:00,36.145999999900255,-86.81800000008602
20260561453_11,20260561453,SUSPECT,UNFOUNDED,Closed,5021 5021,"RESIDENCE, HOME",740,POLICE INQUIRY,,Yes,I,INDIVIDUAL (18 AND OVER),F,W,Non-Hispanic,37211,2026-09-13 20:00:00,2026-09-17 01:23:00,36.07099999979706,-86.73599999959238
20260561688_13,20260561688,DISPATCHED,OPEN,Open,EZELL PIKE,"PARKING LOT, GARAGE",13B,SIMPLE ASSLT,PERSONAL (HANDS),No,I,INDIVIDUAL (18 AND OVER),M,W,Hispanic,,2026-09-16 23:50:00,2026-09-17 01:18:00,36.0800000001956,-86.69000000027951
20260561688_21,20260561688,DISPATCHED,OPEN,Open,EZELL PIKE,"PARKING LOT, GARAGE",26A,"THEFT OF SERVICES- $1,000 OR > BUT < $10,000",NONE,No,B,BUSINESS,,,,,2026-09-16 23:50:00,2026-09-17 01:18:00,36.0800000001956,-86.69000000027951
20260561688_32,20260561688,DISPATCHED,OPEN,Open,EZELL PIKE,"PARKING LOT, GARAGE",13C,ASSAULT- FEAR OF BODILY INJURY,,No,I,INDIVIDUAL (18 AND OVER),M,W,Hispanic,,2026-09-16 23:50:00,2026-09-17 01:18:00,36.0800000001956,-86.69000000027951
20260561572_11,20260561572,DISPATCHED,OPEN,Open,ANTIOCH PIKE,"RESIDENCE, HOME",23H,THEFT OF PROPERTY- $500 OR LESS,NONE,No,I,INDIVIDUAL (18 AND OVER),M,W,Hispanic,,2026-09-16 19:20:00,2026-09-17 01:13:00,36.0800000001956,-86.68000000035076
20260561599_11,20260561599,DISPATCHED,UNFOUNDED,Closed,4345 4345,"HIGHWAY, ROAD, ALLEY",715,FOUND PROPERTY,NONE,No,U,UNKNOWN,U,U,Unknown,37013,2026-09-16 14:00:00,2026-09-17 01:08:00,36.06999999966938,-86.58799999992839
20260561569_11,20260561569,SUSPECT,OPEN,Open,ZERMATT,Abandoned/Condemned Structure,780,"RECOVERY, STOLEN PROPERTY",NONE,No,I,INDIVIDUAL (18 AND OVER),M,W,Hispanic,,2026-09-16 23:19:00,2026-09-17 01:03:00,36.0399999997254,-86.72000000006571
20260561697_11,20260561697,DISPATCHED,OPEN,Open,SHELBY AVE,"HIGHWAY, ROAD, ALLEY",13B,ASSAULT- OFFENSIVE OR PROVOCATIVE CONTACT,PERSONAL (HANDS),No,I,INDIVIDUAL (18 AND OVER),M,W,Non-Hispanic,,2026-09-17 00:21:00,2026-09-17 00:54:00,36.159999999962295,-86.76999999970943
20260561671_11,20260561671,DISPATCHED,OPEN,Open,KAEDEN POINTE CT,"HIGHWAY, ROAD, ALLEY",240,VEHICLE THEFT,NONE,No,I,INDIVIDUAL (18 AND OVER),M,W,Non-Hispanic,,2026-09-16 06:00:00,2026-09-17 00:46:00,36.06999999966938,-86.62999999980876
20260561612_11,20260561612,DISPATCHED,UNFOUNDED,Closed,985 985,APARTMENT,740,POLICE INQUIRY,NONE,Yes,I,INDIVIDUAL (18 AND OVER),F,W,Non-Hispanic,37217,2026-09-16 13:00:00,2026-09-17 00:36:00,36.128999999969736,-86.71499999965219
20260561542_11,20260561542,DISPATCHED,UNFOUNDED,Closed,206 206,APARTMENT,740,POLICE INQUIRY,NONE,Yes,I,INDIVIDUAL (18 AND OVER),F,B,Non-Hispanic,37209,2026-09-16 19:00:00,2026-09-17 00:33:00,36.14699999988796,-86.83100000026286
20260561553_11,20260561553,DISPATCHED,UNFOUNDED,Closed,804 804,"RESIDENCE, HOME",740,POLICE INQUIRY,NONE,Yes,I,INDIVIDUAL (18 AND OVER),M,B,Non-Hispanic,37218,2026-09-16 23:00:00,2026-09-17 00:29:00,36.21599999967333,-86.81900000016873
20260561675_11,20260561675,,OPEN,Open,MILL TREE CT,"RESIDENCE, HOME",13C,ASSAULT- FEAR OF BODILY INJURY,,No,I,INDIVIDUAL (18 AND OVER),F,W,Hispanic,,2026-09-16 23:30:00,2026-09-17 00:29:00,,
20260561549_11,20260561549,DISPATCHED,UNFOUNDED,Closed,717 717,"HOTEL, MOTEL, ETC.",740,POLICE INQUIRY,NONE,No,I,INDIVIDUAL (18 AND OVER),M,W,Non-Hispanic,37217,2026-09-15 17:00:00,2026-09-17 00:29:00,36.13700000019328,-86.72400000039654
20260561564_11,20260561564,DISPATCHED,UNFOUNDED,Closed,5700 5700,APARTMENT,780,"RECOVERY, STOLEN PROPERTY",NONE,No,I,INDIVIDUAL (18 AND OVER),M,W,Hispanic,37013,2026-09-03 17:00:00,2026-09-17 00:18:00,36.03900000005749,-86.64600000023373
20260561232_11,20260561232,DISPATCHED,OPEN,Open,11TH AVE N,APARTMENT,695,UNKNOWN DEATH,,No,I,INDIVIDUAL (18 AND OVER),M,W,Non-Hispanic,,2026-09-16 19:55:00,2026-09-17 00:11:00,36.159999999962295,-86.7899999995669
20260561652_11,20260561652,DISPATCHED,UNFOUNDED,Closed,1286 1286,"SERVICE, GAS STATION",740,POLICE INQUIRY,NONE,No,I,INDIVIDUAL (18 AND OVER),F,B,Non-Hispanic,37217,2026-09-16 16:30:00,2026-09-17 00:09:00,36.11699999997279,-86.69800000004282
20260561596_11,20260561596,DISPATCHED,UNFOUNDED,Closed,3601 3601,Auto Dealership New/Used,740,POLICE INQUIRY,NONE,No,I,INDIVIDUAL (18 AND OVER),M,B,Non-Hispanic,37211,2026-09-16 23:53:00,2026-09-16 23:53:00,36.098000000018985,-86.73899999984049
20260561462_11,20260561462,DISPATCHED,UNFOUNDED,Closed,2790 2790,"RESIDENCE, HOME",740,POLICE INQUIRY,NONE,Yes,I,INDIVIDUAL (18 AND OVER),F,W,Hispanic,37217,2026-09-16 23:49:00,2026-09-16 23:49:00,36.08599999980248,-86.62400000021083
20260561480_11,20260561480,DISPATCHED,OPEN,Open,DELLWAY VILLA RD,APARTMENT,13B,SIMPLE ASSLT,PERSONAL (HANDS),Yes,I,INDIVIDUAL (18 AND OVER),F,B,Non-Hispanic,,2026-09-16 22:30:00,2026-09-16 23:44:00,36.209999999706326,-86.75999999978066
20260561356_12,20260561356,DISPATCHED,UNFOUNDED,Closed,3500 3500,SPECIALTY STORE,90F,FAMILY OFFENSE,,No,S,SOCIETY,,,,37216,2026-09-15 15:20:00,2026-09-16 23:40:00,36.21100000000074,-86.73300000024258
20260561359_11,20260561359,DISPATCHED,UNFOUNDED,Closed,1211 1211,"PARKING LOT, GARAGE",740,POLICE INQUIRY,,No,I,INDIVIDUAL (18 AND OVER),M,B,Non-Hispanic,37207,2026-09-03 23:37:00,2026-09-16 23:37:00,36.19600000009902,-86.77600000020564
20260561552_11,20260561552,,OPEN,Open,MONTGOMERY AVE,"PARKING LOT, GARAGE",23F,BURGLARY- MOTOR VEHICLE,NONE,No,I,INDIVIDUAL (18 AND OVER),M,W,Hispanic,,2026-09-16 21:00:00,2026-09-16 23:34:00,36.19000000021294,-86.75999999978066
20260561267_11,20260561267,DISPATCHED,OPEN,Open,CHARLOTTE PIKE,"RESIDENCE, HOME",13B,SIMPLE ASSLT,PERSONAL (HANDS),Yes,I,INDIVIDUAL (18 AND OVER),F,B,Non-Hispanic,,2026-09-16 18:40:00,2026-09-16 23:26:00,36.12000000013524,-86.9099999996101
20260561363_11,20260561363,DISPATCHED,UNFOUNDED,Closed,2760 2760,APARTMENT,740,POLICE INQUIRY,NONE,Yes,I,INDIVIDUAL (18 AND OVER),M,W,Hispanic,37013,2026-09-16 17:00:00,2026-09-16 23:26:00,36.06899999989852,-86.63300000005688
20260561296_11,20260561296,DISPATCHED,CLEARED BY ARREST,Closed,1220 1220,School-Elementary/Secondary,13B,SIMPLE ASSLT,PERSONAL (HANDS),No,I,INDIVIDUAL (18 AND OVER),M,B,Non-Hispanic,37203,2026-09-16 18:30:00,2026-09-16 23:25:00,36.13999999994927,-86.77700000028835
20260561545_11,20260561545,DISPATCHED,UNFOUNDED,Closed,5040 5040,APARTMENT,740,POLICE INQUIRY,NONE,No,I,INDIVIDUAL (18 AND OVER),M,B,Non-Hispanic,37211,2026-09-16 11:10:00,2026-09-16 23:19:00,36.08100000022568,-86.70100000029095
20260561500_11,20260561500,SUSPECT,OPEN,Open,DOUGLAS AVE,"RESIDENCE, HOME",26A,FRAUD - SWINDLE,NONE,No,I,INDIVIDUAL (18 AND OVER),F,W,Non-Hispanic,,2026-09-10 17:00:00,2026-09-16 23:10:00,36.19000000021294,-86.75999999978066
20260561302_11,20260561302,DISPATCHED,UNFOUNDED,Closed,1203 1203,"RESIDENCE, HOME",90F,FAMILY OFFENSE,,Yes,I,INDIVIDUAL (18 AND OVER),F,W,Non-Hispanic,37216,2026-09-16 20:18:00,2026-09-16 23:02:00,36.207999999922265,-86.72899999991176
20260561302_13,20260561302,DISPATCHED,UNFOUNDED,Closed,1203 1203,"RESIDENCE, HOME",90F,FAMILY OFFENSE,,No,S,SOCIETY,,,,37216,2026-09-16 20:18:00,2026-09-16 23:02:00,36.207999999922265,-86.72899999991176
20260561338_11,20260561338,DISPATCHED,OPEN,Open,SLAYTON CT,"RESIDENCE, HOME",13B,SIMPLE ASSLT,PERSONAL (HANDS),Yes,I,INDIVIDUAL (18 AND OVER),M,W,Hispanic,,2026-09-16 21:03:00,2026-09-16 23:00:00,36.29000000028829,-86.72000000006571
20260561338_12,20260561338,DISPATCHED,OPEN,Open,SLAYTON CT,"RESIDENCE, HOME",13B,SIMPLE ASSLT,PERSONAL (HANDS),Yes,I,INDIVIDUAL (18 AND OVER),F,W,Hispanic,,2026-09-16 21:03:00,2026-09-16 23:00:00,36.29000000028829,-86.72000000006571
20260561510_11,20260561510,,OPEN,Open,REP JOHN LEWIS,"PARKING LOT, GARAGE",23F,BURGLARY- MOTOR VEHICLE,NONE,No,I,INDIVIDUAL (18 AND OVER),M,W,Non-Hispanic,,2026-09-16 13:40:00,2026-09-16 22:59:00,36.159999999962295,-86.77999999963816
20260561459_11,20260561459,DISPATCHED,UNFOUNDED,Closed,1505 1505,"RESIDENCE, HOME",90F,FAMILY OFFENSE,NONE,No,S,SOCIETY,,,,37076,2026-09-16 21:00:00,2026-09-16 22:59:00,,
20260561445_11,20260561445,DISPATCHED,UNFOUNDED,Closed,3711 3711,APARTMENT,740,POLICE INQUIRY,NONE,No,I,INDIVIDUAL (18 AND OVER),F,B,Non-Hispanic,37207,2026-09-16 21:53:00,2026-09-16 22:57:00,36.26099999970658,-86.75700000043086
20260549476_11,20260549476,DISPATCHED,CLEARED BY ARREST,Closed,5610 5610,"PARKING LOT, GARAGE",240,VEHICLE THEFT,NONE,No,I,INDIVIDUAL (18 AND OVER),M,W,Hispanic,37076,2026-09-10 22:55:00,2026-09-16 22:55:00,36.17599999966112,-86.60300000027065
20260561507_11,20260561507,,OPEN,Open,8TH,"GROCERY, SUPERMARKET",23C,SHOPLIFTING,NONE,No,B,BUSINESS,,,,,2026-09-16 14:30:00,2026-09-16 22:54:00,36.12999999970263,-86.77999999963816
20260561396_11,20260561396,DISPATCHED,OPEN,Open,HARDING PL,CONVENIENCE STORE,23C,"THEFT OF MERCHANDISE- $1,000 OR LESS",NONE,No,B,BUSINESS,,,,,2026-09-16 18:46:00,2026-09-16 22:53:00,36.09000000018983,-86.70000000020825
20260561429_11,20260561429,SUSPECT,UNFOUNDED,Closed,200 200,APARTMENT,735,CIVIL CASE,,No,B,BUSINESS,,,,37203,2026-09-16 22:07:00,2026-09-16 22:42:00,36.159999999962295,-86.7880000002998
20260561449_11,20260561449,DISPATCHED,OPEN,Open,BURNING TREE DR,APARTMENT,23H,THEFT OF PROPERTY- $500 OR LESS,NONE,No,I,INDIVIDUAL (18 AND OVER),F,W,Non-Hispanic,,2026-09-16 18:00:00,2026-09-16 22:41:00,36.16999999991994,-86.60000000002253
20260561335_11,20260561335,DISPATCHED,UNFOUNDED,Closed,8157 8157,"RESIDENCE, HOME",740,POLICE INQUIRY,NONE,Yes,I,INDIVIDUAL (18 AND OVER),M,W,Non-Hispanic,37080,2026-09-16 20:10:00,2026-09-16 22:38:00,36.36900000008446,-86.8860000003201
20260561472_11,20260561472,DISPATCHED,OPEN,Open,CORELAND DR,"PARKING LOT, GARAGE",13C,ASSAULT- FEAR OF BODILY INJURY,,No,I,INDIVIDUAL (18 AND OVER),F,B,Non-Hispanic,,2026-09-16 21:37:00,2026-09-16 22:35:00,36.23999999981472,-86.72000000006571
20260561297_11,20260561297,DISPATCHED,UNFOUNDED,Closed,3004 3004,"RESIDENCE, HOME",740,POLICE INQUIRY,NONE,Yes,I,INDIVIDUAL (18 AND OVER),F,B,Non-Hispanic,37218,2026-09-16 19:00:00,2026-09-16 22:30:00,36.22899999968266,-86.82900000009747
20260561368_11,20260561368,DISPATCHED,CLEARED BY ARREST,Closed,6814 6814,"DEPARTMENT, DISCOUNT STORE",23C,SHOPLIFTING,NONE,No,B,BUSINESS,,,,37209,2026-09-16 20:41:00,2026-09-16 22:30:00,36.13399999963893,-86.88999999975259
20260561333_11,20260561333,DISPATCHED,OPEN,Open,E WEBSTER ST,APARTMENT,13C,ASSAULT- FEAR OF BODILY INJURY,,Yes,I,INDIVIDUAL (18 AND OVER),F,B,Non-Hispanic,,2026-09-16 09:14:00,2026-09-16 22:29:00,36.25000000002025,-86.71000000013699
20260561443_11,20260561443,,UNFOUNDED,Closed,2353 2353,Auto Dealership New/Used,810,LOST PROPERTY,NONE,No,B,BUSINESS,,,,37115,2026-09-16 15:00:00,2026-09-16 22:29:00,36.30899999992182,-86.68000000035076
20260561413_11,20260561413,DISPATCHED,UNFOUNDED,Closed,505 505,School-Elementary/Secondary,810,LOST PROPERTY,NONE,No,B,BUSINESS,,,,37013,2026-09-15 17:00:00,2026-09-16 22:14:00,,
20260560970_11,20260560970,DISPATCHED,OPEN,Open,GRANNY WHITE PIKE,"COMMERCIAL, OFFICE BUILDING",26A,FRAUD - SWINDLE,NONE,No,I,INDIVIDUAL (18 AND OVER),F,W,Non-Hispanic,,2026-09-16 17:06:00,2026-09-16 22:12:00,36.0800000001956,-86.81000000032267
20260561405_11,20260561405,,OPEN,Open,E THOMPSON LN,CONVENIENCE STORE,23C,SHOPLIFTING,NONE,No,B,BUSINESS,,,,,2026-09-16 18:30:00,2026-09-16 22:09:00,36.10999999969955,-86.72000000006571
20260561390_11,20260561390,,OPEN,Open,SADDLECREEK,"RESIDENCE, HOME",23D,LARC - FROM BLDG,NONE,No,I,INDIVIDUAL (18 AND OVER),M,B,Non-Hispanic,,2026-08-23 17:00:00,2026-09-16 22:01:00,36.0399999997254,-86.61999999988002
20260561230_11,20260561230,DISPATCHED,OPEN,Open,WOODLAND ST,"BAR, NIGHT CLUB",13A,INTENTIONAL AGGRAVATED ASSAULT,DRUGS,No,I,INDIVIDUAL (18 AND OVER),F,B,Non-Hispanic,,2026-09-15 05:30:00,2026-09-16 21:53:00,36.18000000021363,-86.74999999985195
20260561316_11,20260561316,DISPATCHED,OPEN,Open,ALABAMA AVE,"SERVICE, GAS STATION",13B,SIMPLE ASSLT,OTHER,No,I,INDIVIDUAL (18 AND OVER),M,B,Non-Hispanic,,2026-09-16 20:45:00,2026-09-16 21:52:00,36.15000000024567,-86.84000000010889
20260561379_11,20260561379,,UNFOUNDED,Closed,734 734,Auto Dealership New/Used,810,LOST PROPERTY,NONE,No,I,INDIVIDUAL (18 AND OVER),M,W,Non-Hispanic,37217,2026-07-13 16:00:00,2026-09-16 21:51:00,36.1420000001408,-86.70000000020825
20260561357_11,20260561357,DISPATCHED,UNFOUNDED,Closed,4301 4301,"RESIDENCE, HOME",715,FOUND PROPERTY,NONE,No,I,INDIVIDUAL (18 AND OVER),M,W,Unknown,37209,2026-09-16 21:00:00,2026-09-16 21:45:00,,
20260561343_11,20260561343,,OPEN,Open,E WEBSTER ST,"RESIDENCE, HOME",26E,FRAUD BY WIRE,NONE,No,I,INDIVIDUAL (18 AND OVER),F,B,Non-Hispanic,,2026-09-16 13:00:00,2026-09-16 21:42:00,36.25000000002025,-86.72000000006571
20260561373_11,20260561373,DISPATCHED,OPEN,Open,WHITNEY PARK DR,"RESIDENCE, HOME",26C,CRIMINAL IMPERSONATION,NONE,No,I,INDIVIDUAL (18 AND OVER),F,B,Non-Hispanic,,2026-09-16 17:26:00,2026-09-16 21:42:00,36.22000000011304,-86.74999999985195
20260561286_11,20260561286,SUSPECT,CLEARED BY ARREST,Closed,4060 4060,"HIGHWAY, ROAD, ALLEY",35A,MARIJUANA - POSSESS,NONE,No,S,SOCIETY,,,,37013,2026-09-16 20:30:00,2026-09-16 21:41:00,36.03299999980557,-86.64500000015101
20260561286_21,20260561286,SUSPECT,CLEARED BY ARREST,Closed,4060 4060,"HIGHWAY, ROAD, ALLEY",35B,DRUG PARAPHERNALIA- UNLAWFUL USE,NONE,No,S,SOCIETY,,,,37013,2026-09-16 20:30:00,2026-09-16 21:41:00,36.03299999980557,-86.64500000015101
20260561352_11,20260561352,DISPATCHED,OPEN,Open,HIGHWAY 70  S,"PARKING LOT, GARAGE",23G,LARC - PARTS FROM VEH,NONE,No,I,INDIVIDUAL (18 AND OVER),F,W,Non-Hispanic,,2026-09-16 19:59:00,2026-09-16 21:37:00,36.06999999966938,-86.92000000043713
20260561250_11,20260561250,DISPATCHED,UNFOUNDED,Closed,616 616,"PARKING LOT, GARAGE",780,"RECOVERY, STOLEN PROPERTY",NONE,No,I,INDIVIDUAL (18 AND OVER),M,U,Unknown,37214,2026-09-16 19:00:00,2026-09-16 21:36:00,36.145999999900255,-86.67000000042204
20260561351_11,20260561351,DISPATCHED,OPEN,Open,,"RESIDENCE, HOME",26A,FRAUD - SWINDLE,NONE,No,I,INDIVIDUAL (18 AND OVER),F,W,Non-Hispanic,,2026-09-16 20:46:00,2026-09-16 21:35:00,,
20260561319_11,20260561319,DISPATCHED,OPEN,Open,GLASTONBURY RD,APARTMENT,240,VEHICLE THEFT,Unarmed,No,I,INDIVIDUAL (18 AND OVER),M,W,Hispanic,,2026-09-12 19:45:00,2026-09-16 21:28:00,36.12999999970263,-86.70000000020825
20260561339_11,20260561339,DISPATCHED,OPEN,Open,CENTRAL PIKE,"PARKING LOT, GARAGE",23H,LARCENY - (FREE TEXT),NONE,No,B,BUSINESS,,,,,2026-09-13 21:27:00,2026-09-16 21:27:00,36.19000000021294,-86.62999999980876
20260561325_11,20260561325,DISPATCHED,UNFOUNDED,Closed,328 328,Pawn Shop,780,"RECOVERY, STOLEN PROPERTY",SHOTGUN,No,G,GOVERNMENT,,,,37115,2026-09-16 21:27:00,2026-09-16 21:27:00,,
20260561290_11,20260561290,DISPATCHED,OPEN,Open,GALLATIN PIKE,"OTHER, UNKNOWN",290,DAMAGE PROP - PRIVATE,OTHER,No,B,BUSINESS,,,,,2026-09-16 16:50:00,2026-09-16 21:27:00,36.209999999706326,-86.72999999999446
20260561271_11,20260561271,DISPATCHED,OPEN,Open,POST PL,"PARKING LOT, GARAGE",23H,"THEFT OF PROPERTY- $10,000 OR >  BUT  < $60,000",Unarmed,No,I,INDIVIDUAL (18 AND OVER),M,W,Hispanic,,2026-09-14 19:00:00,2026-09-16 21:18:00,36.12999999970263,-86.85000000003764
20260561315_11,20260561315,SUSPECT,OPEN,Open,4TH AVE S,"HIGHWAY, ROAD, ALLEY",35B,DRUG PARAPHERNALIA- UNLAWFUL USE,NONE,No,S,SOCIETY,,,,,2026-09-16 21:15:00,2026-09-16 21:15:00,36.159999999962295,-86.76999999970943
20260561201_11,20260561201,DISPATCHED,OPEN,Open,MONROE ST,"PARKING LOT, GARAGE",23G,LARC - PARTS FROM VEH,Unarmed,No,I,INDIVIDUAL (18 AND OVER),M,B,Non-Hispanic,,2026-09-10 20:30:00,2026-09-16 21:01:00,36.18000000021363,-86.7899999995669
20260561240_11,20260561240,,OPEN,Open,RIO VISTA,APARTMENT,220,BURGLARY- AGGRAVATED,NONE,No,I,INDIVIDUAL (18 AND OVER),F,B,Non-Hispanic,,2026-09-16 19:00:00,2026-09-16 21:00:00,36.27000000015372,-86.68000000035076
20260561312_11,20260561312,SUSPECT,OPEN,Open,I24  W,Industrial Site,90Z,DRAG RACING,NONE,No,S,SOCIETY,,,,,2026-09-05 17:00:00,2026-09-16 20:57:00,,
20260560829_11,20260560829,DISPATCHED,CLEARED BY ARREST,Closed,198 198,"PARKING LOT, GARAGE",90F,CRIMINAL CONTEMPT-VIOLATION OF ORDER OF PROTECTION,NONE,Yes,I,INDIVIDUAL (18 AND OVER),F,W,Hispanic,37211,2026-09-16 16:11:00,2026-09-16 20:50:00,36.06999999966938,-86.69399999971202
20260561274_11,20260561274,DISPATCHED,OPEN,Open,MURFREESBORO PIKE,"PARKING LOT, GARAGE",23F,BURGLARY- MOTOR VEHICLE,NONE,No,I,INDIVIDUAL (18 AND OVER),F,B,Non-Hispanic,,2026-08-17 22:30:00,2026-09-16 20:48:00,36.12999999970263,-86.72000000006571
20260561067_11,20260561067,DISPATCHED,OPEN,Open,CHURCH ST,SPECIALTY STORE,13B,ASSAULT- OFFENSIVE OR PROVOCATIVE CONTACT,PERSONAL (HANDS),No,I,INDIVIDUAL (18 AND OVER),F,W,Non-Hispanic,,2026-09-16 02:50:00,2026-09-16 20:46:00,36.159999999962295,-86.7899999995669
20260561279_11,20260561279,,OPEN,Open,CHARLOTTE,ATM Separate from Bank,26B,FRAUD -  ILLEG USE OF CREDIT CARDS,NONE,No,F,FINANCIAL INSTITUTION,,,,,2026-09-16 13:00:00,2026-09-16 20:45:00,36.15000000024567,-86.84000000010889
20260561257_11,20260561257,WITNESS,UNFOUNDED,Closed,1716 1716,Shelter-Mission/Homeless,810,LOST PROPERTY,NONE,No,I,INDIVIDUAL (18 AND OVER),F,W,Non-Hispanic,37208,2026-09-16 16:00:00,2026-09-16 20:43:00,36.18100000016468,-86.79600000006313
20260561291_11,20260561291,SUSPECT,UNFOUNDED,Closed,1638 1638,"PARKING LOT, GARAGE",740,POLICE INQUIRY,,Yes,I,INDIVIDUAL (18 AND OVER),F,W,Hispanic,37013,2026-09-09 21:00:00,2026-09-16 20:40:00,36.04500000005651,-86.70100000029095
20260561275_11,20260561275,WITNESS,UNFOUNDED,Closed,5101 5101,"HIGHWAY, ROAD, ALLEY",740,POLICE INQUIRY,,No,I,INDIVIDUAL (18 AND OVER),M,B,Non-Hispanic,37211,2026-09-05 20:36:00,2026-09-16 20:36:00,36.08899999993821,-86.68700000003139
20260561212_11,20260561212,,OPEN,Open,MT VIEW RD,SPECIALTY STORE,23D,LARC - FROM BLDG,NONE,No,I,INDIVIDUAL (18 AND OVER),F,B,Non-Hispanic,,2026-09-13 19:30:00,2026-09-16 20:34:00,36.05000000025906,-86.64999999966624
20260561238_11,20260561238,DISPATCHED,UNFOUNDED,Closed,417 417,"RESIDENCE, HOME",740,POLICE INQUIRY,,Yes,I,INDIVIDUAL (18 AND OVER),F,W,Non-Hispanic,37076,2026-09-16 19:57:00,2026-09-16 20:33:00,36.20199999980591,-86.59300000034192
20260561229_11,20260561229,WITNESS,UNFOUNDED,Closed,1716 1716,Shelter-Mission/Homeless,810,LOST PROPERTY,NONE,No,I,INDIVIDUAL (18 AND OVER),F,W,Non-Hispanic,37208,2026-09-10 20:00:00,2026-09-16 20:32:00,36.18100000016468,-86.79600000006313
20260561184_11,20260561184,DISPATCHED,UNFOUNDED,Closed,MEHARRY BLVD & CLIFTON AVE,"HIGHWAY, ROAD, ALLEY",715,FOUND PROPERTY,NONE,No,I,INDIVIDUAL (18 AND OVER),U,U,Unknown,37212,2026-09-15 18:00:00,2026-09-16 20:32:00,,
20260561118_11,20260561118,DISPATCHED,UNFOUNDED,Closed,2760 2760,"RESIDENCE, HOME",740,POLICE INQUIRY,NONE,No,I,INDIVIDUAL (18 AND OVER),F,B,Non-Hispanic,37013,2026-09-13 23:00:00,2026-09-16 20:22:00,36.06899999989852,-86.63300000005688
20260560974_11,20260560974,DISPATCHED,OPEN,Open,ANTIOCH PIKE,"RESIDENCE, HOME",13B,SIMPLE ASSLT - STRANGULATION (NO LOSS OF CONSCIOUSNESS),PERSONAL (HANDS),Yes,I,INDIVIDUAL (18 AND OVER),F,W,Non-Hispanic,,2026-05-24 13:07:00,2026-09-16 20:20:00,36.09000000018983,-86.69000000027951
20260561226_11,20260561226,DISPATCHED,OPEN,Open,DR MARTIN L KING JR,"AIR, BUS, TRAIN TERMINAL",23H,THEFT OF PROPERTY- $500 OR LESS,NONE,No,I,INDIVIDUAL (18 AND OVER),M,B,Non-Hispanic,,2026-09-12 17:00:00,2026-09-16 20:14:00,36.16999999991994,-86.77999999963816
20260561217_11,20260561217,DISPATCHED,OPEN,Open,EATHERLY DR,"PARKING LOT, GARAGE",23F,BURGLARY- MOTOR VEHICLE,NONE,No,I,INDIVIDUAL (18 AND OVER),M,W,Non-Hispanic,,2026-09-15 19:15:00,2026-09-16 20:09:00,36.05999999996536,-86.75999999978066
20260560922_11,20260560922,DISPATCHED,CLEARED BY ARREST,Closed,205 205,"PARKING LOT, GARAGE",13B,"ASSAULT, (NO INJURY, ON OFFICER/PUBLIC OFFICIAL)",PERSONAL (HANDS),No,I,INDIVIDUAL (18 AND OVER),M,W,Non-Hispanic,37211,2026-09-16 16:00:00,2026-09-16 20:08:00,36.04500000005651,-86.71899999998301
20260560975_11,20260560975,DISPATCHED,OPEN,Open,ANTIOCH PIKE,"RESIDENCE, HOME",13A,ASSAULT,PERSONAL (HANDS),Yes,I,INDIVIDUAL (18 AND OVER),F,W,Non-Hispanic,,2026-01-03 02:30:00,2026-09-16 20:05:00,36.09000000018983,-86.69000000027951
20260561202_11,20260561202,DISPATCHED,UNFOUNDED,Closed,1322 1322,"BAR, NIGHT CLUB",810,LOST PROPERTY,Unarmed,No,I,INDIVIDUAL (18 AND OVER),M,W,Non-Hispanic,37208,2026-09-06 23:00:00,2026-09-16 20:01:00,36.17699999991021,-86.7899999995669
20260561166_11,20260561166,,OPEN,Open,OLD HICKORY BLVD,"RESIDENCE, HOME",26A,FRAUD - SWINDLE,NONE,No,I,INDIVIDUAL (18 AND OVER),M,W,Non-Hispanic,,2026-09-15 20:15:00,2026-09-16 19:46:00,36.09000000018983,-86.92000000043713
20260561193_11,20260561193,DISPATCHED,OPEN,Open,CENTURY BLVD,"RESIDENCE, HOME",23G,LARC - PARTS FROM VEH,NONE,No,I,INDIVIDUAL (18 AND OVER),F,B,Non-Hispanic,,2026-09-14 21:30:00,2026-09-16 19:45:00,36.15000000024567,-86.69000000027951
20260561181_11,20260561181,DISPATCHED,OPEN,Open,OLD HICKORY BLVD,"RESIDENCE, HOME",23G,LARC - PARTS FROM VEH,NONE,No,I,INDIVIDUAL (18 AND OVER),F,W,Non-Hispanic,,2023-09-15 05:00:00,2026-09-16 19:45:00,36.209999999706326,-86.93000000036587
20260561104_11,20260561104,DISPATCHED,OPEN,Open,DICKERSON PIKE,RESTAURANT,220,BURGL - NO FORCED ENTRY-NONRESID,NONE,No,B,BUSINESS,,,,,2026-09-16 08:07:00,2026-09-16 19:42:00,36.22999999987656,-86.75999999978066
20260561177_11,20260561177,DISPATCHED,OPEN,Open,8TH,"HOTEL, MOTEL, ETC.",23D,LARC - FROM BLDG,NONE,No,I,INDIVIDUAL (18 AND OVER),M,W,Non-Hispanic,,2026-09-02 15:00:00,2026-09-16 19:41:00,36.159999999962295,-86.77999999963816
20260560768_11,20260560768,DISPATCHED,OPEN,Open,ANTIOCH PIKE,"RESIDENCE, HOME",13C,ASSAULT- FEAR OF BODILY INJURY,,Yes,I,INDIVIDUAL (18 AND OVER),F,W,Non-Hispanic,,2026-09-16 14:12:00,2026-09-16 19:40:00,36.09000000018983,-86.69000000027951
20260561168_11,20260561168,DISPATCHED,UNFOUNDED,Closed,11TH AVE N & HARRISON ST,"HIGHWAY, ROAD, ALLEY",715,FOUND PROPERTY,NONE,No,I,INDIVIDUAL (18 AND OVER),M,B,Non-Hispanic,37203,2026-09-16 19:40:00,2026-09-16 19:40:00,,
20260561163_11,20260561163,,OPEN,Open,MCGAVOCK,"HOTEL, MOTEL, ETC.",26B,"CREDIT CARD, FRAUDULENT USE - $2,500 OR > BUT <$10,000",NONE,No,B,BUSINESS,,,,,2026-09-01 13:00:00,2026-09-16 19:37:00,36.22000000011304,-86.70000000020825
20260561056_11,20260561056,SUSPECT,OPEN,Open,DICKERSON PIKE,SPECIALTY STORE,220,BURGL - FORCED ENTRY-NONRESID,Unarmed,No,B,BUSINESS,,,,,2026-09-16 08:00:00,2026-09-16 19:23:00,36.22999999987656,-86.75999999978066
20260561056_21,20260561056,SUSPECT,OPEN,Open,DICKERSON PIKE,SPECIALTY STORE,290,"VANDALISM- $2,500 OR > BUT < $10,000",Unarmed,No,B,BUSINESS,,,,,2026-09-16 08:00:00,2026-09-16 19:23:00,36.22999999987656,-86.75999999978066
20260561025_11,20260561025,DISPATCHED,OPEN,Open,12TH AVE S,"RESIDENCE, HOME",23D,LARC - FROM BLDG,NONE,No,B,BUSINESS,,,,,2026-09-13 20:00:00,2026-09-16 19:18:00,36.15000000024567,-86.7899999995669
20260561131_11,20260561131,DISPATCHED,UNFOUNDED,Closed,400 400,"AIR, BUS, TRAIN TERMINAL",810,LOST PROPERTY,NONE,No,I,INDIVIDUAL (18 AND OVER),M,B,Non-Hispanic,37219,2026-09-16 18:30:00,2026-09-16 19:17:00,36.16699999965114,-86.78099999972085
20260561060_11,20260561060,DISPATCHED,OPEN,Open,S 5TH ST,APARTMENT,90Z,HARRASSMENT (NUISANCE),NONE,No,I,INDIVIDUAL (18 AND OVER),M,B,Non-Hispanic,,2026-09-16 17:56:00,2026-09-16 19:13:00,36.16999999991994,-86.75999999978066
20260561115_11,20260561115,DISPATCHED,UNFOUNDED,Closed,155 155,CONVENIENCE STORE,740,POLICE INQUIRY,,No,B,BUSINESS,,,,37228,2026-09-16 18:25:00,2026-09-16 19:11:00,,
20260557609_11,20260557609,DISPATCHED,UNFOUNDED,Closed,1400 1400,APARTMENT,760,OVERDOSE,DRUGS,No,I,INDIVIDUAL (18 AND OVER),F,W,Non-Hispanic,37207,2026-09-15 02:30:00,2026-09-16 19:11:00,36.20399999996701,-86.77700000028835
20260561100_11,20260561100,WITNESS,UNFOUNDED,Closed,100 100,"HIGHWAY, ROAD, ALLEY",740,POLICE INQUIRY,NONE,Yes,I,INDIVIDUAL (18 AND OVER),M,B,Non-Hispanic,37138,2026-09-16 19:06:00,2026-09-16 19:06:00,36.23599999985893,-86.63300000005688
20260561105_11,20260561105,DISPATCHED,OPEN,Open,CLARKSVILLE PIKE,SPECIALTY STORE,13B,SIMPLE ASSLT,OTHER,No,I,INDIVIDUAL (18 AND OVER),M,U,Unknown,,2026-09-16 18:40:00,2026-09-16 19:05:00,36.19000000021294,-86.82000000025143
20260561105_12,20260561105,DISPATCHED,OPEN,Open,CLARKSVILLE PIKE,SPECIALTY STORE,13B,SIMPLE ASSLT,OTHER,No,I,INDIVIDUAL (18 AND OVER),F,B,Non-Hispanic,,2026-09-16 18:40:00,2026-09-16 19:05:00,36.19000000021294,-86.82000000025143
20260560995_11,20260560995,DISPATCHED,OPEN,Open,CROSSINGS PL,"HOTEL, MOTEL, ETC.",23D,LARC - FROM BLDG,PERSONAL (HANDS),No,I,INDIVIDUAL (18 AND OVER),F,W,Non-Hispanic,,2026-09-16 17:05:00,2026-09-16 19:02:00,36.0399999997254,-86.64999999966624
20260561019_11,20260561019,DISPATCHED,OPEN,Open,DICKERSON PIKE,"PARKING LOT, GARAGE",23F,BURGLARY- MOTOR VEHICLE,Unarmed,No,I,INDIVIDUAL (18 AND OVER),M,W,Hispanic,,2026-09-16 07:45:00,2026-09-16 18:59:00,36.22999999987656,-86.75999999978066
20260561074_11,20260561074,DISPATCHED,UNFOUNDED,Closed,1900 1900,"HIGHWAY, ROAD, ALLEY",810,LOST PROPERTY,NONE,No,I,INDIVIDUAL (18 AND OVER),F,W,Non-Hispanic,37203,2026-09-16 18:25:00,2026-09-16 18:58:00,36.151000000010846,-86.79600000006313
20260560941_11,20260560941,DISPATCHED,OPEN,Open,MURFREESBORO PIKE,APARTMENT,695,UNKNOWN DEATH,NONE,No,I,INDIVIDUAL (18 AND OVER),M,B,Non-Hispanic,,2026-09-16 17:15:00,2026-09-16 18:57:00,36.12999999970263,-86.72000000006571
20260561082_11,20260561082,SUSPECT,CLEARED BY ARREST,Closed,625 625,"PARKING LOT, GARAGE",35B,DRUG PARAPHERNALIA- UNLAWFUL USE,NONE,No,S,SOCIETY,,,,37203,2026-09-16 18:53:00,2026-09-16 18:53:00,36.151000000010846,-86.77600000020564
20260561068_11,20260561068,,OPEN,Open,ROSA L PARKS BLVD,ATM Separate from Bank,26B,FRAUD -  ILLEG USE OF CREDIT CARDS,NONE,No,F,FINANCIAL INSTITUTION,,,,,2026-09-15 19:09:00,2026-09-16 18:46:00,36.19000000021294,-86.80000000039394
20260561023_11,20260561023,DISPATCHED,OPEN,Open,WEST END AVE,"COMMERCIAL, OFFICE BUILDING",270,"EMBEZZLEMENT, CRIMINAL ATTEMPT",Unarmed,No,B,BUSINESS,,,,,2026-09-01 13:00:00,2026-09-16 18:39:00,36.15000000024567,-86.7899999995669
20260561030_11,20260561030,DISPATCHED,UNFOUNDED,Closed,2425 2425,"RESIDENCE, HOME",740,POLICE INQUIRY,NONE,Yes,I,INDIVIDUAL (18 AND OVER),M,B,Non-Hispanic,37214,2026-09-16 16:00:00,2026-09-16 18:38:00,36.159999999962295,-86.69000000027951
20260561044_11,20260561044,DISPATCHED,UNFOUNDED,Closed,1422 1422,"HIGHWAY, ROAD, ALLEY",810,LOST PROPERTY,NONE,No,B,BUSINESS,,,,37115,2026-08-25 13:00:00,2026-09-16 18:28:00,36.282999999763824,-86.70699999988885
20260561038_11,20260561038,DISPATCHED,UNFOUNDED,Closed,3440 3440,"RESIDENCE, HOME",810,LOST PROPERTY,,No,I,INDIVIDUAL (18 AND OVER),M,B,Non-Hispanic,37214,2026-08-16 18:22:00,2026-09-16 18:22:00,36.14400000012616,-86.63600000030499
20260561022_11,20260561022,,UNFOUNDED,Closed,1717 1717,APARTMENT,740,POLICE INQUIRY,NONE,No,I,INDIVIDUAL (18 AND OVER),F,W,Non-Hispanic,37013,2026-09-13 11:00:00,2026-09-16 18:19:00,36.04099999976909,-86.60899999986857
20260561021_11,20260561021,,UNFOUNDED,Closed,1455 1455,"HIGHWAY, ROAD, ALLEY",810,LOST PROPERTY,NONE,No,I,INDIVIDUAL (18 AND OVER),M,W,Non-Hispanic,37013,2026-09-15 22:00:00,2026-09-16 18:19:00,,
20260560983_11,20260560983,,OPEN,Open,,"RESIDENCE, HOME",26C,CRIMINAL IMPERSONATION,NONE,No,I,INDIVIDUAL (18 AND OVER),F,W,Non-Hispanic,,2026-06-01 05:01:00,2026-09-16 18:15:00,36.15000000024567,-86.82000000025143
20260561039_11,20260561039,DISPATCHED,OPEN,Open,4TH AVE S,"PARKING LOT, GARAGE",23F,BURGLARY- MOTOR VEHICLE,NONE,No,I,INDIVIDUAL (18 AND OVER),M,W,Non-Hispanic,,2026-09-15 05:00:00,2026-09-16 18:13:00,36.159999999962295,-86.76999999970943
20260560967_11,20260560967,DISPATCHED,OPEN,Open,BRICK CHURCH PIKE,"RESIDENCE, HOME",26A,FRAUD - SWINDLE,NONE,No,I,INDIVIDUAL (18 AND OVER),F,B,Non-Hispanic,,2026-07-21 05:00:00,2026-09-16 18:10:00,36.23999999981472,-86.77999999963816
20260560891_11,20260560891,DISPATCHED,UNFOUNDED,Closed,929 929,APARTMENT,715,FOUND PROPERTY,NONE,No,I,INDIVIDUAL (18 AND OVER),U,U,Unknown,37209,2026-09-16 15:00:00,2026-09-16 18:06:00,36.159999999962295,-86.8390000000262
20260560963_11,20260560963,DISPATCHED,OPEN,Open,HERMITAGE PLZ,"CHURCH, SYNAGOGUE, TEMPLE",13B,SIMPLE ASSLT,PERSONAL (HANDS),No,I,INDIVIDUAL (18 AND OVER),M,W,Non-Hispanic,,2026-09-16 17:29:00,2026-09-16 18:06:00,36.18000000021363,-86.87999999982385
20260561026_11,20260561026,DISPATCHED,OPEN,Open,MADISON SQ,"PARKING LOT, GARAGE",23F,BURGLARY- MOTOR VEHICLE,NONE,No,I,INDIVIDUAL (18 AND OVER),M,B,Non-Hispanic,,2026-09-16 17:15:00,2026-09-16 18:05:00,36.25999999986106,-86.71000000013699
20260560810_11,20260560810,DISPATCHED,UNFOUNDED,Closed,7221 7221,APARTMENT,740,POLICE INQUIRY,NONE,Yes,I,INDIVIDUAL (18 AND OVER),F,W,Non-Hispanic,37221,2026-09-16 13:30:00,2026-09-16 18:04:00,36.07400000013588,-86.92700000011774
20260560913_11,20260560913,DISPATCHED,UNFOUNDED,Closed,383 383,APARTMENT,740,POLICE INQUIRY,NONE,Yes,I,INDIVIDUAL (18 AND OVER),M,B,Non-Hispanic,37013,2026-09-16 17:58:00,2026-09-16 17:58:00,36.075999999955705,-86.64400000006832
20260560952_11,20260560952,DISPATCHED,OPEN,Open,HAVENHILL DR,"COMMERCIAL, OFFICE BUILDING",270,"Theft of Trade Secrets- $250,000 or more",NONE,No,B,BUSINESS,,,,,2020-10-01 17:00:00,2026-09-16 17:55:00,36.12999999970263,-86.72000000006571
20260560674_11,20260560674,DISPATCHED,UNFOUNDED,Closed,205 205,"RESIDENCE, HOME",740,POLICE INQUIRY,NONE,Yes,I,INDIVIDUAL (18 AND OVER),M,B,Non-Hispanic,37211,2026-09-16 14:21:00,2026-09-16 17:55:00,36.04500000005651,-86.71899999998301
20260560954_11,20260560954,DISPATCHED,OPEN,Open,GALLATIN PIKE S,"DEPARTMENT, DISCOUNT STORE",23C,SHOPLIFTING,NONE,No,B,BUSINESS,,,,,2026-09-16 15:38:00,2026-09-16 17:52:00,36.25999999986106,-86.71000000013699
20260560956_11,20260560956,DISPATCHED,OPEN,Open,KEELEY DR,"PARKING LOT, GARAGE",23F,BURGLARY- MOTOR VEHICLE,,No,I,INDIVIDUAL (18 AND OVER),M,W,Non-Hispanic,,2026-09-16 05:00:00,2026-09-16 17:40:00,36.05999999996536,-86.70000000020825
20260560977_11,20260560977,,UNFOUNDED,Closed,DICKERSON PIKE & HANCOCK ST,"HIGHWAY, ROAD, ALLEY",810,LOST PROPERTY,NONE,No,I,INDIVIDUAL (18 AND OVER),M,B,Non-Hispanic,37207,2026-09-05 03:00:00,2026-09-16 17:40:00,36.18499999992697,-86.77400000004023
20260560953_11,20260560953,,UNFOUNDED,Closed,903 903,SPECIALTY STORE,740,POLICE INQUIRY,NONE,No,I,INDIVIDUAL (18 AND OVER),F,W,Non-Hispanic,37207,2026-09-16 15:30:00,2026-09-16 17:40:00,36.18700000006408,-86.77299999995753
20260560844_11,20260560844,DISPATCHED,OPEN,Open,BUENA VISTA PIKE,"RESIDENCE, HOME",120,ROBBERY,HANDGUN,No,I,INDIVIDUAL (18 AND OVER),F,W,Non-Hispanic,,2026-09-16 14:38:00,2026-09-16 17:38:00,36.20000000001247,-86.83000000018018
20260560844_12,20260560844,DISPATCHED,OPEN,Open,BUENA VISTA PIKE,"RESIDENCE, HOME",120,ROBBERY,HANDGUN,Yes,I,INDIVIDUAL (18 AND OVER),M,B,Non-Hispanic,,2026-09-16 14:38:00,2026-09-16 17:38:00,36.20000000001247,-86.83000000018018
20260560844_23,20260560844,DISPATCHED,OPEN,Open,BUENA VISTA PIKE,"RESIDENCE, HOME",520,CARRYING CONCEALED WEAPON,HANDGUN,No,S,SOCIETY,,,,,2026-09-16 14:38:00,2026-09-16 17:38:00,36.20000000001247,-86.83000000018018
20260560844_31,20260560844,DISPATCHED,OPEN,Open,BUENA VISTA PIKE,"RESIDENCE, HOME",220,BURGLARY,NONE,No,I,INDIVIDUAL (18 AND OVER),F,W,Non-Hispanic,,2026-09-16 14:38:00,2026-09-16 17:38:00,36.20000000001247,-86.83000000018018
20260560844_32,20260560844,DISPATCHED,OPEN,Open,BUENA VISTA PIKE,"RESIDENCE, HOME",220,BURGLARY,NONE,Yes,I,INDIVIDUAL (18 AND OVER),M,B,Non-Hispanic,,2026-09-16 14:38:00,2026-09-16 17:38:00,36.20000000001247,-86.83000000018018
20260560951_11,20260560951,SUSPECT,UNFOUNDED,Closed,12848 12848,School-Elementary/Secondary,810,LOST PROPERTY,,No,G,GOVERNMENT,,,,37013,2026-09-16 17:34:00,2026-09-16 17:34:00,36.02500000019836,-86.6160000004475
20260560864_11,20260560864,DISPATCHED,OPEN,Open,MUSIC VALLEY,Camp/Campground,13C,THREAT TO BURN,,No,I,INDIVIDUAL (18 AND OVER),M,W,Non-Hispanic,,2026-09-15 22:45:00,2026-09-16 17:25:00,36.22999999987656,-86.70000000020825
20260560904_11,20260560904,DISPATCHED,OPEN,Open,MAGNOLIA,"HIGHWAY, ROAD, ALLEY",23F,BURGLARY- MOTOR VEHICLE,Unarmed,No,I,INDIVIDUAL (18 AND OVER),M,W,Hispanic,,2026-09-12 13:00:00,2026-09-16 17:25:00,36.12999999970263,-86.80000000039394
20260560925_11,20260560925,DISPATCHED,OPEN,Open,MURPHY,"HIGHWAY, ROAD, ALLEY",23F,BURGLARY- MOTOR VEHICLE,NONE,No,I,INDIVIDUAL (18 AND OVER),F,W,Non-Hispanic,,2026-09-15 23:00:00,2026-09-16 17:25:00,36.13999999994927,-86.84000000010889
20260560587_11,20260560587,DISPATCHED,UNFOUNDED,Closed,504 504,"RESIDENCE, HOME",740,POLICE INQUIRY,NONE,Yes,I,INDIVIDUAL (18 AND OVER),F,W,Non-Hispanic,37211,2026-09-16 17:22:00,2026-09-16 17:22:00,36.04500000005651,-86.72000000006571
20260560926_11,20260560926,DISPATCHED,UNFOUNDED,Closed, & ,"HIGHWAY, ROAD, ALLEY",740,POLICE INQUIRY,NONE,No,I,INDIVIDUAL (18 AND OVER),F,B,Non-Hispanic,37115,2026-09-15 22:08:00,2026-09-16 17:17:00,,
20260560926_12,20260560926,DISPATCHED,UNFOUNDED,Closed, & ,"HIGHWAY, ROAD, ALLEY",740,POLICE INQUIRY,NONE,No,I,INDIVIDUAL (18 AND OVER),M,B,Non-Hispanic,37115,2026-09-15 22:08:00,2026-09-16 17:17:00,,
20260560935_11,20260560935,SUSPECT,UNFOUNDED,Closed,3441 3441,HOSPITAL,740,POLICE INQUIRY,NONE,No,I,INDIVIDUAL (18 AND OVER),F,U,Unknown,37115,2026-09-16 05:00:00,2026-09-16 17:15:00,36.24499999974243,-86.74999999985195
20260560931_11,20260560931,DISPATCHED,UNFOUNDED,Closed,4808 4808,"RESIDENCE, HOME",810,LOST PROPERTY,NONE,No,I,INDIVIDUAL (18 AND OVER),F,W,Unknown,37211,2026-09-15 13:00:00,2026-09-16 17:11:00,36.08599999980248,-86.70699999988885
20260560905_11,20260560905,DISPATCHED,UNFOUNDED,Closed,HARDING & ANTIOCH,"PARKING LOT, GARAGE",740,POLICE INQUIRY,NONE,No,I,INDIVIDUAL (18 AND OVER),M,W,Hispanic,37211,2026-08-21 17:00:00,2026-09-16 17:11:00,36.08699999974394,-86.69200000044492
20260560889_11,20260560889,,OPEN,Open,PICCADILLY ROW,"OTHER, UNKNOWN",23D,LARC - FROM BLDG,NONE,No,I,INDIVIDUAL (18 AND OVER),F,B,Non-Hispanic,,2026-09-15 21:47:00,2026-09-16 17:07:00,36.0800000001956,-86.65999999959497
20260561002_11,20260561002,SUSPECT,UNFOUNDED,Closed,2333 2333,"RESIDENCE, HOME",740,POLICE INQUIRY,NONE,No,I,INDIVIDUAL (18 AND OVER),F,U,Unknown,37228,2026-09-14 05:00:00,2026-09-16 17:06:00,36.19399999998908,-86.81000000032267
20260560890_11,20260560890,,OPEN,Open,W,"HIGHWAY, ROAD, ALLEY",23G,LARC - PARTS FROM VEH,NONE,No,I,INDIVIDUAL (18 AND OVER),F,W,Unknown,,2026-09-14 17:30:00,2026-09-16 17:06:00,,
20260560102_11,20260560102,DISPATCHED,CLEARED BY ARREST,Closed,2303 2303,APARTMENT,13B,SIMPLE ASSLT - STRANGULATION (NO LOSS OF CONSCIOUSNESS),PERSONAL (HANDS),Yes,I,INDIVIDUAL (18 AND OVER),F,B,Non-Hispanic,37208,2026-09-15 06:15:00,2026-09-16 17:01:00,36.16600000015136,-86.8110000004054
20260560102_21,20260560102,DISPATCHED,CLEARED BY ARREST,Closed,2303 2303,APARTMENT,240,VEHICLE THEFT,PERSONAL (HANDS),Yes,I,INDIVIDUAL (18 AND OVER),F,B,Non-Hispanic,37208,2026-09-15 06:15:00,2026-09-16 17:01:00,36.16600000015136,-86.8110000004054
20260560102_31,20260560102,DISPATCHED,CLEARED BY ARREST,Closed,2303 2303,APARTMENT,90F,CRIMINAL CONTEMPT-VIOLATION OF ORDER OF PROTECTION,PERSONAL (HANDS),Yes,I,INDIVIDUAL (18 AND OVER),F,B,Non-Hispanic,37208,2026-09-15 06:15:00,2026-09-16 17:01:00,36.16600000015136,-86.8110000004054
20260560847_11,20260560847,DISPATCHED,UNFOUNDED,Closed,1611 1611,"RESIDENCE, HOME",740,POLICE INQUIRY,NONE,No,I,INDIVIDUAL (18 AND OVER),F,A,Non-Hispanic,37115,2026-08-24 13:00:00,2026-09-16 17:01:00,36.23999999981472,-86.73200000015987
20260560887_11,20260560887,,UNFOUNDED,Closed,615 615,"GOVERNMENT, PUBLIC BUILDING",740,POLICE INQUIRY,NONE,No,G,GOVERNMENT,,,,37219,2026-09-16 15:07:00,2026-09-16 17:00:00,36.162000000041736,-86.78199999980357
20260560892_11,20260560892,WITNESS,UNFOUNDED,Closed,814 814,"COMMERCIAL, OFFICE BUILDING",740,POLICE INQUIRY,,No,I,INDIVIDUAL (18 AND OVER),M,W,Non-Hispanic,37206,2026-08-29 21:00:00,2026-09-16 16:57:00,36.17400000003244,-86.75799999961527
20260560898_11,20260560898,SUSPECT,UNFOUNDED,Closed,6617 6617,"RESIDENCE, HOME",740,POLICE INQUIRY,NONE,No,I,INDIVIDUAL (18 AND OVER),F,U,Unknown,37209,2026-09-14 05:00:00,2026-09-16 16:56:00,36.13999999994927,-86.88999999975259
20260560858_11,20260560858,,OPEN,Open,MIRANDA,"RESIDENCE, HOME",240,VEHICLE THEFT,Unarmed,No,I,INDIVIDUAL (18 AND OVER),M,W,Non-Hispanic,,2026-09-14 23:00:00,2026-09-16 16:54:00,36.02999999971792,-86.57000000023632
20260560784_11,20260560784,DISPATCHED,OPEN,Open,MUSIC SQ E,"RESIDENCE, HOME",90Z,HARRASSMENT (NUISANCE),NONE,No,I,INDIVIDUAL (18 AND OVER),F,W,Non-Hispanic,,2026-09-15 21:55:00,2026-09-16 16:53:00,36.15000000024567,-86.7899999995669
20260560880_11,20260560880,SUSPECT,OPEN,Open,HICKORY HOLLOW,"PARKING LOT, GARAGE",240,"VEHICLE OFFENSE, CRIMINAL ATTEMPT",NONE,No,B,BUSINESS,,,,,2026-08-26 13:00:00,2026-09-16 16:49:00,36.05000000025906,-86.65999999959497
20260560743_11,20260560743,DISPATCHED,UNFOUNDED,Closed,5772 5772,APARTMENT,740,POLICE INQUIRY,NONE,No,I,INDIVIDUAL (18 AND OVER),M,W,Non-Hispanic,37076,2026-09-16 16:38:00,2026-09-16 16:38:00,36.17200000011699,-86.60200000018794
20260560831_11,20260560831,DISPATCHED,OPEN,Open,CLARKSVILLE PIKE,"RESIDENCE, HOME",23H,LARC - POSTAL,NONE,No,I,INDIVIDUAL (18 AND OVER),M,W,Non-Hispanic,,2026-09-15 16:00:00,2026-09-16 16:38:00,36.25000000002025,-86.85000000003764
20260560789_11,20260560789,DISPATCHED,UNFOUNDED,Closed,6010 6010,"CHURCH, SYNAGOGUE, TEMPLE",740,POLICE INQUIRY,NONE,Yes,U,UNKNOWN,U,U,Unknown,37076,2026-09-16 16:00:00,2026-09-16 16:35:00,36.16999999991994,-86.58599999976298
20260560837_11,20260560837,DISPATCHED,UNFOUNDED,Closed,2915 2915,"RESIDENCE, HOME",740,POLICE INQUIRY,NONE,No,I,INDIVIDUAL (18 AND OVER),F,B,Non-Hispanic,37013,2026-09-15 16:30:00,2026-09-16 16:30:00,36.08100000022568,-86.60300000027065
20260560651_11,20260560651,DISPATCHED,OPEN,Open,JO JOHNSTON,APARTMENT,290,DAMAGE PROP - PRIVATE,OTHER,No,B,BUSINESS,,,,,2026-09-16 08:00:00,2026-09-16 16:25:00,36.16999999991994,-86.77999999963816
20260560700_11,20260560700,DISPATCHED,CLEARED BY ARREST,Closed,6814 6814,SPECIALTY STORE,23C,SHOPLIFTING,PERSONAL (HANDS),No,B,BUSINESS,,,,37209,2026-09-16 14:20:00,2026-09-16 16:23:00,36.13399999963893,-86.88999999975259
20260560756_11,20260560756,DISPATCHED,CLEARED BY ARREST,Closed,1808 1808,CONVENIENCE STORE,100,"KIDNAPPING, CRIMINAL ATTEMPT",NONE,No,I,INDIVIDUAL (18 AND OVER),F,W,Non-Hispanic,37208,2026-09-16 02:00:00,2026-09-16 16:20:00,36.16999999991994,-86.80700000007457
20260560756_21,20260560756,DISPATCHED,CLEARED BY ARREST,Closed,1808 1808,CONVENIENCE STORE,23H,THEFT OF PROPERTY- $500 OR LESS,NONE,No,I,INDIVIDUAL (18 AND OVER),F,W,Non-Hispanic,37208,2026-09-16 02:00:00,2026-09-16 16:20:00,36.16999999991994,-86.80700000007457
20260560206_11,20260560206,SUSPECT,CLEARED BY ARREST,Closed,1019 1019,"PARKING LOT, GARAGE",90Z,"TOBACCO, VAPE, NICOTINE OR SMOKING HEMP-POSS. IF <21",NONE,No,S,SOCIETY,,,,37217,2026-09-16 08:30:00,2026-09-16 16:19:00,36.128999999969736,-86.70699999988885
20260560659_11,20260560659,DISPATCHED,OPEN,Open,BRUIN DR,"RESIDENCE, HOME",850,CONTEMPT - VIOLATION OF PROTECTION ORDER,NONE,Yes,I,INDIVIDUAL (18 AND OVER),F,B,Non-Hispanic,,2026-09-16 16:15:00,2026-09-16 16:15:00,36.06999999966938,-86.62999999980876
20260561047_11,20260561047,SUSPECT,UNFOUNDED,Closed,201 201,"RESIDENCE, HOME",740,POLICE INQUIRY,NONE,No,I,INDIVIDUAL (18 AND OVER),M,U,Unknown,37214,2026-09-15 05:00:00,2026-09-16 16:13:00,36.18700000006408,-86.66800000025661
20260560809_11,20260560809,WITNESS,OPEN,Open,S 7TH ST,"HIGHWAY, ROAD, ALLEY",240,VEHICLE THEFT,NONE,No,I,INDIVIDUAL (18 AND OVER),F,B,Non-Hispanic,,2026-07-10 17:00:00,2026-09-16 16:06:00,36.16999999991994,-86.75999999978066
20260560736_11,20260560736,DISPATCHED,UNFOUNDED,Closed,306 306,APARTMENT,740,POLICE INQUIRY,NONE,Yes,I,INDIVIDUAL (18 AND OVER),M,B,Non-Hispanic,37115,2026-09-16 15:00:00,2026-09-16 16:02:00,36.248999999911504,-86.72699999974635
20260560598_11,20260560598,DISPATCHED,OPEN,Open,BRADY,"HIGHWAY, ROAD, ALLEY",240,VEHICLE THEFT,NONE,No,I,INDIVIDUAL (18 AND OVER),M,W,Non-Hispanic,,2026-09-16 09:00:00,2026-09-16 16:02:00,36.02999999971792,-86.57000000023632
20260560598_12,20260560598,DISPATCHED,OPEN,Open,BRADY,"HIGHWAY, ROAD, ALLEY",240,VEHICLE THEFT,NONE,No,I,INDIVIDUAL (18 AND OVER),F,W,Non-Hispanic,,2026-09-16 09:00:00,2026-09-16 16:02:00,36.02999999971792,-86.57000000023632
20260560422_11,20260560422,DISPATCHED,UNFOUNDED,Closed,760 760,"HOTEL, MOTEL, ETC.",685,DEATH NATURAL,NONE,No,I,INDIVIDUAL (18 AND OVER),M,W,Non-Hispanic,37027,2026-09-16 03:00:00,2026-09-16 16:01:00,36.04099999976909,-86.77600000020564
20260560712_11,20260560712,DISPATCHED,UNFOUNDED,Closed,1184 1184,"RESIDENCE, HOME",740,POLICE INQUIRY,Unarmed,Yes,I,INDIVIDUAL (18 AND OVER),M,B,Non-Hispanic,37013,2026-09-03 13:00:00,2026-09-16 15:59:00,36.05099999966719,-86.59699999977443
20260561043_11,20260561043,SUSPECT,UNFOUNDED,Closed,6850 6850,"RESIDENCE, HOME",740,POLICE INQUIRY,NONE,No,I,INDIVIDUAL (18 AND OVER),F,U,Unknown,37013,2026-09-14 05:00:00,2026-09-16 15:58:00,35.99199999993744,-86.65900000041057
20260560786_11,20260560786,DISPATCHED,UNFOUNDED,Closed,3150 3150,School-Elementary/Secondary,810,LOST PROPERTY,NONE,No,G,GOVERNMENT,,,,37214,2026-08-20 05:00:00,2026-09-16 15:56:00,36.18499999992697,-86.67900000026806
20260560770_11,20260560770,DISPATCHED,OPEN,Open,RED FEATHER LN,"RESIDENCE, HOME",23F,BURGLARY- MOTOR VEHICLE,Unarmed,No,I,INDIVIDUAL (18 AND OVER),M,W,Non-Hispanic,,2026-09-16 02:30:00,2026-09-16 15:50:00,36.02999999971792,-86.74999999985195
20260560770_12,20260560770,DISPATCHED,OPEN,Open,RED FEATHER LN,"RESIDENCE, HOME",23F,BURGLARY- MOTOR VEHICLE,Unarmed,No,I,INDIVIDUAL (18 AND OVER),F,W,Unknown,,2026-09-16 02:30:00,2026-09-16 15:50:00,36.02999999971792,-86.74999999985195
20260560771_11,20260560771,DISPATCHED,OPEN,Open,FRANKLIN,"CHURCH, SYNAGOGUE, TEMPLE",290,DAMAGE PROP - PRIVATE,,No,R,RELIGIOUS,,,,,2026-08-29 08:30:00,2026-09-16 15:50:00,36.0399999997254,-86.7899999995669
20260561018_11,20260561018,SUSPECT,UNFOUNDED,Closed,121 121,"RESIDENCE, HOME",740,POLICE INQUIRY,NONE,No,I,INDIVIDUAL (18 AND OVER),M,U,Unknown,37027,2026-09-15 05:00:00,2026-09-16 15:49:00,36.03699999967207,-86.77899999955544
20260560769_11,20260560769,DISPATCHED,UNFOUNDED,Closed,2929 2929,"RESIDENCE, HOME",740,POLICE INQUIRY,NONE,No,I,INDIVIDUAL (18 AND OVER),F,B,Non-Hispanic,37207,2026-09-15 18:00:00,2026-09-16 15:47:00,36.209999999706326,-86.81299999967248
20260560721_11,20260560721,DISPATCHED,CLEARED BY ARREST,Closed,3171 3171,CONVENIENCE STORE,23C,SHOPLIFTING,NONE,No,B,BUSINESS,,,,37214,2026-09-16 14:30:00,2026-09-16 15:45:00,36.18400000028398,-86.63799999957207
20260560785_11,20260560785,,UNFOUNDED,Closed,3934 3934,"RESIDENCE, HOME",740,POLICE INQUIRY,NONE,No,I,INDIVIDUAL (18 AND OVER),F,B,Non-Hispanic,37218,2026-09-06 17:15:00,2026-09-16 15:44:00,36.21299999994166,-86.83200000034557
20260560759_11,20260560759,WITNESS,OPEN,Open,40TH AVE N,"RESIDENCE, HOME",23D,LARC - FROM BLDG,NONE,No,I,INDIVIDUAL (18 AND OVER),F,B,Non-Hispanic,,2026-08-26 11:00:00,2026-09-16 15:40:00,36.159999999962295,-86.84000000010889
20260560748_11,20260560748,DISPATCHED,OPEN,Open,AMALIE,"HIGHWAY, ROAD, ALLEY",240,VEHICLE THEFT,NONE,No,I,INDIVIDUAL (18 AND OVER),M,W,Non-Hispanic,,2026-09-15 17:00:00,2026-09-16 15:30:00,36.05000000025906,-86.72000000006571
20260560723_11,20260560723,,OPEN,Open,OAKLEY,"RESIDENCE, HOME",220,BURGLARY- AGGRAVATED,Unarmed,No,I,INDIVIDUAL (18 AND OVER),M,W,Non-Hispanic,,2026-09-15 19:00:00,2026-09-16 15:30:00,36.05999999996536,-86.75999999978066
20260560676_11,20260560676,DISPATCHED,UNFOUNDED,Closed,2714 2714,"RESIDENCE, HOME",740,TRANSPORT,NONE,No,I,INDIVIDUAL (18 AND OVER),F,W,Non-Hispanic,37208,2026-09-16 13:34:00,2026-09-16 15:24:00,36.18400000028398,-86.82200000041685
20260560713_11,20260560713,DISPATCHED,OPEN,Open,21ST AVE S,"RESIDENCE, HOME",13C,"HARASSMENT- CAUSE EMOTIONAL DISTRESS, INTIMIDATE, FRIGHTEN",NONE,No,I,INDIVIDUAL (18 AND OVER),F,W,Non-Hispanic,,2025-11-17 16:20:00,2026-09-16 15:20:00,36.12999999970263,-86.80000000039394
20260560751_11,20260560751,SUSPECT,UNFOUNDED,Closed,500 500,"RESIDENCE, HOME",740,POLICE INQUIRY,NONE,No,I,INDIVIDUAL (18 AND OVER),F,U,Unknown,37013,2026-09-14 05:00:00,2026-09-16 15:18:00,36.05300000031543,-86.64899999958354
20260560731_11,20260560731,DISPATCHED,UNFOUNDED,Closed,315 315,"RESIDENCE, HOME",810,LOST PROPERTY,Unarmed,No,I,INDIVIDUAL (18 AND OVER),M,W,Non-Hispanic,37205,2026-06-26 13:00:00,2026-09-16 15:13:00,,
20260560725_11,20260560725,,UNFOUNDED,Closed,97 97,APARTMENT,740,POLICE INQUIRY,NONE,No,I,INDIVIDUAL (18 AND OVER),F,B,Non-Hispanic,37211,2026-09-16 13:00:00,2026-09-16 15:10:00,36.0829999998826,-86.70200000037366
20260560319_11,20260560319,SUSPECT,CLEARED BY ARREST,Closed,1200 1200,APARTMENT,13B,ASSAULT- OFFENSIVE OR PROVOCATIVE CONTACT,PERSONAL (HANDS),Yes,I,INDIVIDUAL (18 AND OVER),M,U,Non-Hispanic,37203,2026-09-16 11:33:00,2026-09-16 15:04:00,36.1569999999172,-86.7880000002998
20260560724_11,20260560724,DISPATCHED,UNFOUNDED,Closed,818 818,"RESIDENCE, HOME",810,LOST PROPERTY,NONE,No,I,INDIVIDUAL (18 AND OVER),F,W,Non-Hispanic,37027,2026-09-01 05:00:00,2026-09-16 15:02:00,,
20260561014_11,20260561014,SUSPECT,UNFOUNDED,Closed,6850 6850,"RESIDENCE, HOME",740,POLICE INQUIRY,NONE,No,I,INDIVIDUAL (18 AND OVER),F,U,Unknown,37013,2026-09-14 05:00:00,2026-09-16 15:02:00,35.99199999993744,-86.65600000016246
20260560649_11,20260560649,DISPATCHED,OPEN,Open,WALLACE RD,"PARKING LOT, GARAGE",23G,LARC - PARTS FROM VEH,NONE,No,I,INDIVIDUAL (18 AND OVER),M,W,Hispanic,,2026-09-13 13:00:00,2026-09-16 15:00:00,36.0800000001956,-86.72000000006571
20260560572_11,20260560572,DISPATCHED,OPEN,Open,CHARLES E DAVIS BLVD,APARTMENT,13A,INTENTIONAL AGGRAVATED ASSAULT,LETHAL/CUTTING INSTRUMENT,No,I,INDIVIDUAL (18 AND OVER),M,B,Non-Hispanic,,2026-09-16 13:20:00,2026-09-16 14:59:00,36.15000000024567,-86.75999999978066
20260560691_11,20260560691,DISPATCHED,UNFOUNDED,Closed, & COVENTRY DR,"RESIDENCE, HOME",740,POLICE INQUIRY,NONE,No,I,INDIVIDUAL (18 AND OVER),F,W,Non-Hispanic,,2026-01-01 15:49:00,2026-09-16 14:49:00,,
20260560672_11,20260560672,DISPATCHED,UNFOUNDED,Closed,516 516,"HIGHWAY, ROAD, ALLEY",740,POLICE INQUIRY,OTHER,No,U,UNKNOWN,F,B,Unknown,37211,2026-09-16 13:59:00,2026-09-16 14:46:00,36.12400000030478,-86.75899999969798
20260560658_11,20260560658,DISPATCHED,OPEN,Open,3RD,APARTMENT,13C,"HARASSMENT- CAUSE EMOTIONAL DISTRESS, INTIMIDATE, FRIGHTEN",,No,I,INDIVIDUAL (18 AND OVER),F,W,Non-Hispanic,,2026-09-16 11:00:00,2026-09-16 14:44:00,36.18000000021363,-86.7899999995669
20260560675_11,20260560675,DISPATCHED,OPEN,Open,27TH AVE N,"RESIDENCE, HOME",270,"EMBEZZLEMENT, CRIMINAL ATTEMPT",Unarmed,No,B,BUSINESS,,,,,2026-09-06 13:00:00,2026-09-16 14:44:00,36.159999999962295,-86.82000000025143
20260560465_11,20260560465,DISPATCHED,UNFOUNDED,Closed,8121 8121,APARTMENT,740,POLICE INQUIRY,NONE,Yes,I,INDIVIDUAL (18 AND OVER),F,B,Non-Hispanic,37221,2026-09-16 12:00:00,2026-09-16 14:36:00,36.075000000232,-87.01700000037472
20260560657_11,20260560657,,UNFOUNDED,Closed,204 204,"RESIDENCE, HOME",810,LOST PROPERTY,NONE,No,I,INDIVIDUAL (18 AND OVER),M,W,Non-Hispanic,37221,2026-08-04 13:00:00,2026-09-16 14:35:00,36.09600000019247,-86.92600000003506
20260560650_11,20260560650,DISPATCHED,UNFOUNDED,Closed,1715 1715,APARTMENT,740,POLICE INQUIRY,NONE,No,I,INDIVIDUAL (18 AND OVER),M,W,Non-Hispanic,37208,2026-09-16 14:33:00,2026-09-16 14:33:00,36.17899999982454,-86.80499999990916
20260560639_11,20260560639,DISPATCHED,UNFOUNDED,Closed,330 330,"HIGHWAY, ROAD, ALLEY",715,FOUND PROPERTY,NONE,No,U,UNKNOWN,U,U,Unknown,37201,2026-09-16 14:32:00,2026-09-16 14:32:00,36.1629999998043,-86.77700000028835
20260560485_11,20260560485,SUSPECT,UNFOUNDED,Closed,1ST AVE N & GAY ST,PARK,715,FOUND PROPERTY,NONE,No,I,INDIVIDUAL (18 AND OVER),M,W,Non-Hispanic,37201,2026-09-16 12:47:00,2026-09-16 14:09:00,36.16900000026128,-86.77899999955544
20260559199_11,20260559199,DISPATCHED,UNFOUNDED,Closed,1128 1128,School-Elementary/Secondary,740,POLICE INQUIRY,NONE,No,U,UNKNOWN,U,U,Unknown,37207,2026-09-16 13:56:00,2026-09-16 13:56:00,36.27000000015372,-86.76199999994608
20260560551_11,20260560551,DISPATCHED,OPEN,Open,COLORADO,"HIGHWAY, ROAD, ALLEY",23F,BURGLARY- MOTOR VEHICLE,,No,I,INDIVIDUAL (18 AND OVER),M,W,Non-Hispanic,,2026-09-16 09:00:00,2026-09-16 13:48:00,36.13999999994927,-86.84000000010889
20260560481_11,20260560481,DISPATCHED,OPEN,Open,DICKERSON PIKE,"HIGHWAY, ROAD, ALLEY",13A,INTENTIONAL AGGRAVATED ASSAULT,MOTOR VEHICLE,No,I,INDIVIDUAL (18 AND OVER),F,B,Non-Hispanic,,2026-09-16 12:44:00,2026-09-16 13:45:00,36.28000000026564,-86.74999999985195
20260560584_11,20260560584,DISPATCHED,UNFOUNDED,Closed,6408 6408,"RESIDENCE, HOME",810,LOST PROPERTY,NONE,No,B,BUSINESS,,,,37209,2026-09-14 21:45:00,2026-09-16 13:42:00,36.14900000006129,-86.87699999957573
20260560534_11,20260560534,,UNFOUNDED,Closed,2030 2030,"PARKING LOT, GARAGE",780,"RECOVERY, STOLEN PROPERTY",NONE,No,I,INDIVIDUAL (18 AND OVER),F,W,Non-Hispanic,37207,2026-09-16 13:24:00,2026-09-16 13:24:00,36.20399999996701,-86.77199999987482
20260560534_22,20260560534,,UNFOUNDED,Closed,2030 2030,"PARKING LOT, GARAGE",26A,FRAUD - SWINDLE,NONE,No,B,BUSINESS,,,,37207,2026-09-16 13:24:00,2026-09-16 13:24:00,36.20399999996701,-86.77199999987482
20260560279_11,20260560279,DISPATCHED,OPEN,Open,HARPER RIDGE,APARTMENT,290,"VANDALISM- $2,500 OR > BUT < $10,000",NONE,No,I,INDIVIDUAL (18 AND OVER),F,W,Non-Hispanic,,2026-09-15 15:00:00,2026-09-16 12:59:00,36.05000000025906,-86.67000000042204
20260560279_12,20260560279,DISPATCHED,OPEN,Open,HARPER RIDGE,APARTMENT,290,"VANDALISM- $2,500 OR > BUT < $10,000",NONE,No,B,BUSINESS,,,,,2026-09-15 15:00:00,2026-09-16 12:59:00,36.05000000025906,-86.67000000042204
20260560396_11,20260560396,,OPEN,Open,COWAN,"HIGHWAY, ROAD, ALLEY",90Z,LITTERING - AGGRAVATED- TIRES >8,Unarmed,No,S,SOCIETY,,,,,2026-09-16 00:27:00,2026-09-16 12:52:00,36.19000000021294,-86.77999999963816
20260560370_11,20260560370,DISPATCHED,OPEN,Open,FIELDSTONE DR,"PARKING LOT, GARAGE",240,VEHICLE THEFT,Unarmed,No,I,INDIVIDUAL (18 AND OVER),F,W,Hispanic,,2026-09-16 07:15:00,2026-09-16 12:45:00,36.06999999966938,-86.61999999988002
20260560282_11,20260560282,DISPATCHED,OPEN,Open,CREEKWOOD DR,APARTMENT,13A,"ASSAULT, AGGRAVATED - DEADLY WEAPON - INT/KN FROM MOT VEH IN CONC",REVOLVER,Yes,I,INDIVIDUAL (18 AND OVER),F,B,Non-Hispanic,,2026-09-16 10:30:00,2026-09-16 12:34:00,36.23999999981472,-86.76999999970943
20260560282_33,20260560282,DISPATCHED,OPEN,Open,CREEKWOOD DR,APARTMENT,520,"WEAPON OFFENSE, CRIMINAL ATTEMPT",REVOLVER,No,S,SOCIETY,,,,,2026-09-16 10:30:00,2026-09-16 12:34:00,36.23999999981472,-86.76999999970943
20260560453_11,20260560453,,CLEARED BY ARREST,Closed,3150 3150,School-Elementary/Secondary,35A,POSSESSION OF A CONTROLLED SUBSTANCE,NONE,No,S,SOCIETY,,,,37214,2026-09-16 12:30:00,2026-09-16 12:34:00,36.18499999992697,-86.67900000026806
20260560453_21,20260560453,,CLEARED BY ARREST,Closed,3150 3150,School-Elementary/Secondary,35B,DRUG PARAPHERNALIA- UNLAWFUL USE,NONE,No,S,SOCIETY,,,,37214,2026-09-16 12:30:00,2026-09-16 12:34:00,36.18499999992697,-86.67900000026806
20260560342_11,20260560342,DISPATCHED,OPEN,Open,UTAH,"PARKING LOT, GARAGE",23F,BURGLARY- MOTOR VEHICLE,NONE,No,I,INDIVIDUAL (18 AND OVER),M,W,Non-Hispanic,,2026-09-16 09:00:00,2026-09-16 12:30:00,36.13999999994927,-86.84000000010889
20260560256_11,20260560256,DISPATCHED,UNFOUNDED,Closed,717 717,"HOTEL, MOTEL, ETC.",740,POLICE INQUIRY,Unarmed,No,I,INDIVIDUAL (18 AND OVER),F,U,Unknown,37217,2026-09-16 10:12:00,2026-09-16 12:07:00,36.13700000019328,-86.72400000039654
20260560171_11,20260560171,DISPATCHED,UNFOUNDED,Closed,1667 1667,"RESIDENCE, HOME",740,POLICE INQUIRY,NONE,Yes,I,INDIVIDUAL (18 AND OVER),M,W,Hispanic,37208,2026-09-16 06:30:00,2026-09-16 12:02:00,36.18000000021363,-86.79600000006313
20260560341_11,20260560341,DISPATCHED,OPEN,Open,GALLATIN AVE,CONVENIENCE STORE,39C,GAMBLING DEVICE OR RECORD- POSSESSION,NONE,No,S,SOCIETY,,,,,2026-09-16 11:55:00,2026-09-16 11:55:00,36.19000000021294,-86.7399999999232
20260560285_11,20260560285,DISPATCHED,OPEN,Open,ALBION ST,"COMMERCIAL, OFFICE BUILDING",740,POLICE INQUIRY,NONE,No,I,INDIVIDUAL (18 AND OVER),F,B,Non-Hispanic,,2026-09-13 17:00:00,2026-09-16 11:48:00,36.16999999991994,-86.81000000032267
20260559662_11,20260559662,DISPATCHED,UNFOUNDED,Closed,612 612,"RESIDENCE, HOME",740,POLICE INQUIRY,,No,O,OTHER,,,,37013,2026-09-16 03:00:00,2026-09-16 11:45:00,36.06699999997734,-86.62899999972605
20260560320_11,20260560320,DISPATCHED,OPEN,Open,NEBRASKA AVE,"RESIDENCE, HOME",23F,BURGLARY- MOTOR VEHICLE,,No,I,INDIVIDUAL (18 AND OVER),F,W,Non-Hispanic,,2026-09-16 02:25:00,2026-09-16 11:37:00,36.13999999994927,-86.84000000010889
20260560208_11,20260560208,SUSPECT,OPEN,Open,LAFAYETTE ST,"HIGHWAY, ROAD, ALLEY",13B,SIMPLE ASSLT - STRANGULATION (NO LOSS OF CONSCIOUSNESS),PERSONAL (HANDS),No,I,INDIVIDUAL (18 AND OVER),F,B,Non-Hispanic,,2026-09-16 08:00:00,2026-09-16 11:18:00,36.15000000024567,-86.75999999978066
20260560177_11,20260560177,DISPATCHED,OPEN,Open,26TH AVE N,School-Elementary/Secondary,13B,SIMPLE ASSLT,OTHER,Yes,I,INDIVIDUAL (18 AND OVER),F,B,Non-Hispanic,,2026-09-15 23:00:00,2026-09-16 11:13:00,36.159999999962295,-86.82000000025143
20260560005_11,20260560005,DISPATCHED,UNFOUNDED,Closed,209 209,"RESIDENCE, HOME",740,POLICE INQUIRY,,Yes,I,INDIVIDUAL (18 AND OVER),M,W,Hispanic,37211,2026-09-16 04:03:00,2026-09-16 11:03:00,36.054000000101695,-86.69800000004282
20260560140_11,20260560140,DISPATCHED,OPEN,Open,MURFREESBORO,"SERVICE, GAS STATION",240,VEHICLE THEFT,NONE,No,I,INDIVIDUAL (18 AND OVER),M,B,Non-Hispanic,,2026-09-16 07:45:00,2026-09-16 11:02:00,36.13999999994927,-86.72000000006571
20260560247_11,20260560247,DISPATCHED,UNFOUNDED,Closed,110 110,"RESIDENCE, HOME",740,POLICE INQUIRY,,Yes,I,INDIVIDUAL (18 AND OVER),F,B,Non-Hispanic,37207,2026-09-16 10:00:00,2026-09-16 11:01:00,36.22000000011304,-86.80299999974373
20260560261_11,20260560261,DISPATCHED,UNFOUNDED,Closed,MM 3 0 I440 E & ,"HIGHWAY, ROAD, ALLEY",780,"RECOVERY, STOLEN PROPERTY",NONE,No,I,INDIVIDUAL (18 AND OVER),M,W,Non-Hispanic,37215,2026-09-16 10:53:00,2026-09-16 10:53:00,,
20260560148_11,20260560148,DISPATCHED,OPEN,Open,HICKORY HIGHLANDS DR,"PARKING LOT, GARAGE",13A,INTENTIONAL AGGRAVATED ASSAULT,HANDGUN,No,I,INDIVIDUAL (18 AND OVER),M,B,Non-Hispanic,,2026-09-16 08:11:00,2026-09-16 10:50:00,36.05999999996536,-86.6399999997375
20260560148_22,20260560148,DISPATCHED,OPEN,Open,HICKORY HIGHLANDS DR,"PARKING LOT, GARAGE",520,"WEAPON OFFENSE, CRIMINAL ATTEMPT",HANDGUN,No,S,SOCIETY,,,,,2026-09-16 08:11:00,2026-09-16 10:50:00,36.05999999996536,-86.6399999997375
20260560147_11,20260560147,DISPATCHED,UNFOUNDED,Closed,5800 5800,APARTMENT,740,POLICE INQUIRY,NONE,Yes,I,INDIVIDUAL (18 AND OVER),F,U,Unknown,37209,2026-09-16 08:11:00,2026-09-16 10:31:00,36.14400000012616,-86.86100000004909
20260560189_11,20260560189,DISPATCHED,OPEN,Open,ROBINSON,CONVENIENCE STORE,23C,SHOPLIFTING,NONE,No,B,BUSINESS,,,,,2026-09-16 09:00:00,2026-09-16 10:13:00,36.25999999986106,-86.64999999966624
20260560186_12,20260560186,SUSPECT,UNFOUNDED,Closed,DICKERSON PIKE & OAK VALLEY DR,"HIGHWAY, ROAD, ALLEY",715,FOUND PROPERTY,NONE,No,I,INDIVIDUAL (18 AND OVER),M,U,Unknown,37207,2026-09-16 09:09:00,2026-09-16 10:04:00,36.23100000032581,-86.75899999969798
20260560186_13,20260560186,SUSPECT,UNFOUNDED,Closed,DICKERSON PIKE & OAK VALLEY DR,"HIGHWAY, ROAD, ALLEY",715,FOUND PROPERTY,NONE,No,I,INDIVIDUAL (18 AND OVER),M,U,Unknown,37207,2026-09-16 09:09:00,2026-09-16 10:04:00,36.23100000032581,-86.75899999969798
20260560186_21,20260560186,SUSPECT,UNFOUNDED,Closed,DICKERSON PIKE & OAK VALLEY DR,"HIGHWAY, ROAD, ALLEY",35B,DRUG PARAPHERNALIA- UNLAWFUL USE,NONE,No,S,SOCIETY,,,,37207,2026-09-16 09:09:00,2026-09-16 10:04:00,36.23100000032581,-86.75899999969798
20260559964_11,20260559964,DISPATCHED,CLEARED BY ARREST,Closed,1706 1706,APARTMENT,13B,ASSAULT- OFFENSIVE OR PROVOCATIVE CONTACT,PERSONAL (HANDS),Yes,I,INDIVIDUAL (18 AND OVER),F,W,Non-Hispanic,37211,2026-09-16 04:41:00,2026-09-16 09:48:00,36.04099999976909,-86.72499999958093
20260560163_11,20260560163,DISPATCHED,OPEN,Open,N DUPONT AVE,APARTMENT,13B,SIMPLE ASSLT,PERSONAL (HANDS),Yes,I,INDIVIDUAL (18 AND OVER),F,W,Non-Hispanic,,2026-09-16 07:00:00,2026-09-16 09:29:00,36.27000000015372,-86.70000000020825
20260560163_12,20260560163,DISPATCHED,OPEN,Open,N DUPONT AVE,APARTMENT,13B,SIMPLE ASSLT,PERSONAL (HANDS),Yes,I,INDIVIDUAL (18 AND OVER),M,W,Non-Hispanic,,2026-09-16 07:00:00,2026-09-16 09:29:00,36.27000000015372,-86.70000000020825
20260560162_11,20260560162,DISPATCHED,UNFOUNDED,Closed,500 500,"RESIDENCE, HOME",740,POLICE INQUIRY,NONE,Yes,I,INDIVIDUAL (18 AND OVER),F,W,Non-Hispanic,37203,2026-09-16 06:00:00,2026-09-16 09:03:00,36.14100000025182,-86.78199999980357
20260560008_11,20260560008,DISPATCHED,CLEARED BY ARREST,Closed,3612 3612,"RESIDENCE, HOME",220,BURGLARY - AGGRAVATED,PERSONAL (HANDS),No,I,INDIVIDUAL (18 AND OVER),M,W,Non-Hispanic,37216,2026-09-16 05:19:00,2026-09-16 08:19:00,36.21100000000074,-86.72100000014842
20260560008_12,20260560008,DISPATCHED,CLEARED BY ARREST,Closed,3612 3612,"RESIDENCE, HOME",220,BURGLARY - AGGRAVATED,PERSONAL (HANDS),No,I,INDIVIDUAL (18 AND OVER),F,W,Non-Hispanic,37216,2026-09-16 05:19:00,2026-09-16 08:19:00,36.21100000000074,-86.72100000014842
20260560008_13,20260560008,DISPATCHED,CLEARED BY ARREST,Closed,3612 3612,"RESIDENCE, HOME",220,BURGLARY - AGGRAVATED,PERSONAL (HANDS),No,I,INDIVIDUAL (18 AND OVER),M,W,Non-Hispanic,37216,2026-09-16 05:19:00,2026-09-16 08:19:00,36.21100000000074,-86.72100000014842
20260560008_23,20260560008,DISPATCHED,CLEARED BY ARREST,Closed,3612 3612,"RESIDENCE, HOME",290,DAMAGE PROP - PRIVATE,PERSONAL (HANDS),No,I,INDIVIDUAL (18 AND OVER),M,W,Non-Hispanic,37216,2026-09-16 05:19:00,2026-09-16 08:19:00,36.21100000000074,-86.72100000014842
20260559557_11,20260559557,DISPATCHED,UNFOUNDED,Closed,1714 1714,"RESIDENCE, HOME",740,POLICE INQUIRY,NONE,Yes,I,INDIVIDUAL (18 AND OVER),F,B,Non-Hispanic,37208,2026-09-16 00:13:00,2026-09-16 08:08:00,36.18499999992697,-86.81299999967248
20260560031_11,20260560031,DISPATCHED,OPEN,Open,26TH AVE N,School-Elementary/Secondary,90F,FAMILY OFFENSE,NONE,No,S,SOCIETY,,,,,2026-09-15 23:00:00,2026-09-16 08:04:00,36.159999999962295,-86.82000000025143
20260559990_11,20260559990,DISPATCHED,CLEARED BY ARREST,Closed,501 501,"RESIDENCE, HOME",13B,SIMPLE ASSLT,PERSONAL (HANDS),Yes,I,INDIVIDUAL (18 AND OVER),M,B,Non-Hispanic,37203,2026-09-15 14:00:00,2026-09-16 07:43:00,36.15899999964666,-86.80099999957834
20260559810_11,20260559810,SUSPECT,OPEN,Open,CITY PL,"PARKING LOT, GARAGE",780,"RECOVERY, STOLEN PROPERTY",NONE,No,I,INDIVIDUAL (18 AND OVER),F,B,Non-Hispanic,,2026-09-15 19:30:00,2026-09-16 07:36:00,36.15000000024567,-86.82000000025143
20260559960_11,20260559960,SUSPECT,CLEARED BY ARREST,Closed,12TH AVE S & LAUREL ST,"HIGHWAY, ROAD, ALLEY",520,"WEAPON OFFENSE, CRIMINAL ATTEMPT",HANDGUN,No,S,SOCIETY,,,,37203,2026-09-16 04:40:00,2026-09-16 07:32:00,36.1539999996859,-86.7860000001344
20260559960_21,20260559960,SUSPECT,CLEARED BY ARREST,Closed,12TH AVE S & LAUREL ST,"HIGHWAY, ROAD, ALLEY",35A,MARIJUANA - POSSESS,HANDGUN,No,S,SOCIETY,,,,37203,2026-09-16 04:40:00,2026-09-16 07:32:00,36.1539999996859,-86.7860000001344
20260559960_31,20260559960,SUSPECT,CLEARED BY ARREST,Closed,12TH AVE S & LAUREL ST,"HIGHWAY, ROAD, ALLEY",35B,DRUG PARAPHERNALIA- UNLAWFUL USE,HANDGUN,No,S,SOCIETY,,,,37203,2026-09-16 04:40:00,2026-09-16 07:32:00,36.1539999996859,-86.7860000001344
20260560079_11,20260560079,DISPATCHED,UNFOUNDED,Closed,901 901,APARTMENT,780,"RECOVERY, STOLEN PROPERTY",,No,I,INDIVIDUAL (18 AND OVER),M,B,Non-Hispanic,37208,2026-09-16 07:07:00,2026-09-16 07:07:00,36.16500000022236,-86.80000000039394
20260560080_11,20260560080,DISPATCHED,OPEN,Open,BROADWAY,"BAR, NIGHT CLUB",13B,SIMPLE ASSLT,PERSONAL (HANDS),No,I,INDIVIDUAL (18 AND OVER),F,W,Non-Hispanic,,2026-09-16 06:00:00,2026-09-16 07:05:00,36.159999999962295,-86.77999999963816
20260560019_11,20260560019,DISPATCHED,OPEN,Open,PLUS PARK BLVD,"PARKING LOT, GARAGE",13C,ASSAULT- FEAR OF BODILY INJURY,,No,I,INDIVIDUAL (18 AND OVER),F,B,Non-Hispanic,,2026-09-16 04:00:00,2026-09-16 07:04:00,36.12999999970263,-86.72000000006571
20260560035_11,20260560035,DISPATCHED,OPEN,Open,25TH AVE N,APARTMENT,13A,"Assault, Aggravated - Deadly Weapon - Int/Kn",LETHAL/CUTTING INSTRUMENT,Yes,I,INDIVIDUAL (18 AND OVER),F,B,Non-Hispanic,,2026-09-16 00:30:00,2026-09-16 06:37:00,36.18000000021363,-86.82000000025143
20260559807_11,20260559807,DISPATCHED,CLEARED BY ARREST,Closed,501 501,"RESIDENCE, HOME",13A,"Assault, Aggravated - Deadly Weapon - Int/Kn",LETHAL/CUTTING INSTRUMENT,Yes,I,INDIVIDUAL (18 AND OVER),M,B,Non-Hispanic,37203,2026-09-16 01:00:00,2026-09-16 06:31:00,36.15899999964666,-86.80099999957834
20260559807_22,20260559807,DISPATCHED,CLEARED BY ARREST,Closed,501 501,"RESIDENCE, HOME",290,"VANDALISM- $1,000 OR LESS",PERSONAL (HANDS),Yes,I,INDIVIDUAL (18 AND OVER),F,B,Non-Hispanic,37203,2026-09-16 01:00:00,2026-09-16 06:31:00,36.15899999964666,-86.80099999957834
20260560036_11,20260560036,DISPATCHED,UNFOUNDED,Closed,801 801,"RESIDENCE, HOME",740,POLICE INQUIRY,NONE,No,U,UNKNOWN,U,U,Unknown,37204,2026-09-16 05:45:00,2026-09-16 06:30:00,36.12499999988536,-86.77700000028835
20260560028_11,20260560028,DISPATCHED,UNFOUNDED,Closed,901 901,APARTMENT,740,POLICE INQUIRY,,Yes,I,INDIVIDUAL (18 AND OVER),M,B,Non-Hispanic,37208,2026-09-16 04:30:00,2026-09-16 06:24:00,36.16500000022236,-86.80000000039394
20260559700_11,20260559700,DISPATCHED,CLEARED BY ARREST,Closed,3111 3111,"HIGHWAY, ROAD, ALLEY",290,"VANDALISM- >$1,000 BUT < $2,500",OTHER,Yes,I,INDIVIDUAL (18 AND OVER),M,B,Non-Hispanic,37203,2026-09-16 00:00:00,2026-09-16 06:13:00,36.145999999900255,-86.81800000008602
20260559916_11,20260559916,DISPATCHED,OPEN,Open,HUMMINGBIRD,"RESIDENCE, HOME",850,CONTEMPT - VIOLATION OF PROTECTION ORDER,NONE,Yes,I,INDIVIDUAL (18 AND OVER),F,B,Non-Hispanic,,2026-09-16 03:55:00,2026-09-16 06:09:00,36.22000000011304,-86.83000000018018
20260559832_11,20260559832,DISPATCHED,CLEARED BY ARREST,Closed,145 145,"RESIDENCE, HOME",13B,SIMPLE ASSLT,PERSONAL (HANDS),Yes,I,INDIVIDUAL (18 AND OVER),M,W,Non-Hispanic,37210,2026-09-16 02:45:00,2026-09-16 06:05:00,36.11399999985069,-86.73699999967509
20260559979_11,20260559979,DISPATCHED,UNFOUNDED,Closed,1938 1938,"RESIDENCE, HOME",740,POLICE INQUIRY,NONE,Yes,I,INDIVIDUAL (18 AND OVER),F,W,Unknown,37072,2026-09-16 04:19:00,2026-09-16 06:03:00,36.37200000008298,-86.73899999984049
20260560014_11,20260560014,DISPATCHED,UNFOUNDED,Closed,15180 15180,APARTMENT,740,TRANSPORT,LETHAL/CUTTING INSTRUMENT,No,I,INDIVIDUAL (18 AND OVER),F,W,Non-Hispanic,37211,2026-09-16 05:26:00,2026-09-16 05:56:00,36.04500000005651,-86.72000000006571
20260559773_11,20260559773,DISPATCHED,OPEN,Open,WEST END AVE,RESTAURANT,90Z,VIOLATION OF CONDITION OF RELEASE,NONE,Yes,I,INDIVIDUAL (18 AND OVER),M,B,Non-Hispanic,,2026-09-15 23:51:00,2026-09-16 05:54:00,36.15000000024567,-86.80000000039394
20260559950_11,20260559950,DISPATCHED,OPEN,Open,MURFREESBORO PIKE,"PARKING LOT, GARAGE",13A,"Assault, Aggravated - Deadly Weapon - Int/Kn",HANDGUN,No,I,INDIVIDUAL (18 AND OVER),M,B,Unknown,,2026-09-16 04:15:00,2026-09-16 05:41:00,36.09000000018983,-86.64999999966624
20260559950_22,20260559950,DISPATCHED,OPEN,Open,MURFREESBORO PIKE,"PARKING LOT, GARAGE",520,"WEAPON OFFENSE, CRIMINAL ATTEMPT",HANDGUN,No,S,SOCIETY,,,,,2026-09-16 04:15:00,2026-09-16 05:41:00,36.09000000018983,-86.64999999966624
20260559605_11,20260559605,SUSPECT,UNFOUNDED,Closed,610 610,"GOVERNMENT, PUBLIC BUILDING",740,TRANSPORT,,No,I,INDIVIDUAL (18 AND OVER),M,W,Non-Hispanic,37210,2026-09-16 00:21:00,2026-09-16 05:23:00,36.14100000025182,-86.7399999999232
20260559793_11,20260559793,DISPATCHED,CLEARED BY ARREST,Closed,6TH AVE S & KOREAN VETERANS BLVD,"HIGHWAY, ROAD, ALLEY",13B,SIMPLE ASSLT,PERSONAL (HANDS),Yes,I,INDIVIDUAL (18 AND OVER),F,W,Non-Hispanic,37203,2026-09-16 02:35:00,2026-09-16 05:23:00,36.15599999977934,-86.77700000028835
20260559793_21,20260559793,DISPATCHED,CLEARED BY ARREST,Closed,6TH AVE S & KOREAN VETERANS BLVD,"HIGHWAY, ROAD, ALLEY",290,DAMAGE PROP - PRIVATE,PERSONAL (HANDS),Yes,I,INDIVIDUAL (18 AND OVER),F,W,Non-Hispanic,37203,2026-09-16 02:35:00,2026-09-16 05:23:00,36.15599999977934,-86.77700000028835
20260559738_12,20260559738,DISPATCHED,CLEARED BY ARREST,Closed,946 946,"HIGHWAY, ROAD, ALLEY",90F,CHILD NEGLECT - IMMINENT DANGER & CHILD 8 OR LESS,MOTOR VEHICLE,No,S,SOCIETY,,,,37013,2026-09-16 01:54:00,2026-09-16 05:22:00,36.06899999989852,-86.68199999961786
20260559962_11,20260559962,DISPATCHED,OPEN,Open,MARGARET ROBERTSON,"RESIDENCE, HOME",26A,FRAUD - SWINDLE,NONE,No,I,INDIVIDUAL (18 AND OVER),F,W,Non-Hispanic,,2026-09-16 01:53:00,2026-09-16 05:20:00,36.18000000021363,-86.60000000002253
20260559672_11,20260559672,DISPATCHED,CLEARED BY ARREST,Closed,5272 5272,CONVENIENCE STORE,780,"RECOVERY, STOLEN PROPERTY",HANDGUN,No,I,INDIVIDUAL (18 AND OVER),F,B,Non-Hispanic,37013,2026-09-16 01:00:00,2026-09-16 05:14:00,36.04599999979019,-86.66199999976038
20260559672_22,20260559672,DISPATCHED,CLEARED BY ARREST,Closed,5272 5272,CONVENIENCE STORE,35A,POSSESSION OF A CONTROLLED SUBSTANCE,NONE,No,S,SOCIETY,,,,37013,2026-09-16 01:00:00,2026-09-16 05:14:00,36.04599999979019,-86.66199999976038
20260559767_11,20260559767,DISPATCHED,OPEN,Open,KINSEY BLVD,"RESIDENCE, HOME",240,"THEFT OF VEHICLE-2,500 OR > BUT<$10,000",NONE,No,I,INDIVIDUAL (18 AND OVER),F,B,Non-Hispanic,,2026-09-04 17:00:00,2026-09-16 05:04:00,36.25000000002025,-86.69000000027951
20260560051_11,20260560051,DISPATCHED,UNFOUNDED,Closed,257 257,APARTMENT,740,POLICE INQUIRY,NONE,Yes,U,UNKNOWN,M,U,Unknown,37076,2026-09-16 04:50:00,2026-09-16 05:00:00,36.17400000003244,-86.59899999993983
20260559655_11,20260559655,DISPATCHED,CLEARED BY ARREST,Closed,256 256,"HIGHWAY, ROAD, ALLEY",35A,POSSESSION OF A CONTROLLED SUBSTANCE,NONE,No,S,SOCIETY,,,,37211,2026-09-16 04:55:00,2026-09-16 04:55:00,36.078999999789886,-86.71000000013699
20260559655_21,20260559655,DISPATCHED,CLEARED BY ARREST,Closed,256 256,"HIGHWAY, ROAD, ALLEY",520,Weapon - Dangerous Felony - w/prior conviction,HANDGUN,No,S,SOCIETY,,,,37211,2026-09-16 04:55:00,2026-09-16 04:55:00,36.078999999789886,-86.71000000013699
20260559673_11,20260559673,DISPATCHED,UNFOUNDED,Closed,3217 3217,"RESIDENCE, HOME",740,POLICE INQUIRY,NONE,Yes,I,INDIVIDUAL (18 AND OVER),F,B,Non-Hispanic,37218,2026-09-16 00:00:00,2026-09-16 04:51:00,36.2170000001132,-86.82800000001475
20260559937_11,20260559937,DISPATCHED,UNFOUNDED,Closed,4372 4372,"RESIDENCE, HOME",810,LOST PROPERTY,NONE,No,I,INDIVIDUAL (18 AND OVER),F,W,Non-Hispanic,37076,2026-09-16 00:00:00,2026-09-16 04:35:00,36.20500000009323,-86.60400000035337
20260559910_11,20260559910,DISPATCHED,OPEN,Open,BASSWOOD AVE,APARTMENT,240,VEHICLE THEFT,NONE,No,I,INDIVIDUAL (18 AND OVER),M,W,Non-Hispanic,,2026-09-15 18:00:00,2026-09-16 04:33:00,36.159999999962295,-86.87999999982385
20260559914_11,20260559914,DISPATCHED,OPEN,Open,BELL RD,"SERVICE, GAS STATION",23H,"THEFT OF PROPERTY- $1,000 OR >  BUT < $10,000",NONE,No,I,INDIVIDUAL (18 AND OVER),M,W,Non-Hispanic,,2026-09-16 02:00:00,2026-09-16 04:30:00,36.15000000024567,-86.61999999988002
20260559899_11,20260559899,DISPATCHED,UNFOUNDED,Closed,6 6,"RESIDENCE, HOME",740,POLICE INQUIRY,NONE,No,I,INDIVIDUAL (18 AND OVER),F,B,Non-Hispanic,37210,2026-09-16 03:53:00,2026-09-16 04:28:00,36.14699999988796,-86.76199999994608
20260559904_11,20260559904,DISPATCHED,UNFOUNDED,Closed,1614 1614,"RESIDENCE, HOME",780,"RECOVERY, STOLEN PROPERTY",Unarmed,No,I,INDIVIDUAL (18 AND OVER),M,B,Non-Hispanic,37218,2026-09-16 03:45:00,2026-09-16 04:16:00,36.19299999998862,-86.84300000035704
20260559904_12,20260559904,DISPATCHED,UNFOUNDED,Closed,1614 1614,"RESIDENCE, HOME",780,"RECOVERY, STOLEN PROPERTY",Unarmed,No,I,INDIVIDUAL (18 AND OVER),F,W,Non-Hispanic,37218,2026-09-16 03:45:00,2026-09-16 04:16:00,36.19299999998862,-86.84300000035704
20260559868_11,20260559868,DISPATCHED,OPEN,Open,E STEWARTS LN,"RESIDENCE, HOME",13A,"Assault, Aggravated - Deadly Weapon - Int/Kn",RIFLE,No,I,INDIVIDUAL (18 AND OVER),F,W,Non-Hispanic,,2026-09-16 04:15:00,2026-09-16 04:15:00,36.19000000021294,-86.84000000010889
20260559868_22,20260559868,DISPATCHED,OPEN,Open,E STEWARTS LN,"RESIDENCE, HOME",520,"WEAPON OFFENSE, CRIMINAL ATTEMPT",RIFLE,No,S,SOCIETY,,,,,2026-09-16 04:15:00,2026-09-16 04:15:00,36.19000000021294,-86.84000000010889
20260559701_11,20260559701,DISPATCHED,UNFOUNDED,Closed,823 823,APARTMENT,740,POLICE INQUIRY,NONE,Yes,I,INDIVIDUAL (18 AND OVER),F,B,Non-Hispanic,37208,2026-09-16 01:11:00,2026-09-16 04:02:00,36.17799999972321,-86.79600000006313
20260559806_11,20260559806,SUSPECT,CLEARED BY ARREST,Closed,2400 2400,"HIGHWAY, ROAD, ALLEY",520,"WEAPON OFFENSE, CRIMINAL ATTEMPT",HANDGUN,No,S,SOCIETY,,,,37208,2026-09-16 02:58:00,2026-09-16 04:00:00,36.18499999992697,-86.8159999999206
20260559796_11,20260559796,SUSPECT,UNFOUNDED,Closed,523 523,"CHURCH, SYNAGOGUE, TEMPLE",715,FOUND PROPERTY,NONE,No,I,INDIVIDUAL (18 AND OVER),M,W,Hispanic,37219,2026-09-16 02:48:00,2026-09-16 03:59:00,36.1629999998043,-86.78099999972085
20260559800_11,20260559800,DISPATCHED,UNFOUNDED,Closed,2424 2424,"RESIDENCE, HOME",740,POLICE INQUIRY,NONE,Yes,I,INDIVIDUAL (18 AND OVER),M,W,Non-Hispanic,37216,2026-09-16 02:45:00,2026-09-16 03:55:00,36.20199999980591,-86.72499999958093
20260559782_11,20260559782,DISPATCHED,OPEN,Open,CLARKSVILLE PIKE,"RESIDENCE, HOME",23H,"THEFT OF PROPERTY- $1,000 OR >  BUT < $10,000",NONE,No,I,INDIVIDUAL (18 AND OVER),M,W,Non-Hispanic,,2026-09-14 16:00:00,2026-09-16 03:47:00,36.23999999981472,-86.83000000018018
20260559813_11,20260559813,DISPATCHED,UNFOUNDED,Closed,212 212,APARTMENT,740,POLICE INQUIRY,,No,I,INDIVIDUAL (18 AND OVER),F,W,Non-Hispanic,37214,2026-09-15 17:30:00,2026-09-16 03:43:00,36.13800000028207,-86.6399999997375
20260559795_11,20260559795,DISPATCHED,UNFOUNDED,Closed,1938 1938,"RESIDENCE, HOME",740,POLICE INQUIRY,NONE,No,I,INDIVIDUAL (18 AND OVER),F,W,Unknown,37072,2026-09-16 02:00:00,2026-09-16 03:37:00,36.37200000008298,-86.73899999984049
20260559861_11,20260559861,DISPATCHED,UNFOUNDED,Closed,1717 1717,"HIGHWAY, ROAD, ALLEY",740,POLICE INQUIRY,NONE,Yes,I,INDIVIDUAL (18 AND OVER),M,B,Non-Hispanic,37013,2026-09-16 02:30:00,2026-09-16 03:31:00,36.04099999976909,-86.60899999986857
20260559777_11,20260559777,DISPATCHED,UNFOUNDED,Closed,2425 2425,APARTMENT,740,POLICE INQUIRY,NONE,Yes,I,INDIVIDUAL (18 AND OVER),F,W,Non-Hispanic,37214,2026-09-16 02:13:00,2026-09-16 03:28:00,36.159999999962295,-86.69000000027951
20260559788_11,20260559788,DISPATCHED,OPEN,Open,40TH,"PARKING LOT, GARAGE",240,"THEFT OF VEHICLE-2,500 OR > BUT<$10,000",Unarmed,No,I,INDIVIDUAL (18 AND OVER),M,B,Non-Hispanic,,2026-09-15 19:00:00,2026-09-16 03:22:00,36.15000000024567,-86.83000000018018
20260559788_12,20260559788,DISPATCHED,OPEN,Open,40TH,"PARKING LOT, GARAGE",240,"THEFT OF VEHICLE-2,500 OR > BUT<$10,000",Unarmed,No,I,INDIVIDUAL (18 AND OVER),F,A,Non-Hispanic,,2026-09-15 19:00:00,2026-09-16 03:22:00,36.15000000024567,-86.83000000018018
20260559608_11,20260559608,DISPATCHED,CLEARED BY ARREST,Closed,3111 3111,"HIGHWAY, ROAD, ALLEY",13B,ASSAULT- OFFENSIVE OR PROVOCATIVE CONTACT,PERSONAL (HANDS),Yes,I,INDIVIDUAL (18 AND OVER),F,B,Non-Hispanic,37203,2026-09-16 00:00:00,2026-09-16 03:18:00,36.145999999900255,-86.81800000008602
20260559696_11,20260559696,DISPATCHED,UNFOUNDED,Closed,1717 1717,"RESIDENCE, HOME",740,TRANSPORT,NONE,No,I,INDIVIDUAL (18 AND OVER),M,B,Non-Hispanic,37208,2026-09-15 22:30:00,2026-09-16 03:14:00,36.17899999982454,-86.80199999966105
20260559765_11,20260559765,DISPATCHED,OPEN,Open,MITCHELL RD,"RESIDENCE, HOME",13B,SIMPLE ASSLT,PERSONAL (HANDS),Yes,I,INDIVIDUAL (18 AND OVER),F,B,Non-Hispanic,,2026-09-16 01:28:00,2026-09-16 03:00:00,36.18000000021363,-86.71000000013699
20260559772_11,20260559772,DISPATCHED,OPEN,Open,CITY PL,"PARKING LOT, GARAGE",240,VEHICLE THEFT,Unarmed,No,I,INDIVIDUAL (18 AND OVER),M,W,Non-Hispanic,,2026-09-15 19:30:00,2026-09-16 02:53:00,36.15000000024567,-86.82000000025143
20260559772_12,20260559772,DISPATCHED,OPEN,Open,CITY PL,"PARKING LOT, GARAGE",240,VEHICLE THEFT,Unarmed,No,I,INDIVIDUAL (18 AND OVER),F,B,Non-Hispanic,,2026-09-15 19:30:00,2026-09-16 02:53:00,36.15000000024567,-86.82000000025143
20260559781_11,20260559781,DISPATCHED,UNFOUNDED,Closed,2938 2938,APARTMENT,740,POLICE INQUIRY,Unarmed,Yes,I,INDIVIDUAL (18 AND OVER),F,B,Unknown,37209,2026-09-16 00:27:00,2026-09-16 02:51:00,36.15800000035669,-86.82100000033412
20260559560_11,20260559560,DISPATCHED,UNFOUNDED,Closed,328 328,"RESIDENCE, HOME",740,TRANSPORT,OTHER,Yes,I,INDIVIDUAL (18 AND OVER),M,A,Non-Hispanic,37215,2026-09-15 23:30:00,2026-09-16 02:49:00,36.046999999895846,-86.84799999987223
20260559375_11,20260559375,DISPATCHED,OPEN,Open,BURNING TREE DR,APARTMENT,13C,ASSAULT- FEAR OF BODILY INJURY,,No,I,INDIVIDUAL (18 AND OVER),F,W,Non-Hispanic,,2026-09-15 21:30:00,2026-09-16 02:45:00,36.16999999991994,-86.60000000002253
20260559729_11,20260559729,DISPATCHED,CLEARED BY ARREST,Closed,6814 6814,"DEPARTMENT, DISCOUNT STORE",23C,SHOPLIFTING,NONE,No,B,BUSINESS,,,,37209,2026-09-16 02:41:00,2026-09-16 02:41:00,36.13399999963893,-86.88999999975259
20260559552_11,20260559552,DISPATCHED,REFUSED TO COOPERATE,Closed,1217 1217,"RESIDENCE, HOME",290,"VANDALISM- $1,000 OR LESS",NONE,No,I,INDIVIDUAL (18 AND OVER),F,W,Non-Hispanic,37013,2026-09-09 09:14:00,2026-09-16 02:41:00,36.0720000002808,-86.59699999977443
20260559222_11,20260559222,DISPATCHED,OPEN,Open,MUSIC VALLEY,"PARKING LOT, GARAGE",240,VEHICLE THEFT,NONE,No,I,INDIVIDUAL (18 AND OVER),F,W,Non-Hispanic,,2026-09-06 21:00:00,2026-09-16 02:36:00,36.22000000011304,-86.69000000027951
20260559222_12,20260559222,DISPATCHED,OPEN,Open,MUSIC VALLEY,"PARKING LOT, GARAGE",240,VEHICLE THEFT,NONE,No,G,GOVERNMENT,,,,,2026-09-06 21:00:00,2026-09-16 02:36:00,36.22000000011304,-86.69000000027951
20260559653_11,20260559653,DISPATCHED,UNFOUNDED,Closed,124 124,APARTMENT,740,POLICE INQUIRY,NONE,No,I,INDIVIDUAL (18 AND OVER),M,B,Non-Hispanic,37076,2026-09-16 02:00:00,2026-09-16 02:36:00,36.17400000003244,-86.60200000018794
20260559524_11,20260559524,DISPATCHED,UNFOUNDED,Closed,2231 2231,CONVENIENCE STORE,740,POLICE INQUIRY,NONE,No,I,INDIVIDUAL (18 AND OVER),F,W,Non-Hispanic,37228,2026-09-16 02:31:00,2026-09-16 02:31:00,36.18799999983186,-86.81900000016873
20260559736_11,20260559736,DISPATCHED,UNFOUNDED,Closed,1045 1045,APARTMENT,740,POLICE INQUIRY,NONE,Yes,I,INDIVIDUAL (18 AND OVER),F,B,Non-Hispanic,37207,2026-09-15 22:40:00,2026-09-16 02:31:00,36.227999999744775,-86.77500000012294
20260559751_11,20260559751,DISPATCHED,OPEN,Open,PACKARD DR,"PARKING LOT, GARAGE",23G,LARC - PARTS FROM VEH,NONE,No,I,INDIVIDUAL (18 AND OVER),M,W,Hispanic,,2026-09-16 02:23:00,2026-09-16 02:23:00,36.05999999996536,-86.69000000027951
20260559746_11,20260559746,DISPATCHED,OPEN,Open,GALLATIN,"DEPARTMENT, DISCOUNT STORE",23C,SHOPLIFTING,,No,B,BUSINESS,,,,,2026-09-15 23:43:00,2026-09-16 02:22:00,36.30999999970611,-86.69000000027951
20260559745_11,20260559745,DISPATCHED,OPEN,Open,DICKERSON PIKE,"DEPARTMENT, DISCOUNT STORE",23C,SHOPLIFTING,PERSONAL (HANDS),No,B,BUSINESS,,,,,2026-09-15 17:00:00,2026-09-16 02:20:00,36.25000000002025,-86.75999999978066
20260559521_11,20260559521,DISPATCHED,CLEARED BY ARREST,Closed,5824 5824,"GROCERY, SUPERMARKET",23C,SHOPLIFTING,NONE,No,B,BUSINESS,,,,37013,2026-09-15 23:20:00,2026-09-16 02:18:00,36.04200000018788,-86.71300000038511
20260559527_11,20260559527,DISPATCHED,OPEN,Open,I440  E,"HIGHWAY, ROAD, ALLEY",13B,SIMPLE ASSLT,PERSONAL (HANDS),Yes,I,INDIVIDUAL (18 AND OVER),F,B,Non-Hispanic,,2026-09-09 06:50:00,2026-09-16 02:14:00,36.12000000013524,-86.74999999985195
20260559242_11,20260559242,DISPATCHED,UNFOUNDED,Closed,726 726,"HIGHWAY, ROAD, ALLEY",740,POLICE INQUIRY,NONE,No,I,INDIVIDUAL (18 AND OVER),F,B,Non-Hispanic,37207,2026-09-15 20:45:00,2026-09-16 02:12:00,36.21599999967333,-86.81299999967248
20260559675_11,20260559675,DISPATCHED,OPEN,Open,CENTURY,"PARKING LOT, GARAGE",23F,BURGLARY- MOTOR VEHICLE,NONE,No,I,INDIVIDUAL (18 AND OVER),M,W,Non-Hispanic,,2026-09-11 00:00:00,2026-09-16 02:11:00,36.13999999994927,-86.69000000027951
20260559717_11,20260559717,DISPATCHED,UNFOUNDED,Closed,570 570,APARTMENT,740,POLICE INQUIRY,NONE,No,I,INDIVIDUAL (18 AND OVER),F,W,Non-Hispanic,37211,2026-09-16 02:10:00,2026-09-16 02:10:00,36.05500000025484,-86.72799999982904
20260559562_11,20260559562,DISPATCHED,UNFOUNDED,Closed,660 660,"RESIDENCE, HOME",740,POLICE INQUIRY,,No,I,INDIVIDUAL (18 AND OVER),F,W,Non-Hispanic,37076,2026-09-15 23:56:00,2026-09-16 02:03:00,36.14800000018361,-86.67299999977183
20260559429_11,20260559429,DISPATCHED,UNFOUNDED,Closed,6828 6828,"RESIDENCE, HOME",740,TRANSPORT,NONE,No,I,INDIVIDUAL (18 AND OVER),M,W,Non-Hispanic,37013,2026-09-15 22:40:00,2026-09-16 02:03:00,36.014000000099166,-86.69900000012554
20260559695_11,20260559695,DISPATCHED,UNFOUNDED,Closed,1009 1009,"RESIDENCE, HOME",740,POLICE INQUIRY,NONE,Yes,I,INDIVIDUAL (18 AND OVER),M,W,Hispanic,37115,2026-09-16 01:19:00,2026-09-16 02:01:00,36.25499999984463,-86.75099999993463
20260559591_11,20260559591,DISPATCHED,OPEN,Open,LEBANON PIKE,"HIGHWAY, ROAD, ALLEY",13A,"ASSAULT, VEHICULAR, AGGRAVATED",MOTOR VEHICLE,No,I,INDIVIDUAL (18 AND OVER),F,W,Non-Hispanic,,2026-09-14 14:45:00,2026-09-16 01:56:00,36.16999999991994,-86.68000000035076
20260559591_12,20260559591,DISPATCHED,OPEN,Open,LEBANON PIKE,"HIGHWAY, ROAD, ALLEY",13A,"ASSAULT, VEHICULAR, AGGRAVATED",MOTOR VEHICLE,No,I,INDIVIDUAL (18 AND OVER),M,W,Non-Hispanic,,2026-09-14 14:45:00,2026-09-16 01:56:00,36.16999999991994,-86.68000000035076
20260559591_13,20260559591,DISPATCHED,OPEN,Open,LEBANON PIKE,"HIGHWAY, ROAD, ALLEY",13A,"ASSAULT, VEHICULAR, AGGRAVATED",MOTOR VEHICLE,No,I,INDIVIDUAL (18 AND OVER),F,W,Non-Hispanic,,2026-09-14 14:45:00,2026-09-16 01:56:00,36.16999999991994,-86.68000000035076
20260559515_11,20260559515,DISPATCHED,UNFOUNDED,Closed, & ,APARTMENT,740,TRANSPORT,NONE,No,I,INDIVIDUAL (18 AND OVER),M,W,Non-Hispanic,,2026-09-16 01:50:00,2026-09-16 01:50:00,,
20260559648_11,20260559648,DISPATCHED,UNFOUNDED,Closed,801 801,"RESIDENCE, HOME",740,POLICE INQUIRY,NONE,Yes,I,INDIVIDUAL (18 AND OVER),F,B,Non-Hispanic,37206,2026-09-16 00:00:00,2026-09-16 01:44:00,36.17899999982454,-86.71399999956948
20260559656_11,20260559656,DISPATCHED,OPEN,Open,CHEYENNE BLVD,APARTMENT,220,BURGLARY - AGGRAVATED,PERSONAL (HANDS),No,I,INDIVIDUAL (18 AND OVER),F,B,Non-Hispanic,,2026-09-16 00:50:00,2026-09-16 01:31:00,36.25999999986106,-86.68000000035076
20260559666_11,20260559666,SUSPECT,UNFOUNDED,Closed,1441 1441,"OTHER, UNKNOWN",740,POLICE INQUIRY,NONE,No,G,GOVERNMENT,,,,37212,2026-01-02 02:31:00,2026-09-16 01:31:00,36.13700000019328,-86.7890000003825
20260559599_11,20260559599,SUSPECT,OPEN,Open,N DUPONT AVE,APARTMENT,13C,ASSAULT- FEAR OF BODILY INJURY,,No,I,INDIVIDUAL (18 AND OVER),F,B,Non-Hispanic,,2026-09-16 00:00:00,2026-09-16 01:30:00,36.27000000015372,-86.70000000020825
20260559541_11,20260559541,DISPATCHED,UNFOUNDED,Closed,6501 6501,APARTMENT,740,TRANSPORT,NONE,No,I,INDIVIDUAL (18 AND OVER),F,W,Non-Hispanic,37205,2026-09-15 23:28:00,2026-09-16 01:27:00,36.09000000018983,-86.89099999983532
20260559454_11,20260559454,DISPATCHED,CLEARED BY ARREST,Closed,7048 7048,"RESIDENCE, HOME",13C,ASSAULT- FEAR OF BODILY INJURY,,Yes,I,INDIVIDUAL (18 AND OVER),F,W,Non-Hispanic,37013,2026-09-15 23:05:00,2026-09-16 01:25:00,36.00699999998324,-86.69299999962931
20260559550_11,20260559550,DISPATCHED,OPEN,Open,NOLENSVILLE PIKE,RENTAL STORAGE FACILITY,220,BURGL - NO FORCED ENTRY-NONRESID,NONE,No,B,BUSINESS,,,,,2026-07-21 17:00:00,2026-09-16 01:12:00,36.06999999966938,-86.72000000006571
20260559550_12,20260559550,DISPATCHED,OPEN,Open,NOLENSVILLE PIKE,RENTAL STORAGE FACILITY,220,BURGL - NO FORCED ENTRY-NONRESID,NONE,No,I,INDIVIDUAL (18 AND OVER),F,B,Non-Hispanic,,2026-07-21 17:00:00,2026-09-16 01:12:00,36.06999999966938,-86.72000000006571
20260559627_11,20260559627,SUSPECT,PROSECUTION DECLINED,Closed,S 4TH ST & SHELBY AVE,"HIGHWAY, ROAD, ALLEY",35A,MARIJUANA - POSSESS,NONE,No,S,SOCIETY,,,,37206,2026-09-16 00:34:00,2026-09-16 01:03:00,36.16699999965114,-86.7640000001115
20260559413_11,20260559413,DISPATCHED,UNFOUNDED,Closed,409 409,"RESIDENCE, HOME",740,TRANSPORT,NONE,No,I,INDIVIDUAL (18 AND OVER),M,B,Non-Hispanic,37207,2026-09-15 21:30:00,2026-09-16 01:01:00,36.22999999987656,-86.80199999966105
20260559193_11,20260559193,DISPATCHED,OPEN,Open,TONEY RD,"RESIDENCE, HOME",13B,SIMPLE ASSLT,PERSONAL (HANDS),Yes,I,INDIVIDUAL (18 AND OVER),F,W,Non-Hispanic,,2026-09-15 20:00:00,2026-09-16 00:59:00,36.209999999706326,-86.7899999995669
20260559193_12,20260559193,DISPATCHED,OPEN,Open,TONEY RD,"RESIDENCE, HOME",13B,SIMPLE ASSLT,PERSONAL (HANDS),Yes,I,INDIVIDUAL (18 AND OVER),M,W,Non-Hispanic,,2026-09-15 20:00:00,2026-09-16 00:59:00,36.209999999706326,-86.7899999995669
20260559193_13,20260559193,DISPATCHED,OPEN,Open,TONEY RD,"RESIDENCE, HOME",13B,SIMPLE ASSLT,PERSONAL (HANDS),Yes,I,INDIVIDUAL (18 AND OVER),F,W,Non-Hispanic,,2026-09-15 20:00:00,2026-09-16 00:59:00,36.209999999706326,-86.7899999995669
20260559451_11,20260559451,DISPATCHED,OPEN,Open,MEDICAL CENTER DR,"HIGHWAY, ROAD, ALLEY",13C,ASSAULT- FEAR OF BODILY INJURY,,Yes,I,INDIVIDUAL (18 AND OVER),F,B,Non-Hispanic,,2026-09-15 21:30:00,2026-09-16 00:53:00,36.13999999994927,-86.80000000039394
20260559601_11,20260559601,DISPATCHED,UNFOUNDED,Closed,412 412,"RESIDENCE, HOME",740,POLICE INQUIRY,NONE,Yes,I,INDIVIDUAL (18 AND OVER),M,B,Unknown,37206,2026-09-15 23:30:00,2026-09-16 00:53:00,36.18100000016468,-86.75799999961527
20260559613_11,20260559613,DISPATCHED,OPEN,Open,SIGLER ST,"RESIDENCE, HOME",23F,BURGLARY- MOTOR VEHICLE,NONE,No,I,INDIVIDUAL (18 AND OVER),F,W,Non-Hispanic,,2026-09-15 21:30:00,2026-09-16 00:51:00,36.15000000024567,-86.7899999995669
20260559638_11,20260559638,DISPATCHED,OPEN,Open,GLASTONBURY RD,"PARKING LOT, GARAGE",23F,BURGLARY- MOTOR VEHICLE,Unarmed,No,I,INDIVIDUAL (18 AND OVER),M,W,Non-Hispanic,,2026-09-15 22:30:00,2026-09-16 00:47:00,36.13999999994927,-86.70000000020825
20260559538_11,20260559538,DISPATCHED,UNFOUNDED,Closed,2901 2901,"RESIDENCE, HOME",740,POLICE INQUIRY,NONE,No,I,INDIVIDUAL (18 AND OVER),M,W,Non-Hispanic,37013,2026-09-15 17:37:00,2026-09-16 00:38:00,36.04099999976909,-86.63300000005688
20260559574_11,20260559574,DISPATCHED,UNFOUNDED,Closed,GALLATIN AVE & MAIN ST,"HIGHWAY, ROAD, ALLEY",715,FOUND PROPERTY,NONE,No,U,UNKNOWN,U,U,Unknown,37206,2026-09-15 23:40:00,2026-09-16 00:37:00,36.17799999972321,-86.75200000001735
20260559558_11,20260559558,DISPATCHED,OPEN,Open,DICKERSON PIKE,"GROCERY, SUPERMARKET",23C,"THEFT OF MERCHANDISE- $1,000 OR LESS",,No,B,BUSINESS,,,,,2026-09-15 23:30:00,2026-09-16 00:27:00,36.19000000021294,-86.76999999970943
20260559586_11,20260559586,DISPATCHED,OPEN,Open,GLASTONBURY RD,APARTMENT,240,VEHICLE THEFT,Unarmed,No,I,INDIVIDUAL (18 AND OVER),F,B,Non-Hispanic,,2026-09-14 23:30:00,2026-09-16 00:26:00,36.12999999970263,-86.70000000020825
20260559504_11,20260559504,DISPATCHED,OPEN,Open,LIBERTY,"DEPARTMENT, DISCOUNT STORE",26A,FRAUD - SWINDLE,PERSONAL (HANDS),No,I,INDIVIDUAL (18 AND OVER),F,B,Non-Hispanic,,2026-09-14 17:15:00,2026-09-16 00:15:00,36.30999999970611,-86.69000000027951
20260559273_11,20260559273,DISPATCHED,UNFOUNDED,Closed,3117 3117,"RESIDENCE, HOME",740,TRANSPORT,NONE,No,I,INDIVIDUAL (18 AND OVER),F,W,Non-Hispanic,37209,2026-09-15 21:30:00,2026-09-16 00:00:00,36.16099999985248,-86.82299999960124
20260559512_11,20260559512,DISPATCHED,UNFOUNDED,Closed,831 831,APARTMENT,740,POLICE INQUIRY,NONE,Yes,I,INDIVIDUAL (18 AND OVER),F,W,Non-Hispanic,37217,2026-09-15 23:34:00,2026-09-15 23:52:00,36.13399999963893,-86.70200000037366
20260559470_11,20260559470,DISPATCHED,UNFOUNDED,Closed,819 819,CONVENIENCE STORE,740,POLICE INQUIRY,NONE,No,I,INDIVIDUAL (18 AND OVER),F,W,Non-Hispanic,37115,2026-09-15 23:31:00,2026-09-15 23:31:00,36.25499999984463,-86.71499999965219
20260559321_11,20260559321,DISPATCHED,PROSECUTION DECLINED,Closed,336 336,"COMMERCIAL, OFFICE BUILDING",220,BURGL - NO FORCED ENTRY-NONRESID,NONE,No,B,BUSINESS,,,,37207,2026-09-15 01:12:00,2026-09-15 23:31:00,36.23500000031618,-86.75999999978066
20260559397_11,20260559397,DISPATCHED,UNFOUNDED,Closed,3711 3711,"RESIDENCE, HOME",740,POLICE INQUIRY,NONE,No,I,INDIVIDUAL (18 AND OVER),M,W,Non-Hispanic,37207,2025-09-01 13:00:00,2026-09-15 23:30:00,36.26099999970658,-86.75700000043086
20260559436_11,20260559436,DISPATCHED,OPEN,Open,8TH,APARTMENT,90F,CRIMINAL CONTEMPT-VIOLATION OF ORDER OF PROTECTION,NONE,Yes,I,INDIVIDUAL (18 AND OVER),F,B,Non-Hispanic,,2026-09-15 21:40:00,2026-09-15 23:26:00,36.18000000021363,-86.75999999978066
20260559275_11,20260559275,DISPATCHED,UNFOUNDED,Closed,922 922,"RESIDENCE, HOME",740,POLICE INQUIRY,NONE,Yes,I,INDIVIDUAL (18 AND OVER),F,B,Non-Hispanic,37214,2026-09-15 20:59:00,2026-09-15 23:25:00,36.12999999970263,-86.63799999957207
20260559295_11,20260559295,DISPATCHED,OPEN,Open,BRICK CHURCH PIKE,School-College/University,13B,SIMPLE ASSLT,PERSONAL (HANDS),No,I,INDIVIDUAL (18 AND OVER),M,W,Non-Hispanic,,2026-09-15 21:30:00,2026-09-15 23:14:00,36.22000000011304,-86.77999999963816
20260559437_11,20260559437,DISPATCHED,OPEN,Open,TRAVIS DR,"PARKING LOT, GARAGE",240,"THEFT OF VEHICLE-2,500 OR > BUT<$10,000",NONE,No,I,INDIVIDUAL (18 AND OVER),M,W,Non-Hispanic,,2026-09-15 08:00:00,2026-09-15 23:14:00,36.0800000001956,-86.72999999999446
20260559377_11,20260559377,DISPATCHED,OPEN,Open,ROBINSON RD,APARTMENT,23F,BURGLARY- MOTOR VEHICLE,,No,I,INDIVIDUAL (18 AND OVER),F,B,Non-Hispanic,,2026-09-14 23:00:00,2026-09-15 22:55:00,36.25999999986106,-86.65999999959497
20260559202_11,20260559202,DISPATCHED,UNFOUNDED,Closed,808 808,APARTMENT,740,POLICE INQUIRY,NONE,Yes,I,INDIVIDUAL (18 AND OVER),F,B,Non-Hispanic,37206,2026-09-15 13:00:00,2026-09-15 22:41:00,36.16399999986469,-86.75799999961527
20260559346_11,20260559346,DISPATCHED,UNFOUNDED,Closed,5500 5500,"HIGHWAY, ROAD, ALLEY",740,POLICE INQUIRY,NONE,No,I,INDIVIDUAL (18 AND OVER),M,W,Non-Hispanic,37209,2026-09-15 22:37:00,2026-09-15 22:37:00,36.151000000010846,-86.85599999963556
20260559219_11,20260559219,DISPATCHED,UNFOUNDED,Closed,4808 4808,"RESIDENCE, HOME",740,POLICE INQUIRY,NONE,No,I,INDIVIDUAL (18 AND OVER),M,W,Non-Hispanic,37218,2026-09-15 19:20:00,2026-09-15 22:26:00,36.23999999981472,-86.87200000006052
20260559315_11,20260559315,DISPATCHED,UNFOUNDED,Closed,81 81,"PARKING LOT, GARAGE",780,"RECOVERY, STOLEN PROPERTY",NONE,No,B,BUSINESS,,,,37210,2026-09-15 22:19:00,2026-09-15 22:19:00,36.145999999900255,-86.75799999961527
20260559345_11,20260559345,DISPATCHED,UNFOUNDED,Closed,500 500,SPECIALTY STORE,740,POLICE INQUIRY,NONE,No,I,INDIVIDUAL (18 AND OVER),M,W,Non-Hispanic,37203,2026-09-15 21:02:00,2026-09-15 22:16:00,36.16099999985248,-86.77899999955544
20260559165_11,20260559165,DISPATCHED,UNFOUNDED,Closed,101 101,CONSTRUCTION SITE,780,"RECOVERY, STOLEN PROPERTY",NONE,No,B,BUSINESS,,,,37211,2026-09-15 20:00:00,2026-09-15 22:13:00,36.04500000005651,-86.72000000006571
20260559165_22,20260559165,DISPATCHED,UNFOUNDED,Closed,101 101,CONSTRUCTION SITE,715,FOUND PROPERTY,NONE,No,I,INDIVIDUAL (18 AND OVER),U,U,Unknown,37211,2026-09-15 20:00:00,2026-09-15 22:13:00,36.04500000005651,-86.72000000006571
20260559300_11,20260559300,DISPATCHED,OPEN,Open,RODNEY DR,"RESIDENCE, HOME",26A,FRAUD - SWINDLE,NONE,No,I,INDIVIDUAL (18 AND OVER),M,W,Unknown,,2026-08-26 17:00:00,2026-09-15 22:12:00,36.12000000013524,-86.9099999996101
20260559267_11,20260559267,DISPATCHED,REFUSED TO COOPERATE,Closed,101 101,APARTMENT,740,POLICE INQUIRY,NONE,Yes,I,INDIVIDUAL (18 AND OVER),F,U,Unknown,37207,2026-09-15 20:30:00,2026-09-15 21:58:00,36.20000000001247,-86.76999999970943
20260558991_11,20260558991,DISPATCHED,OPEN,Open,SUGAR CREEK,APARTMENT,13A,INTENTIONAL AGGRAVATED ASSAULT,LETHAL/CUTTING INSTRUMENT,Yes,I,INDIVIDUAL (18 AND OVER),F,B,Non-Hispanic,,2026-09-15 16:13:00,2026-09-15 21:56:00,36.159999999962295,-86.64999999966624
20260558991_21,20260558991,DISPATCHED,OPEN,Open,SUGAR CREEK,APARTMENT,290,"VANDALISM- $1,000 OR LESS",PERSONAL (HANDS),Yes,I,INDIVIDUAL (18 AND OVER),F,B,Non-Hispanic,,2026-09-15 16:13:00,2026-09-15 21:56:00,36.159999999962295,-86.64999999966624
20260559285_11,20260559285,DISPATCHED,OPEN,Open,PATTERSON ST,"PARKING LOT, GARAGE",240,VEHICLE THEFT,NONE,No,I,INDIVIDUAL (18 AND OVER),F,B,Non-Hispanic,,2026-09-15 13:30:00,2026-09-15 21:54:00,36.159999999962295,-86.80000000039394
20260559223_11,20260559223,DISPATCHED,UNFOUNDED,Closed,740 740,"RESIDENCE, HOME",740,POLICE INQUIRY,NONE,No,I,INDIVIDUAL (18 AND OVER),M,W,Unknown,37221,2026-09-03 13:00:00,2026-09-15 21:52:00,,
20260559218_12,20260559218,DISPATCHED,OPEN,Open,RIVERSIDE DR,"RESIDENCE, HOME",13B,SIMPLE ASSLT - STRANGULATION (NO LOSS OF CONSCIOUSNESS),PERSONAL (HANDS),Yes,I,INDIVIDUAL (18 AND OVER),M,W,Non-Hispanic,,2026-09-15 20:52:00,2026-09-15 21:52:00,36.19000000021294,-86.72000000006571
20260559137_11,20260559137,DISPATCHED,OPEN,Open,DIVISION,APARTMENT,220,BURGLARY,NONE,No,I,INDIVIDUAL (18 AND OVER),M,W,Non-Hispanic,,2026-09-15 18:00:00,2026-09-15 21:49:00,36.15000000024567,-86.77999999963816
20260559269_11,20260559269,DISPATCHED,OPEN,Open,ELM HILL PIKE,School-Elementary/Secondary,23D,LARC - FROM BLDG,NONE,No,B,BUSINESS,,,,,2026-09-15 14:00:00,2026-09-15 21:47:00,36.13999999994927,-86.6399999997375
20260559244_11,20260559244,DISPATCHED,OPEN,Open,FOXTON LN,"RESIDENCE, HOME",290,DAMAGE PROP - PRIVATE,,No,I,INDIVIDUAL (18 AND OVER),F,B,Non-Hispanic,,2026-09-15 20:30:00,2026-09-15 21:46:00,36.05999999996536,-86.60000000002253
20260559259_11,20260559259,DISPATCHED,OPEN,Open,OLD HICKORY BLVD,ATM Separate from Bank,26A,FRAUD - SWINDLE,PERSONAL (HANDS),No,I,INDIVIDUAL (18 AND OVER),M,B,Non-Hispanic,,2026-09-15 18:00:00,2026-09-15 21:44:00,36.0800000001956,-86.92000000043713
20260559261_11,20260559261,DISPATCHED,UNFOUNDED,Closed,2060 2060,"GOVERNMENT, PUBLIC BUILDING",740,POLICE INQUIRY,,No,U,UNKNOWN,U,U,Unknown,37212,2026-09-15 21:40:00,2026-09-15 21:40:00,36.12999999970263,-86.7909999996496
20260558781_11,20260558781,DISPATCHED,UNFOUNDED,Closed,2205 2205,CONVENIENCE STORE,740,POLICE INQUIRY,NONE,No,B,BUSINESS,,,,37013,2026-09-15 15:05:00,2026-09-15 21:39:00,36.05900000016603,-86.59799999985711
20260558983_11,20260558983,DISPATCHED,OPEN,Open,SHAUNA DR,"RESIDENCE, HOME",13C,ASSAULT- FEAR OF BODILY INJURY,,No,I,INDIVIDUAL (18 AND OVER),M,W,Non-Hispanic,,2026-09-15 16:30:00,2026-09-15 21:39:00,36.15000000024567,-86.65999999959497
20260559230_11,20260559230,DISPATCHED,UNFOUNDED,Closed,8322 8322,"RESIDENCE, HOME",740,POLICE INQUIRY,NONE,No,I,INDIVIDUAL (18 AND OVER),F,W,Non-Hispanic,37076,2026-09-15 20:03:00,2026-09-15 21:34:00,36.200999999772336,-86.6160000004475
20260559281_11,20260559281,SUSPECT,UNFOUNDED,Closed,5655 5655,HOSPITAL,715,FOUND PROPERTY,NONE,No,I,INDIVIDUAL (18 AND OVER),M,W,Non-Hispanic,37076,2026-09-15 21:33:00,2026-09-15 21:33:00,36.17599999966112,-86.60799999978586
20260559245_11,20260559245,DISPATCHED,UNFOUNDED,Closed,5709 5709,"HIGHWAY, ROAD, ALLEY",810,LOST PROPERTY,NONE,No,I,INDIVIDUAL (18 AND OVER),M,W,Non-Hispanic,37013,2026-09-14 17:00:00,2026-09-15 21:33:00,36.03299999980557,-86.68199999961786
20260559234_11,20260559234,DISPATCHED,OPEN,Open,WEST END AVE,"CHURCH, SYNAGOGUE, TEMPLE",240,VEHICLE THEFT,NONE,No,I,INDIVIDUAL (18 AND OVER),M,W,Non-Hispanic,,2026-09-15 17:10:00,2026-09-15 21:30:00,36.12999999970263,-86.83000000018018
20260559134_11,20260559134,DISPATCHED,OPEN,Open,BRANTLEY,"RESIDENCE, HOME",90Z,HARRASSMENT (NUISANCE),NONE,Yes,I,INDIVIDUAL (18 AND OVER),F,B,Non-Hispanic,,2026-09-15 13:43:00,2026-09-15 21:21:00,36.06999999966938,-86.61999999988002
20260559134_12,20260559134,DISPATCHED,OPEN,Open,BRANTLEY,"RESIDENCE, HOME",90Z,HARRASSMENT (NUISANCE),NONE,No,I,INDIVIDUAL (18 AND OVER),M,B,Non-Hispanic,,2026-09-15 13:43:00,2026-09-15 21:21:00,36.06999999966938,-86.61999999988002
20260559152_11,20260559152,DISPATCHED,OPEN,Open,10TH AVE N,"RESIDENCE, HOME",13A,INTENTIONAL AGGRAVATED ASSAULT,CLUB,No,I,INDIVIDUAL (18 AND OVER),M,B,Non-Hispanic,,2026-09-15 21:21:00,2026-09-15 21:21:00,36.18000000021363,-86.80000000039394
20260559184_11,20260559184,DISPATCHED,OPEN,Open,JAMES KAY LN,"RESIDENCE, HOME",26A,FRAUD - SWINDLE,NONE,No,I,INDIVIDUAL (18 AND OVER),F,W,Unknown,,2026-09-08 17:00:00,2026-09-15 21:20:00,36.18000000021363,-86.60999999995128
20260559208_11,20260559208,DISPATCHED,OPEN,Open,WHITE BRIDGE,CONVENIENCE STORE,13B,SIMPLE ASSLT,PERSONAL (HANDS),No,I,INDIVIDUAL (18 AND OVER),M,W,Unknown,,2026-09-15 20:43:00,2026-09-15 21:16:00,36.15000000024567,-86.85999999996638
20260559164_11,20260559164,DISPATCHED,OPEN,Open,ANTIOCH,"PARKING LOT, GARAGE",240,VEHICLE THEFT,NONE,No,I,INDIVIDUAL (18 AND OVER),M,W,Non-Hispanic,,2026-09-12 17:00:00,2026-09-15 21:06:00,36.0800000001956,-86.68000000035076
20260559186_11,20260559186,DISPATCHED,UNFOUNDED,Closed,727 727,APARTMENT,810,LOST PROPERTY,NONE,No,I,INDIVIDUAL (18 AND OVER),F,B,Non-Hispanic,37013,2026-07-01 17:00:00,2026-09-15 20:58:00,36.05500000025484,-86.6429999999856
20260559034_11,20260559034,DISPATCHED,UNFOUNDED,Closed,144 144,"RESIDENCE, HOME",740,TRANSPORT,NONE,No,I,INDIVIDUAL (18 AND OVER),F,W,Non-Hispanic,37076,2026-09-15 18:00:00,2026-09-15 20:53:00,36.22500000002406,-86.59699999977443
20260559185_11,20260559185,DISPATCHED,OPEN,Open,VAUGHT DR,"RESIDENCE, HOME",23F,BURGLARY- MOTOR VEHICLE,NONE,No,I,INDIVIDUAL (18 AND OVER),F,W,Non-Hispanic,,2026-09-14 01:30:00,2026-09-15 20:52:00,36.13999999994927,-86.85999999996638
20260559114_11,20260559114,DISPATCHED,OPEN,Open,HILLSBORO PIKE,APARTMENT,26A,FRAUD - SWINDLE,NONE,No,I,INDIVIDUAL (18 AND OVER),M,W,Non-Hispanic,,2026-09-15 19:30:00,2026-09-15 20:52:00,36.12999999970263,-86.81000000032267
20260559139_11,20260559139,DISPATCHED,OPEN,Open,GALLATIN,"PARKING LOT, GARAGE",240,VEHICLE THEFT,NONE,No,I,INDIVIDUAL (18 AND OVER),M,B,Non-Hispanic,,2026-09-13 23:48:00,2026-09-15 20:46:00,36.25000000002025,-86.72000000006571
20260558989_11,20260558989,DISPATCHED,OPEN,Open,CHARLOTTE PIKE,"HIGHWAY, ROAD, ALLEY",13B,SIMPLE ASSLT - STRANGULATION (NO LOSS OF CONSCIOUSNESS),PERSONAL (HANDS),Yes,I,INDIVIDUAL (18 AND OVER),F,B,Non-Hispanic,,2026-09-15 18:00:00,2026-09-15 20:46:00,36.15000000024567,-86.85999999996638
20260558989_21,20260558989,DISPATCHED,OPEN,Open,CHARLOTTE PIKE,"HIGHWAY, ROAD, ALLEY",290,DAMAGE PROP - PRIVATE,PERSONAL (HANDS),Yes,I,INDIVIDUAL (18 AND OVER),F,B,Non-Hispanic,,2026-09-15 18:00:00,2026-09-15 20:46:00,36.15000000024567,-86.85999999996638
20260559141_11,20260559141,DISPATCHED,OPEN,Open,LEBANON,"DEPARTMENT, DISCOUNT STORE",23C,"THEFT OF MERCHANDISE 5TH - $1,000 OR LESS",NONE,No,B,BUSINESS,,,,,2026-09-14 21:00:00,2026-09-15 20:45:00,36.22000000011304,-86.60000000002253
20260559120_11,20260559120,DISPATCHED,OPEN,Open,DEMONBREUN,"HOTEL, MOTEL, ETC.",810,LOST PROPERTY,PERSONAL (HANDS),No,I,INDIVIDUAL (18 AND OVER),F,I,Hispanic,,2026-09-12 17:00:00,2026-09-15 20:45:00,36.159999999962295,-86.76999999970943
20260559094_11,20260559094,DISPATCHED,CLEARED BY ARREST,Closed,21ST AVE S & W LINDEN AVE,"HIGHWAY, ROAD, ALLEY",13B,SIMPLE ASSLT,OTHER,No,I,INDIVIDUAL (18 AND OVER),M,W,Non-Hispanic,37212,2026-09-15 19:45:00,2026-09-15 20:43:00,36.127999999830735,-86.80399999982646
20260559098_11,20260559098,DISPATCHED,UNFOUNDED,Closed,N GRAYCROFT AVE & E CAMPBELL RD,"HIGHWAY, ROAD, ALLEY",740,POLICE INQUIRY,NONE,No,I,INDIVIDUAL (18 AND OVER),M,B,Non-Hispanic,37115,2026-09-15 20:00:00,2026-09-15 20:38:00,36.27599999996436,-86.72999999999446
20260558973_11,20260558973,SUSPECT,CLEARED BY ARREST,Closed,2500 2500,PARK,35B,DRUG PARAPHERNALIA- UNLAWFUL USE,NONE,No,S,SOCIETY,,,,37203,2026-09-15 18:23:00,2026-09-15 20:35:00,36.14699999988796,-86.80900000023999
20260559078_11,20260559078,DISPATCHED,OPEN,Open,I24,"HIGHWAY, ROAD, ALLEY",13B,SIMPLE ASSLT,PERSONAL (HANDS),Yes,I,INDIVIDUAL (18 AND OVER),M,B,Non-Hispanic,,2026-09-15 16:00:00,2026-09-15 20:28:00,36.05000000025906,-86.65999999959497
20260559117_11,20260559117,DISPATCHED,OPEN,Open,CENTRAL CT,RENTAL STORAGE FACILITY,220,BURGLARY- AGGRAVATED,NONE,No,B,BUSINESS,,,,,2026-06-01 17:00:00,2026-09-15 20:22:00,36.16999999991994,-86.60000000002253
20260559117_12,20260559117,DISPATCHED,OPEN,Open,CENTRAL CT,RENTAL STORAGE FACILITY,220,BURGLARY- AGGRAVATED,NONE,No,I,INDIVIDUAL (18 AND OVER),F,B,Non-Hispanic,,2026-06-01 17:00:00,2026-09-15 20:22:00,36.16999999991994,-86.60000000002253
20260559054_11,20260559054,DISPATCHED,OPEN,Open,EUGENIA AVE,"HIGHWAY, ROAD, ALLEY",120,"ROBBERY, AGGRAVATED, HANDGUN",HANDGUN,No,I,INDIVIDUAL (18 AND OVER),M,W,Hispanic,,2026-09-15 19:02:00,2026-09-15 20:21:00,36.12000000013524,-86.74999999985195
20260559054_12,20260559054,DISPATCHED,OPEN,Open,EUGENIA AVE,"HIGHWAY, ROAD, ALLEY",120,"ROBBERY, AGGRAVATED, HANDGUN",HANDGUN,No,I,INDIVIDUAL (18 AND OVER),M,W,Hispanic,,2026-09-15 19:02:00,2026-09-15 20:21:00,36.12000000013524,-86.74999999985195
20260559054_13,20260559054,DISPATCHED,OPEN,Open,EUGENIA AVE,"HIGHWAY, ROAD, ALLEY",120,"ROBBERY, AGGRAVATED, HANDGUN",HANDGUN,No,I,INDIVIDUAL (18 AND OVER),M,W,Hispanic,,2026-09-15 19:02:00,2026-09-15 20:21:00,36.12000000013524,-86.74999999985195
20260559054_24,20260559054,DISPATCHED,OPEN,Open,EUGENIA AVE,"HIGHWAY, ROAD, ALLEY",520,"WEAPON OFFENSE, CRIMINAL ATTEMPT",HANDGUN,No,S,SOCIETY,,,,,2026-09-15 19:02:00,2026-09-15 20:21:00,36.12000000013524,-86.74999999985195
20260559111_11,20260559111,DISPATCHED,UNFOUNDED,Closed,529 529,"RESIDENCE, HOME",740,POLICE INQUIRY,NONE,No,I,INDIVIDUAL (18 AND OVER),M,B,Non-Hispanic,37217,2026-09-15 20:20:00,2026-09-15 20:20:00,36.0840000002342,-86.6160000004475
20260559077_11,20260559077,DISPATCHED,OPEN,Open,DICKERSON,"PARKING LOT, GARAGE",290,DAMAGE PROP - PRIVATE,,No,I,INDIVIDUAL (18 AND OVER),F,W,Hispanic,,2026-09-15 11:30:00,2026-09-15 20:17:00,36.25000000002025,-86.75999999978066
20260558827_11,20260558827,DISPATCHED,CLEARED BY ARREST,Closed,4040 4040,"GROCERY, SUPERMARKET",23C,SHOPLIFTING,NONE,No,B,BUSINESS,,,,37211,2026-09-15 16:42:00,2026-09-15 20:16:00,36.0829999998826,-86.72400000039654
20260559101_11,20260559101,SUSPECT,UNFOUNDED,Closed,300 300,School-Elementary/Secondary,740,POLICE INQUIRY,NONE,No,G,GOVERNMENT,,,,37115,2026-09-15 19:00:00,2026-09-15 20:14:00,36.26399999993038,-86.71699999981759
20260559116_11,20260559116,DISPATCHED,UNFOUNDED,Closed,4424 4424,"GROCERY, SUPERMARKET",740,POLICE INQUIRY,,No,I,INDIVIDUAL (18 AND OVER),F,A,Non-Hispanic,37076,2026-09-15 20:13:00,2026-09-15 20:13:00,36.215000000222425,-86.60300000027065
20260558966_11,20260558966,DISPATCHED,OPEN,Open,BLANK,"RESIDENCE, HOME",120,ROBBERY,PERSONAL (HANDS),No,I,INDIVIDUAL (18 AND OVER),M,B,Non-Hispanic,,2026-09-15 17:20:00,2026-09-15 20:07:00,36.16999999991994,-86.80000000039394
20260558966_22,20260558966,DISPATCHED,OPEN,Open,BLANK,"RESIDENCE, HOME",23D,LARC - FROM BLDG,NONE,No,I,INDIVIDUAL (18 AND OVER),F,B,Non-Hispanic,,2026-09-15 17:20:00,2026-09-15 20:07:00,36.16999999991994,-86.80000000039394
20260558966_32,20260558966,DISPATCHED,OPEN,Open,BLANK,APARTMENT,290,"VANDALISM- $1,000 OR LESS",PERSONAL (HANDS),No,I,INDIVIDUAL (18 AND OVER),F,B,Non-Hispanic,,2026-09-15 17:20:00,2026-09-15 20:07:00,36.16999999991994,-86.80000000039394
20260559107_11,20260559107,SUSPECT,UNFOUNDED,Closed,306 306,"RESIDENCE, HOME",740,POLICE INQUIRY,NONE,No,I,INDIVIDUAL (18 AND OVER),F,U,Unknown,37115,2026-09-15 05:00:00,2026-09-15 20:03:00,36.248999999911504,-86.72699999974635
20260559002_11,20260559002,DISPATCHED,UNFOUNDED,Closed,107 107,APARTMENT,780,"RECOVERY, STOLEN PROPERTY",NONE,No,I,INDIVIDUAL (18 AND OVER),F,B,Non-Hispanic,37214,2026-09-15 15:05:00,2026-09-15 20:03:00,36.15899999964666,-86.62999999980876
20260559085_11,20260559085,DISPATCHED,OPEN,Open,STROUSE AVE,"RESIDENCE, HOME",26A,FRAUD - SWINDLE,NONE,No,I,INDIVIDUAL (18 AND OVER),F,B,Non-Hispanic,,2026-09-14 17:00:00,2026-09-15 19:56:00,36.19000000021294,-86.74999999985195
20260559099_11,20260559099,SUSPECT,UNFOUNDED,Closed,6850 6850,"RESIDENCE, HOME",740,POLICE INQUIRY,NONE,No,I,INDIVIDUAL (18 AND OVER),F,U,Unknown,37013,2026-09-14 05:00:00,2026-09-15 19:55:00,35.99199999993744,-86.65900000041057
20260559036_11,20260559036,DISPATCHED,CLEARED BY ARREST,Closed,3435 3435,CONVENIENCE STORE,35A,POSSESSION OF A CONTROLLED SUBSTANCE,NONE,No,S,SOCIETY,,,,37076,2026-09-15 19:55:00,2026-09-15 19:55:00,36.19000000021294,-86.62699999956064
20260559076_11,20260559076,DISPATCHED,OPEN,Open,W GREENWOOD AVE,"RESIDENCE, HOME",90Z,INTERFERENCE WITH AGRICULTURE,NONE,No,S,SOCIETY,,,,,2026-09-15 17:24:00,2026-09-15 19:55:00,36.19000000021294,-86.74999999985195
20260559086_11,20260559086,,OPEN,Open,TITANS WAY,"HIGHWAY, ROAD, ALLEY",240,VEHICLE THEFT,Unarmed,No,I,INDIVIDUAL (18 AND OVER),M,W,Non-Hispanic,,2026-09-13 16:30:00,2026-09-15 19:55:00,36.16999999991994,-86.76999999970943
20260558941_11,20260558941,DISPATCHED,CLEARED BY ARREST,Closed,200 200,"JAIL, PRISON",35A,"DISPENSE PRESCRIPTION DRUG, VOID REGIS. NUMBER",NONE,No,S,SOCIETY,,,,37201,2026-09-15 19:54:00,2026-09-15 19:54:00,36.16800000017144,-86.77899999955544
20260558923_11,20260558923,DISPATCHED,"JUVENILE, NO CUSTODY",Closed,1128 1128,School-Elementary/Secondary,13C,ASSAULT- FEAR OF BODILY INJURY,,No,I,INDIVIDUAL (18 AND OVER),F,B,Non-Hispanic,37207,2026-09-15 17:18:00,2026-09-15 19:47:00,36.27000000015372,-86.76199999994608
20260559040_11,20260559040,SUSPECT,OPEN,Open,SUGAR CREEK,APARTMENT,13B,"ASSAULT, DOMESTIC, BODILY INJURY 2ND OFFENSE",PERSONAL (HANDS),Yes,I,INDIVIDUAL (18 AND OVER),F,B,Non-Hispanic,,2026-09-14 02:00:00,2026-09-15 19:45:00,36.159999999962295,-86.64999999966624
20260559040_21,20260559040,SUSPECT,OPEN,Open,SUGAR CREEK,APARTMENT,290,DAMAGE PROP - PRIVATE,PERSONAL (HANDS),Yes,I,INDIVIDUAL (18 AND OVER),F,B,Non-Hispanic,,2026-09-14 02:00:00,2026-09-15 19:45:00,36.159999999962295,-86.64999999966624
20260559040_31,20260559040,SUSPECT,OPEN,Open,SUGAR CREEK,APARTMENT,100,"KIDNAPPING, CRIMINAL ATTEMPT",PERSONAL (HANDS),Yes,I,INDIVIDUAL (18 AND OVER),F,B,Non-Hispanic,,2026-09-14 02:00:00,2026-09-15 19:45:00,36.159999999962295,-86.64999999966624
20260559074_11,20260559074,SUSPECT,UNFOUNDED,Closed,421 421,"RESIDENCE, HOME",740,POLICE INQUIRY,NONE,No,I,INDIVIDUAL (18 AND OVER),M,U,Unknown,37211,2026-09-10 05:00:00,2026-09-15 19:42:00,36.05000000025906,-86.71699999981759
20260558749_11,20260558749,DISPATCHED,OPEN,Open,MURFREESBORO PIKE,SPECIALTY STORE,23C,"THEFT OF MERCHANDISE- $1,000 OR LESS",NONE,No,B,BUSINESS,,,,,2026-09-15 14:38:00,2026-09-15 19:40:00,36.09000000018983,-86.64999999966624
20260559073_11,20260559073,WITNESS,OPEN,Open,PULLEY,"RESIDENCE, HOME",23D,LARC - FROM BLDG,,No,I,INDIVIDUAL (18 AND OVER),F,W,Non-Hispanic,,2026-05-04 02:00:00,2026-09-15 19:36:00,36.12000000013524,-86.6399999997375
20260558844_11,20260558844,DISPATCHED,OPEN,Open,E THOMPSON LN,"PARKING LOT, GARAGE",23F,BURGLARY- MOTOR VEHICLE,NONE,No,I,INDIVIDUAL (18 AND OVER),F,B,Unknown,,2026-09-15 16:45:00,2026-09-15 19:34:00,36.10999999969955,-86.72999999999446
20260559065_11,20260559065,,OPEN,Open,S HILLVIEW DR,"RESIDENCE, HOME",26E,FRAUD BY WIRE,PERSONAL (HANDS),No,I,INDIVIDUAL (18 AND OVER),M,W,Unknown,,2026-09-15 19:19:00,2026-09-15 19:19:00,36.0399999997254,-86.7899999995669
20260559025_11,20260559025,DISPATCHED,OPEN,Open,EMERY DR,CONSTRUCTION SITE,26A,FRAUD - CONFIDENCE GAME,NONE,No,I,INDIVIDUAL (18 AND OVER),M,W,Unknown,,2026-09-15 17:00:00,2026-09-15 19:16:00,36.15000000024567,-86.68000000035076
20260559018_11,20260559018,DISPATCHED,UNFOUNDED,Closed,1060 1060,"COMMERCIAL, OFFICE BUILDING",740,POLICE INQUIRY,NONE,No,B,BUSINESS,,,,37210,2026-06-18 02:00:00,2026-09-15 19:15:00,36.15299999973159,-86.70000000020825
20260559067_11,20260559067,SUSPECT,UNFOUNDED,Closed,1209 1209,"RESIDENCE, HOME",740,POLICE INQUIRY,NONE,No,I,INDIVIDUAL (18 AND OVER),M,U,Unknown,37221,2026-09-09 05:00:00,2026-09-15 19:15:00,36.06999999966938,-86.96599999975001
20260558959_11,20260558959,DISPATCHED,UNFOUNDED,Closed,6445 6445,"RESIDENCE, HOME",715,FOUND PROPERTY,,No,I,INDIVIDUAL (18 AND OVER),F,W,Non-Hispanic,37205,2026-09-15 17:45:00,2026-09-15 19:10:00,36.1130000002251,-86.89400000008342
20260557248_11,20260557248,DISPATCHED,CLEARED BY ARREST,Closed,400 400,"AIR, BUS, TRAIN TERMINAL",13C,ASSAULT- FEAR OF BODILY INJURY,,No,I,INDIVIDUAL (18 AND OVER),M,B,Non-Hispanic,37219,2026-09-14 22:30:00,2026-09-15 19:09:00,36.16699999965114,-86.78099999972085
20260559017_11,20260559017,DISPATCHED,OPEN,Open,PATTERSON ST,"HIGHWAY, ROAD, ALLEY",13B,SIMPLE ASSLT,OTHER,No,I,INDIVIDUAL (18 AND OVER),F,B,Non-Hispanic,,2026-09-14 15:53:00,2026-09-15 19:09:00,36.159999999962295,-86.80000000039394
20260559045_11,20260559045,,UNFOUNDED,Closed,4320 4320,"RESIDENCE, HOME",810,LOST PROPERTY,NONE,No,I,INDIVIDUAL (18 AND OVER),F,B,Non-Hispanic,37076,2026-09-01 17:00:00,2026-09-15 19:04:00,36.18599999985385,-86.58399999959757
20260558988_11,20260558988,DISPATCHED,UNFOUNDED,Closed,1633 1633,APARTMENT,740,POLICE INQUIRY,NONE,No,U,UNKNOWN,U,U,Unknown,37208,2026-09-15 18:30:00,2026-09-15 19:04:00,36.17899999982454,-86.79600000006313
20260558952_11,20260558952,DISPATCHED,UNFOUNDED,Closed,2165 2165,APARTMENT,740,POLICE INQUIRY,NONE,No,I,INDIVIDUAL (18 AND OVER),F,W,Non-Hispanic,37211,2026-09-15 18:06:00,2026-09-15 18:58:00,36.127999999830735,-86.75400000018276
20260559035_11,20260559035,DISPATCHED,OPEN,Open,21ST,APARTMENT,13C,ASSAULT- FEAR OF BODILY INJURY,,No,I,INDIVIDUAL (18 AND OVER),M,B,Non-Hispanic,,2026-09-03 22:30:00,2026-09-15 18:52:00,36.159999999962295,-86.81000000032267
20260558943_11,20260558943,DISPATCHED,OPEN,Open,CHARLOTTE AVE,"PARKING LOT, GARAGE",240,VEHICLE THEFT,,No,I,INDIVIDUAL (18 AND OVER),M,W,Non-Hispanic,,2026-09-14 23:30:00,2026-09-15 18:51:00,36.159999999962295,-86.81000000032267
20260558940_11,20260558940,DISPATCHED,UNFOUNDED,Closed,3301 3301,"RESIDENCE, HOME",740,POLICE INQUIRY,NONE,Yes,I,INDIVIDUAL (18 AND OVER),F,B,Non-Hispanic,37207,2026-09-15 03:00:00,2026-09-15 18:49:00,36.23500000031618,-86.76600000027692
20260558785_11,20260558785,DISPATCHED,OPEN,Open,OWENDALE DR,"PARKING LOT, GARAGE",290,DAMAGE PROP - PRIVATE,OTHER,No,I,INDIVIDUAL (18 AND OVER),M,W,Hispanic,,2026-09-15 07:05:00,2026-09-15 18:49:00,36.0800000001956,-86.61999999988002
20260558995_11,20260558995,DISPATCHED,UNFOUNDED,Closed,2103 2103,"RESIDENCE, HOME",740,POLICE INQUIRY,NONE,No,I,INDIVIDUAL (18 AND OVER),M,B,Unknown,37138,2026-09-15 17:00:00,2026-09-15 18:37:00,36.25099999964721,-86.63899999965479
20260558984_11,20260558984,DISPATCHED,OPEN,Open,GLASTONBURY RD,"PARKING LOT, GARAGE",240,VEHICLE THEFT,,No,I,INDIVIDUAL (18 AND OVER),F,W,Non-Hispanic,,2026-09-14 18:00:00,2026-09-15 18:34:00,36.159999999962295,-86.7399999999232
20260558928_11,20260558928,,UNFOUNDED,Closed,3895 3895,"RESIDENCE, HOME",740,POLICE INQUIRY,NONE,No,I,INDIVIDUAL (18 AND OVER),F,W,Non-Hispanic,37080,2026-08-15 13:00:00,2026-09-15 18:34:00,36.281999999949946,-86.88500000023738
20260558876_11,20260558876,DISPATCHED,UNFOUNDED,Closed,3458 3458,"PARKING LOT, GARAGE",740,POLICE INQUIRY,NONE,Yes,I,INDIVIDUAL (18 AND OVER),M,W,Non-Hispanic,37216,2026-09-15 17:19:00,2026-09-15 18:26:00,36.21100000000074,-86.73300000024258
20260558975_11,20260558975,SUSPECT,UNFOUNDED,Closed,500 500,"RESIDENCE, HOME",740,POLICE INQUIRY,NONE,No,I,INDIVIDUAL (18 AND OVER),F,U,Unknown,37013,2026-09-11 05:00:00,2026-09-15 18:25:00,36.05300000031543,-86.64899999958354
20260558967_11,20260558967,SUSPECT,OPEN,Open,MURFREESBORO,"RESIDENCE, HOME",370,OBSCENE MATERIAL - POSSESS,NONE,No,S,SOCIETY,,,,,2026-09-15 18:22:00,2026-09-15 18:22:00,36.13999999994927,-86.7399999999232
20260549357_11,20260549357,SUSPECT,OPEN,Open,MURFREESBORO,"RESIDENCE, HOME",370,OBSCENE MATERIAL - POSSESS,NONE,No,S,SOCIETY,,,,,2026-09-15 18:19:00,2026-09-15 18:19:00,36.13999999994927,-86.7399999999232
20260558962_11,20260558962,SUSPECT,UNFOUNDED,Closed,600 600,"GOVERNMENT, PUBLIC BUILDING",715,FOUND PROPERTY,NONE,No,I,INDIVIDUAL (18 AND OVER),M,W,Non-Hispanic,37210,2026-09-15 18:16:00,2026-09-15 18:16:00,36.1420000001408,-86.7399999999232
20260558925_11,20260558925,DISPATCHED,UNFOUNDED,Closed,1229 1229,"COMMERCIAL, OFFICE BUILDING",740,POLICE INQUIRY,NONE,No,B,BUSINESS,,,,37115,2026-08-25 17:00:00,2026-09-15 18:13:00,36.28399999979945,-86.6890000001968
20260558926_11,20260558926,,OPEN,Open,AVONDALE,APARTMENT,220,BURGLARY- AGGRAVATED,Unarmed,No,I,INDIVIDUAL (18 AND OVER),F,B,Non-Hispanic,,2026-09-13 11:30:00,2026-09-15 18:08:00,36.209999999706326,-86.77999999963816
20260558926_12,20260558926,,OPEN,Open,AVONDALE,APARTMENT,220,BURGLARY- AGGRAVATED,Unarmed,No,B,BUSINESS,,,,,2026-09-13 11:30:00,2026-09-15 18:08:00,36.209999999706326,-86.77999999963816
20260558946_11,20260558946,SUSPECT,OPEN,Open,ANTIOCH PIKE,"GROCERY, SUPERMARKET",26C,CRIMINAL IMPERSONATION,NONE,No,I,INDIVIDUAL (18 AND OVER),F,B,Non-Hispanic,,2026-06-20 19:21:00,2026-09-15 18:04:00,36.09000000018983,-86.69000000027951
20260558881_11,20260558881,DISPATCHED,UNFOUNDED,Closed,13761 13761,Auto Salvage/Junkyard,780,"RECOVERY, STOLEN PROPERTY",NONE,No,U,UNKNOWN,M,U,Unknown,37013,2026-09-15 18:00:00,2026-09-15 18:00:00,,
20260558931_11,20260558931,,UNFOUNDED,Closed,619 619,"RESIDENCE, HOME",810,LOST PROPERTY,NONE,No,I,INDIVIDUAL (18 AND OVER),F,B,Non-Hispanic,37072,2026-08-15 17:00:00,2026-09-15 17:56:00,36.33100000018281,-86.7159999997349
20260558900_11,20260558900,DISPATCHED,OPEN,Open,WHARF AVE,"RESIDENCE, HOME",220,BURGLARY,Unarmed,No,I,INDIVIDUAL (18 AND OVER),M,W,Non-Hispanic,,2026-08-15 17:00:00,2026-09-15 17:56:00,36.15000000024567,-86.75999999978066
20260558736_11,20260558736,DISPATCHED,UNFOUNDED,Closed,101 101,"RESIDENCE, HOME",740,POLICE INQUIRY,,Yes,I,INDIVIDUAL (18 AND OVER),F,B,Non-Hispanic,37207,2026-09-15 14:32:00,2026-09-15 17:48:00,36.20000000001247,-86.76999999970943
20260558831_11,20260558831,DISPATCHED,OPEN,Open,DICKERSON PIKE,"HIGHWAY, ROAD, ALLEY",240,"THEFT OF VEHICLE-2,500 OR > BUT<$10,000",NONE,No,I,INDIVIDUAL (18 AND OVER),M,W,Non-Hispanic,,2026-09-15 16:49:00,2026-09-15 17:46:00,36.22999999987656,-86.75999999978066
20260558919_11,20260558919,WITNESS,OPEN,Open,CHARLOTTE PIKE,APARTMENT,26A,FRAUD - SWINDLE,NONE,No,I,INDIVIDUAL (18 AND OVER),M,B,Non-Hispanic,,2026-09-15 14:00:00,2026-09-15 17:46:00,36.12000000013524,-86.9099999996101
20260558868_11,20260558868,DISPATCHED,OPEN,Open,ALBION ST,HOSPITAL,13B,"Assault, health care provider - Bodily Injury",PERSONAL (HANDS),No,I,INDIVIDUAL (18 AND OVER),F,W,Non-Hispanic,,2026-09-13 17:00:00,2026-09-15 17:44:00,36.16999999991994,-86.81000000032267
20260558887_11,20260558887,,OPEN,Open,MAIN ST,"COMMERCIAL, OFFICE BUILDING",26A,FRAUD - SWINDLE,NONE,No,B,BUSINESS,,,,,2026-08-24 15:30:00,2026-09-15 17:42:00,36.16999999991994,-86.75999999978066
20260558886_11,20260558886,DISPATCHED,UNFOUNDED,Closed,5050 5050,School-Elementary/Secondary,810,LOST PROPERTY,NONE,No,G,GOVERNMENT,,,,37013,2026-08-25 17:00:00,2026-09-15 17:40:00,36.05900000016603,-86.67199999968912
20260558898_11,20260558898,,UNFOUNDED,Closed,1121 1121,"RESIDENCE, HOME",740,POLICE INQUIRY,Unarmed,No,I,INDIVIDUAL (18 AND OVER),F,B,Non-Hispanic,37115,2026-08-20 16:00:00,2026-09-15 17:39:00,36.281999999949946,-86.71799999990031
20260558842_11,20260558842,DISPATCHED,UNFOUNDED,Closed,4919 4919,"RESIDENCE, HOME",810,LOST PROPERTY,PERSONAL (HANDS),No,I,INDIVIDUAL (18 AND OVER),M,B,Non-Hispanic,37189,2025-04-01 17:00:00,2026-09-15 17:39:00,36.28899999965998,-86.84200000027431
20260558807_11,20260558807,DISPATCHED,UNFOUNDED,Closed,2719 2719,"RESIDENCE, HOME",740,POLICE INQUIRY,NONE,No,I,INDIVIDUAL (18 AND OVER),F,W,Non-Hispanic,37214,2026-09-15 02:00:00,2026-09-15 17:36:00,36.1539999996859,-86.67000000042204
20260558690_11,20260558690,DISPATCHED,CLEARED BY ARREST,Closed,3458 3458,"DEPARTMENT, DISCOUNT STORE",23C,"THEFT OF MERCHANDISE 5TH - $1,000 OR LESS",NONE,No,B,BUSINESS,,,,37207,2026-09-15 15:30:00,2026-09-15 17:33:00,36.24600000032312,-86.75700000043086
20260558870_11,20260558870,DISPATCHED,OPEN,Open,HIGHWAY 70  S,"BANK, SAVINGS AND LOAN",26B,FRAUD -  ILLEG USE OF CREDIT CARDS,NONE,No,F,FINANCIAL INSTITUTION,,,,,2026-09-14 20:30:00,2026-09-15 17:30:00,36.0800000001956,-86.92000000043713
20260558681_11,20260558681,DISPATCHED,OPEN,Open,PERCY PRIEST DR,"PARKING LOT, GARAGE",23F,BURGLARY - MOTOR VEHICLE,NONE,No,I,INDIVIDUAL (18 AND OVER),M,W,Non-Hispanic,,2026-09-15 06:47:00,2026-09-15 17:29:00,36.15000000024567,-86.62999999980876
20260558681_12,20260558681,DISPATCHED,OPEN,Open,PERCY PRIEST DR,"PARKING LOT, GARAGE",23F,BURGLARY - MOTOR VEHICLE,NONE,No,I,INDIVIDUAL (18 AND OVER),M,W,Non-Hispanic,,2026-09-15 06:47:00,2026-09-15 17:29:00,36.15000000024567,-86.62999999980876
20260558681_13,20260558681,DISPATCHED,OPEN,Open,PERCY PRIEST DR,"PARKING LOT, GARAGE",23F,BURGLARY - MOTOR VEHICLE,NONE,No,I,INDIVIDUAL (18 AND OVER),F,W,Non-Hispanic,,2026-09-15 06:47:00,2026-09-15 17:29:00,36.15000000024567,-86.62999999980876
20260558760_11,20260558760,DISPATCHED,OPEN,Open,CHARLOTTE PIKE,"DEPARTMENT, DISCOUNT STORE",23C,"THEFT OF MERCHANDISE- $1,000 OR LESS",NONE,No,B,BUSINESS,,,,,2026-09-15 15:50:00,2026-09-15 17:28:00,36.12999999970263,-86.9099999996101
20260558833_11,20260558833,DISPATCHED,OPEN,Open,7TH AVE S,APARTMENT,13B,SIMPLE ASSLT,PERSONAL (HANDS),Yes,I,INDIVIDUAL (18 AND OVER),F,B,Non-Hispanic,,2026-09-15 14:00:00,2026-09-15 17:28:00,36.15000000024567,-86.77999999963816
20260558863_11,20260558863,WITNESS,OPEN,Open,OAKWOOD TERRACE DR,"RESIDENCE, HOME",23H,"THEFT OF PROPERTY->$1,000 BUT <$2,500",NONE,No,I,INDIVIDUAL (18 AND OVER),F,W,Non-Hispanic,,2026-09-15 17:16:00,2026-09-15 17:16:00,36.06999999966938,-86.67000000042204
20260558840_11,20260558840,,OPEN,Open,HARLIN DR,"HIGHWAY, ROAD, ALLEY",23G,LARC - PARTS FROM VEH,Unarmed,No,I,INDIVIDUAL (18 AND OVER),F,W,Non-Hispanic,,2026-09-15 13:00:00,2026-09-15 17:16:00,36.10999999969955,-86.74999999985195
20260558838_11,20260558838,DISPATCHED,OPEN,Open,32ND ST,APARTMENT,760,OVERDOSE,NONE,No,I,INDIVIDUAL (18 AND OVER),M,W,Non-Hispanic,,2026-09-15 16:35:00,2026-09-15 17:15:00,36.25000000002025,-86.6399999997375
20260558843_11,20260558843,,OPEN,Open,INTERSTATE BLVD S,Auto Dealership New/Used,270,EMBEZZLE - BUSINESS PROP,NONE,No,B,BUSINESS,,,,,2024-03-01 18:00:00,2026-09-15 17:14:00,36.12999999970263,-86.75999999978066
20260558848_11,20260558848,DISPATCHED,OPEN,Open,ASHLAND CITY HWY,"RESIDENCE, HOME",26C,CRIMINAL IMPERSONATION,NONE,No,I,INDIVIDUAL (18 AND OVER),F,B,Non-Hispanic,,2025-06-01 17:00:00,2026-09-15 17:12:00,36.209999999706326,-86.85999999996638
20260558860_11,20260558860,,UNFOUNDED,Closed,3607 3607,DOCTORS'S OFFICE,740,POLICE INQUIRY,NONE,No,B,BUSINESS,,,,37216,2026-09-15 17:00:00,2026-09-15 17:10:00,36.21199999983783,-86.73200000015987
20260558841_11,20260558841,,UNFOUNDED,Closed,2400 2400,Auto Dealership New/Used,810,LOST PROPERTY,NONE,No,I,INDIVIDUAL (18 AND OVER),F,B,Non-Hispanic,37115,2026-09-12 15:50:00,2026-09-15 17:06:00,36.30899999992182,-86.67800000018535
20260558816_11,20260558816,,OPEN,Open,FOSTER AVE,"RESIDENCE, HOME",26A,FRAUD - SWINDLE,NONE,No,I,INDIVIDUAL (18 AND OVER),F,W,Non-Hispanic,,2026-09-15 16:27:00,2026-09-15 16:58:00,36.12000000013524,-86.7399999999232
20260558715_11,20260558715,DISPATCHED,UNFOUNDED,Closed,126 126,"RESIDENCE, HOME",740,POLICE INQUIRY,NONE,No,I,INDIVIDUAL (18 AND OVER),M,W,Hispanic,37013,2026-09-15 16:52:00,2026-09-15 16:52:00,36.06199999992648,-86.69200000044492
20260558823_11,20260558823,SUSPECT,OPEN,Open,STRATFORD AVE,School-Elementary/Secondary,35A,MARIJUANA - POSSESS,NONE,No,S,SOCIETY,,,,,2026-09-15 15:15:00,2026-09-15 16:50:00,36.20000000001247,-86.72000000006571
20260558821_11,20260558821,,OPEN,Open,VILLA GREEN DR,"RESIDENCE, HOME",90Z,HARRASSMENT (NUISANCE),Unarmed,No,I,INDIVIDUAL (18 AND OVER),M,W,Non-Hispanic,,2026-08-24 16:00:00,2026-09-15 16:46:00,36.09000000018983,-86.82000000025143
20260558747_11,20260558747,WITNESS,UNFOUNDED,Closed,4027 4027,"RESIDENCE, HOME",740,POLICE INQUIRY,NONE,No,I,INDIVIDUAL (18 AND OVER),M,B,Non-Hispanic,37218,2026-09-14 21:56:00,2026-09-15 16:46:00,36.20000000001247,-86.85000000003764
20260558802_11,20260558802,DISPATCHED,UNFOUNDED,Closed,400 400,"GOVERNMENT, PUBLIC BUILDING",740,POLICE INQUIRY,Unarmed,Yes,I,INDIVIDUAL (18 AND OVER),F,U,Unknown,37115,2026-09-15 16:30:00,2026-09-15 16:44:00,36.271999999660345,-86.69000000027951
20260558769_11,20260558769,DISPATCHED,OPEN,Open,ABBOTT MARTIN,SPECIALTY STORE,26B,FRAUD -  ILLEG USE OF CREDIT CARDS,NONE,No,B,BUSINESS,,,,,2026-09-09 19:30:00,2026-09-15 16:43:00,36.10999999969955,-86.82000000025143
20260558811_11,20260558811,DISPATCHED,OPEN,Open,WHITE BRIDGE PIKE,"PARKING LOT, GARAGE",13C,ASSAULT- FEAR OF BODILY INJURY,,No,I,INDIVIDUAL (18 AND OVER),F,W,Non-Hispanic,,2026-09-15 16:00:00,2026-09-15 16:42:00,36.12999999970263,-86.85000000003764
20260558805_11,20260558805,WITNESS,UNFOUNDED,Closed,5101 5101,"RESIDENCE, HOME",810,LOST PROPERTY,,No,I,INDIVIDUAL (18 AND OVER),F,U,Hispanic,37211,2026-08-15 12:00:00,2026-09-15 16:38:00,36.08899999993821,-86.68700000003139
20260558859_11,20260558859,DISPATCHED,UNFOUNDED,Closed,211 211,APARTMENT,740,POLICE INQUIRY,NONE,Yes,I,INDIVIDUAL (18 AND OVER),F,W,Hispanic,37201,2026-09-11 22:33:00,2026-09-15 16:34:00,36.16600000015136,-86.77800000037105
20260558776_11,20260558776,SUSPECT,OPEN,Open,MURFREESBORO,"RESIDENCE, HOME",370,OBSCENE MATERIAL - POSSESS,NONE,No,S,SOCIETY,,,,,2026-08-19 20:29:00,2026-09-15 16:32:00,36.13999999994927,-86.7399999999232
20260558789_11,20260558789,DISPATCHED,UNFOUNDED,Closed,717 717,"RESIDENCE, HOME",740,POLICE INQUIRY,PERSONAL (HANDS),No,I,INDIVIDUAL (18 AND OVER),F,W,Non-Hispanic,37076,2026-08-15 11:00:00,2026-09-15 16:29:00,36.21900000033371,-86.60200000018794
20260558703_11,20260558703,SUSPECT,OPEN,Open,FRANKLIN PIKE,School-Elementary/Secondary,26E,FRAUD BY WIRE,NONE,No,I,INDIVIDUAL (18 AND OVER),F,W,Hispanic,,2026-09-15 13:00:00,2026-09-15 16:23:00,36.0800000001956,-86.76999999970943
20260558584_11,20260558584,DISPATCHED,OPEN,Open,MURFREESBORO PIKE,SPECIALTY STORE,23C,"THEFT OF MERCHANDISE- $1,000 OR LESS",NONE,No,B,BUSINESS,,,,,2026-09-15 13:30:00,2026-09-15 16:22:00,36.06999999966938,-86.6399999997375
20260558777_11,20260558777,DISPATCHED,OPEN,Open,HILLSBORO,"DEPARTMENT, DISCOUNT STORE",23C,SHOPLIFTING,NONE,No,B,BUSINESS,,,,,2026-09-15 16:10:00,2026-09-15 16:22:00,36.10999999969955,-86.81000000032267
20260558742_11,20260558742,DISPATCHED,OPEN,Open,SIGNAL,"COMMERCIAL, OFFICE BUILDING",23D,LARC - FROM BLDG,NONE,No,I,INDIVIDUAL (18 AND OVER),M,W,Non-Hispanic,,2026-09-09 19:00:00,2026-09-15 16:20:00,36.159999999962295,-86.77999999963816
20260558758_11,20260558758,,OPEN,Open,GALLATIN PIKE S,SPECIALTY STORE,23C,"THEFT OF MERCHANDISE- $1,000 OR LESS",NONE,No,B,BUSINESS,,,,,2026-09-15 15:48:00,2026-09-15 16:16:00,36.25999999986106,-86.71000000013699
20260558640_11,20260558640,DISPATCHED,UNFOUNDED,Closed,600 600,"GOVERNMENT, PUBLIC BUILDING",715,FOUND PROPERTY,NONE,No,I,INDIVIDUAL (18 AND OVER),F,B,Non-Hispanic,37210,2026-09-15 16:14:00,2026-09-15 16:14:00,36.1420000001408,-86.7399999999232
20260558734_11,20260558734,DISPATCHED,UNFOUNDED,Closed,601 601,"OTHER, UNKNOWN",740,POLICE INQUIRY,NONE,Yes,I,INDIVIDUAL (18 AND OVER),F,W,Non-Hispanic,37210,2026-09-15 11:00:00,2026-09-15 16:12:00,36.14100000025182,-86.7410000000059
20260558725_11,20260558725,,OPEN,Open,E CAMPBELL RD,"DEPARTMENT, DISCOUNT STORE",23C,SHOPLIFTING,NONE,No,B,BUSINESS,,,,,2026-08-30 17:22:00,2026-09-15 16:09:00,36.28000000026564,-86.71000000013699
20260558753_11,20260558753,,OPEN,Open,BUCHANAN ST,"BAR, NIGHT CLUB",13B,ASSAULT- OFFENSIVE OR PROVOCATIVE CONTACT,PERSONAL (HANDS),No,I,INDIVIDUAL (18 AND OVER),M,B,Non-Hispanic,,2026-09-13 05:05:00,2026-09-15 16:08:00,36.18000000021363,-86.80000000039394
20260558553_11,20260558553,DISPATCHED,OPEN,Open,HOMESTEAD RD,"COMMERCIAL, OFFICE BUILDING",220,BURGL - FORCED ENTRY-NONRESID,CLUB,No,B,BUSINESS,,,,,2026-09-15 02:37:00,2026-09-15 16:02:00,36.23999999981472,-86.75999999978066
20260558553_21,20260558553,DISPATCHED,OPEN,Open,HOMESTEAD RD,"COMMERCIAL, OFFICE BUILDING",290,DAMAGE PROP - BUSINESS,CLUB,No,B,BUSINESS,,,,,2026-09-15 02:37:00,2026-09-15 16:02:00,36.23999999981472,-86.75999999978066
20260558686_11,20260558686,,UNFOUNDED,Closed,CANE RIDGE PKWY & CENTURY FARMS PKWY,"HIGHWAY, ROAD, ALLEY",740,POLICE INQUIRY,Unarmed,No,I,INDIVIDUAL (18 AND OVER),M,W,Hispanic,37013,2026-09-15 12:50:00,2026-09-15 16:02:00,36.03400000011159,-86.64700000031644
20260558678_11,20260558678,DISPATCHED,UNFOUNDED,Closed,5360 5360,"RESIDENCE, HOME",740,POLICE INQUIRY,OTHER,No,I,INDIVIDUAL (18 AND OVER),F,B,Non-Hispanic,37215,2026-09-14 23:00:00,2026-09-15 15:52:00,36.08599999980248,-86.83200000034557
20260558677_11,20260558677,WITNESS,UNFOUNDED,Closed,4100 4100,APARTMENT,740,POLICE INQUIRY,NONE,No,I,INDIVIDUAL (18 AND OVER),F,W,Non-Hispanic,37076,2026-09-08 14:00:00,2026-09-15 15:50:00,36.17200000011699,-86.59400000042461
20260558662_11,20260558662,DISPATCHED,UNFOUNDED,Closed,808 808,"RESIDENCE, HOME",740,POLICE INQUIRY,,No,I,INDIVIDUAL (18 AND OVER),U,U,Unknown,37206,2026-09-15 13:34:00,2026-09-15 15:48:00,36.16399999986469,-86.75799999961527
20260558487_11,20260558487,DISPATCHED,UNFOUNDED,Closed,2912 2912,"RESIDENCE, HOME",685,DEATH NATURAL,NONE,No,I,INDIVIDUAL (18 AND OVER),M,B,Non-Hispanic,37217,2026-09-15 13:37:00,2026-09-15 15:45:00,36.0840000002342,-86.60699999970316
20260558673_11,20260558673,DISPATCHED,OPEN,Open,OLD HARDING PIKE,"RESIDENCE, HOME",290,DAMAGE PROP - PRIVATE,NONE,No,I,INDIVIDUAL (18 AND OVER),F,W,Unknown,,2025-04-10 15:00:00,2026-09-15 15:34:00,36.099999999750025,-86.86999999989513
20260558505_11,20260558505,DISPATCHED,CLEARED BY ARREST,Closed,518 518,APARTMENT,13B,SIMPLE ASSLT,PERSONAL (HANDS),No,I,INDIVIDUAL (18 AND OVER),F,B,Non-Hispanic,37206,2026-09-15 13:44:00,2026-09-15 15:34:00,36.16699999965114,-86.76199999994608
20260558505_12,20260558505,DISPATCHED,CLEARED BY ARREST,Closed,518 518,APARTMENT,13B,SIMPLE ASSLT,PERSONAL (HANDS),No,I,INDIVIDUAL (18 AND OVER),F,B,Non-Hispanic,37206,2026-09-15 13:44:00,2026-09-15 15:34:00,36.16699999965114,-86.76199999994608
20260558630_11,20260558630,DISPATCHED,UNFOUNDED,Closed,2131 2131,APARTMENT,740,POLICE INQUIRY,NONE,No,I,INDIVIDUAL (18 AND OVER),M,B,Non-Hispanic,37210,2026-09-15 13:00:00,2026-09-15 15:30:00,36.15000000024567,-86.69599999987742
20260558648_11,20260558648,,OPEN,Open,NOLENSVILLE PIKE,"SERVICE, GAS STATION",23C,SHOPLIFTING,NONE,No,B,BUSINESS,,,,,2026-09-15 14:57:00,2026-09-15 15:30:00,36.12999999970263,-86.74999999985195
20260558634_11,20260558634,DISPATCHED,OPEN,Open,ASHLAND CITY HWY,CONSTRUCTION SITE,23H,"THEFT OF PROPERTY- $10,000 OR >  BUT  < $60,000",NONE,No,B,BUSINESS,,,,,2026-01-01 18:00:00,2026-09-15 15:23:00,36.209999999706326,-86.9099999996101
20260558559_11,20260558559,DISPATCHED,OPEN,Open,MURFREESBORO PIKE,"PARKING LOT, GARAGE",290,"VANDALISM- $2,500 OR > BUT < $10,000",MOTOR VEHICLE,No,G,GOVERNMENT,,,,,2026-09-15 12:00:00,2026-09-15 15:17:00,36.12999999970263,-86.71000000013699
20260558629_11,20260558629,DISPATCHED,UNFOUNDED,Closed,797 797,"RESIDENCE, HOME",740,POLICE INQUIRY,NONE,No,B,BUSINESS,,,,37204,2026-08-20 14:00:00,2026-09-15 15:14:00,36.09000000018983,-86.76899999962671
20260558610_11,20260558610,DISPATCHED,OPEN,Open,OLD MATTHEWS RD,APARTMENT,23D,LARC - FROM BLDG,NONE,No,I,INDIVIDUAL (18 AND OVER),F,B,Non-Hispanic,,2026-09-15 03:14:00,2026-09-15 15:00:00,36.209999999706326,-86.7899999995669
20260559172_11,20260559172,WITNESS,UNFOUNDED,Closed,600 600,"GOVERNMENT, PUBLIC BUILDING",715,FOUND PROPERTY,NONE,No,I,INDIVIDUAL (18 AND OVER),U,U,Unknown,37203,2026-09-15 14:52:00,2026-09-15 14:52:00,36.15599999977934,-86.77899999955544
20260558605_11,20260558605,SUSPECT,UNFOUNDED,Closed,2647 2647,"RESIDENCE, HOME",740,POLICE INQUIRY,NONE,No,I,INDIVIDUAL (18 AND OVER),M,U,Unknown,37208,2026-09-11 05:00:00,2026-09-15 14:50:00,36.18000000021363,-86.82200000041685
20260558574_11,20260558574,,OPEN,Open,FOSTER AVE,"COMMERCIAL, OFFICE BUILDING",270,EMBEZZLE - BUSINESS PROP,NONE,No,B,BUSINESS,,,,,2026-09-01 17:00:00,2026-09-15 14:48:00,36.10999999969955,-86.7399999999232
20260558535_11,20260558535,DISPATCHED,UNFOUNDED,Closed,1755 1755,CONVENIENCE STORE,740,POLICE INQUIRY,NONE,No,I,INDIVIDUAL (18 AND OVER),F,B,Non-Hispanic,37208,2026-09-15 13:00:00,2026-09-15 14:44:00,36.18000000021363,-86.8110000004054
20260558414_11,20260558414,SUSPECT,OPEN,Open,FATHERLAND ST,PARK,13A,INTENTIONAL AGGRAVATED ASSAULT,CLUB,No,I,INDIVIDUAL (18 AND OVER),M,B,Non-Hispanic,,2026-09-15 13:00:00,2026-09-15 14:36:00,36.16999999991994,-86.72999999999446
20260558414_12,20260558414,SUSPECT,OPEN,Open,FATHERLAND ST,PARK,13A,INTENTIONAL AGGRAVATED ASSAULT,CLUB,No,I,INDIVIDUAL (18 AND OVER),M,W,Non-Hispanic,,2026-09-15 13:00:00,2026-09-15 14:36:00,36.16999999991994,-86.72999999999446
20260558470_11,20260558470,DISPATCHED,OPEN,Open,GLASTONBURY,"PARKING LOT, GARAGE",240,VEHICLE THEFT,PERSONAL (HANDS),No,I,INDIVIDUAL (18 AND OVER),F,B,Non-Hispanic,,2026-09-15 04:00:00,2026-09-15 14:35:00,36.12999999970263,-86.70000000020825
20260558481_11,20260558481,DISPATCHED,UNFOUNDED,Closed,933 933,"RESIDENCE, HOME",740,POLICE INQUIRY,NONE,Yes,I,INDIVIDUAL (18 AND OVER),F,B,Non-Hispanic,37208,2026-09-15 11:30:00,2026-09-15 14:18:00,36.16699999965114,-86.79900000031124
20260558502_11,20260558502,DISPATCHED,UNFOUNDED,Closed,6206 6206,"PARKING LOT, GARAGE",810,LOST PROPERTY,NONE,No,I,INDIVIDUAL (18 AND OVER),F,W,Non-Hispanic,37209,2026-09-14 03:00:00,2026-09-15 14:13:00,36.16399999986469,-86.86500000037991
20260558443_11,20260558443,,OPEN,Open,RICHARDS RD,"PARKING LOT, GARAGE",23F,BURGLARY- MOTOR VEHICLE,NONE,No,I,INDIVIDUAL (18 AND OVER),M,W,Hispanic,,2026-09-14 13:50:00,2026-09-15 14:02:00,36.06999999966938,-86.68000000035076
20260558503_11,20260558503,DISPATCHED,OPEN,Open,GENERAL JACKSON LN,"RESIDENCE, HOME",26A,FRAUD - SWINDLE,NONE,No,I,INDIVIDUAL (18 AND OVER),F,W,Non-Hispanic,,2026-09-01 13:00:00,2026-09-15 14:01:00,36.22000000011304,-86.60000000002253
20260558468_11,20260558468,,UNFOUNDED,Closed,3956 3956,"RESIDENCE, HOME",740,POLICE INQUIRY,NONE,No,I,INDIVIDUAL (18 AND OVER),M,W,Unknown,37189,2024-06-05 17:00:00,2026-09-15 13:56:00,36.26300000010404,-86.82200000041685
20260558513_11,20260558513,SUSPECT,OPEN,Open,SPEARS,"RESIDENCE, HOME",26A,FRAUD - SWINDLE,Unarmed,No,I,INDIVIDUAL (18 AND OVER),F,B,Non-Hispanic,,2026-09-15 04:15:00,2026-09-15 13:53:00,36.23999999981472,-86.76999999970943
20260558344_11,20260558344,DISPATCHED,OPEN,Open,FATHERLAND,"RESIDENCE, HOME",23F,BURGLARY- MOTOR VEHICLE,PERSONAL (HANDS),No,I,INDIVIDUAL (18 AND OVER),F,W,Non-Hispanic,,2026-09-15 01:00:00,2026-09-15 13:49:00,36.16999999991994,-86.75999999978066
20260558344_21,20260558344,DISPATCHED,OPEN,Open,FATHERLAND,"RESIDENCE, HOME",290,DAMAGE PROP - PRIVATE,PERSONAL (HANDS),No,I,INDIVIDUAL (18 AND OVER),F,W,Non-Hispanic,,2026-09-15 01:00:00,2026-09-15 13:49:00,36.16999999991994,-86.75999999978066
20260558401_11,20260558401,DISPATCHED,UNFOUNDED,Closed,3960 3960,"RESIDENCE, HOME",740,POLICE INQUIRY,NONE,Yes,I,INDIVIDUAL (18 AND OVER),M,B,Non-Hispanic,37076,2026-09-15 13:48:00,2026-09-15 13:48:00,36.16500000022236,-86.60300000027065
20260558284_11,20260558284,DISPATCHED,UNFOUNDED,Closed,5633 5633,"RESIDENCE, HOME",685,DEATH NATURAL,NONE,No,I,INDIVIDUAL (18 AND OVER),M,A,Non-Hispanic,37221,2026-09-15 11:40:00,2026-09-15 13:42:00,,
20260558432_11,20260558432,,OPEN,Open,GALLATIN,SPECIALTY STORE,270,"EMBEZZLEMENT, CRIMINAL ATTEMPT",Unarmed,No,B,BUSINESS,,,,,2026-06-04 13:00:00,2026-09-15 13:32:00,36.30000000031284,-86.69000000027951
20260558398_11,20260558398,DISPATCHED,OPEN,Open,UNION ST,"HIGHWAY, ROAD, ALLEY",13B,SIMPLE ASSLT,PERSONAL (HANDS),No,I,INDIVIDUAL (18 AND OVER),M,W,Non-Hispanic,,2026-09-15 12:50:00,2026-09-15 13:02:00,36.159999999962295,-86.77999999963816
20260558316_11,20260558316,DISPATCHED,REFUSED TO COOPERATE,Closed,2311 2311,"HIGHWAY, ROAD, ALLEY",13A,INTENTIONAL AGGRAVATED ASSAULT,CLUB,Yes,I,INDIVIDUAL (18 AND OVER),M,B,Unknown,37207,2026-09-15 12:00:00,2026-09-15 13:01:00,36.207999999922265,-86.77800000037105
20260558316_21,20260558316,DISPATCHED,REFUSED TO COOPERATE,Closed,2311 2311,"HIGHWAY, ROAD, ALLEY",290,DAMAGE PROP - PRIVATE,NONE,Yes,I,INDIVIDUAL (18 AND OVER),M,B,Unknown,37207,2026-09-15 12:00:00,2026-09-15 13:01:00,36.207999999922265,-86.77800000037105
20260558396_11,20260558396,,OPEN,Open,PRINCETON PL,"PARKING LOT, GARAGE",23F,BURGLARY- MOTOR VEHICLE,Unarmed,No,I,INDIVIDUAL (18 AND OVER),F,B,Non-Hispanic,,2026-09-15 02:00:00,2026-09-15 12:51:00,36.16999999991994,-86.60000000002253
20260558267_11,20260558267,DISPATCHED,OPEN,Open,REDD,APARTMENT,13B,SIMPLE ASSLT,PERSONAL (HANDS),Yes,I,INDIVIDUAL (18 AND OVER),F,W,Hispanic,,2026-09-15 11:30:00,2026-09-15 12:40:00,36.09000000018983,-86.72999999999446
20260558107_11,20260558107,DISPATCHED,CLEARED BY ARREST,Closed,1647 1647,"RESIDENCE, HOME",13C,ASSAULT- FEAR OF BODILY INJURY,,Yes,I,INDIVIDUAL (18 AND OVER),F,B,Non-Hispanic,37208,2026-09-15 09:25:00,2026-09-15 12:31:00,36.18000000021363,-86.79600000006313
20260558521_11,20260558521,DISPATCHED,UNFOUNDED,Closed,810 810,"RESIDENCE, HOME",810,LOST PROPERTY,NONE,No,I,INDIVIDUAL (18 AND OVER),M,B,Non-Hispanic,37203,2026-08-01 12:28:00,2026-09-15 12:28:00,36.1629999998043,-86.80099999957834
20260558183_11,20260558183,DISPATCHED,UNFOUNDED,Closed,1124 1124,"RESIDENCE, HOME",740,POLICE INQUIRY,NONE,Yes,I,INDIVIDUAL (18 AND OVER),M,W,Hispanic,37013,2026-09-15 12:20:00,2026-09-15 12:20:00,,
20260548851_11,20260548851,SUSPECT,CLEARED BY ARREST,Closed,617 617,"PARKING LOT, GARAGE",13B,SIMPLE ASSLT,PERSONAL (HANDS),Yes,I,INDIVIDUAL (18 AND OVER),F,W,Hispanic,37217,2026-09-15 12:19:00,2026-09-15 12:19:00,36.13099999975425,-86.71399999956948
20260558251_11,20260558251,DISPATCHED,OPEN,Open,PRINCETON PL,"PARKING LOT, GARAGE",23F,BURGLARY- MOTOR VEHICLE,CLUB,No,I,INDIVIDUAL (18 AND OVER),M,W,Hispanic,,2026-09-15 04:00:00,2026-09-15 12:11:00,36.16999999991994,-86.60000000002253
20260558251_12,20260558251,DISPATCHED,OPEN,Open,PRINCETON PL,"PARKING LOT, GARAGE",23F,BURGLARY- MOTOR VEHICLE,CLUB,No,I,INDIVIDUAL (18 AND OVER),M,W,Hispanic,,2026-09-15 04:00:00,2026-09-15 12:11:00,36.16999999991994,-86.60000000002253
20260558251_13,20260558251,DISPATCHED,OPEN,Open,PRINCETON PL,"PARKING LOT, GARAGE",23F,BURGLARY- MOTOR VEHICLE,CLUB,No,I,INDIVIDUAL (18 AND OVER),M,W,Hispanic,,2026-09-15 04:00:00,2026-09-15 12:11:00,36.16999999991994,-86.60000000002253
20260558066_11,20260558066,DISPATCHED,CLEARED BY ARREST,Closed,1592 1592,"RESIDENCE, HOME",220,BURGLARY - AGGRAVATED,NONE,Yes,I,INDIVIDUAL (18 AND OVER),F,W,Non-Hispanic,37208,2026-09-15 08:15:00,2026-09-15 11:36:00,36.17899999982454,-86.79700000014583
20260557840_11,20260557840,DISPATCHED,CLEARED BY ARREST,Closed,5515 5515,"RESIDENCE, HOME",13B,SIMPLE ASSLT,PERSONAL (HANDS),Yes,I,INDIVIDUAL (18 AND OVER),F,W,Hispanic,37211,2026-09-15 03:30:00,2026-09-15 11:22:00,36.048999999767794,-86.70599999980617
20260557686_11,20260557686,DISPATCHED,OPEN,Open,CABIN HILL RD,"RESIDENCE, HOME",13B,SIMPLE ASSLT,PERSONAL (HANDS),Yes,I,INDIVIDUAL (18 AND OVER),M,W,Non-Hispanic,,2026-09-15 04:00:00,2026-09-15 11:17:00,36.209999999706326,-86.69000000027951
20260557686_12,20260557686,DISPATCHED,OPEN,Open,CABIN HILL RD,"RESIDENCE, HOME",13B,SIMPLE ASSLT,PERSONAL (HANDS),Yes,I,INDIVIDUAL (18 AND OVER),F,W,Non-Hispanic,,2026-09-15 04:00:00,2026-09-15 11:17:00,36.209999999706326,-86.69000000027951
20260558116_11,20260558116,DISPATCHED,OPEN,Open,OLD HICKORY,"RESIDENCE, HOME",740,POLICE INQUIRY,NONE,Yes,I,INDIVIDUAL (18 AND OVER),F,W,Non-Hispanic,,2026-09-15 05:00:00,2026-09-15 10:08:00,36.01000000015755,-86.67000000042204
20260558095_11,20260558095,DISPATCHED,UNFOUNDED,Closed,400 400,"GOVERNMENT, PUBLIC BUILDING",740,TRANSPORT,NONE,No,I,INDIVIDUAL (18 AND OVER),M,B,Non-Hispanic,37219,2026-09-15 09:03:00,2026-09-15 09:55:00,36.16699999965114,-86.78099999972085
20260557950_11,20260557950,DISPATCHED,PROSECUTION DECLINED,Closed,28TH AVE N & ALAMEDA ST,"HIGHWAY, ROAD, ALLEY",35A,POSSESSION OF A CONTROLLED SUBSTANCE,,No,S,SOCIETY,,,,37209,2026-09-15 06:05:00,2026-09-15 09:51:00,36.16600000015136,-86.82000000025143
20260557950_21,20260557950,DISPATCHED,PROSECUTION DECLINED,Closed,28TH AVE N & ALAMEDA ST,"HIGHWAY, ROAD, ALLEY",35B,DRUG PARAPHERNALIA- UNLAWFUL USE,,No,S,SOCIETY,,,,37209,2026-09-15 06:05:00,2026-09-15 09:51:00,36.16600000015136,-86.82000000025143
20260558043_11,20260558043,DISPATCHED,OPEN,Open,METROPLEX,"HOTEL, MOTEL, ETC.",13A,INTENTIONAL AGGRAVATED ASSAULT,SHOTGUN,No,I,INDIVIDUAL (18 AND OVER),M,B,Non-Hispanic,,2026-09-15 07:30:00,2026-09-15 09:30:00,36.09000000018983,-86.70000000020825
20260558043_22,20260558043,DISPATCHED,OPEN,Open,METROPLEX,"HOTEL, MOTEL, ETC.",520,"WEAPON OFFENSE, CRIMINAL ATTEMPT",SHOTGUN,No,S,SOCIETY,,,,,2026-09-15 07:30:00,2026-09-15 09:30:00,36.09000000018983,-86.70000000020825
20260558021_11,20260558021,DISPATCHED,UNFOUNDED,Closed,733 733,"HOTEL, MOTEL, ETC.",740,POLICE INQUIRY,NONE,No,I,INDIVIDUAL (18 AND OVER),F,B,Non-Hispanic,37217,2026-09-15 06:30:00,2026-09-15 09:27:00,36.14100000025182,-86.70000000020825
20260558003_11,20260558003,DISPATCHED,OPEN,Open,RURAL HILL RD,"PARKING LOT, GARAGE",240,VEHICLE THEFT,Unarmed,No,I,INDIVIDUAL (18 AND OVER),M,W,Non-Hispanic,,2026-09-15 07:00:00,2026-09-15 09:19:00,36.05999999996536,-86.64999999966624
20260557892_11,20260557892,DISPATCHED,UNFOUNDED,Closed,830 830,"PARKING LOT, GARAGE",740,POLICE INQUIRY,NONE,Yes,I,INDIVIDUAL (18 AND OVER),F,B,Non-Hispanic,37217,2026-09-14 02:45:00,2026-09-15 09:09:00,36.13399999963893,-86.70200000037366
20260558064_11,20260558064,DISPATCHED,OPEN,Open,OLD HICKORY BLVD,"SERVICE, GAS STATION",240,VEHICLE THEFT,NONE,No,I,INDIVIDUAL (18 AND OVER),M,W,Non-Hispanic,,2026-09-15 08:00:00,2026-09-15 09:06:00,36.22000000011304,-86.61999999988002
20260557973_11,20260557973,DISPATCHED,CLEARED BY ARREST,Closed,1617 1617,APARTMENT,90Z,TEST ONLY,NONE,No,I,INDIVIDUAL (18 AND OVER),M,W,Unknown,37210,2026-09-11 16:00:00,2026-09-15 08:57:00,36.1539999996859,-86.71899999998301
20260558036_11,20260558036,DISPATCHED,OPEN,Open,HICKORY HOLLOW,APARTMENT,240,VEHICLE THEFT,NONE,No,I,INDIVIDUAL (18 AND OVER),F,W,Hispanic,,2026-09-15 07:55:00,2026-09-15 08:55:00,36.05000000025906,-86.65999999959497
20260557605_11,20260557605,DISPATCHED,CLEARED BY ARREST,Closed,612 612,"RESIDENCE, HOME",13B,SIMPLE ASSLT,PERSONAL (HANDS),Yes,I,INDIVIDUAL (18 AND OVER),F,W,Non-Hispanic,37013,2026-09-15 02:03:00,2026-09-15 08:52:00,36.06699999997734,-86.62899999972605
20260557605_21,20260557605,DISPATCHED,CLEARED BY ARREST,Closed,612 612,"RESIDENCE, HOME",290,"VANDALISM- $1,000 OR LESS",,Yes,I,INDIVIDUAL (18 AND OVER),F,W,Non-Hispanic,37013,2026-09-15 02:03:00,2026-09-15 08:52:00,36.06699999997734,-86.62899999972605
20260558017_11,20260558017,DISPATCHED,UNFOUNDED,Closed,3611 3611,"RESIDENCE, HOME",740,POLICE INQUIRY,NONE,Yes,I,INDIVIDUAL (18 AND OVER),M,W,Non-Hispanic,37076,2026-09-14 21:30:00,2026-09-15 08:47:00,36.17200000011699,-86.62799999964334
20260557775_12,20260557775,DISPATCHED,CLEARED BY ARREST,Closed,420 420,"HOTEL, MOTEL, ETC.",90F,CHILD ABUSE/NEGLECT - EXPOSE TO CONTR. SUBST. & CHILD 8 OR LESS,NONE,No,S,SOCIETY,,,,37211,2026-09-15 03:43:00,2026-09-15 08:26:00,36.08800000003139,-86.69599999987742
20260557975_11,20260557975,DISPATCHED,OPEN,Open,CHARLOTTE PIKE,"HOTEL, MOTEL, ETC.",23D,LARC - FROM BLDG,NONE,No,I,INDIVIDUAL (18 AND OVER),M,W,Non-Hispanic,,2026-09-15 00:00:00,2026-09-15 08:16:00,36.12999999970263,-86.89999999968133
20260558026_11,20260558026,DISPATCHED,UNFOUNDED,Closed,1100 1100,"HIGHWAY, ROAD, ALLEY",810,LOST PROPERTY,NONE,No,B,BUSINESS,,,,37115,2026-09-15 03:00:00,2026-09-15 08:12:00,36.278999999672266,-86.70900000005427
20260557679_11,20260557679,DISPATCHED,OPEN,Open,APACHE TRL,"PARKING LOT, GARAGE",13C,ASSAULT- FEAR OF BODILY INJURY,,No,I,INDIVIDUAL (18 AND OVER),M,B,Non-Hispanic,,2026-09-14 23:12:00,2026-09-15 07:59:00,36.06999999966938,-86.69000000027951
20260557652_11,20260557652,DISPATCHED,UNFOUNDED,Closed,2467 2467,"RESIDENCE, HOME",740,POLICE INQUIRY,NONE,Yes,I,INDIVIDUAL (18 AND OVER),F,W,Non-Hispanic,37217,2026-09-15 01:55:00,2026-09-15 07:55:00,36.0800000001956,-86.64600000023373
20260557599_11,20260557599,DISPATCHED,UNFOUNDED,Closed,100 100,APARTMENT,740,POLICE INQUIRY,NONE,No,I,INDIVIDUAL (18 AND OVER),M,B,Non-Hispanic,37013,2026-09-15 00:34:00,2026-09-15 07:54:00,36.05200000017039,-86.64999999966624
20260557966_11,20260557966,DISPATCHED,UNFOUNDED,Closed, & ,APARTMENT,740,TRANSPORT,LETHAL/CUTTING INSTRUMENT,No,I,INDIVIDUAL (18 AND OVER),M,W,Non-Hispanic,37217,2026-09-15 06:28:00,2026-09-15 07:50:00,,
20260557966_21,20260557966,DISPATCHED,UNFOUNDED,Closed, & ,APARTMENT,735,CIVIL CASE,PERSONAL (HANDS),No,I,INDIVIDUAL (18 AND OVER),M,W,Non-Hispanic,37217,2026-09-15 06:28:00,2026-09-15 07:50:00,,
20260557785_11,20260557785,DISPATCHED,CLEARED BY ARREST,Closed,3219 3219,"PARKING LOT, GARAGE",90D,DRIVING UNDER THE INFLUENCE,NONE,No,S,SOCIETY,,,,37218,2026-09-15 04:00:00,2026-09-15 07:30:00,36.19500000026771,-86.83300000042829
20260557785_21,20260557785,DISPATCHED,CLEARED BY ARREST,Closed,3219 3219,"PARKING LOT, GARAGE",90Z,IMPLIED CONSENT - CIVIL,NONE,No,S,SOCIETY,,,,37218,2026-09-15 04:00:00,2026-09-15 07:30:00,36.19500000026771,-86.83300000042829
20260557987_11,20260557987,DISPATCHED,CLEARED BY ARREST,Closed,910 910,APARTMENT,23H,THEFT OF PROPERTY- $500 OR LESS,NONE,No,I,INDIVIDUAL (18 AND OVER),F,W,Unknown,37138,2026-09-15 06:45:00,2026-09-15 07:28:00,36.26399999993038,-86.6629999998431
20260557968_11,20260557968,DISPATCHED,UNFOUNDED,Closed,2113 2113,"RESIDENCE, HOME",740,POLICE INQUIRY,NONE,Yes,I,INDIVIDUAL (18 AND OVER),F,B,Non-Hispanic,37115,2026-09-15 06:25:00,2026-09-15 07:19:00,36.24699999970004,-86.68000000035076
20260557947_11,20260557947,DISPATCHED,OPEN,Open,STEWARTS FERRY PIKE,APARTMENT,13B,SIMPLE ASSLT,NONE,No,I,INDIVIDUAL (18 AND OVER),M,W,Non-Hispanic,,2026-09-15 05:00:00,2026-09-15 06:47:00,36.159999999962295,-86.62999999980876
20260557723_11,20260557723,DISPATCHED,CLEARED BY ARREST,Closed,113 113,APARTMENT,13B,SIMPLE ASSLT,PERSONAL (HANDS),Yes,I,INDIVIDUAL (18 AND OVER),M,B,Non-Hispanic,37210,2026-09-15 03:30:00,2026-09-15 06:21:00,36.151000000010846,-86.7640000001115
20260557897_11,20260557897,DISPATCHED,OPEN,Open,PEABODY,"HIGHWAY, ROAD, ALLEY",23H,"THEFT OF PROPERTY-$1,000 OR LESS",NONE,No,I,INDIVIDUAL (18 AND OVER),M,W,Non-Hispanic,,2026-09-15 05:27:00,2026-09-15 06:16:00,36.159999999962295,-86.76999999970943
20260557871_11,20260557871,DISPATCHED,UNFOUNDED,Closed,110 110,APARTMENT,740,POLICE INQUIRY,NONE,Yes,I,INDIVIDUAL (18 AND OVER),F,B,Non-Hispanic,37211,2026-09-15 05:04:00,2026-09-15 06:05:00,36.04200000018788,-86.72000000006571
20260557632_11,20260557632,DISPATCHED,CLEARED BY ARREST,Closed,412 412,"RESIDENCE, HOME",90Z,HARRASSMENT (NUISANCE),NONE,Yes,I,INDIVIDUAL (18 AND OVER),F,W,Hispanic,37013,2026-09-14 11:00:00,2026-09-15 06:03:00,36.04200000018788,-86.70599999980617
20260557634_11,20260557634,DISPATCHED,UNFOUNDED,Closed, & WHITE DUTCH LN,"RESIDENCE, HOME",740,POLICE INQUIRY,NONE,Yes,I,INDIVIDUAL (18 AND OVER),F,W,Non-Hispanic,37013,2026-09-15 01:00:00,2026-09-15 06:00:00,,
20260557906_11,20260557906,DISPATCHED,OPEN,Open,CENTURY,"PARKING LOT, GARAGE",23F,BURGLARY- MOTOR VEHICLE,NONE,No,I,INDIVIDUAL (18 AND OVER),M,W,Non-Hispanic,,2026-09-10 13:00:00,2026-09-15 05:53:00,36.13999999994927,-86.69000000027951
20260557808_11,20260557808,,OPEN,Open,LEBANON PIKE,"SERVICE, GAS STATION",760,OVERDOSE,NONE,No,I,INDIVIDUAL (18 AND OVER),M,W,Non-Hispanic,,2026-09-15 04:00:00,2026-09-15 05:39:00,36.16999999991994,-86.65999999959497
20260557882_11,20260557882,DISPATCHED,OPEN,Open,BROADWAY,"PARKING LOT, GARAGE",23F,BURGLARY- MOTOR VEHICLE,NONE,No,I,INDIVIDUAL (18 AND OVER),F,W,Non-Hispanic,,2026-09-14 16:30:00,2026-09-15 05:32:00,36.159999999962295,-86.77999999963816
20260557719_11,20260557719,DISPATCHED,OPEN,Open,APACHE TRL,"GROCERY, SUPERMARKET",13A,INTENTIONAL AGGRAVATED ASSAULT,LETHAL/CUTTING INSTRUMENT,No,I,INDIVIDUAL (18 AND OVER),M,W,Non-Hispanic,,2026-09-05 00:50:00,2026-09-15 05:25:00,36.06999999966938,-86.69000000027951
20260557719_12,20260557719,DISPATCHED,OPEN,Open,APACHE TRL,"GROCERY, SUPERMARKET",13A,INTENTIONAL AGGRAVATED ASSAULT,LETHAL/CUTTING INSTRUMENT,No,I,INDIVIDUAL (18 AND OVER),M,W,Non-Hispanic,,2026-09-05 00:50:00,2026-09-15 05:25:00,36.06999999966938,-86.69000000027951
20260557809_11,20260557809,DISPATCHED,OPEN,Open,BAYWIND DR E,"RESIDENCE, HOME",26A,FRAUD - SWINDLE,NONE,No,I,INDIVIDUAL (18 AND OVER),M,W,Hispanic,,2026-06-01 14:00:00,2026-09-15 05:17:00,36.05000000025906,-86.59000000009381
20260557765_11,20260557765,DISPATCHED,OPEN,Open,SAXONY LAKE DR,APARTMENT,13C,ASSAULT- FEAR OF BODILY INJURY,,Yes,I,INDIVIDUAL (18 AND OVER),F,B,Non-Hispanic,,2026-09-15 03:55:00,2026-09-15 05:13:00,36.05000000025906,-86.67000000042204
20260557765_12,20260557765,DISPATCHED,OPEN,Open,SAXONY LAKE DR,APARTMENT,13C,ASSAULT- FEAR OF BODILY INJURY,,No,I,INDIVIDUAL (18 AND OVER),M,B,Non-Hispanic,,2026-09-15 03:55:00,2026-09-15 05:13:00,36.05000000025906,-86.67000000042204
20260557842_11,20260557842,DISPATCHED,UNFOUNDED,Closed,422 422,APARTMENT,740,POLICE INQUIRY,NONE,Yes,I,INDIVIDUAL (18 AND OVER),M,B,Non-Hispanic,37206,2026-09-15 04:00:00,2026-09-15 05:10:00,36.16699999965114,-86.7640000001115
20260557546_11,20260557546,DISPATCHED,CLEARED BY ARREST,Closed,800 800,"GROCERY, SUPERMARKET",23C,"THEFT OF MERCHANDISE- $1,000 OR LESS",NONE,No,B,BUSINESS,,,,37208,2026-09-14 21:41:00,2026-09-15 05:04:00,36.174999999701605,-86.79299999981502
20260557872_11,20260557872,SUSPECT,OPEN,Open,HOGGETT FORD,"RESIDENCE, HOME",13B,SIMPLE ASSLT,PERSONAL (HANDS),Yes,I,INDIVIDUAL (18 AND OVER),M,W,Non-Hispanic,,2026-09-15 00:00:00,2026-09-15 05:00:00,36.16999999991994,-86.62999999980876
20260557756_11,20260557756,DISPATCHED,UNFOUNDED,Closed,2000 2000,HOSPITAL,740,POLICE INQUIRY,NONE,No,I,INDIVIDUAL (18 AND OVER),F,W,Non-Hispanic,37203,2026-09-15 03:45:00,2026-09-15 05:00:00,36.1539999996859,-86.80199999966105
20260557839_11,20260557839,DISPATCHED,UNFOUNDED,Closed,2112 2112,"PARKING LOT, GARAGE",740,POLICE INQUIRY,NONE,Yes,I,INDIVIDUAL (18 AND OVER),F,B,Non-Hispanic,37203,2026-09-15 04:26:00,2026-09-15 05:00:00,36.1569999999172,-86.80700000007457
20260557591_11,20260557591,DISPATCHED,UNFOUNDED,Closed,3037 3037,"HIGHWAY, ROAD, ALLEY",740,POLICE INQUIRY,NONE,No,I,INDIVIDUAL (18 AND OVER),M,B,Non-Hispanic,37207,2026-09-15 02:01:00,2026-09-15 04:44:00,36.22999999987656,-86.79299999981502
20260557789_11,20260557789,DISPATCHED,UNFOUNDED,Closed,2311 2311,"RESIDENCE, HOME",715,FOUND PROPERTY,NONE,No,U,UNKNOWN,U,U,Unknown,37076,2026-09-14 22:00:00,2026-09-15 04:38:00,36.127999999830735,-86.54499999996531
20260557603_11,20260557603,DISPATCHED,CLEARED BY ARREST,Closed,824 824,Park/Playground,35A,"DRUGS, COCAINE, POSSESS",NONE,No,S,SOCIETY,,,,37203,2026-09-15 02:28:00,2026-09-15 04:12:00,36.13700000019328,-86.78099999972085
20260557603_21,20260557603,DISPATCHED,CLEARED BY ARREST,Closed,824 824,Park/Playground,35B,DRUG PARAPHERNALIA- UNLAWFUL USE,NONE,No,S,SOCIETY,,,,37203,2026-09-15 02:28:00,2026-09-15 04:12:00,36.13700000019328,-86.78099999972085
20260557608_11,20260557608,DISPATCHED,UNFOUNDED,Closed,211 211,APARTMENT,740,POLICE INQUIRY,NONE,Yes,I,INDIVIDUAL (18 AND OVER),F,A,Non-Hispanic,37201,2026-09-15 02:04:00,2026-09-15 04:11:00,36.16600000015136,-86.77800000037105
20260557736_11,20260557736,SUSPECT,PROSECUTION DECLINED,Closed,3181 3181,"HIGHWAY, ROAD, ALLEY",35A,POSSESSION OF A CONTROLLED SUBSTANCE,NONE,No,S,SOCIETY,,,,37207,2026-09-15 03:51:00,2026-09-15 04:09:00,36.24400000013209,-86.77199999987482
20260557669_11,20260557669,DISPATCHED,UNFOUNDED,Closed,421 421,APARTMENT,740,POLICE INQUIRY,NONE,Yes,I,INDIVIDUAL (18 AND OVER),M,W,Non-Hispanic,37115,2026-09-15 02:50:00,2026-09-15 04:01:00,36.24600000032312,-86.70900000005427
20260557721_11,20260557721,DISPATCHED,UNFOUNDED,Closed,6670 6670,"PARKING LOT, GARAGE",780,"RECOVERY, STOLEN PROPERTY",NONE,No,I,INDIVIDUAL (18 AND OVER),M,W,Non-Hispanic,37209,2026-09-14 18:30:00,2026-09-15 04:01:00,36.13700000019328,-86.88300000007199
20260557556_11,20260557556,DISPATCHED,UNFOUNDED,Closed,7734 7734,RESTAURANT,740,TRANSPORT,NONE,No,I,INDIVIDUAL (18 AND OVER),M,W,Non-Hispanic,37221,2026-09-15 02:03:00,2026-09-15 03:59:00,,
20260557653_11,20260557653,DISPATCHED,OPEN,Open,RICHARDS,"RESIDENCE, HOME",220,BURGLARY - AGGRAVATED,NONE,No,I,INDIVIDUAL (18 AND OVER),F,W,Non-Hispanic,,2026-09-14 11:00:00,2026-09-15 03:56:00,36.12000000013524,-86.80000000039394
20260557528_11,20260557528,DISPATCHED,OPEN,Open,GATEWOOD AVE,"RESIDENCE, HOME",13B,SIMPLE ASSLT,PERSONAL (HANDS),No,I,INDIVIDUAL (18 AND OVER),M,W,Non-Hispanic,,2026-09-15 00:45:00,2026-09-15 03:52:00,36.20000000001247,-86.76999999970943
20260557682_11,20260557682,DISPATCHED,UNFOUNDED,Closed,GALLATIN AVE & EASTLAND AVE,"HIGHWAY, ROAD, ALLEY",740,POLICE INQUIRY,NONE,Yes,I,INDIVIDUAL (18 AND OVER),F,W,Unknown,37206,2026-09-15 03:15:00,2026-09-15 03:50:00,36.18400000028398,-86.74799999968653
20260557623_11,20260557623,DISPATCHED,OPEN,Open,SHELBY AVE,APARTMENT,13A,INTENTIONAL AGGRAVATED ASSAULT,OTHER,No,I,INDIVIDUAL (18 AND OVER),F,B,Non-Hispanic,,2026-09-14 23:00:00,2026-09-15 03:49:00,36.16999999991994,-86.75999999978066
20260557501_11,20260557501,DISPATCHED,OPEN,Open,LINBAR DR,"PARKING LOT, GARAGE",13B,SIMPLE ASSLT,PERSONAL (HANDS),Yes,I,INDIVIDUAL (18 AND OVER),M,W,Hispanic,,2026-09-15 00:00:00,2026-09-15 03:44:00,36.0800000001956,-86.70000000020825
20260557681_11,20260557681,DISPATCHED,OPEN,Open,CHARLOTTE PIKE,"PARKING LOT, GARAGE",240,VEHICLE THEFT,NONE,No,I,INDIVIDUAL (18 AND OVER),M,W,Non-Hispanic,,2026-09-14 18:30:00,2026-09-15 03:40:00,36.13999999994927,-86.87999999982385
20260557626_11,20260557626,DISPATCHED,UNFOUNDED,Closed,1271 1271,APARTMENT,740,POLICE INQUIRY,NONE,Yes,I,INDIVIDUAL (18 AND OVER),M,W,Non-Hispanic,37211,2026-09-15 02:00:00,2026-09-15 03:28:00,36.08800000003139,-86.69299999962931
20260557637_11,20260557637,DISPATCHED,UNFOUNDED,Closed,111 111,"RESIDENCE, HOME",740,TRANSPORT,NONE,No,I,INDIVIDUAL (18 AND OVER),M,W,Non-Hispanic,37221,2026-09-15 03:00:00,2026-09-15 03:24:00,36.072999999667886,-86.92099999962153
20260557491_11,20260557491,DISPATCHED,UNFOUNDED,Closed,1003 1003,PARK,740,TRANSPORT,NONE,No,I,INDIVIDUAL (18 AND OVER),F,B,Non-Hispanic,37209,2026-09-15 00:00:00,2026-09-15 03:23:00,36.16500000022236,-86.82000000025143
20260557587_11,20260557587,DISPATCHED,UNFOUNDED,Closed,616 616,"RESIDENCE, HOME",740,POLICE INQUIRY,NONE,Yes,I,INDIVIDUAL (18 AND OVER),F,W,Unknown,37115,2026-09-15 01:54:00,2026-09-15 03:19:00,36.24200000020241,-86.66900000033932
20260557655_11,20260557655,DISPATCHED,OPEN,Open,STEWARTS FERRY PIKE,Community Center,13C,ASSAULT- FEAR OF BODILY INJURY,,No,I,INDIVIDUAL (18 AND OVER),F,B,Non-Hispanic,,2026-09-14 18:40:00,2026-09-15 03:09:00,36.159999999962295,-86.64999999966624
20260557613_11,20260557613,SUSPECT,UNFOUNDED,Closed,2311 2311,"PARKING LOT, GARAGE",740,POLICE INQUIRY,,No,I,INDIVIDUAL (18 AND OVER),F,W,Non-Hispanic,37207,2026-09-15 02:30:00,2026-09-15 03:08:00,36.207999999922265,-86.77800000037105
20260557563_11,20260557563,DISPATCHED,UNFOUNDED,Closed,5406 5406,Auto Dealership New/Used,740,POLICE INQUIRY,NONE,No,I,INDIVIDUAL (18 AND OVER),F,B,Non-Hispanic,37013,2026-09-05 13:00:00,2026-09-15 03:06:00,36.043999999969,-86.66099999967767
20260557169_11,20260557169,DISPATCHED,CLEARED BY ARREST,Closed,200 200,"RESIDENCE, HOME",220,BURGLARY - ESPECIALLY AGGRAVATED,CLUB,Yes,I,INDIVIDUAL (18 AND OVER),F,W,Non-Hispanic,37115,2026-09-14 21:54:00,2026-09-15 03:04:00,36.27300000011916,-86.71100000021968
20260557169_22,20260557169,DISPATCHED,CLEARED BY ARREST,Closed,200 200,"RESIDENCE, HOME",35A,AMPHETAMINE - POSSESS,NONE,No,S,SOCIETY,,,,37115,2026-09-14 21:54:00,2026-09-15 03:04:00,36.27300000011916,-86.71100000021968
20260557169_31,20260557169,DISPATCHED,CLEARED BY ARREST,Closed,200 200,"RESIDENCE, HOME",13A,INTENTIONAL AGGRAVATED ASSAULT,CLUB,Yes,I,INDIVIDUAL (18 AND OVER),F,W,Non-Hispanic,37115,2026-09-14 21:54:00,2026-09-15 03:04:00,36.27300000011916,-86.71100000021968
20260557566_11,20260557566,SUSPECT,CLEARED BY ARREST,Closed,CHESAPEAKE & MOOREWOOD,"HIGHWAY, ROAD, ALLEY",35A,POSSESSION OF A CONTROLLED SUBSTANCE,NONE,No,S,SOCIETY,,,,37207,2026-09-15 02:01:00,2026-09-15 03:01:00,36.24600000032312,-86.77299999995753
20260557566_21,20260557566,SUSPECT,CLEARED BY ARREST,Closed,CHESAPEAKE & MOOREWOOD,"HIGHWAY, ROAD, ALLEY",35B,DRUG PARAPHERNALIA- UNLAWFUL USE,NONE,No,S,SOCIETY,,,,37207,2026-09-15 02:01:00,2026-09-15 03:01:00,36.24600000032312,-86.77299999995753
20260557537_11,20260557537,DISPATCHED,REFUSED TO COOPERATE,Closed,2400 2400,"RESIDENCE, HOME",13B,ASSAULT- OFFENSIVE OR PROVOCATIVE CONTACT,OTHER,Yes,I,INDIVIDUAL (18 AND OVER),F,B,Non-Hispanic,37218,2026-09-08 02:30:00,2026-09-15 02:57:00,36.20000000001247,-86.82499999976665
20260557581_11,20260557581,DISPATCHED,UNFOUNDED,Closed,3317 3317,"HIGHWAY, ROAD, ALLEY",780,"RECOVERY, STOLEN PROPERTY",NONE,No,I,INDIVIDUAL (18 AND OVER),U,U,Unknown,37013,2026-09-14 06:30:00,2026-09-15 02:56:00,36.06699999997734,-86.62400000021083
20260557590_11,20260557590,DISPATCHED,UNFOUNDED,Closed,604 604,"RESIDENCE, HOME",740,TRANSPORT,NONE,No,I,INDIVIDUAL (18 AND OVER),M,W,Non-Hispanic,37221,2026-09-15 02:00:00,2026-09-15 02:52:00,36.05099999966719,-86.95399999965585
20260557266_11,20260557266,DISPATCHED,CLEARED BY ARREST,Closed,811 811,APARTMENT,13A,"Assault, Aggravated - Strangulation - Int/Kn",PERSONAL (HANDS),Yes,I,INDIVIDUAL (18 AND OVER),F,B,Non-Hispanic,37013,2026-09-14 22:00:00,2026-09-15 02:51:00,36.05200000017039,-86.67600000001995
20260557585_11,20260557585,DISPATCHED,UNFOUNDED,Closed,5140 5140,"RESIDENCE, HOME",740,POLICE INQUIRY,NONE,Yes,I,INDIVIDUAL (18 AND OVER),F,B,Non-Hispanic,37013,2026-09-15 02:00:00,2026-09-15 02:50:00,36.01100000027918,-86.62899999972605
20260557292_11,20260557292,DISPATCHED,OPEN,Open,NEESE DR,APARTMENT,100,"KIDNAPPING, CRIMINAL ATTEMPT",PERSONAL (HANDS),Yes,I,INDIVIDUAL (18 AND OVER),F,B,Non-Hispanic,,2026-09-14 23:00:00,2026-09-15 02:49:00,36.10999999969955,-86.72999999999446
20260557292_21,20260557292,DISPATCHED,OPEN,Open,NEESE DR,APARTMENT,13B,SIMPLE ASSLT - STRANGULATION (NO LOSS OF CONSCIOUSNESS),PERSONAL (HANDS),Yes,I,INDIVIDUAL (18 AND OVER),F,B,Non-Hispanic,,2026-09-14 23:00:00,2026-09-15 02:49:00,36.10999999969955,-86.72999999999446
20260557292_22,20260557292,DISPATCHED,OPEN,Open,NEESE DR,APARTMENT,13B,SIMPLE ASSLT - STRANGULATION (NO LOSS OF CONSCIOUSNESS),PERSONAL (HANDS),Yes,I,INDIVIDUAL (18 AND OVER),M,B,Non-Hispanic,,2026-09-14 23:00:00,2026-09-15 02:49:00,36.10999999969955,-86.72999999999446
20260557562_11,20260557562,DISPATCHED,DEATH OF OFFENDER,Closed,200 200,"RESIDENCE, HOME",100,"KIDNAPPING, CRIMINAL ATTEMPT",REVOLVER,Yes,I,INDIVIDUAL (18 AND OVER),F,W,Non-Hispanic,37138,2026-09-14 23:30:00,2026-09-15 02:16:00,36.26300000010404,-86.66399999992578
20260557562_21,20260557562,DISPATCHED,DEATH OF OFFENDER,Closed,200 200,"RESIDENCE, HOME",220,BURGLARY - AGGRAVATED,REVOLVER,Yes,I,INDIVIDUAL (18 AND OVER),F,W,Non-Hispanic,37138,2026-09-14 23:30:00,2026-09-15 02:16:00,36.26300000010404,-86.66399999992578
20260557562_31,20260557562,DISPATCHED,DEATH OF OFFENDER,Closed,200 200,"RESIDENCE, HOME",850,CONTEMPT - VIOLATION OF PROTECTION ORDER,REVOLVER,Yes,I,INDIVIDUAL (18 AND OVER),F,W,Non-Hispanic,37138,2026-09-14 23:30:00,2026-09-15 02:16:00,36.26300000010404,-86.66399999992578
20260557562_42,20260557562,DISPATCHED,DEATH OF OFFENDER,Closed,200 200,"RESIDENCE, HOME",520,"WEAPON OFFENSE, CRIMINAL ATTEMPT",REVOLVER,No,S,SOCIETY,,,,37138,2026-09-14 23:30:00,2026-09-15 02:16:00,36.26300000010404,-86.66399999992578
20260557562_51,20260557562,DISPATCHED,DEATH OF OFFENDER,Closed,200 200,"RESIDENCE, HOME",13A,"Assault, Aggravated - Deadly Weapon - Int/Kn",REVOLVER,Yes,I,INDIVIDUAL (18 AND OVER),F,W,Non-Hispanic,37138,2026-09-14 23:30:00,2026-09-15 02:16:00,36.26300000010404,-86.66399999992578
20260555292_11,20260555292,SUSPECT,UNFOUNDED,Closed,97 97,"JAIL, PRISON",715,FOUND PROPERTY,NONE,No,I,INDIVIDUAL (18 AND OVER),F,W,Non-Hispanic,37211,2026-09-15 02:14:00,2026-09-15 02:14:00,36.0829999998826,-86.70200000037366
20260557523_11,20260557523,DISPATCHED,UNFOUNDED,Closed,700 700,APARTMENT,740,POLICE INQUIRY,NONE,Yes,I,INDIVIDUAL (18 AND OVER),F,B,Non-Hispanic,37206,2026-09-14 23:30:00,2026-09-15 02:12:00,36.16500000022236,-86.75600000034818
20260557564_11,20260557564,DISPATCHED,OPEN,Open,SPRUCEDALE,"RESIDENCE, HOME",26A,FRAUD - SWINDLE,NONE,No,I,INDIVIDUAL (18 AND OVER),F,B,Non-Hispanic,,2026-09-10 15:00:00,2026-09-15 02:12:00,36.0399999997254,-86.60999999995128
20260569097_11,20260569097,DISPATCHED,OPEN,Open,26TH AVE N,PARK,13B,SIMPLE ASSLT,PERSONAL (HANDS),Yes,I,INDIVIDUAL (18 AND OVER),F,B,Non-Hispanic,,2026-09-15 01:40:00,2026-09-15 02:07:00,36.19000000021294,-86.82000000025143
20260557466_11,20260557466,DISPATCHED,OPEN,Open,REP JOHN LEWIS WAY S,"HIGHWAY, ROAD, ALLEY",13B,SIMPLE ASSLT,PERSONAL (HANDS),No,I,INDIVIDUAL (18 AND OVER),F,W,Non-Hispanic,,2026-09-14 06:00:00,2026-09-15 02:01:00,36.159999999962295,-86.77999999963816
20260557402_11,20260557402,DISPATCHED,UNFOUNDED,Closed,916 916,"RESIDENCE, HOME",695,UNKNOWN DEATH,HANDGUN,No,I,INDIVIDUAL (18 AND OVER),M,W,Non-Hispanic,37138,2026-09-14 23:45:00,2026-09-15 01:46:00,36.26399999993038,-86.6650000000085
20260557327_11,20260557327,DISPATCHED,CLEARED BY ARREST,Closed, & PRITCHETT DR,"RESIDENCE, HOME",13B,SIMPLE ASSLT,PERSONAL (HANDS),Yes,I,INDIVIDUAL (18 AND OVER),M,W,Non-Hispanic,,2026-09-14 22:27:00,2026-09-15 01:45:00,36.05600000004797,-86.75700000043086
20260557348_11,20260557348,DISPATCHED,OPEN,Open,HAMILTON CHURCH RD,"OTHER, UNKNOWN",26B,FRAUD -  ILLEG USE OF CREDIT CARDS,NONE,No,F,FINANCIAL INSTITUTION,,,,,2026-09-14 11:00:00,2026-09-15 01:41:00,36.05999999996536,-86.62999999980876
20260557510_11,20260557510,DISPATCHED,UNFOUNDED,Closed,200 200,"PARKING LOT, GARAGE",740,POLICE INQUIRY,NONE,No,I,INDIVIDUAL (18 AND OVER),F,W,Non-Hispanic,37115,2026-09-14 02:30:00,2026-09-15 01:39:00,36.26099999970658,-86.71300000038511
20260557205_11,20260557205,DISPATCHED,OPEN,Open,MOUNTAIN VALLEY,APARTMENT,220,BURGLARY,NONE,No,I,INDIVIDUAL (18 AND OVER),F,W,Hispanic,,2026-09-14 10:00:00,2026-09-15 01:39:00,36.099999999750025,-86.93000000036587
20260557205_21,20260557205,DISPATCHED,OPEN,Open,MOUNTAIN VALLEY,APARTMENT,290,DAMAGE PROP - PRIVATE,NONE,No,I,INDIVIDUAL (18 AND OVER),F,W,Hispanic,,2026-09-14 10:00:00,2026-09-15 01:39:00,36.099999999750025,-86.93000000036587
20260557465_11,20260557465,DISPATCHED,UNFOUNDED,Closed,2901 2901,APARTMENT,740,POLICE INQUIRY,NONE,Yes,I,INDIVIDUAL (18 AND OVER),M,W,Non-Hispanic,37013,2026-09-14 19:45:00,2026-09-15 01:36:00,36.04099999976909,-86.63300000005688
20260557213_11,20260557213,DISPATCHED,UNFOUNDED,Closed,311 311,"RESIDENCE, HOME",740,POLICE INQUIRY,,No,I,INDIVIDUAL (18 AND OVER),F,W,Hispanic,37211,2026-09-14 18:00:00,2026-09-15 01:24:00,36.09600000019247,-86.72000000006571
20260557495_11,20260557495,DISPATCHED,UNFOUNDED,Closed,10TH AVE N & BROADWAY,"HIGHWAY, ROAD, ALLEY",715,FOUND PROPERTY,NONE,No,I,INDIVIDUAL (18 AND OVER),U,U,Unknown,37203,2026-09-14 23:26:00,2026-09-15 01:19:00,36.15800000035669,-86.78399999996897
20260557354_11,20260557354,DISPATCHED,UNFOUNDED,Closed,161 161,"PARKING LOT, GARAGE",740,POLICE INQUIRY,NONE,No,I,INDIVIDUAL (18 AND OVER),F,W,Non-Hispanic,37203,2026-09-15 00:33:00,2026-09-15 01:11:00,36.13500000023381,-86.76600000027692
20260557354_21,20260557354,DISPATCHED,UNFOUNDED,Closed,161 161,"PARKING LOT, GARAGE",715,FOUND PROPERTY,NONE,No,I,INDIVIDUAL (18 AND OVER),F,W,Non-Hispanic,37203,2026-09-15 00:33:00,2026-09-15 01:11:00,36.13500000023381,-86.76600000027692
20260557474_11,20260557474,DISPATCHED,OPEN,Open,BUENA VISTA PIKE,"PARKING LOT, GARAGE",13C,ASSAULT- FEAR OF BODILY INJURY,,No,I,INDIVIDUAL (18 AND OVER),F,B,Non-Hispanic,,2026-09-14 22:00:00,2026-09-15 01:09:00,36.20000000001247,-86.83000000018018
20260556804_11,20260556804,DISPATCHED,UNFOUNDED,Closed,1708 1708,"RESIDENCE, HOME",740,POLICE INQUIRY,NONE,No,I,INDIVIDUAL (18 AND OVER),F,W,Unknown,37212,2026-01-15 18:00:00,2026-09-15 00:59:00,36.13800000028207,-86.8110000004054
20260557320_11,20260557320,DISPATCHED,OPEN,Open,BELL RD,CONVENIENCE STORE,26B,FRAUD -  ILLEG USE OF CREDIT CARDS,NONE,No,F,FINANCIAL INSTITUTION,,,,,2026-09-14 04:00:00,2026-09-15 00:51:00,36.0399999997254,-86.65999999959497
20260557455_11,20260557455,DISPATCHED,OPEN,Open,HYNES ST,"PARKING LOT, GARAGE",290,DAMAGE PROP - PRIVATE,,No,I,INDIVIDUAL (18 AND OVER),M,W,Non-Hispanic,,2026-09-14 07:00:00,2026-09-15 00:46:00,36.159999999962295,-86.7899999995669
20260557463_11,20260557463,DISPATCHED,UNFOUNDED,Closed,720 720,APARTMENT,810,LOST PROPERTY,NONE,No,I,INDIVIDUAL (18 AND OVER),F,B,Non-Hispanic,37206,2026-09-10 17:00:00,2026-09-15 00:45:00,36.18400000028398,-86.75899999969798
20260557462_11,20260557462,DISPATCHED,OPEN,Open,DICKERSON PIKE,"DEPARTMENT, DISCOUNT STORE",23C,SHOPLIFTING,,No,B,BUSINESS,,,,,2026-09-15 00:15:00,2026-09-15 00:39:00,36.22999999987656,-86.75999999978066
20260557428_11,20260557428,DISPATCHED,OPEN,Open,RIO VISTA,"RESIDENCE, HOME",23H,LARC - POSTAL,NONE,No,I,INDIVIDUAL (18 AND OVER),M,B,Non-Hispanic,,2026-09-14 23:35:00,2026-09-15 00:36:00,36.27000000015372,-86.68000000035076
20260557382_11,20260557382,DISPATCHED,UNFOUNDED,Closed,4697 4697,"HOTEL, MOTEL, ETC.",740,POLICE INQUIRY,NONE,No,I,INDIVIDUAL (18 AND OVER),M,W,Non-Hispanic,37220,2026-09-14 17:00:00,2026-09-15 00:32:00,36.08100000022568,-86.75799999961527
20260557331_11,20260557331,DISPATCHED,OPEN,Open,OLD FRANKLIN RD,"RESIDENCE, HOME",13C,ASSAULT- FEAR OF BODILY INJURY,,Yes,I,INDIVIDUAL (18 AND OVER),F,W,Non-Hispanic,,2026-09-14 23:26:00,2026-09-15 00:26:00,36.0399999997254,-86.62999999980876
20260557331_21,20260557331,DISPATCHED,OPEN,Open,OLD FRANKLIN RD,"RESIDENCE, HOME",23G,LARC - PARTS FROM VEH,PERSONAL (HANDS),Yes,I,INDIVIDUAL (18 AND OVER),F,W,Non-Hispanic,,2026-09-14 23:26:00,2026-09-15 00:26:00,36.0399999997254,-86.62999999980876
20260557362_11,20260557362,DISPATCHED,UNFOUNDED,Closed,727 727,APARTMENT,740,POLICE INQUIRY,NONE,Yes,I,INDIVIDUAL (18 AND OVER),M,B,Non-Hispanic,37013,2026-09-14 23:15:00,2026-09-15 00:20:00,36.05500000025484,-86.6429999999856
20260557091_11,20260557091,DISPATCHED,UNFOUNDED,Closed,2131 2131,"RESIDENCE, HOME",740,POLICE INQUIRY,NONE,Yes,U,UNKNOWN,U,U,Unknown,37210,2026-09-14 21:00:00,2026-09-15 00:19:00,36.15000000024567,-86.69599999987742
20260557179_11,20260557179,DISPATCHED,OPEN,Open,PADDLE WHEEL,"RESIDENCE, HOME",13B,SIMPLE ASSLT,PERSONAL (HANDS),Yes,I,INDIVIDUAL (18 AND OVER),F,W,Non-Hispanic,,2026-09-14 20:54:00,2026-09-15 00:19:00,36.22999999987656,-86.70000000020825
20260557290_11,20260557290,DISPATCHED,UNFOUNDED,Closed,2202 2202,CONVENIENCE STORE,740,POLICE INQUIRY,NONE,No,I,INDIVIDUAL (18 AND OVER),M,B,Non-Hispanic,37207,2026-08-01 17:00:00,2026-09-15 00:16:00,36.20599999976586,-86.76899999962671
20260557195_11,20260557195,DISPATCHED,OPEN,Open,CROWE DR,"HIGHWAY, ROAD, ALLEY",13A,"Assault, Aggravated - Deadly Weapon - Int/Kn",HANDGUN,No,I,INDIVIDUAL (18 AND OVER),M,B,Unknown,,2026-09-14 21:49:00,2026-09-15 00:00:00,36.18000000021363,-86.84000000010889
20260557195_22,20260557195,DISPATCHED,OPEN,Open,CROWE DR,"HIGHWAY, ROAD, ALLEY",520,"WEAPON OFFENSE, CRIMINAL ATTEMPT",HANDGUN,No,S,SOCIETY,,,,,2026-09-14 21:49:00,2026-09-15 00:00:00,36.18000000021363,-86.84000000010889
20260557281_11,20260557281,DISPATCHED,OPEN,Open,NOLENSVILLE PIKE,APARTMENT,26A,THEFT OF SERVICES-  $500 OR LESS,NONE,No,I,INDIVIDUAL (18 AND OVER),F,W,Hispanic,,2026-09-14 02:40:00,2026-09-14 23:57:00,36.06999999966938,-86.72000000006571
20260557230_11,20260557230,DISPATCHED,OPEN,Open,ELLISTON PL,RESTAURANT,13C,"HARASSMENT- CAUSE EMOTIONAL DISTRESS, INTIMIDATE, FRIGHTEN",NONE,No,I,INDIVIDUAL (18 AND OVER),M,W,Non-Hispanic,,2026-09-14 18:00:00,2026-09-14 23:47:00,36.15000000024567,-86.81000000032267
20260557027_11,20260557027,DISPATCHED,OPEN,Open,SUMMER SHADE DR,"RESIDENCE, HOME",90Z,HARRASSMENT (NUISANCE),NONE,Yes,I,INDIVIDUAL (18 AND OVER),M,W,Non-Hispanic,,2026-09-11 08:00:00,2026-09-14 23:32:00,36.05000000025906,-86.59000000009381
20260557236_11,20260557236,DISPATCHED,UNFOUNDED,Closed,499 499,APARTMENT,740,POLICE INQUIRY,NONE,No,I,INDIVIDUAL (18 AND OVER),F,B,Non-Hispanic,37211,2026-08-30 17:00:00,2026-09-14 23:27:00,36.03900000005749,-86.72000000006571
20260557225_11,20260557225,DISPATCHED,UNFOUNDED,Closed,345 345,"PARKING LOT, GARAGE",760,OVERDOSE,NONE,No,I,INDIVIDUAL (18 AND OVER),M,B,Non-Hispanic,37076,2026-09-14 22:00:00,2026-09-14 23:17:00,36.17299999992894,-86.60000000002253
20260556521_11,20260556521,DISPATCHED,UNFOUNDED,Closed, & RUSSELL ST,"PARKING LOT, GARAGE",780,"RECOVERY, STOLEN PROPERTY",NONE,No,I,INDIVIDUAL (18 AND OVER),U,U,Unknown,37206,2026-09-14 14:52:00,2026-09-14 23:16:00,,
20260557265_11,20260557265,DISPATCHED,UNFOUNDED,Closed,500 500,APARTMENT,740,POLICE INQUIRY,,No,I,INDIVIDUAL (18 AND OVER),M,B,Non-Hispanic,37203,2025-01-01 00:15:00,2026-09-14 23:15:00,36.14100000025182,-86.78199999980357
20260557239_11,20260557239,DISPATCHED,UNFOUNDED,Closed,4009 4009,"RESIDENCE, HOME",780,"RECOVERY, STOLEN PROPERTY",NONE,No,I,INDIVIDUAL (18 AND OVER),M,W,Non-Hispanic,37209,2026-09-14 23:06:00,2026-09-14 23:06:00,36.14400000012616,-86.83300000042829
20260557240_11,20260557240,DISPATCHED,OPEN,Open,PLUS PARK BLVD,APARTMENT,13C,ASSAULT- FEAR OF BODILY INJURY,,No,I,INDIVIDUAL (18 AND OVER),M,W,Non-Hispanic,,2026-09-14 20:44:00,2026-09-14 23:06:00,36.12999999970263,-86.72000000006571
20260557166_11,20260557166,DISPATCHED,UNFOUNDED,Closed,905 905,"RESIDENCE, HOME",740,POLICE INQUIRY,NONE,Yes,I,INDIVIDUAL (18 AND OVER),M,W,Non-Hispanic,37206,2026-09-14 21:30:00,2026-09-14 23:01:00,36.18799999983186,-86.75400000018276
20260556988_11,20260556988,DISPATCHED,CLEARED BY ARREST,Closed,336 336,CONVENIENCE STORE,13B,ASSAULT- OFFENSIVE OR PROVOCATIVE CONTACT,PERSONAL (HANDS),Yes,I,INDIVIDUAL (18 AND OVER),F,W,Non-Hispanic,37207,2026-09-14 20:22:00,2026-09-14 22:51:00,36.20500000009323,-86.76300000002878
20260557219_11,20260557219,DISPATCHED,UNFOUNDED,Closed,3240 3240,"RESIDENCE, HOME",735,CIVIL CASE,,No,I,INDIVIDUAL (18 AND OVER),F,B,Non-Hispanic,37013,2026-09-14 22:18:00,2026-09-14 22:50:00,36.07099999979706,-86.60200000018794
20260555300_11,20260555300,SUSPECT,UNFOUNDED,Closed,2802 2802,"PARKING LOT, GARAGE",715,FOUND PROPERTY,,No,I,INDIVIDUAL (18 AND OVER),F,W,Unknown,37209,2026-09-13 19:18:00,2026-09-14 22:50:00,36.15899999964666,-86.81900000016873
20260557256_11,20260557256,SUSPECT,OPEN,Open,MONROE ST,"GROCERY, SUPERMARKET",23C,SHOPLIFTING,NONE,No,B,BUSINESS,,,,,2026-09-14 21:41:00,2026-09-14 22:44:00,36.18000000021363,-86.7899999995669
20260557106_22,20260557106,DISPATCHED,OPEN,Open,37TH AVE N,"HIGHWAY, ROAD, ALLEY",520,"WEAPON OFFENSE, CRIMINAL ATTEMPT",HANDGUN,No,S,SOCIETY,,,,,2026-09-14 20:00:00,2026-09-14 22:40:00,36.15000000024567,-86.83000000018018
20260557133_11,20260557133,SUSPECT,OPEN,Open,4TH,"BAR, NIGHT CLUB",26B,FRAUD -  ILLEG USE OF CREDIT CARDS,,No,B,BUSINESS,,,,,2026-09-14 22:35:00,2026-09-14 22:35:00,36.159999999962295,-86.77999999963816
20260557203_11,20260557203,DISPATCHED,UNFOUNDED,Closed,2240 2240,"HIGHWAY, ROAD, ALLEY",780,"RECOVERY, STOLEN PROPERTY",NONE,No,B,BUSINESS,,,,37211,2026-09-14 22:00:00,2026-09-14 22:34:00,36.12199999993516,-86.75500000026547
20260557202_11,20260557202,SUSPECT,OPEN,Open,8TH AVE S,"HIGHWAY, ROAD, ALLEY",35B,DRUG PARAPHERNALIA- UNLAWFUL USE,NONE,No,S,SOCIETY,,,,,2026-09-14 22:11:00,2026-09-14 22:31:00,36.159999999962295,-86.84000000010889
20260557197_11,20260557197,DISPATCHED,OPEN,Open,MAUDINA AVE,"RESIDENCE, HOME",23D,LARC - FROM BLDG,,No,I,INDIVIDUAL (18 AND OVER),F,W,Non-Hispanic,,2026-09-09 13:00:00,2026-09-14 22:20:00,36.13999999994927,-86.85999999996638
20260557172_11,20260557172,DISPATCHED,OPEN,Open,MONROE ST,"GROCERY, SUPERMARKET",290,DAMAGE PROP - BUSINESS,PERSONAL (HANDS),No,B,BUSINESS,,,,,2026-09-14 21:34:00,2026-09-14 22:19:00,36.18000000021363,-86.7899999995669
20260557128_11,20260557128,DISPATCHED,UNFOUNDED,Closed,117 117,"PARKING LOT, GARAGE",715,FOUND PROPERTY,NONE,No,I,INDIVIDUAL (18 AND OVER),M,W,Non-Hispanic,37201,2026-09-14 21:00:00,2026-09-14 22:16:00,36.16699999965114,-86.77700000028835
20260557122_11,20260557122,DISPATCHED,OPEN,Open,OAKWELL FARMS LN,APARTMENT,210,EXTORTION,NONE,No,I,INDIVIDUAL (18 AND OVER),M,W,Non-Hispanic,,2026-09-07 20:00:00,2026-09-14 22:14:00,36.16999999991994,-86.60999999995128
20260549517_11,20260549517,DISPATCHED,OPEN,Open,HERMITAGE PARK DR,APARTMENT,220,BURGLARY- AGGRAVATED,NONE,No,I,INDIVIDUAL (18 AND OVER),F,W,Non-Hispanic,,2026-09-10 11:45:00,2026-09-14 22:12:00,36.16999999991994,-86.59000000009381
20260557132_11,20260557132,SUSPECT,OPEN,Open,BROADWAY,RESTAURANT,26B,FRAUD -  ILLEG USE OF CREDIT CARDS,,No,B,BUSINESS,,,,,2026-09-06 22:12:00,2026-09-14 22:12:00,36.159999999962295,-86.77999999963816
20260556938_23,20260556938,SUSPECT,CLEARED BY ARREST,Closed,345 345,"HIGHWAY, ROAD, ALLEY",520,"WEAPON OFFENSE, CRIMINAL ATTEMPT",HANDGUN - SEMIAUTOMATIC,No,S,SOCIETY,,,,37076,2026-09-14 22:08:00,2026-09-14 22:08:00,36.17299999992894,-86.60000000002253
20260556938_11,20260556938,SUSPECT,CLEARED BY ARREST,Closed,345 345,"HIGHWAY, ROAD, ALLEY",780,"RECOVERY, STOLEN PROPERTY",HANDGUN - SEMIAUTOMATIC,No,I,INDIVIDUAL (18 AND OVER),F,B,Non-Hispanic,37076,2026-09-14 22:08:00,2026-09-14 22:08:00,36.17299999992894,-86.60000000002253
20260556938_12,20260556938,SUSPECT,CLEARED BY ARREST,Closed,345 345,"HIGHWAY, ROAD, ALLEY",780,"RECOVERY, STOLEN PROPERTY",HANDGUN - SEMIAUTOMATIC,No,I,INDIVIDUAL (18 AND OVER),F,W,Non-Hispanic,37076,2026-09-14 22:08:00,2026-09-14 22:08:00,36.17299999992894,-86.60000000002253
20260557073_11,20260557073,DISPATCHED,UNFOUNDED,Closed,4040 4040,"PARKING LOT, GARAGE",740,POLICE INQUIRY,NONE,No,I,INDIVIDUAL (18 AND OVER),M,B,Non-Hispanic,37211,2026-09-14 18:50:00,2026-09-14 22:08:00,36.0829999998826,-86.72400000039654
20260557143_11,20260557143,DISPATCHED,OPEN,Open,INTERSTATE,"HOTEL, MOTEL, ETC.",220,BURGLARY- AGGRAVATED,PERSONAL (HANDS),No,I,INDIVIDUAL (18 AND OVER),M,W,Non-Hispanic,,2026-09-14 07:10:00,2026-09-14 22:06:00,36.16999999991994,-86.76999999970943
