Route_ID,Service_ID,Trip_ID,Trip_Headsign,Direction_ID
14,86.0.1,377452,NORTH NASHVILLE VIA BUENA VISTA,0
14,86.0.1,377453,NORTH NASHVILLE VIA BUENA VISTA,0
14,86.0.1,377454,NORTH NASHVILLE VIA BUENA VISTA,0
14,86.0.1,377455,NORTH NASHVILLE VIA BUENA VISTA,0
14,86.0.1,377456,NORTH NASHVILLE VIA BUENA VISTA,0
14,86.0.1,377457,NORTH NASHVILLE VIA BUENA VISTA,0
14,86.0.1,377458,NORTH NASHVILLE VIA BUENA VISTA,0
14,86.0.1,377459,NORTH NASHVILLE VIA BUENA VISTA,0
14,86.0.1,377460,NORTH NASHVILLE VIA BUENA VISTA,0
14,86.0.1,377461,NORTH NASHVILLE VIA BUENA VISTA,0
14,86.0.1,377462,NORTH NASHVILLE VIA BUENA VISTA,0
14,86.0.1,377463,NORTH NASHVILLE VIA BUENA VISTA,0
14,86.0.1,377480,NORTH NASHVILLE VIA BUENA VISTA,0
14,86.0.1,377464,NORTH NASHVILLE VIA BUENA VISTA,0
14,86.0.1,377481,NORTH NASHVILLE VIA BUENA VISTA,0
14,86.0.1,377465,NORTH NASHVILLE VIA BUENA VISTA,0
14,86.0.1,377482,NORTH NASHVILLE VIA BUENA VISTA,0
14,86.0.1,377483,NORTH NASHVILLE VIA BUENA VISTA,0
14,86.0.1,377484,NORTH NASHVILLE VIA BUENA VISTA,0
14,86.0.1,377485,NORTH NASHVILLE VIA BUENA VISTA,0
14,86.0.1,377486,NORTH NASHVILLE VIA BUENA VISTA,0
14,86.0.1,377466,NORTH NASHVILLE VIA BUENA VISTA,0
14,86.0.1,377467,NORTH NASHVILLE VIA BUENA VISTA,0
14,86.91.1,377468,NORTH NASHVILLE VIA BUENA VISTA,0
14,86.92.1,377487,NORTH NASHVILLE VIA BUENA VISTA,0
14,86.91.1,377469,NORTH NASHVILLE VIA BUENA VISTA,0
14,86.92.1,377488,NORTH NASHVILLE VIA BUENA VISTA,0
14,86.91.1,377470,NORTH NASHVILLE VIA BUENA VISTA,0
14,86.92.1,377495,NORTH NASHVILLE VIA BUENA VISTA,0
14,86.91.1,377471,NORTH NASHVILLE VIA BUENA VISTA,0
14,86.92.1,377489,NORTH NASHVILLE VIA BUENA VISTA,0
14,86.91.1,377472,NORTH NASHVILLE VIA BUENA VISTA,0
14,86.92.1,377490,NORTH NASHVILLE VIA BUENA VISTA,0
14,86.91.1,377473,NORTH NASHVILLE VIA BUENA VISTA,0
14,86.92.1,377491,NORTH NASHVILLE VIA BUENA VISTA,0
14,86.91.1,377474,NORTH NASHVILLE VIA BUENA VISTA,0
14,86.92.1,377492,NORTH NASHVILLE VIA BUENA VISTA,0
14,86.91.1,377475,NORTH NASHVILLE VIA BUENA VISTA,0
14,86.92.1,377493,NORTH NASHVILLE VIA BUENA VISTA,0
14,86.91.1,377476,NORTH NASHVILLE VIA BUENA VISTA,0
14,86.92.1,377494,NORTH NASHVILLE VIA BUENA VISTA,0
14,86.91.1,377477,NORTH NASHVILLE VIA BUENA VISTA,0
14,86.92.1,377496,NORTH NASHVILLE VIA BUENA VISTA,0
14,86.91.1,377478,NORTH NASHVILLE VIA BUENA VISTA,0
14,86.92.1,386999,NORTH NASHVILLE VIA BUENA VISTA,0
14,86.92.1,387000,NORTH NASHVILLE VIA BUENA VISTA,0
14,86.91.1,377479,NORTH NASHVILLE VIA BUENA VISTA,0
14,86.0.1,377497,DOWNTOWN VIA BUENA VISTA,1
14,86.0.1,377498,DOWNTOWN VIA BUENA VISTA,1
14,86.0.1,377525,DOWNTOWN VIA BUENA VISTA,1
14,86.0.1,377499,DOWNTOWN VIA BUENA VISTA,1
14,86.0.1,377500,DOWNTOWN VIA BUENA VISTA,1
14,86.0.1,377501,DOWNTOWN VIA BUENA VISTA,1
14,86.0.1,377502,DOWNTOWN VIA BUENA VISTA,1
14,86.0.1,377503,DOWNTOWN VIA BUENA VISTA,1
14,86.0.1,377504,DOWNTOWN VIA BUENA VISTA,1
14,86.0.1,377505,DOWNTOWN VIA BUENA VISTA,1
14,86.0.1,377506,DOWNTOWN VIA BUENA VISTA,1
14,86.0.1,377526,DOWNTOWN VIA BUENA VISTA,1
14,86.0.1,377507,DOWNTOWN VIA BUENA VISTA,1
14,86.0.1,377527,DOWNTOWN VIA BUENA VISTA,1
14,86.0.1,377508,DOWNTOWN VIA BUENA VISTA,1
14,86.0.1,377509,DOWNTOWN VIA BUENA VISTA,1
14,86.0.1,377528,DOWNTOWN VIA BUENA VISTA,1
14,86.0.1,377510,DOWNTOWN VIA BUENA VISTA,1
14,86.0.1,377529,DOWNTOWN VIA BUENA VISTA,1
14,86.0.1,377530,DOWNTOWN VIA BUENA VISTA,1
14,86.0.1,377531,DOWNTOWN VIA BUENA VISTA,1
14,86.0.1,377511,DOWNTOWN VIA BUENA VISTA,1
14,86.91.1,377512,DOWNTOWN VIA BUENA VISTA,1
14,86.92.1,377532,DOWNTOWN & NISSAN STADIUM VIA BUENA VISTA,1
14,86.91.1,377513,DOWNTOWN VIA BUENA VISTA,1
14,86.92.1,377533,DOWNTOWN & NISSAN STADIUM VIA BUENA VISTA,1
14,86.91.1,377514,DOWNTOWN VIA BUENA VISTA,1
14,86.92.1,377534,DOWNTOWN & NISSAN STADIUM VIA BUENA VISTA,1
14,86.91.1,377515,DOWNTOWN VIA BUENA VISTA,1
14,86.92.1,377535,DOWNTOWN & NISSAN STADIUM VIA BUENA VISTA,1
14,86.91.1,377516,DOWNTOWN VIA BUENA VISTA,1
14,86.92.1,377536,DOWNTOWN & NISSAN STADIUM VIA BUENA VISTA,1
14,86.91.1,377517,DOWNTOWN VIA BUENA VISTA,1
14,86.92.1,377537,DOWNTOWN & NISSAN STADIUM VIA BUENA VISTA,1
14,86.92.1,377538,DOWNTOWN & NISSAN STADIUM VIA BUENA VISTA,1
14,86.91.1,377518,DOWNTOWN VIA BUENA VISTA,1
14,86.91.1,377519,DOWNTOWN VIA BUENA VISTA,1
14,86.92.1,377539,DOWNTOWN & NISSAN STADIUM VIA BUENA VISTA,1
14,86.91.1,377520,DOWNTOWN VIA BUENA VISTA,1
14,86.92.1,377540,DOWNTOWN & NISSAN STADIUM VIA BUENA VISTA,1
14,86.92.1,377541,DOWNTOWN & NISSAN STADIUM VIA BUENA VISTA,1
14,86.91.1,377521,DOWNTOWN VIA BUENA VISTA,1
14,86.91.1,377522,DOWNTOWN VIA BUENA VISTA,1
14,86.92.1,377542,DOWNTOWN & NISSAN STADIUM VIA BUENA VISTA,1
14,86.92.1,387001,DOWNTOWN & NISSAN STADIUM VIA BUENA VISTA,1
14,86.91.1,377523,DOWNTOWN VIA BUENA VISTA,1
14,86.91.1,377524,DOWNTOWN VIA BUENA VISTA,1
14,86.92.1,387002,DOWNTOWN & NISSAN STADIUM VIA BUENA VISTA,1
17,86.0.1,377692,GREEN HILLS VIA 12TH AVE S,0
17,86.0.1,377655,GREEN HILLS VIA 12TH AVE S,0
17,86.0.1,377673,GREEN HILLS VIA 12TH AVE S,0
17,86.0.1,377674,GREEN HILLS VIA 12TH AVE S,0
17,86.0.1,377675,GREEN HILLS VIA 12TH AVE S,0
17,86.0.1,377676,GREEN HILLS VIA 12TH AVE S,0
17,86.0.1,377677,GREEN HILLS VIA 12TH AVE S,0
17,86.0.1,377678,GREEN HILLS VIA 12TH AVE S,0
17,86.0.1,377679,GREEN HILLS VIA 12TH AVE S,0
17,86.0.1,377680,GREEN HILLS VIA 12TH AVE S,0
17,86.0.1,377656,GREEN HILLS VIA 12TH AVE S,0
17,86.0.1,377657,GREEN HILLS VIA 12TH AVE S,0
17,86.0.1,377658,GREEN HILLS VIA 12TH AVE S,0
17,86.0.1,377659,GREEN HILLS VIA 12TH AVE S,0
17,86.0.1,377660,GREEN HILLS VIA 12TH AVE S,0
17,86.0.1,377661,GREEN HILLS VIA 12TH AVE S,0
17,86.0.1,377662,GREEN HILLS VIA 12TH AVE S,0
17,86.0.1,377663,GREEN HILLS VIA 12TH AVE S,0
17,86.0.1,377664,GREEN HILLS VIA 12TH AVE S,0
17,86.0.1,377665,GREEN HILLS VIA 12TH AVE S,0
17,86.0.1,377666,GREEN HILLS VIA 12TH AVE S,0
17,86.0.1,377681,GREEN HILLS VIA 12TH AVE S,0
17,86.0.1,377682,GREEN HILLS VIA 12TH AVE S,0
17,86.0.1,377683,GREEN HILLS VIA 12TH AVE S,0
17,86.0.1,377684,GREEN HILLS VIA 12TH AVE S,0
17,86.0.1,377685,GREEN HILLS VIA 12TH AVE S,0
17,86.0.1,377686,GREEN HILLS VIA 12TH AVE S,0
17,86.0.1,377687,GREEN HILLS VIA 12TH AVE S,0
17,86.0.1,377688,GREEN HILLS VIA 12TH AVE S,0
17,86.0.1,377689,GREEN HILLS VIA 12TH AVE S,0
17,86.0.1,377690,GREEN HILLS VIA 12TH AVE S,0
17,86.0.1,377691,GREEN HILLS VIA 12TH AVE S,0
17,86.0.1,377667,GREEN HILLS VIA 12TH AVE S,0
17,86.0.1,377668,GREEN HILLS VIA 12TH AVE S,0
17,86.0.1,377669,GREEN HILLS VIA 12TH AVE S,0
17,86.0.1,377670,GREEN HILLS VIA 12TH AVE S,0
17,86.0.1,377671,GREEN HILLS VIA 12TH AVE S,0
17,86.0.1,377672,GREEN HILLS VIA 12TH AVE S,0
17,86.0.1,377730,DOWNTOWN VIA 12TH AVE S,1
17,86.0.1,377693,DOWNTOWN VIA 12TH AVE S,1
17,86.0.1,377711,DOWNTOWN VIA 12TH AVE S,1
17,86.0.1,377712,DOWNTOWN VIA 12TH AVE S,1
17,86.0.1,377713,DOWNTOWN VIA 12TH AVE S,1
17,86.0.1,377714,DOWNTOWN VIA 12TH AVE S,1
17,86.0.1,377715,DOWNTOWN VIA 12TH AVE S,1
17,86.0.1,377716,DOWNTOWN VIA 12TH AVE S,1
17,86.0.1,377717,DOWNTOWN VIA 12TH AVE S,1
17,86.0.1,377718,DOWNTOWN VIA 12TH AVE S,1
17,86.0.1,377694,DOWNTOWN VIA 12TH AVE S,1
17,86.0.1,377705,DOWNTOWN VIA 12TH AVE S,1
17,86.0.1,377695,DOWNTOWN VIA 12TH AVE S,1
17,86.0.1,377706,DOWNTOWN VIA 12TH AVE S,1
17,86.0.1,377696,DOWNTOWN VIA 12TH AVE S,1
17,86.0.1,377707,DOWNTOWN VIA 12TH AVE S,1
17,86.0.1,377697,DOWNTOWN VIA 12TH AVE S,1
17,86.0.1,377708,DOWNTOWN VIA 12TH AVE S,1
17,86.0.1,377698,DOWNTOWN VIA 12TH AVE S,1
17,86.0.1,377709,DOWNTOWN VIA 12TH AVE S,1
17,86.0.1,377699,DOWNTOWN VIA 12TH AVE S,1
17,86.0.1,377719,DOWNTOWN VIA 12TH AVE S,1
17,86.0.1,377720,DOWNTOWN VIA 12TH AVE S,1
17,86.0.1,377722,DOWNTOWN VIA 12TH AVE S,1
17,86.0.1,377723,DOWNTOWN VIA 12TH AVE S,1
17,86.0.1,377724,DOWNTOWN VIA 12TH AVE S,1
17,86.0.1,377725,DOWNTOWN VIA 12TH AVE S,1
17,86.0.1,377726,DOWNTOWN VIA 12TH AVE S,1
17,86.0.1,377727,DOWNTOWN VIA 12TH AVE S,1
17,86.0.1,377728,DOWNTOWN VIA 12TH AVE S,1
17,86.0.1,377729,DOWNTOWN VIA 12TH AVE S,1
17,86.0.1,377700,DOWNTOWN VIA 12TH AVE S,1
17,86.0.1,377701,DOWNTOWN VIA 12TH AVE S,1
17,86.0.1,377702,DOWNTOWN VIA 12TH AVE S,1
17,86.0.1,377703,DOWNTOWN VIA 12TH AVE S,1
17,86.0.1,377704,DOWNTOWN VIA 12TH AVE S,1
17,86.0.1,377710,DOWNTOWN VIA 12TH AVE S,1
18,86.0.1,384644,AIRPORT VIA I-40,0
18,86.0.1,384805,AIRPORT VIA ELM HILL,0
18,86.0.1,384645,AIRPORT VIA ELM HILL,0
18,86.0.1,384806,AIRPORT VIA ELM HILL,0
18,86.0.1,384807,AIRPORT VIA ELM HILL,0
18,86.0.1,384763,AIRPORT VIA ELM HILL,0
18,86.0.1,384808,AIRPORT VIA ELM HILL,0
18,86.0.1,384809,AIRPORT VIA ELM HILL,0
18,86.0.1,384766,AIRPORT VIA ELM HILL,0
18,86.0.1,384810,AIRPORT VIA ELM HILL,0
18,86.0.1,384811,AIRPORT VIA ELM HILL,0
18,86.0.1,384769,AIRPORT VIA ELM HILL,0
18,86.0.1,384812,AIRPORT VIA ELM HILL,0
18,86.0.1,384813,AIRPORT VIA ELM HILL,0
18,86.0.1,384798,AIRPORT VIA ELM HILL,0
18,86.0.1,384814,AIRPORT VIA ELM HILL,0
18,86.0.1,384933,AIRPORT VIA ELM HILL,0
18,86.0.1,384816,AIRPORT VIA ELM HILL,0
18,86.0.1,384801,AIRPORT VIA ELM HILL,0
18,86.0.1,384817,AIRPORT VIA ELM HILL,0
18,86.0.1,384818,AIRPORT VIA ELM HILL,0
18,86.0.1,384819,AIRPORT VIA ELM HILL,0
18,86.0.1,384803,AIRPORT VIA ELM HILL,0
18,86.0.1,384836,AIRPORT VIA ELM HILL,0
18,86.0.1,384837,AIRPORT VIA ELM HILL,0
18,86.0.1,384839,AIRPORT VIA ELM HILL,0
18,86.0.1,384840,AIRPORT VIA ELM HILL,0
18,86.0.1,384842,AIRPORT VIA ELM HILL,0
18,86.0.1,384844,AIRPORT VIA ELM HILL,0
18,86.0.1,384954,AIRPORT VIA ELM HILL,0
18,86.0.1,384946,AIRPORT VIA ELM HILL,0
18,86.0.1,384947,AIRPORT VIA ELM HILL,0
18,86.0.1,384846,AIRPORT VIA ELM HILL,0
18,86.0.1,384848,AIRPORT VIA ELM HILL,0
18,86.0.1,384849,AIRPORT VIA ELM HILL,0
18,86.0.1,384948,AIRPORT VIA ELM HILL,0
18,86.0.1,384852,AIRPORT VIA ELM HILL,0
18,86.0.1,384666,DOWNTOWN VIA ELM HILL,1
18,86.0.1,384820,DOWNTOWN VIA ELM HILL,1
18,86.0.1,384823,DOWNTOWN VIA ELM HILL,1
18,86.0.1,384793,DOWNTOWN VIA ELM HILL,1
18,86.0.1,384821,DOWNTOWN VIA ELM HILL,1
18,86.0.1,384822,DOWNTOWN VIA ELM HILL,1
18,86.0.1,384794,DOWNTOWN VIA ELM HILL,1
18,86.0.1,384824,DOWNTOWN VIA ELM HILL,1
18,86.0.1,384825,DOWNTOWN VIA ELM HILL,1
18,86.0.1,384795,DOWNTOWN VIA ELM HILL,1
18,86.0.1,384826,DOWNTOWN VIA ELM HILL,1
18,86.0.1,384827,DOWNTOWN VIA ELM HILL,1
18,86.0.1,384796,DOWNTOWN VIA ELM HILL,1
18,86.0.1,384828,DOWNTOWN VIA ELM HILL,1
18,86.0.1,384829,DOWNTOWN VIA ELM HILL,1
18,86.0.1,384800,DOWNTOWN VIA ELM HILL,1
18,86.0.1,384830,DOWNTOWN VIA ELM HILL,1
18,86.0.1,384799,DOWNTOWN VIA ELM HILL,1
18,86.0.1,384942,DOWNTOWN VIA ELM HILL,1
18,86.0.1,384802,DOWNTOWN VIA ELM HILL,1
18,86.0.1,384862,DOWNTOWN VIA ELM HILL,1
18,86.0.1,384833,DOWNTOWN VIA ELM HILL,1
18,86.0.1,384834,DOWNTOWN VIA ELM HILL,1
18,86.0.1,384835,DOWNTOWN VIA ELM HILL,1
18,86.0.1,384804,DOWNTOWN VIA ELM HILL,1
18,86.0.1,384841,DOWNTOWN VIA ELM HILL,1
18,86.0.1,384843,DOWNTOWN VIA ELM HILL,1
18,86.0.1,384853,DOWNTOWN VIA ELM HILL,1
18,86.0.1,384886,DOWNTOWN VIA ELM HILL,1
18,86.0.1,384950,DOWNTOWN VIA ELM HILL,1
18,86.0.1,384854,DOWNTOWN VIA ELM HILL,1
18,86.0.1,384855,DOWNTOWN VIA ELM HILL,1
18,86.0.1,384857,DOWNTOWN VIA ELM HILL,1
18,86.0.1,384951,DOWNTOWN VIA ELM HILL,1
18,86.0.1,384858,DOWNTOWN VIA ELM HILL,1
18,86.0.1,384861,DOWNTOWN EXPRESS,1
19,86.0.1,385737,DOWNTOWN,0
19,86.0.1,385738,DOWNTOWN,0
19,86.0.1,385739,DOWNTOWN,0
19,86.0.1,385740,DOWNTOWN,0
19,86.0.1,385741,DOWNTOWN,0
19,86.0.1,385743,DOWNTOWN,0
19,86.0.1,385744,DOWNTOWN,0
19,86.0.1,385745,DOWNTOWN,0
19,86.0.1,385746,DOWNTOWN,0
19,86.0.1,385747,DOWNTOWN,0
19,86.0.1,385748,DOWNTOWN,0
19,86.0.1,385749,DOWNTOWN,0
19,86.0.1,385750,DOWNTOWN,0
19,86.0.1,385751,DOWNTOWN,0
19,86.0.1,385752,DOWNTOWN,0
19,86.0.1,385753,DOWNTOWN,0
19,86.0.1,385754,DOWNTOWN,0
19,86.0.1,385755,DOWNTOWN,0
19,86.0.1,385756,DOWNTOWN,0
19,86.0.1,385757,DOWNTOWN,0
19,86.0.1,385758,DOWNTOWN,0
19,86.0.1,385759,DOWNTOWN,0
19,86.0.1,385760,DOWNTOWN,0
19,86.0.1,385761,DOWNTOWN,0
19,86.0.1,385762,DOWNTOWN,0
19,86.0.1,385763,DOWNTOWN,0
19,86.0.1,385764,DOWNTOWN,0
19,86.0.1,385765,DOWNTOWN,0
19,86.0.1,385766,DOWNTOWN,0
19,86.0.1,385767,DOWNTOWN,0
19,86.0.1,385768,DOWNTOWN,0
19,86.0.1,385769,DOWNTOWN,0
19,86.0.1,385770,DOWNTOWN,0
19,86.0.1,385771,DOWNTOWN,0
19,86.0.1,385772,DOWNTOWN,0
19,86.0.1,385773,DOWNTOWN,0
19,86.0.1,385774,DOWNTOWN,0
19,86.0.1,385775,DOWNTOWN,0
19,86.0.1,385776,DOWNTOWN,0
19,86.0.1,385777,DOWNTOWN,0
19,86.0.1,385778,THE NATIONS,1
19,86.0.1,385779,THE NATIONS,1
19,86.0.1,385780,THE NATIONS,1
19,86.0.1,385782,THE NATIONS,1
19,86.0.1,385783,THE NATIONS,1
19,86.0.1,385784,THE NATIONS,1
19,86.0.1,385785,THE NATIONS,1
19,86.0.1,385786,THE NATIONS,1
19,86.0.1,385787,THE NATIONS,1
19,86.0.1,385788,THE NATIONS,1
19,86.0.1,385789,THE NATIONS,1
19,86.0.1,385790,THE NATIONS,1
19,86.0.1,385791,THE NATIONS,1
19,86.0.1,385792,THE NATIONS,1
19,86.0.1,385793,THE NATIONS,1
19,86.0.1,385794,THE NATIONS,1
19,86.0.1,385795,THE NATIONS,1
19,86.0.1,385796,THE NATIONS,1
19,86.0.1,385797,THE NATIONS,1
19,86.0.1,385798,THE NATIONS,1
19,86.0.1,385799,THE NATIONS,1
19,86.0.1,385800,THE NATIONS,1
19,86.0.1,385801,THE NATIONS,1
19,86.0.1,385802,THE NATIONS,1
19,86.0.1,385803,THE NATIONS,1
19,86.0.1,385804,THE NATIONS,1
19,86.0.1,385805,THE NATIONS,1
19,86.0.1,385806,THE NATIONS,1
19,86.0.1,385807,THE NATIONS,1
19,86.0.1,385808,THE NATIONS,1
19,86.0.1,385809,THE NATIONS,1
19,86.0.1,385810,THE NATIONS,1
19,86.0.1,385811,THE NATIONS,1
19,86.0.1,385812,THE NATIONS,1
19,86.0.1,385813,THE NATIONS,1
19,86.0.1,385814,THE NATIONS,1
19,86.0.1,385815,THE NATIONS,1
19,86.0.1,385816,THE NATIONS,1
19,86.0.1,385817,THE NATIONS,1
22,86.0.1,378229,DOWNTOWN,0
22,86.0.1,378230,DOWNTOWN,0
22,86.0.1,378154,DOWNTOWN,0
22,86.0.1,378178,DOWNTOWN,0
22,86.0.1,378203,DOWNTOWN,0
22,86.0.1,378155,DOWNTOWN,0
22,86.0.1,378179,DOWNTOWN,0
22,86.0.1,378204,DOWNTOWN,0
22,86.0.1,378156,DOWNTOWN,0
22,86.0.1,378180,DOWNTOWN,0
22,86.0.1,378205,DOWNTOWN,0
22,86.0.1,378157,DOWNTOWN,0
22,86.0.1,378181,DOWNTOWN,0
22,86.0.1,378206,DOWNTOWN,0
22,86.0.1,378158,DOWNTOWN,0
22,86.0.1,378182,DOWNTOWN,0
22,86.0.1,378207,DOWNTOWN,0
22,86.0.1,378159,DOWNTOWN,0
22,86.0.1,378183,DOWNTOWN,0
22,86.0.1,378208,DOWNTOWN,0
22,86.0.1,378160,DOWNTOWN,0
22,86.0.1,378184,DOWNTOWN,0
22,86.0.1,378209,DOWNTOWN,0
22,86.0.1,378161,DOWNTOWN,0
22,86.0.1,378185,DOWNTOWN,0
22,86.0.1,378210,DOWNTOWN,0
22,86.0.1,378162,DOWNTOWN,0
22,86.0.1,378186,DOWNTOWN,0
22,86.0.1,378211,DOWNTOWN,0
22,86.0.1,378163,DOWNTOWN,0
22,86.0.1,378187,DOWNTOWN,0
22,86.0.1,378212,DOWNTOWN,0
22,86.0.1,378164,DOWNTOWN,0
22,86.0.1,378188,DOWNTOWN,0
22,86.0.1,378213,DOWNTOWN,0
22,86.0.1,378165,DOWNTOWN,0
22,86.0.1,378189,DOWNTOWN,0
22,86.0.1,378214,DOWNTOWN,0
22,86.0.1,378166,DOWNTOWN,0
22,86.0.1,378190,DOWNTOWN,0
22,86.0.1,378215,DOWNTOWN,0
22,86.0.1,378167,DOWNTOWN,0
22,86.0.1,378191,DOWNTOWN,0
22,86.0.1,378216,DOWNTOWN,0
22,86.0.1,378168,DOWNTOWN,0
22,86.0.1,378192,DOWNTOWN,0
22,86.0.1,378217,DOWNTOWN,0
22,86.0.1,378169,DOWNTOWN,0
22,86.0.1,378193,DOWNTOWN,0
22,86.0.1,378218,DOWNTOWN,0
22,86.0.1,378170,DOWNTOWN,0
22,86.0.1,378194,DOWNTOWN,0
22,86.0.1,378219,DOWNTOWN,0
22,86.0.1,378171,DOWNTOWN,0
22,86.0.1,378195,DOWNTOWN,0
22,86.0.1,378220,DOWNTOWN,0
22,86.0.1,378172,DOWNTOWN,0
22,86.0.1,378196,DOWNTOWN,0
22,86.0.1,378221,DOWNTOWN,0
22,86.0.1,378248,DOWNTOWN,0
22,86.0.1,378197,DOWNTOWN,0
22,86.0.1,378222,DOWNTOWN,0
22,86.0.1,378173,DOWNTOWN,0
22,86.0.1,378198,DOWNTOWN,0
22,86.0.1,378223,DOWNTOWN,0
22,86.0.1,378174,DOWNTOWN,0
22,86.0.1,378199,DOWNTOWN,0
22,86.0.1,378224,DOWNTOWN,0
22,86.0.1,378175,DOWNTOWN,0
22,86.0.1,378200,DOWNTOWN,0
22,86.0.1,378225,DOWNTOWN,0
22,86.0.1,378176,DOWNTOWN,0
22,86.0.1,378201,DOWNTOWN,0
22,86.0.1,378226,DOWNTOWN,0
22,86.0.1,378202,DOWNTOWN,0
22,86.0.1,378177,DOWNTOWN,0
22,86.0.1,378227,DOWNTOWN,0
22,86.0.1,378228,DOWNTOWN,0
22,86.0.1,378237,DOWNTOWN,0
22,86.0.1,378231,DOWNTOWN,0
22,86.0.1,378238,DOWNTOWN,0
22,86.0.1,378232,DOWNTOWN,0
22,86.0.1,378239,DOWNTOWN,0
22,86.0.1,378233,DOWNTOWN,0
22,86.0.1,378240,DOWNTOWN,0
22,86.0.1,378234,DOWNTOWN,0
22,86.0.1,378241,DOWNTOWN,0
22,86.0.1,378235,DOWNTOWN,0
22,86.0.1,378242,DOWNTOWN,0
22,86.0.1,378236,DOWNTOWN,0
22,86.0.1,378243,DOWNTOWN,0
22,86.0.1,378244,DOWNTOWN,0
22,86.0.1,378245,DOWNTOWN,0
22,86.0.1,378246,DOWNTOWN,0
22,86.0.1,378247,DOWNTOWN,0
22,86.0.1,378250,NORTH NASHVILLE TO 14 WHITES CREEK,1
22,86.0.1,378276,NORTH NASHVILLE,1
22,86.0.1,378301,NORTH NASHVILLE TO 71 TRINITY,1
22,86.0.1,378277,NORTH NASHVILLE,1
22,86.0.1,378251,NORTH NASHVILLE TO 14 WHITES CREEK,1
22,86.0.1,378302,NORTH NASHVILLE TO 71 TRINITY,1
22,86.0.1,378278,NORTH NASHVILLE,1
22,86.0.1,378252,NORTH NASHVILLE TO 14 WHITES CREEK,1
22,86.0.1,378303,NORTH NASHVILLE TO 71 TRINITY,1
22,86.0.1,378279,NORTH NASHVILLE,1
22,86.9.1,378344,JOHN MALLETTE DR,1
22,86.0.1,378253,NORTH NASHVILLE TO 14 WHITES CREEK,1
22,86.0.1,378304,NORTH NASHVILLE TO 71 TRINITY,1
22,86.0.1,378280,NORTH NASHVILLE,1
22,86.0.1,378254,NORTH NASHVILLE TO 14 WHITES CREEK,1
22,86.0.1,378305,NORTH NASHVILLE TO 71 TRINITY,1
22,86.0.1,378281,NORTH NASHVILLE,1
22,86.0.1,378255,NORTH NASHVILLE TO 14 WHITES CREEK,1
22,86.0.1,378306,NORTH NASHVILLE TO 71 TRINITY,1
22,86.0.1,378282,NORTH NASHVILLE,1
22,86.0.1,378256,NORTH NASHVILLE TO 14 WHITES CREEK,1
22,86.0.1,378307,NORTH NASHVILLE TO 71 TRINITY,1
22,86.0.1,378283,NORTH NASHVILLE,1
22,86.0.1,378257,NORTH NASHVILLE TO 14 WHITES CREEK,1
22,86.0.1,378308,NORTH NASHVILLE TO 71 TRINITY,1
22,86.0.1,378284,NORTH NASHVILLE,1
22,86.0.1,378258,NORTH NASHVILLE TO 14 WHITES CREEK,1
22,86.0.1,378309,NORTH NASHVILLE TO 71 TRINITY,1
22,86.0.1,378285,NORTH NASHVILLE,1
22,86.0.1,378259,NORTH NASHVILLE TO 14 WHITES CREEK,1
22,86.0.1,378310,NORTH NASHVILLE TO 71 TRINITY,1
22,86.0.1,378286,NORTH NASHVILLE,1
22,86.0.1,378260,NORTH NASHVILLE TO 14 WHITES CREEK,1
22,86.0.1,378311,NORTH NASHVILLE TO 71 TRINITY,1
22,86.0.1,378287,NORTH NASHVILLE,1
22,86.0.1,378261,NORTH NASHVILLE TO 14 WHITES CREEK,1
22,86.0.1,378312,NORTH NASHVILLE TO 71 TRINITY,1
22,86.0.1,378288,NORTH NASHVILLE,1
22,86.0.1,378262,NORTH NASHVILLE TO 14 WHITES CREEK,1
22,86.0.1,378313,NORTH NASHVILLE TO 71 TRINITY,1
22,86.0.1,378289,NORTH NASHVILLE,1
22,86.0.1,378263,NORTH NASHVILLE TO 14 WHITES CREEK,1
22,86.0.1,378314,NORTH NASHVILLE TO 71 TRINITY,1
22,86.0.1,378290,NORTH NASHVILLE,1
22,86.0.1,378264,NORTH NASHVILLE TO 14 WHITES CREEK,1
22,86.0.1,378315,NORTH NASHVILLE TO 71 TRINITY,1
22,86.0.1,378291,NORTH NASHVILLE,1
22,86.0.1,378265,NORTH NASHVILLE TO 14 WHITES CREEK,1
22,86.0.1,378292,NORTH NASHVILLE TO 71 TRINITY,1
22,86.0.1,378343,NORTH NASHVILLE,1
22,86.0.1,378266,NORTH NASHVILLE TO 14 WHITES CREEK,1
22,86.0.1,378316,NORTH NASHVILLE TO 71 TRINITY,1
22,86.0.1,378293,NORTH NASHVILLE,1
22,86.0.1,378267,NORTH NASHVILLE TO 14 WHITES CREEK,1
22,86.0.1,378317,NORTH NASHVILLE TO 71 TRINITY,1
22,86.0.1,378294,NORTH NASHVILLE,1
22,86.0.1,378268,NORTH NASHVILLE TO 14 WHITES CREEK,1
22,86.0.1,378318,NORTH NASHVILLE TO 71 TRINITY,1
22,86.0.1,378295,NORTH NASHVILLE,1
22,86.0.1,378269,NORTH NASHVILLE TO 14 WHITES CREEK,1
22,86.0.1,378319,NORTH NASHVILLE TO 71 TRINITY,1
22,86.0.1,378296,NORTH NASHVILLE,1
22,86.0.1,378270,NORTH NASHVILLE TO 14 WHITES CREEK,1
22,86.0.1,378320,NORTH NASHVILLE TO 71 TRINITY,1
22,86.0.1,378297,NORTH NASHVILLE,1
22,86.0.1,378271,NORTH NASHVILLE TO 14 WHITES CREEK,1
22,86.0.1,378321,NORTH NASHVILLE TO 71 TRINITY,1
22,86.0.1,378298,NORTH NASHVILLE,1
22,86.0.1,378272,NORTH NASHVILLE TO 14 WHITES CREEK,1
22,86.0.1,378322,NORTH NASHVILLE TO 71 TRINITY,1
22,86.0.1,378299,NORTH NASHVILLE,1
22,86.0.1,378273,NORTH NASHVILLE TO 14 WHITES CREEK,1
22,86.0.1,378323,NORTH NASHVILLE TO 71 TRINITY,1
22,86.0.1,378300,NORTH NASHVILLE,1
22,86.0.1,378274,NORTH NASHVILLE TO 14 WHITES CREEK,1
22,86.0.1,378324,NORTH NASHVILLE TO 71 TRINITY,1
22,86.0.1,378275,NORTH NASHVILLE TO 14 WHITES CREEK,1
22,86.0.1,378325,NORTH NASHVILLE TO 71 TRINITY,1
22,86.0.1,378326,NORTH NASHVILLE TO 14 WHITES CREEK,1
22,86.0.1,378333,NORTH NASHVILLE TO 71 TRINITY,1
22,86.0.1,378327,NORTH NASHVILLE TO 14 WHITES CREEK,1
22,86.0.1,378334,NORTH NASHVILLE TO 71 TRINITY,1
22,86.0.1,378328,NORTH NASHVILLE TO 14 WHITES CREEK,1
22,86.0.1,378335,NORTH NASHVILLE TO 71 TRINITY,1
22,86.0.1,378329,NORTH NASHVILLE TO 14 WHITES CREEK,1
22,86.0.1,378336,NORTH NASHVILLE TO 71 TRINITY,1
22,86.0.1,378330,NORTH NASHVILLE TO 14 WHITES CREEK,1
22,86.0.1,378331,NORTH NASHVILLE TO 71 TRINITY,1
22,86.0.1,378337,NORTH NASHVILLE TO 14 WHITES CREEK,1
22,86.0.1,378332,NORTH NASHVILLE,1
22,86.0.1,378338,NORTH NASHVILLE TO 14 WHITES CREEK,1
22,86.0.1,378339,NORTH NASHVILLE,1
22,86.0.1,378340,NORTH NASHVILLE,1
22,86.0.1,378341,NORTH NASHVILLE,1
22,86.0.1,378342,NORTH NASHVILLE,1
23,86.0.1,378655,B - WALMART VIA PARKWOOD-CHESAPEAKE,0
23,86.0.1,378656,B - WALMART VIA PARKWOOD-CHESAPEAKE,0
23,86.0.1,378657,B - WALMART VIA PARKWOOD-CHESAPEAKE,0
23,86.0.1,378658,B - WALMART VIA PARKWOOD-CHESAPEAKE,0
23,86.0.1,378577,B - WALMART VIA PARKWOOD-CHESAPEAKE,0
23,86.0.1,378578,B - WALMART VIA PARKWOOD-CHESAPEAKE,0
23,86.0.1,378654,A - DICKERSON WALMART,0
23,86.0.1,378579,B - WALMART VIA PARKWOOD-CHESAPEAKE,0
23,86.0.1,378610,A - DICKERSON WALMART,0
23,86.0.1,378580,B - WALMART VIA PARKWOOD-CHESAPEAKE,0
23,86.0.1,378611,A - DICKERSON WALMART,0
23,86.0.1,378581,B - WALMART VIA PARKWOOD-CHESAPEAKE,0
23,86.0.1,378612,A - DICKERSON WALMART,0
23,86.0.1,378582,B - WALMART VIA PARKWOOD-CHESAPEAKE,0
23,86.0.1,378613,A - DICKERSON WALMART,0
23,86.0.1,378583,B - WALMART VIA PARKWOOD-CHESAPEAKE,0
23,86.0.1,378614,A - DICKERSON WALMART,0
23,86.0.1,378584,B - WALMART VIA PARKWOOD-CHESAPEAKE,0
23,86.0.1,378615,A - DICKERSON WALMART,0
23,86.0.1,378585,B - WALMART VIA PARKWOOD-CHESAPEAKE,0
23,86.0.1,378616,A - DICKERSON WALMART,0
23,86.0.1,378586,B - WALMART VIA PARKWOOD-CHESAPEAKE,0
23,86.0.1,378617,A - DICKERSON WALMART,0
23,86.0.1,378587,B - WALMART VIA PARKWOOD-CHESAPEAKE,0
23,86.0.1,378618,A - DICKERSON WALMART,0
23,86.0.1,378588,B - WALMART VIA PARKWOOD-CHESAPEAKE,0
23,86.0.1,378619,A - DICKERSON WALMART,0
23,86.0.1,378589,B - WALMART VIA PARKWOOD-CHESAPEAKE,0
23,86.0.1,378620,A - DICKERSON WALMART,0
23,86.0.1,378590,B - WALMART VIA PARKWOOD-CHESAPEAKE,0
23,86.0.1,378621,A - DICKERSON WALMART,0
23,86.0.1,378591,B - WALMART VIA PARKWOOD-CHESAPEAKE,0
23,86.0.1,378622,A - DICKERSON WALMART,0
23,86.0.1,378592,B - WALMART VIA PARKWOOD-CHESAPEAKE,0
23,86.0.1,378623,A - DICKERSON WALMART,0
23,86.0.1,378593,B - WALMART VIA PARKWOOD-CHESAPEAKE,0
23,86.0.1,378624,A - DICKERSON WALMART,0
23,86.0.1,378594,B - WALMART VIA PARKWOOD-CHESAPEAKE,0
23,86.0.1,378625,A - DICKERSON WALMART,0
23,86.0.1,378595,B - WALMART VIA PARKWOOD-CHESAPEAKE,0
23,86.0.1,378626,A - DICKERSON WALMART,0
23,86.0.1,378596,B - WALMART VIA PARKWOOD-CHESAPEAKE,0
23,86.0.1,378627,A - DICKERSON WALMART,0
23,86.0.1,378597,B - WALMART VIA PARKWOOD-CHESAPEAKE,0
23,86.0.1,378628,A - DICKERSON WALMART,0
23,86.0.1,378598,B - WALMART VIA PARKWOOD-CHESAPEAKE,0
23,86.0.1,378629,A - DICKERSON WALMART,0
23,86.0.1,378599,B - WALMART VIA PARKWOOD-CHESAPEAKE,0
23,86.0.1,378630,A - DICKERSON WALMART,0
23,86.0.1,378600,B - WALMART VIA PARKWOOD-CHESAPEAKE,0
23,86.0.1,378631,A - DICKERSON WALMART,0
23,86.0.1,378601,B - WALMART VIA PARKWOOD-CHESAPEAKE,0
23,86.0.1,378632,A - DICKERSON WALMART,0
23,86.0.1,378602,B - WALMART VIA PARKWOOD-CHESAPEAKE,0
23,86.0.1,378633,A - DICKERSON WALMART,0
23,86.0.1,378603,B - WALMART VIA PARKWOOD-CHESAPEAKE,0
23,86.0.1,378634,A - DICKERSON WALMART,0
23,86.0.1,378604,B - WALMART VIA PARKWOOD-CHESAPEAKE,0
23,86.0.1,378635,A - DICKERSON WALMART,0
23,86.0.1,378605,B - WALMART VIA PARKWOOD-CHESAPEAKE,0
23,86.91.1,378636,A - DICKERSON WALMART,0
23,86.92.1,378663,A - DICKERSON WALMART,0
23,86.91.1,378606,B - WALMART VIA PARKWOOD-CHESAPEAKE,0
23,86.92.1,378664,B - WALMART VIA PARKWOOD-CHESAPEAKE,0
23,86.91.1,378637,A - DICKERSON WALMART,0
23,86.92.1,378665,A - DICKERSON WALMART,0
23,86.91.1,378607,B - WALMART VIA PARKWOOD-CHESAPEAKE,0
23,86.92.1,378666,B - WALMART VIA PARKWOOD-CHESAPEAKE,0
23,86.91.1,378638,A - DICKERSON WALMART,0
23,86.92.1,378667,A - DICKERSON WALMART,0
23,86.92.1,378668,B - WALMART VIA PARKWOOD-CHESAPEAKE,0
23,86.91.1,378608,B - WALMART VIA PARKWOOD-CHESAPEAKE,0
23,86.92.1,378669,A - DICKERSON WALMART,0
23,86.91.1,378639,A - DICKERSON WALMART,0
23,86.91.1,378609,B - WALMART VIA PARKWOOD-CHESAPEAKE,0
23,86.92.1,378670,B - WALMART VIA PARKWOOD-CHESAPEAKE,0
23,86.92.1,378671,A - DICKERSON WALMART,0
23,86.91.1,378640,A - DICKERSON WALMART,0
23,86.92.1,378672,B - WALMART VIA PARKWOOD-CHESAPEAKE,0
23,86.91.1,378643,B - WALMART VIA PARKWOOD-CHESAPEAKE,0
23,86.92.1,378673,A - DICKERSON WALMART,0
23,86.91.1,378641,A - DICKERSON WALMART,0
23,86.92.1,378674,B - WALMART VIA PARKWOOD-CHESAPEAKE,0
23,86.91.1,378644,B - WALMART VIA PARKWOOD-CHESAPEAKE,0
23,86.91.1,378642,A - DICKERSON WALMART,0
23,86.92.1,378675,A - DICKERSON WALMART,0
23,86.92.1,378676,B - WALMART VIA PARKWOOD-CHESAPEAKE,0
23,86.91.1,378645,B - WALMART VIA PARKWOOD-CHESAPEAKE,0
23,86.92.1,378677,A - DICKERSON WALMART,0
23,86.91.1,378649,A - DICKERSON WALMART,0
23,86.91.1,378652,B - WALMART VIA PARKWOOD-CHESAPEAKE,0
23,86.92.1,378678,B - WALMART VIA PARKWOOD-CHESAPEAKE,0
23,86.91.1,378650,A - DICKERSON WALMART,0
23,86.92.1,378679,A - DICKERSON WALMART,0
23,86.91.1,378653,B - WALMART VIA PARKWOOD-CHESAPEAKE,0
23,86.92.1,378680,B - WALMART VIA PARKWOOD-CHESAPEAKE,0
23,86.92.1,378681,A - DICKERSON WALMART,0
23,86.91.1,378651,A - DICKERSON WALMART,0
23,86.91.1,378647,B - WALMART VIA PARKWOOD-CHESAPEAKE,0
23,86.92.1,378682,B - WALMART VIA PARKWOOD-CHESAPEAKE,0
23,86.92.1,387003,B - WALMART VIA PARKWOOD-CHESAPEAKE,0
23,86.91.1,378646,B - WALMART VIA PARKWOOD-CHESAPEAKE,0
23,86.91.1,378648,B - WALMART VIA PARKWOOD-CHESAPEAKE,0
23,86.92.1,387004,B - WALMART VIA PARKWOOD-CHESAPEAKE,0
23,86.92.1,387005,B - WALMART VIA PARKWOOD-CHESAPEAKE,0
23,86.91.1,378660,B - WALMART VIA PARKWOOD-CHESAPEAKE,0
23,86.91.1,378659,B - WALMART VIA PARKWOOD-CHESAPEAKE,0
23,86.92.1,387006,B - WALMART VIA PARKWOOD-CHESAPEAKE,0
23,86.92.1,387007,B - WALMART VIA PARKWOOD-CHESAPEAKE,0
23,86.91.1,378661,B - WALMART VIA PARKWOOD-CHESAPEAKE,0
23,86.91.1,378662,B - WALMART VIA PARKWOOD-CHESAPEAKE,0
23,86.92.1,387008,B - WALMART VIA PARKWOOD-CHESAPEAKE,0
23,86.0.1,378683,DOWNTOWN,1
23,86.0.1,378684,DOWNTOWN,1
23,86.0.1,378685,DOWNTOWN,1
23,86.0.1,378686,DOWNTOWN,1
23,86.0.1,378687,DOWNTOWN,1
23,86.0.1,378688,DOWNTOWN,1
23,86.0.1,378689,DOWNTOWN,1
23,86.0.1,378690,DOWNTOWN,1
23,86.0.1,378691,DOWNTOWN,1
23,86.0.1,378692,DOWNTOWN,1
23,86.0.1,378693,DOWNTOWN,1
23,86.0.1,378694,DOWNTOWN,1
23,86.0.1,378695,DOWNTOWN,1
23,86.0.1,378696,DOWNTOWN,1
23,86.0.1,378697,DOWNTOWN,1
23,86.0.1,378698,DOWNTOWN,1
23,86.0.1,378699,DOWNTOWN,1
23,86.0.1,378700,DOWNTOWN,1
23,86.0.1,378701,DOWNTOWN,1
23,86.0.1,378702,DOWNTOWN,1
23,86.0.1,378703,DOWNTOWN,1
23,86.0.1,378704,DOWNTOWN,1
23,86.0.1,378705,DOWNTOWN,1
23,86.0.1,378706,DOWNTOWN,1
23,86.0.1,378707,DOWNTOWN,1
23,86.0.1,378708,DOWNTOWN,1
23,86.0.1,378709,DOWNTOWN,1
23,86.0.1,378710,DOWNTOWN,1
23,86.0.1,378711,DOWNTOWN,1
23,86.0.1,378712,DOWNTOWN,1
23,86.0.1,378713,DOWNTOWN,1
23,86.0.1,378714,DOWNTOWN,1
23,86.0.1,378715,DOWNTOWN,1
23,86.0.1,378716,DOWNTOWN,1
23,86.0.1,378717,DOWNTOWN,1
23,86.0.1,378718,DOWNTOWN,1
23,86.0.1,378719,DOWNTOWN,1
23,86.0.1,378720,DOWNTOWN,1
23,86.0.1,378721,DOWNTOWN,1
23,86.0.1,378722,DOWNTOWN,1
23,86.0.1,378723,DOWNTOWN,1
23,86.0.1,378724,DOWNTOWN,1
23,86.0.1,378725,DOWNTOWN,1
23,86.0.1,378726,DOWNTOWN,1
23,86.0.1,378727,DOWNTOWN,1
23,86.0.1,378728,DOWNTOWN,1
23,86.0.1,378729,DOWNTOWN,1
23,86.0.1,378730,DOWNTOWN,1
23,86.0.1,378731,DOWNTOWN,1
23,86.0.1,378732,DOWNTOWN,1
23,86.0.1,378733,DOWNTOWN,1
23,86.0.1,378734,DOWNTOWN,1
23,86.0.1,378735,DOWNTOWN,1
23,86.0.1,378736,DOWNTOWN,1
23,86.0.1,378737,DOWNTOWN,1
23,86.0.1,378738,DOWNTOWN,1
23,86.0.1,378739,DOWNTOWN,1
23,86.0.1,378740,DOWNTOWN,1
23,86.91.1,378741,DOWNTOWN,1
23,86.92.1,378765,NISSAN STADIUM & DOWNTOWN,1
23,86.91.1,378742,DOWNTOWN,1
23,86.92.1,378766,NISSAN STADIUM & DOWNTOWN,1
23,86.91.1,378743,DOWNTOWN,1
23,86.92.1,378767,NISSAN STADIUM & DOWNTOWN,1
23,86.91.1,378744,DOWNTOWN,1
23,86.92.1,378768,NISSAN STADIUM & DOWNTOWN,1
23,86.91.1,378745,DOWNTOWN,1
23,86.92.1,378769,NISSAN STADIUM & DOWNTOWN,1
23,86.91.1,378746,DOWNTOWN,1
23,86.92.1,378770,NISSAN STADIUM & DOWNTOWN,1
23,86.91.1,378747,DOWNTOWN,1
23,86.92.1,378771,NISSAN STADIUM & DOWNTOWN,1
23,86.91.1,378748,DOWNTOWN,1
23,86.92.1,378772,NISSAN STADIUM & DOWNTOWN,1
23,86.91.1,378749,DOWNTOWN,1
23,86.92.1,378773,NISSAN STADIUM & DOWNTOWN,1
23,86.91.1,378750,DOWNTOWN,1
23,86.92.1,378774,NISSAN STADIUM & DOWNTOWN,1
23,86.91.1,378751,DOWNTOWN,1
23,86.92.1,378775,NISSAN STADIUM & DOWNTOWN,1
23,86.91.1,378752,DOWNTOWN,1
23,86.92.1,378776,NISSAN STADIUM & DOWNTOWN,1
23,86.91.1,378756,DOWNTOWN,1
23,86.92.1,378777,NISSAN STADIUM & DOWNTOWN,1
23,86.91.1,378757,DOWNTOWN,1
23,86.92.1,378778,NISSAN STADIUM & DOWNTOWN,1
23,86.91.1,378758,DOWNTOWN,1
23,86.92.1,378779,NISSAN STADIUM & DOWNTOWN,1
23,86.91.1,378759,DOWNTOWN,1
23,86.92.1,378780,NISSAN STADIUM & DOWNTOWN,1
23,86.91.1,378760,DOWNTOWN,1
23,86.92.1,378781,NISSAN STADIUM & DOWNTOWN,1
23,86.91.1,378753,DOWNTOWN,1
23,86.92.1,378782,NISSAN STADIUM & DOWNTOWN,1
23,86.92.1,378783,NISSAN STADIUM & DOWNTOWN,1
23,86.91.1,378754,DOWNTOWN,1
23,86.91.1,378755,DOWNTOWN,1
23,86.92.1,387009,NISSAN STADIUM & DOWNTOWN,1
23,86.92.1,387010,NISSAN STADIUM & DOWNTOWN,1
23,86.91.1,378762,DOWNTOWN,1
23,86.91.1,378761,DOWNTOWN,1
23,86.92.1,387011,NISSAN STADIUM & DOWNTOWN,1
23,86.92.1,387012,NISSAN STADIUM & DOWNTOWN,1
23,86.91.1,378763,DOWNTOWN,1
23,86.91.1,378764,DOWNTOWN,1
23,86.92.1,387013,NISSAN STADIUM & DOWNTOWN,1
28,86.0.1,379103,DOWNTOWN,0
28,86.0.1,379123,DOWNTOWN,0
28,86.0.1,379104,DOWNTOWN,0
28,86.0.1,379120,DOWNTOWN,0
28,86.0.1,379105,DOWNTOWN,0
28,86.0.1,379106,DOWNTOWN,0
28,86.0.1,379124,DOWNTOWN,0
28,86.0.1,379107,DOWNTOWN,0
28,86.0.1,379108,DOWNTOWN,0
28,86.0.1,379109,DOWNTOWN,0
28,86.0.1,379110,DOWNTOWN,0
28,86.0.1,379111,DOWNTOWN,0
28,86.0.1,379125,DOWNTOWN,0
28,86.0.1,379112,DOWNTOWN,0
28,86.0.1,379121,DOWNTOWN,0
28,86.0.1,379113,DOWNTOWN,0
28,86.0.1,379122,DOWNTOWN,0
28,86.0.1,379114,DOWNTOWN,0
28,86.0.1,379115,DOWNTOWN,0
28,86.0.1,379116,DOWNTOWN,0
28,86.0.1,379117,DOWNTOWN,0
28,86.0.1,379118,DOWNTOWN,0
28,86.0.1,379119,DOWNTOWN,0
28,86.0.1,379126,OAKWOOD,1
28,86.0.1,379144,OAKWOOD,1
28,86.0.1,379127,OAKWOOD,1
28,86.0.1,379145,OAKWOOD,1
28,86.0.1,379128,OAKWOOD,1
28,86.0.1,379129,OAKWOOD,1
28,86.0.1,379130,OAKWOOD,1
28,86.0.1,379131,OAKWOOD,1
28,86.0.1,379132,OAKWOOD,1
28,86.0.1,379133,OAKWOOD,1
28,86.0.1,379134,OAKWOOD,1
28,86.0.1,379149,OAKWOOD,1
28,86.0.1,379135,OAKWOOD,1
28,86.0.1,379146,OAKWOOD,1
28,86.0.1,379136,OAKWOOD,1
28,86.0.1,379147,OAKWOOD,1
28,86.0.1,379137,OAKWOOD,1
28,86.0.1,379148,OAKWOOD,1
28,86.0.1,379138,OAKWOOD,1
28,86.0.1,379139,OAKWOOD,1
28,86.0.1,379140,OAKWOOD,1
28,86.0.1,379141,OAKWOOD,1
28,86.0.1,379142,OAKWOOD,1
28,86.0.1,379143,OAKWOOD,1
29,86.0.1,379264,TENNESSEE STATE UNIVERSITY,0
29,86.0.1,379223,TENNESSEE STATE UNIVERSITY,0
29,86.0.1,379245,TENNESSEE STATE UNIVERSITY,0
29,86.0.1,379246,TENNESSEE STATE UNIVERSITY,0
29,86.0.1,379247,TENNESSEE STATE UNIVERSITY,0
29,86.0.1,379248,TENNESSEE STATE UNIVERSITY,0
29,86.0.1,379249,TENNESSEE STATE UNIVERSITY,0
29,86.0.1,379250,TENNESSEE STATE UNIVERSITY,0
29,86.0.1,379251,TENNESSEE STATE UNIVERSITY,0
29,86.0.1,379252,TENNESSEE STATE UNIVERSITY,0
29,86.0.1,379224,TENNESSEE STATE UNIVERSITY,0
29,86.0.1,379225,TENNESSEE STATE UNIVERSITY,0
29,86.0.1,379226,TENNESSEE STATE UNIVERSITY,0
29,86.0.1,379227,TENNESSEE STATE UNIVERSITY,0
29,86.0.1,379228,TENNESSEE STATE UNIVERSITY,0
29,86.0.1,379229,TENNESSEE STATE UNIVERSITY,0
29,86.0.1,379230,TENNESSEE STATE UNIVERSITY,0
29,86.0.1,379231,TENNESSEE STATE UNIVERSITY,0
29,86.0.1,379232,TENNESSEE STATE UNIVERSITY,0
29,86.0.1,379233,TENNESSEE STATE UNIVERSITY,0
29,86.0.1,379234,TENNESSEE STATE UNIVERSITY,0
29,86.0.1,379253,TENNESSEE STATE UNIVERSITY,0
29,86.0.1,379254,TENNESSEE STATE UNIVERSITY,0
29,86.0.1,379256,TENNESSEE STATE UNIVERSITY,0
29,86.0.1,379257,TENNESSEE STATE UNIVERSITY,0
29,86.0.1,379258,TENNESSEE STATE UNIVERSITY,0
29,86.0.1,379259,TENNESSEE STATE UNIVERSITY,0
29,86.0.1,379260,TENNESSEE STATE UNIVERSITY,0
29,86.0.1,379261,TENNESSEE STATE UNIVERSITY,0
29,86.0.1,379262,TENNESSEE STATE UNIVERSITY,0
29,86.0.1,379263,TENNESSEE STATE UNIVERSITY,0
29,86.0.1,379235,TENNESSEE STATE UNIVERSITY,0
29,86.0.1,379236,TENNESSEE STATE UNIVERSITY,0
29,86.0.1,379237,TENNESSEE STATE UNIVERSITY,0
29,86.0.1,379238,TENNESSEE STATE UNIVERSITY,0
29,86.0.1,379239,TENNESSEE STATE UNIVERSITY,0
29,86.0.1,379240,TENNESSEE STATE UNIVERSITY,0
29,86.0.1,379241,TENNESSEE STATE UNIVERSITY,0
29,86.0.1,379242,TENNESSEE STATE UNIVERSITY,0
29,86.0.1,379244,TENNESSEE STATE UNIVERSITY,0
29,86.0.1,379243,TENNESSEE STATE UNIVERSITY,0
29,86.0.1,379306,DOWNTOWN,1
29,86.0.1,379265,DOWNTOWN,1
29,86.0.1,379287,DOWNTOWN,1
29,86.0.1,379288,DOWNTOWN,1
29,86.0.1,379289,DOWNTOWN,1
29,86.0.1,379290,DOWNTOWN,1
29,86.0.1,379291,DOWNTOWN,1
29,86.0.1,379292,DOWNTOWN,1
29,86.0.1,379293,DOWNTOWN,1
29,86.0.1,379294,DOWNTOWN,1
29,86.0.1,379266,DOWNTOWN,1
29,86.0.1,379267,DOWNTOWN,1
29,86.0.1,379268,DOWNTOWN,1
29,86.0.1,379269,DOWNTOWN,1
29,86.0.1,379270,DOWNTOWN,1
29,86.0.1,379271,DOWNTOWN,1
29,86.0.1,379272,DOWNTOWN,1
29,86.0.1,379273,DOWNTOWN,1
29,86.0.1,379274,DOWNTOWN,1
29,86.0.1,379275,DOWNTOWN,1
29,86.0.1,379276,DOWNTOWN,1
29,86.0.1,379295,DOWNTOWN,1
29,86.0.1,379296,DOWNTOWN,1
29,86.0.1,379297,DOWNTOWN,1
29,86.0.1,379298,DOWNTOWN,1
29,86.0.1,379299,DOWNTOWN,1
29,86.0.1,379300,DOWNTOWN,1
29,86.0.1,379301,DOWNTOWN,1
29,86.0.1,379302,DOWNTOWN,1
29,86.0.1,379303,DOWNTOWN,1
29,86.0.1,379304,DOWNTOWN,1
29,86.0.1,379305,DOWNTOWN,1
29,86.0.1,379277,DOWNTOWN,1
29,86.0.1,379278,DOWNTOWN,1
29,86.0.1,379279,DOWNTOWN,1
29,86.0.1,379280,DOWNTOWN,1
29,86.0.1,379281,DOWNTOWN,1
29,86.0.1,379282,DOWNTOWN,1
29,86.0.1,379283,DOWNTOWN,1
29,86.0.1,379284,DOWNTOWN,1
29,86.0.1,379285,DOWNTOWN,1
29,86.0.1,379286,DOWNTOWN,1
3,86.0.1,379445,A -WHITE BRIDGE,0
3,86.0.1,379446,A -WHITE BRIDGE,0
3,86.0.1,379465,B - BELLEVUE,0
3,86.0.1,379449,A -WHITE BRIDGE,0
3,86.0.1,379466,B - BELLEVUE,0
3,86.0.1,379450,A -WHITE BRIDGE,0
3,86.0.1,379467,B - BELLEVUE,0
3,86.0.1,379451,A -WHITE BRIDGE,0
3,86.0.1,379468,B - BELLEVUE,0
3,86.0.1,379461,A -WHITE BRIDGE,0
3,86.0.1,379469,B - BELLEVUE,0
3,86.0.1,379462,A - WHITE BRIDGE,0
3,86.0.1,379470,B - BELLEVUE,0
3,86.0.1,379452,A -WHITE BRIDGE,0
3,86.0.1,379471,B - BELLEVUE,0
3,86.0.1,379453,A -WHITE BRIDGE,0
3,86.0.1,379509,B - BELLEVUE,0
3,86.0.1,379502,A -WHITE BRIDGE,0
3,86.0.1,379510,B - BELLEVUE,0
3,86.0.1,379503,A -WHITE BRIDGE,0
3,86.0.1,379511,B - BELLEVUE,0
3,86.0.1,379504,A -WHITE BRIDGE,0
3,86.0.1,379512,B - BELLEVUE,0
3,86.0.1,379505,A -WHITE BRIDGE,0
3,86.0.1,379513,B - BELLEVUE,0
3,86.0.1,379506,A -WHITE BRIDGE,0
3,86.0.1,379514,B - BELLEVUE,0
3,86.0.1,379507,A -WHITE BRIDGE,0
3,86.0.1,379515,B - BELLEVUE,0
3,86.0.1,379508,A -WHITE BRIDGE,0
3,86.0.1,379529,B - BELLEVUE,0
3,86.2.1,379516,A -WHITE BRIDGE,0
3,86.0.1,379530,B - BELLEVUE,0
3,86.0.1,379517,A -WHITE BRIDGE,0
3,86.0.1,379531,B - BELLEVUE,0
3,86.0.1,379518,A -WHITE BRIDGE,0
3,86.0.1,379532,B - BELLEVUE,0
3,86.0.1,379519,A -WHITE BRIDGE,0
3,86.0.1,379533,B - BELLEVUE,0
3,86.0.1,379520,A -WHITE BRIDGE,0
3,86.0.1,379534,B - BELLEVUE,0
3,86.0.1,379521,A -WHITE BRIDGE,0
3,86.0.1,379535,B - BELLEVUE,0
3,86.0.1,379522,A -WHITE BRIDGE,0
3,86.0.1,379536,B - BELLEVUE,0
3,86.0.1,379523,A -WHITE BRIDGE,0
3,86.0.1,379537,B - BELLEVUE,0
3,86.0.1,379524,A -WHITE BRIDGE,0
3,86.0.1,379538,B - BELLEVUE,0
3,86.4.1,379525,A -WHITE BRIDGE,0
3,86.3.1,379545,A - WHITE BRIDGE,0
3,86.0.1,379539,B - BELLEVUE,0
3,86.0.1,379526,A -WHITE BRIDGE,0
3,86.0.1,379540,B - BELLEVUE,0
3,86.0.1,379527,A -WHITE BRIDGE,0
3,86.0.1,379541,B - BELLEVUE,0
3,86.0.1,379528,A -WHITE BRIDGE,0
3,86.3.1,379472,B - BELLEVUE,0
3,86.0.1,379542,B - BELLEVUE,0
3,86.0.1,379459,A -WHITE BRIDGE,0
3,86.0.1,379473,B - BELLEVUE,0
3,86.0.1,379463,A -WHITE BRIDGE,0
3,86.0.1,379474,B - BELLEVUE,0
3,86.0.1,379454,A -WHITE BRIDGE,0
3,86.0.1,379475,B - BELLEVUE,0
3,86.0.1,379455,A -WHITE BRIDGE,0
3,86.0.1,379476,B - BELLEVUE,0
3,86.0.1,379483,A -WHITE BRIDGE,0
3,86.0.1,379456,B - BELLEVUE,0
3,86.0.1,379477,A -WHITE BRIDGE,0
3,86.0.1,379457,B - BELLEVUE,0
3,86.0.1,379478,A -WHITE BRIDGE,0
3,86.0.1,379464,B - BELLEVUE,0
3,86.0.1,379479,A -WHITE BRIDGE,0
3,86.0.1,379543,B - BELLEVUE,0
3,86.0.1,379458,A - WHITE BRIDGE,0
3,86.0.1,379480,B - BELLEVUE,0
3,86.0.1,379448,A -WHITE BRIDGE,0
3,86.0.1,379493,B - BELLEVUE,0
3,86.0.1,379486,A -WHITE BRIDGE,0
3,86.0.1,379494,B - BELLEVUE,0
3,86.0.1,379487,A -WHITE BRIDGE,0
3,86.0.1,379495,B - BELLEVUE,0
3,86.0.1,379488,A -WHITE BRIDGE,0
3,86.0.1,379496,B - BELLEVUE,0
3,86.0.1,379489,A -WHITE BRIDGE,0
3,86.0.1,379497,B - BELLEVUE,0
3,86.0.1,379490,A -WHITE BRIDGE,0
3,86.0.1,379498,B - BELLEVUE,0
3,86.0.1,379491,A -WHITE BRIDGE,0
3,86.0.1,379499,B - BELLEVUE,0
3,86.0.1,379492,A -WHITE BRIDGE,0
3,86.0.1,379500,B - BELLEVUE,0
3,86.0.1,379481,A -WHITE BRIDGE,0
3,86.0.1,379501,B - BELLEVUE,0
3,86.0.1,379447,A -WHITE BRIDGE,0
3,86.0.1,379482,B - BELLEVUE,0
3,86.0.1,379460,A -WHITE BRIDGE,0
3,86.0.1,379484,B - BELLEVUE,0
3,86.0.1,379485,AB - WHITE BRIDGE BELLEVUE,0
3,86.0.1,379546,A - DOWNTOWN,1
3,86.0.1,379548,A - DOWNTOWN,1
3,86.0.1,379565,B - DOWNTOWN,1
3,86.0.1,379547,A - DOWNTOWN,1
3,86.0.1,379566,B - DOWNTOWN,1
3,86.0.1,379549,A - DOWNTOWN,1
3,86.0.1,379567,B - DOWNTOWN,1
3,86.0.1,379560,A - DOWNTOWN,1
3,86.0.1,379568,B - DOWNTOWN,1
3,86.0.1,379550,A - DOWNTOWN,1
3,86.0.1,379569,B - DOWNTOWN,1
3,86.0.1,379551,A - DOWNTOWN,1
3,86.0.1,379570,B - DOWNTOWN,1
3,86.0.1,379561,A - DOWNTOWN,1
3,86.0.1,379571,B - DOWNTOWN,1
3,86.0.1,379552,A - DOWNTOWN,1
3,86.0.1,379603,B - DOWNTOWN,1
3,86.0.1,379624,A - DOWNTOWN,1
3,86.0.1,379604,B - DOWNTOWN,1
3,86.0.1,379625,A - DOWNTOWN,1
3,86.0.1,379605,B - DOWNTOWN,1
3,86.0.1,379626,A - DOWNTOWN,1
3,86.0.1,379606,B - DOWNTOWN,1
3,86.0.1,379627,A - DOWNTOWN,1
3,86.0.1,379607,B - DOWNTOWN,1
3,86.0.1,379628,A - DOWNTOWN,1
3,86.0.1,379608,B - DOWNTOWN,1
3,86.0.1,379629,A - DOWNTOWN,1
3,86.0.1,379609,B - DOWNTOWN,1
3,86.0.1,379630,A - DOWNTOWN,1
3,86.0.1,379610,B - DOWNTOWN,1
3,86.0.1,379631,A - DOWNTOWN,1
3,86.0.1,379611,B - DOWNTOWN,1
3,86.0.1,379632,A - DOWNTOWN,1
3,86.0.1,379612,B - DOWNTOWN,1
3,86.0.1,379633,A - DOWNTOWN,1
3,86.0.1,379613,B - DOWNTOWN,1
3,86.0.1,379634,A - DOWNTOWN,1
3,86.0.1,379614,B - DOWNTOWN,1
3,86.0.1,379635,A - DOWNTOWN,1
3,86.0.1,379615,B - DOWNTOWN,1
3,86.0.1,379636,A - DOWNTOWN,1
3,86.0.1,379616,B - DOWNTOWN,1
3,86.0.1,379637,A - DOWNTOWN,1
3,86.0.1,379617,B - DOWNTOWN,1
3,86.0.1,379638,A - DOWNTOWN,1
3,86.0.1,379618,B - DOWNTOWN,1
3,86.0.1,379639,A - DOWNTOWN,1
3,86.0.1,379619,B - DOWNTOWN,1
3,86.0.1,379640,A - DOWNTOWN,1
3,86.0.1,379620,B - DOWNTOWN,1
3,86.0.1,379641,A - DOWNTOWN,1
3,86.0.1,379621,B - DOWNTOWN,1
3,86.0.1,379642,A - DOWNTOWN,1
3,86.0.1,379622,B - DOWNTOWN,1
3,86.0.1,379643,A - DOWNTOWN,1
3,86.0.1,379623,B - DOWNTOWN,1
3,86.0.1,379558,A - DOWNTOWN,1
3,86.0.1,379572,B - DOWNTOWN,1
3,86.0.1,379553,A - DOWNTOWN,1
3,86.0.1,379573,B - DOWNTOWN,1
3,86.0.1,379562,A - DOWNTOWN,1
3,86.0.1,379574,B - DOWNTOWN,1
3,86.0.1,379554,A - DOWNTOWN,1
3,86.0.1,379575,B - DOWNTOWN,1
3,86.0.1,379584,A - DOWNTOWN,1
3,86.0.1,379555,B - DOWNTOWN,1
3,86.0.1,379576,A - DOWNTOWN,1
3,86.0.1,379556,B - DOWNTOWN,1
3,86.0.1,379577,A - DOWNTOWN,1
3,86.0.1,379563,B - DOWNTOWN,1
3,86.0.1,379578,A - DOWNTOWN,1
3,86.0.1,379557,B - DOWNTOWN,1
3,86.0.1,379579,A - DOWNTOWN,1
3,86.0.1,379585,B - DOWNTOWN,1
3,86.0.1,379580,A - DOWNTOWN,1
3,86.0.1,379588,B - DOWNTOWN,1
3,86.0.1,379596,A - DOWNTOWN,1
3,86.0.1,379589,B - DOWNTOWN,1
3,86.0.1,379597,A - DOWNTOWN,1
3,86.0.1,379590,B - DOWNTOWN,1
3,86.0.1,379598,A - DOWNTOWN,1
3,86.0.1,379591,B - DOWNTOWN,1
3,86.0.1,379599,A - DOWNTOWN,1
3,86.0.1,379592,B - DOWNTOWN,1
3,86.0.1,379600,A - DOWNTOWN,1
3,86.0.1,379593,B - DOWNTOWN,1
3,86.0.1,379601,A - DOWNTOWN,1
3,86.0.1,379594,B - DOWNTOWN,1
3,86.0.1,379602,A - DOWNTOWN,1
3,86.0.1,379595,B - DOWNTOWN,1
3,86.0.1,379583,A - DOWNTOWN,1
3,86.0.1,379581,B - DOWNTOWN,1
3,86.0.1,379564,A - DOWNTOWN,1
3,86.0.1,379582,B - DOWNTOWN,1
3,86.0.1,379559,A - DOWNTOWN,1
3,86.0.1,379586,A - DOWNTOWN,1
3,86.0.1,379587,A - DOWNTOWN,1
34,86.0.1,379912,OPRY MILLS VIA ELLINGTON,0
34,86.0.1,384934,OPRY MILLS VIA ELLINGTON,0
34,86.0.1,379913,OPRY MILLS VIA ELLINGTON,0
34,86.0.1,384866,OPRY MILLS VIA ELLINGTON,0
34,86.0.1,379914,OPRY MILLS VIA ELLINGTON,0
34,86.0.1,379915,OPRY MILLS VIA ELLINGTON,0
34,86.0.1,384867,OPRY MILLS VIA ELLINGTON,0
34,86.0.1,379916,OPRY MILLS VIA ELLINGTON,0
34,86.0.1,384935,OPRY MILLS VIA ELLINGTON,0
34,86.0.1,379917,OPRY MILLS VIA ELLINGTON,0
34,86.0.1,384868,OPRY MILLS VIA ELLINGTON,0
34,86.0.1,379918,OPRY MILLS VIA ELLINGTON,0
34,86.0.1,384869,OPRY MILLS VIA ELLINGTON,0
34,86.0.1,379919,OPRY MILLS VIA ELLINGTON,0
34,86.0.1,379920,OPRY MILLS VIA ELLINGTON,0
34,86.0.1,384936,OPRY MILLS VIA ELLINGTON,0
34,86.0.1,384870,OPRY MILLS VIA ELLINGTON,0
34,86.0.1,379921,OPRY MILLS VIA ELLINGTON,0
34,86.0.1,379922,OPRY MILLS VIA ELLINGTON,0
34,86.0.1,384871,OPRY MILLS VIA ELLINGTON,0
34,86.0.1,379923,OPRY MILLS VIA ELLINGTON,0
34,86.0.1,384872,OPRY MILLS VIA ELLINGTON,0
34,86.0.1,384937,OPRY MILLS VIA ELLINGTON,0
34,86.0.1,379924,OPRY MILLS VIA ELLINGTON,0
34,86.0.1,384873,OPRY MILLS VIA ELLINGTON,0
34,86.0.1,379925,OPRY MILLS VIA ELLINGTON,0
34,86.0.1,379926,OPRY MILLS VIA ELLINGTON,0
34,86.0.1,379927,OPRY MILLS VIA ELLINGTON,0
34,86.0.1,384875,OPRY MILLS VIA ELLINGTON,0
34,86.0.1,384939,OPRY MILLS VIA ELLINGTON,0
34,86.0.1,384956,OPRY MILLS VIA ELLINGTON,0
34,86.0.1,379929,OPRY MILLS VIA ELLINGTON,0
34,86.0.1,379930,DOWNTOWN VIA ELLINGTON,1
34,86.0.1,384865,DOWNTOWN VIA ELLINGTON,1
34,86.0.1,379931,DOWNTOWN VIA ELLINGTON,1
34,86.0.1,379932,DOWNTOWN VIA ELLINGTON,1
34,86.0.1,384876,DOWNTOWN VIA ELLINGTON,1
34,86.0.1,379933,DOWNTOWN VIA ELLINGTON,1
34,86.0.1,384877,DOWNTOWN VIA ELLINGTON,1
34,86.0.1,379934,DOWNTOWN VIA ELLINGTON,1
34,86.0.1,384941,DOWNTOWN VIA ELLINGTON,1
34,86.0.1,384878,DOWNTOWN VIA ELLINGTON,1
34,86.0.1,379935,DOWNTOWN VIA ELLINGTON,1
34,86.0.1,379936,DOWNTOWN VIA ELLINGTON,1
34,86.0.1,384879,DOWNTOWN VIA ELLINGTON,1
34,86.0.1,379937,DOWNTOWN VIA ELLINGTON,1
34,86.0.1,379938,DOWNTOWN VIA ELLINGTON,1
34,86.0.1,379939,DOWNTOWN VIA ELLINGTON,1
34,86.0.1,384880,DOWNTOWN VIA ELLINGTON,1
34,86.0.1,379940,DOWNTOWN VIA ELLINGTON,1
34,86.0.1,379941,DOWNTOWN VIA ELLINGTON,1
34,86.0.1,384881,DOWNTOWN VIA ELLINGTON,1
34,86.0.1,379942,DOWNTOWN VIA ELLINGTON,1
34,86.0.1,384882,DOWNTOWN VIA ELLINGTON,1
34,86.0.1,384943,DOWNTOWN VIA ELLINGTON,1
34,86.0.1,379943,DOWNTOWN VIA ELLINGTON,1
34,86.0.1,384883,DOWNTOWN VIA ELLINGTON,1
34,86.0.1,379945,DOWNTOWN VIA ELLINGTON,1
34,86.0.1,384884,DOWNTOWN VIA ELLINGTON,1
34,86.0.1,379946,DOWNTOWN VIA ELLINGTON,1
34,86.0.1,384885,DOWNTOWN VIA ELLINGTON,1
34,86.0.1,384953,DOWNTOWN VIA ELLINGTON,1
34,86.0.1,384957,DOWNTOWN VIA ELLINGTON,1
34,86.0.1,379947,DOWNTOWN VIA ELLINGTON,1
4,86.0.1,385818,INGLEWOOD,0
4,86.0.1,385820,INGLEWOOD,0
4,86.0.1,385821,S SHELBY PARK,0
4,86.9.1,385822,INGLEWOOD,0
4,86.10.1,385918,INGLEWOOD,0
4,86.0.1,385823,S SHELBY PARK,0
4,86.0.1,385824,INGLEWOOD,0
4,86.0.1,385825,S SHELBY PARK,0
4,86.9.1,385826,INGLEWOOD,0
4,86.10.1,385919,INGLEWOOD,0
4,86.0.1,385827,S SHELBY PARK,0
4,86.0.1,385828,INGLEWOOD,0
4,86.0.1,385829,S SHELBY PARK,0
4,86.0.1,385830,INGLEWOOD,0
4,86.0.1,385831,S SHELBY PARK,0
4,86.0.1,385832,INGLEWOOD,0
4,86.0.1,385833,S SHELBY PARK,0
4,86.0.1,385834,INGLEWOOD,0
4,86.0.1,385835,S SHELBY PARK,0
4,86.0.1,385836,INGLEWOOD,0
4,86.0.1,385837,S SHELBY PARK,0
4,86.0.1,385838,INGLEWOOD,0
4,86.0.1,385839,S SHELBY PARK,0
4,86.0.1,385840,INGLEWOOD,0
4,86.0.1,385841,S SHELBY PARK,0
4,86.0.1,385842,INGLEWOOD,0
4,86.0.1,385843,S SHELBY PARK,0
4,86.3.1,385844,INGLEWOOD,0
4,86.4.1,385845,INGLEWOOD,0
4,86.0.1,385846,S SHELBY PARK,0
4,86.0.1,385847,INGLEWOOD,0
4,86.0.1,385848,S SHELBY PARK,0
4,86.3.1,385849,INGLEWOOD,0
4,86.4.1,385920,INGLEWOOD,0
4,86.0.1,385850,S SHELBY PARK,0
4,86.0.1,385851,INGLEWOOD,0
4,86.0.1,385852,S SHELBY PARK,0
4,86.0.1,385853,INGLEWOOD,0
4,86.0.1,385854,S SHELBY PARK,0
4,86.0.1,385855,INGLEWOOD,0
4,86.0.1,385856,S SHELBY PARK,0
4,86.0.1,385857,INGLEWOOD,0
4,86.0.1,385858,INGLEWOOD,0
4,86.0.1,385859,INGLEWOOD,0
4,86.0.1,385860,INGLEWOOD,0
4,86.0.1,385861,INGLEWOOD,0
4,86.0.1,385862,INGLEWOOD,0
4,86.0.1,385863,INGLEWOOD,0
4,86.0.1,385864,INGLEWOOD,0
4,86.0.1,385865,INGLEWOOD,0
4,86.0.1,385866,INGLEWOOD,0
4,86.0.1,385917,DOWNTOWN,1
4,86.0.1,385867,DOWNTOWN,1
4,86.0.1,385868,DOWNTOWN,1
4,86.0.1,385869,DOWNTOWN,1
4,86.0.1,385870,DOWNTOWN,1
4,86.0.1,385871,DOWNTOWN,1
4,86.0.1,385872,DOWNTOWN,1
4,86.0.1,385873,DOWNTOWN,1
4,86.0.1,385874,DOWNTOWN,1
4,86.0.1,385875,DOWNTOWN,1
4,86.0.1,385876,DOWNTOWN,1
4,86.0.1,385877,DOWNTOWN,1
4,86.0.1,385878,DOWNTOWN,1
4,86.0.1,385879,DOWNTOWN,1
4,86.0.1,385880,DOWNTOWN,1
4,86.0.1,385881,DOWNTOWN,1
4,86.0.1,385882,DOWNTOWN,1
4,86.0.1,385883,DOWNTOWN,1
4,86.0.1,385884,DOWNTOWN,1
4,86.0.1,385885,DOWNTOWN,1
4,86.0.1,385886,DOWNTOWN,1
4,86.0.1,385887,DOWNTOWN,1
4,86.0.1,385888,DOWNTOWN,1
4,86.0.1,385889,DOWNTOWN,1
4,86.0.1,385890,DOWNTOWN,1
4,86.0.1,385891,DOWNTOWN,1
4,86.0.1,385892,DOWNTOWN,1
4,86.0.1,385893,DOWNTOWN,1
4,86.0.1,385894,DOWNTOWN,1
4,86.3.1,385921,DOWNTOWN,1
4,86.0.1,385896,DOWNTOWN,1
4,86.0.1,385897,DOWNTOWN,1
4,86.0.1,385898,DOWNTOWN,1
4,86.0.1,385899,DOWNTOWN,1
4,86.0.1,385900,DOWNTOWN,1
4,86.3.1,385901,DOWNTOWN,1
4,86.4.1,385922,DOWNTOWN,1
4,86.0.1,385902,DOWNTOWN,1
4,86.0.1,385903,DOWNTOWN,1
4,86.0.1,385904,DOWNTOWN,1
4,86.0.1,385905,DOWNTOWN,1
4,86.0.1,385906,DOWNTOWN,1
4,86.0.1,385907,DOWNTOWN,1
4,86.0.1,385908,DOWNTOWN,1
4,86.0.1,385909,DOWNTOWN,1
4,86.0.1,385910,DOWNTOWN,1
4,86.0.1,385911,DOWNTOWN,1
4,86.0.1,385912,DOWNTOWN,1
4,86.0.1,385913,DOWNTOWN,1
4,86.0.1,385914,DOWNTOWN,1
4,86.0.1,385915,DOWNTOWN,1
4,86.0.1,385916,SHELBY PARK,1
41,86.0.1,380286,TRINITY HILLS,0
41,86.0.1,380274,TRINITY HILLS,0
41,86.0.1,380275,TRINITY HILLS,0
41,86.0.1,380276,TRINITY HILLS,0
41,86.0.1,380277,TRINITY HILLS,0
41,86.0.1,380278,TRINITY HILLS,0
41,86.0.1,380279,TRINITY HILLS,0
41,86.0.1,380280,TRINITY HILLS,0
41,86.0.1,380296,TRINITY HILLS,0
41,86.0.1,380281,TRINITY HILLS,0
41,86.0.1,380285,TRINITY HILLS,0
41,86.0.1,380282,TRINITY HILLS,0
41,86.0.1,380283,TRINITY HILLS,0
41,86.91.1,380284,TRINITY HILLS,0
41,86.92.1,380287,TRINITY HILLS,0
41,86.91.1,380288,TRINITY HILLS,0
41,86.92.1,380292,TRINITY HILLS,0
41,86.92.1,380293,TRINITY HILLS,0
41,86.91.1,380289,TRINITY HILLS,0
41,86.91.1,380290,TRINITY HILLS,0
41,86.92.1,380294,TRINITY HILLS,0
41,86.92.1,380295,TRINITY HILLS,0
41,86.91.1,380291,TRINITY HILLS,0
41,86.0.1,380309,DOWNTOWN,1
41,86.0.1,380297,DOWNTOWN,1
41,86.0.1,380298,DOWNTOWN,1
41,86.0.1,380299,DOWNTOWN,1
41,86.0.1,380300,DOWNTOWN,1
41,86.0.1,380301,DOWNTOWN,1
41,86.0.1,380302,DOWNTOWN,1
41,86.0.1,380303,DOWNTOWN,1
41,86.0.1,380320,DOWNTOWN,1
41,86.0.1,380304,DOWNTOWN,1
41,86.0.1,380305,DOWNTOWN,1
41,86.0.1,380306,DOWNTOWN,1
41,86.91.1,380307,DOWNTOWN,1
41,86.92.1,380310,DOWNTOWN & NISSAN STADIUM,1
41,86.92.1,380311,DOWNTOWN & NISSAN STADIUM,1
41,86.91.1,380308,DOWNTOWN,1
41,86.91.1,380312,DOWNTOWN,1
41,86.92.1,380316,DOWNTOWN & NISSAN STADIUM,1
41,86.92.1,380317,DOWNTOWN & NISSAN STADIUM,1
41,86.91.1,380313,DOWNTOWN,1
41,86.91.1,380314,DOWNTOWN,1
41,86.92.1,380318,DOWNTOWN & NISSAN STADIUM,1
41,86.92.1,380319,DOWNTOWN & NISSAN STADIUM,1
41,86.91.1,380315,DOWNTOWN,1
42,86.0.1,380407,NORTH NASHVILLE,0
42,86.0.1,380377,NORTH NASHVILLE,0
42,86.0.1,380395,NORTH NASHVILLE,0
42,86.0.1,380378,NORTH NASHVILLE,0
42,86.0.1,380400,NORTH NASHVILLE,0
42,86.0.1,380379,NORTH NASHVILLE,0
42,86.0.1,380401,NORTH NASHVILLE,0
42,86.0.1,380380,NORTH NASHVILLE,0
42,86.0.1,380402,NORTH NASHVILLE,0
42,86.0.1,380381,NORTH NASHVILLE,0
42,86.0.1,380403,NORTH NASHVILLE,0
42,86.0.1,380382,NORTH NASHVILLE,0
42,86.0.1,380406,NORTH NASHVILLE,0
42,86.0.1,380383,NORTH NASHVILLE,0
42,86.0.1,380404,NORTH NASHVILLE,0
42,86.0.1,380384,NORTH NASHVILLE,0
42,86.0.1,380405,NORTH NASHVILLE,0
42,86.0.1,380385,NORTH NASHVILLE,0
42,86.0.1,380396,NORTH NASHVILLE,0
42,86.0.1,380386,NORTH NASHVILLE,0
42,86.0.1,380397,NORTH NASHVILLE,0
42,86.0.1,380387,NORTH NASHVILLE,0
42,86.0.1,380398,NORTH NASHVILLE,0
42,86.0.1,380388,NORTH NASHVILLE,0
42,86.0.1,380399,NORTH NASHVILLE,0
42,86.0.1,380389,NORTH NASHVILLE,0
42,86.0.1,380390,NORTH NASHVILLE,0
42,86.0.1,380391,NORTH NASHVILLE,0
42,86.0.1,380392,NORTH NASHVILLE,0
42,86.0.1,380393,NORTH NASHVILLE,0
42,86.0.1,380394,NORTH NASHVILLE,0
42,86.0.1,380408,DOWNTOWN,1
42,86.0.1,380409,DOWNTOWN,1
42,86.0.1,380410,DOWNTOWN,1
42,86.0.1,380418,DOWNTOWN,1
42,86.0.1,380411,DOWNTOWN,1
42,86.0.1,380432,DOWNTOWN,1
42,86.0.1,380412,DOWNTOWN,1
42,86.0.1,380433,DOWNTOWN,1
42,86.0.1,380413,DOWNTOWN,1
42,86.0.1,380434,DOWNTOWN,1
42,86.0.1,380414,DOWNTOWN,1
42,86.0.1,380435,DOWNTOWN,1
42,86.0.1,380415,DOWNTOWN,1
42,86.0.1,380436,DOWNTOWN,1
42,86.0.1,380416,DOWNTOWN,1
42,86.0.1,380437,DOWNTOWN,1
42,86.0.1,380417,DOWNTOWN,1
42,86.0.1,380438,DOWNTOWN,1
42,86.0.1,380419,DOWNTOWN,1
42,86.0.1,380428,DOWNTOWN,1
42,86.0.1,380420,DOWNTOWN,1
42,86.0.1,380429,DOWNTOWN,1
42,86.0.1,380421,DOWNTOWN,1
42,86.0.1,380430,DOWNTOWN,1
42,86.0.1,380422,DOWNTOWN,1
42,86.0.1,380431,DOWNTOWN,1
42,86.0.1,380423,DOWNTOWN,1
42,86.0.1,380424,DOWNTOWN,1
42,86.0.1,380425,DOWNTOWN,1
42,86.0.1,380426,DOWNTOWN,1
42,86.0.1,380427,DOWNTOWN,1
50,86.0.1,380680,CHARLOTTE WALMART,0
50,86.0.1,380670,CHARLOTTE WALMART,0
50,86.0.1,380679,CHARLOTTE WALMART,0
50,86.0.1,380682,CHARLOTTE WALMART,0
50,86.0.1,380683,CHARLOTTE WALMART,0
50,86.0.1,380684,CHARLOTTE WALMART,0
50,86.0.1,380685,CHARLOTTE WALMART,0
50,86.9.1,380733,MLK SCHOOL - HEAD MAGNET,0
50,86.9.1,380734,MLK SCHOOL - HEAD MAGNET,0
50,86.0.1,380686,CHARLOTTE WALMART,0
50,86.0.1,380687,CHARLOTTE WALMART,0
50,86.0.1,380688,CHARLOTTE WALMART,0
50,86.0.1,380689,CHARLOTTE WALMART,0
50,86.0.1,380690,CHARLOTTE WALMART,0
50,86.0.1,380691,CHARLOTTE WALMART,0
50,86.0.1,380692,CHARLOTTE WALMART,0
50,86.0.1,380693,CHARLOTTE WALMART,0
50,86.0.1,380694,CHARLOTTE WALMART,0
50,86.0.1,380695,CHARLOTTE WALMART,0
50,86.0.1,380696,CHARLOTTE WALMART,0
50,86.0.1,380697,CHARLOTTE WALMART,0
50,86.0.1,380698,CHARLOTTE WALMART,0
50,86.0.1,380699,CHARLOTTE WALMART,0
50,86.0.1,380700,CHARLOTTE WALMART,0
50,86.0.1,380701,CHARLOTTE WALMART,0
50,86.0.1,380702,CHARLOTTE WALMART,0
50,86.0.1,380703,CHARLOTTE WALMART,0
50,86.0.1,380704,CHARLOTTE WALMART,0
50,86.0.1,380705,CHARLOTTE WALMART,0
50,86.0.1,380706,CHARLOTTE WALMART,0
50,86.0.1,380707,CHARLOTTE WALMART,0
50,86.0.1,380708,CHARLOTTE WALMART,0
50,86.0.1,380709,CHARLOTTE WALMART,0
50,86.0.1,380710,CHARLOTTE WALMART,0
50,86.0.1,380711,CHARLOTTE WALMART,0
50,86.0.1,380712,CHARLOTTE WALMART,0
50,86.0.1,380713,CHARLOTTE WALMART,0
50,86.0.1,380714,CHARLOTTE WALMART,0
50,86.0.1,380715,CHARLOTTE WALMART,0
50,86.0.1,380716,CHARLOTTE WALMART,0
50,86.0.1,380717,CHARLOTTE WALMART,0
50,86.0.1,380718,CHARLOTTE WALMART,0
50,86.0.1,380719,CHARLOTTE WALMART,0
50,86.0.1,380720,CHARLOTTE WALMART,0
50,86.0.1,380721,CHARLOTTE WALMART,0
50,86.0.1,380722,CHARLOTTE WALMART,0
50,86.0.1,380723,CHARLOTTE WALMART,0
50,86.0.1,380724,CHARLOTTE WALMART,0
50,86.0.1,380725,CHARLOTTE WALMART,0
50,86.0.1,380726,CHARLOTTE WALMART,0
50,86.0.1,380727,CHARLOTTE WALMART,0
50,86.0.1,380728,CHARLOTTE WALMART,0
50,86.0.1,380671,CHARLOTTE WALMART,0
50,86.0.1,380730,CHARLOTTE WALMART,0
50,86.0.1,380731,CHARLOTTE WALMART,0
50,86.0.1,380672,CHARLOTTE WALMART,0
50,86.0.1,380673,CHARLOTTE WALMART,0
50,86.0.1,380674,CHARLOTTE WALMART,0
50,86.0.1,380675,CHARLOTTE WALMART,0
50,86.0.1,380676,CHARLOTTE WALMART,0
50,86.0.1,380677,CHARLOTTE WALMART,0
50,86.0.1,380678,CHARLOTTE WALMART,0
50,86.0.1,380732,CHARLOTTE WALMART,0
50,86.0.1,380681,CHARLOTTE WALMART,0
50,86.0.1,380735,CHARLOTTE WALMART,0
50,86.0.1,380729,CHARLOTTE WALMART,0
50,86.0.1,380736,CHARLOTTE WALMART,0
50,86.0.1,380737,CHARLOTTE WALMART,0
50,86.0.1,380751,DOWNTOWN,1
50,86.0.1,380738,DOWNTOWN,1
50,86.0.1,380747,DOWNTOWN,1
50,86.0.1,380756,DOWNTOWN,1
50,86.0.1,380757,DOWNTOWN,1
50,86.0.1,380758,DOWNTOWN,1
50,86.0.1,380759,DOWNTOWN,1
50,86.0.1,380760,DOWNTOWN,1
50,86.0.1,380761,DOWNTOWN,1
50,86.0.1,380762,DOWNTOWN,1
50,86.0.1,380763,DOWNTOWN,1
50,86.0.1,380764,DOWNTOWN,1
50,86.0.1,380765,DOWNTOWN,1
50,86.0.1,380766,DOWNTOWN,1
50,86.0.1,380767,DOWNTOWN,1
50,86.0.1,380768,DOWNTOWN,1
50,86.0.1,380769,DOWNTOWN,1
50,86.0.1,380770,DOWNTOWN,1
50,86.0.1,380771,DOWNTOWN,1
50,86.0.1,380772,DOWNTOWN,1
50,86.0.1,380773,DOWNTOWN,1
50,86.0.1,380774,DOWNTOWN,1
50,86.0.1,380775,DOWNTOWN,1
50,86.0.1,380776,DOWNTOWN,1
50,86.0.1,380777,DOWNTOWN,1
50,86.0.1,380778,DOWNTOWN,1
50,86.0.1,380779,DOWNTOWN,1
50,86.0.1,380780,DOWNTOWN,1
50,86.0.1,380781,DOWNTOWN,1
50,86.0.1,380782,DOWNTOWN,1
50,86.0.1,380783,DOWNTOWN,1
50,86.0.1,380784,DOWNTOWN,1
50,86.0.1,380785,DOWNTOWN,1
50,86.0.1,380786,DOWNTOWN,1
50,86.0.1,380787,DOWNTOWN,1
50,86.0.1,380788,DOWNTOWN,1
50,86.0.1,380789,DOWNTOWN,1
50,86.0.1,380790,DOWNTOWN,1
50,86.0.1,380791,DOWNTOWN,1
50,86.0.1,380792,DOWNTOWN,1
50,86.0.1,380793,DOWNTOWN,1
50,86.3.1,380749,DOWNTOWN,1
50,86.3.1,380808,DOWNTOWN,1
50,86.3.1,380750,DOWNTOWN,1
50,86.3.1,380748,DOWNTOWN,1
50,86.0.1,380794,DOWNTOWN,1
50,86.0.1,380795,DOWNTOWN,1
50,86.0.1,380796,DOWNTOWN,1
50,86.0.1,380797,DOWNTOWN,1
50,86.0.1,380798,DOWNTOWN,1
50,86.0.1,380799,DOWNTOWN,1
50,86.0.1,380800,DOWNTOWN,1
50,86.0.1,380801,DOWNTOWN,1
50,86.0.1,380802,DOWNTOWN,1
50,86.0.1,380739,DOWNTOWN,1
50,86.0.1,380804,DOWNTOWN,1
50,86.0.1,380805,DOWNTOWN,1
50,86.0.1,380740,DOWNTOWN,1
50,86.0.1,380741,DOWNTOWN,1
50,86.0.1,380742,DOWNTOWN,1
50,86.0.1,380743,DOWNTOWN,1
50,86.0.1,380744,DOWNTOWN,1
50,86.0.1,380745,DOWNTOWN,1
50,86.0.1,380746,DOWNTOWN,1
50,86.0.1,380806,DOWNTOWN,1
50,86.0.1,380752,DOWNTOWN,1
50,86.0.1,380807,DOWNTOWN,1
50,86.0.1,380803,DOWNTOWN,1
50,86.0.1,380809,DOWNTOWN,1
50,86.0.1,380810,DOWNTOWN,1
52,86.0.1,381120,A - HICKORY PLAZA,0
52,86.0.1,381119,A - HICKORY PLAZA,0
52,86.0.1,381094,B - EZELL,0
52,86.0.1,381118,A - HICKORY PLAZA,0
52,86.0.1,381093,B - EZELL,0
52,86.0.1,381117,A - HICKORY PLAZA,0
52,86.0.1,381092,B - EZELL,0
52,86.9.1,381125,ANTIOCH PIKE - GLENCLIFF HS,0
52,86.0.1,381116,A - HICKORY PLAZA,0
52,86.0.1,381091,B - EZELL,0
52,86.0.1,381115,A - HICKORY PLAZA,0
52,86.0.1,381090,B - EZELL,0
52,86.0.1,381114,A - HICKORY PLAZA,0
52,86.0.1,381089,B - EZELL,0
52,86.0.1,381113,A - HICKORY PLAZA,0
52,86.0.1,381088,B - EZELL,0
52,86.0.1,381112,A - HICKORY PLAZA,0
52,86.0.1,381087,B - EZELL,0
52,86.0.1,381111,A - HICKORY PLAZA,0
52,86.0.1,381086,B - EZELL,0
52,86.0.1,381110,A - HICKORY PLAZA,0
52,86.0.1,381085,B - EZELL,0
52,86.0.1,381109,A - HICKORY PLAZA,0
52,86.0.1,381154,B - EZELL,0
52,86.0.1,381137,A - HICKORY PLAZA,0
52,86.0.1,381155,B - EZELL,0
52,86.0.1,381138,A - HICKORY PLAZA,0
52,86.0.1,381156,B - EZELL,0
52,86.0.1,381139,A - HICKORY PLAZA,0
52,86.0.1,381157,B - EZELL,0
52,86.0.1,381140,A - HICKORY PLAZA,0
52,86.0.1,381158,B - EZELL,0
52,86.0.1,381141,A - HICKORY PLAZA,0
52,86.0.1,381159,B - EZELL,0
52,86.0.1,381142,A - HICKORY PLAZA,0
52,86.0.1,381160,B - EZELL,0
52,86.0.1,381143,A - HICKORY PLAZA,0
52,86.0.1,381161,B - EZELL,0
52,86.0.1,381144,A - HICKORY PLAZA,0
52,86.0.1,381162,B - EZELL,0
52,86.0.1,381145,A - HICKORY PLAZA,0
52,86.0.1,381163,B - EZELL,0
52,86.0.1,381146,A - HICKORY PLAZA,0
52,86.0.1,381164,B - EZELL,0
52,86.0.1,381147,A - HICKORY PLAZA,0
52,86.0.1,381165,B - EZELL,0
52,86.0.1,381148,A - HICKORY PLAZA,0
52,86.0.1,381166,B - EZELL,0
52,86.0.1,381149,A - HICKORY PLAZA,0
52,86.0.1,381167,B - EZELL,0
52,86.0.1,381150,A - HICKORY PLAZA,0
52,86.0.1,381168,B - EZELL,0
52,86.0.1,381151,A - HICKORY PLAZA,0
52,86.0.1,381169,B - EZELL,0
52,86.0.1,381152,A - HICKORY PLAZA,0
52,86.0.1,381170,B - EZELL,0
52,86.0.1,381153,A - HICKORY PLAZA,0
52,86.0.1,381084,B - EZELL,0
52,86.0.1,381108,A - HICKORY PLAZA,0
52,86.0.1,381083,B - EZELL,0
52,86.0.1,381107,A - HICKORY PLAZA,0
52,86.0.1,381082,B - EZELL,0
52,86.0.1,381106,A - HICKORY PLAZA,0
52,86.0.1,381081,B - EZELL,0
52,86.0.1,381105,A - HICKORY PLAZA,0
52,86.0.1,381080,B - EZELL,0
52,86.0.1,381104,A - HICKORY PLAZA,0
52,86.0.1,381079,B - EZELL,0
52,86.0.1,381103,A - HICKORY PLAZA,0
52,86.0.1,381078,B - EZELL,0
52,86.0.1,381102,A - HICKORY PLAZA,0
52,86.0.1,381077,B - EZELL,0
52,86.0.1,381101,A - HICKORY PLAZA,0
52,86.0.1,381076,B - EZELL,0
52,86.0.1,381100,A - HICKORY PLAZA,0
52,86.0.1,381075,B - EZELL,0
52,86.0.1,381099,A - HICKORY PLAZA,0
52,86.0.1,381074,B - EZELL,0
52,86.0.1,381098,A - HICKORY PLAZA,0
52,86.0.1,381073,B - EZELL,0
52,86.0.1,381097,A - HICKORY PLAZA,0
52,86.0.1,381126,B - EZELL,0
52,86.0.1,381132,A - HICKORY PLAZA,0
52,86.0.1,381127,B - EZELL,0
52,86.0.1,381133,A - HICKORY PLAZA,0
52,86.0.1,381128,B - EZELL,0
52,86.0.1,381134,A - HICKORY PLAZA,0
52,86.0.1,381129,B - EZELL,0
52,86.0.1,381135,A - HICKORY PLAZA,0
52,86.0.1,381130,B - EZELL,0
52,86.0.1,381136,A - HICKORY PLAZA,0
52,86.0.1,381131,B - EZELL,0
52,86.0.1,381072,B - EZELL,0
52,86.0.1,381096,A - HICKORY PLAZA,0
52,86.0.1,381071,B - EZELL,0
52,86.0.1,381095,AB - HICKORY PLAZA - EZELL,0
52,86.0.1,381122,AB - HICKORY PLAZA - EZELL,0
52,86.0.1,381121,AB - HICKORY PLAZA - EZELL,0
52,86.0.1,381123,AB - HICKORY PLAZA - EZELL,0
52,86.0.1,381124,AB - HICKORY PLAZA - EZELL,0
52,86.0.1,381220,A - DOWNTOWN,1
52,86.0.1,381219,A - DOWNTOWN,1
52,86.0.1,381194,B - DOWNTOWN,1
52,86.0.1,381218,A - DOWNTOWN,1
52,86.0.1,381193,B - DOWNTOWN,1
52,86.0.1,381217,A - DOWNTOWN,1
52,86.0.1,381192,B - DOWNTOWN,1
52,86.0.1,381216,A - DOWNTOWN,1
52,86.0.1,381191,B - DOWNTOWN,1
52,86.0.1,381215,A - DOWNTOWN,1
52,86.0.1,381190,B - DOWNTOWN,1
52,86.0.1,381214,A - DOWNTOWN,1
52,86.0.1,381189,B - DOWNTOWN,1
52,86.0.1,381213,A - DOWNTOWN,1
52,86.0.1,381188,B - DOWNTOWN,1
52,86.0.1,381212,A - DOWNTOWN,1
52,86.0.1,381187,B - DOWNTOWN,1
52,86.0.1,381211,A - DOWNTOWN,1
52,86.0.1,381186,B - DOWNTOWN,1
52,86.0.1,381210,A - DOWNTOWN,1
52,86.0.1,381185,B - DOWNTOWN,1
52,86.0.1,381209,A - DOWNTOWN,1
52,86.0.1,381237,B - DOWNTOWN,1
52,86.0.1,381254,A - DOWNTOWN,1
52,86.0.1,381238,B - DOWNTOWN,1
52,86.0.1,381255,A - DOWNTOWN,1
52,86.0.1,381239,B - DOWNTOWN,1
52,86.0.1,381256,A - DOWNTOWN,1
52,86.0.1,381240,B - DOWNTOWN,1
52,86.0.1,381257,A - DOWNTOWN,1
52,86.0.1,381241,B - DOWNTOWN,1
52,86.0.1,381258,A - DOWNTOWN,1
52,86.0.1,381242,B - DOWNTOWN,1
52,86.0.1,381259,A - DOWNTOWN,1
52,86.0.1,381243,B - DOWNTOWN,1
52,86.0.1,381260,A - DOWNTOWN,1
52,86.0.1,381244,B - DOWNTOWN,1
52,86.0.1,381261,A - DOWNTOWN,1
52,86.0.1,381245,B - DOWNTOWN,1
52,86.0.1,381262,A - DOWNTOWN,1
52,86.0.1,381246,B - DOWNTOWN,1
52,86.0.1,381263,A - DOWNTOWN,1
52,86.0.1,381247,B - DOWNTOWN,1
52,86.0.1,381264,A - DOWNTOWN,1
52,86.0.1,381248,B - DOWNTOWN,1
52,86.0.1,381265,A - DOWNTOWN,1
52,86.0.1,381249,B - DOWNTOWN,1
52,86.0.1,381266,A - DOWNTOWN,1
52,86.0.1,381250,B - DOWNTOWN,1
52,86.0.1,381267,A - DOWNTOWN,1
52,86.0.1,381251,B - DOWNTOWN,1
52,86.0.1,381268,A - DOWNTOWN,1
52,86.0.1,381252,B - DOWNTOWN,1
52,86.0.1,381269,A - DOWNTOWN,1
52,86.0.1,381253,B - DOWNTOWN,1
52,86.0.1,381270,A - DOWNTOWN,1
52,86.0.1,381184,B - DOWNTOWN,1
52,86.3.1,381225,DOWNTOWN,1
52,86.0.1,381208,A - DOWNTOWN,1
52,86.0.1,381183,B - DOWNTOWN,1
52,86.0.1,381207,A - DOWNTOWN,1
52,86.0.1,381182,B - DOWNTOWN,1
52,86.0.1,381206,A - DOWNTOWN,1
52,86.0.1,381181,B - DOWNTOWN,1
52,86.0.1,381205,A - DOWNTOWN,1
52,86.0.1,381180,B - DOWNTOWN,1
52,86.0.1,381204,A - DOWNTOWN,1
52,86.0.1,381179,B - DOWNTOWN,1
52,86.0.1,381203,A - DOWNTOWN,1
52,86.0.1,381178,B - DOWNTOWN,1
52,86.0.1,381202,A - DOWNTOWN,1
52,86.0.1,381177,B - DOWNTOWN,1
52,86.0.1,381201,A - DOWNTOWN,1
52,86.0.1,381176,B - DOWNTOWN,1
52,86.0.1,381200,A - DOWNTOWN,1
52,86.0.1,381175,B - DOWNTOWN,1
52,86.0.1,381199,A - DOWNTOWN,1
52,86.0.1,381174,B - DOWNTOWN,1
52,86.0.1,381198,A - DOWNTOWN,1
52,86.0.1,381173,B - DOWNTOWN,1
52,86.0.1,381197,A - DOWNTOWN,1
52,86.0.1,381226,B - DOWNTOWN,1
52,86.0.1,381232,A - DOWNTOWN,1
52,86.0.1,381227,B - DOWNTOWN,1
52,86.0.1,381233,A - DOWNTOWN,1
52,86.0.1,381228,B - DOWNTOWN,1
52,86.0.1,381234,A - DOWNTOWN,1
52,86.0.1,381229,B - DOWNTOWN,1
52,86.0.1,381235,A - DOWNTOWN,1
52,86.0.1,381230,B - DOWNTOWN,1
52,86.0.1,381236,A - DOWNTOWN,1
52,86.0.1,381231,B - DOWNTOWN,1
52,86.0.1,381172,B - DOWNTOWN,1
52,86.0.1,381196,A - DOWNTOWN,1
52,86.0.1,381171,B - DOWNTOWN,1
52,86.0.1,381195,A - DOWNTOWN,1
52,86.0.1,381222,B - DOWNTOWN,1
52,86.0.1,381221,A - DOWNTOWN,1
52,86.0.1,381223,B - DOWNTOWN,1
52,86.0.1,381224,B - DOWNTOWN,1
55,86.0.1,381540,HICKORY HOLLOW,0
55,86.0.1,381541,HICKORY HOLLOW,0
55,86.0.1,381542,HICKORY HOLLOW,0
55,86.0.1,381567,HICKORY HOLLOW,0
55,86.0.1,381568,HICKORY HOLLOW,0
55,86.0.1,381569,HICKORY HOLLOW,0
55,86.0.1,381625,HICKORY HOLLOW,0
55,86.0.1,381626,HICKORY HOLLOW,0
55,86.0.1,381627,HICKORY HOLLOW,0
55,86.0.1,381628,HICKORY HOLLOW,0
55,86.0.1,381629,HICKORY HOLLOW,0
55,86.9.1,381551,ARTS MAGNET SCHOOL,0
55,86.0.1,381636,HICKORY HOLLOW,0
55,86.0.1,381637,HICKORY HOLLOW,0
55,86.0.1,381638,HICKORY HOLLOW,0
55,86.0.1,381639,HICKORY HOLLOW,0
55,86.0.1,381640,HICKORY HOLLOW,0
55,86.0.1,381641,HICKORY HOLLOW,0
55,86.0.1,381630,HICKORY HOLLOW,0
55,86.0.1,381631,HICKORY HOLLOW,0
55,86.0.1,381632,HICKORY HOLLOW,0
55,86.0.1,381633,HICKORY HOLLOW,0
55,86.0.1,381634,HICKORY HOLLOW,0
55,86.0.1,381570,HICKORY HOLLOW,0
55,86.0.1,381571,HICKORY HOLLOW,0
55,86.0.1,381572,HICKORY HOLLOW,0
55,86.0.1,381573,HICKORY HOLLOW,0
55,86.0.1,381574,HICKORY HOLLOW,0
55,86.0.1,381575,HICKORY HOLLOW,0
55,86.0.1,381576,HICKORY HOLLOW,0
55,86.0.1,381577,HICKORY HOLLOW,0
55,86.0.1,381578,HICKORY HOLLOW,0
55,86.0.1,381579,HICKORY HOLLOW,0
55,86.0.1,381580,HICKORY HOLLOW,0
55,86.0.1,381581,HICKORY HOLLOW,0
55,86.0.1,381582,HICKORY HOLLOW,0
55,86.0.1,381583,HICKORY HOLLOW,0
55,86.0.1,381584,HICKORY HOLLOW,0
55,86.0.1,381585,HICKORY HOLLOW,0
55,86.0.1,381586,HICKORY HOLLOW,0
55,86.0.1,381587,HICKORY HOLLOW,0
55,86.0.1,381588,HICKORY HOLLOW,0
55,86.0.1,381589,HICKORY HOLLOW,0
55,86.0.1,381590,HICKORY HOLLOW,0
55,86.0.1,381591,HICKORY HOLLOW,0
55,86.0.1,381592,HICKORY HOLLOW,0
55,86.0.1,381593,HICKORY HOLLOW,0
55,86.0.1,381594,HICKORY HOLLOW,0
55,86.0.1,381595,HICKORY HOLLOW,0
55,86.0.1,381596,HICKORY HOLLOW,0
55,86.0.1,381597,HICKORY HOLLOW,0
55,86.0.1,381598,HICKORY HOLLOW,0
55,86.0.1,381599,HICKORY HOLLOW,0
55,86.0.1,381600,HICKORY HOLLOW,0
55,86.0.1,381601,HICKORY HOLLOW,0
55,86.0.1,381602,HICKORY HOLLOW,0
55,86.0.1,381603,HICKORY HOLLOW,0
55,86.0.1,381604,HICKORY HOLLOW,0
55,86.0.1,381605,HICKORY HOLLOW,0
55,86.0.1,381606,HICKORY HOLLOW,0
55,86.0.1,381607,HICKORY HOLLOW,0
55,86.0.1,381608,HICKORY HOLLOW,0
55,86.0.1,381635,HICKORY HOLLOW,0
55,86.0.1,381609,HICKORY HOLLOW,0
55,86.0.1,381610,HICKORY HOLLOW,0
55,86.0.1,381611,HICKORY HOLLOW,0
55,86.0.1,381612,HICKORY HOLLOW,0
55,86.0.1,381613,HICKORY HOLLOW,0
55,86.0.1,381614,HICKORY HOLLOW,0
55,86.0.1,381615,HICKORY HOLLOW,0
55,86.0.1,381616,HICKORY HOLLOW,0
55,86.0.1,381617,HICKORY HOLLOW,0
55,86.0.1,381618,HICKORY HOLLOW,0
55,86.0.1,381619,HICKORY HOLLOW,0
55,86.0.1,381620,HICKORY HOLLOW,0
55,86.0.1,381621,HICKORY HOLLOW,0
55,86.0.1,381622,HICKORY HOLLOW,0
55,86.0.1,381623,HICKORY HOLLOW,0
55,86.0.1,381642,HICKORY HOLLOW,0
55,86.0.1,381624,HICKORY HOLLOW,0
55,86.0.1,381544,HICKORY HOLLOW,0
55,86.0.1,381545,HICKORY HOLLOW,0
55,86.0.1,381546,HICKORY HOLLOW,0
55,86.0.1,381543,HICKORY HOLLOW,0
55,86.0.1,381556,HICKORY HOLLOW,0
55,86.0.1,381557,HICKORY HOLLOW,0
55,86.0.1,381558,HICKORY HOLLOW,0
55,86.0.1,381559,HICKORY HOLLOW,0
55,86.0.1,381560,HICKORY HOLLOW,0
55,86.0.1,381561,HICKORY HOLLOW,0
55,86.0.1,381562,HICKORY HOLLOW,0
55,86.0.1,381563,HICKORY HOLLOW,0
55,86.0.1,381564,HICKORY HOLLOW,0
55,86.0.1,381565,HICKORY HOLLOW,0
55,86.0.1,381566,HICKORY HOLLOW,0
55,86.0.1,381547,HICKORY HOLLOW,0
55,86.0.1,381548,HICKORY HOLLOW,0
55,86.0.1,381549,HICKORY HOLLOW,0
55,86.0.1,381550,HICKORY HOLLOW,0
55,86.0.1,381553,HICKORY HOLLOW,0
55,86.0.1,381552,HICKORY HOLLOW,0
55,86.0.1,381554,HICKORY HOLLOW,0
55,86.0.1,381555,HICKORY HOLLOW,0
55,86.0.1,381643,DOWNTOWN,1
55,86.0.1,381644,DOWNTOWN,1
55,86.0.1,381645,DOWNTOWN,1
55,86.0.1,381672,DOWNTOWN,1
55,86.0.1,381673,DOWNTOWN,1
55,86.0.1,381674,DOWNTOWN,1
55,86.0.1,381731,DOWNTOWN,1
55,86.0.1,381732,DOWNTOWN,1
55,86.0.1,381733,DOWNTOWN,1
55,86.0.1,381734,DOWNTOWN,1
55,86.0.1,381740,DOWNTOWN,1
55,86.0.1,381741,DOWNTOWN,1
55,86.0.1,381742,DOWNTOWN,1
55,86.0.1,381743,DOWNTOWN,1
55,86.0.1,381744,DOWNTOWN,1
55,86.0.1,381745,DOWNTOWN,1
55,86.0.1,381746,DOWNTOWN,1
55,86.0.1,381735,DOWNTOWN,1
55,86.0.1,381736,DOWNTOWN,1
55,86.0.1,381737,DOWNTOWN,1
55,86.0.1,381738,DOWNTOWN,1
55,86.0.1,381739,DOWNTOWN,1
55,86.0.1,381675,DOWNTOWN,1
55,86.0.1,381676,DOWNTOWN,1
55,86.0.1,381677,DOWNTOWN,1
55,86.0.1,381678,DOWNTOWN,1
55,86.0.1,381679,DOWNTOWN,1
55,86.0.1,381680,DOWNTOWN,1
55,86.0.1,381681,DOWNTOWN,1
55,86.0.1,381682,DOWNTOWN,1
55,86.0.1,381683,DOWNTOWN,1
55,86.0.1,381684,DOWNTOWN,1
55,86.0.1,381685,DOWNTOWN,1
55,86.0.1,381686,DOWNTOWN,1
55,86.0.1,381687,DOWNTOWN,1
55,86.0.1,381688,DOWNTOWN,1
55,86.0.1,381689,DOWNTOWN,1
55,86.0.1,381690,DOWNTOWN,1
55,86.0.1,381691,DOWNTOWN,1
55,86.0.1,381692,DOWNTOWN,1
55,86.0.1,381693,DOWNTOWN,1
55,86.0.1,381694,DOWNTOWN,1
55,86.0.1,381695,DOWNTOWN,1
55,86.0.1,381696,DOWNTOWN,1
55,86.0.1,381697,DOWNTOWN,1
55,86.0.1,381698,DOWNTOWN,1
55,86.0.1,381699,DOWNTOWN,1
55,86.0.1,381700,DOWNTOWN,1
55,86.0.1,381701,DOWNTOWN,1
55,86.0.1,381702,DOWNTOWN,1
55,86.0.1,381703,DOWNTOWN,1
55,86.0.1,381704,DOWNTOWN,1
55,86.0.1,381705,DOWNTOWN,1
55,86.0.1,381706,DOWNTOWN,1
55,86.0.1,381707,DOWNTOWN,1
55,86.0.1,381708,DOWNTOWN,1
55,86.0.1,381709,DOWNTOWN,1
55,86.0.1,381710,DOWNTOWN,1
55,86.0.1,381711,DOWNTOWN,1
55,86.0.1,381712,DOWNTOWN,1
55,86.0.1,381713,DOWNTOWN,1
55,86.0.1,381714,DOWNTOWN,1
55,86.0.1,381715,DOWNTOWN,1
55,86.0.1,381716,DOWNTOWN,1
55,86.0.1,381717,DOWNTOWN,1
55,86.0.1,381718,DOWNTOWN,1
55,86.3.1,381650,DOWNTOWN,1
55,86.3.1,381657,DOWNTOWN,1
55,86.0.1,381719,DOWNTOWN,1
55,86.0.1,381720,DOWNTOWN,1
55,86.0.1,381721,DOWNTOWN,1
55,86.0.1,381722,DOWNTOWN,1
55,86.0.1,381723,DOWNTOWN,1
55,86.0.1,381724,DOWNTOWN,1
55,86.0.1,381725,DOWNTOWN,1
55,86.0.1,381726,DOWNTOWN,1
55,86.0.1,381727,DOWNTOWN,1
55,86.0.1,381728,DOWNTOWN,1
55,86.0.1,381729,DOWNTOWN,1
55,86.0.1,381730,DOWNTOWN,1
55,86.0.1,381646,DOWNTOWN,1
55,86.0.1,381647,DOWNTOWN,1
55,86.0.1,381648,DOWNTOWN,1
55,86.0.1,381649,DOWNTOWN,1
55,86.0.1,381661,DOWNTOWN,1
55,86.0.1,381662,DOWNTOWN,1
55,86.0.1,381663,DOWNTOWN,1
55,86.0.1,381664,DOWNTOWN,1
55,86.0.1,381665,DOWNTOWN,1
55,86.0.1,381666,DOWNTOWN,1
55,86.0.1,381667,DOWNTOWN,1
55,86.0.1,381668,DOWNTOWN,1
55,86.0.1,381669,DOWNTOWN,1
55,86.0.1,381670,DOWNTOWN,1
55,86.0.1,381671,DOWNTOWN,1
55,86.0.1,381651,DOWNTOWN,1
55,86.0.1,381652,DOWNTOWN,1
55,86.0.1,381653,DOWNTOWN,1
55,86.0.1,381654,DOWNTOWN,1
55,86.0.1,381658,DOWNTOWN,1
55,86.0.1,381656,DOWNTOWN,1
55,86.0.1,381659,DOWNTOWN,1
55,86.0.1,381660,DOWNTOWN,1
56,86.0.1,382041,RIVERGATE,0
56,86.0.1,382042,RIVERGATE,0
56,86.0.1,382043,RIVERGATE,0
56,86.0.1,382044,RIVERGATE,0
56,86.0.1,382045,RIVERGATE,0
56,86.0.1,382046,RIVERGATE,0
56,86.0.1,382047,RIVERGATE,0
56,86.0.1,382048,RIVERGATE,0
56,86.0.1,382049,RIVERGATE,0
56,86.0.1,382050,RIVERGATE,0
56,86.9.1,382125,TO MEIGS MAGNET,0
56,86.0.1,382051,RIVERGATE,0
56,86.0.1,382052,RIVERGATE,0
56,86.0.1,382053,RIVERGATE,0
56,86.0.1,382054,RIVERGATE,0
56,86.0.1,382055,RIVERGATE,0
56,86.0.1,382056,RIVERGATE,0
56,86.0.1,382057,RIVERGATE,0
56,86.0.1,382058,RIVERGATE,0
56,86.0.1,382059,RIVERGATE,0
56,86.0.1,382060,RIVERGATE,0
56,86.0.1,382061,RIVERGATE,0
56,86.0.1,382062,RIVERGATE,0
56,86.0.1,382063,RIVERGATE,0
56,86.0.1,382064,RIVERGATE,0
56,86.0.1,382065,RIVERGATE,0
56,86.0.1,382066,RIVERGATE,0
56,86.0.1,382067,RIVERGATE,0
56,86.0.1,382068,RIVERGATE,0
56,86.0.1,382069,RIVERGATE,0
56,86.0.1,382070,RIVERGATE,0
56,86.0.1,382071,RIVERGATE,0
56,86.0.1,382072,RIVERGATE,0
56,86.0.1,382073,RIVERGATE,0
56,86.0.1,382074,RIVERGATE,0
56,86.0.1,382075,RIVERGATE,0
56,86.0.1,382076,RIVERGATE,0
56,86.0.1,382077,RIVERGATE,0
56,86.0.1,382078,RIVERGATE,0
56,86.0.1,382079,RIVERGATE,0
56,86.0.1,382080,RIVERGATE,0
56,86.0.1,382081,RIVERGATE,0
56,86.0.1,382082,RIVERGATE,0
56,86.0.1,382083,RIVERGATE,0
56,86.0.1,382084,RIVERGATE,0
56,86.0.1,382085,RIVERGATE,0
56,86.0.1,382086,RIVERGATE,0
56,86.0.1,382087,RIVERGATE,0
56,86.0.1,382088,RIVERGATE,0
56,86.0.1,382089,RIVERGATE,0
56,86.0.1,382090,RIVERGATE,0
56,86.0.1,382091,RIVERGATE,0
56,86.0.1,382092,RIVERGATE,0
56,86.0.1,382093,RIVERGATE,0
56,86.0.1,382094,RIVERGATE,0
56,86.0.1,382095,RIVERGATE,0
56,86.0.1,382096,RIVERGATE,0
56,86.0.1,382097,RIVERGATE,0
56,86.0.1,382098,RIVERGATE,0
56,86.0.1,382099,RIVERGATE,0
56,86.0.1,382100,RIVERGATE,0
56,86.0.1,382101,RIVERGATE,0
56,86.0.1,382102,RIVERGATE,0
56,86.0.1,382103,RIVERGATE,0
56,86.0.1,382104,RIVERGATE,0
56,86.0.1,382105,RIVERGATE,0
56,86.0.1,382106,RIVERGATE,0
56,86.0.1,382107,RIVERGATE,0
56,86.91.1,382108,RIVERGATE,0
56,86.92.1,382141,RIVERGATE,0
56,86.91.1,382109,RIVERGATE,0
56,86.92.1,382142,RIVERGATE,0
56,86.91.1,382110,RIVERGATE,0
56,86.92.1,382143,RIVERGATE,0
56,86.91.1,382111,RIVERGATE,0
56,86.92.1,382144,RIVERGATE,0
56,86.91.1,382112,RIVERGATE,0
56,86.92.1,382145,RIVERGATE,0
56,86.91.1,382113,RIVERGATE,0
56,86.92.1,382146,RIVERGATE,0
56,86.91.1,382114,RIVERGATE,0
56,86.92.1,382147,RIVERGATE,0
56,86.91.1,382115,RIVERGATE,0
56,86.92.1,382148,RIVERGATE,0
56,86.91.1,382116,RIVERGATE,0
56,86.92.1,382149,RIVERGATE,0
56,86.91.1,382117,RIVERGATE,0
56,86.92.1,382150,RIVERGATE,0
56,86.91.1,382118,RIVERGATE,0
56,86.92.1,382151,RIVERGATE,0
56,86.91.1,382119,RIVERGATE,0
56,86.92.1,382152,RIVERGATE,0
56,86.91.1,382120,RIVERGATE,0
56,86.92.1,382153,RIVERGATE,0
56,86.91.1,382130,RIVERGATE,0
56,86.92.1,382154,RIVERGATE,0
56,86.91.1,382131,RIVERGATE,0
56,86.92.1,382155,RIVERGATE,0
56,86.91.1,382132,RIVERGATE,0
56,86.92.1,382156,RIVERGATE,0
56,86.91.1,382133,RIVERGATE,0
56,86.92.1,382157,RIVERGATE,0
56,86.91.1,382134,RIVERGATE,0
56,86.92.1,382158,RIVERGATE,0
56,86.91.1,382135,RIVERGATE,0
56,86.92.1,382159,RIVERGATE,0
56,86.91.1,382136,RIVERGATE,0
56,86.92.1,382160,RIVERGATE,0
56,86.91.1,382137,RIVERGATE,0
56,86.92.1,382161,RIVERGATE,0
56,86.91.1,382138,RIVERGATE,0
56,86.92.1,382162,RIVERGATE,0
56,86.91.1,382139,RIVERGATE,0
56,86.92.1,382163,RIVERGATE,0
56,86.91.1,382140,RIVERGATE,0
56,86.92.1,382164,RIVERGATE,0
56,86.91.1,382121,RIVERGATE,0
56,86.92.1,382165,RIVERGATE,0
56,86.91.1,382122,RIVERGATE,0
56,86.92.1,382166,RIVERGATE,0
56,86.91.1,382123,RIVERGATE,0
56,86.92.1,387020,RIVERGATE,0
56,86.91.1,382124,RIVERGATE,0
56,86.92.1,387021,RIVERGATE,0
56,86.91.1,382127,RIVERGATE,0
56,86.92.1,387022,RIVERGATE,0
56,86.91.1,382126,RIVERGATE,0
56,86.92.1,387023,RIVERGATE,0
56,86.91.1,382128,RIVERGATE,0
56,86.92.1,387024,RIVERGATE,0
56,86.91.1,382129,RIVERGATE,0
56,86.92.1,387025,RIVERGATE,0
56,86.0.1,382167,DOWNTOWN,1
56,86.0.1,382168,DOWNTOWN,1
56,86.0.1,382169,DOWNTOWN,1
56,86.0.1,382170,DOWNTOWN,1
56,86.0.1,382171,DOWNTOWN,1
56,86.0.1,382172,DOWNTOWN,1
56,86.0.1,382173,DOWNTOWN,1
56,86.0.1,382174,DOWNTOWN,1
56,86.0.1,382175,DOWNTOWN,1
56,86.0.1,382176,DOWNTOWN,1
56,86.0.1,382177,DOWNTOWN,1
56,86.0.1,382178,DOWNTOWN,1
56,86.0.1,382179,DOWNTOWN,1
56,86.0.1,382180,DOWNTOWN,1
56,86.0.1,382181,DOWNTOWN,1
56,86.0.1,382182,DOWNTOWN,1
56,86.0.1,382183,DOWNTOWN,1
56,86.0.1,382184,DOWNTOWN,1
56,86.0.1,382185,DOWNTOWN,1
56,86.0.1,382186,DOWNTOWN,1
56,86.0.1,382187,DOWNTOWN,1
56,86.0.1,382188,DOWNTOWN,1
56,86.0.1,382189,DOWNTOWN,1
56,86.0.1,382190,DOWNTOWN,1
56,86.0.1,382191,DOWNTOWN,1
56,86.0.1,382192,DOWNTOWN,1
56,86.0.1,382193,DOWNTOWN,1
56,86.0.1,382194,DOWNTOWN,1
56,86.0.1,382195,DOWNTOWN,1
56,86.0.1,382196,DOWNTOWN,1
56,86.0.1,382197,DOWNTOWN,1
56,86.0.1,382198,DOWNTOWN,1
56,86.0.1,382199,DOWNTOWN,1
56,86.0.1,382200,DOWNTOWN,1
56,86.0.1,382201,DOWNTOWN,1
56,86.0.1,382202,DOWNTOWN,1
56,86.0.1,382203,DOWNTOWN,1
56,86.0.1,382204,DOWNTOWN,1
56,86.0.1,382205,DOWNTOWN,1
56,86.0.1,382206,DOWNTOWN,1
56,86.0.1,382207,DOWNTOWN,1
56,86.0.1,382208,DOWNTOWN,1
56,86.0.1,382209,DOWNTOWN,1
56,86.0.1,382210,DOWNTOWN,1
56,86.0.1,382211,DOWNTOWN,1
56,86.0.1,382212,DOWNTOWN,1
56,86.0.1,382213,DOWNTOWN,1
56,86.0.1,382214,DOWNTOWN,1
56,86.0.1,382215,DOWNTOWN,1
56,86.0.1,382216,DOWNTOWN,1
56,86.0.1,382217,DOWNTOWN,1
56,86.0.1,382218,DOWNTOWN,1
56,86.0.1,382219,DOWNTOWN,1
56,86.0.1,382220,DOWNTOWN,1
56,86.0.1,382221,DOWNTOWN,1
56,86.0.1,382222,DOWNTOWN,1
56,86.0.1,382223,DOWNTOWN,1
56,86.0.1,382224,DOWNTOWN,1
56,86.0.1,382225,DOWNTOWN,1
56,86.0.1,382226,DOWNTOWN,1
56,86.0.1,382227,DOWNTOWN,1
56,86.0.1,382228,DOWNTOWN,1
56,86.3.1,382251,DOWNTOWN,1
56,86.3.1,382256,DOWNTOWN,1
56,86.0.1,382229,DOWNTOWN,1
56,86.0.1,382230,DOWNTOWN,1
56,86.0.1,382231,DOWNTOWN,1
56,86.0.1,382232,DOWNTOWN,1
56,86.0.1,382233,DOWNTOWN,1
56,86.0.1,382234,DOWNTOWN,1
56,86.0.1,382235,DOWNTOWN,1
56,86.91.1,382236,DOWNTOWN,1
56,86.92.1,382270,NISSAN STADIUM & DOWNTOWN,1
56,86.91.1,382237,DOWNTOWN,1
56,86.92.1,382271,NISSAN STADIUM & DOWNTOWN,1
56,86.91.1,382238,DOWNTOWN,1
56,86.92.1,382272,NISSAN STADIUM & DOWNTOWN,1
56,86.91.1,382239,DOWNTOWN,1
56,86.92.1,382273,NISSAN STADIUM & DOWNTOWN,1
56,86.91.1,382240,DOWNTOWN,1
56,86.92.1,382274,NISSAN STADIUM & DOWNTOWN,1
56,86.91.1,382241,DOWNTOWN,1
56,86.92.1,382275,NISSAN STADIUM & DOWNTOWN,1
56,86.91.1,382242,DOWNTOWN,1
56,86.92.1,382276,NISSAN STADIUM & DOWNTOWN,1
56,86.91.1,382243,DOWNTOWN,1
56,86.92.1,382277,NISSAN STADIUM & DOWNTOWN,1
56,86.91.1,382244,DOWNTOWN,1
56,86.92.1,382278,NISSAN STADIUM & DOWNTOWN,1
56,86.91.1,382245,DOWNTOWN,1
56,86.92.1,382279,NISSAN STADIUM & DOWNTOWN,1
56,86.91.1,382246,DOWNTOWN,1
56,86.92.1,382280,NISSAN STADIUM & DOWNTOWN,1
56,86.91.1,382259,DOWNTOWN,1
56,86.92.1,382281,NISSAN STADIUM & DOWNTOWN,1
56,86.91.1,382260,DOWNTOWN,1
56,86.92.1,382282,NISSAN STADIUM & DOWNTOWN,1
56,86.91.1,382261,DOWNTOWN,1
56,86.92.1,382283,NISSAN STADIUM & DOWNTOWN,1
56,86.91.1,382262,DOWNTOWN,1
56,86.92.1,382284,NISSAN STADIUM & DOWNTOWN,1
56,86.91.1,382263,DOWNTOWN,1
56,86.92.1,382285,NISSAN STADIUM & DOWNTOWN,1
56,86.91.1,382264,DOWNTOWN,1
56,86.92.1,382286,NISSAN STADIUM & DOWNTOWN,1
56,86.91.1,382265,DOWNTOWN,1
56,86.92.1,382287,NISSAN STADIUM & DOWNTOWN,1
56,86.91.1,382266,DOWNTOWN,1
56,86.92.1,382288,NISSAN STADIUM & DOWNTOWN,1
56,86.91.1,382267,DOWNTOWN,1
56,86.92.1,382289,NISSAN STADIUM & DOWNTOWN,1
56,86.91.1,382268,DOWNTOWN,1
56,86.92.1,382290,NISSAN STADIUM & DOWNTOWN,1
56,86.91.1,382269,DOWNTOWN,1
56,86.92.1,382291,NISSAN STADIUM & DOWNTOWN,1
56,86.91.1,382247,DOWNTOWN,1
56,86.92.1,382292,NISSAN STADIUM & DOWNTOWN,1
56,86.91.1,382248,DOWNTOWN,1
56,86.92.1,382293,NISSAN STADIUM & DOWNTOWN,1
56,86.91.1,382249,DOWNTOWN,1
56,86.92.1,387026,NISSAN STADIUM & DOWNTOWN,1
56,86.91.1,382250,DOWNTOWN,1
56,86.92.1,387027,NISSAN STADIUM & DOWNTOWN,1
56,86.91.1,382255,DOWNTOWN,1
56,86.92.1,387028,NISSAN STADIUM & DOWNTOWN,1
56,86.91.1,382254,DOWNTOWN,1
56,86.92.1,387029,NISSAN STADIUM & DOWNTOWN,1
56,86.91.1,382257,DOWNTOWN,1
56,86.92.1,387030,NISSAN STADIUM & DOWNTOWN,1
56,86.91.1,382258,DOWNTOWN,1
56,86.92.1,387031,NISSAN STADIUM & DOWNTOWN,1
6,86.0.1,382636,HERMITAGE STATION,0
6,86.0.1,382637,HERMITAGE STATION,0
6,86.0.1,382638,HERMITAGE STATION,0
6,86.9.1,382671,DONELSON - MCGAVOCK HS,0
6,86.0.1,382662,HERMITAGE STATION,0
6,86.0.1,382639,HERMITAGE STATION,0
6,86.0.1,382670,HERMITAGE STATION,0
6,86.0.1,382663,HERMITAGE STATION,0
6,86.0.1,382640,HERMITAGE STATION,0
6,86.0.1,382664,HERMITAGE STATION,0
6,86.0.1,382641,HERMITAGE STATION,0
6,86.0.1,382665,HERMITAGE STATION,0
6,86.0.1,382642,HERMITAGE STATION,0
6,86.0.1,382666,HERMITAGE STATION,0
6,86.0.1,382643,HERMITAGE STATION,0
6,86.0.1,382667,HERMITAGE STATION,0
6,86.0.1,382644,HERMITAGE STATION,0
6,86.0.1,382668,HERMITAGE STATION,0
6,86.0.1,382645,HERMITAGE STATION,0
6,86.0.1,382669,HERMITAGE STATION,0
6,86.0.1,382646,HERMITAGE STATION,0
6,86.0.1,382647,HERMITAGE STATION,0
6,86.0.1,382648,HERMITAGE STATION,0
6,86.0.1,382649,HERMITAGE STATION,0
6,86.0.1,382652,HERMITAGE STATION - CENTRAL PIKE,0
6,86.0.1,382655,HERMITAGE STATION - CENTRAL PIKE,0
6,86.0.1,382650,HERMITAGE STATION - CENTRAL PIKE,0
6,86.0.1,382653,HERMITAGE STATION,0
6,86.0.1,382656,HERMITAGE STATION - CENTRAL PIKE,0
6,86.0.1,382651,HERMITAGE STATION - CENTRAL PIKE,0
6,86.0.1,382654,HERMITAGE STATION,0
6,86.0.1,382657,HERMITAGE STATION,0
6,86.0.1,382658,HERMITAGE STATION,0
6,86.0.1,382659,HERMITAGE STATION,0
6,86.0.1,382660,HERMITAGE STATION,0
6,86.0.1,382661,HERMITAGE STATION - CENTRAL PIKE,0
6,86.0.1,382672,HERMITAGE STATION - CENTRAL PIKE,0
6,86.0.1,382673,DOWNTOWN,1
6,86.0.1,382674,DOWNTOWN,1
6,86.0.1,382675,DOWNTOWN,1
6,86.0.1,382676,DOWNTOWN,1
6,86.0.1,382677,DOWNTOWN,1
6,86.0.1,382707,DOWNTOWN,1
6,86.0.1,382700,DOWNTOWN,1
6,86.0.1,382678,DOWNTOWN,1
6,86.0.1,382708,DOWNTOWN,1
6,86.0.1,382705,DOWNTOWN,1
6,86.0.1,382679,DOWNTOWN,1
6,86.0.1,382706,DOWNTOWN,1
6,86.0.1,382680,DOWNTOWN,1
6,86.0.1,382701,DOWNTOWN,1
6,86.0.1,382681,DOWNTOWN,1
6,86.0.1,382702,DOWNTOWN,1
6,86.0.1,382682,DOWNTOWN,1
6,86.0.1,382703,DOWNTOWN,1
6,86.0.1,382683,DOWNTOWN,1
6,86.0.1,382704,DOWNTOWN,1
6,86.0.1,382684,DOWNTOWN,1
6,86.0.1,382685,DOWNTOWN,1
6,86.3.1,382709,DOWNTOWN,1
6,86.0.1,382686,DOWNTOWN,1
6,86.0.1,382687,DOWNTOWN,1
6,86.0.1,382688,DOWNTOWN,1
6,86.0.1,382689,DOWNTOWN,1
6,86.0.1,382690,DOWNTOWN,1
6,86.0.1,382691,DOWNTOWN,1
6,86.0.1,382692,DOWNTOWN,1
6,86.0.1,382693,DOWNTOWN,1
6,86.0.1,382694,DOWNTOWN,1
6,86.0.1,382695,DOWNTOWN,1
6,86.0.1,382696,DOWNTOWN,1
6,86.0.1,382697,DOWNTOWN,1
6,86.0.1,382698,DOWNTOWN,1
6,86.0.1,382699,DOWNTOWN,1
6,86.0.1,382710,DOWNTOWN,1
64,86.0.1,382786,BICENTENNIAL MALL,0
64,86.0.1,382787,BICENTENNIAL MALL,0
64,86.0.1,382788,BICENTENNIAL MALL,0
64,86.0.1,382789,BICENTENNIAL MALL,0
64,86.0.1,382790,BICENTENNIAL MALL,0
64,86.0.1,382791,RIVERFRONT STATION,1
64,86.0.1,382792,RIVERFRONT STATION,1
64,86.0.1,382793,RIVERFRONT STATION,1
7,86.0.1,382802,GREEN HILLS,0
7,86.0.1,382803,GREEN HILLS,0
7,86.0.1,382804,GREEN HILLS,0
7,86.0.1,382805,GREEN HILLS,0
7,86.0.1,382808,GREEN HILLS,0
7,86.0.1,382809,GREEN HILLS,0
7,86.0.1,382810,GREEN HILLS,0
7,86.0.1,382811,GREEN HILLS,0
7,86.0.1,382812,GREEN HILLS,0
7,86.0.1,382813,GREEN HILLS,0
7,86.0.1,382814,GREEN HILLS,0
7,86.0.1,382815,GREEN HILLS,0
7,86.0.1,382831,GREEN HILLS,0
7,86.0.1,382832,GREEN HILLS,0
7,86.0.1,382833,GREEN HILLS,0
7,86.0.1,382834,GREEN HILLS,0
7,86.0.1,382835,GREEN HILLS,0
7,86.0.1,382836,GREEN HILLS,0
7,86.0.1,382837,GREEN HILLS,0
7,86.0.1,382838,GREEN HILLS,0
7,86.0.1,382839,GREEN HILLS,0
7,86.0.1,382840,GREEN HILLS,0
7,86.0.1,382841,GREEN HILLS,0
7,86.0.1,382842,GREEN HILLS,0
7,86.0.1,382843,GREEN HILLS,0
7,86.0.1,382844,GREEN HILLS,0
7,86.0.1,382845,GREEN HILLS,0
7,86.0.1,382846,GREEN HILLS,0
7,86.0.1,382847,GREEN HILLS,0
7,86.0.1,382848,GREEN HILLS,0
7,86.0.1,382849,GREEN HILLS,0
7,86.0.1,382850,GREEN HILLS,0
7,86.0.1,382851,GREEN HILLS,0
7,86.0.1,382852,GREEN HILLS,0
7,86.0.1,382853,GREEN HILLS,0
7,86.0.1,382854,GREEN HILLS,0
7,86.0.1,382855,GREEN HILLS,0
7,86.0.1,382856,GREEN HILLS,0
7,86.0.1,382857,GREEN HILLS,0
7,86.0.1,382816,GREEN HILLS,0
7,86.0.1,382817,GREEN HILLS,0
7,86.0.1,382818,GREEN HILLS,0
7,86.0.1,382819,GREEN HILLS,0
7,86.0.1,382820,GREEN HILLS,0
7,86.0.1,382821,GREEN HILLS,0
7,86.0.1,382822,GREEN HILLS,0
7,86.0.1,382823,GREEN HILLS,0
7,86.0.1,382824,GREEN HILLS,0
7,86.0.1,382825,GREEN HILLS,0
7,86.0.1,382826,GREEN HILLS,0
7,86.0.1,382827,GREEN HILLS,0
7,86.0.1,382806,GREEN HILLS,0
7,86.0.1,382861,GREEN HILLS,0
7,86.0.1,382862,GREEN HILLS,0
7,86.0.1,382863,GREEN HILLS,0
7,86.0.1,382864,GREEN HILLS,0
7,86.0.1,382865,GREEN HILLS,0
7,86.0.1,382866,GREEN HILLS,0
7,86.0.1,382867,GREEN HILLS,0
7,86.0.1,382868,GREEN HILLS,0
7,86.0.1,382869,GREEN HILLS,0
7,86.0.1,382870,GREEN HILLS,0
7,86.0.1,382871,GREEN HILLS,0
7,86.0.1,382829,GREEN HILLS,0
7,86.0.1,382830,GREEN HILLS,0
7,86.0.1,382807,GREEN HILLS,0
7,86.0.1,382859,GREEN HILLS,0
7,86.0.1,382828,GREEN HILLS,0
7,86.0.1,382860,GREEN HILLS,0
7,86.0.1,382858,GREEN HILLS,0
7,86.0.1,382872,DOWNTOWN,1
7,86.0.1,382874,DOWNTOWN,1
7,86.0.1,382873,DOWNTOWN,1
7,86.0.1,382877,DOWNTOWN,1
7,86.0.1,382878,DOWNTOWN,1
7,86.0.1,382879,DOWNTOWN,1
7,86.0.1,382880,DOWNTOWN,1
7,86.0.1,382881,DOWNTOWN,1
7,86.0.1,382882,DOWNTOWN,1
7,86.0.1,382895,DOWNTOWN,1
7,86.0.1,382896,DOWNTOWN,1
7,86.0.1,382897,DOWNTOWN,1
7,86.0.1,382898,DOWNTOWN,1
7,86.0.1,382899,DOWNTOWN,1
7,86.0.1,382900,DOWNTOWN,1
7,86.0.1,382901,DOWNTOWN,1
7,86.0.1,382902,DOWNTOWN,1
7,86.0.1,382903,DOWNTOWN,1
7,86.0.1,382904,DOWNTOWN,1
7,86.0.1,382905,DOWNTOWN,1
7,86.0.1,382906,DOWNTOWN,1
7,86.0.1,382907,DOWNTOWN,1
7,86.0.1,382908,DOWNTOWN,1
7,86.0.1,382909,DOWNTOWN,1
7,86.0.1,382910,DOWNTOWN,1
7,86.0.1,382911,DOWNTOWN,1
7,86.0.1,382912,DOWNTOWN,1
7,86.0.1,382913,DOWNTOWN,1
7,86.0.1,382914,DOWNTOWN,1
7,86.0.1,382915,DOWNTOWN,1
7,86.0.1,382916,DOWNTOWN,1
7,86.0.1,382917,DOWNTOWN,1
7,86.0.1,382918,DOWNTOWN,1
7,86.0.1,382919,DOWNTOWN,1
7,86.0.1,382920,DOWNTOWN,1
7,86.0.1,382921,DOWNTOWN,1
7,86.3.1,382876,DOWNTOWN,1
7,86.0.1,382922,DOWNTOWN,1
7,86.0.1,382883,DOWNTOWN,1
7,86.0.1,382884,DOWNTOWN,1
7,86.0.1,382885,DOWNTOWN,1
7,86.0.1,382886,DOWNTOWN,1
7,86.0.1,382887,DOWNTOWN,1
7,86.0.1,382888,DOWNTOWN,1
7,86.0.1,382889,DOWNTOWN,1
7,86.0.1,382890,DOWNTOWN,1
7,86.0.1,382891,DOWNTOWN,1
7,86.0.1,382892,DOWNTOWN,1
7,86.0.1,382893,DOWNTOWN,1
7,86.0.1,382926,DOWNTOWN,1
7,86.0.1,382927,DOWNTOWN,1
7,86.0.1,382928,DOWNTOWN,1
7,86.0.1,382929,DOWNTOWN,1
7,86.0.1,382930,DOWNTOWN,1
7,86.0.1,382931,DOWNTOWN,1
7,86.0.1,382932,DOWNTOWN,1
7,86.0.1,382933,DOWNTOWN,1
7,86.0.1,382934,DOWNTOWN,1
7,86.0.1,382935,DOWNTOWN,1
7,86.0.1,382936,DOWNTOWN,1
7,86.0.1,382937,DOWNTOWN,1
7,86.0.1,382938,DOWNTOWN,1
7,86.0.1,382939,DOWNTOWN,1
7,86.0.1,382875,DOWNTOWN,1
7,86.0.1,382924,DOWNTOWN,1
7,86.0.1,382894,DOWNTOWN,1
7,86.0.1,382925,DOWNTOWN,1
7,86.0.1,382923,DOWNTOWN,1
70,86.0.1,383146,TO CHARLOTTE PIKE,0
70,86.0.1,383147,TO CHARLOTTE PIKE,0
70,86.0.1,383148,TO CHARLOTTE PIKE,0
70,86.0.1,383149,TO CHARLOTTE PIKE,0
70,86.0.1,383150,TO CHARLOTTE PIKE,0
70,86.0.1,383151,TO CHARLOTTE PIKE,0
70,86.0.1,383152,TO CHARLOTTE PIKE,0
70,86.0.1,383153,TO CHARLOTTE PIKE,0
70,86.0.1,383154,TO CHARLOTTE PIKE,0
70,86.0.1,383155,TO CHARLOTTE PIKE,0
70,86.0.1,383156,TO CHARLOTTE PIKE,0
70,86.0.1,383157,TO CHARLOTTE PIKE,0
70,86.0.1,383158,TO BELLEVUE,1
70,86.0.1,383159,TO BELLEVUE,1
70,86.0.1,383160,TO BELLEVUE,1
70,86.0.1,383161,TO BELLEVUE,1
70,86.0.1,383162,TO BELLEVUE,1
70,86.0.1,383163,TO BELLEVUE,1
70,86.0.1,383164,TO BELLEVUE,1
70,86.0.1,383165,TO BELLEVUE,1
70,86.0.1,383166,TO BELLEVUE,1
70,86.0.1,383167,TO BELLEVUE,1
70,86.0.1,383168,TO BELLEVUE,1
70,86.0.1,383169,TO BELLEVUE,1
71,86.0.1,383170,GALLATIN PK - GREENFIELD STATION,0
71,86.0.1,383171,GALLATIN PK - GREENFIELD STATION,0
71,86.0.1,383172,GALLATIN PK - GREENFIELD STATION,0
71,86.0.1,383173,GALLATIN PK - GREENFIELD STATION,0
71,86.0.1,383174,GALLATIN PK - GREENFIELD STATION,0
71,86.0.1,383175,GALLATIN PK - GREENFIELD STATION,0
71,86.0.1,383176,GALLATIN PK - GREENFIELD STATION,0
71,86.0.1,383177,GALLATIN PK - GREENFIELD STATION,0
71,86.0.1,383178,GALLATIN PK - GREENFIELD STATION,0
71,86.0.1,383179,GALLATIN PK - GREENFIELD STATION,0
71,86.0.1,383180,GALLATIN PK - GREENFIELD STATION,0
71,86.0.1,383181,GALLATIN PK - GREENFIELD STATION,0
71,86.0.1,383182,GALLATIN PK - GREENFIELD STATION,0
71,86.0.1,383183,GALLATIN PK - GREENFIELD STATION,0
71,86.0.1,383184,GALLATIN PK - GREENFIELD STATION,0
71,86.0.1,383185,GALLATIN PK - GREENFIELD STATION,0
71,86.0.1,383186,GALLATIN PK - GREENFIELD STATION,0
71,86.0.1,383187,GALLATIN PK - GREENFIELD STATION,0
71,86.0.1,383188,GALLATIN PK - GREENFIELD STATION,0
71,86.0.1,383189,GALLATIN PK - GREENFIELD STATION,0
71,86.0.1,383190,GALLATIN PK - GREENFIELD STATION,0
71,86.0.1,383191,GALLATIN PK - GREENFIELD STATION,0
71,86.0.1,383192,GALLATIN PK - GREENFIELD STATION,0
71,86.0.1,383193,GALLATIN PK - GREENFIELD STATION,0
71,86.0.1,383194,GALLATIN PK - GREENFIELD STATION,0
71,86.0.1,383195,GALLATIN PK - GREENFIELD STATION,0
71,86.0.1,383196,GALLATIN PK - GREENFIELD STATION,0
71,86.0.1,383197,GALLATIN PK - GREENFIELD STATION,0
71,86.0.1,383198,GALLATIN PK - GREENFIELD STATION,0
71,86.0.1,383199,GALLATIN PK - GREENFIELD STATION,0
71,86.0.1,383200,GALLATIN PK - GREENFIELD STATION,0
71,86.0.1,383201,GALLATIN PK - GREENFIELD STATION,0
71,86.0.1,383234,NORTH NASHVILLE,1
71,86.0.1,383202,NORTH NASHVILLE,1
71,86.0.1,383203,NORTH NASHVILLE,1
71,86.0.1,383204,NORTH NASHVILLE,1
71,86.0.1,383205,NORTH NASHVILLE,1
71,86.0.1,383206,NORTH NASHVILLE,1
71,86.0.1,383207,NORTH NASHVILLE,1
71,86.0.1,383208,NORTH NASHVILLE,1
71,86.0.1,383209,NORTH NASHVILLE,1
71,86.0.1,383210,NORTH NASHVILLE,1
71,86.0.1,383211,NORTH NASHVILLE,1
71,86.0.1,383212,NORTH NASHVILLE,1
71,86.0.1,383213,NORTH NASHVILLE,1
71,86.0.1,383214,NORTH NASHVILLE,1
71,86.0.1,383215,NORTH NASHVILLE,1
71,86.0.1,383216,NORTH NASHVILLE,1
71,86.0.1,383217,NORTH NASHVILLE,1
71,86.0.1,383218,NORTH NASHVILLE,1
71,86.0.1,383219,NORTH NASHVILLE,1
71,86.0.1,383220,NORTH NASHVILLE,1
71,86.0.1,383221,NORTH NASHVILLE,1
71,86.0.1,383222,NORTH NASHVILLE,1
71,86.0.1,383223,NORTH NASHVILLE,1
71,86.0.1,383224,NORTH NASHVILLE,1
71,86.0.1,383225,NORTH NASHVILLE,1
71,86.0.1,383226,NORTH NASHVILLE,1
71,86.0.1,383227,NORTH NASHVILLE,1
71,86.0.1,383228,NORTH NASHVILLE,1
71,86.0.1,383229,NORTH NASHVILLE,1
71,86.0.1,383230,NORTH NASHVILLE,1
71,86.0.1,383231,NORTH NASHVILLE,1
71,86.0.1,383232,NORTH NASHVILLE,1
71,86.0.1,383233,NORTH NASHVILLE,1
75,86.0.1,383341,NORTH NASHVILLE,0
75,86.0.1,383342,NORTH NASHVILLE,0
75,86.0.1,383343,NORTH NASHVILLE,0
75,86.0.1,383344,NORTH NASHVILLE,0
75,86.0.1,383345,NORTH NASHVILLE,0
75,86.0.1,383346,NORTH NASHVILLE,0
75,86.0.1,383347,NORTH NASHVILLE,0
75,86.0.1,383348,NORTH NASHVILLE,0
75,86.0.1,383349,NORTH NASHVILLE,0
75,86.0.1,383350,NORTH NASHVILLE,0
75,86.0.1,383351,NORTH NASHVILLE,0
75,86.0.1,383352,NORTH NASHVILLE,0
75,86.0.1,383353,NORTH NASHVILLE,0
75,86.0.1,383354,NORTH NASHVILLE,0
75,86.0.1,383355,NORTH NASHVILLE,0
75,86.0.1,383356,NORTH NASHVILLE,0
75,86.0.1,383357,NORTH NASHVILLE,0
75,86.0.1,383358,NORTH NASHVILLE,0
75,86.0.1,383359,NORTH NASHVILLE,0
75,86.0.1,383360,NORTH NASHVILLE,0
75,86.0.1,383361,NORTH NASHVILLE,0
75,86.0.1,383362,NORTH NASHVILLE,0
75,86.0.1,383363,NORTH NASHVILLE,0
75,86.0.1,383364,NORTH NASHVILLE,0
75,86.0.1,383365,NORTH NASHVILLE,0
75,86.0.1,383366,NORTH NASHVILLE,0
75,86.0.1,383367,NORTH NASHVILLE,0
75,86.0.1,383368,NORTH NASHVILLE,0
75,86.0.1,383369,NORTH NASHVILLE,0
75,86.0.1,383370,NORTH NASHVILLE,0
75,86.0.1,383371,NORTH NASHVILLE,0
75,86.0.1,383372,NORTH NASHVILLE,0
75,86.0.1,383373,NORTH NASHVILLE,0
75,86.0.1,383374,NORTH NASHVILLE,0
75,86.0.1,383375,NORTH NASHVILLE,0
75,86.0.1,383376,NORTH NASHVILLE,0
75,86.0.1,383377,NORTH NASHVILLE,0
75,86.0.1,383378,NORTH NASHVILLE,0
75,86.0.1,383379,NORTH NASHVILLE,0
75,86.0.1,383380,NORTH NASHVILLE,0
75,86.0.1,383422,EDGEHILL - NAPIER,1
75,86.0.1,383381,EDGEHILL - NAPIER,1
75,86.0.1,383382,EDGEHILL - NAPIER,1
75,86.0.1,383383,EDGEHILL - NAPIER,1
75,86.0.1,383384,EDGEHILL - NAPIER,1
75,86.0.1,383385,EDGEHILL - NAPIER,1
75,86.0.1,383386,EDGEHILL - NAPIER,1
75,86.0.1,383387,EDGEHILL - NAPIER,1
75,86.0.1,383388,EDGEHILL - NAPIER,1
75,86.0.1,383389,EDGEHILL - NAPIER,1
75,86.0.1,383390,EDGEHILL - NAPIER,1
75,86.0.1,383391,EDGEHILL - NAPIER,1
75,86.0.1,383392,EDGEHILL - NAPIER,1
75,86.0.1,383393,EDGEHILL - NAPIER,1
75,86.0.1,383394,EDGEHILL - NAPIER,1
75,86.0.1,383395,EDGEHILL - NAPIER,1
75,86.0.1,383396,EDGEHILL - NAPIER,1
75,86.0.1,383397,EDGEHILL - NAPIER,1
75,86.0.1,383398,EDGEHILL - NAPIER,1
75,86.0.1,383399,EDGEHILL - NAPIER,1
75,86.0.1,383400,EDGEHILL - NAPIER,1
75,86.0.1,383401,EDGEHILL - NAPIER,1
75,86.0.1,383402,EDGEHILL - NAPIER,1
75,86.0.1,383403,EDGEHILL - NAPIER,1
75,86.0.1,383404,EDGEHILL - NAPIER,1
75,86.0.1,383405,EDGEHILL - NAPIER,1
75,86.0.1,383406,EDGEHILL - NAPIER,1
75,86.0.1,383407,EDGEHILL - NAPIER,1
75,86.0.1,383408,EDGEHILL - NAPIER,1
75,86.0.1,383409,EDGEHILL - NAPIER,1
75,86.0.1,383410,EDGEHILL - NAPIER,1
75,86.0.1,383411,EDGEHILL - NAPIER,1
75,86.0.1,383412,EDGEHILL - NAPIER,1
75,86.0.1,383413,EDGEHILL - NAPIER,1
75,86.0.1,383414,EDGEHILL - NAPIER,1
75,86.0.1,383415,EDGEHILL - NAPIER,1
75,86.0.1,383416,EDGEHILL - NAPIER,1
75,86.0.1,383417,EDGEHILL - NAPIER,1
75,86.0.1,383418,EDGEHILL - NAPIER,1
75,86.0.1,383419,EDGEHILL - NAPIER,1
75,86.0.1,383420,EDGEHILL - NAPIER,1
75,86.0.1,383421,EDGEHILL - NAPIER,1
76,86.0.1,385528,MADISON,0
76,86.0.1,385529,MADISON,0
76,86.0.1,385530,MADISON,0
76,86.0.1,385698,MADISON,0
76,86.0.1,385531,MADISON,0
76,86.0.1,385532,MADISON,0
76,86.0.1,385533,MADISON,0
76,86.0.1,385534,MADISON,0
76,86.0.1,385535,MADISON,0
76,86.0.1,385536,MADISON,0
76,86.0.1,385537,MADISON,0
76,86.0.1,385538,MADISON,0
76,86.0.1,385621,MADISON,0
76,86.0.1,385622,MADISON,0
76,86.0.1,385623,MADISON,0
76,86.0.1,385624,MADISON,0
76,86.0.1,385625,MADISON,0
76,86.0.1,385626,MADISON,0
76,86.0.1,385627,MADISON,0
76,86.0.1,385628,MADISON,0
76,86.0.1,385629,MADISON,0
76,86.0.1,385630,MADISON,0
76,86.0.1,385631,MADISON,0
76,86.0.1,385632,MADISON,0
76,86.0.1,385633,MADISON,0
76,86.0.1,385634,MADISON,0
76,86.0.1,385635,MADISON,0
76,86.0.1,385636,MADISON,0
76,86.0.1,385637,MADISON,0
76,86.0.1,385638,MADISON,0
76,86.0.1,385639,MADISON,0
76,86.0.1,385640,MADISON,0
76,86.0.1,385641,MADISON,0
76,86.0.1,385642,MADISON,0
76,86.0.1,385643,MADISON,0
76,86.0.1,385644,MADISON,0
76,86.0.1,385559,MADISON,0
77,86.0.1,383637,GLASTONBURY,0
77,86.0.1,383641,GLASTONBURY,0
77,86.0.1,383638,GLASTONBURY,0
77,86.0.1,383642,GLASTONBURY,0
77,86.0.1,383639,GLASTONBURY,0
77,86.0.1,383643,GLASTONBURY,0
77,86.0.1,383644,GLASTONBURY,0
77,86.0.1,383645,GLASTONBURY,0
77,86.0.1,383646,GLASTONBURY,0
77,86.0.1,383647,GLASTONBURY,0
77,86.0.1,383648,GLASTONBURY,0
77,86.0.1,383649,GLASTONBURY,0
77,86.0.1,383650,GLASTONBURY,0
77,86.0.1,383651,GLASTONBURY,0
77,86.0.1,383652,GLASTONBURY,0
77,86.0.1,383653,GLASTONBURY,0
77,86.0.1,383654,GLASTONBURY,0
77,86.3.1,385982,NORTH NASHVILLE,0
77,86.0.1,383655,GLASTONBURY,0
77,86.0.1,383656,GLASTONBURY,0
77,86.0.1,383657,GLASTONBURY,0
77,86.0.1,383658,GLASTONBURY,0
77,86.0.1,383659,GLASTONBURY,0
77,86.0.1,383660,GLASTONBURY,0
77,86.0.1,383661,GLASTONBURY,0
77,86.0.1,383662,GLASTONBURY,0
77,86.0.1,383663,GLASTONBURY,0
77,86.0.1,383640,GLASTONBURY,0
77,86.0.1,383691,NORTH NASHVILLE,1
77,86.0.1,383692,NORTH NASHVILLE,1
77,86.0.1,383693,NORTH NASHVILLE,1
77,86.0.1,383664,NORTH NASHVILLE,1
77,86.0.1,383667,NORTH NASHVILLE,1
77,86.0.1,383668,NORTH NASHVILLE,1
77,86.0.1,383669,NORTH NASHVILLE,1
77,86.0.1,383670,NORTH NASHVILLE,1
77,86.0.1,383671,NORTH NASHVILLE,1
77,86.0.1,383672,NORTH NASHVILLE,1
77,86.0.1,383673,NORTH NASHVILLE,1
77,86.0.1,383674,NORTH NASHVILLE,1
77,86.0.1,383675,NORTH NASHVILLE,1
77,86.0.1,383676,NORTH NASHVILLE,1
77,86.0.1,383677,NORTH NASHVILLE,1
77,86.0.1,383678,NORTH NASHVILLE,1
77,86.0.1,383679,NORTH NASHVILLE,1
77,86.0.1,383680,NORTH NASHVILLE,1
77,86.0.1,383681,NORTH NASHVILLE,1
77,86.0.1,383682,NORTH NASHVILLE,1
77,86.0.1,383687,NORTH NASHVILLE,1
77,86.0.1,383683,NORTH NASHVILLE,1
77,86.0.1,383684,NORTH NASHVILLE,1
77,86.0.1,383685,NORTH NASHVILLE,1
77,86.0.1,383686,NORTH NASHVILLE,1
77,86.0.1,383665,NORTH NASHVILLE,1
77,86.0.1,383688,NORTH NASHVILLE,1
77,86.0.1,383689,NORTH NASHVILLE,1
77,86.0.1,383690,NORTH NASHVILLE,1
77,86.0.1,383666,NORTH NASHVILLE,1
79,86.0.1,385560,SKYLINE,0
79,86.0.1,385561,SKYLINE,0
79,86.9.1,385563,SKYLINE,0
79,86.10.1,386045,SKYLINE,0
79,86.0.1,385699,SKYLINE,0
79,86.0.1,385564,SKYLINE,0
79,86.0.1,385565,SKYLINE,0
79,86.0.1,385566,SKYLINE,0
79,86.0.1,385567,SKYLINE,0
79,86.0.1,385568,SKYLINE,0
79,86.0.1,385569,SKYLINE,0
79,86.0.1,385570,SKYLINE,0
79,86.0.1,385571,SKYLINE,0
79,86.0.1,385645,SKYLINE,0
79,86.0.1,385646,SKYLINE,0
79,86.0.1,385647,SKYLINE,0
79,86.0.1,385648,SKYLINE,0
79,86.0.1,385649,SKYLINE,0
79,86.0.1,385650,SKYLINE,0
79,86.3.1,385651,SKYLINE,0
79,86.4.1,386584,SKYLINE,0
79,86.0.1,385652,SKYLINE,0
79,86.0.1,385653,SKYLINE,0
79,86.0.1,385654,SKYLINE,0
79,86.0.1,385655,SKYLINE,0
79,86.0.1,385656,SKYLINE,0
79,86.0.1,385657,SKYLINE,0
79,86.0.1,385658,SKYLINE,0
79,86.0.1,385659,SKYLINE,0
79,86.0.1,385660,SKYLINE,0
79,86.0.1,385661,SKYLINE,0
79,86.0.1,385662,SKYLINE,0
79,86.0.1,385663,SKYLINE,0
79,86.0.1,385664,SKYLINE,0
79,86.0.1,385665,SKYLINE,0
79,86.0.1,385666,SKYLINE,0
79,86.0.1,385667,SKYLINE,0
79,86.0.1,385668,SKYLINE,0
79,86.0.1,385700,SKYLINE TO 76 MADISON,1
79,86.0.1,385701,SKYLINE TO 76 MADISON,1
79,86.0.1,385702,SKYLINE TO 76 MADISON,1
79,86.0.1,385703,SKYLINE TO 76 MADISON,1
79,86.0.1,385704,SKYLINE TO 76 MADISON,1
79,86.0.1,385705,SKYLINE TO 76 MADISON,1
79,86.0.1,385706,SKYLINE TO 76 MADISON,1
79,86.0.1,385707,SKYLINE TO 76 MADISON,1
79,86.0.1,385708,SKYLINE TO 76 MADISON,1
79,86.0.1,386373,SKYLINE TO 76 MADISON,1
79,86.0.1,385709,SKYLINE TO 76 MADISON,1
79,86.0.1,385710,SKYLINE TO 76 MADISON,1
79,86.0.1,385711,SKYLINE TO 76 MADISON,1
79,86.0.1,385712,SKYLINE TO 76 MADISON,1
79,86.0.1,385713,SKYLINE TO 76 MADISON,1
79,86.0.1,385714,SKYLINE TO 76 MADISON,1
79,86.0.1,386607,SKYLINE TO 76 MADISON,1
79,86.0.1,385715,SKYLINE TO 76 MADISON,1
79,86.0.1,386608,SKYLINE TO 76 MADISON,1
79,86.0.1,385716,SKYLINE TO 76 MADISON,1
79,86.0.1,385717,SKYLINE TO 76 MADISON,1
79,86.0.1,385719,SKYLINE TO 76 MADISON,1
79,86.0.1,385720,SKYLINE TO 76 MADISON,1
79,86.0.1,385721,SKYLINE TO 76 MADISON,1
79,86.0.1,385722,SKYLINE TO 76 MADISON,1
79,86.0.1,385723,SKYLINE TO 76 MADISON,1
79,86.0.1,385724,SKYLINE TO 76 MADISON,1
79,86.0.1,385725,SKYLINE TO 76 MADISON,1
79,86.0.1,385726,SKYLINE TO 76 MADISON,1
79,86.0.1,385727,SKYLINE TO 76 MADISON,1
79,86.0.1,385728,SKYLINE TO 76 MADISON,1
79,86.0.1,385729,SKYLINE TO 76 MADISON,1
79,86.0.1,385730,SKYLINE TO 76 MADISON,1
79,86.0.1,385731,SKYLINE TO 76 MADISON,1
79,86.0.1,385732,SKYLINE TO 76 MADISON,1
79,86.0.1,385733,SKYLINE TO 76 MADISON,1
79,86.0.1,385735,SKYLINE TO 76 MADISON,1
79,86.0.1,385734,SKYLINE TO 76 MADISON,1
8,86.0.1,383909,100 OAKS,0
8,86.0.1,383908,100 OAKS,0
8,86.0.1,383914,100 OAKS,0
8,86.0.1,383915,100 OAKS,0
8,86.0.1,383916,100 OAKS,0
8,86.0.1,383917,100 OAKS,0
8,86.0.1,383918,100 OAKS,0
8,86.0.1,383929,100 OAKS,0
8,86.0.1,383930,100 OAKS,0
8,86.0.1,383931,100 OAKS,0
8,86.0.1,383932,100 OAKS,0
8,86.0.1,383933,100 OAKS,0
8,86.0.1,383934,100 OAKS,0
8,86.0.1,383935,100 OAKS,0
8,86.0.1,383936,100 OAKS,0
8,86.0.1,383937,100 OAKS,0
8,86.0.1,383938,100 OAKS,0
8,86.0.1,383939,100 OAKS,0
8,86.0.1,383940,100 OAKS,0
8,86.0.1,383941,100 OAKS,0
8,86.0.1,383928,100 OAKS,0
8,86.0.1,383919,100 OAKS,0
8,86.0.1,383920,100 OAKS,0
8,86.0.1,383921,100 OAKS,0
8,86.0.1,383922,100 OAKS,0
8,86.0.1,383923,100 OAKS,0
8,86.0.1,383924,100 OAKS,0
8,86.0.1,383925,100 OAKS,0
8,86.0.1,383907,100 OAKS,0
8,86.0.1,383926,100 OAKS,0
8,86.0.1,383927,100 OAKS,0
8,86.0.1,383910,100 OAKS,0
8,86.0.1,383911,100 OAKS,0
8,86.0.1,383912,100 OAKS,0
8,86.0.1,383913,100 OAKS,0
8,86.0.1,383946,DOWNTOWN,1
8,86.0.1,383945,DOWNTOWN,1
8,86.0.1,383952,DOWNTOWN,1
8,86.0.1,383953,DOWNTOWN,1
8,86.0.1,383954,DOWNTOWN,1
8,86.0.1,383955,DOWNTOWN,1
8,86.0.1,383956,DOWNTOWN,1
8,86.0.1,383966,DOWNTOWN,1
8,86.0.1,383967,DOWNTOWN,1
8,86.0.1,383968,DOWNTOWN,1
8,86.0.1,383969,DOWNTOWN,1
8,86.0.1,383970,DOWNTOWN,1
8,86.0.1,383971,DOWNTOWN,1
8,86.0.1,383972,DOWNTOWN,1
8,86.2.1,383973,DOWNTOWN,1
8,86.0.1,383974,DOWNTOWN,1
8,86.0.1,383975,DOWNTOWN,1
8,86.0.1,383976,DOWNTOWN,1
8,86.0.1,383977,DOWNTOWN,1
8,86.0.1,383978,DOWNTOWN,1
8,86.0.1,383944,DOWNTOWN,1
8,86.0.1,383957,DOWNTOWN,1
8,86.0.1,383958,DOWNTOWN,1
8,86.3.1,383947,DOWNTOWN,1
8,86.4.1,383959,DOWNTOWN,1
8,86.0.1,383960,DOWNTOWN,1
8,86.0.1,383961,DOWNTOWN,1
8,86.0.1,383962,DOWNTOWN,1
8,86.0.1,383963,DOWNTOWN,1
8,86.0.1,383943,DOWNTOWN,1
8,86.0.1,383964,DOWNTOWN,1
8,86.0.1,383965,DOWNTOWN,1
8,86.0.1,383942,DOWNTOWN,1
8,86.0.1,383949,DOWNTOWN,1
8,86.0.1,383950,DOWNTOWN,1
8,86.0.1,383951,DOWNTOWN,1
84,86.0.1,384097,MURFREESBORO,0
84,86.0.1,384103,MURFREESBORO,0
84,86.0.1,384101,MURFREESBORO,0
84,86.0.1,384106,MURFREESBORO,0
84,86.0.1,384102,MURFREESBORO,0
84,86.0.1,384105,MURFREESBORO,0
84,86.0.1,384107,MURFREESBORO,0
84,86.0.1,384098,MURFREESBORO,0
84,86.0.1,384099,MURFREESBORO,0
84,86.0.1,384104,MURFREESBORO,0
84,86.0.1,384100,MURFREESBORO,0
84,86.0.1,384108,NASHVILLE,1
84,86.0.1,384109,NASHVILLE,1
84,86.0.1,384110,NASHVILLE,1
84,86.0.1,384111,NASHVILLE,1
84,86.0.1,384116,NASHVILLE,1
84,86.0.1,384112,NASHVILLE,1
84,86.0.1,384117,NASHVILLE,1
84,86.0.1,384113,NASHVILLE,1
84,86.0.1,384118,NASHVILLE,1
84,86.0.1,384114,NASHVILLE,1
84,86.0.1,385526,NASHVILLE,1
84,86.0.1,384115,NASHVILLE,1
86,86.0.1,384165,LAVERGNE - SMYRNA,0
86,86.0.1,384163,LAVERGNE - SMYRNA,0
86,86.0.1,384164,LAVERGNE - SMYRNA,0
86,86.0.1,384166,LAVERGNE - SMYRNA,0
86,86.0.1,384167,DOWNTOWN NASHVILLE,1
86,86.0.1,384168,DOWNTOWN NASHVILLE,1
86,86.0.1,384169,DOWNTOWN NASHVILLE,1
87,86.0.1,384170,GALLATIN HENDERSONVILLE,0
87,86.0.1,384173,GALLATIN HENDERSONVILLE,0
87,86.0.1,384171,GALLATIN HENDERSONVILLE,0
87,86.0.1,384172,GALLATIN HENDERSONVILLE,0
87,86.0.1,384174,NASHVILLE,1
87,86.0.1,384175,NASHVILLE,1
87,86.0.1,384176,NASHVILLE,1
87,86.0.1,384177,NASHVILLE,1
88,86.0.1,384184,DICKSON,0
88,86.0.1,384185,DICKSON,0
88,86.0.1,384186,NASHVILLE,1
88,86.0.1,384187,NASHVILLE,1
89,86.0.1,384188,SPRINGFIELD JOELTON,0
89,86.0.1,384189,SPRINGFIELD JOELTON,0
89,86.0.1,384190,VANDERBILT VIA DOWNTOWN NASHVILLE,1
89,86.0.1,384191,VANDERBILT VIA DOWNTOWN NASHVILLE,1
9,86.0.1,384221,NORTH NASHVILLE VIA METROCENTER,0
9,86.0.1,384192,NORTH NASHVILLE VIA METROCENTER,0
9,86.0.1,384193,NORTH NASHVILLE VIA METROCENTER,0
9,86.0.1,384194,NORTH NASHVILLE VIA METROCENTER,0
9,86.0.1,384195,NORTH NASHVILLE VIA METROCENTER,0
9,86.0.1,384196,NORTH NASHVILLE VIA METROCENTER,0
9,86.0.1,384197,NORTH NASHVILLE VIA METROCENTER,0
9,86.0.1,384198,NORTH NASHVILLE VIA METROCENTER,0
9,86.0.1,384199,NORTH NASHVILLE VIA METROCENTER,0
9,86.0.1,384200,NORTH NASHVILLE VIA METROCENTER,0
9,86.0.1,384222,NORTH NASHVILLE VIA METROCENTER,0
9,86.0.1,384223,NORTH NASHVILLE VIA METROCENTER,0
9,86.0.1,384224,NORTH NASHVILLE VIA METROCENTER,0
9,86.0.1,384225,NORTH NASHVILLE VIA METROCENTER,0
9,86.0.1,384226,NORTH NASHVILLE VIA METROCENTER,0
9,86.0.1,384201,NORTH NASHVILLE VIA METROCENTER,0
9,86.0.1,384202,NORTH NASHVILLE VIA METROCENTER,0
9,86.0.1,384203,NORTH NASHVILLE VIA METROCENTER,0
9,86.0.1,384204,NORTH NASHVILLE VIA METROCENTER,0
9,86.0.1,384205,NORTH NASHVILLE VIA METROCENTER,0
9,86.0.1,384206,NORTH NASHVILLE VIA METROCENTER,0
9,86.0.1,384207,NORTH NASHVILLE VIA METROCENTER,0
9,86.0.1,384208,NORTH NASHVILLE VIA METROCENTER,0
9,86.0.1,384209,NORTH NASHVILLE VIA METROCENTER,0
9,86.0.1,384210,NORTH NASHVILLE VIA METROCENTER,0
9,86.0.1,384211,NORTH NASHVILLE VIA METROCENTER,0
9,86.0.1,384212,NORTH NASHVILLE VIA METROCENTER,0
9,86.0.1,384213,NORTH NASHVILLE VIA METROCENTER,0
9,86.0.1,384214,NORTH NASHVILLE VIA METROCENTER,0
9,86.0.1,384215,NORTH NASHVILLE VIA METROCENTER,0
9,86.0.1,384216,NORTH NASHVILLE VIA METROCENTER,0
9,86.0.1,384217,NORTH NASHVILLE VIA METROCENTER,0
9,86.0.1,384218,NORTH NASHVILLE VIA METROCENTER,0
9,86.0.1,384219,NORTH NASHVILLE VIA METROCENTER,0
9,86.0.1,384220,NORTH NASHVILLE VIA METROCENTER,0
9,86.0.1,386585,NORTH NASHVILLE VIA METROCENTER,0
9,86.0.1,384261,DOWNTOWN,1
9,86.0.1,384260,DOWNTOWN,1
9,86.0.1,384259,DOWNTOWN,1
9,86.0.1,384227,DOWNTOWN,1
9,86.0.1,384228,DOWNTOWN,1
9,86.0.1,384229,DOWNTOWN,1
9,86.0.1,384230,DOWNTOWN,1
9,86.0.1,384231,DOWNTOWN,1
9,86.0.1,384232,DOWNTOWN,1
9,86.0.1,384233,DOWNTOWN,1
9,86.0.1,384234,DOWNTOWN,1
9,86.0.1,384235,DOWNTOWN,1
9,86.0.1,384236,DOWNTOWN,1
9,86.0.1,384237,DOWNTOWN,1
9,86.0.1,384238,DOWNTOWN,1
9,86.0.1,384239,DOWNTOWN,1
9,86.0.1,384240,DOWNTOWN,1
9,86.0.1,384241,DOWNTOWN,1
9,86.0.1,384242,DOWNTOWN,1
9,86.0.1,384243,DOWNTOWN,1
9,86.0.1,384244,DOWNTOWN,1
9,86.0.1,384245,DOWNTOWN,1
9,86.0.1,384246,DOWNTOWN,1
9,86.0.1,384247,DOWNTOWN,1
9,86.0.1,384248,DOWNTOWN,1
9,86.0.1,384249,DOWNTOWN,1
9,86.0.1,384250,DOWNTOWN,1
9,86.0.1,384251,DOWNTOWN,1
9,86.0.1,384252,DOWNTOWN,1
9,86.0.1,384253,DOWNTOWN,1
9,86.0.1,384254,DOWNTOWN,1
9,86.0.1,384255,DOWNTOWN,1
9,86.0.1,384256,DOWNTOWN,1
9,86.0.1,384257,DOWNTOWN,1
9,86.0.1,384258,DOWNTOWN,1
90,86.0.1,384332,FROM NASHVILLE,0
90,86.0.1,384333,FROM NASHVILLE,0
90,86.0.1,384334,FROM NASHVILLE,0
90,86.0.1,384335,FROM NASHVILLE,0
90,86.0.1,384336,FROM NASHVILLE,0
90,86.0.1,384337,FROM NASHVILLE,0
90,86.0.1,384338,TO NASHVILLE,1
90,86.0.1,384339,TO NASHVILLE,1
90,86.0.1,384340,TO NASHVILLE,1
90,86.0.1,384342,TO NASHVILLE,1
90,86.0.1,384343,TO NASHVILLE,1
90,86.0.1,384341,TO NASHVILLE,1
93,86.0.1,384359,STAR - WEST END,0
93,86.0.1,384358,STAR - WEST END,0
93,86.0.1,384360,STAR - WEST END,0
93,86.0.1,384357,STAR - WEST END,0
93,86.0.1,384362,STAR-WEST END,0
93,86.0.1,384356,STAR - WEST END,0
93,86.0.1,384363,STAR-WEST END,0
93,86.0.1,384361,STAR - WEST END,0
94,86.0.1,384370,CLARKSVILLE,0
94,86.0.1,384371,CLARKSVILLE,0
94,86.0.1,384373,CLARKSVILLE  VIA PLEASANT VIEW,0
94,86.0.1,384374,CLARKSVILLE  VIA PLEASANT VIEW,0
94,86.0.1,384372,CLARKSVILLE,0
94,86.0.1,384375,NASHVILLE,1
94,86.0.1,384378,NASHVILLE VIA PLEASANT VIEW,1
94,86.0.1,384379,NASHVILLE VIA PLEASANT VIEW,1
94,86.0.1,384376,NASHVILLE,1
94,86.0.1,384377,NASHVILLE,1
95,86.0.1,384380,FRANKLIN SPRING HILL,0
95,86.0.1,384383,FRANKLIN SPRING HILL VIA VANDERBILT,0
95,86.0.1,384381,FRANKLIN SPRING HILL,0
95,86.0.1,384382,FRANKLIN SPRING HILL VIA VANDERBILT,0
95,86.0.1,384387,NASHVILLE VIA VANDERBILT,1
95,86.0.1,384384,NASHVILLE,1
95,86.0.1,384385,NASHVILLE,1
95,86.0.1,384386,NASHVILLE VIA VANDERBILT,1
14,86.0.2,377543,NORTH NASHVILLE VIA BUENA VISTA,0
14,86.0.2,377544,NORTH NASHVILLE VIA BUENA VISTA,0
14,86.0.2,377545,NORTH NASHVILLE VIA BUENA VISTA,0
14,86.0.2,377546,NORTH NASHVILLE VIA BUENA VISTA,0
14,86.0.2,377547,NORTH NASHVILLE VIA BUENA VISTA,0
14,86.0.2,377548,NORTH NASHVILLE VIA BUENA VISTA,0
14,86.0.2,377549,NORTH NASHVILLE VIA BUENA VISTA,0
14,86.0.2,377551,NORTH NASHVILLE VIA BUENA VISTA,0
14,86.0.2,377552,NORTH NASHVILLE VIA BUENA VISTA,0
14,86.0.2,377553,NORTH NASHVILLE VIA BUENA VISTA,0
14,86.0.2,377554,NORTH NASHVILLE VIA BUENA VISTA,0
14,86.0.2,377555,NORTH NASHVILLE VIA BUENA VISTA,0
14,86.0.2,377556,NORTH NASHVILLE VIA BUENA VISTA,0
14,86.152.2,377557,NORTH NASHVILLE VIA BUENA VISTA,0
14,86.153.2,387471,NORTH NASHVILLE VIA BUENA VISTA,0
14,86.135.2,377558,NORTH NASHVILLE VIA BUENA VISTA,0
14,86.136.2,387093,NORTH NASHVILLE VIA BUENA VISTA,0
14,86.135.2,377559,NORTH NASHVILLE VIA BUENA VISTA,0
14,86.136.2,387094,NORTH NASHVILLE VIA BUENA VISTA,0
14,86.91.2,377560,NORTH NASHVILLE VIA BUENA VISTA,0
14,86.92.2,387095,NORTH NASHVILLE VIA BUENA VISTA,0
14,86.91.2,377561,NORTH NASHVILLE VIA BUENA VISTA,0
14,86.92.2,387096,NORTH NASHVILLE VIA BUENA VISTA,0
14,86.91.2,377562,NORTH NASHVILLE VIA BUENA VISTA,0
14,86.92.2,387097,NORTH NASHVILLE VIA BUENA VISTA,0
14,86.91.2,377563,NORTH NASHVILLE VIA BUENA VISTA,0
14,86.92.2,387098,NORTH NASHVILLE VIA BUENA VISTA,0
14,86.91.2,377564,NORTH NASHVILLE VIA BUENA VISTA,0
14,86.92.2,387099,NORTH NASHVILLE VIA BUENA VISTA,0
14,86.92.2,387100,NORTH NASHVILLE VIA BUENA VISTA,0
14,86.91.2,377565,NORTH NASHVILLE VIA BUENA VISTA,0
14,86.108.2,377566,NORTH NASHVILLE VIA BUENA VISTA,0
14,86.109.2,387101,NORTH NASHVILLE VIA BUENA VISTA,0
14,86.108.2,377567,NORTH NASHVILLE VIA BUENA VISTA,0
14,86.109.2,387102,NORTH NASHVILLE VIA BUENA VISTA,0
14,86.108.2,377568,NORTH NASHVILLE VIA BUENA VISTA,0
14,86.109.2,387103,NORTH NASHVILLE VIA BUENA VISTA,0
14,86.109.2,387104,NORTH NASHVILLE VIA BUENA VISTA,0
14,86.108.2,377569,NORTH NASHVILLE VIA BUENA VISTA,0
14,86.108.2,377550,NORTH NASHVILLE VIA BUENA VISTA,0
14,86.109.2,387105,NORTH NASHVILLE VIA BUENA VISTA,0
14,86.0.2,377598,DOWNTOWN VIA BUENA VISTA,1
14,86.0.2,377594,DOWNTOWN VIA BUENA VISTA,1
14,86.0.2,377595,DOWNTOWN VIA BUENA VISTA,1
14,86.0.2,377570,DOWNTOWN VIA BUENA VISTA,1
14,86.0.2,377571,DOWNTOWN VIA BUENA VISTA,1
14,86.0.2,377572,DOWNTOWN VIA BUENA VISTA,1
14,86.0.2,377573,DOWNTOWN VIA BUENA VISTA,1
14,86.0.2,377574,DOWNTOWN VIA BUENA VISTA,1
14,86.0.2,377575,DOWNTOWN VIA BUENA VISTA,1
14,86.0.2,377576,DOWNTOWN VIA BUENA VISTA,1
14,86.0.2,377577,DOWNTOWN VIA BUENA VISTA,1
14,86.0.2,377578,DOWNTOWN VIA BUENA VISTA,1
14,86.0.2,377579,DOWNTOWN VIA BUENA VISTA,1
14,86.0.2,377580,DOWNTOWN VIA BUENA VISTA,1
14,86.0.2,377581,DOWNTOWN VIA BUENA VISTA,1
14,86.135.2,377582,DOWNTOWN VIA BUENA VISTA,1
14,86.136.2,387106,DOWNTOWN & NISSAN STADIUM VIA BUENA VISTA,1
14,86.136.2,387107,DOWNTOWN & NISSAN STADIUM VIA BUENA VISTA,1
14,86.135.2,377583,DOWNTOWN VIA BUENA VISTA,1
14,86.135.2,377584,DOWNTOWN VIA BUENA VISTA,1
14,86.136.2,387108,DOWNTOWN & NISSAN STADIUM VIA BUENA VISTA,1
14,86.92.2,387109,DOWNTOWN & NISSAN STADIUM VIA BUENA VISTA,1
14,86.91.2,377585,DOWNTOWN VIA BUENA VISTA,1
14,86.91.2,377586,DOWNTOWN VIA BUENA VISTA,1
14,86.92.2,387110,DOWNTOWN & NISSAN STADIUM VIA BUENA VISTA,1
14,86.92.2,387111,DOWNTOWN & NISSAN STADIUM VIA BUENA VISTA,1
14,86.91.2,377587,DOWNTOWN VIA BUENA VISTA,1
14,86.91.2,377588,DOWNTOWN VIA BUENA VISTA,1
14,86.92.2,387112,DOWNTOWN & NISSAN STADIUM VIA BUENA VISTA,1
14,86.92.2,387113,DOWNTOWN & NISSAN STADIUM VIA BUENA VISTA,1
14,86.91.2,377589,DOWNTOWN VIA BUENA VISTA,1
14,86.91.2,377590,DOWNTOWN VIA BUENA VISTA,1
14,86.92.2,387114,DOWNTOWN & NISSAN STADIUM VIA BUENA VISTA,1
14,86.109.2,387115,DOWNTOWN & NISSAN STADIUM VIA BUENA VISTA,1
14,86.108.2,377591,DOWNTOWN VIA BUENA VISTA,1
14,86.108.2,377592,DOWNTOWN VIA BUENA VISTA,1
14,86.109.2,387116,DOWNTOWN & NISSAN STADIUM VIA BUENA VISTA,1
14,86.109.2,387117,DOWNTOWN & NISSAN STADIUM VIA BUENA VISTA,1
14,86.108.2,377593,DOWNTOWN VIA BUENA VISTA,1
14,86.109.2,387118,DOWNTOWN & NISSAN STADIUM VIA BUENA VISTA,1
14,86.108.2,377596,DOWNTOWN VIA BUENA VISTA,1
14,86.108.2,377597,DOWNTOWN VIA BUENA VISTA,1
14,86.109.2,387119,DOWNTOWN & NISSAN STADIUM VIA BUENA VISTA,1
17,86.0.2,377756,GREEN HILLS VIA 12TH AVE S,0
17,86.0.2,377755,GREEN HILLS VIA 12TH AVE S,0
17,86.0.2,377754,GREEN HILLS VIA 12TH AVE S,0
17,86.0.2,377753,GREEN HILLS VIA 12TH AVE S,0
17,86.0.2,377752,GREEN HILLS VIA 12TH AVE S,0
17,86.0.2,377751,GREEN HILLS VIA 12TH AVE S,0
17,86.0.2,377750,GREEN HILLS VIA 12TH AVE S,0
17,86.0.2,377749,GREEN HILLS VIA 12TH AVE S,0
17,86.0.2,377748,GREEN HILLS VIA 12TH AVE S,0
17,86.0.2,377747,GREEN HILLS VIA 12TH AVE S,0
17,86.0.2,377746,GREEN HILLS VIA 12TH AVE S,0
17,86.0.2,377745,GREEN HILLS VIA 12TH AVE S,0
17,86.0.2,377744,GREEN HILLS VIA 12TH AVE S,0
17,86.0.2,377743,GREEN HILLS VIA 12TH AVE S,0
17,86.0.2,377742,GREEN HILLS VIA 12TH AVE S,0
17,86.0.2,377741,GREEN HILLS VIA 12TH AVE S,0
17,86.0.2,377740,GREEN HILLS VIA 12TH AVE S,0
17,86.0.2,377739,GREEN HILLS VIA 12TH AVE S,0
17,86.0.2,377738,GREEN HILLS VIA 12TH AVE S,0
17,86.0.2,377737,GREEN HILLS VIA 12TH AVE S,0
17,86.0.2,377736,GREEN HILLS VIA 12TH AVE S,0
17,86.0.2,377735,GREEN HILLS VIA 12TH AVE S,0
17,86.0.2,377734,GREEN HILLS VIA 12TH AVE S,0
17,86.0.2,377733,GREEN HILLS VIA 12TH AVE S,0
17,86.0.2,377732,GREEN HILLS VIA 12TH AVE S,0
17,86.0.2,377731,GREEN HILLS VIA 12TH AVE S,0
17,86.0.2,377757,GREEN HILLS VIA 12TH AVE S,0
17,86.0.2,377784,DOWNTOWN VIA 12TH AVE S,1
17,86.0.2,377783,DOWNTOWN VIA 12TH AVE S,1
17,86.0.2,377782,DOWNTOWN VIA 12TH AVE S,1
17,86.0.2,377781,DOWNTOWN VIA 12TH AVE S,1
17,86.0.2,377780,DOWNTOWN VIA 12TH AVE S,1
17,86.0.2,377766,DOWNTOWN VIA 12TH AVE S,1
17,86.0.2,377779,DOWNTOWN VIA 12TH AVE S,1
17,86.0.2,377765,DOWNTOWN VIA 12TH AVE S,1
17,86.0.2,377778,DOWNTOWN VIA 12TH AVE S,1
17,86.0.2,377764,DOWNTOWN VIA 12TH AVE S,1
17,86.0.2,377777,DOWNTOWN VIA 12TH AVE S,1
17,86.0.2,377763,DOWNTOWN VIA 12TH AVE S,1
17,86.0.2,377776,DOWNTOWN VIA 12TH AVE S,1
17,86.0.2,377762,DOWNTOWN VIA 12TH AVE S,1
17,86.0.2,377775,DOWNTOWN VIA 12TH AVE S,1
17,86.0.2,377761,DOWNTOWN VIA 12TH AVE S,1
17,86.0.2,377774,DOWNTOWN VIA 12TH AVE S,1
17,86.0.2,377760,DOWNTOWN VIA 12TH AVE S,1
17,86.0.2,377773,DOWNTOWN VIA 12TH AVE S,1
17,86.0.2,377759,DOWNTOWN VIA 12TH AVE S,1
17,86.0.2,377772,DOWNTOWN VIA 12TH AVE S,1
17,86.0.2,377758,DOWNTOWN VIA 12TH AVE S,1
17,86.0.2,377771,DOWNTOWN VIA 12TH AVE S,1
17,86.0.2,377770,DOWNTOWN VIA 12TH AVE S,1
17,86.0.2,377769,DOWNTOWN VIA 12TH AVE S,1
17,86.0.2,377768,DOWNTOWN VIA 12TH AVE S,1
17,86.0.2,377767,DOWNTOWN VIA 12TH AVE S,1
17,86.0.2,377785,DOWNTOWN VIA 12TH AVE S,1
18,86.0.2,377867,AIRPORT VIA ELM HILL,0
18,86.0.2,384958,AIRPORT VIA ELM HILL,0
18,86.0.2,377868,AIRPORT VIA ELM HILL,0
18,86.0.2,377869,AIRPORT VIA ELM HILL,0
18,86.0.2,377870,AIRPORT VIA ELM HILL,0
18,86.0.2,384959,AIRPORT VIA ELM HILL,0
18,86.0.2,377871,AIRPORT VIA ELM HILL,0
18,86.0.2,377872,AIRPORT VIA ELM HILL,0
18,86.0.2,384970,AIRPORT VIA ELM HILL,0
18,86.0.2,377873,AIRPORT VIA ELM HILL,0
18,86.0.2,385407,AIRPORT VIA ELM HILL,0
18,86.0.2,377874,AIRPORT VIA ELM HILL,0
18,86.0.2,377875,AIRPORT VIA ELM HILL,0
18,86.0.2,384971,AIRPORT VIA ELM HILL,0
18,86.0.2,377876,AIRPORT VIA ELM HILL,0
18,86.0.2,377877,AIRPORT VIA ELM HILL,0
18,86.0.2,377878,AIRPORT VIA ELM HILL,0
18,86.0.2,384972,AIRPORT VIA ELM HILL,0
18,86.0.2,377879,AIRPORT VIA ELM HILL,0
18,86.0.2,384973,AIRPORT VIA ELM HILL,0
18,86.0.2,377880,AIRPORT VIA ELM HILL,0
18,86.0.2,377881,AIRPORT VIA ELM HILL,0
18,86.0.2,384974,AIRPORT VIA ELM HILL,0
18,86.0.2,377882,AIRPORT VIA ELM HILL,0
18,86.0.2,377883,AIRPORT VIA ELM HILL,0
18,86.0.2,377884,AIRPORT VIA ELM HILL,0
18,86.0.2,384975,AIRPORT VIA ELM HILL,0
18,86.0.2,377885,AIRPORT VIA ELM HILL,0
18,86.0.2,384987,AIRPORT VIA ELM HILL,0
18,86.0.2,377886,AIRPORT VIA ELM HILL,0
18,86.0.2,384988,AIRPORT VIA ELM HILL,0
18,86.0.2,377887,AIRPORT VIA ELM HILL,0
18,86.0.2,384989,AIRPORT VIA ELM HILL,0
18,86.0.2,377888,AIRPORT VIA ELM HILL,0
18,86.0.2,384990,AIRPORT VIA ELM HILL,0
18,86.0.2,377889,AIRPORT VIA ELM HILL,0
18,86.0.2,384991,AIRPORT VIA ELM HILL,0
18,86.0.2,377890,AIRPORT VIA ELM HILL,0
18,86.0.2,377891,DOWNTOWN EXPRESS,1
18,86.0.2,377893,DOWNTOWN VIA ELM HILL,1
18,86.0.2,377894,DOWNTOWN VIA ELM HILL,1
18,86.0.2,384963,DOWNTOWN VIA ELM HILL,1
18,86.0.2,377895,DOWNTOWN VIA ELM HILL,1
18,86.0.2,384964,DOWNTOWN VIA ELM HILL,1
18,86.0.2,377896,DOWNTOWN VIA ELM HILL,1
18,86.0.2,377897,DOWNTOWN VIA ELM HILL,1
18,86.0.2,377898,DOWNTOWN VIA ELM HILL,1
18,86.0.2,384965,DOWNTOWN VIA ELM HILL,1
18,86.0.2,377899,DOWNTOWN VIA ELM HILL,1
18,86.0.2,377900,DOWNTOWN VIA ELM HILL,1
18,86.0.2,377901,DOWNTOWN VIA ELM HILL,1
18,86.0.2,384966,DOWNTOWN VIA ELM HILL,1
18,86.0.2,377902,DOWNTOWN VIA ELM HILL,1
18,86.0.2,377903,DOWNTOWN VIA ELM HILL,1
18,86.0.2,377904,DOWNTOWN VIA ELM HILL,1
18,86.0.2,384967,DOWNTOWN VIA ELM HILL,1
18,86.0.2,377905,DOWNTOWN VIA ELM HILL,1
18,86.0.2,377906,DOWNTOWN VIA ELM HILL,1
18,86.0.2,384968,DOWNTOWN VIA ELM HILL,1
18,86.0.2,377907,DOWNTOWN VIA ELM HILL,1
18,86.0.2,377908,DOWNTOWN VIA ELM HILL,1
18,86.0.2,384969,DOWNTOWN VIA ELM HILL,1
18,86.0.2,377909,DOWNTOWN VIA ELM HILL,1
18,86.0.2,377910,DOWNTOWN VIA ELM HILL,1
18,86.0.2,384992,DOWNTOWN VIA ELM HILL,1
18,86.0.2,377911,DOWNTOWN VIA ELM HILL,1
18,86.0.2,384993,DOWNTOWN VIA ELM HILL,1
18,86.0.2,377912,DOWNTOWN VIA ELM HILL,1
18,86.0.2,384994,DOWNTOWN VIA ELM HILL,1
18,86.0.2,377913,DOWNTOWN VIA ELM HILL,1
18,86.0.2,384995,DOWNTOWN VIA ELM HILL,1
18,86.0.2,377914,DOWNTOWN VIA ELM HILL,1
18,86.0.2,384996,DOWNTOWN VIA ELM HILL,1
18,86.0.2,377915,DOWNTOWN EXPRESS,1
19,86.0.2,378072,DOWNTOWN,0
19,86.0.2,378070,DOWNTOWN,0
19,86.0.2,378069,DOWNTOWN,0
19,86.0.2,378068,DOWNTOWN,0
19,86.0.2,378067,DOWNTOWN,0
19,86.0.2,378066,DOWNTOWN,0
19,86.0.2,378065,DOWNTOWN,0
19,86.0.2,378064,DOWNTOWN,0
19,86.0.2,378063,DOWNTOWN,0
19,86.0.2,378062,DOWNTOWN,0
19,86.0.2,378061,DOWNTOWN,0
19,86.0.2,378060,DOWNTOWN,0
19,86.0.2,378059,DOWNTOWN,0
19,86.0.2,378058,DOWNTOWN,0
19,86.0.2,378057,DOWNTOWN,0
19,86.0.2,378056,DOWNTOWN,0
19,86.0.2,378055,DOWNTOWN,0
19,86.0.2,378054,DOWNTOWN,0
19,86.0.2,378053,DOWNTOWN,0
19,86.0.2,378052,DOWNTOWN,0
19,86.0.2,378051,DOWNTOWN,0
19,86.0.2,378050,DOWNTOWN,0
19,86.0.2,378049,DOWNTOWN,0
19,86.0.2,378048,DOWNTOWN,0
19,86.0.2,378047,DOWNTOWN,0
19,86.0.2,378046,DOWNTOWN,0
19,86.0.2,378071,DOWNTOWN,0
19,86.0.2,378099,THE NATIONS,1
19,86.0.2,378097,THE NATIONS,1
19,86.0.2,378096,THE NATIONS,1
19,86.0.2,378095,THE NATIONS,1
19,86.0.2,378094,THE NATIONS,1
19,86.0.2,378093,THE NATIONS,1
19,86.0.2,378092,THE NATIONS,1
19,86.0.2,378091,THE NATIONS,1
19,86.0.2,378090,THE NATIONS,1
19,86.0.2,378089,THE NATIONS,1
19,86.0.2,378088,THE NATIONS,1
19,86.0.2,378087,THE NATIONS,1
19,86.0.2,378086,THE NATIONS,1
19,86.0.2,378085,THE NATIONS,1
19,86.0.2,378084,THE NATIONS,1
19,86.0.2,378083,THE NATIONS,1
19,86.0.2,378082,THE NATIONS,1
19,86.0.2,378081,THE NATIONS,1
19,86.0.2,378080,THE NATIONS,1
19,86.0.2,378079,THE NATIONS,1
19,86.0.2,378078,THE NATIONS,1
19,86.0.2,378077,THE NATIONS,1
19,86.0.2,378076,THE NATIONS,1
19,86.0.2,378075,THE NATIONS,1
19,86.0.2,378074,THE NATIONS,1
19,86.0.2,378073,THE NATIONS,1
19,86.0.2,378098,THE NATIONS,1
22,86.0.2,378399,DOWNTOWN,0
22,86.0.2,378400,DOWNTOWN,0
22,86.0.2,378401,DOWNTOWN,0
22,86.0.2,378402,DOWNTOWN,0
22,86.0.2,378345,DOWNTOWN,0
22,86.0.2,378346,DOWNTOWN,0
22,86.0.2,378347,DOWNTOWN,0
22,86.0.2,378348,DOWNTOWN,0
22,86.0.2,378349,DOWNTOWN,0
22,86.0.2,378350,DOWNTOWN,0
22,86.0.2,378351,DOWNTOWN,0
22,86.0.2,378352,DOWNTOWN,0
22,86.0.2,378353,DOWNTOWN,0
22,86.0.2,378354,DOWNTOWN,0
22,86.0.2,378355,DOWNTOWN,0
22,86.0.2,378356,DOWNTOWN,0
22,86.0.2,378357,DOWNTOWN,0
22,86.0.2,378358,DOWNTOWN,0
22,86.0.2,378363,DOWNTOWN,0
22,86.0.2,378381,DOWNTOWN,0
22,86.0.2,378364,DOWNTOWN,0
22,86.0.2,378382,DOWNTOWN,0
22,86.0.2,378365,DOWNTOWN,0
22,86.0.2,378383,DOWNTOWN,0
22,86.0.2,378366,DOWNTOWN,0
22,86.0.2,378384,DOWNTOWN,0
22,86.0.2,378367,DOWNTOWN,0
22,86.0.2,378385,DOWNTOWN,0
22,86.0.2,378368,DOWNTOWN,0
22,86.0.2,378386,DOWNTOWN,0
22,86.0.2,378369,DOWNTOWN,0
22,86.0.2,378387,DOWNTOWN,0
22,86.0.2,378370,DOWNTOWN,0
22,86.0.2,378388,DOWNTOWN,0
22,86.0.2,378371,DOWNTOWN,0
22,86.0.2,378389,DOWNTOWN,0
22,86.0.2,378372,DOWNTOWN,0
22,86.0.2,378390,DOWNTOWN,0
22,86.0.2,378373,DOWNTOWN,0
22,86.0.2,378391,DOWNTOWN,0
22,86.0.2,378374,DOWNTOWN,0
22,86.0.2,378392,DOWNTOWN,0
22,86.0.2,378375,DOWNTOWN,0
22,86.0.2,378393,DOWNTOWN,0
22,86.0.2,378376,DOWNTOWN,0
22,86.0.2,378394,DOWNTOWN,0
22,86.0.2,378377,DOWNTOWN,0
22,86.0.2,378395,DOWNTOWN,0
22,86.0.2,378378,DOWNTOWN,0
22,86.0.2,378396,DOWNTOWN,0
22,86.0.2,378379,DOWNTOWN,0
22,86.0.2,378397,DOWNTOWN,0
22,86.0.2,378380,DOWNTOWN,0
22,86.0.2,378398,DOWNTOWN,0
22,86.0.2,378359,DOWNTOWN,0
22,86.0.2,378360,DOWNTOWN,0
22,86.0.2,378361,DOWNTOWN,0
22,86.0.2,378362,DOWNTOWN,0
22,86.0.2,378459,NORTH NASHVILLE TO 14 WHITES CREEK,1
22,86.0.2,378460,NORTH NASHVILLE,1
22,86.0.2,378403,NORTH NASHVILLE TO 71 TRINITY,1
22,86.0.2,378404,NORTH NASHVILLE TO 14 WHITES CREEK,1
22,86.0.2,378405,NORTH NASHVILLE TO 71 TRINITY,1
22,86.0.2,378406,NORTH NASHVILLE TO 14 WHITES CREEK,1
22,86.0.2,378407,NORTH NASHVILLE TO 71 TRINITY,1
22,86.0.2,378408,NORTH NASHVILLE TO 14 WHITES CREEK,1
22,86.0.2,378409,NORTH NASHVILLE TO 71 TRINITY,1
22,86.0.2,378410,NORTH NASHVILLE TO 14 WHITES CREEK,1
22,86.0.2,378411,NORTH NASHVILLE TO 71 TRINITY,1
22,86.0.2,378412,NORTH NASHVILLE TO 14 WHITES CREEK,1
22,86.0.2,378413,NORTH NASHVILLE TO 71 TRINITY,1
22,86.0.2,378414,NORTH NASHVILLE TO 14 WHITES CREEK,1
22,86.0.2,378415,NORTH NASHVILLE TO 71 TRINITY,1
22,86.0.2,378416,NORTH NASHVILLE TO 14 WHITES CREEK,1
22,86.0.2,378417,NORTH NASHVILLE TO 71 TRINITY,1
22,86.0.2,378423,NORTH NASHVILLE TO 14 WHITES CREEK,1
22,86.0.2,378441,NORTH NASHVILLE TO 71 TRINITY,1
22,86.0.2,378424,NORTH NASHVILLE TO 14 WHITES CREEK,1
22,86.0.2,378442,NORTH NASHVILLE TO 71 TRINITY,1
22,86.0.2,378425,NORTH NASHVILLE TO 14 WHITES CREEK,1
22,86.0.2,378443,NORTH NASHVILLE TO 71 TRINITY,1
22,86.0.2,378426,NORTH NASHVILLE TO 14 WHITES CREEK,1
22,86.0.2,378444,NORTH NASHVILLE TO 71 TRINITY,1
22,86.0.2,378427,NORTH NASHVILLE TO 14 WHITES CREEK,1
22,86.0.2,378445,NORTH NASHVILLE TO 71 TRINITY,1
22,86.0.2,378428,NORTH NASHVILLE TO 14 WHITES CREEK,1
22,86.0.2,378446,NORTH NASHVILLE TO 71 TRINITY,1
22,86.0.2,378429,NORTH NASHVILLE TO 14 WHITES CREEK,1
22,86.0.2,378447,NORTH NASHVILLE TO 71 TRINITY,1
22,86.0.2,378430,NORTH NASHVILLE TO 14 WHITES CREEK,1
22,86.0.2,378448,NORTH NASHVILLE TO 71 TRINITY,1
22,86.0.2,378431,NORTH NASHVILLE TO 14 WHITES CREEK,1
22,86.0.2,378449,NORTH NASHVILLE TO 71 TRINITY,1
22,86.0.2,378432,NORTH NASHVILLE TO 14 WHITES CREEK,1
22,86.0.2,378450,NORTH NASHVILLE TO 71 TRINITY,1
22,86.0.2,378433,NORTH NASHVILLE TO 14 WHITES CREEK,1
22,86.0.2,378451,NORTH NASHVILLE TO 71 TRINITY,1
22,86.0.2,378434,NORTH NASHVILLE TO 14 WHITES CREEK,1
22,86.0.2,378452,NORTH NASHVILLE TO 71 TRINITY,1
22,86.0.2,378435,NORTH NASHVILLE TO 14 WHITES CREEK,1
22,86.0.2,378453,NORTH NASHVILLE TO 71 TRINITY,1
22,86.0.2,378436,NORTH NASHVILLE TO 14 WHITES CREEK,1
22,86.0.2,378454,NORTH NASHVILLE TO 71 TRINITY,1
22,86.0.2,378437,NORTH NASHVILLE TO 14 WHITES CREEK,1
22,86.0.2,378455,NORTH NASHVILLE TO 71 TRINITY,1
22,86.0.2,378438,NORTH NASHVILLE TO 14 WHITES CREEK,1
22,86.0.2,378456,NORTH NASHVILLE TO 71 TRINITY,1
22,86.0.2,378439,NORTH NASHVILLE TO 14 WHITES CREEK,1
22,86.0.2,378457,NORTH NASHVILLE TO 71 TRINITY,1
22,86.0.2,378440,NORTH NASHVILLE TO 14 WHITES CREEK,1
22,86.0.2,378458,NORTH NASHVILLE TO 14 WHITES CREEK,1
22,86.0.2,378418,NORTH NASHVILLE,1
22,86.0.2,378419,NORTH NASHVILLE,1
22,86.0.2,378420,NORTH NASHVILLE,1
22,86.0.2,378421,NORTH NASHVILLE,1
22,86.0.2,378422,NORTH NASHVILLE,1
23,86.0.2,378797,B - WALMART VIA PARKWOOD-CHESAPEAKE,0
23,86.0.2,378852,B - WALMART VIA PARKWOOD-CHESAPEAKE,0
23,86.0.2,378794,B - WALMART VIA PARKWOOD-CHESAPEAKE,0
23,86.0.2,378854,B - WALMART VIA PARKWOOD-CHESAPEAKE,0
23,86.0.2,378798,B - WALMART VIA PARKWOOD-CHESAPEAKE,0
23,86.0.2,378795,B - WALMART VIA PARKWOOD-CHESAPEAKE,0
23,86.0.2,378853,B - WALMART VIA PARKWOOD-CHESAPEAKE,0
23,86.0.2,378796,B - WALMART VIA PARKWOOD-CHESAPEAKE,0
23,86.0.2,378792,B - WALMART VIA PARKWOOD-CHESAPEAKE,0
23,86.0.2,378805,B - WALMART VIA PARKWOOD-CHESAPEAKE,0
23,86.0.2,378806,B - WALMART VIA PARKWOOD-CHESAPEAKE,0
23,86.0.2,378807,B - WALMART VIA PARKWOOD-CHESAPEAKE,0
23,86.0.2,378808,B - WALMART VIA PARKWOOD-CHESAPEAKE,0
23,86.0.2,378809,B - WALMART VIA PARKWOOD-CHESAPEAKE,0
23,86.0.2,378810,B - WALMART VIA PARKWOOD-CHESAPEAKE,0
23,86.0.2,378811,B - WALMART VIA PARKWOOD-CHESAPEAKE,0
23,86.0.2,378812,B - WALMART VIA PARKWOOD-CHESAPEAKE,0
23,86.0.2,378813,B - WALMART VIA PARKWOOD-CHESAPEAKE,0
23,86.0.2,378814,B - WALMART VIA PARKWOOD-CHESAPEAKE,0
23,86.0.2,378815,B - WALMART VIA PARKWOOD-CHESAPEAKE,0
23,86.0.2,378816,B - WALMART VIA PARKWOOD-CHESAPEAKE,0
23,86.0.2,378817,B - WALMART VIA PARKWOOD-CHESAPEAKE,0
23,86.0.2,378818,B - WALMART VIA PARKWOOD-CHESAPEAKE,0
23,86.0.2,378819,B - WALMART VIA PARKWOOD-CHESAPEAKE,0
23,86.0.2,378820,B - WALMART VIA PARKWOOD-CHESAPEAKE,0
23,86.0.2,378821,B - WALMART VIA PARKWOOD-CHESAPEAKE,0
23,86.0.2,378822,B - WALMART VIA PARKWOOD-CHESAPEAKE,0
23,86.0.2,378823,B - WALMART VIA PARKWOOD-CHESAPEAKE,0
23,86.0.2,378824,B - WALMART VIA PARKWOOD-CHESAPEAKE,0
23,86.0.2,378825,A - DICKERSON WALMART,0
23,86.0.2,378826,B - WALMART VIA PARKWOOD-CHESAPEAKE,0
23,86.0.2,378827,B - WALMART VIA PARKWOOD-CHESAPEAKE,0
23,86.0.2,378828,B - WALMART VIA PARKWOOD-CHESAPEAKE,0
23,86.0.2,378829,B - WALMART VIA PARKWOOD-CHESAPEAKE,0
23,86.0.2,378830,B - WALMART VIA PARKWOOD-CHESAPEAKE,0
23,86.0.2,378831,B - WALMART VIA PARKWOOD-CHESAPEAKE,0
23,86.0.2,378832,B - WALMART VIA PARKWOOD-CHESAPEAKE,0
23,86.0.2,378833,B - WALMART VIA PARKWOOD-CHESAPEAKE,0
23,86.0.2,378834,B - WALMART VIA PARKWOOD-CHESAPEAKE,0
23,86.0.2,378835,B - WALMART VIA PARKWOOD-CHESAPEAKE,0
23,86.0.2,378836,B - WALMART VIA PARKWOOD-CHESAPEAKE,0
23,86.0.2,378837,B - WALMART VIA PARKWOOD-CHESAPEAKE,0
23,86.0.2,378838,B - WALMART VIA PARKWOOD-CHESAPEAKE,0
23,86.152.2,378839,B - WALMART VIA PARKWOOD-CHESAPEAKE,0
23,86.153.2,387467,B - WALMART VIA PARKWOOD-CHESAPEAKE,0
23,86.153.2,387468,B - WALMART VIA PARKWOOD-CHESAPEAKE,0
23,86.152.2,378840,B - WALMART VIA PARKWOOD-CHESAPEAKE,0
23,86.135.2,378841,B - WALMART VIA PARKWOOD-CHESAPEAKE,0
23,86.136.2,387120,B - WALMART VIA PARKWOOD-CHESAPEAKE,0
23,86.135.2,378842,B - WALMART VIA PARKWOOD-CHESAPEAKE,0
23,86.136.2,387121,B - WALMART VIA PARKWOOD-CHESAPEAKE,0
23,86.135.2,378843,B - WALMART VIA PARKWOOD-CHESAPEAKE,0
23,86.136.2,387122,B - WALMART VIA PARKWOOD-CHESAPEAKE,0
23,86.135.2,378844,B - WALMART VIA PARKWOOD-CHESAPEAKE,0
23,86.136.2,387123,B - WALMART VIA PARKWOOD-CHESAPEAKE,0
23,86.135.2,378845,B - WALMART VIA PARKWOOD-CHESAPEAKE,0
23,86.136.2,387124,B - WALMART VIA PARKWOOD-CHESAPEAKE,0
23,86.135.2,378846,B - WALMART VIA PARKWOOD-CHESAPEAKE,0
23,86.136.2,387125,B - WALMART VIA PARKWOOD-CHESAPEAKE,0
23,86.91.2,378847,B - WALMART VIA PARKWOOD-CHESAPEAKE,0
23,86.92.2,387161,B - WALMART VIA PARKWOOD-CHESAPEAKE,0
23,86.91.2,378848,B - WALMART VIA PARKWOOD-CHESAPEAKE,0
23,86.92.2,387163,B - WALMART VIA PARKWOOD-CHESAPEAKE,0
23,86.91.2,378849,B - WALMART VIA PARKWOOD-CHESAPEAKE,0
23,86.92.2,387165,B - WALMART VIA PARKWOOD-CHESAPEAKE,0
23,86.91.2,378850,B - WALMART VIA PARKWOOD-CHESAPEAKE,0
23,86.92.2,387167,B - WALMART VIA PARKWOOD-CHESAPEAKE,0
23,86.91.2,378851,B - WALMART VIA PARKWOOD-CHESAPEAKE,0
23,86.92.2,387169,B - WALMART VIA PARKWOOD-CHESAPEAKE,0
23,86.91.2,378793,B - WALMART VIA PARKWOOD-CHESAPEAKE,0
23,86.92.2,387171,B - WALMART VIA PARKWOOD-CHESAPEAKE,0
23,86.91.2,378784,B - WALMART VIA PARKWOOD-CHESAPEAKE,0
23,86.92.2,387173,B - WALMART VIA PARKWOOD-CHESAPEAKE,0
23,86.91.2,378788,B - WALMART VIA PARKWOOD-CHESAPEAKE,0
23,86.92.2,387175,B - WALMART VIA PARKWOOD-CHESAPEAKE,0
23,86.91.2,378785,B - WALMART VIA PARKWOOD-CHESAPEAKE,0
23,86.92.2,387177,B - WALMART VIA PARKWOOD-CHESAPEAKE,0
23,86.91.2,378789,B - WALMART VIA PARKWOOD-CHESAPEAKE,0
23,86.92.2,387150,B - WALMART VIA PARKWOOD-CHESAPEAKE,0
23,86.92.2,387181,B - WALMART VIA PARKWOOD-CHESAPEAKE,0
23,86.91.2,378786,B - WALMART VIA PARKWOOD-CHESAPEAKE,0
23,86.108.2,378790,B - WALMART VIA PARKWOOD-CHESAPEAKE,0
23,86.109.2,387152,B - WALMART VIA PARKWOOD-CHESAPEAKE,0
23,86.108.2,378787,B - WALMART VIA PARKWOOD-CHESAPEAKE,0
23,86.109.2,387185,B - WALMART VIA PARKWOOD-CHESAPEAKE,0
23,86.108.2,378791,B - WALMART VIA PARKWOOD-CHESAPEAKE,0
23,86.109.2,387187,B - WALMART VIA PARKWOOD-CHESAPEAKE,0
23,86.109.2,387189,B - WALMART VIA PARKWOOD-CHESAPEAKE,0
23,86.108.2,378801,B - WALMART VIA PARKWOOD-CHESAPEAKE,0
23,86.108.2,378799,B - WALMART VIA PARKWOOD-CHESAPEAKE,0
23,86.109.2,387191,B - WALMART VIA PARKWOOD-CHESAPEAKE,0
23,86.108.2,378802,B - WALMART VIA PARKWOOD-CHESAPEAKE,0
23,86.109.2,387193,B - WALMART VIA PARKWOOD-CHESAPEAKE,0
23,86.109.2,387195,B - WALMART VIA PARKWOOD-CHESAPEAKE,0
23,86.108.2,378800,B - WALMART VIA PARKWOOD-CHESAPEAKE,0
23,86.109.2,387197,B - WALMART VIA PARKWOOD-CHESAPEAKE,0
23,86.108.2,378803,B - WALMART VIA PARKWOOD-CHESAPEAKE,0
23,86.108.2,378804,B - WALMART VIA PARKWOOD-CHESAPEAKE,0
23,86.109.2,387199,B - WALMART VIA PARKWOOD-CHESAPEAKE,0
23,86.0.2,378864,DOWNTOWN,1
23,86.0.2,378917,DOWNTOWN,1
23,86.0.2,378855,DOWNTOWN,1
23,86.0.2,378871,DOWNTOWN,1
23,86.0.2,378872,DOWNTOWN,1
23,86.0.2,378873,DOWNTOWN,1
23,86.0.2,378874,DOWNTOWN,1
23,86.0.2,378875,DOWNTOWN,1
23,86.0.2,378876,DOWNTOWN,1
23,86.0.2,378877,DOWNTOWN,1
23,86.0.2,378878,DOWNTOWN,1
23,86.0.2,378879,DOWNTOWN,1
23,86.0.2,378880,DOWNTOWN,1
23,86.0.2,378881,DOWNTOWN,1
23,86.0.2,378882,DOWNTOWN,1
23,86.0.2,378883,DOWNTOWN,1
23,86.0.2,378884,DOWNTOWN,1
23,86.0.2,378885,DOWNTOWN,1
23,86.0.2,378886,DOWNTOWN,1
23,86.0.2,378887,DOWNTOWN,1
23,86.0.2,378888,DOWNTOWN,1
23,86.0.2,378889,DOWNTOWN,1
23,86.0.2,378890,DOWNTOWN,1
23,86.0.2,378891,DOWNTOWN,1
23,86.0.2,378892,DOWNTOWN,1
23,86.0.2,378893,DOWNTOWN,1
23,86.0.2,378894,DOWNTOWN,1
23,86.0.2,378895,DOWNTOWN,1
23,86.0.2,378896,DOWNTOWN,1
23,86.0.2,378897,DOWNTOWN,1
23,86.0.2,378898,DOWNTOWN,1
23,86.0.2,378899,DOWNTOWN,1
23,86.0.2,378900,DOWNTOWN,1
23,86.0.2,378901,DOWNTOWN,1
23,86.0.2,378902,DOWNTOWN,1
23,86.0.2,378903,DOWNTOWN,1
23,86.0.2,378904,DOWNTOWN,1
23,86.0.2,378905,DOWNTOWN,1
23,86.152.2,378906,DOWNTOWN,1
23,86.153.2,387469,NISSAN STADIUM & DOWNTOWN,1
23,86.153.2,387470,NISSAN STADIUM & DOWNTOWN,1
23,86.152.2,378907,DOWNTOWN,1
23,86.135.2,378908,DOWNTOWN,1
23,86.136.2,387126,NISSAN STADIUM & DOWNTOWN,1
23,86.135.2,378909,DOWNTOWN,1
23,86.136.2,387127,NISSAN STADIUM & DOWNTOWN,1
23,86.136.2,387128,NISSAN STADIUM & DOWNTOWN,1
23,86.135.2,378910,DOWNTOWN,1
23,86.135.2,378911,DOWNTOWN,1
23,86.136.2,387129,NISSAN STADIUM & DOWNTOWN,1
23,86.136.2,387130,NISSAN STADIUM & DOWNTOWN,1
23,86.135.2,378912,DOWNTOWN,1
23,86.135.2,378913,DOWNTOWN,1
23,86.136.2,387131,NISSAN STADIUM & DOWNTOWN,1
23,86.91.2,378914,DOWNTOWN,1
23,86.92.2,387200,NISSAN STADIUM & DOWNTOWN,1
23,86.91.2,378915,DOWNTOWN,1
23,86.92.2,387201,NISSAN STADIUM & DOWNTOWN,1
23,86.91.2,378916,DOWNTOWN,1
23,86.92.2,387202,NISSAN STADIUM & DOWNTOWN,1
23,86.92.2,387203,NISSAN STADIUM & DOWNTOWN,1
23,86.91.2,378918,DOWNTOWN,1
23,86.91.2,378919,DOWNTOWN,1
23,86.92.2,387204,NISSAN STADIUM & DOWNTOWN,1
23,86.91.2,378856,DOWNTOWN,1
23,86.92.2,387205,NISSAN STADIUM & DOWNTOWN,1
23,86.91.2,378857,DOWNTOWN,1
23,86.92.2,387206,NISSAN STADIUM & DOWNTOWN,1
23,86.91.2,378858,DOWNTOWN,1
23,86.92.2,387207,NISSAN STADIUM & DOWNTOWN,1
23,86.91.2,378859,DOWNTOWN,1
23,86.92.2,387208,NISSAN STADIUM & DOWNTOWN,1
23,86.92.2,387209,NISSAN STADIUM & DOWNTOWN,1
23,86.91.2,378860,DOWNTOWN,1
23,86.108.2,378861,DOWNTOWN,1
23,86.109.2,387132,NISSAN STADIUM & DOWNTOWN,1
23,86.108.2,378862,DOWNTOWN,1
23,86.109.2,387133,NISSAN STADIUM & DOWNTOWN,1
23,86.108.2,378863,DOWNTOWN,1
23,86.109.2,387134,NISSAN STADIUM & DOWNTOWN,1
23,86.108.2,378867,DOWNTOWN,1
23,86.109.2,387135,NISSAN STADIUM & DOWNTOWN,1
23,86.108.2,378865,DOWNTOWN,1
23,86.109.2,387136,NISSAN STADIUM & DOWNTOWN,1
23,86.109.2,387137,NISSAN STADIUM & DOWNTOWN,1
23,86.108.2,378868,DOWNTOWN,1
23,86.109.2,387138,NISSAN STADIUM & DOWNTOWN,1
23,86.108.2,378866,DOWNTOWN,1
23,86.108.2,378869,DOWNTOWN,1
23,86.109.2,387139,NISSAN STADIUM & DOWNTOWN,1
23,86.109.2,387140,NISSAN STADIUM & DOWNTOWN,1
23,86.108.2,378870,DOWNTOWN,1
28,86.0.2,379168,DOWNTOWN,0
28,86.0.2,379166,DOWNTOWN,0
28,86.0.2,379165,DOWNTOWN,0
28,86.0.2,379164,DOWNTOWN,0
28,86.0.2,379163,DOWNTOWN,0
28,86.0.2,379162,DOWNTOWN,0
28,86.0.2,379161,DOWNTOWN,0
28,86.0.2,379160,DOWNTOWN,0
28,86.0.2,379159,DOWNTOWN,0
28,86.0.2,379158,DOWNTOWN,0
28,86.0.2,379157,DOWNTOWN,0
28,86.0.2,379156,DOWNTOWN,0
28,86.0.2,379155,DOWNTOWN,0
28,86.0.2,379154,DOWNTOWN,0
28,86.0.2,379153,DOWNTOWN,0
28,86.0.2,379152,DOWNTOWN,0
28,86.0.2,379151,DOWNTOWN,0
28,86.0.2,379150,DOWNTOWN,0
28,86.0.2,379167,DOWNTOWN,0
28,86.0.2,379185,OAKWOOD,1
28,86.0.2,379184,OAKWOOD,1
28,86.0.2,379183,OAKWOOD,1
28,86.0.2,379182,OAKWOOD,1
28,86.0.2,379181,OAKWOOD,1
28,86.0.2,379180,OAKWOOD,1
28,86.0.2,379179,OAKWOOD,1
28,86.0.2,379178,OAKWOOD,1
28,86.0.2,379177,OAKWOOD,1
28,86.0.2,379176,OAKWOOD,1
28,86.0.2,379175,OAKWOOD,1
28,86.0.2,379174,OAKWOOD,1
28,86.0.2,379173,OAKWOOD,1
28,86.0.2,379172,OAKWOOD,1
28,86.0.2,379171,OAKWOOD,1
28,86.0.2,379170,OAKWOOD,1
28,86.0.2,379169,OAKWOOD,1
28,86.0.2,379186,OAKWOOD,1
29,86.0.2,379340,TENNESSEE STATE UNIVERSITY,0
29,86.0.2,379338,TENNESSEE STATE UNIVERSITY,0
29,86.0.2,379336,TENNESSEE STATE UNIVERSITY,0
29,86.0.2,379335,TENNESSEE STATE UNIVERSITY,0
29,86.0.2,379334,TENNESSEE STATE UNIVERSITY,0
29,86.0.2,379333,TENNESSEE STATE UNIVERSITY,0
29,86.0.2,379332,TENNESSEE STATE UNIVERSITY,0
29,86.0.2,379331,TENNESSEE STATE UNIVERSITY,0
29,86.0.2,379330,TENNESSEE STATE UNIVERSITY,0
29,86.0.2,379329,TENNESSEE STATE UNIVERSITY,0
29,86.0.2,379328,TENNESSEE STATE UNIVERSITY,0
29,86.0.2,379327,TENNESSEE STATE UNIVERSITY,0
29,86.0.2,379326,TENNESSEE STATE UNIVERSITY,0
29,86.0.2,379325,TENNESSEE STATE UNIVERSITY,0
29,86.0.2,379324,TENNESSEE STATE UNIVERSITY,0
29,86.0.2,379323,TENNESSEE STATE UNIVERSITY,0
29,86.0.2,379322,TENNESSEE STATE UNIVERSITY,0
29,86.0.2,379321,TENNESSEE STATE UNIVERSITY,0
29,86.0.2,379320,TENNESSEE STATE UNIVERSITY,0
29,86.0.2,379319,TENNESSEE STATE UNIVERSITY,0
29,86.0.2,379318,TENNESSEE STATE UNIVERSITY,0
29,86.0.2,379317,TENNESSEE STATE UNIVERSITY,0
29,86.0.2,379316,TENNESSEE STATE UNIVERSITY,0
29,86.0.2,379315,TENNESSEE STATE UNIVERSITY,0
29,86.0.2,379314,TENNESSEE STATE UNIVERSITY,0
29,86.0.2,379313,TENNESSEE STATE UNIVERSITY,0
29,86.0.2,379312,TENNESSEE STATE UNIVERSITY,0
29,86.0.2,379311,TENNESSEE STATE UNIVERSITY,0
29,86.0.2,379310,TENNESSEE STATE UNIVERSITY,0
29,86.0.2,379309,TENNESSEE STATE UNIVERSITY,0
29,86.0.2,379308,TENNESSEE STATE UNIVERSITY,0
29,86.0.2,379307,TENNESSEE STATE UNIVERSITY,0
29,86.0.2,379341,TENNESSEE STATE UNIVERSITY,0
29,86.0.2,379337,TENNESSEE STATE UNIVERSITY,0
29,86.0.2,379339,TENNESSEE STATE UNIVERSITY,0
29,86.0.2,379376,DOWNTOWN,1
29,86.0.2,379374,DOWNTOWN,1
29,86.0.2,379373,DOWNTOWN,1
29,86.0.2,379372,DOWNTOWN,1
29,86.0.2,379371,DOWNTOWN,1
29,86.0.2,379370,DOWNTOWN,1
29,86.0.2,379369,DOWNTOWN,1
29,86.0.2,379368,DOWNTOWN,1
29,86.0.2,379367,DOWNTOWN,1
29,86.0.2,379366,DOWNTOWN,1
29,86.0.2,379365,DOWNTOWN,1
29,86.0.2,379364,DOWNTOWN,1
29,86.0.2,379363,DOWNTOWN,1
29,86.0.2,379362,DOWNTOWN,1
29,86.0.2,379361,DOWNTOWN,1
29,86.0.2,379360,DOWNTOWN,1
29,86.0.2,379359,DOWNTOWN,1
29,86.0.2,379358,DOWNTOWN,1
29,86.0.2,379357,DOWNTOWN,1
29,86.0.2,379356,DOWNTOWN,1
29,86.0.2,379355,DOWNTOWN,1
29,86.0.2,379354,DOWNTOWN,1
29,86.0.2,379353,DOWNTOWN,1
29,86.0.2,379352,DOWNTOWN,1
29,86.0.2,379351,DOWNTOWN,1
29,86.0.2,379350,DOWNTOWN,1
29,86.0.2,379349,DOWNTOWN,1
29,86.0.2,379348,DOWNTOWN,1
29,86.0.2,379347,DOWNTOWN,1
29,86.0.2,379346,DOWNTOWN,1
29,86.0.2,379345,DOWNTOWN,1
29,86.0.2,379344,DOWNTOWN,1
29,86.0.2,379343,DOWNTOWN,1
29,86.0.2,379342,DOWNTOWN,1
29,86.0.2,379375,DOWNTOWN,1
3,86.149.2,387446,B - BELLEVUE VIA I-40,0
3,86.149.2,387447,B - BELLEVUE VIA I-40,0
3,86.149.2,387448,B - BELLEVUE VIA I-40,0
3,86.149.2,387449,B - BELLEVUE VIA I-40,0
3,86.0.2,379652,A -WHITE BRIDGE,0
3,86.0.2,379661,B - BELLEVUE,0
3,86.0.2,379648,A -WHITE BRIDGE,0
3,86.0.2,379687,B - BELLEVUE,0
3,86.0.2,379664,A -WHITE BRIDGE,0
3,86.0.2,379688,B - BELLEVUE,0
3,86.0.2,379665,A -WHITE BRIDGE,0
3,86.0.2,379689,B - BELLEVUE,0
3,86.0.2,379666,A -WHITE BRIDGE,0
3,86.0.2,379690,B - BELLEVUE,0
3,86.0.2,379667,A -WHITE BRIDGE,0
3,86.0.2,379691,B - BELLEVUE,0
3,86.0.2,379668,A -WHITE BRIDGE,0
3,86.0.2,379692,B - BELLEVUE,0
3,86.0.2,379669,A -WHITE BRIDGE,0
3,86.0.2,379693,B - BELLEVUE,0
3,86.0.2,379670,A -WHITE BRIDGE,0
3,86.0.2,379694,B - BELLEVUE,0
3,86.0.2,379671,A -WHITE BRIDGE,0
3,86.0.2,379695,B - BELLEVUE,0
3,86.0.2,379672,A -WHITE BRIDGE,0
3,86.0.2,379696,B - BELLEVUE,0
3,86.0.2,379673,A -WHITE BRIDGE,0
3,86.0.2,379697,B - BELLEVUE,0
3,86.0.2,379674,A -WHITE BRIDGE,0
3,86.0.2,379698,B - BELLEVUE,0
3,86.0.2,379675,A -WHITE BRIDGE,0
3,86.0.2,379699,B - BELLEVUE,0
3,86.0.2,379676,A -WHITE BRIDGE,0
3,86.0.2,379700,B - BELLEVUE,0
3,86.0.2,379677,A -WHITE BRIDGE,0
3,86.0.2,379701,B - BELLEVUE,0
3,86.0.2,379678,A -WHITE BRIDGE,0
3,86.0.2,379702,B - BELLEVUE,0
3,86.0.2,379679,A -WHITE BRIDGE,0
3,86.0.2,379703,B - BELLEVUE,0
3,86.0.2,379680,A -WHITE BRIDGE,0
3,86.0.2,379704,B - BELLEVUE,0
3,86.0.2,379681,A -WHITE BRIDGE,0
3,86.0.2,379705,B - BELLEVUE,0
3,86.0.2,379682,A -WHITE BRIDGE,0
3,86.0.2,379706,B - BELLEVUE,0
3,86.0.2,379683,A -WHITE BRIDGE,0
3,86.0.2,379707,B - BELLEVUE,0
3,86.0.2,379684,A -WHITE BRIDGE,0
3,86.0.2,379708,B - BELLEVUE,0
3,86.0.2,379685,A -WHITE BRIDGE,0
3,86.0.2,379709,B - BELLEVUE,0
3,86.0.2,379686,A -WHITE BRIDGE,0
3,86.0.2,379710,B - BELLEVUE,0
3,86.0.2,379647,A -WHITE BRIDGE,0
3,86.0.2,379654,B - BELLEVUE,0
3,86.0.2,379646,A -WHITE BRIDGE,0
3,86.0.2,379655,B - BELLEVUE,0
3,86.0.2,379651,A - WHITE BRIDGE,0
3,86.0.2,379656,B - BELLEVUE,0
3,86.0.2,379645,A - WHITE BRIDGE,0
3,86.0.2,379657,B - BELLEVUE,0
3,86.0.2,379644,A -WHITE BRIDGE,0
3,86.0.2,379658,B - BELLEVUE,0
3,86.0.2,379649,A -WHITE BRIDGE,0
3,86.0.2,379659,B - BELLEVUE,0
3,86.0.2,379650,A -WHITE BRIDGE,0
3,86.0.2,379660,B - BELLEVUE,0
3,86.0.2,379653,A - WHITE BRIDGE,0
3,86.0.2,379662,B - BELLEVUE,0
3,86.0.2,379663,AB - WHITE BRIDGE BELLEVUE,0
3,86.149.2,387450,B - DOWNTOWN / NISSAN STADIUM VIA I-40,1
3,86.149.2,387451,B - DOWNTOWN / NISSAN STADIUM VIA I-40,1
3,86.149.2,387452,B - DOWNTOWN / NISSAN STADIUM VIA I-40,1
3,86.149.2,387453,B - DOWNTOWN / NISSAN STADIUM VIA I-40,1
3,86.0.2,379719,A - DOWNTOWN,1
3,86.0.2,379729,B - DOWNTOWN,1
3,86.0.2,379717,A - DOWNTOWN,1
3,86.0.2,379726,B - DOWNTOWN,1
3,86.0.2,379732,A - DOWNTOWN,1
3,86.0.2,379755,B - DOWNTOWN,1
3,86.0.2,379733,A - DOWNTOWN,1
3,86.0.2,379756,B - DOWNTOWN,1
3,86.0.2,379734,A - DOWNTOWN,1
3,86.0.2,379757,B - DOWNTOWN,1
3,86.0.2,379735,A - DOWNTOWN,1
3,86.0.2,379758,B - DOWNTOWN,1
3,86.0.2,379736,A - DOWNTOWN,1
3,86.0.2,379759,B - DOWNTOWN,1
3,86.0.2,379737,A - DOWNTOWN,1
3,86.0.2,379760,B - DOWNTOWN,1
3,86.0.2,379738,A - DOWNTOWN,1
3,86.0.2,379761,B - DOWNTOWN,1
3,86.0.2,379739,A - DOWNTOWN,1
3,86.0.2,379762,B - DOWNTOWN,1
3,86.0.2,379740,A - DOWNTOWN,1
3,86.0.2,379763,B - DOWNTOWN,1
3,86.0.2,379741,A - DOWNTOWN,1
3,86.0.2,379764,B - DOWNTOWN,1
3,86.0.2,379742,A - DOWNTOWN,1
3,86.0.2,379765,B - DOWNTOWN,1
3,86.0.2,379743,A - DOWNTOWN,1
3,86.0.2,379766,B - DOWNTOWN,1
3,86.0.2,379744,A - DOWNTOWN,1
3,86.0.2,379767,B - DOWNTOWN,1
3,86.0.2,379745,A - DOWNTOWN,1
3,86.0.2,379768,B - DOWNTOWN,1
3,86.0.2,379746,A - DOWNTOWN,1
3,86.0.2,379769,B - DOWNTOWN,1
3,86.0.2,379747,A - DOWNTOWN,1
3,86.0.2,379770,B - DOWNTOWN,1
3,86.0.2,379748,A - DOWNTOWN,1
3,86.0.2,379771,B - DOWNTOWN,1
3,86.0.2,379749,A - DOWNTOWN,1
3,86.0.2,379772,B - DOWNTOWN,1
3,86.0.2,379750,A - DOWNTOWN,1
3,86.0.2,379773,B - DOWNTOWN,1
3,86.0.2,379751,A - DOWNTOWN,1
3,86.0.2,379774,B - DOWNTOWN,1
3,86.0.2,379752,A - DOWNTOWN,1
3,86.0.2,379775,B - DOWNTOWN,1
3,86.0.2,379753,A - DOWNTOWN,1
3,86.0.2,379776,B - DOWNTOWN,1
3,86.0.2,379754,A - DOWNTOWN,1
3,86.0.2,379777,B - DOWNTOWN,1
3,86.0.2,379716,A - DOWNTOWN,1
3,86.0.2,379721,B - DOWNTOWN,1
3,86.0.2,379715,A - DOWNTOWN,1
3,86.0.2,379722,B - DOWNTOWN,1
3,86.0.2,379714,A - DOWNTOWN,1
3,86.0.2,379723,B - DOWNTOWN,1
3,86.0.2,379713,A - DOWNTOWN,1
3,86.0.2,379724,B - DOWNTOWN,1
3,86.0.2,379712,A - DOWNTOWN,1
3,86.0.2,379725,B - DOWNTOWN,1
3,86.0.2,379711,A - DOWNTOWN,1
3,86.0.2,379727,B - DOWNTOWN,1
3,86.0.2,379718,A - DOWNTOWN,1
3,86.0.2,379728,B - DOWNTOWN,1
3,86.0.2,379720,A - DOWNTOWN,1
3,86.0.2,379730,B - DOWNTOWN,1
3,86.0.2,379731,A - DOWNTOWN,1
34,86.0.2,379948,OPRY MILLS VIA ELLINGTON,0
34,86.0.2,379951,OPRY MILLS VIA ELLINGTON,0
34,86.0.2,379949,OPRY MILLS VIA ELLINGTON,0
34,86.0.2,379950,OPRY MILLS VIA ELLINGTON,0
34,86.0.2,384960,OPRY MILLS VIA ELLINGTON,0
34,86.0.2,379952,OPRY MILLS VIA ELLINGTON,0
34,86.0.2,384986,OPRY MILLS VIA ELLINGTON,0
34,86.0.2,379953,OPRY MILLS VIA ELLINGTON,0
34,86.0.2,379954,OPRY MILLS VIA ELLINGTON,0
34,86.0.2,384976,OPRY MILLS VIA ELLINGTON,0
34,86.0.2,379955,OPRY MILLS VIA ELLINGTON,0
34,86.0.2,379956,OPRY MILLS VIA ELLINGTON,0
34,86.0.2,379957,OPRY MILLS VIA ELLINGTON,0
34,86.0.2,384977,OPRY MILLS VIA ELLINGTON,0
34,86.0.2,379958,OPRY MILLS VIA ELLINGTON,0
34,86.0.2,379959,OPRY MILLS VIA ELLINGTON,0
34,86.0.2,379960,OPRY MILLS VIA ELLINGTON,0
34,86.0.2,384978,OPRY MILLS VIA ELLINGTON,0
34,86.0.2,379961,OPRY MILLS VIA ELLINGTON,0
34,86.0.2,379962,OPRY MILLS VIA ELLINGTON,0
34,86.0.2,379963,OPRY MILLS VIA ELLINGTON,0
34,86.0.2,384979,OPRY MILLS VIA ELLINGTON,0
34,86.0.2,379964,OPRY MILLS VIA ELLINGTON,0
34,86.0.2,379965,OPRY MILLS VIA ELLINGTON,0
34,86.0.2,379966,OPRY MILLS VIA ELLINGTON,0
34,86.0.2,384980,OPRY MILLS VIA ELLINGTON,0
34,86.0.2,379967,OPRY MILLS VIA ELLINGTON,0
34,86.0.2,379968,OPRY MILLS VIA ELLINGTON,0
34,86.0.2,379970,OPRY MILLS VIA ELLINGTON,0
34,86.0.2,379971,OPRY MILLS VIA ELLINGTON,0
34,86.0.2,379972,OPRY MILLS VIA ELLINGTON,0
34,86.0.2,379973,OPRY MILLS VIA ELLINGTON,0
34,86.0.2,385052,OPRY MILLS VIA ELLINGTON,0
34,86.0.2,379974,OPRY MILLS VIA ELLINGTON,0
34,86.0.2,379975,DOWNTOWN VIA ELLINGTON,1
34,86.0.2,379983,DOWNTOWN VIA ELLINGTON,1
34,86.0.2,384962,DOWNTOWN VIA ELLINGTON,1
34,86.0.2,379977,DOWNTOWN VIA ELLINGTON,1
34,86.0.2,379979,DOWNTOWN VIA ELLINGTON,1
34,86.0.2,384961,DOWNTOWN VIA ELLINGTON,1
34,86.0.2,379981,DOWNTOWN VIA ELLINGTON,1
34,86.0.2,379976,DOWNTOWN VIA ELLINGTON,1
34,86.0.2,379978,DOWNTOWN VIA ELLINGTON,1
34,86.0.2,384981,DOWNTOWN VIA ELLINGTON,1
34,86.0.2,379980,DOWNTOWN VIA ELLINGTON,1
34,86.0.2,379982,DOWNTOWN VIA ELLINGTON,1
34,86.0.2,379984,DOWNTOWN VIA ELLINGTON,1
34,86.0.2,384982,DOWNTOWN VIA ELLINGTON,1
34,86.0.2,379985,DOWNTOWN VIA ELLINGTON,1
34,86.0.2,379986,DOWNTOWN VIA ELLINGTON,1
34,86.0.2,379987,DOWNTOWN VIA ELLINGTON,1
34,86.0.2,384983,DOWNTOWN VIA ELLINGTON,1
34,86.0.2,379988,DOWNTOWN VIA ELLINGTON,1
34,86.0.2,379989,DOWNTOWN VIA ELLINGTON,1
34,86.0.2,379990,DOWNTOWN VIA ELLINGTON,1
34,86.0.2,384984,DOWNTOWN VIA ELLINGTON,1
34,86.0.2,379991,DOWNTOWN VIA ELLINGTON,1
34,86.0.2,379992,DOWNTOWN VIA ELLINGTON,1
34,86.0.2,379993,DOWNTOWN VIA ELLINGTON,1
34,86.0.2,384985,DOWNTOWN VIA ELLINGTON,1
34,86.0.2,379994,DOWNTOWN VIA ELLINGTON,1
34,86.0.2,379995,DOWNTOWN VIA ELLINGTON,1
34,86.0.2,379996,DOWNTOWN VIA ELLINGTON,1
34,86.0.2,379997,DOWNTOWN VIA ELLINGTON,1
34,86.0.2,379999,DOWNTOWN VIA ELLINGTON,1
34,86.0.2,380000,DOWNTOWN VIA ELLINGTON,1
34,86.0.2,385053,DOWNTOWN VIA ELLINGTON,1
34,86.0.2,380001,DOWNTOWN VIA ELLINGTON,1
4,86.0.2,380179,INGLEWOOD,0
4,86.0.2,380178,INGLEWOOD,0
4,86.0.2,380177,INGLEWOOD,0
4,86.0.2,380176,INGLEWOOD,0
4,86.0.2,380175,INGLEWOOD,0
4,86.0.2,380174,INGLEWOOD,0
4,86.0.2,380173,INGLEWOOD,0
4,86.0.2,380172,INGLEWOOD,0
4,86.0.2,380171,INGLEWOOD,0
4,86.0.2,380170,INGLEWOOD,0
4,86.0.2,380169,INGLEWOOD,0
4,86.0.2,380168,INGLEWOOD,0
4,86.0.2,380167,INGLEWOOD,0
4,86.0.2,380166,INGLEWOOD,0
4,86.0.2,380165,INGLEWOOD,0
4,86.0.2,380164,INGLEWOOD,0
4,86.0.2,380163,INGLEWOOD,0
4,86.0.2,380162,INGLEWOOD,0
4,86.0.2,380161,INGLEWOOD,0
4,86.0.2,380160,INGLEWOOD,0
4,86.0.2,380159,INGLEWOOD,0
4,86.0.2,380158,INGLEWOOD,0
4,86.0.2,380157,INGLEWOOD,0
4,86.0.2,380182,INGLEWOOD,0
4,86.0.2,380156,INGLEWOOD,0
4,86.0.2,380180,INGLEWOOD,0
4,86.0.2,380181,INGLEWOOD,0
4,86.0.2,380183,INGLEWOOD,0
4,86.0.2,380210,DOWNTOWN,1
4,86.0.2,380186,DOWNTOWN,1
4,86.0.2,380185,DOWNTOWN,1
4,86.0.2,380187,DOWNTOWN,1
4,86.0.2,380188,DOWNTOWN,1
4,86.0.2,380189,DOWNTOWN,1
4,86.0.2,380190,DOWNTOWN,1
4,86.0.2,380191,DOWNTOWN,1
4,86.0.2,380192,DOWNTOWN,1
4,86.0.2,380193,DOWNTOWN,1
4,86.0.2,380194,DOWNTOWN,1
4,86.0.2,380195,DOWNTOWN,1
4,86.0.2,380196,DOWNTOWN,1
4,86.0.2,380197,DOWNTOWN,1
4,86.0.2,380198,DOWNTOWN,1
4,86.0.2,380199,DOWNTOWN,1
4,86.0.2,380200,DOWNTOWN,1
4,86.0.2,380201,DOWNTOWN,1
4,86.0.2,380202,DOWNTOWN,1
4,86.0.2,380203,DOWNTOWN,1
4,86.0.2,380204,DOWNTOWN,1
4,86.0.2,380205,DOWNTOWN,1
4,86.0.2,380206,DOWNTOWN,1
4,86.0.2,380207,DOWNTOWN,1
4,86.0.2,380208,DOWNTOWN,1
4,86.0.2,380209,DOWNTOWN,1
4,86.0.2,380213,DOWNTOWN,1
4,86.0.2,380184,DOWNTOWN,1
4,86.0.2,380211,DOWNTOWN,1
4,86.0.2,380212,DOWNTOWN,1
4,86.0.2,380214,SHELBY PARK,1
41,86.0.2,385983,TRINITY HILLS,0
41,86.0.2,385984,TRINITY HILLS,0
41,86.0.2,385985,TRINITY HILLS,0
41,86.0.2,385986,TRINITY HILLS,0
41,86.0.2,385987,TRINITY HILLS,0
41,86.0.2,385988,TRINITY HILLS,0
41,86.0.2,385989,TRINITY HILLS,0
41,86.0.2,385990,TRINITY HILLS,0
41,86.0.2,385991,TRINITY HILLS,0
41,86.0.2,385992,TRINITY HILLS,0
41,86.152.2,385993,TRINITY HILLS,0
41,86.153.2,387466,TRINITY HILLS,0
41,86.135.2,385994,TRINITY HILLS,0
41,86.136.2,385995,TRINITY HILLS,0
41,86.91.2,385996,TRINITY HILLS,0
41,86.92.2,385997,TRINITY HILLS,0
41,86.91.2,385998,TRINITY HILLS,0
41,86.92.2,385999,TRINITY HILLS,0
41,86.0.2,386000,DOWNTOWN,1
41,86.0.2,386001,DOWNTOWN,1
41,86.0.2,386002,DOWNTOWN,1
41,86.0.2,386003,DOWNTOWN,1
41,86.0.2,386004,DOWNTOWN,1
41,86.0.2,386005,DOWNTOWN,1
41,86.0.2,386006,DOWNTOWN,1
41,86.0.2,386007,DOWNTOWN,1
41,86.0.2,386008,DOWNTOWN,1
41,86.0.2,386009,DOWNTOWN,1
41,86.135.2,386010,DOWNTOWN,1
41,86.136.2,387210,DOWNTOWN & NISSAN STADIUM,1
41,86.135.2,386011,DOWNTOWN,1
41,86.136.2,386012,DOWNTOWN & NISSAN STADIUM,1
41,86.91.2,386013,DOWNTOWN,1
41,86.92.2,386014,DOWNTOWN & NISSAN STADIUM,1
41,86.91.2,386015,DOWNTOWN,1
41,86.92.2,386016,DOWNTOWN & NISSAN STADIUM,1
42,86.0.2,380439,NORTH NASHVILLE,0
42,86.0.2,380440,NORTH NASHVILLE,0
42,86.0.2,380441,NORTH NASHVILLE,0
42,86.0.2,380442,NORTH NASHVILLE,0
42,86.0.2,380443,NORTH NASHVILLE,0
42,86.0.2,380444,NORTH NASHVILLE,0
42,86.0.2,380445,NORTH NASHVILLE,0
42,86.0.2,380446,NORTH NASHVILLE,0
42,86.0.2,380447,NORTH NASHVILLE,0
42,86.0.2,380448,NORTH NASHVILLE,0
42,86.0.2,380449,NORTH NASHVILLE,0
42,86.0.2,380450,NORTH NASHVILLE,0
42,86.0.2,380451,NORTH NASHVILLE,0
42,86.0.2,380452,NORTH NASHVILLE,0
42,86.0.2,380453,NORTH NASHVILLE,0
42,86.0.2,380454,NORTH NASHVILLE,0
42,86.0.2,380455,NORTH NASHVILLE,0
42,86.0.2,380456,NORTH NASHVILLE,0
42,86.0.2,380457,DOWNTOWN,1
42,86.0.2,380458,DOWNTOWN,1
42,86.0.2,380459,DOWNTOWN,1
42,86.0.2,380460,DOWNTOWN,1
42,86.0.2,380461,DOWNTOWN,1
42,86.0.2,380462,DOWNTOWN,1
42,86.0.2,380463,DOWNTOWN,1
42,86.0.2,380464,DOWNTOWN,1
42,86.0.2,380465,DOWNTOWN,1
42,86.0.2,380466,DOWNTOWN,1
42,86.0.2,380467,DOWNTOWN,1
42,86.0.2,380468,DOWNTOWN,1
42,86.0.2,380469,DOWNTOWN,1
42,86.0.2,380470,DOWNTOWN,1
42,86.0.2,380471,DOWNTOWN,1
42,86.0.2,380472,DOWNTOWN,1
42,86.0.2,380473,DOWNTOWN,1
42,86.0.2,380474,DOWNTOWN,1
50,86.0.2,380821,CHARLOTTE WALMART,0
50,86.0.2,380875,CHARLOTTE WALMART,0
50,86.0.2,380811,CHARLOTTE WALMART,0
50,86.0.2,380828,CHARLOTTE WALMART,0
50,86.0.2,380829,CHARLOTTE WALMART,0
50,86.0.2,380830,CHARLOTTE WALMART,0
50,86.0.2,380831,CHARLOTTE WALMART,0
50,86.0.2,380832,CHARLOTTE WALMART,0
50,86.0.2,380833,CHARLOTTE WALMART,0
50,86.0.2,380834,CHARLOTTE WALMART,0
50,86.0.2,380835,CHARLOTTE WALMART,0
50,86.0.2,380836,CHARLOTTE WALMART,0
50,86.0.2,380837,CHARLOTTE WALMART,0
50,86.0.2,380838,CHARLOTTE WALMART,0
50,86.0.2,380839,CHARLOTTE WALMART,0
50,86.0.2,380840,CHARLOTTE WALMART,0
50,86.0.2,380841,CHARLOTTE WALMART,0
50,86.0.2,380842,CHARLOTTE WALMART,0
50,86.0.2,380843,CHARLOTTE WALMART,0
50,86.0.2,380844,CHARLOTTE WALMART,0
50,86.0.2,380845,CHARLOTTE WALMART,0
50,86.0.2,380846,CHARLOTTE WALMART,0
50,86.0.2,380847,CHARLOTTE WALMART,0
50,86.0.2,380848,CHARLOTTE WALMART,0
50,86.0.2,380849,CHARLOTTE WALMART,0
50,86.0.2,380850,CHARLOTTE WALMART,0
50,86.0.2,380851,CHARLOTTE WALMART,0
50,86.0.2,380852,CHARLOTTE WALMART,0
50,86.0.2,380853,CHARLOTTE WALMART,0
50,86.0.2,380854,CHARLOTTE WALMART,0
50,86.0.2,380855,CHARLOTTE WALMART,0
50,86.0.2,380856,CHARLOTTE WALMART,0
50,86.0.2,380857,CHARLOTTE WALMART,0
50,86.0.2,380858,CHARLOTTE WALMART,0
50,86.0.2,380859,CHARLOTTE WALMART,0
50,86.0.2,380860,CHARLOTTE WALMART,0
50,86.0.2,380861,CHARLOTTE WALMART,0
50,86.0.2,380862,CHARLOTTE WALMART,0
50,86.0.2,380863,CHARLOTTE WALMART,0
50,86.0.2,380864,CHARLOTTE WALMART,0
50,86.0.2,380865,CHARLOTTE WALMART,0
50,86.0.2,380866,CHARLOTTE WALMART,0
50,86.0.2,380867,CHARLOTTE WALMART,0
50,86.0.2,380868,CHARLOTTE WALMART,0
50,86.0.2,380869,CHARLOTTE WALMART,0
50,86.0.2,380870,CHARLOTTE WALMART,0
50,86.0.2,380871,CHARLOTTE WALMART,0
50,86.0.2,380872,CHARLOTTE WALMART,0
50,86.0.2,380873,CHARLOTTE WALMART,0
50,86.0.2,380874,CHARLOTTE WALMART,0
50,86.0.2,380820,CHARLOTTE WALMART,0
50,86.0.2,380819,CHARLOTTE WALMART,0
50,86.0.2,380818,CHARLOTTE WALMART,0
50,86.0.2,380817,CHARLOTTE WALMART,0
50,86.0.2,380816,CHARLOTTE WALMART,0
50,86.0.2,380815,CHARLOTTE WALMART,0
50,86.0.2,380814,CHARLOTTE WALMART,0
50,86.0.2,380813,CHARLOTTE WALMART,0
50,86.0.2,380812,CHARLOTTE WALMART,0
50,86.0.2,380824,CHARLOTTE WALMART,0
50,86.0.2,380822,CHARLOTTE WALMART,0
50,86.0.2,380825,CHARLOTTE WALMART,0
50,86.0.2,380823,CHARLOTTE WALMART,0
50,86.0.2,380826,CHARLOTTE WALMART,0
50,86.0.2,380827,CHARLOTTE WALMART,0
50,86.0.2,380886,DOWNTOWN,1
50,86.0.2,380876,DOWNTOWN,1
50,86.0.2,380940,DOWNTOWN,1
50,86.0.2,380893,DOWNTOWN,1
50,86.0.2,380894,DOWNTOWN,1
50,86.0.2,380895,DOWNTOWN,1
50,86.0.2,380896,DOWNTOWN,1
50,86.0.2,380897,DOWNTOWN,1
50,86.0.2,380898,DOWNTOWN,1
50,86.0.2,380899,DOWNTOWN,1
50,86.0.2,380900,DOWNTOWN,1
50,86.0.2,380901,DOWNTOWN,1
50,86.0.2,380902,DOWNTOWN,1
50,86.0.2,380903,DOWNTOWN,1
50,86.0.2,380904,DOWNTOWN,1
50,86.0.2,380905,DOWNTOWN,1
50,86.0.2,380906,DOWNTOWN,1
50,86.0.2,380907,DOWNTOWN,1
50,86.0.2,380908,DOWNTOWN,1
50,86.0.2,380909,DOWNTOWN,1
50,86.0.2,380910,DOWNTOWN,1
50,86.0.2,380911,DOWNTOWN,1
50,86.0.2,380912,DOWNTOWN,1
50,86.0.2,380913,DOWNTOWN,1
50,86.0.2,380914,DOWNTOWN,1
50,86.0.2,380915,DOWNTOWN,1
50,86.0.2,380916,DOWNTOWN,1
50,86.0.2,380917,DOWNTOWN,1
50,86.0.2,380918,DOWNTOWN,1
50,86.0.2,380919,DOWNTOWN,1
50,86.0.2,380920,DOWNTOWN,1
50,86.0.2,380921,DOWNTOWN,1
50,86.0.2,380922,DOWNTOWN,1
50,86.0.2,380923,DOWNTOWN,1
50,86.0.2,380924,DOWNTOWN,1
50,86.0.2,380925,DOWNTOWN,1
50,86.0.2,380926,DOWNTOWN,1
50,86.0.2,380927,DOWNTOWN,1
50,86.0.2,380928,DOWNTOWN,1
50,86.0.2,380929,DOWNTOWN,1
50,86.0.2,380930,DOWNTOWN,1
50,86.0.2,380931,DOWNTOWN,1
50,86.0.2,380932,DOWNTOWN,1
50,86.0.2,380933,DOWNTOWN,1
50,86.0.2,380934,DOWNTOWN,1
50,86.0.2,380935,DOWNTOWN,1
50,86.0.2,380936,DOWNTOWN,1
50,86.0.2,380937,DOWNTOWN,1
50,86.0.2,380938,DOWNTOWN,1
50,86.0.2,380939,DOWNTOWN,1
50,86.0.2,380885,DOWNTOWN,1
50,86.0.2,380884,DOWNTOWN,1
50,86.0.2,380883,DOWNTOWN,1
50,86.0.2,380882,DOWNTOWN,1
50,86.0.2,380881,DOWNTOWN,1
50,86.0.2,380880,DOWNTOWN,1
50,86.0.2,380879,DOWNTOWN,1
50,86.0.2,380878,DOWNTOWN,1
50,86.0.2,380877,DOWNTOWN,1
50,86.0.2,380889,DOWNTOWN,1
50,86.0.2,380887,DOWNTOWN,1
50,86.0.2,380890,DOWNTOWN,1
50,86.0.2,380888,DOWNTOWN,1
50,86.0.2,380891,DOWNTOWN,1
50,86.0.2,380892,DOWNTOWN,1
52,86.0.2,381287,A - HICKORY PLAZA,0
52,86.0.2,381338,B - EZELL,0
52,86.0.2,381272,A - HICKORY PLAZA,0
52,86.0.2,381277,B - EZELL,0
52,86.0.2,381292,A - HICKORY PLAZA,0
52,86.0.2,381315,B - EZELL,0
52,86.0.2,381293,A - HICKORY PLAZA,0
52,86.0.2,381316,B - EZELL,0
52,86.0.2,381294,A - HICKORY PLAZA,0
52,86.0.2,381317,B - EZELL,0
52,86.0.2,381295,A - HICKORY PLAZA,0
52,86.0.2,381318,B - EZELL,0
52,86.0.2,381296,A - HICKORY PLAZA,0
52,86.0.2,381319,B - EZELL,0
52,86.0.2,381297,A - HICKORY PLAZA,0
52,86.0.2,381320,B - EZELL,0
52,86.0.2,381298,A - HICKORY PLAZA,0
52,86.0.2,381321,B - EZELL,0
52,86.0.2,381299,A - HICKORY PLAZA,0
52,86.0.2,381322,B - EZELL,0
52,86.0.2,381300,A - HICKORY PLAZA,0
52,86.0.2,381323,B - EZELL,0
52,86.0.2,381301,A - HICKORY PLAZA,0
52,86.0.2,381324,B - EZELL,0
52,86.0.2,381302,A - HICKORY PLAZA,0
52,86.0.2,381325,B - EZELL,0
52,86.0.2,381303,A - HICKORY PLAZA,0
52,86.0.2,381326,B - EZELL,0
52,86.0.2,381304,A - HICKORY PLAZA,0
52,86.0.2,381327,B - EZELL,0
52,86.0.2,381305,A - HICKORY PLAZA,0
52,86.0.2,381328,B - EZELL,0
52,86.0.2,381306,A - HICKORY PLAZA,0
52,86.0.2,381329,B - EZELL,0
52,86.0.2,381307,A - HICKORY PLAZA,0
52,86.0.2,381330,B - EZELL,0
52,86.0.2,381308,A - HICKORY PLAZA,0
52,86.0.2,381331,B - EZELL,0
52,86.0.2,381309,A - HICKORY PLAZA,0
52,86.0.2,381332,B - EZELL,0
52,86.0.2,381310,A - HICKORY PLAZA,0
52,86.0.2,381333,B - EZELL,0
52,86.0.2,381311,A - HICKORY PLAZA,0
52,86.0.2,381334,B - EZELL,0
52,86.0.2,381312,A - HICKORY PLAZA,0
52,86.0.2,381335,B - EZELL,0
52,86.0.2,381313,A - HICKORY PLAZA,0
52,86.0.2,381336,B - EZELL,0
52,86.0.2,381314,A - HICKORY PLAZA,0
52,86.0.2,381337,B - EZELL,0
52,86.0.2,381273,A - HICKORY PLAZA,0
52,86.0.2,381278,B - EZELL,0
52,86.0.2,381274,A - HICKORY PLAZA,0
52,86.0.2,381279,B - EZELL,0
52,86.0.2,381275,A - HICKORY PLAZA,0
52,86.0.2,381280,B - EZELL,0
52,86.0.2,381276,A - HICKORY PLAZA,0
52,86.0.2,381283,B - EZELL,0
52,86.0.2,381281,A - HICKORY PLAZA,0
52,86.0.2,381284,B - EZELL,0
52,86.0.2,381282,A - HICKORY PLAZA,0
52,86.0.2,381288,B - EZELL,0
52,86.0.2,381285,AB - HICKORY PLAZA - EZELL,0
52,86.0.2,381289,AB - HICKORY PLAZA - EZELL,0
52,86.0.2,381286,AB - HICKORY PLAZA - EZELL,0
52,86.0.2,381290,AB - HICKORY PLAZA - EZELL,0
52,86.0.2,381291,AB - HICKORY PLAZA - EZELL,0
52,86.0.2,381339,A - DOWNTOWN,1
52,86.0.2,381405,B - DOWNTOWN,1
52,86.0.2,381353,A - DOWNTOWN,1
52,86.0.2,381347,B - DOWNTOWN,1
52,86.0.2,381358,A - DOWNTOWN,1
52,86.0.2,381382,B - DOWNTOWN,1
52,86.0.2,381359,A - DOWNTOWN,1
52,86.0.2,381383,B - DOWNTOWN,1
52,86.0.2,381360,A - DOWNTOWN,1
52,86.0.2,381384,B - DOWNTOWN,1
52,86.0.2,381361,A - DOWNTOWN,1
52,86.0.2,381385,B - DOWNTOWN,1
52,86.0.2,381362,A - DOWNTOWN,1
52,86.0.2,381386,B - DOWNTOWN,1
52,86.0.2,381363,A - DOWNTOWN,1
52,86.0.2,381387,B - DOWNTOWN,1
52,86.0.2,381364,A - DOWNTOWN,1
52,86.0.2,381388,B - DOWNTOWN,1
52,86.0.2,381365,A - DOWNTOWN,1
52,86.0.2,381389,B - DOWNTOWN,1
52,86.0.2,381366,A - DOWNTOWN,1
52,86.0.2,381390,B - DOWNTOWN,1
52,86.0.2,381367,A - DOWNTOWN,1
52,86.0.2,381391,B - DOWNTOWN,1
52,86.0.2,381368,A - DOWNTOWN,1
52,86.0.2,381392,B - DOWNTOWN,1
52,86.0.2,381369,A - DOWNTOWN,1
52,86.0.2,381393,B - DOWNTOWN,1
52,86.0.2,381370,A - DOWNTOWN,1
52,86.0.2,381394,B - DOWNTOWN,1
52,86.0.2,381371,A - DOWNTOWN,1
52,86.0.2,381395,B - DOWNTOWN,1
52,86.0.2,381372,A - DOWNTOWN,1
52,86.0.2,381396,B - DOWNTOWN,1
52,86.0.2,381373,A - DOWNTOWN,1
52,86.0.2,381397,B - DOWNTOWN,1
52,86.0.2,381374,A - DOWNTOWN,1
52,86.0.2,381398,B - DOWNTOWN,1
52,86.0.2,381375,A - DOWNTOWN,1
52,86.0.2,381399,B - DOWNTOWN,1
52,86.0.2,381376,A - DOWNTOWN,1
52,86.0.2,381400,B - DOWNTOWN,1
52,86.0.2,381377,A - DOWNTOWN,1
52,86.0.2,381401,B - DOWNTOWN,1
52,86.0.2,381378,A - DOWNTOWN,1
52,86.0.2,381402,B - DOWNTOWN,1
52,86.0.2,381379,A - DOWNTOWN,1
52,86.0.2,381403,B - DOWNTOWN,1
52,86.0.2,381380,A - DOWNTOWN,1
52,86.0.2,381404,B - DOWNTOWN,1
52,86.0.2,381381,A - DOWNTOWN,1
52,86.0.2,381348,B - DOWNTOWN,1
52,86.0.2,381340,A - DOWNTOWN,1
52,86.0.2,381349,B - DOWNTOWN,1
52,86.0.2,381341,A - DOWNTOWN,1
52,86.0.2,381350,B - DOWNTOWN,1
52,86.0.2,381342,A - DOWNTOWN,1
52,86.0.2,381345,B - DOWNTOWN,1
52,86.0.2,381343,A - DOWNTOWN,1
52,86.0.2,381346,B - DOWNTOWN,1
52,86.0.2,381344,A - DOWNTOWN,1
52,86.0.2,381354,B - DOWNTOWN,1
52,86.0.2,381351,A - DOWNTOWN,1
52,86.0.2,381355,B - DOWNTOWN,1
52,86.0.2,381352,A - DOWNTOWN,1
52,86.0.2,381356,B - DOWNTOWN,1
52,86.0.2,381357,B - DOWNTOWN,1
55,86.149.2,387454,HICKORY HOLLOW VIA I-24,0
55,86.149.2,387455,HICKORY HOLLOW VIA I-24,0
55,86.149.2,387456,HICKORY HOLLOW VIA I-24,0
55,86.149.2,387457,HICKORY HOLLOW VIA I-24,0
55,86.0.2,381750,HICKORY HOLLOW,0
55,86.0.2,381820,HICKORY HOLLOW,0
55,86.0.2,381802,HICKORY HOLLOW,0
55,86.0.2,381749,HICKORY HOLLOW,0
55,86.0.2,381753,HICKORY HOLLOW,0
55,86.0.2,381754,HICKORY HOLLOW,0
55,86.0.2,381755,HICKORY HOLLOW,0
55,86.0.2,381756,HICKORY HOLLOW,0
55,86.0.2,381757,HICKORY HOLLOW,0
55,86.0.2,381758,HICKORY HOLLOW,0
55,86.0.2,381759,HICKORY HOLLOW,0
55,86.0.2,381760,HICKORY HOLLOW,0
55,86.0.2,381761,HICKORY HOLLOW,0
55,86.0.2,381762,HICKORY HOLLOW,0
55,86.0.2,381763,HICKORY HOLLOW,0
55,86.0.2,381764,HICKORY HOLLOW,0
55,86.0.2,381765,HICKORY HOLLOW,0
55,86.0.2,381766,HICKORY HOLLOW,0
55,86.0.2,381767,HICKORY HOLLOW,0
55,86.0.2,381768,HICKORY HOLLOW,0
55,86.0.2,381769,HICKORY HOLLOW,0
55,86.0.2,381770,HICKORY HOLLOW,0
55,86.0.2,381771,HICKORY HOLLOW,0
55,86.0.2,381772,HICKORY HOLLOW,0
55,86.0.2,381773,HICKORY HOLLOW,0
55,86.0.2,381774,HICKORY HOLLOW,0
55,86.0.2,381775,HICKORY HOLLOW,0
55,86.0.2,381776,HICKORY HOLLOW,0
55,86.0.2,381777,HICKORY HOLLOW,0
55,86.0.2,381778,HICKORY HOLLOW,0
55,86.0.2,381779,HICKORY HOLLOW,0
55,86.0.2,381780,HICKORY HOLLOW,0
55,86.0.2,381781,HICKORY HOLLOW,0
55,86.0.2,381782,HICKORY HOLLOW,0
55,86.0.2,381783,HICKORY HOLLOW,0
55,86.0.2,381784,HICKORY HOLLOW,0
55,86.0.2,381785,HICKORY HOLLOW,0
55,86.0.2,381786,HICKORY HOLLOW,0
55,86.0.2,381787,HICKORY HOLLOW,0
55,86.0.2,381788,HICKORY HOLLOW,0
55,86.0.2,381789,HICKORY HOLLOW,0
55,86.0.2,381790,HICKORY HOLLOW,0
55,86.0.2,381791,HICKORY HOLLOW,0
55,86.0.2,381792,HICKORY HOLLOW,0
55,86.0.2,381793,HICKORY HOLLOW,0
55,86.0.2,381794,HICKORY HOLLOW,0
55,86.0.2,381795,HICKORY HOLLOW,0
55,86.0.2,381796,HICKORY HOLLOW,0
55,86.0.2,381797,HICKORY HOLLOW,0
55,86.0.2,381798,HICKORY HOLLOW,0
55,86.0.2,381799,HICKORY HOLLOW,0
55,86.0.2,381748,HICKORY HOLLOW,0
55,86.0.2,381805,HICKORY HOLLOW,0
55,86.0.2,381806,HICKORY HOLLOW,0
55,86.0.2,381807,HICKORY HOLLOW,0
55,86.0.2,381808,HICKORY HOLLOW,0
55,86.0.2,381809,HICKORY HOLLOW,0
55,86.0.2,381810,HICKORY HOLLOW,0
55,86.0.2,381811,HICKORY HOLLOW,0
55,86.0.2,381812,HICKORY HOLLOW,0
55,86.0.2,381813,HICKORY HOLLOW,0
55,86.0.2,381814,HICKORY HOLLOW,0
55,86.0.2,381815,HICKORY HOLLOW,0
55,86.0.2,381816,HICKORY HOLLOW,0
55,86.0.2,381817,HICKORY HOLLOW,0
55,86.0.2,381818,HICKORY HOLLOW,0
55,86.0.2,381819,HICKORY HOLLOW,0
55,86.0.2,381747,HICKORY HOLLOW,0
55,86.0.2,381800,HICKORY HOLLOW,0
55,86.0.2,381751,HICKORY HOLLOW,0
55,86.0.2,381801,HICKORY HOLLOW,0
55,86.0.2,381752,HICKORY HOLLOW,0
55,86.0.2,381803,HICKORY HOLLOW,0
55,86.0.2,381804,HICKORY HOLLOW,0
55,86.149.2,387458,NISSAN STADIUM VIA I-24,1
55,86.149.2,387459,NISSAN STADIUM VIA I-24,1
55,86.149.2,387460,NISSAN STADIUM VIA I-24,1
55,86.149.2,387461,NISSAN STADIUM VIA I-24,1
55,86.0.2,381823,DOWNTOWN,1
55,86.0.2,381894,DOWNTOWN,1
55,86.0.2,381876,DOWNTOWN,1
55,86.0.2,381822,DOWNTOWN,1
55,86.0.2,381826,DOWNTOWN,1
55,86.0.2,381827,DOWNTOWN,1
55,86.0.2,381828,DOWNTOWN,1
55,86.0.2,381829,DOWNTOWN,1
55,86.0.2,381830,DOWNTOWN,1
55,86.0.2,381831,DOWNTOWN,1
55,86.0.2,381832,DOWNTOWN,1
55,86.0.2,381833,DOWNTOWN,1
55,86.0.2,381834,DOWNTOWN,1
55,86.0.2,381835,DOWNTOWN,1
55,86.0.2,381836,DOWNTOWN,1
55,86.0.2,381837,DOWNTOWN,1
55,86.0.2,381838,DOWNTOWN,1
55,86.0.2,381839,DOWNTOWN,1
55,86.0.2,381840,DOWNTOWN,1
55,86.0.2,381841,DOWNTOWN,1
55,86.0.2,381842,DOWNTOWN,1
55,86.0.2,381843,DOWNTOWN,1
55,86.0.2,381844,DOWNTOWN,1
55,86.0.2,381845,DOWNTOWN,1
55,86.0.2,381846,DOWNTOWN,1
55,86.0.2,381847,DOWNTOWN,1
55,86.0.2,381848,DOWNTOWN,1
55,86.0.2,381849,DOWNTOWN,1
55,86.0.2,381850,DOWNTOWN,1
55,86.0.2,381851,DOWNTOWN,1
55,86.0.2,381852,DOWNTOWN,1
55,86.0.2,381853,DOWNTOWN,1
55,86.0.2,381854,DOWNTOWN,1
55,86.0.2,381855,DOWNTOWN,1
55,86.0.2,381856,DOWNTOWN,1
55,86.0.2,381857,DOWNTOWN,1
55,86.0.2,381858,DOWNTOWN,1
55,86.0.2,381859,DOWNTOWN,1
55,86.0.2,381860,DOWNTOWN,1
55,86.0.2,381861,DOWNTOWN,1
55,86.0.2,381862,DOWNTOWN,1
55,86.0.2,381863,DOWNTOWN,1
55,86.0.2,381864,DOWNTOWN,1
55,86.0.2,381865,DOWNTOWN,1
55,86.0.2,381866,DOWNTOWN,1
55,86.0.2,381867,DOWNTOWN,1
55,86.0.2,381868,DOWNTOWN,1
55,86.0.2,381869,DOWNTOWN,1
55,86.0.2,381870,DOWNTOWN,1
55,86.0.2,381871,DOWNTOWN,1
55,86.0.2,381872,DOWNTOWN,1
55,86.0.2,381873,DOWNTOWN,1
55,86.0.2,381879,DOWNTOWN,1
55,86.0.2,381880,DOWNTOWN,1
55,86.0.2,381881,DOWNTOWN,1
55,86.0.2,381882,DOWNTOWN,1
55,86.0.2,381883,DOWNTOWN,1
55,86.0.2,381884,DOWNTOWN,1
55,86.0.2,381885,DOWNTOWN,1
55,86.0.2,381886,DOWNTOWN,1
55,86.0.2,381887,DOWNTOWN,1
55,86.0.2,381888,DOWNTOWN,1
55,86.0.2,381889,DOWNTOWN,1
55,86.0.2,381890,DOWNTOWN,1
55,86.0.2,381891,DOWNTOWN,1
55,86.0.2,381892,DOWNTOWN,1
55,86.0.2,381893,DOWNTOWN,1
55,86.0.2,381821,DOWNTOWN,1
55,86.0.2,381874,DOWNTOWN,1
55,86.0.2,381824,DOWNTOWN,1
55,86.0.2,381875,DOWNTOWN,1
55,86.0.2,381825,DOWNTOWN,1
55,86.0.2,381877,DOWNTOWN,1
55,86.0.2,381878,DOWNTOWN,1
56,86.0.2,382296,RIVERGATE,0
56,86.0.2,382366,RIVERGATE,0
56,86.0.2,382367,RIVERGATE,0
56,86.0.2,382295,RIVERGATE,0
56,86.0.2,382303,RIVERGATE,0
56,86.0.2,382304,RIVERGATE,0
56,86.0.2,382305,RIVERGATE,0
56,86.0.2,382306,RIVERGATE,0
56,86.0.2,382307,RIVERGATE,0
56,86.0.2,382308,RIVERGATE,0
56,86.0.2,382309,RIVERGATE,0
56,86.0.2,382310,RIVERGATE,0
56,86.0.2,382311,RIVERGATE,0
56,86.0.2,382312,RIVERGATE,0
56,86.0.2,382313,RIVERGATE,0
56,86.0.2,382314,RIVERGATE,0
56,86.0.2,382315,RIVERGATE,0
56,86.0.2,382316,RIVERGATE,0
56,86.0.2,382317,RIVERGATE,0
56,86.0.2,382318,RIVERGATE,0
56,86.0.2,382319,RIVERGATE,0
56,86.0.2,382320,RIVERGATE,0
56,86.0.2,382321,RIVERGATE,0
56,86.0.2,382322,RIVERGATE,0
56,86.0.2,382323,RIVERGATE,0
56,86.0.2,382324,RIVERGATE,0
56,86.0.2,382325,RIVERGATE,0
56,86.0.2,382326,RIVERGATE,0
56,86.0.2,382327,RIVERGATE,0
56,86.0.2,382328,RIVERGATE,0
56,86.0.2,382329,RIVERGATE,0
56,86.0.2,382330,RIVERGATE,0
56,86.0.2,382331,RIVERGATE,0
56,86.0.2,382332,RIVERGATE,0
56,86.0.2,382333,RIVERGATE,0
56,86.0.2,382334,RIVERGATE,0
56,86.0.2,382335,RIVERGATE,0
56,86.0.2,382336,RIVERGATE,0
56,86.152.2,382337,RIVERGATE,0
56,86.153.2,387462,RIVERGATE,0
56,86.153.2,387463,RIVERGATE,0
56,86.152.2,382338,RIVERGATE,0
56,86.135.2,382339,RIVERGATE,0
56,86.136.2,387014,RIVERGATE,0
56,86.135.2,382340,RIVERGATE,0
56,86.136.2,387015,RIVERGATE,0
56,86.135.2,382341,RIVERGATE,0
56,86.136.2,387016,RIVERGATE,0
56,86.135.2,382342,RIVERGATE,0
56,86.136.2,387017,RIVERGATE,0
56,86.135.2,382343,RIVERGATE,0
56,86.136.2,387018,RIVERGATE,0
56,86.136.2,387019,RIVERGATE,0
56,86.135.2,382344,RIVERGATE,0
56,86.91.2,382345,RIVERGATE,0
56,86.92.2,387032,RIVERGATE,0
56,86.91.2,382346,RIVERGATE,0
56,86.92.2,387033,RIVERGATE,0
56,86.91.2,382347,RIVERGATE,0
56,86.92.2,387034,RIVERGATE,0
56,86.91.2,382348,RIVERGATE,0
56,86.92.2,387035,RIVERGATE,0
56,86.92.2,387036,RIVERGATE,0
56,86.91.2,382349,RIVERGATE,0
56,86.91.2,382350,RIVERGATE,0
56,86.92.2,387037,RIVERGATE,0
56,86.92.2,387038,RIVERGATE,0
56,86.91.2,382351,RIVERGATE,0
56,86.91.2,382352,RIVERGATE,0
56,86.92.2,387039,RIVERGATE,0
56,86.91.2,382353,RIVERGATE,0
56,86.92.2,387040,RIVERGATE,0
56,86.92.2,387041,RIVERGATE,0
56,86.91.2,382354,RIVERGATE,0
56,86.91.2,382355,RIVERGATE,0
56,86.92.2,387042,RIVERGATE,0
56,86.91.2,382356,RIVERGATE,0
56,86.92.2,387043,RIVERGATE,0
56,86.91.2,382357,RIVERGATE,0
56,86.92.2,387044,RIVERGATE,0
56,86.91.2,382358,RIVERGATE,0
56,86.92.2,387045,RIVERGATE,0
56,86.91.2,382359,RIVERGATE,0
56,86.92.2,387046,RIVERGATE,0
56,86.91.2,382360,RIVERGATE,0
56,86.92.2,387047,RIVERGATE,0
56,86.108.2,382361,RIVERGATE,0
56,86.109.2,387048,RIVERGATE,0
56,86.108.2,382362,RIVERGATE,0
56,86.109.2,387049,RIVERGATE,0
56,86.108.2,382363,RIVERGATE,0
56,86.109.2,387050,RIVERGATE,0
56,86.108.2,382364,RIVERGATE,0
56,86.109.2,387051,RIVERGATE,0
56,86.109.2,387052,RIVERGATE,0
56,86.108.2,382365,RIVERGATE,0
56,86.108.2,382294,RIVERGATE,0
56,86.109.2,387053,RIVERGATE,0
56,86.108.2,382299,RIVERGATE,0
56,86.109.2,387054,RIVERGATE,0
56,86.108.2,382297,RIVERGATE,0
56,86.109.2,387055,RIVERGATE,0
56,86.108.2,382300,RIVERGATE,0
56,86.109.2,387056,RIVERGATE,0
56,86.108.2,382298,RIVERGATE,0
56,86.109.2,387057,RIVERGATE,0
56,86.109.2,387058,RIVERGATE,0
56,86.108.2,382301,RIVERGATE,0
56,86.108.2,382302,RIVERGATE,0
56,86.109.2,387059,RIVERGATE,0
56,86.0.2,382370,DOWNTOWN,1
56,86.0.2,382440,DOWNTOWN,1
56,86.0.2,382441,DOWNTOWN,1
56,86.0.2,382369,DOWNTOWN,1
56,86.0.2,382377,DOWNTOWN,1
56,86.0.2,382378,DOWNTOWN,1
56,86.0.2,382379,DOWNTOWN,1
56,86.0.2,382380,DOWNTOWN,1
56,86.0.2,382381,DOWNTOWN,1
56,86.0.2,382382,DOWNTOWN,1
56,86.0.2,382383,DOWNTOWN,1
56,86.0.2,382384,DOWNTOWN,1
56,86.0.2,382385,DOWNTOWN,1
56,86.0.2,382386,DOWNTOWN,1
56,86.0.2,382387,DOWNTOWN,1
56,86.0.2,382388,DOWNTOWN,1
56,86.0.2,382389,DOWNTOWN,1
56,86.0.2,382390,DOWNTOWN,1
56,86.0.2,382391,DOWNTOWN,1
56,86.0.2,382392,DOWNTOWN,1
56,86.0.2,382393,DOWNTOWN,1
56,86.0.2,382394,DOWNTOWN,1
56,86.0.2,382395,DOWNTOWN,1
56,86.0.2,382396,DOWNTOWN,1
56,86.0.2,382397,DOWNTOWN,1
56,86.0.2,382398,DOWNTOWN,1
56,86.0.2,382399,DOWNTOWN,1
56,86.0.2,382400,DOWNTOWN,1
56,86.0.2,382401,DOWNTOWN,1
56,86.0.2,382402,DOWNTOWN,1
56,86.0.2,382403,DOWNTOWN,1
56,86.0.2,382404,DOWNTOWN,1
56,86.0.2,382405,DOWNTOWN,1
56,86.0.2,382406,DOWNTOWN,1
56,86.0.2,382407,DOWNTOWN,1
56,86.0.2,382408,DOWNTOWN,1
56,86.0.2,382409,DOWNTOWN,1
56,86.0.2,382410,DOWNTOWN,1
56,86.0.2,382411,DOWNTOWN,1
56,86.152.2,382412,DOWNTOWN,1
56,86.153.2,387464,NISSAN STADIUM & DOWNTOWN,1
56,86.153.2,387465,NISSAN STADIUM & DOWNTOWN,1
56,86.152.2,382413,DOWNTOWN,1
56,86.135.2,382414,DOWNTOWN,1
56,86.136.2,387060,NISSAN STADIUM & DOWNTOWN,1
56,86.135.2,382415,DOWNTOWN,1
56,86.136.2,387061,NISSAN STADIUM & DOWNTOWN,1
56,86.136.2,387062,NISSAN STADIUM & DOWNTOWN,1
56,86.135.2,382416,DOWNTOWN,1
56,86.135.2,382417,DOWNTOWN,1
56,86.136.2,387063,NISSAN STADIUM & DOWNTOWN,1
56,86.135.2,382418,DOWNTOWN,1
56,86.136.2,387064,NISSAN STADIUM & DOWNTOWN,1
56,86.136.2,387065,NISSAN STADIUM & DOWNTOWN,1
56,86.135.2,382419,DOWNTOWN,1
56,86.91.2,382420,DOWNTOWN,1
56,86.92.2,387066,NISSAN STADIUM & DOWNTOWN,1
56,86.91.2,382421,DOWNTOWN,1
56,86.92.2,387067,NISSAN STADIUM & DOWNTOWN,1
56,86.92.2,387068,NISSAN STADIUM & DOWNTOWN,1
56,86.91.2,382422,DOWNTOWN,1
56,86.91.2,382423,DOWNTOWN,1
56,86.92.2,387069,NISSAN STADIUM & DOWNTOWN,1
56,86.91.2,382424,DOWNTOWN,1
56,86.92.2,387070,NISSAN STADIUM & DOWNTOWN,1
56,86.92.2,387071,NISSAN STADIUM & DOWNTOWN,1
56,86.91.2,382425,DOWNTOWN,1
56,86.91.2,382426,DOWNTOWN,1
56,86.92.2,387072,NISSAN STADIUM & DOWNTOWN,1
56,86.91.2,382427,DOWNTOWN,1
56,86.92.2,387073,NISSAN STADIUM & DOWNTOWN,1
56,86.91.2,382428,DOWNTOWN,1
56,86.92.2,387074,NISSAN STADIUM & DOWNTOWN,1
56,86.92.2,387075,NISSAN STADIUM & DOWNTOWN,1
56,86.91.2,382429,DOWNTOWN,1
56,86.91.2,382430,DOWNTOWN,1
56,86.92.2,387076,NISSAN STADIUM & DOWNTOWN,1
56,86.92.2,387077,NISSAN STADIUM & DOWNTOWN,1
56,86.91.2,382431,DOWNTOWN,1
56,86.91.2,382432,DOWNTOWN,1
56,86.92.2,387078,NISSAN STADIUM & DOWNTOWN,1
56,86.92.2,387079,NISSAN STADIUM & DOWNTOWN,1
56,86.91.2,382433,DOWNTOWN,1
56,86.91.2,382434,DOWNTOWN,1
56,86.92.2,387080,NISSAN STADIUM & DOWNTOWN,1
56,86.91.2,382435,DOWNTOWN,1
56,86.92.2,387081,NISSAN STADIUM & DOWNTOWN,1
56,86.108.2,382436,DOWNTOWN,1
56,86.109.2,387082,NISSAN STADIUM & DOWNTOWN,1
56,86.108.2,382437,DOWNTOWN,1
56,86.109.2,387083,NISSAN STADIUM & DOWNTOWN,1
56,86.108.2,382438,DOWNTOWN,1
56,86.109.2,387084,NISSAN STADIUM & DOWNTOWN,1
56,86.109.2,387085,NISSAN STADIUM & DOWNTOWN,1
56,86.108.2,382439,DOWNTOWN,1
56,86.108.2,382368,DOWNTOWN,1
56,86.109.2,387086,NISSAN STADIUM & DOWNTOWN,1
56,86.108.2,382373,DOWNTOWN,1
56,86.109.2,387087,NISSAN STADIUM & DOWNTOWN,1
56,86.108.2,382371,DOWNTOWN,1
56,86.109.2,387088,NISSAN STADIUM & DOWNTOWN,1
56,86.108.2,382374,DOWNTOWN,1
56,86.109.2,387089,NISSAN STADIUM & DOWNTOWN,1
56,86.108.2,382372,DOWNTOWN,1
56,86.109.2,387090,NISSAN STADIUM & DOWNTOWN,1
56,86.109.2,387091,NISSAN STADIUM & DOWNTOWN,1
56,86.108.2,382375,DOWNTOWN,1
56,86.108.2,382376,DOWNTOWN,1
56,86.109.2,387092,NISSAN STADIUM & DOWNTOWN,1
6,86.0.2,382712,HERMITAGE STATION,0
6,86.0.2,382713,HERMITAGE STATION,0
6,86.0.2,382714,HERMITAGE STATION,0
6,86.0.2,382715,HERMITAGE STATION,0
6,86.0.2,382716,HERMITAGE STATION,0
6,86.0.2,382717,HERMITAGE STATION,0
6,86.0.2,382718,HERMITAGE STATION,0
6,86.0.2,382719,HERMITAGE STATION,0
6,86.0.2,382720,HERMITAGE STATION,0
6,86.0.2,382721,HERMITAGE STATION,0
6,86.0.2,382722,HERMITAGE STATION,0
6,86.0.2,382723,HERMITAGE STATION,0
6,86.0.2,382724,HERMITAGE STATION,0
6,86.0.2,382725,HERMITAGE STATION,0
6,86.0.2,382726,HERMITAGE STATION,0
6,86.0.2,382727,HERMITAGE STATION,0
6,86.0.2,382728,HERMITAGE STATION,0
6,86.0.2,382729,HERMITAGE STATION,0
6,86.0.2,382730,HERMITAGE STATION,0
6,86.0.2,382731,DOWNTOWN,1
6,86.0.2,382732,DOWNTOWN,1
6,86.0.2,382733,DOWNTOWN,1
6,86.0.2,382734,DOWNTOWN,1
6,86.0.2,382735,DOWNTOWN,1
6,86.0.2,382736,DOWNTOWN,1
6,86.0.2,382737,DOWNTOWN,1
6,86.0.2,382738,DOWNTOWN,1
6,86.0.2,382739,DOWNTOWN,1
6,86.0.2,382740,DOWNTOWN,1
6,86.0.2,382741,DOWNTOWN,1
6,86.0.2,382742,DOWNTOWN,1
6,86.0.2,382743,DOWNTOWN,1
6,86.0.2,382744,DOWNTOWN,1
6,86.0.2,382745,DOWNTOWN,1
6,86.0.2,382746,DOWNTOWN,1
6,86.0.2,382747,DOWNTOWN,1
6,86.0.2,382748,DOWNTOWN,1
6,86.0.2,382749,DOWNTOWN,1
7,86.0.2,382942,GREEN HILLS,0
7,86.0.2,382941,GREEN HILLS,0
7,86.0.2,382957,GREEN HILLS,0
7,86.0.2,382958,GREEN HILLS,0
7,86.0.2,382959,GREEN HILLS,0
7,86.0.2,382960,GREEN HILLS,0
7,86.0.2,382961,GREEN HILLS,0
7,86.0.2,382962,GREEN HILLS,0
7,86.0.2,382963,GREEN HILLS,0
7,86.0.2,382964,GREEN HILLS,0
7,86.0.2,382965,GREEN HILLS,0
7,86.0.2,382966,GREEN HILLS,0
7,86.0.2,382967,GREEN HILLS,0
7,86.0.2,382968,GREEN HILLS,0
7,86.0.2,382969,GREEN HILLS,0
7,86.0.2,382970,GREEN HILLS,0
7,86.0.2,382971,GREEN HILLS,0
7,86.0.2,382972,GREEN HILLS,0
7,86.0.2,382973,GREEN HILLS,0
7,86.0.2,382974,GREEN HILLS,0
7,86.0.2,382975,GREEN HILLS,0
7,86.0.2,382976,GREEN HILLS,0
7,86.0.2,382977,GREEN HILLS,0
7,86.0.2,382978,GREEN HILLS,0
7,86.0.2,382979,GREEN HILLS,0
7,86.0.2,382980,GREEN HILLS,0
7,86.0.2,382981,GREEN HILLS,0
7,86.0.2,382982,GREEN HILLS,0
7,86.0.2,382983,GREEN HILLS,0
7,86.0.2,382984,GREEN HILLS,0
7,86.0.2,382985,GREEN HILLS,0
7,86.0.2,382986,GREEN HILLS,0
7,86.0.2,382987,GREEN HILLS,0
7,86.0.2,382988,GREEN HILLS,0
7,86.0.2,382989,GREEN HILLS,0
7,86.0.2,382990,GREEN HILLS,0
7,86.0.2,382991,GREEN HILLS,0
7,86.0.2,382945,GREEN HILLS,0
7,86.0.2,382946,GREEN HILLS,0
7,86.0.2,382947,GREEN HILLS,0
7,86.0.2,382948,GREEN HILLS,0
7,86.0.2,382949,GREEN HILLS,0
7,86.0.2,382950,GREEN HILLS,0
7,86.0.2,382951,GREEN HILLS,0
7,86.0.2,382952,GREEN HILLS,0
7,86.0.2,382940,GREEN HILLS,0
7,86.0.2,382953,GREEN HILLS,0
7,86.0.2,382943,GREEN HILLS,0
7,86.0.2,382954,GREEN HILLS,0
7,86.0.2,382944,GREEN HILLS,0
7,86.0.2,382955,GREEN HILLS,0
7,86.0.2,382956,GREEN HILLS,0
7,86.0.2,382992,DOWNTOWN,1
7,86.0.2,382995,DOWNTOWN,1
7,86.0.2,383008,DOWNTOWN,1
7,86.0.2,383009,DOWNTOWN,1
7,86.0.2,383010,DOWNTOWN,1
7,86.0.2,383011,DOWNTOWN,1
7,86.0.2,383012,DOWNTOWN,1
7,86.0.2,383013,DOWNTOWN,1
7,86.0.2,383014,DOWNTOWN,1
7,86.0.2,383015,DOWNTOWN,1
7,86.0.2,383016,DOWNTOWN,1
7,86.0.2,383017,DOWNTOWN,1
7,86.0.2,383018,DOWNTOWN,1
7,86.0.2,383019,DOWNTOWN,1
7,86.0.2,383020,DOWNTOWN,1
7,86.0.2,383021,DOWNTOWN,1
7,86.0.2,383022,DOWNTOWN,1
7,86.0.2,383023,DOWNTOWN,1
7,86.0.2,383024,DOWNTOWN,1
7,86.0.2,383025,DOWNTOWN,1
7,86.0.2,383026,DOWNTOWN,1
7,86.0.2,383027,DOWNTOWN,1
7,86.0.2,383028,DOWNTOWN,1
7,86.0.2,383029,DOWNTOWN,1
7,86.0.2,383030,DOWNTOWN,1
7,86.0.2,383031,DOWNTOWN,1
7,86.0.2,383032,DOWNTOWN,1
7,86.0.2,383033,DOWNTOWN,1
7,86.0.2,383034,DOWNTOWN,1
7,86.0.2,383035,DOWNTOWN,1
7,86.0.2,383036,DOWNTOWN,1
7,86.0.2,383037,DOWNTOWN,1
7,86.0.2,383038,DOWNTOWN,1
7,86.0.2,383039,DOWNTOWN,1
7,86.0.2,383040,DOWNTOWN,1
7,86.0.2,383041,DOWNTOWN,1
7,86.0.2,383042,DOWNTOWN,1
7,86.0.2,382996,DOWNTOWN,1
7,86.0.2,382997,DOWNTOWN,1
7,86.0.2,382998,DOWNTOWN,1
7,86.0.2,382999,DOWNTOWN,1
7,86.0.2,383000,DOWNTOWN,1
7,86.0.2,383001,DOWNTOWN,1
7,86.0.2,383002,DOWNTOWN,1
7,86.0.2,383003,DOWNTOWN,1
7,86.0.2,383004,DOWNTOWN,1
7,86.0.2,382993,DOWNTOWN,1
7,86.0.2,383005,DOWNTOWN,1
7,86.0.2,382994,DOWNTOWN,1
7,86.0.2,383006,DOWNTOWN,1
7,86.0.2,383007,DOWNTOWN,1
71,86.0.2,383235,GALLATIN PK - GREENFIELD STATION,0
71,86.0.2,383236,GALLATIN PK - GREENFIELD STATION,0
71,86.0.2,383237,GALLATIN PK - GREENFIELD STATION,0
71,86.0.2,383238,GALLATIN PK - GREENFIELD STATION,0
71,86.0.2,383239,GALLATIN PK - GREENFIELD STATION,0
71,86.0.2,383240,GALLATIN PK - GREENFIELD STATION,0
71,86.0.2,383241,GALLATIN PK - GREENFIELD STATION,0
71,86.0.2,383242,GALLATIN PK - GREENFIELD STATION,0
71,86.0.2,383243,GALLATIN PK - GREENFIELD STATION,0
71,86.0.2,383244,GALLATIN PK - GREENFIELD STATION,0
71,86.0.2,383245,GALLATIN PK - GREENFIELD STATION,0
71,86.0.2,383246,GALLATIN PK - GREENFIELD STATION,0
71,86.0.2,383247,GALLATIN PK - GREENFIELD STATION,0
71,86.0.2,383248,GALLATIN PK - GREENFIELD STATION,0
71,86.0.2,383249,GALLATIN PK - GREENFIELD STATION,0
71,86.0.2,383250,GALLATIN PK - GREENFIELD STATION,0
71,86.0.2,383251,GALLATIN PK - GREENFIELD STATION,0
71,86.0.2,383252,GALLATIN PK - GREENFIELD STATION,0
71,86.0.2,383253,GALLATIN PK - GREENFIELD STATION,0
71,86.0.2,383254,GALLATIN PK - GREENFIELD STATION,0
71,86.0.2,383255,GALLATIN PK - GREENFIELD STATION,0
71,86.0.2,383256,GALLATIN PK - GREENFIELD STATION,0
71,86.0.2,383257,GALLATIN PK - GREENFIELD STATION,0
71,86.0.2,383258,GALLATIN PK - GREENFIELD STATION,0
71,86.0.2,383259,GALLATIN PK - GREENFIELD STATION,0
71,86.0.2,383260,GALLATIN PK - GREENFIELD STATION,0
71,86.0.2,383287,NORTH NASHVILLE,1
71,86.0.2,383261,NORTH NASHVILLE,1
71,86.0.2,383262,NORTH NASHVILLE,1
71,86.0.2,383263,NORTH NASHVILLE,1
71,86.0.2,383264,NORTH NASHVILLE,1
71,86.0.2,383265,NORTH NASHVILLE,1
71,86.0.2,383266,NORTH NASHVILLE,1
71,86.0.2,383267,NORTH NASHVILLE,1
71,86.0.2,383269,NORTH NASHVILLE,1
71,86.0.2,383270,NORTH NASHVILLE,1
71,86.0.2,383271,NORTH NASHVILLE,1
71,86.0.2,383272,NORTH NASHVILLE,1
71,86.0.2,383273,NORTH NASHVILLE,1
71,86.0.2,383274,NORTH NASHVILLE,1
71,86.0.2,383275,NORTH NASHVILLE,1
71,86.0.2,383276,NORTH NASHVILLE,1
71,86.0.2,383277,NORTH NASHVILLE,1
71,86.0.2,383278,NORTH NASHVILLE,1
71,86.0.2,383279,NORTH NASHVILLE,1
71,86.0.2,383280,NORTH NASHVILLE,1
71,86.0.2,383281,NORTH NASHVILLE,1
71,86.0.2,383282,NORTH NASHVILLE,1
71,86.0.2,383283,NORTH NASHVILLE,1
71,86.0.2,383284,NORTH NASHVILLE,1
71,86.0.2,383285,NORTH NASHVILLE,1
71,86.0.2,383286,NORTH NASHVILLE,1
71,86.0.2,383268,NORTH NASHVILLE,1
75,86.0.2,383423,NORTH NASHVILLE,0
75,86.0.2,383424,NORTH NASHVILLE,0
75,86.0.2,383425,NORTH NASHVILLE,0
75,86.0.2,383426,NORTH NASHVILLE,0
75,86.0.2,383427,NORTH NASHVILLE,0
75,86.0.2,383428,NORTH NASHVILLE,0
75,86.0.2,383429,NORTH NASHVILLE,0
75,86.0.2,383430,NORTH NASHVILLE,0
75,86.0.2,383431,NORTH NASHVILLE,0
75,86.0.2,383432,NORTH NASHVILLE,0
75,86.0.2,383433,NORTH NASHVILLE,0
75,86.0.2,383434,NORTH NASHVILLE,0
75,86.0.2,383435,NORTH NASHVILLE,0
75,86.0.2,383436,NORTH NASHVILLE,0
75,86.0.2,383437,NORTH NASHVILLE,0
75,86.0.2,383438,NORTH NASHVILLE,0
75,86.0.2,383439,NORTH NASHVILLE,0
75,86.0.2,383440,NORTH NASHVILLE,0
75,86.0.2,383441,NORTH NASHVILLE,0
75,86.0.2,383442,NORTH NASHVILLE,0
75,86.0.2,383443,NORTH NASHVILLE,0
75,86.0.2,383444,NORTH NASHVILLE,0
75,86.0.2,383445,NORTH NASHVILLE,0
75,86.0.2,383446,NORTH NASHVILLE,0
75,86.0.2,383447,NORTH NASHVILLE,0
75,86.0.2,383448,NORTH NASHVILLE,0
75,86.0.2,383449,NORTH NASHVILLE,0
75,86.0.2,383450,NORTH NASHVILLE,0
75,86.0.2,383451,NORTH NASHVILLE,0
75,86.0.2,383452,NORTH NASHVILLE,0
75,86.0.2,383453,NORTH NASHVILLE,0
75,86.0.2,383454,NORTH NASHVILLE,0
75,86.0.2,383455,NORTH NASHVILLE,0
75,86.0.2,383456,NORTH NASHVILLE,0
75,86.0.2,383457,EDGEHILL - NAPIER,1
75,86.0.2,383458,EDGEHILL - NAPIER,1
75,86.0.2,383459,EDGEHILL - NAPIER,1
75,86.0.2,383460,EDGEHILL - NAPIER,1
75,86.0.2,383461,EDGEHILL - NAPIER,1
75,86.0.2,383462,EDGEHILL - NAPIER,1
75,86.0.2,383463,EDGEHILL - NAPIER,1
75,86.0.2,383464,EDGEHILL - NAPIER,1
75,86.0.2,383465,EDGEHILL - NAPIER,1
75,86.0.2,383466,EDGEHILL - NAPIER,1
75,86.0.2,383467,EDGEHILL - NAPIER,1
75,86.0.2,383468,EDGEHILL - NAPIER,1
75,86.0.2,383469,EDGEHILL - NAPIER,1
75,86.0.2,383470,EDGEHILL - NAPIER,1
75,86.0.2,383471,EDGEHILL - NAPIER,1
75,86.0.2,383472,EDGEHILL - NAPIER,1
75,86.0.2,383473,EDGEHILL - NAPIER,1
75,86.0.2,383474,EDGEHILL - NAPIER,1
75,86.0.2,383475,EDGEHILL - NAPIER,1
75,86.0.2,383476,EDGEHILL - NAPIER,1
75,86.0.2,383477,EDGEHILL - NAPIER,1
75,86.0.2,383478,EDGEHILL - NAPIER,1
75,86.0.2,383479,EDGEHILL - NAPIER,1
75,86.0.2,383480,EDGEHILL - NAPIER,1
75,86.0.2,383481,EDGEHILL - NAPIER,1
75,86.0.2,383482,EDGEHILL - NAPIER,1
75,86.0.2,383483,EDGEHILL - NAPIER,1
75,86.0.2,383484,EDGEHILL - NAPIER,1
75,86.0.2,383485,EDGEHILL - NAPIER,1
75,86.0.2,383486,EDGEHILL - NAPIER,1
75,86.0.2,383487,EDGEHILL - NAPIER,1
75,86.0.2,383488,EDGEHILL - NAPIER,1
75,86.0.2,383489,EDGEHILL - NAPIER,1
75,86.0.2,383490,EDGEHILL - NAPIER,1
75,86.0.2,383491,EDGEHILL - NAPIER,1
76,86.0.2,383593,MADISON,0
76,86.0.2,383594,MADISON,0
76,86.0.2,383595,MADISON,0
76,86.0.2,383596,MADISON,0
76,86.0.2,383597,MADISON,0
76,86.0.2,383598,MADISON,0
76,86.0.2,383599,MADISON,0
76,86.0.2,383600,MADISON,0
76,86.0.2,383601,MADISON,0
76,86.0.2,383602,MADISON,0
76,86.0.2,383603,MADISON,0
76,86.0.2,383604,MADISON,0
76,86.0.2,383605,MADISON,0
76,86.0.2,383606,MADISON,0
76,86.0.2,383607,MADISON,0
76,86.0.2,383608,MADISON,0
76,86.0.2,383609,MADISON,0
76,86.0.2,383610,MADISON,0
76,86.0.2,383611,MADISON,0
76,86.0.2,383612,MADISON,0
76,86.0.2,383613,MADISON,0
76,86.0.2,383614,MADISON,0
76,86.0.2,386053,MADISON,0
77,86.0.2,383694,GLASTONBURY,0
77,86.0.2,383696,GLASTONBURY,0
77,86.0.2,383697,GLASTONBURY,0
77,86.0.2,383698,GLASTONBURY,0
77,86.0.2,383699,GLASTONBURY,0
77,86.0.2,383700,GLASTONBURY,0
77,86.0.2,383701,GLASTONBURY,0
77,86.0.2,383702,GLASTONBURY,0
77,86.0.2,383703,GLASTONBURY,0
77,86.0.2,383704,GLASTONBURY,0
77,86.0.2,383705,GLASTONBURY,0
77,86.0.2,383706,GLASTONBURY,0
77,86.0.2,383707,GLASTONBURY,0
77,86.0.2,383708,GLASTONBURY,0
77,86.0.2,383709,GLASTONBURY,0
77,86.0.2,383710,GLASTONBURY,0
77,86.0.2,383711,GLASTONBURY,0
77,86.0.2,383712,GLASTONBURY,0
77,86.0.2,383713,GLASTONBURY,0
77,86.0.2,383714,GLASTONBURY,0
77,86.0.2,383715,GLASTONBURY,0
77,86.0.2,383716,GLASTONBURY,0
77,86.0.2,383695,GLASTONBURY,0
77,86.0.2,383740,NORTH NASHVILLE,1
77,86.0.2,383741,NORTH NASHVILLE,1
77,86.0.2,383717,NORTH NASHVILLE,1
77,86.0.2,383719,NORTH NASHVILLE,1
77,86.0.2,383720,NORTH NASHVILLE,1
77,86.0.2,383721,NORTH NASHVILLE,1
77,86.0.2,383722,NORTH NASHVILLE,1
77,86.0.2,383723,NORTH NASHVILLE,1
77,86.0.2,383724,NORTH NASHVILLE,1
77,86.0.2,383725,NORTH NASHVILLE,1
77,86.0.2,383726,NORTH NASHVILLE,1
77,86.0.2,383727,NORTH NASHVILLE,1
77,86.0.2,383728,NORTH NASHVILLE,1
77,86.0.2,383729,NORTH NASHVILLE,1
77,86.0.2,383730,NORTH NASHVILLE,1
77,86.0.2,383731,NORTH NASHVILLE,1
77,86.0.2,383732,NORTH NASHVILLE,1
77,86.0.2,383733,NORTH NASHVILLE,1
77,86.0.2,383734,NORTH NASHVILLE,1
77,86.0.2,383735,NORTH NASHVILLE,1
77,86.0.2,383736,NORTH NASHVILLE,1
77,86.0.2,383737,NORTH NASHVILLE,1
77,86.0.2,383738,NORTH NASHVILLE,1
77,86.0.2,383739,NORTH NASHVILLE,1
77,86.0.2,383718,NORTH NASHVILLE,1
79,86.0.2,386050,SKYLINE,0
79,86.0.2,386051,SKYLINE,0
79,86.0.2,386052,SKYLINE,0
79,86.0.2,383864,SKYLINE,0
79,86.0.2,383863,SKYLINE,0
79,86.0.2,383862,SKYLINE,0
79,86.0.2,383861,SKYLINE,0
79,86.0.2,383860,SKYLINE,0
79,86.0.2,383859,SKYLINE,0
79,86.0.2,383858,SKYLINE,0
79,86.0.2,383857,SKYLINE,0
79,86.0.2,383856,SKYLINE,0
79,86.0.2,383855,SKYLINE,0
79,86.0.2,383854,SKYLINE,0
79,86.0.2,383853,SKYLINE,0
79,86.0.2,383852,SKYLINE,0
79,86.0.2,383851,SKYLINE,0
79,86.0.2,386054,SKYLINE,0
79,86.0.2,386055,SKYLINE,0
79,86.0.2,386056,SKYLINE,0
79,86.0.2,386057,SKYLINE,0
79,86.0.2,386058,SKYLINE,0
79,86.0.2,386047,SKYLINE TO 76 MADISON,1
79,86.0.2,386048,SKYLINE TO 76 MADISON,1
79,86.0.2,386049,SKYLINE TO 76 MADISON,1
79,86.0.2,383865,SKYLINE TO 76 MADISON,1
79,86.0.2,383866,SKYLINE TO 76 MADISON,1
79,86.0.2,383867,SKYLINE TO 76 MADISON,1
79,86.0.2,383868,SKYLINE TO 76 MADISON,1
79,86.0.2,383869,SKYLINE TO 76 MADISON,1
79,86.0.2,383870,SKYLINE TO 76 MADISON,1
79,86.0.2,383871,SKYLINE TO 76 MADISON,1
79,86.0.2,383872,SKYLINE TO 76 MADISON,1
79,86.0.2,383873,SKYLINE TO 76 MADISON,1
79,86.0.2,383874,SKYLINE TO 76 MADISON,1
79,86.0.2,383875,SKYLINE TO 76 MADISON,1
79,86.0.2,383876,SKYLINE TO 76 MADISON,1
79,86.0.2,383877,SKYLINE TO 76 MADISON,1
79,86.0.2,383878,SKYLINE TO 76 MADISON,1
79,86.0.2,386059,SKYLINE TO 76 MADISON,1
79,86.0.2,386060,SKYLINE TO 76 MADISON,1
79,86.0.2,386061,SKYLINE TO 76 MADISON,1
79,86.0.2,386062,SKYLINE TO 76 MADISON,1
79,86.0.2,386063,SKYLINE TO 76 MADISON,1
79,86.0.2,386064,SKYLINE TO 76 MADISON,1
8,86.0.2,383986,100 OAKS,0
8,86.0.2,383979,100 OAKS,0
8,86.0.2,383987,100 OAKS,0
8,86.0.2,383988,100 OAKS,0
8,86.0.2,383989,100 OAKS,0
8,86.0.2,383990,100 OAKS,0
8,86.0.2,383991,100 OAKS,0
8,86.0.2,384000,100 OAKS,0
8,86.0.2,384001,100 OAKS,0
8,86.0.2,384002,100 OAKS,0
8,86.0.2,384003,100 OAKS,0
8,86.0.2,384004,100 OAKS,0
8,86.0.2,384005,100 OAKS,0
8,86.0.2,384006,100 OAKS,0
8,86.0.2,384007,100 OAKS,0
8,86.0.2,384008,100 OAKS,0
8,86.0.2,384009,100 OAKS,0
8,86.0.2,384010,100 OAKS,0
8,86.0.2,384011,100 OAKS,0
8,86.0.2,384012,100 OAKS,0
8,86.0.2,383999,100 OAKS,0
8,86.0.2,383992,100 OAKS,0
8,86.0.2,383993,100 OAKS,0
8,86.0.2,383994,100 OAKS,0
8,86.0.2,383995,100 OAKS,0
8,86.0.2,383996,100 OAKS,0
8,86.0.2,383997,100 OAKS,0
8,86.0.2,383998,100 OAKS,0
8,86.0.2,383984,100 OAKS,0
8,86.0.2,383983,100 OAKS,0
8,86.0.2,383982,100 OAKS,0
8,86.0.2,383981,100 OAKS,0
8,86.0.2,383980,100 OAKS,0
8,86.0.2,383985,100 OAKS,0
8,86.0.2,384019,DOWNTOWN,1
8,86.0.2,384016,DOWNTOWN,1
8,86.0.2,384022,DOWNTOWN,1
8,86.0.2,384023,DOWNTOWN,1
8,86.0.2,384024,DOWNTOWN,1
8,86.0.2,384025,DOWNTOWN,1
8,86.0.2,384026,DOWNTOWN,1
8,86.0.2,384034,DOWNTOWN,1
8,86.0.2,384035,DOWNTOWN,1
8,86.0.2,384036,DOWNTOWN,1
8,86.0.2,384037,DOWNTOWN,1
8,86.0.2,384038,DOWNTOWN,1
8,86.0.2,384039,DOWNTOWN,1
8,86.0.2,384040,DOWNTOWN,1
8,86.0.2,384041,DOWNTOWN,1
8,86.0.2,384042,DOWNTOWN,1
8,86.0.2,384043,DOWNTOWN,1
8,86.0.2,384044,DOWNTOWN,1
8,86.0.2,384045,DOWNTOWN,1
8,86.0.2,384046,DOWNTOWN,1
8,86.0.2,384021,DOWNTOWN,1
8,86.0.2,384027,DOWNTOWN,1
8,86.0.2,384028,DOWNTOWN,1
8,86.0.2,384029,DOWNTOWN,1
8,86.0.2,384030,DOWNTOWN,1
8,86.0.2,384031,DOWNTOWN,1
8,86.0.2,384032,DOWNTOWN,1
8,86.0.2,384033,DOWNTOWN,1
8,86.0.2,384020,DOWNTOWN,1
8,86.0.2,384017,DOWNTOWN,1
8,86.0.2,384015,DOWNTOWN,1
8,86.0.2,384014,DOWNTOWN,1
8,86.0.2,384013,DOWNTOWN,1
8,86.0.2,384018,DOWNTOWN,1
84,86.64.2,384120,NASHVILLE SC EXPRESS,0
84,86.64.2,384121,NASHVILLE SC EXPRESS,0
84,86.145.2,387365,NASHVILLE SC EXPRESS,0
84,86.145.2,387366,NASHVILLE SC EXPRESS,0
84,86.64.2,384141,NASHVILLE SC EXPRESS,1
84,86.64.2,384142,NASHVILLE SC EXPRESS,1
84,86.145.2,387367,NASHVILLE SC EXPRESS,1
84,86.145.2,387368,NASHVILLE SC EXPRESS,1
87,86.149.2,387393,GALLATIN HENDERSONVILLE,0
87,86.149.2,387394,GALLATIN HENDERSONVILLE,0
87,86.149.2,387395,GALLATIN HENDERSONVILLE,0
87,86.149.2,387396,GALLATIN HENDERSONVILLE,0
87,86.149.2,387397,NASHVILLE - NISSAN STADIUM,1
87,86.149.2,387398,NASHVILLE - NISSAN STADIUM,1
87,86.149.2,387399,NASHVILLE - NISSAN STADIUM,1
87,86.149.2,387400,NASHVILLE - NISSAN STADIUM,1
95,86.149.2,387434,FRANKLIN COOL SPRINGS,0
95,86.149.2,387435,FRANKLIN COOL SPRINGS,0
95,86.149.2,387436,FRANKLIN COOL SPRINGS,0
95,86.149.2,387437,FRANKLIN COOL SPRINGS,0
95,86.149.2,387442,NASHVILLE - NISSAN STADIUM,1
95,86.149.2,387443,NASHVILLE - NISSAN STADIUM,1
95,86.149.2,387444,NASHVILLE - NISSAN STADIUM,1
95,86.149.2,387445,NASHVILLE - NISSAN STADIUM,1
14,86.0.3,377599,NORTH NASHVILLE VIA BUENA VISTA,0
14,86.0.3,377600,NORTH NASHVILLE VIA BUENA VISTA,0
14,86.0.3,377601,NORTH NASHVILLE VIA BUENA VISTA,0
14,86.0.3,377602,NORTH NASHVILLE VIA BUENA VISTA,0
14,86.0.3,377603,NORTH NASHVILLE VIA BUENA VISTA,0
14,86.0.3,377604,NORTH NASHVILLE VIA BUENA VISTA,0
14,86.71.3,377605,NORTH NASHVILLE VIA BUENA VISTA,0
14,86.72.3,387213,NORTH NASHVILLE VIA BUENA VISTA,0
14,86.72.3,387214,NORTH NASHVILLE VIA BUENA VISTA,0
14,86.71.3,377606,NORTH NASHVILLE VIA BUENA VISTA,0
14,86.71.3,377607,NORTH NASHVILLE VIA BUENA VISTA,0
14,86.72.3,387215,NORTH NASHVILLE VIA BUENA VISTA,0
14,86.72.3,387216,NORTH NASHVILLE VIA BUENA VISTA,0
14,86.71.3,377608,NORTH NASHVILLE VIA BUENA VISTA,0
14,86.71.3,377609,NORTH NASHVILLE VIA BUENA VISTA,0
14,86.72.3,387217,NORTH NASHVILLE VIA BUENA VISTA,0
14,86.72.3,387218,NORTH NASHVILLE VIA BUENA VISTA,0
14,86.71.3,377610,NORTH NASHVILLE VIA BUENA VISTA,0
14,86.71.3,377611,NORTH NASHVILLE VIA BUENA VISTA,0
14,86.72.3,387219,NORTH NASHVILLE VIA BUENA VISTA,0
14,86.72.3,387220,NORTH NASHVILLE VIA BUENA VISTA,0
14,86.71.3,377612,NORTH NASHVILLE VIA BUENA VISTA,0
14,86.71.3,377613,NORTH NASHVILLE VIA BUENA VISTA,0
14,86.72.3,387221,NORTH NASHVILLE VIA BUENA VISTA,0
14,86.0.3,377614,NORTH NASHVILLE VIA BUENA VISTA,0
14,86.91.3,377615,NORTH NASHVILLE VIA BUENA VISTA,0
14,86.92.3,387231,NORTH NASHVILLE VIA BUENA VISTA,0
14,86.92.3,387232,NORTH NASHVILLE VIA BUENA VISTA,0
14,86.91.3,377616,NORTH NASHVILLE VIA BUENA VISTA,0
14,86.91.3,377617,NORTH NASHVILLE VIA BUENA VISTA,0
14,86.92.3,387233,NORTH NASHVILLE VIA BUENA VISTA,0
14,86.92.3,387234,NORTH NASHVILLE VIA BUENA VISTA,0
14,86.91.3,377618,NORTH NASHVILLE VIA BUENA VISTA,0
14,86.91.3,377619,NORTH NASHVILLE VIA BUENA VISTA,0
14,86.92.3,387235,NORTH NASHVILLE VIA BUENA VISTA,0
14,86.92.3,387236,NORTH NASHVILLE VIA BUENA VISTA,0
14,86.91.3,377620,NORTH NASHVILLE VIA BUENA VISTA,0
14,86.91.3,377621,NORTH NASHVILLE VIA BUENA VISTA,0
14,86.92.3,387237,NORTH NASHVILLE VIA BUENA VISTA,0
14,86.92.3,387238,NORTH NASHVILLE VIA BUENA VISTA,0
14,86.91.3,377622,NORTH NASHVILLE VIA BUENA VISTA,0
14,86.91.3,377623,NORTH NASHVILLE VIA BUENA VISTA,0
14,86.92.3,387239,NORTH NASHVILLE VIA BUENA VISTA,0
14,86.0.3,377624,NORTH NASHVILLE VIA BUENA VISTA,0
14,86.0.3,377625,NORTH NASHVILLE VIA BUENA VISTA,0
14,86.0.3,377626,DOWNTOWN VIA BUENA VISTA,1
14,86.0.3,377627,DOWNTOWN VIA BUENA VISTA,1
14,86.0.3,377628,DOWNTOWN VIA BUENA VISTA,1
14,86.0.3,377629,DOWNTOWN VIA BUENA VISTA,1
14,86.0.3,377630,DOWNTOWN VIA BUENA VISTA,1
14,86.0.3,377631,DOWNTOWN VIA BUENA VISTA,1
14,86.0.3,377632,DOWNTOWN VIA BUENA VISTA,1
14,86.71.3,377633,DOWNTOWN VIA BUENA VISTA,1
14,86.72.3,387222,DOWNTOWN & NISSAN STADIUM VIA BUENA VISTA,1
14,86.72.3,387223,DOWNTOWN & NISSAN STADIUM VIA BUENA VISTA,1
14,86.71.3,377634,DOWNTOWN VIA BUENA VISTA,1
14,86.71.3,377635,DOWNTOWN VIA BUENA VISTA,1
14,86.72.3,387224,DOWNTOWN & NISSAN STADIUM VIA BUENA VISTA,1
14,86.72.3,387225,DOWNTOWN & NISSAN STADIUM VIA BUENA VISTA,1
14,86.71.3,377636,DOWNTOWN VIA BUENA VISTA,1
14,86.71.3,377637,DOWNTOWN VIA BUENA VISTA,1
14,86.72.3,387226,DOWNTOWN & NISSAN STADIUM VIA BUENA VISTA,1
14,86.72.3,387227,DOWNTOWN & NISSAN STADIUM VIA BUENA VISTA,1
14,86.71.3,377638,DOWNTOWN VIA BUENA VISTA,1
14,86.71.3,377639,DOWNTOWN VIA BUENA VISTA,1
14,86.72.3,387228,DOWNTOWN & NISSAN STADIUM VIA BUENA VISTA,1
14,86.72.3,387229,DOWNTOWN & NISSAN STADIUM VIA BUENA VISTA,1
14,86.71.3,377640,DOWNTOWN VIA BUENA VISTA,1
14,86.71.3,377641,DOWNTOWN VIA BUENA VISTA,1
14,86.72.3,387230,DOWNTOWN & NISSAN STADIUM VIA BUENA VISTA,1
14,86.0.3,377642,DOWNTOWN VIA BUENA VISTA,1
14,86.0.3,377643,DOWNTOWN VIA BUENA VISTA,1
14,86.91.3,377644,DOWNTOWN VIA BUENA VISTA,1
14,86.92.3,387242,DOWNTOWN & NISSAN STADIUM VIA BUENA VISTA,1
14,86.92.3,387243,DOWNTOWN & NISSAN STADIUM VIA BUENA VISTA,1
14,86.91.3,377645,DOWNTOWN VIA BUENA VISTA,1
14,86.91.3,377646,DOWNTOWN VIA BUENA VISTA,1
14,86.92.3,387244,DOWNTOWN & NISSAN STADIUM VIA BUENA VISTA,1
14,86.92.3,387245,DOWNTOWN & NISSAN STADIUM VIA BUENA VISTA,1
14,86.91.3,377647,DOWNTOWN VIA BUENA VISTA,1
14,86.91.3,377648,DOWNTOWN VIA BUENA VISTA,1
14,86.92.3,387246,DOWNTOWN & NISSAN STADIUM VIA BUENA VISTA,1
14,86.92.3,387247,DOWNTOWN & NISSAN STADIUM VIA BUENA VISTA,1
14,86.91.3,377649,DOWNTOWN VIA BUENA VISTA,1
14,86.91.3,377650,DOWNTOWN VIA BUENA VISTA,1
14,86.92.3,387248,DOWNTOWN & NISSAN STADIUM VIA BUENA VISTA,1
14,86.92.3,387249,DOWNTOWN & NISSAN STADIUM VIA BUENA VISTA,1
14,86.91.3,377651,DOWNTOWN VIA BUENA VISTA,1
14,86.91.3,377652,DOWNTOWN VIA BUENA VISTA,1
14,86.92.3,387250,DOWNTOWN & NISSAN STADIUM VIA BUENA VISTA,1
14,86.0.3,377653,DOWNTOWN VIA BUENA VISTA,1
14,86.0.3,377654,DOWNTOWN VIA BUENA VISTA,1
17,86.0.3,377801,GREEN HILLS VIA 12TH AVE S,0
17,86.0.3,377800,GREEN HILLS VIA 12TH AVE S,0
17,86.0.3,377799,GREEN HILLS VIA 12TH AVE S,0
17,86.0.3,377798,GREEN HILLS VIA 12TH AVE S,0
17,86.0.3,377797,GREEN HILLS VIA 12TH AVE S,0
17,86.0.3,377796,GREEN HILLS VIA 12TH AVE S,0
17,86.0.3,377795,GREEN HILLS VIA 12TH AVE S,0
17,86.0.3,377794,GREEN HILLS VIA 12TH AVE S,0
17,86.0.3,377793,GREEN HILLS VIA 12TH AVE S,0
17,86.0.3,377792,GREEN HILLS VIA 12TH AVE S,0
17,86.0.3,377791,GREEN HILLS VIA 12TH AVE S,0
17,86.0.3,377790,GREEN HILLS VIA 12TH AVE S,0
17,86.0.3,377789,GREEN HILLS VIA 12TH AVE S,0
17,86.0.3,377788,GREEN HILLS VIA 12TH AVE S,0
17,86.0.3,377787,GREEN HILLS VIA 12TH AVE S,0
17,86.0.3,377786,GREEN HILLS VIA 12TH AVE S,0
17,86.0.3,377802,GREEN HILLS VIA 12TH AVE S,0
17,86.0.3,377803,GREEN HILLS VIA 12TH AVE S,0
17,86.0.3,377819,DOWNTOWN VIA 12TH AVE S,1
17,86.0.3,377818,DOWNTOWN VIA 12TH AVE S,1
17,86.0.3,377817,DOWNTOWN VIA 12TH AVE S,1
17,86.0.3,377816,DOWNTOWN VIA 12TH AVE S,1
17,86.0.3,377815,DOWNTOWN VIA 12TH AVE S,1
17,86.0.3,377814,DOWNTOWN VIA 12TH AVE S,1
17,86.0.3,377813,DOWNTOWN VIA 12TH AVE S,1
17,86.0.3,377812,DOWNTOWN VIA 12TH AVE S,1
17,86.0.3,377811,DOWNTOWN VIA 12TH AVE S,1
17,86.0.3,377810,DOWNTOWN VIA 12TH AVE S,1
17,86.0.3,377809,DOWNTOWN VIA 12TH AVE S,1
17,86.0.3,377808,DOWNTOWN VIA 12TH AVE S,1
17,86.0.3,377807,DOWNTOWN VIA 12TH AVE S,1
17,86.0.3,377806,DOWNTOWN VIA 12TH AVE S,1
17,86.0.3,377805,DOWNTOWN VIA 12TH AVE S,1
17,86.0.3,377804,DOWNTOWN VIA 12TH AVE S,1
17,86.0.3,377820,DOWNTOWN VIA 12TH AVE S,1
17,86.0.3,377821,DOWNTOWN VIA 12TH AVE S,1
18,86.0.3,386442,AIRPORT VIA ELM HILL,0
18,86.0.3,386443,AIRPORT VIA ELM HILL,0
18,86.0.3,386444,AIRPORT VIA ELM HILL,0
18,86.0.3,386445,AIRPORT VIA ELM HILL,0
18,86.0.3,386446,AIRPORT VIA ELM HILL,0
18,86.0.3,386447,AIRPORT VIA ELM HILL,0
18,86.0.3,386448,AIRPORT VIA ELM HILL,0
18,86.0.3,386449,AIRPORT VIA ELM HILL,0
18,86.0.3,386450,AIRPORT VIA ELM HILL,0
18,86.0.3,386451,AIRPORT VIA ELM HILL,0
18,86.0.3,386452,AIRPORT VIA ELM HILL,0
18,86.0.3,386453,AIRPORT VIA ELM HILL,0
18,86.0.3,386454,AIRPORT VIA ELM HILL,0
18,86.0.3,386455,AIRPORT VIA ELM HILL,0
18,86.0.3,386456,AIRPORT VIA ELM HILL,0
18,86.0.3,386457,AIRPORT VIA ELM HILL,0
18,86.0.3,386458,AIRPORT VIA ELM HILL,0
18,86.0.3,386459,AIRPORT VIA ELM HILL,0
18,86.0.3,386460,AIRPORT VIA ELM HILL,0
18,86.0.3,386461,AIRPORT VIA ELM HILL,0
18,86.0.3,386462,AIRPORT VIA ELM HILL,0
18,86.0.3,386463,AIRPORT VIA ELM HILL,0
18,86.0.3,386464,AIRPORT VIA ELM HILL,0
18,86.0.3,386465,AIRPORT VIA ELM HILL,0
18,86.0.3,386466,AIRPORT VIA ELM HILL,0
18,86.0.3,386467,AIRPORT VIA ELM HILL,0
18,86.0.3,386468,AIRPORT VIA ELM HILL,0
18,86.0.3,386469,AIRPORT VIA ELM HILL,0
18,86.0.3,386470,AIRPORT VIA ELM HILL,0
18,86.0.3,386471,AIRPORT VIA ELM HILL,0
18,86.0.3,386472,AIRPORT VIA ELM HILL,0
18,86.0.3,386473,AIRPORT VIA ELM HILL,0
18,86.0.3,386474,AIRPORT VIA ELM HILL,0
18,86.0.3,386475,AIRPORT VIA ELM HILL,0
18,86.0.3,386476,AIRPORT VIA ELM HILL,0
18,86.0.3,386477,AIRPORT VIA ELM HILL,0
18,86.0.3,386478,AIRPORT VIA ELM HILL,0
18,86.0.3,386479,AIRPORT VIA ELM HILL,0
18,86.0.3,386480,DOWNTOWN EXPRESS,1
18,86.0.3,386481,DOWNTOWN VIA ELM HILL,1
18,86.0.3,386482,DOWNTOWN VIA ELM HILL,1
18,86.0.3,386483,DOWNTOWN VIA ELM HILL,1
18,86.0.3,386484,DOWNTOWN VIA ELM HILL,1
18,86.0.3,386485,DOWNTOWN VIA ELM HILL,1
18,86.0.3,386486,DOWNTOWN VIA ELM HILL,1
18,86.0.3,386487,DOWNTOWN VIA ELM HILL,1
18,86.0.3,386488,DOWNTOWN VIA ELM HILL,1
18,86.0.3,386489,DOWNTOWN VIA ELM HILL,1
18,86.0.3,386490,DOWNTOWN VIA ELM HILL,1
18,86.0.3,386491,DOWNTOWN VIA ELM HILL,1
18,86.0.3,386492,DOWNTOWN VIA ELM HILL,1
18,86.0.3,386493,DOWNTOWN VIA ELM HILL,1
18,86.0.3,386494,DOWNTOWN VIA ELM HILL,1
18,86.0.3,386495,DOWNTOWN VIA ELM HILL,1
18,86.0.3,386496,DOWNTOWN VIA ELM HILL,1
18,86.0.3,386497,DOWNTOWN VIA ELM HILL,1
18,86.0.3,386498,DOWNTOWN VIA ELM HILL,1
18,86.0.3,386499,DOWNTOWN VIA ELM HILL,1
18,86.0.3,386500,DOWNTOWN VIA ELM HILL,1
18,86.0.3,386501,DOWNTOWN VIA ELM HILL,1
18,86.0.3,386502,DOWNTOWN VIA ELM HILL,1
18,86.0.3,386503,DOWNTOWN VIA ELM HILL,1
18,86.0.3,386504,DOWNTOWN VIA ELM HILL,1
18,86.0.3,386505,DOWNTOWN VIA ELM HILL,1
18,86.0.3,386506,DOWNTOWN VIA ELM HILL,1
18,86.0.3,386507,DOWNTOWN VIA ELM HILL,1
18,86.0.3,386508,DOWNTOWN VIA ELM HILL,1
18,86.0.3,386509,DOWNTOWN VIA ELM HILL,1
18,86.0.3,386510,DOWNTOWN VIA ELM HILL,1
18,86.0.3,386511,DOWNTOWN VIA ELM HILL,1
18,86.0.3,386512,DOWNTOWN VIA ELM HILL,1
18,86.0.3,386513,DOWNTOWN VIA ELM HILL,1
18,86.0.3,386514,DOWNTOWN VIA ELM HILL,1
18,86.0.3,386515,DOWNTOWN EXPRESS,1
19,86.0.3,378126,DOWNTOWN,0
19,86.0.3,378100,DOWNTOWN,0
19,86.0.3,378101,DOWNTOWN,0
19,86.0.3,378102,DOWNTOWN,0
19,86.0.3,378103,DOWNTOWN,0
19,86.0.3,378104,DOWNTOWN,0
19,86.0.3,378105,DOWNTOWN,0
19,86.0.3,378106,DOWNTOWN,0
19,86.0.3,378107,DOWNTOWN,0
19,86.0.3,378108,DOWNTOWN,0
19,86.0.3,378109,DOWNTOWN,0
19,86.0.3,378110,DOWNTOWN,0
19,86.0.3,378111,DOWNTOWN,0
19,86.0.3,378112,DOWNTOWN,0
19,86.0.3,378113,DOWNTOWN,0
19,86.0.3,378114,DOWNTOWN,0
19,86.0.3,378115,DOWNTOWN,0
19,86.0.3,378116,DOWNTOWN,0
19,86.0.3,378117,DOWNTOWN,0
19,86.0.3,378118,DOWNTOWN,0
19,86.0.3,378119,DOWNTOWN,0
19,86.0.3,378120,DOWNTOWN,0
19,86.0.3,378121,DOWNTOWN,0
19,86.0.3,378122,DOWNTOWN,0
19,86.0.3,378123,DOWNTOWN,0
19,86.0.3,378124,DOWNTOWN,0
19,86.0.3,378125,DOWNTOWN,0
19,86.0.3,378153,THE NATIONS,1
19,86.0.3,378127,THE NATIONS,1
19,86.0.3,378128,THE NATIONS,1
19,86.0.3,378129,THE NATIONS,1
19,86.0.3,378130,THE NATIONS,1
19,86.0.3,378131,THE NATIONS,1
19,86.0.3,378132,THE NATIONS,1
19,86.0.3,378133,THE NATIONS,1
19,86.0.3,378134,THE NATIONS,1
19,86.0.3,378135,THE NATIONS,1
19,86.0.3,378136,THE NATIONS,1
19,86.0.3,378137,THE NATIONS,1
19,86.0.3,378138,THE NATIONS,1
19,86.0.3,378139,THE NATIONS,1
19,86.0.3,378140,THE NATIONS,1
19,86.0.3,378141,THE NATIONS,1
19,86.0.3,378142,THE NATIONS,1
19,86.0.3,378143,THE NATIONS,1
19,86.0.3,378144,THE NATIONS,1
19,86.0.3,378145,THE NATIONS,1
19,86.0.3,378146,THE NATIONS,1
19,86.0.3,378147,THE NATIONS,1
19,86.0.3,378148,THE NATIONS,1
19,86.0.3,378149,THE NATIONS,1
19,86.0.3,378150,THE NATIONS,1
19,86.0.3,378151,THE NATIONS,1
19,86.0.3,378152,THE NATIONS,1
22,86.0.3,378461,DOWNTOWN,0
22,86.0.3,378462,DOWNTOWN,0
22,86.0.3,378463,DOWNTOWN,0
22,86.0.3,378464,DOWNTOWN,0
22,86.0.3,378465,DOWNTOWN,0
22,86.0.3,378466,DOWNTOWN,0
22,86.0.3,378467,DOWNTOWN,0
22,86.0.3,378468,DOWNTOWN,0
22,86.0.3,378469,DOWNTOWN,0
22,86.0.3,378470,DOWNTOWN,0
22,86.0.3,378471,DOWNTOWN,0
22,86.0.3,378472,DOWNTOWN,0
22,86.0.3,378473,DOWNTOWN,0
22,86.0.3,378474,DOWNTOWN,0
22,86.0.3,378475,DOWNTOWN,0
22,86.0.3,378476,DOWNTOWN,0
22,86.0.3,378477,DOWNTOWN,0
22,86.0.3,378478,DOWNTOWN,0
22,86.0.3,378479,DOWNTOWN,0
22,86.0.3,378480,DOWNTOWN,0
22,86.0.3,378481,DOWNTOWN,0
22,86.0.3,378482,DOWNTOWN,0
22,86.0.3,378483,DOWNTOWN,0
22,86.0.3,378484,DOWNTOWN,0
22,86.0.3,378485,DOWNTOWN,0
22,86.0.3,378486,DOWNTOWN,0
22,86.0.3,378487,DOWNTOWN,0
22,86.0.3,378488,DOWNTOWN,0
22,86.0.3,378489,DOWNTOWN,0
22,86.0.3,378490,DOWNTOWN,0
22,86.0.3,378491,DOWNTOWN,0
22,86.0.3,378492,DOWNTOWN,0
22,86.0.3,378493,DOWNTOWN,0
22,86.0.3,378494,DOWNTOWN,0
22,86.0.3,378495,DOWNTOWN,0
22,86.0.3,378496,DOWNTOWN,0
22,86.0.3,378497,DOWNTOWN,0
22,86.0.3,378498,DOWNTOWN,0
22,86.0.3,378499,DOWNTOWN,0
22,86.0.3,378500,DOWNTOWN,0
22,86.0.3,378501,DOWNTOWN,0
22,86.0.3,378502,DOWNTOWN,0
22,86.0.3,378503,DOWNTOWN,0
22,86.0.3,378504,DOWNTOWN,0
22,86.0.3,378505,DOWNTOWN,0
22,86.0.3,378506,DOWNTOWN,0
22,86.0.3,378507,DOWNTOWN,0
22,86.0.3,378508,DOWNTOWN,0
22,86.0.3,378509,DOWNTOWN,0
22,86.0.3,378510,DOWNTOWN,0
22,86.0.3,378511,DOWNTOWN,0
22,86.0.3,378512,DOWNTOWN,0
22,86.0.3,378513,DOWNTOWN,0
22,86.0.3,378514,DOWNTOWN,0
22,86.0.3,378515,DOWNTOWN,0
22,86.0.3,378516,DOWNTOWN,0
22,86.0.3,378517,DOWNTOWN,0
22,86.0.3,378518,DOWNTOWN,0
22,86.0.3,378519,NORTH NASHVILLE TO 14 WHITES CREEK,1
22,86.0.3,378520,NORTH NASHVILLE,1
22,86.0.3,378521,NORTH NASHVILLE TO 71 TRINITY,1
22,86.0.3,378522,NORTH NASHVILLE TO 14 WHITES CREEK,1
22,86.0.3,378523,NORTH NASHVILLE TO 71 TRINITY,1
22,86.0.3,378524,NORTH NASHVILLE TO 14 WHITES CREEK,1
22,86.0.3,378525,NORTH NASHVILLE TO 71 TRINITY,1
22,86.0.3,378526,NORTH NASHVILLE TO 14 WHITES CREEK,1
22,86.0.3,378527,NORTH NASHVILLE TO 71 TRINITY,1
22,86.0.3,378528,NORTH NASHVILLE TO 14 WHITES CREEK,1
22,86.0.3,378529,NORTH NASHVILLE TO 71 TRINITY,1
22,86.0.3,378530,NORTH NASHVILLE TO 14 WHITES CREEK,1
22,86.0.3,378531,NORTH NASHVILLE TO 71 TRINITY,1
22,86.0.3,378532,NORTH NASHVILLE TO 14 WHITES CREEK,1
22,86.0.3,378533,NORTH NASHVILLE TO 71 TRINITY,1
22,86.0.3,378534,NORTH NASHVILLE TO 14 WHITES CREEK,1
22,86.0.3,378535,NORTH NASHVILLE TO 71 TRINITY,1
22,86.0.3,378536,NORTH NASHVILLE TO 14 WHITES CREEK,1
22,86.0.3,378537,NORTH NASHVILLE TO 71 TRINITY,1
22,86.0.3,378538,NORTH NASHVILLE TO 14 WHITES CREEK,1
22,86.0.3,378539,NORTH NASHVILLE TO 71 TRINITY,1
22,86.0.3,378540,NORTH NASHVILLE TO 14 WHITES CREEK,1
22,86.0.3,378541,NORTH NASHVILLE TO 71 TRINITY,1
22,86.0.3,378542,NORTH NASHVILLE TO 14 WHITES CREEK,1
22,86.0.3,378543,NORTH NASHVILLE TO 71 TRINITY,1
22,86.0.3,378544,NORTH NASHVILLE TO 14 WHITES CREEK,1
22,86.0.3,378545,NORTH NASHVILLE TO 71 TRINITY,1
22,86.0.3,378546,NORTH NASHVILLE TO 14 WHITES CREEK,1
22,86.0.3,378547,NORTH NASHVILLE TO 71 TRINITY,1
22,86.0.3,378548,NORTH NASHVILLE TO 14 WHITES CREEK,1
22,86.0.3,378549,NORTH NASHVILLE TO 71 TRINITY,1
22,86.0.3,378550,NORTH NASHVILLE TO 14 WHITES CREEK,1
22,86.0.3,378551,NORTH NASHVILLE TO 71 TRINITY,1
22,86.0.3,378552,NORTH NASHVILLE TO 14 WHITES CREEK,1
22,86.0.3,378553,NORTH NASHVILLE TO 71 TRINITY,1
22,86.0.3,378554,NORTH NASHVILLE TO 14 WHITES CREEK,1
22,86.0.3,378555,NORTH NASHVILLE TO 71 TRINITY,1
22,86.0.3,378556,NORTH NASHVILLE TO 14 WHITES CREEK,1
22,86.0.3,378557,NORTH NASHVILLE TO 71 TRINITY,1
22,86.0.3,378558,NORTH NASHVILLE TO 14 WHITES CREEK,1
22,86.0.3,378559,NORTH NASHVILLE TO 71 TRINITY,1
22,86.0.3,378560,NORTH NASHVILLE TO 14 WHITES CREEK,1
22,86.0.3,378561,NORTH NASHVILLE TO 71 TRINITY,1
22,86.0.3,378562,NORTH NASHVILLE TO 14 WHITES CREEK,1
22,86.0.3,378563,NORTH NASHVILLE TO 71 TRINITY,1
22,86.0.3,378564,NORTH NASHVILLE TO 14 WHITES CREEK,1
22,86.0.3,378565,NORTH NASHVILLE TO 71 TRINITY,1
22,86.0.3,378566,NORTH NASHVILLE TO 14 WHITES CREEK,1
22,86.0.3,378567,NORTH NASHVILLE TO 71 TRINITY,1
22,86.0.3,378568,NORTH NASHVILLE TO 14 WHITES CREEK,1
22,86.0.3,378569,NORTH NASHVILLE TO 71 TRINITY,1
22,86.0.3,378570,NORTH NASHVILLE TO 14 WHITES CREEK,1
22,86.0.3,378571,NORTH NASHVILLE TO 14 WHITES CREEK,1
22,86.0.3,378572,NORTH NASHVILLE,1
22,86.0.3,378573,NORTH NASHVILLE,1
22,86.0.3,378574,NORTH NASHVILLE,1
22,86.0.3,378575,NORTH NASHVILLE,1
22,86.0.3,378576,NORTH NASHVILLE,1
23,86.0.3,378920,B - WALMART VIA PARKWOOD-CHESAPEAKE,0
23,86.0.3,378921,B - WALMART VIA PARKWOOD-CHESAPEAKE,0
23,86.0.3,378922,B - WALMART VIA PARKWOOD-CHESAPEAKE,0
23,86.0.3,378923,B - WALMART VIA PARKWOOD-CHESAPEAKE,0
23,86.0.3,378924,B - WALMART VIA PARKWOOD-CHESAPEAKE,0
23,86.0.3,378925,B - WALMART VIA PARKWOOD-CHESAPEAKE,0
23,86.0.3,378926,B - WALMART VIA PARKWOOD-CHESAPEAKE,0
23,86.0.3,378927,B - WALMART VIA PARKWOOD-CHESAPEAKE,0
23,86.0.3,378928,B - WALMART VIA PARKWOOD-CHESAPEAKE,0
23,86.0.3,378929,B - WALMART VIA PARKWOOD-CHESAPEAKE,0
23,86.0.3,378930,B - WALMART VIA PARKWOOD-CHESAPEAKE,0
23,86.0.3,378931,B - WALMART VIA PARKWOOD-CHESAPEAKE,0
23,86.0.3,378932,B - WALMART VIA PARKWOOD-CHESAPEAKE,0
23,86.0.3,378933,B - WALMART VIA PARKWOOD-CHESAPEAKE,0
23,86.0.3,378934,B - WALMART VIA PARKWOOD-CHESAPEAKE,0
23,86.0.3,378935,B - WALMART VIA PARKWOOD-CHESAPEAKE,0
23,86.0.3,378936,B - WALMART VIA PARKWOOD-CHESAPEAKE,0
23,86.0.3,378937,B - WALMART VIA PARKWOOD-CHESAPEAKE,0
23,86.0.3,378938,B - WALMART VIA PARKWOOD-CHESAPEAKE,0
23,86.0.3,378939,B - WALMART VIA PARKWOOD-CHESAPEAKE,0
23,86.0.3,378940,B - WALMART VIA PARKWOOD-CHESAPEAKE,0
23,86.0.3,378941,B - WALMART VIA PARKWOOD-CHESAPEAKE,0
23,86.0.3,378942,B - WALMART VIA PARKWOOD-CHESAPEAKE,0
23,86.72.3,378943,B - WALMART VIA PARKWOOD-CHESAPEAKE,0
23,86.71.3,387212,B - WALMART VIA PARKWOOD-CHESAPEAKE,0
23,86.71.3,378944,B - WALMART VIA PARKWOOD-CHESAPEAKE,0
23,86.72.3,378991,B - WALMART VIA PARKWOOD-CHESAPEAKE,0
23,86.72.3,378992,B - WALMART VIA PARKWOOD-CHESAPEAKE,0
23,86.71.3,378945,B - WALMART VIA PARKWOOD-CHESAPEAKE,0
23,86.71.3,378946,B - WALMART VIA PARKWOOD-CHESAPEAKE,0
23,86.72.3,378993,B - WALMART VIA PARKWOOD-CHESAPEAKE,0
23,86.72.3,378994,B - WALMART VIA PARKWOOD-CHESAPEAKE,0
23,86.71.3,378947,B - WALMART VIA PARKWOOD-CHESAPEAKE,0
23,86.71.3,378948,B - WALMART VIA PARKWOOD-CHESAPEAKE,0
23,86.72.3,378995,B - WALMART VIA PARKWOOD-CHESAPEAKE,0
23,86.72.3,378996,A - DICKERSON WALMART,0
23,86.71.3,378949,A - DICKERSON WALMART,0
23,86.71.3,378950,B - WALMART VIA PARKWOOD-CHESAPEAKE,0
23,86.72.3,378997,B - WALMART VIA PARKWOOD-CHESAPEAKE,0
23,86.72.3,378998,B - WALMART VIA PARKWOOD-CHESAPEAKE,0
23,86.71.3,378951,B - WALMART VIA PARKWOOD-CHESAPEAKE,0
23,86.71.3,378952,B - WALMART VIA PARKWOOD-CHESAPEAKE,0
23,86.72.3,378999,B - WALMART VIA PARKWOOD-CHESAPEAKE,0
23,86.72.3,379000,B - WALMART VIA PARKWOOD-CHESAPEAKE,0
23,86.71.3,378953,B - WALMART VIA PARKWOOD-CHESAPEAKE,0
23,86.71.3,378954,B - WALMART VIA PARKWOOD-CHESAPEAKE,0
23,86.72.3,379001,B - WALMART VIA PARKWOOD-CHESAPEAKE,0
23,86.72.3,379002,B - WALMART VIA PARKWOOD-CHESAPEAKE,0
23,86.71.3,378955,B - WALMART VIA PARKWOOD-CHESAPEAKE,0
23,86.71.3,378956,B - WALMART VIA PARKWOOD-CHESAPEAKE,0
23,86.72.3,379003,B - WALMART VIA PARKWOOD-CHESAPEAKE,0
23,86.72.3,379004,B - WALMART VIA PARKWOOD-CHESAPEAKE,0
23,86.71.3,378957,B - WALMART VIA PARKWOOD-CHESAPEAKE,0
23,86.71.3,378958,B - WALMART VIA PARKWOOD-CHESAPEAKE,0
23,86.72.3,379005,B - WALMART VIA PARKWOOD-CHESAPEAKE,0
23,86.72.3,379006,B - WALMART VIA PARKWOOD-CHESAPEAKE,0
23,86.71.3,378959,B - WALMART VIA PARKWOOD-CHESAPEAKE,0
23,86.71.3,378960,B - WALMART VIA PARKWOOD-CHESAPEAKE,0
23,86.72.3,379007,B - WALMART VIA PARKWOOD-CHESAPEAKE,0
23,86.72.3,379008,B - WALMART VIA PARKWOOD-CHESAPEAKE,0
23,86.71.3,378961,B - WALMART VIA PARKWOOD-CHESAPEAKE,0
23,86.71.3,378962,B - WALMART VIA PARKWOOD-CHESAPEAKE,0
23,86.72.3,379009,B - WALMART VIA PARKWOOD-CHESAPEAKE,0
23,86.72.3,379010,B - WALMART VIA PARKWOOD-CHESAPEAKE,0
23,86.71.3,378963,B - WALMART VIA PARKWOOD-CHESAPEAKE,0
23,86.71.3,378964,B - WALMART VIA PARKWOOD-CHESAPEAKE,0
23,86.72.3,379011,B - WALMART VIA PARKWOOD-CHESAPEAKE,0
23,86.72.3,379012,B - WALMART VIA PARKWOOD-CHESAPEAKE,0
23,86.71.3,378965,B - WALMART VIA PARKWOOD-CHESAPEAKE,0
23,86.71.3,378966,B - WALMART VIA PARKWOOD-CHESAPEAKE,0
23,86.72.3,379013,B - WALMART VIA PARKWOOD-CHESAPEAKE,0
23,86.0.3,378967,B - WALMART VIA PARKWOOD-CHESAPEAKE,0
23,86.0.3,378968,B - WALMART VIA PARKWOOD-CHESAPEAKE,0
23,86.0.3,378969,B - WALMART VIA PARKWOOD-CHESAPEAKE,0
23,86.0.3,378970,B - WALMART VIA PARKWOOD-CHESAPEAKE,0
23,86.91.3,378971,B - WALMART VIA PARKWOOD-CHESAPEAKE,0
23,86.92.3,387272,B - WALMART VIA PARKWOOD-CHESAPEAKE,0
23,86.92.3,387273,B - WALMART VIA PARKWOOD-CHESAPEAKE,0
23,86.91.3,378972,B - WALMART VIA PARKWOOD-CHESAPEAKE,0
23,86.91.3,378973,B - WALMART VIA PARKWOOD-CHESAPEAKE,0
23,86.92.3,387274,B - WALMART VIA PARKWOOD-CHESAPEAKE,0
23,86.92.3,387275,B - WALMART VIA PARKWOOD-CHESAPEAKE,0
23,86.91.3,378974,B - WALMART VIA PARKWOOD-CHESAPEAKE,0
23,86.91.3,378975,B - WALMART VIA PARKWOOD-CHESAPEAKE,0
23,86.92.3,387276,B - WALMART VIA PARKWOOD-CHESAPEAKE,0
23,86.92.3,387277,B - WALMART VIA PARKWOOD-CHESAPEAKE,0
23,86.91.3,378976,B - WALMART VIA PARKWOOD-CHESAPEAKE,0
23,86.91.3,378977,B - WALMART VIA PARKWOOD-CHESAPEAKE,0
23,86.92.3,387278,B - WALMART VIA PARKWOOD-CHESAPEAKE,0
23,86.92.3,387279,B - WALMART VIA PARKWOOD-CHESAPEAKE,0
23,86.91.3,378978,B - WALMART VIA PARKWOOD-CHESAPEAKE,0
23,86.91.3,378979,B - WALMART VIA PARKWOOD-CHESAPEAKE,0
23,86.92.3,387280,B - WALMART VIA PARKWOOD-CHESAPEAKE,0
23,86.92.3,387281,B - WALMART VIA PARKWOOD-CHESAPEAKE,0
23,86.91.3,378980,B - WALMART VIA PARKWOOD-CHESAPEAKE,0
23,86.91.3,378981,B - WALMART VIA PARKWOOD-CHESAPEAKE,0
23,86.92.3,387282,B - WALMART VIA PARKWOOD-CHESAPEAKE,0
23,86.92.3,387283,B - WALMART VIA PARKWOOD-CHESAPEAKE,0
23,86.91.3,378982,B - WALMART VIA PARKWOOD-CHESAPEAKE,0
23,86.91.3,378983,B - WALMART VIA PARKWOOD-CHESAPEAKE,0
23,86.92.3,387284,B - WALMART VIA PARKWOOD-CHESAPEAKE,0
23,86.92.3,387285,B - WALMART VIA PARKWOOD-CHESAPEAKE,0
23,86.91.3,378984,B - WALMART VIA PARKWOOD-CHESAPEAKE,0
23,86.91.3,378985,B - WALMART VIA PARKWOOD-CHESAPEAKE,0
23,86.92.3,387286,B - WALMART VIA PARKWOOD-CHESAPEAKE,0
23,86.0.3,378986,B - WALMART VIA PARKWOOD-CHESAPEAKE,0
23,86.0.3,378987,B - WALMART VIA PARKWOOD-CHESAPEAKE,0
23,86.0.3,378988,B - WALMART VIA PARKWOOD-CHESAPEAKE,0
23,86.0.3,378989,B - WALMART VIA PARKWOOD-CHESAPEAKE,0
23,86.0.3,378990,B - WALMART VIA PARKWOOD-CHESAPEAKE,0
23,86.0.3,379014,DOWNTOWN,1
23,86.0.3,379015,DOWNTOWN,1
23,86.0.3,379016,DOWNTOWN,1
23,86.0.3,379017,DOWNTOWN,1
23,86.0.3,379018,DOWNTOWN,1
23,86.0.3,379019,DOWNTOWN,1
23,86.0.3,379020,DOWNTOWN,1
23,86.0.3,379021,DOWNTOWN,1
23,86.0.3,379022,DOWNTOWN,1
23,86.0.3,379023,DOWNTOWN,1
23,86.0.3,379024,DOWNTOWN,1
23,86.0.3,379025,DOWNTOWN,1
23,86.0.3,379026,DOWNTOWN,1
23,86.0.3,379027,DOWNTOWN,1
23,86.0.3,379028,DOWNTOWN,1
23,86.0.3,379029,DOWNTOWN,1
23,86.0.3,379030,DOWNTOWN,1
23,86.0.3,379031,DOWNTOWN,1
23,86.71.3,379032,DOWNTOWN,1
23,86.72.3,387211,NISSAN STADIUM & DOWNTOWN,1
23,86.71.3,379055,DOWNTOWN,1
23,86.72.3,379079,NISSAN STADIUM & DOWNTOWN,1
23,86.72.3,379080,NISSAN STADIUM & DOWNTOWN,1
23,86.71.3,379056,DOWNTOWN,1
23,86.71.3,379057,DOWNTOWN,1
23,86.72.3,379081,NISSAN STADIUM & DOWNTOWN,1
23,86.72.3,379082,NISSAN STADIUM & DOWNTOWN,1
23,86.71.3,379058,DOWNTOWN,1
23,86.71.3,379059,DOWNTOWN,1
23,86.72.3,379083,NISSAN STADIUM & DOWNTOWN,1
23,86.72.3,379084,NISSAN STADIUM & DOWNTOWN,1
23,86.71.3,379060,DOWNTOWN,1
23,86.71.3,379061,DOWNTOWN,1
23,86.72.3,379085,NISSAN STADIUM & DOWNTOWN,1
23,86.72.3,379086,NISSAN STADIUM & DOWNTOWN,1
23,86.71.3,379062,DOWNTOWN,1
23,86.71.3,379063,DOWNTOWN,1
23,86.72.3,379087,NISSAN STADIUM & DOWNTOWN,1
23,86.72.3,379088,NISSAN STADIUM & DOWNTOWN,1
23,86.71.3,379064,DOWNTOWN,1
23,86.71.3,379065,DOWNTOWN,1
23,86.72.3,379089,NISSAN STADIUM & DOWNTOWN,1
23,86.72.3,379090,NISSAN STADIUM & DOWNTOWN,1
23,86.71.3,379066,DOWNTOWN,1
23,86.71.3,379067,DOWNTOWN,1
23,86.72.3,379091,NISSAN STADIUM & DOWNTOWN,1
23,86.72.3,379092,NISSAN STADIUM & DOWNTOWN,1
23,86.71.3,379068,DOWNTOWN,1
23,86.71.3,379069,DOWNTOWN,1
23,86.72.3,379093,NISSAN STADIUM & DOWNTOWN,1
23,86.72.3,379094,NISSAN STADIUM & DOWNTOWN,1
23,86.71.3,379070,DOWNTOWN,1
23,86.71.3,379071,DOWNTOWN,1
23,86.72.3,379095,NISSAN STADIUM & DOWNTOWN,1
23,86.72.3,379096,NISSAN STADIUM & DOWNTOWN,1
23,86.71.3,379072,DOWNTOWN,1
23,86.71.3,379073,DOWNTOWN,1
23,86.72.3,379097,NISSAN STADIUM & DOWNTOWN,1
23,86.72.3,379098,NISSAN STADIUM & DOWNTOWN,1
23,86.71.3,379074,DOWNTOWN,1
23,86.71.3,379075,DOWNTOWN,1
23,86.72.3,379099,NISSAN STADIUM & DOWNTOWN,1
23,86.72.3,379100,NISSAN STADIUM & DOWNTOWN,1
23,86.71.3,379076,DOWNTOWN,1
23,86.71.3,379077,DOWNTOWN,1
23,86.72.3,379101,NISSAN STADIUM & DOWNTOWN,1
23,86.72.3,379102,NISSAN STADIUM & DOWNTOWN,1
23,86.71.3,379078,DOWNTOWN,1
23,86.0.3,379033,DOWNTOWN,1
23,86.0.3,379034,DOWNTOWN,1
23,86.0.3,379035,DOWNTOWN,1
23,86.91.3,379036,DOWNTOWN,1
23,86.92.3,387253,NISSAN STADIUM & DOWNTOWN,1
23,86.91.3,379037,DOWNTOWN,1
23,86.92.3,387254,NISSAN STADIUM & DOWNTOWN,1
23,86.91.3,379038,DOWNTOWN,1
23,86.92.3,387255,NISSAN STADIUM & DOWNTOWN,1
23,86.91.3,379039,DOWNTOWN,1
23,86.92.3,387256,NISSAN STADIUM & DOWNTOWN,1
23,86.91.3,379040,DOWNTOWN,1
23,86.92.3,387257,NISSAN STADIUM & DOWNTOWN,1
23,86.91.3,379041,DOWNTOWN,1
23,86.92.3,387258,NISSAN STADIUM & DOWNTOWN,1
23,86.91.3,379042,DOWNTOWN,1
23,86.92.3,387259,NISSAN STADIUM & DOWNTOWN,1
23,86.91.3,379043,DOWNTOWN,1
23,86.92.3,387260,NISSAN STADIUM & DOWNTOWN,1
23,86.92.3,387261,NISSAN STADIUM & DOWNTOWN,1
23,86.91.3,379044,DOWNTOWN,1
23,86.91.3,379045,DOWNTOWN,1
23,86.92.3,387262,NISSAN STADIUM & DOWNTOWN,1
23,86.92.3,387263,NISSAN STADIUM & DOWNTOWN,1
23,86.91.3,379046,DOWNTOWN,1
23,86.91.3,379047,DOWNTOWN,1
23,86.92.3,387264,NISSAN STADIUM & DOWNTOWN,1
23,86.92.3,387265,NISSAN STADIUM & DOWNTOWN,1
23,86.91.3,379048,DOWNTOWN,1
23,86.91.3,379049,DOWNTOWN,1
23,86.92.3,387266,NISSAN STADIUM & DOWNTOWN,1
23,86.0.3,379050,DOWNTOWN,1
23,86.0.3,379051,DOWNTOWN,1
23,86.0.3,379052,DOWNTOWN,1
23,86.0.3,379053,DOWNTOWN,1
23,86.0.3,379054,DOWNTOWN,1
28,86.0.3,386304,DOWNTOWN,0
28,86.0.3,386305,DOWNTOWN,0
28,86.0.3,386306,DOWNTOWN,0
28,86.0.3,386307,DOWNTOWN,0
28,86.0.3,386308,DOWNTOWN,0
28,86.0.3,386309,DOWNTOWN,0
28,86.0.3,386310,DOWNTOWN,0
28,86.0.3,386311,DOWNTOWN,0
28,86.0.3,386312,DOWNTOWN,0
28,86.0.3,386313,DOWNTOWN,0
28,86.0.3,386314,DOWNTOWN,0
28,86.0.3,386315,DOWNTOWN,0
28,86.0.3,386316,DOWNTOWN,0
28,86.0.3,386317,DOWNTOWN,0
28,86.0.3,386318,DOWNTOWN,0
28,86.0.3,386319,DOWNTOWN,0
28,86.0.3,386320,DOWNTOWN,0
28,86.0.3,386321,DOWNTOWN,0
28,86.0.3,386322,OAKWOOD,1
28,86.0.3,386323,OAKWOOD,1
28,86.0.3,386324,OAKWOOD,1
28,86.0.3,386325,OAKWOOD,1
28,86.0.3,386326,OAKWOOD,1
28,86.0.3,386327,OAKWOOD,1
28,86.0.3,386328,OAKWOOD,1
28,86.0.3,386329,OAKWOOD,1
28,86.0.3,386330,OAKWOOD,1
28,86.0.3,386331,OAKWOOD,1
28,86.0.3,386332,OAKWOOD,1
28,86.0.3,386333,OAKWOOD,1
28,86.0.3,386334,OAKWOOD,1
28,86.0.3,386335,OAKWOOD,1
28,86.0.3,386336,OAKWOOD,1
28,86.0.3,386337,OAKWOOD,1
28,86.0.3,386338,OAKWOOD,1
28,86.0.3,386339,OAKWOOD,1
29,86.0.3,379377,TENNESSEE STATE UNIVERSITY,0
29,86.0.3,379378,TENNESSEE STATE UNIVERSITY,0
29,86.0.3,379379,TENNESSEE STATE UNIVERSITY,0
29,86.0.3,379380,TENNESSEE STATE UNIVERSITY,0
29,86.0.3,379381,TENNESSEE STATE UNIVERSITY,0
29,86.0.3,379382,TENNESSEE STATE UNIVERSITY,0
29,86.0.3,379383,TENNESSEE STATE UNIVERSITY,0
29,86.0.3,379384,TENNESSEE STATE UNIVERSITY,0
29,86.0.3,379385,TENNESSEE STATE UNIVERSITY,0
29,86.0.3,379386,TENNESSEE STATE UNIVERSITY,0
29,86.0.3,379387,TENNESSEE STATE UNIVERSITY,0
29,86.0.3,379388,TENNESSEE STATE UNIVERSITY,0
29,86.0.3,379389,TENNESSEE STATE UNIVERSITY,0
29,86.0.3,379390,TENNESSEE STATE UNIVERSITY,0
29,86.0.3,379391,TENNESSEE STATE UNIVERSITY,0
29,86.0.3,379392,TENNESSEE STATE UNIVERSITY,0
29,86.0.3,379393,TENNESSEE STATE UNIVERSITY,0
29,86.0.3,379394,TENNESSEE STATE UNIVERSITY,0
29,86.0.3,379395,TENNESSEE STATE UNIVERSITY,0
29,86.0.3,379396,TENNESSEE STATE UNIVERSITY,0
29,86.0.3,379397,TENNESSEE STATE UNIVERSITY,0
29,86.0.3,379398,TENNESSEE STATE UNIVERSITY,0
29,86.0.3,379399,TENNESSEE STATE UNIVERSITY,0
29,86.0.3,379400,TENNESSEE STATE UNIVERSITY,0
29,86.0.3,379401,TENNESSEE STATE UNIVERSITY,0
29,86.0.3,379402,TENNESSEE STATE UNIVERSITY,0
29,86.0.3,379403,TENNESSEE STATE UNIVERSITY,0
29,86.0.3,379404,TENNESSEE STATE UNIVERSITY,0
29,86.0.3,379405,TENNESSEE STATE UNIVERSITY,0
29,86.0.3,379406,TENNESSEE STATE UNIVERSITY,0
29,86.0.3,379407,TENNESSEE STATE UNIVERSITY,0
29,86.0.3,379408,TENNESSEE STATE UNIVERSITY,0
29,86.0.3,379409,TENNESSEE STATE UNIVERSITY,0
29,86.0.3,379410,TENNESSEE STATE UNIVERSITY,0
29,86.0.3,379411,DOWNTOWN,1
29,86.0.3,379412,DOWNTOWN,1
29,86.0.3,379413,DOWNTOWN,1
29,86.0.3,379414,DOWNTOWN,1
29,86.0.3,379415,DOWNTOWN,1
29,86.0.3,379416,DOWNTOWN,1
29,86.0.3,379417,DOWNTOWN,1
29,86.0.3,379418,DOWNTOWN,1
29,86.0.3,379419,DOWNTOWN,1
29,86.0.3,379420,DOWNTOWN,1
29,86.0.3,379421,DOWNTOWN,1
29,86.0.3,379422,DOWNTOWN,1
29,86.0.3,379423,DOWNTOWN,1
29,86.0.3,379424,DOWNTOWN,1
29,86.0.3,379425,DOWNTOWN,1
29,86.0.3,379426,DOWNTOWN,1
29,86.0.3,379427,DOWNTOWN,1
29,86.0.3,379428,DOWNTOWN,1
29,86.0.3,379429,DOWNTOWN,1
29,86.0.3,379430,DOWNTOWN,1
29,86.0.3,379431,DOWNTOWN,1
29,86.0.3,379432,DOWNTOWN,1
29,86.0.3,379433,DOWNTOWN,1
29,86.0.3,379434,DOWNTOWN,1
29,86.0.3,379435,DOWNTOWN,1
29,86.0.3,379436,DOWNTOWN,1
29,86.0.3,379437,DOWNTOWN,1
29,86.0.3,379438,DOWNTOWN,1
29,86.0.3,379439,DOWNTOWN,1
29,86.0.3,379440,DOWNTOWN,1
29,86.0.3,379441,DOWNTOWN,1
29,86.0.3,379442,DOWNTOWN,1
29,86.0.3,379443,DOWNTOWN,1
29,86.0.3,379444,DOWNTOWN,1
3,86.123.3,387377,B - BELLEVUE VIA I-40,0
3,86.123.3,387378,B - BELLEVUE VIA I-40,0
3,86.123.3,387379,B - BELLEVUE VIA I-40,0
3,86.123.3,387380,B - BELLEVUE VIA I-40,0
3,86.147.3,387409,B - BELLEVUE VIA I-40,0
3,86.147.3,387410,B - BELLEVUE VIA I-40,0
3,86.147.3,387411,B - BELLEVUE VIA I-40,0
3,86.147.3,387412,B - BELLEVUE VIA I-40,0
3,86.0.3,379778,A -WHITE BRIDGE,0
3,86.0.3,379779,B - BELLEVUE,0
3,86.0.3,379780,A -WHITE BRIDGE,0
3,86.0.3,379781,B - BELLEVUE,0
3,86.0.3,379782,A -WHITE BRIDGE,0
3,86.0.3,379783,B - BELLEVUE,0
3,86.0.3,379784,A -WHITE BRIDGE,0
3,86.0.3,379785,B - BELLEVUE,0
3,86.0.3,379786,A -WHITE BRIDGE,0
3,86.0.3,379787,B - BELLEVUE,0
3,86.0.3,379788,A -WHITE BRIDGE,0
3,86.0.3,379789,B - BELLEVUE,0
3,86.0.3,379790,A -WHITE BRIDGE,0
3,86.0.3,379791,B - BELLEVUE,0
3,86.0.3,379792,A -WHITE BRIDGE,0
3,86.0.3,379793,B - BELLEVUE,0
3,86.0.3,379794,A -WHITE BRIDGE,0
3,86.0.3,379795,B - BELLEVUE,0
3,86.0.3,379796,A -WHITE BRIDGE,0
3,86.0.3,379797,B - BELLEVUE,0
3,86.0.3,379798,A -WHITE BRIDGE,0
3,86.0.3,379799,B - BELLEVUE,0
3,86.0.3,379800,A -WHITE BRIDGE,0
3,86.0.3,379801,B - BELLEVUE,0
3,86.0.3,379802,A -WHITE BRIDGE,0
3,86.0.3,379803,B - BELLEVUE,0
3,86.0.3,379804,A -WHITE BRIDGE,0
3,86.0.3,379805,B - BELLEVUE,0
3,86.0.3,379806,A -WHITE BRIDGE,0
3,86.0.3,379807,B - BELLEVUE,0
3,86.0.3,379808,A -WHITE BRIDGE,0
3,86.0.3,379809,B - BELLEVUE,0
3,86.0.3,379810,A -WHITE BRIDGE,0
3,86.0.3,379811,B - BELLEVUE,0
3,86.0.3,379812,A -WHITE BRIDGE,0
3,86.0.3,379813,B - BELLEVUE,0
3,86.0.3,379814,A -WHITE BRIDGE,0
3,86.0.3,379815,B - BELLEVUE,0
3,86.0.3,379816,A -WHITE BRIDGE,0
3,86.0.3,379817,B - BELLEVUE,0
3,86.0.3,379818,A -WHITE BRIDGE,0
3,86.0.3,379819,B - BELLEVUE,0
3,86.0.3,379820,A -WHITE BRIDGE,0
3,86.0.3,379821,B - BELLEVUE,0
3,86.0.3,379822,A -WHITE BRIDGE,0
3,86.0.3,379823,B - BELLEVUE,0
3,86.0.3,379824,A -WHITE BRIDGE,0
3,86.0.3,379825,B - BELLEVUE,0
3,86.0.3,379826,A -WHITE BRIDGE,0
3,86.0.3,379827,B - BELLEVUE,0
3,86.0.3,379828,A -WHITE BRIDGE,0
3,86.0.3,379829,B - BELLEVUE,0
3,86.0.3,379830,A -WHITE BRIDGE,0
3,86.0.3,379831,B - BELLEVUE,0
3,86.0.3,379832,A - WHITE BRIDGE,0
3,86.0.3,379833,B - BELLEVUE,0
3,86.0.3,379834,A - WHITE BRIDGE,0
3,86.0.3,379835,B - BELLEVUE,0
3,86.0.3,379836,A -WHITE BRIDGE,0
3,86.0.3,379837,B - BELLEVUE,0
3,86.0.3,379838,A -WHITE BRIDGE,0
3,86.0.3,379839,B - BELLEVUE,0
3,86.0.3,379840,A -WHITE BRIDGE,0
3,86.0.3,379841,B - BELLEVUE,0
3,86.0.3,379842,A - WHITE BRIDGE,0
3,86.0.3,379843,B - BELLEVUE,0
3,86.0.3,379844,AB - WHITE BRIDGE BELLEVUE,0
3,86.123.3,387381,B - DOWNTOWN / NISSAN STADIUM VIA I-40,1
3,86.123.3,387382,B - DOWNTOWN / NISSAN STADIUM VIA I-40,1
3,86.123.3,387383,B - DOWNTOWN / NISSAN STADIUM VIA I-40,1
3,86.123.3,387384,B - DOWNTOWN / NISSAN STADIUM VIA I-40,1
3,86.147.3,387413,B - DOWNTOWN / NISSAN STADIUM VIA I-40,1
3,86.147.3,387414,B - DOWNTOWN / NISSAN STADIUM VIA I-40,1
3,86.147.3,387415,B - DOWNTOWN / NISSAN STADIUM VIA I-40,1
3,86.147.3,387416,B - DOWNTOWN / NISSAN STADIUM VIA I-40,1
3,86.0.3,379845,A - DOWNTOWN,1
3,86.0.3,379846,B - DOWNTOWN,1
3,86.0.3,379847,A - DOWNTOWN,1
3,86.0.3,379848,B - DOWNTOWN,1
3,86.0.3,379849,A - DOWNTOWN,1
3,86.0.3,379850,B - DOWNTOWN,1
3,86.0.3,379851,A - DOWNTOWN,1
3,86.0.3,379852,B - DOWNTOWN,1
3,86.0.3,379853,A - DOWNTOWN,1
3,86.0.3,379854,B - DOWNTOWN,1
3,86.0.3,379855,A - DOWNTOWN,1
3,86.0.3,379856,B - DOWNTOWN,1
3,86.0.3,379857,A - DOWNTOWN,1
3,86.0.3,379858,B - DOWNTOWN,1
3,86.0.3,379859,A - DOWNTOWN,1
3,86.0.3,379860,B - DOWNTOWN,1
3,86.0.3,379861,A - DOWNTOWN,1
3,86.0.3,379862,B - DOWNTOWN,1
3,86.0.3,379863,A - DOWNTOWN,1
3,86.0.3,379864,B - DOWNTOWN,1
3,86.0.3,379865,A - DOWNTOWN,1
3,86.0.3,379866,B - DOWNTOWN,1
3,86.0.3,379867,A - DOWNTOWN,1
3,86.0.3,379868,B - DOWNTOWN,1
3,86.0.3,379869,A - DOWNTOWN,1
3,86.0.3,379870,B - DOWNTOWN,1
3,86.0.3,379871,A - DOWNTOWN,1
3,86.0.3,379872,B - DOWNTOWN,1
3,86.0.3,379873,A - DOWNTOWN,1
3,86.0.3,379874,B - DOWNTOWN,1
3,86.0.3,379875,A - DOWNTOWN,1
3,86.0.3,379876,B - DOWNTOWN,1
3,86.0.3,379877,A - DOWNTOWN,1
3,86.0.3,379878,B - DOWNTOWN,1
3,86.0.3,379879,A - DOWNTOWN,1
3,86.0.3,379880,B - DOWNTOWN,1
3,86.0.3,379881,A - DOWNTOWN,1
3,86.0.3,379882,B - DOWNTOWN,1
3,86.0.3,379883,A - DOWNTOWN,1
3,86.0.3,379884,B - DOWNTOWN,1
3,86.0.3,379885,A - DOWNTOWN,1
3,86.0.3,379886,B - DOWNTOWN,1
3,86.0.3,379887,A - DOWNTOWN,1
3,86.0.3,379888,B - DOWNTOWN,1
3,86.0.3,379889,A - DOWNTOWN,1
3,86.0.3,379890,B - DOWNTOWN,1
3,86.0.3,379891,A - DOWNTOWN,1
3,86.0.3,379892,B - DOWNTOWN,1
3,86.0.3,379893,A - DOWNTOWN,1
3,86.0.3,379894,B - DOWNTOWN,1
3,86.0.3,379895,A - DOWNTOWN,1
3,86.0.3,379896,B - DOWNTOWN,1
3,86.0.3,379897,A - DOWNTOWN,1
3,86.0.3,379898,B - DOWNTOWN,1
3,86.0.3,379899,A - DOWNTOWN,1
3,86.0.3,379900,B - DOWNTOWN,1
3,86.0.3,379901,A - DOWNTOWN,1
3,86.0.3,379902,B - DOWNTOWN,1
3,86.0.3,379903,A - DOWNTOWN,1
3,86.0.3,379904,B - DOWNTOWN,1
3,86.0.3,379905,A - DOWNTOWN,1
3,86.0.3,379906,B - DOWNTOWN,1
3,86.0.3,379907,A - DOWNTOWN,1
3,86.0.3,379908,B - DOWNTOWN,1
3,86.0.3,379909,A - DOWNTOWN,1
3,86.0.3,379910,B - DOWNTOWN,1
3,86.0.3,379911,A - DOWNTOWN,1
34,86.0.3,386516,OPRY MILLS VIA ELLINGTON,0
34,86.0.3,386517,OPRY MILLS VIA ELLINGTON,0
34,86.0.3,386518,OPRY MILLS VIA ELLINGTON,0
34,86.0.3,386519,OPRY MILLS VIA ELLINGTON,0
34,86.0.3,386520,OPRY MILLS VIA ELLINGTON,0
34,86.0.3,386521,OPRY MILLS VIA ELLINGTON,0
34,86.0.3,386522,OPRY MILLS VIA ELLINGTON,0
34,86.0.3,386523,OPRY MILLS VIA ELLINGTON,0
34,86.0.3,386524,OPRY MILLS VIA ELLINGTON,0
34,86.0.3,386525,OPRY MILLS VIA ELLINGTON,0
34,86.0.3,386526,OPRY MILLS VIA ELLINGTON,0
34,86.0.3,386527,OPRY MILLS VIA ELLINGTON,0
34,86.0.3,386528,OPRY MILLS VIA ELLINGTON,0
34,86.0.3,386529,OPRY MILLS VIA ELLINGTON,0
34,86.0.3,386530,OPRY MILLS VIA ELLINGTON,0
34,86.0.3,386531,OPRY MILLS VIA ELLINGTON,0
34,86.0.3,386532,OPRY MILLS VIA ELLINGTON,0
34,86.0.3,386533,OPRY MILLS VIA ELLINGTON,0
34,86.0.3,386534,OPRY MILLS VIA ELLINGTON,0
34,86.0.3,386535,OPRY MILLS VIA ELLINGTON,0
34,86.0.3,386536,OPRY MILLS VIA ELLINGTON,0
34,86.0.3,386537,OPRY MILLS VIA ELLINGTON,0
34,86.0.3,386538,OPRY MILLS VIA ELLINGTON,0
34,86.0.3,386539,OPRY MILLS VIA ELLINGTON,0
34,86.0.3,386540,OPRY MILLS VIA ELLINGTON,0
34,86.0.3,386541,OPRY MILLS VIA ELLINGTON,0
34,86.0.3,386542,OPRY MILLS VIA ELLINGTON,0
34,86.0.3,386543,OPRY MILLS VIA ELLINGTON,0
34,86.0.3,386544,OPRY MILLS VIA ELLINGTON,0
34,86.0.3,386545,OPRY MILLS VIA ELLINGTON,0
34,86.0.3,386546,OPRY MILLS VIA ELLINGTON,0
34,86.0.3,386547,OPRY MILLS VIA ELLINGTON,0
34,86.0.3,386548,OPRY MILLS VIA ELLINGTON,0
34,86.0.3,386549,OPRY MILLS VIA ELLINGTON,0
34,86.0.3,386550,DOWNTOWN VIA ELLINGTON,1
34,86.0.3,386551,DOWNTOWN VIA ELLINGTON,1
34,86.0.3,386552,DOWNTOWN VIA ELLINGTON,1
34,86.0.3,386553,DOWNTOWN VIA ELLINGTON,1
34,86.0.3,386554,DOWNTOWN VIA ELLINGTON,1
34,86.0.3,386555,DOWNTOWN VIA ELLINGTON,1
34,86.0.3,386556,DOWNTOWN VIA ELLINGTON,1
34,86.0.3,386557,DOWNTOWN VIA ELLINGTON,1
34,86.0.3,386558,DOWNTOWN VIA ELLINGTON,1
34,86.0.3,386559,DOWNTOWN VIA ELLINGTON,1
34,86.0.3,386560,DOWNTOWN VIA ELLINGTON,1
34,86.0.3,386561,DOWNTOWN VIA ELLINGTON,1
34,86.0.3,386562,DOWNTOWN VIA ELLINGTON,1
34,86.0.3,386563,DOWNTOWN VIA ELLINGTON,1
34,86.0.3,386564,DOWNTOWN VIA ELLINGTON,1
34,86.0.3,386565,DOWNTOWN VIA ELLINGTON,1
34,86.0.3,386566,DOWNTOWN VIA ELLINGTON,1
34,86.0.3,386567,DOWNTOWN VIA ELLINGTON,1
34,86.0.3,386568,DOWNTOWN VIA ELLINGTON,1
34,86.0.3,386569,DOWNTOWN VIA ELLINGTON,1
34,86.0.3,386570,DOWNTOWN VIA ELLINGTON,1
34,86.0.3,386571,DOWNTOWN VIA ELLINGTON,1
34,86.0.3,386572,DOWNTOWN VIA ELLINGTON,1
34,86.0.3,386573,DOWNTOWN VIA ELLINGTON,1
34,86.0.3,386574,DOWNTOWN VIA ELLINGTON,1
34,86.0.3,386575,DOWNTOWN VIA ELLINGTON,1
34,86.0.3,386576,DOWNTOWN VIA ELLINGTON,1
34,86.0.3,386577,DOWNTOWN VIA ELLINGTON,1
34,86.0.3,386578,DOWNTOWN VIA ELLINGTON,1
34,86.0.3,386579,DOWNTOWN VIA ELLINGTON,1
34,86.0.3,386580,DOWNTOWN VIA ELLINGTON,1
34,86.0.3,386581,DOWNTOWN VIA ELLINGTON,1
34,86.0.3,386582,DOWNTOWN VIA ELLINGTON,1
34,86.0.3,386583,DOWNTOWN VIA ELLINGTON,1
4,86.0.3,386244,INGLEWOOD,0
4,86.0.3,386245,INGLEWOOD,0
4,86.0.3,386246,INGLEWOOD,0
4,86.0.3,386247,INGLEWOOD,0
4,86.0.3,386248,INGLEWOOD,0
4,86.0.3,386249,INGLEWOOD,0
4,86.0.3,386250,INGLEWOOD,0
4,86.0.3,386251,INGLEWOOD,0
4,86.0.3,386252,INGLEWOOD,0
4,86.0.3,386253,INGLEWOOD,0
4,86.0.3,386254,INGLEWOOD,0
4,86.0.3,386255,INGLEWOOD,0
4,86.0.3,386256,INGLEWOOD,0
4,86.0.3,386257,INGLEWOOD,0
4,86.0.3,386258,INGLEWOOD,0
4,86.0.3,386259,INGLEWOOD,0
4,86.0.3,386260,INGLEWOOD,0
4,86.0.3,386261,INGLEWOOD,0
4,86.0.3,386262,INGLEWOOD,0
4,86.0.3,386263,INGLEWOOD,0
4,86.0.3,386264,INGLEWOOD,0
4,86.0.3,386265,INGLEWOOD,0
4,86.0.3,386266,INGLEWOOD,0
4,86.0.3,386267,INGLEWOOD,0
4,86.0.3,386268,INGLEWOOD,0
4,86.0.3,386269,INGLEWOOD,0
4,86.0.3,386270,INGLEWOOD,0
4,86.0.3,386271,INGLEWOOD,0
4,86.0.3,386302,DOWNTOWN,1
4,86.0.3,386272,DOWNTOWN,1
4,86.0.3,386273,DOWNTOWN,1
4,86.0.3,386274,DOWNTOWN,1
4,86.0.3,386275,DOWNTOWN,1
4,86.0.3,386276,DOWNTOWN,1
4,86.0.3,386277,DOWNTOWN,1
4,86.0.3,386278,DOWNTOWN,1
4,86.0.3,386279,DOWNTOWN,1
4,86.0.3,386280,DOWNTOWN,1
4,86.0.3,386281,DOWNTOWN,1
4,86.0.3,386282,DOWNTOWN,1
4,86.0.3,386283,DOWNTOWN,1
4,86.0.3,386284,DOWNTOWN,1
4,86.0.3,386285,DOWNTOWN,1
4,86.0.3,386286,DOWNTOWN,1
4,86.0.3,386287,DOWNTOWN,1
4,86.0.3,386288,DOWNTOWN,1
4,86.0.3,386289,DOWNTOWN,1
4,86.0.3,386290,DOWNTOWN,1
4,86.0.3,386291,DOWNTOWN,1
4,86.0.3,386292,DOWNTOWN,1
4,86.0.3,386293,DOWNTOWN,1
4,86.0.3,386294,DOWNTOWN,1
4,86.0.3,386295,DOWNTOWN,1
4,86.0.3,386296,DOWNTOWN,1
4,86.0.3,386297,DOWNTOWN,1
4,86.0.3,386298,DOWNTOWN,1
4,86.0.3,386299,DOWNTOWN,1
4,86.0.3,386300,DOWNTOWN,1
4,86.0.3,386301,SHELBY PARK,1
41,86.0.3,386340,TRINITY HILLS,0
41,86.0.3,386341,TRINITY HILLS,0
41,86.0.3,386342,TRINITY HILLS,0
41,86.0.3,386343,TRINITY HILLS,0
41,86.0.3,386344,TRINITY HILLS,0
41,86.71.3,386345,TRINITY HILLS,0
41,86.72.3,387292,TRINITY HILLS,0
41,86.72.3,387293,TRINITY HILLS,0
41,86.71.3,386346,TRINITY HILLS,0
41,86.71.3,386347,TRINITY HILLS,0
41,86.72.3,387294,TRINITY HILLS,0
41,86.72.3,387295,TRINITY HILLS,0
41,86.71.3,386348,TRINITY HILLS,0
41,86.71.3,386349,TRINITY HILLS,0
41,86.72.3,387296,TRINITY HILLS,0
41,86.72.3,387297,TRINITY HILLS,0
41,86.71.3,386350,TRINITY HILLS,0
41,86.0.3,386351,TRINITY HILLS,0
41,86.91.3,386353,TRINITY HILLS,0
41,86.92.3,387298,TRINITY HILLS,0
41,86.91.3,386355,TRINITY HILLS,0
41,86.92.3,387299,TRINITY HILLS,0
41,86.0.3,386357,DOWNTOWN,1
41,86.0.3,386358,DOWNTOWN,1
41,86.0.3,386359,DOWNTOWN,1
41,86.0.3,386360,DOWNTOWN,1
41,86.0.3,386361,DOWNTOWN,1
41,86.71.3,386362,DOWNTOWN,1
41,86.72.3,387300,DOWNTOWN & NISSAN STADIUM,1
41,86.72.3,387301,DOWNTOWN & NISSAN STADIUM,1
41,86.71.3,386363,DOWNTOWN,1
41,86.71.3,386364,DOWNTOWN,1
41,86.72.3,387302,DOWNTOWN & NISSAN STADIUM,1
41,86.72.3,387303,DOWNTOWN & NISSAN STADIUM,1
41,86.71.3,386365,DOWNTOWN,1
41,86.71.3,386366,DOWNTOWN,1
41,86.72.3,387304,DOWNTOWN & NISSAN STADIUM,1
41,86.72.3,387305,DOWNTOWN & NISSAN STADIUM,1
41,86.71.3,386367,DOWNTOWN,1
41,86.0.3,386368,DOWNTOWN,1
41,86.91.3,386370,DOWNTOWN,1
41,86.92.3,387306,DOWNTOWN & NISSAN STADIUM,1
41,86.91.3,386372,DOWNTOWN,1
41,86.92.3,387307,DOWNTOWN & NISSAN STADIUM,1
42,86.0.3,380475,NORTH NASHVILLE,0
42,86.0.3,380476,NORTH NASHVILLE,0
42,86.0.3,380477,NORTH NASHVILLE,0
42,86.0.3,380478,NORTH NASHVILLE,0
42,86.0.3,380479,NORTH NASHVILLE,0
42,86.0.3,380480,NORTH NASHVILLE,0
42,86.0.3,380481,NORTH NASHVILLE,0
42,86.0.3,380482,NORTH NASHVILLE,0
42,86.0.3,380483,NORTH NASHVILLE,0
42,86.0.3,380484,NORTH NASHVILLE,0
42,86.0.3,380485,NORTH NASHVILLE,0
42,86.0.3,380486,NORTH NASHVILLE,0
42,86.0.3,380487,NORTH NASHVILLE,0
42,86.0.3,380488,NORTH NASHVILLE,0
42,86.0.3,380489,NORTH NASHVILLE,0
42,86.0.3,380490,NORTH NASHVILLE,0
42,86.0.3,380491,NORTH NASHVILLE,0
42,86.0.3,380492,NORTH NASHVILLE,0
42,86.0.3,380493,DOWNTOWN,1
42,86.0.3,380494,DOWNTOWN,1
42,86.0.3,380495,DOWNTOWN,1
42,86.0.3,380496,DOWNTOWN,1
42,86.0.3,380497,DOWNTOWN,1
42,86.0.3,380498,DOWNTOWN,1
42,86.0.3,380499,DOWNTOWN,1
42,86.0.3,380500,DOWNTOWN,1
42,86.0.3,380501,DOWNTOWN,1
42,86.0.3,380502,DOWNTOWN,1
42,86.0.3,380503,DOWNTOWN,1
42,86.0.3,380504,DOWNTOWN,1
42,86.0.3,380505,DOWNTOWN,1
42,86.0.3,380506,DOWNTOWN,1
42,86.0.3,380507,DOWNTOWN,1
42,86.0.3,380508,DOWNTOWN,1
42,86.0.3,380509,DOWNTOWN,1
42,86.0.3,380510,DOWNTOWN,1
50,86.0.3,380941,CHARLOTTE WALMART,0
50,86.0.3,380942,CHARLOTTE WALMART,0
50,86.0.3,380943,CHARLOTTE WALMART,0
50,86.0.3,380944,CHARLOTTE WALMART,0
50,86.0.3,380945,CHARLOTTE WALMART,0
50,86.0.3,380946,CHARLOTTE WALMART,0
50,86.0.3,380947,CHARLOTTE WALMART,0
50,86.0.3,380948,CHARLOTTE WALMART,0
50,86.0.3,380949,CHARLOTTE WALMART,0
50,86.0.3,380950,CHARLOTTE WALMART,0
50,86.0.3,380951,CHARLOTTE WALMART,0
50,86.0.3,380952,CHARLOTTE WALMART,0
50,86.0.3,380953,CHARLOTTE WALMART,0
50,86.0.3,380954,CHARLOTTE WALMART,0
50,86.0.3,380955,CHARLOTTE WALMART,0
50,86.0.3,380956,CHARLOTTE WALMART,0
50,86.0.3,380957,CHARLOTTE WALMART,0
50,86.0.3,380958,CHARLOTTE WALMART,0
50,86.0.3,380959,CHARLOTTE WALMART,0
50,86.0.3,380960,CHARLOTTE WALMART,0
50,86.0.3,380961,CHARLOTTE WALMART,0
50,86.0.3,380962,CHARLOTTE WALMART,0
50,86.0.3,380963,CHARLOTTE WALMART,0
50,86.0.3,380964,CHARLOTTE WALMART,0
50,86.0.3,380965,CHARLOTTE WALMART,0
50,86.0.3,380966,CHARLOTTE WALMART,0
50,86.0.3,380967,CHARLOTTE WALMART,0
50,86.0.3,380968,CHARLOTTE WALMART,0
50,86.0.3,380969,CHARLOTTE WALMART,0
50,86.0.3,380970,CHARLOTTE WALMART,0
50,86.0.3,380971,CHARLOTTE WALMART,0
50,86.0.3,380972,CHARLOTTE WALMART,0
50,86.0.3,380973,CHARLOTTE WALMART,0
50,86.0.3,380974,CHARLOTTE WALMART,0
50,86.0.3,380975,CHARLOTTE WALMART,0
50,86.0.3,380976,CHARLOTTE WALMART,0
50,86.0.3,380977,CHARLOTTE WALMART,0
50,86.0.3,380978,CHARLOTTE WALMART,0
50,86.0.3,380979,CHARLOTTE WALMART,0
50,86.0.3,380980,CHARLOTTE WALMART,0
50,86.0.3,380981,CHARLOTTE WALMART,0
50,86.0.3,380982,CHARLOTTE WALMART,0
50,86.0.3,380983,CHARLOTTE WALMART,0
50,86.0.3,380984,CHARLOTTE WALMART,0
50,86.0.3,380985,CHARLOTTE WALMART,0
50,86.0.3,380986,CHARLOTTE WALMART,0
50,86.0.3,380987,CHARLOTTE WALMART,0
50,86.0.3,380988,CHARLOTTE WALMART,0
50,86.0.3,380989,CHARLOTTE WALMART,0
50,86.0.3,380990,CHARLOTTE WALMART,0
50,86.0.3,380991,CHARLOTTE WALMART,0
50,86.0.3,380992,CHARLOTTE WALMART,0
50,86.0.3,380993,CHARLOTTE WALMART,0
50,86.0.3,380994,CHARLOTTE WALMART,0
50,86.0.3,380995,CHARLOTTE WALMART,0
50,86.0.3,380996,CHARLOTTE WALMART,0
50,86.0.3,380997,CHARLOTTE WALMART,0
50,86.0.3,380998,CHARLOTTE WALMART,0
50,86.0.3,380999,CHARLOTTE WALMART,0
50,86.0.3,381000,CHARLOTTE WALMART,0
50,86.0.3,381001,CHARLOTTE WALMART,0
50,86.0.3,381002,CHARLOTTE WALMART,0
50,86.0.3,381003,CHARLOTTE WALMART,0
50,86.0.3,381004,CHARLOTTE WALMART,0
50,86.0.3,381005,CHARLOTTE WALMART,0
50,86.0.3,381006,DOWNTOWN,1
50,86.0.3,381007,DOWNTOWN,1
50,86.0.3,381008,DOWNTOWN,1
50,86.0.3,381009,DOWNTOWN,1
50,86.0.3,381010,DOWNTOWN,1
50,86.0.3,381011,DOWNTOWN,1
50,86.0.3,381012,DOWNTOWN,1
50,86.0.3,381013,DOWNTOWN,1
50,86.0.3,381014,DOWNTOWN,1
50,86.0.3,381015,DOWNTOWN,1
50,86.0.3,381016,DOWNTOWN,1
50,86.0.3,381017,DOWNTOWN,1
50,86.0.3,381018,DOWNTOWN,1
50,86.0.3,381019,DOWNTOWN,1
50,86.0.3,381020,DOWNTOWN,1
50,86.0.3,381021,DOWNTOWN,1
50,86.0.3,381022,DOWNTOWN,1
50,86.0.3,381023,DOWNTOWN,1
50,86.0.3,381024,DOWNTOWN,1
50,86.0.3,381025,DOWNTOWN,1
50,86.0.3,381026,DOWNTOWN,1
50,86.0.3,381027,DOWNTOWN,1
50,86.0.3,381028,DOWNTOWN,1
50,86.0.3,381029,DOWNTOWN,1
50,86.0.3,381030,DOWNTOWN,1
50,86.0.3,381031,DOWNTOWN,1
50,86.0.3,381032,DOWNTOWN,1
50,86.0.3,381033,DOWNTOWN,1
50,86.0.3,381034,DOWNTOWN,1
50,86.0.3,381035,DOWNTOWN,1
50,86.0.3,381036,DOWNTOWN,1
50,86.0.3,381037,DOWNTOWN,1
50,86.0.3,381038,DOWNTOWN,1
50,86.0.3,381039,DOWNTOWN,1
50,86.0.3,381040,DOWNTOWN,1
50,86.0.3,381041,DOWNTOWN,1
50,86.0.3,381042,DOWNTOWN,1
50,86.0.3,381043,DOWNTOWN,1
50,86.0.3,381044,DOWNTOWN,1
50,86.0.3,381045,DOWNTOWN,1
50,86.0.3,381046,DOWNTOWN,1
50,86.0.3,381047,DOWNTOWN,1
50,86.0.3,381048,DOWNTOWN,1
50,86.0.3,381049,DOWNTOWN,1
50,86.0.3,381050,DOWNTOWN,1
50,86.0.3,381051,DOWNTOWN,1
50,86.0.3,381052,DOWNTOWN,1
50,86.0.3,381053,DOWNTOWN,1
50,86.0.3,381054,DOWNTOWN,1
50,86.0.3,381055,DOWNTOWN,1
50,86.0.3,381056,DOWNTOWN,1
50,86.0.3,381057,DOWNTOWN,1
50,86.0.3,381058,DOWNTOWN,1
50,86.0.3,381059,DOWNTOWN,1
50,86.0.3,381060,DOWNTOWN,1
50,86.0.3,381061,DOWNTOWN,1
50,86.0.3,381062,DOWNTOWN,1
50,86.0.3,381063,DOWNTOWN,1
50,86.0.3,381064,DOWNTOWN,1
50,86.0.3,381065,DOWNTOWN,1
50,86.0.3,381066,DOWNTOWN,1
50,86.0.3,381067,DOWNTOWN,1
50,86.0.3,381068,DOWNTOWN,1
50,86.0.3,381069,DOWNTOWN,1
50,86.0.3,381070,DOWNTOWN,1
52,86.0.3,381467,A - HICKORY PLAZA,0
52,86.0.3,381472,B - EZELL,0
52,86.0.3,381406,A - HICKORY PLAZA,0
52,86.0.3,381420,B - EZELL,0
52,86.0.3,381444,A - HICKORY PLAZA,0
52,86.0.3,381421,B - EZELL,0
52,86.0.3,381445,A - HICKORY PLAZA,0
52,86.0.3,381422,B - EZELL,0
52,86.0.3,381446,A - HICKORY PLAZA,0
52,86.0.3,381423,B - EZELL,0
52,86.0.3,381447,A - HICKORY PLAZA,0
52,86.0.3,381424,B - EZELL,0
52,86.0.3,381448,A - HICKORY PLAZA,0
52,86.0.3,381425,B - EZELL,0
52,86.0.3,381449,A - HICKORY PLAZA,0
52,86.0.3,381426,B - EZELL,0
52,86.0.3,381450,A - HICKORY PLAZA,0
52,86.0.3,381427,B - EZELL,0
52,86.0.3,381451,A - HICKORY PLAZA,0
52,86.0.3,381428,B - EZELL,0
52,86.0.3,381452,A - HICKORY PLAZA,0
52,86.0.3,381429,B - EZELL,0
52,86.0.3,381453,A - HICKORY PLAZA,0
52,86.0.3,381430,B - EZELL,0
52,86.0.3,381454,A - HICKORY PLAZA,0
52,86.0.3,381431,B - EZELL,0
52,86.0.3,381455,A - HICKORY PLAZA,0
52,86.0.3,381432,B - EZELL,0
52,86.0.3,381456,A - HICKORY PLAZA,0
52,86.0.3,381433,B - EZELL,0
52,86.0.3,381457,A - HICKORY PLAZA,0
52,86.0.3,381434,B - EZELL,0
52,86.0.3,381458,A - HICKORY PLAZA,0
52,86.0.3,381435,B - EZELL,0
52,86.0.3,381459,A - HICKORY PLAZA,0
52,86.0.3,381436,B - EZELL,0
52,86.0.3,381460,A - HICKORY PLAZA,0
52,86.0.3,381437,B - EZELL,0
52,86.0.3,381461,A - HICKORY PLAZA,0
52,86.0.3,381438,B - EZELL,0
52,86.0.3,381462,A - HICKORY PLAZA,0
52,86.0.3,381439,B - EZELL,0
52,86.0.3,381463,A - HICKORY PLAZA,0
52,86.0.3,381440,B - EZELL,0
52,86.0.3,381464,A - HICKORY PLAZA,0
52,86.0.3,381441,B - EZELL,0
52,86.0.3,381465,A - HICKORY PLAZA,0
52,86.0.3,381442,B - EZELL,0
52,86.0.3,381466,A - HICKORY PLAZA,0
52,86.0.3,381443,B - EZELL,0
52,86.0.3,381407,A - HICKORY PLAZA,0
52,86.0.3,381411,B - EZELL,0
52,86.0.3,381408,A - HICKORY PLAZA,0
52,86.0.3,381412,B - EZELL,0
52,86.0.3,381409,A - HICKORY PLAZA,0
52,86.0.3,381413,B - EZELL,0
52,86.0.3,381410,A - HICKORY PLAZA,0
52,86.0.3,381415,B - EZELL,0
52,86.0.3,381414,A - HICKORY PLAZA,0
52,86.0.3,381418,B - EZELL,0
52,86.0.3,381416,A - HICKORY PLAZA,0
52,86.0.3,381419,B - EZELL,0
52,86.0.3,381417,AB - HICKORY PLAZA - EZELL,0
52,86.0.3,381468,AB - HICKORY PLAZA - EZELL,0
52,86.0.3,381469,AB - HICKORY PLAZA - EZELL,0
52,86.0.3,381470,AB - HICKORY PLAZA - EZELL,0
52,86.0.3,381471,AB - HICKORY PLAZA - EZELL,0
52,86.0.3,381510,A - DOWNTOWN,1
52,86.0.3,381539,B - DOWNTOWN,1
52,86.0.3,381473,A - DOWNTOWN,1
52,86.0.3,381511,B - DOWNTOWN,1
52,86.0.3,381486,A - DOWNTOWN,1
52,86.0.3,381512,B - DOWNTOWN,1
52,86.0.3,381487,A - DOWNTOWN,1
52,86.0.3,381513,B - DOWNTOWN,1
52,86.0.3,381488,A - DOWNTOWN,1
52,86.0.3,381514,B - DOWNTOWN,1
52,86.0.3,381489,A - DOWNTOWN,1
52,86.0.3,381515,B - DOWNTOWN,1
52,86.0.3,381490,A - DOWNTOWN,1
52,86.0.3,381516,B - DOWNTOWN,1
52,86.0.3,381491,A - DOWNTOWN,1
52,86.0.3,381517,B - DOWNTOWN,1
52,86.0.3,381492,A - DOWNTOWN,1
52,86.0.3,381518,B - DOWNTOWN,1
52,86.0.3,381493,A - DOWNTOWN,1
52,86.0.3,381519,B - DOWNTOWN,1
52,86.0.3,381494,A - DOWNTOWN,1
52,86.0.3,381520,B - DOWNTOWN,1
52,86.0.3,381495,A - DOWNTOWN,1
52,86.0.3,381521,B - DOWNTOWN,1
52,86.0.3,381496,A - DOWNTOWN,1
52,86.0.3,381522,B - DOWNTOWN,1
52,86.0.3,381497,A - DOWNTOWN,1
52,86.0.3,381523,B - DOWNTOWN,1
52,86.0.3,381498,A - DOWNTOWN,1
52,86.0.3,381524,B - DOWNTOWN,1
52,86.0.3,381499,A - DOWNTOWN,1
52,86.0.3,381525,B - DOWNTOWN,1
52,86.0.3,381500,A - DOWNTOWN,1
52,86.0.3,381526,B - DOWNTOWN,1
52,86.0.3,381501,A - DOWNTOWN,1
52,86.0.3,381527,B - DOWNTOWN,1
52,86.0.3,381502,A - DOWNTOWN,1
52,86.0.3,381528,B - DOWNTOWN,1
52,86.0.3,381503,A - DOWNTOWN,1
52,86.0.3,381529,B - DOWNTOWN,1
52,86.0.3,381504,A - DOWNTOWN,1
52,86.0.3,381530,B - DOWNTOWN,1
52,86.0.3,381505,A - DOWNTOWN,1
52,86.0.3,381531,B - DOWNTOWN,1
52,86.0.3,381506,A - DOWNTOWN,1
52,86.0.3,381532,B - DOWNTOWN,1
52,86.0.3,381507,A - DOWNTOWN,1
52,86.0.3,381533,B - DOWNTOWN,1
52,86.0.3,381508,A - DOWNTOWN,1
52,86.0.3,381534,B - DOWNTOWN,1
52,86.0.3,381509,A - DOWNTOWN,1
52,86.0.3,381479,B - DOWNTOWN,1
52,86.0.3,381474,A - DOWNTOWN,1
52,86.0.3,381480,B - DOWNTOWN,1
52,86.0.3,381475,A - DOWNTOWN,1
52,86.0.3,381481,B - DOWNTOWN,1
52,86.0.3,381476,A - DOWNTOWN,1
52,86.0.3,381478,B - DOWNTOWN,1
52,86.0.3,381477,A - DOWNTOWN,1
52,86.0.3,381484,B - DOWNTOWN,1
52,86.0.3,381482,A - DOWNTOWN,1
52,86.0.3,381485,B - DOWNTOWN,1
52,86.0.3,381483,A - DOWNTOWN,1
52,86.0.3,381535,B - DOWNTOWN,1
52,86.0.3,381538,A - DOWNTOWN,1
52,86.0.3,381536,B - DOWNTOWN,1
52,86.0.3,381537,B - DOWNTOWN,1
55,86.123.3,387418,HICKORY HOLLOW VIA I-24,0
55,86.123.3,387419,HICKORY HOLLOW VIA I-24,0
55,86.123.3,387420,HICKORY HOLLOW VIA I-24,0
55,86.123.3,387421,HICKORY HOLLOW VIA I-24,0
55,86.147.3,387426,HICKORY HOLLOW VIA I-24,0
55,86.147.3,387427,HICKORY HOLLOW VIA I-24,0
55,86.147.3,387428,HICKORY HOLLOW VIA I-24,0
55,86.147.3,387429,HICKORY HOLLOW VIA I-24,0
55,86.0.3,381962,HICKORY HOLLOW,0
55,86.0.3,381963,HICKORY HOLLOW,0
55,86.0.3,381896,HICKORY HOLLOW,0
55,86.0.3,381900,HICKORY HOLLOW,0
55,86.0.3,381901,HICKORY HOLLOW,0
55,86.0.3,381902,HICKORY HOLLOW,0
55,86.0.3,381903,HICKORY HOLLOW,0
55,86.0.3,381904,HICKORY HOLLOW,0
55,86.0.3,381905,HICKORY HOLLOW,0
55,86.0.3,381906,HICKORY HOLLOW,0
55,86.0.3,381907,HICKORY HOLLOW,0
55,86.0.3,381908,HICKORY HOLLOW,0
55,86.0.3,381909,HICKORY HOLLOW,0
55,86.0.3,381910,HICKORY HOLLOW,0
55,86.0.3,381911,HICKORY HOLLOW,0
55,86.0.3,381912,HICKORY HOLLOW,0
55,86.0.3,381913,HICKORY HOLLOW,0
55,86.0.3,381914,HICKORY HOLLOW,0
55,86.0.3,381915,HICKORY HOLLOW,0
55,86.0.3,381916,HICKORY HOLLOW,0
55,86.0.3,381917,HICKORY HOLLOW,0
55,86.0.3,381918,HICKORY HOLLOW,0
55,86.0.3,381919,HICKORY HOLLOW,0
55,86.0.3,381920,HICKORY HOLLOW,0
55,86.0.3,381921,HICKORY HOLLOW,0
55,86.0.3,381922,HICKORY HOLLOW,0
55,86.0.3,381923,HICKORY HOLLOW,0
55,86.0.3,381924,HICKORY HOLLOW,0
55,86.0.3,381925,HICKORY HOLLOW,0
55,86.0.3,381926,HICKORY HOLLOW,0
55,86.0.3,381927,HICKORY HOLLOW,0
55,86.0.3,381928,HICKORY HOLLOW,0
55,86.0.3,381929,HICKORY HOLLOW,0
55,86.0.3,381930,HICKORY HOLLOW,0
55,86.0.3,381931,HICKORY HOLLOW,0
55,86.0.3,381932,HICKORY HOLLOW,0
55,86.0.3,381933,HICKORY HOLLOW,0
55,86.0.3,381934,HICKORY HOLLOW,0
55,86.0.3,381935,HICKORY HOLLOW,0
55,86.0.3,381936,HICKORY HOLLOW,0
55,86.0.3,381937,HICKORY HOLLOW,0
55,86.0.3,381938,HICKORY HOLLOW,0
55,86.0.3,381939,HICKORY HOLLOW,0
55,86.0.3,381940,HICKORY HOLLOW,0
55,86.0.3,381941,HICKORY HOLLOW,0
55,86.0.3,381942,HICKORY HOLLOW,0
55,86.0.3,381943,HICKORY HOLLOW,0
55,86.0.3,381944,HICKORY HOLLOW,0
55,86.0.3,381945,HICKORY HOLLOW,0
55,86.0.3,381946,HICKORY HOLLOW,0
55,86.0.3,381895,HICKORY HOLLOW,0
55,86.0.3,381947,HICKORY HOLLOW,0
55,86.0.3,381948,HICKORY HOLLOW,0
55,86.0.3,381949,HICKORY HOLLOW,0
55,86.0.3,381950,HICKORY HOLLOW,0
55,86.0.3,381951,HICKORY HOLLOW,0
55,86.0.3,381952,HICKORY HOLLOW,0
55,86.0.3,381953,HICKORY HOLLOW,0
55,86.0.3,381954,HICKORY HOLLOW,0
55,86.0.3,381955,HICKORY HOLLOW,0
55,86.0.3,381956,HICKORY HOLLOW,0
55,86.0.3,381957,HICKORY HOLLOW,0
55,86.0.3,381958,HICKORY HOLLOW,0
55,86.0.3,381959,HICKORY HOLLOW,0
55,86.0.3,381960,HICKORY HOLLOW,0
55,86.0.3,381961,HICKORY HOLLOW,0
55,86.0.3,381897,HICKORY HOLLOW,0
55,86.0.3,381899,HICKORY HOLLOW,0
55,86.0.3,381898,HICKORY HOLLOW,0
55,86.0.3,381964,HICKORY HOLLOW,0
55,86.0.3,381965,HICKORY HOLLOW,0
55,86.0.3,381966,HICKORY HOLLOW,0
55,86.0.3,381967,HICKORY HOLLOW,0
55,86.123.3,387422,NISSAN STADIUM VIA I-24,1
55,86.123.3,387423,NISSAN STADIUM VIA I-24,1
55,86.123.3,387424,NISSAN STADIUM VIA I-24,1
55,86.123.3,387425,NISSAN STADIUM VIA I-24,1
55,86.147.3,387430,NISSAN STADIUM VIA I-24,1
55,86.147.3,387431,NISSAN STADIUM VIA I-24,1
55,86.147.3,387432,NISSAN STADIUM VIA I-24,1
55,86.147.3,387433,NISSAN STADIUM VIA I-24,1
55,86.0.3,382035,DOWNTOWN,1
55,86.0.3,382036,DOWNTOWN,1
55,86.0.3,381969,DOWNTOWN,1
55,86.0.3,381973,DOWNTOWN,1
55,86.0.3,381974,DOWNTOWN,1
55,86.0.3,381975,DOWNTOWN,1
55,86.0.3,381976,DOWNTOWN,1
55,86.0.3,381977,DOWNTOWN,1
55,86.0.3,381978,DOWNTOWN,1
55,86.0.3,381979,DOWNTOWN,1
55,86.0.3,381980,DOWNTOWN,1
55,86.0.3,381981,DOWNTOWN,1
55,86.0.3,381982,DOWNTOWN,1
55,86.0.3,381983,DOWNTOWN,1
55,86.0.3,381984,DOWNTOWN,1
55,86.0.3,381985,DOWNTOWN,1
55,86.0.3,381986,DOWNTOWN,1
55,86.0.3,381987,DOWNTOWN,1
55,86.0.3,381988,DOWNTOWN,1
55,86.0.3,381989,DOWNTOWN,1
55,86.0.3,381990,DOWNTOWN,1
55,86.0.3,381991,DOWNTOWN,1
55,86.0.3,381992,DOWNTOWN,1
55,86.0.3,381993,DOWNTOWN,1
55,86.0.3,381994,DOWNTOWN,1
55,86.0.3,381995,DOWNTOWN,1
55,86.0.3,381996,DOWNTOWN,1
55,86.0.3,381997,DOWNTOWN,1
55,86.0.3,381998,DOWNTOWN,1
55,86.0.3,381999,DOWNTOWN,1
55,86.0.3,382000,DOWNTOWN,1
55,86.0.3,382001,DOWNTOWN,1
55,86.0.3,382002,DOWNTOWN,1
55,86.0.3,382003,DOWNTOWN,1
55,86.0.3,382004,DOWNTOWN,1
55,86.0.3,382005,DOWNTOWN,1
55,86.0.3,382006,DOWNTOWN,1
55,86.0.3,382007,DOWNTOWN,1
55,86.0.3,382008,DOWNTOWN,1
55,86.0.3,382009,DOWNTOWN,1
55,86.0.3,382010,DOWNTOWN,1
55,86.0.3,382011,DOWNTOWN,1
55,86.0.3,382012,DOWNTOWN,1
55,86.0.3,382013,DOWNTOWN,1
55,86.0.3,382014,DOWNTOWN,1
55,86.0.3,382015,DOWNTOWN,1
55,86.0.3,382016,DOWNTOWN,1
55,86.0.3,382017,DOWNTOWN,1
55,86.0.3,382018,DOWNTOWN,1
55,86.0.3,382019,DOWNTOWN,1
55,86.0.3,381968,DOWNTOWN,1
55,86.0.3,382020,DOWNTOWN,1
55,86.0.3,382021,DOWNTOWN,1
55,86.0.3,382022,DOWNTOWN,1
55,86.0.3,382023,DOWNTOWN,1
55,86.0.3,382024,DOWNTOWN,1
55,86.0.3,382025,DOWNTOWN,1
55,86.0.3,382026,DOWNTOWN,1
55,86.0.3,382027,DOWNTOWN,1
55,86.0.3,382028,DOWNTOWN,1
55,86.0.3,382029,DOWNTOWN,1
55,86.0.3,382030,DOWNTOWN,1
55,86.0.3,382031,DOWNTOWN,1
55,86.0.3,382032,DOWNTOWN,1
55,86.0.3,382033,DOWNTOWN,1
55,86.0.3,382034,DOWNTOWN,1
55,86.0.3,381970,DOWNTOWN,1
55,86.0.3,381972,DOWNTOWN,1
55,86.0.3,381971,DOWNTOWN,1
55,86.0.3,382037,DOWNTOWN,1
55,86.0.3,382038,DOWNTOWN,1
55,86.0.3,382039,DOWNTOWN,1
55,86.0.3,382040,DOWNTOWN,1
56,86.0.3,382533,RIVERGATE,0
56,86.0.3,382534,RIVERGATE,0
56,86.0.3,382443,RIVERGATE,0
56,86.0.3,382447,RIVERGATE,0
56,86.0.3,382448,RIVERGATE,0
56,86.0.3,382449,RIVERGATE,0
56,86.0.3,382450,RIVERGATE,0
56,86.0.3,382451,RIVERGATE,0
56,86.0.3,382452,RIVERGATE,0
56,86.0.3,382453,RIVERGATE,0
56,86.0.3,382454,RIVERGATE,0
56,86.0.3,382455,RIVERGATE,0
56,86.0.3,382456,RIVERGATE,0
56,86.0.3,382457,RIVERGATE,0
56,86.0.3,382458,RIVERGATE,0
56,86.0.3,382459,RIVERGATE,0
56,86.0.3,382460,RIVERGATE,0
56,86.71.3,382484,RIVERGATE,0
56,86.72.3,382509,RIVERGATE,0
56,86.72.3,382510,RIVERGATE,0
56,86.71.3,382485,RIVERGATE,0
56,86.71.3,382486,RIVERGATE,0
56,86.72.3,382511,RIVERGATE,0
56,86.72.3,382512,RIVERGATE,0
56,86.71.3,382487,RIVERGATE,0
56,86.71.3,382488,RIVERGATE,0
56,86.72.3,382513,RIVERGATE,0
56,86.72.3,382514,RIVERGATE,0
56,86.71.3,382489,RIVERGATE,0
56,86.71.3,382490,RIVERGATE,0
56,86.72.3,382515,RIVERGATE,0
56,86.72.3,382516,RIVERGATE,0
56,86.71.3,382491,RIVERGATE,0
56,86.71.3,382492,RIVERGATE,0
56,86.72.3,382517,RIVERGATE,0
56,86.72.3,382518,RIVERGATE,0
56,86.71.3,382493,RIVERGATE,0
56,86.71.3,382494,RIVERGATE,0
56,86.72.3,382519,RIVERGATE,0
56,86.72.3,382520,RIVERGATE,0
56,86.71.3,382495,RIVERGATE,0
56,86.71.3,382496,RIVERGATE,0
56,86.72.3,382521,RIVERGATE,0
56,86.72.3,382522,RIVERGATE,0
56,86.71.3,382497,RIVERGATE,0
56,86.71.3,382498,RIVERGATE,0
56,86.72.3,382523,RIVERGATE,0
56,86.72.3,382524,RIVERGATE,0
56,86.71.3,382499,RIVERGATE,0
56,86.71.3,382500,RIVERGATE,0
56,86.72.3,382525,RIVERGATE,0
56,86.72.3,382526,RIVERGATE,0
56,86.71.3,382501,RIVERGATE,0
56,86.71.3,382502,RIVERGATE,0
56,86.72.3,382527,RIVERGATE,0
56,86.72.3,382528,RIVERGATE,0
56,86.71.3,382503,RIVERGATE,0
56,86.71.3,382504,RIVERGATE,0
56,86.72.3,382529,RIVERGATE,0
56,86.72.3,382530,RIVERGATE,0
56,86.71.3,382505,RIVERGATE,0
56,86.71.3,382506,RIVERGATE,0
56,86.72.3,382531,RIVERGATE,0
56,86.72.3,382532,RIVERGATE,0
56,86.71.3,382507,RIVERGATE,0
56,86.0.3,382508,RIVERGATE,0
56,86.0.3,382442,RIVERGATE,0
56,86.0.3,382461,RIVERGATE,0
56,86.0.3,382462,RIVERGATE,0
56,86.91.3,382463,RIVERGATE,0
56,86.92.3,387308,RIVERGATE,0
56,86.91.3,382464,RIVERGATE,0
56,86.92.3,387309,RIVERGATE,0
56,86.91.3,382465,RIVERGATE,0
56,86.92.3,387310,RIVERGATE,0
56,86.91.3,382466,RIVERGATE,0
56,86.92.3,387311,RIVERGATE,0
56,86.91.3,382467,RIVERGATE,0
56,86.92.3,387312,RIVERGATE,0
56,86.91.3,382468,RIVERGATE,0
56,86.92.3,387313,RIVERGATE,0
56,86.91.3,382469,RIVERGATE,0
56,86.92.3,387314,RIVERGATE,0
56,86.91.3,382470,RIVERGATE,0
56,86.92.3,387315,RIVERGATE,0
56,86.91.3,382471,RIVERGATE,0
56,86.92.3,387316,RIVERGATE,0
56,86.91.3,382472,RIVERGATE,0
56,86.92.3,387317,RIVERGATE,0
56,86.91.3,382473,RIVERGATE,0
56,86.92.3,387318,RIVERGATE,0
56,86.91.3,382474,RIVERGATE,0
56,86.92.3,387319,RIVERGATE,0
56,86.91.3,382475,RIVERGATE,0
56,86.92.3,387320,RIVERGATE,0
56,86.91.3,382476,RIVERGATE,0
56,86.92.3,387321,RIVERGATE,0
56,86.91.3,382477,RIVERGATE,0
56,86.92.3,387322,RIVERGATE,0
56,86.91.3,382478,RIVERGATE,0
56,86.92.3,387323,RIVERGATE,0
56,86.91.3,382479,RIVERGATE,0
56,86.92.3,387324,RIVERGATE,0
56,86.91.3,382480,RIVERGATE,0
56,86.92.3,387325,RIVERGATE,0
56,86.91.3,382481,RIVERGATE,0
56,86.92.3,387326,RIVERGATE,0
56,86.91.3,382482,RIVERGATE,0
56,86.92.3,387327,RIVERGATE,0
56,86.91.3,382483,RIVERGATE,0
56,86.92.3,387328,RIVERGATE,0
56,86.91.3,382444,RIVERGATE,0
56,86.92.3,387329,RIVERGATE,0
56,86.91.3,382446,RIVERGATE,0
56,86.92.3,387330,RIVERGATE,0
56,86.0.3,382445,RIVERGATE,0
56,86.0.3,382535,RIVERGATE,0
56,86.0.3,382536,RIVERGATE,0
56,86.0.3,382537,RIVERGATE,0
56,86.0.3,382538,RIVERGATE,0
56,86.0.3,382630,DOWNTOWN,1
56,86.0.3,382631,DOWNTOWN,1
56,86.0.3,382539,DOWNTOWN,1
56,86.0.3,382543,DOWNTOWN,1
56,86.0.3,382544,DOWNTOWN,1
56,86.0.3,382545,DOWNTOWN,1
56,86.0.3,382546,DOWNTOWN,1
56,86.0.3,382547,DOWNTOWN,1
56,86.0.3,382548,DOWNTOWN,1
56,86.0.3,382549,DOWNTOWN,1
56,86.0.3,382550,DOWNTOWN,1
56,86.0.3,382551,DOWNTOWN,1
56,86.0.3,382552,DOWNTOWN,1
56,86.0.3,382553,DOWNTOWN,1
56,86.0.3,382554,DOWNTOWN,1
56,86.0.3,382555,DOWNTOWN,1
56,86.0.3,382556,DOWNTOWN,1
56,86.0.3,382557,DOWNTOWN,1
56,86.71.3,382558,DOWNTOWN,1
56,86.72.3,382606,NISSAN STADIUM & DOWNTOWN,1
56,86.71.3,382559,DOWNTOWN,1
56,86.72.3,382607,NISSAN STADIUM & DOWNTOWN,1
56,86.71.3,382560,DOWNTOWN,1
56,86.72.3,382608,NISSAN STADIUM & DOWNTOWN,1
56,86.71.3,382561,DOWNTOWN,1
56,86.72.3,382609,NISSAN STADIUM & DOWNTOWN,1
56,86.71.3,382562,DOWNTOWN,1
56,86.72.3,382610,NISSAN STADIUM & DOWNTOWN,1
56,86.71.3,382563,DOWNTOWN,1
56,86.72.3,382611,NISSAN STADIUM & DOWNTOWN,1
56,86.71.3,382564,DOWNTOWN,1
56,86.72.3,382612,NISSAN STADIUM & DOWNTOWN,1
56,86.71.3,382565,DOWNTOWN,1
56,86.72.3,382613,NISSAN STADIUM & DOWNTOWN,1
56,86.71.3,382566,DOWNTOWN,1
56,86.72.3,382614,NISSAN STADIUM & DOWNTOWN,1
56,86.71.3,382567,DOWNTOWN,1
56,86.72.3,382615,NISSAN STADIUM & DOWNTOWN,1
56,86.71.3,382568,DOWNTOWN,1
56,86.72.3,382616,NISSAN STADIUM & DOWNTOWN,1
56,86.71.3,382569,DOWNTOWN,1
56,86.72.3,382617,NISSAN STADIUM & DOWNTOWN,1
56,86.71.3,382570,DOWNTOWN,1
56,86.72.3,382618,NISSAN STADIUM & DOWNTOWN,1
56,86.71.3,382571,DOWNTOWN,1
56,86.72.3,382619,NISSAN STADIUM & DOWNTOWN,1
56,86.71.3,382572,DOWNTOWN,1
56,86.72.3,382620,NISSAN STADIUM & DOWNTOWN,1
56,86.71.3,382573,DOWNTOWN,1
56,86.72.3,382621,NISSAN STADIUM & DOWNTOWN,1
56,86.71.3,382574,DOWNTOWN,1
56,86.72.3,382622,NISSAN STADIUM & DOWNTOWN,1
56,86.71.3,382575,DOWNTOWN,1
56,86.72.3,382623,NISSAN STADIUM & DOWNTOWN,1
56,86.71.3,382576,DOWNTOWN,1
56,86.72.3,382624,NISSAN STADIUM & DOWNTOWN,1
56,86.71.3,382577,DOWNTOWN,1
56,86.72.3,382625,NISSAN STADIUM & DOWNTOWN,1
56,86.71.3,382578,DOWNTOWN,1
56,86.72.3,382626,NISSAN STADIUM & DOWNTOWN,1
56,86.71.3,382579,DOWNTOWN,1
56,86.72.3,382627,NISSAN STADIUM & DOWNTOWN,1
56,86.71.3,382580,DOWNTOWN,1
56,86.72.3,382628,NISSAN STADIUM & DOWNTOWN,1
56,86.71.3,382581,DOWNTOWN,1
56,86.72.3,382629,NISSAN STADIUM & DOWNTOWN,1
56,86.0.3,382582,DOWNTOWN,1
56,86.0.3,382583,DOWNTOWN,1
56,86.0.3,382584,DOWNTOWN,1
56,86.0.3,382585,DOWNTOWN,1
56,86.91.3,382586,DOWNTOWN,1
56,86.92.3,387336,NISSAN STADIUM & DOWNTOWN,1
56,86.91.3,382587,DOWNTOWN,1
56,86.92.3,387337,NISSAN STADIUM & DOWNTOWN,1
56,86.91.3,382588,DOWNTOWN,1
56,86.92.3,387338,NISSAN STADIUM & DOWNTOWN,1
56,86.91.3,382589,DOWNTOWN,1
56,86.92.3,387339,NISSAN STADIUM & DOWNTOWN,1
56,86.91.3,382590,DOWNTOWN,1
56,86.92.3,387340,NISSAN STADIUM & DOWNTOWN,1
56,86.91.3,382591,DOWNTOWN,1
56,86.92.3,387341,NISSAN STADIUM & DOWNTOWN,1
56,86.91.3,382592,DOWNTOWN,1
56,86.92.3,387342,NISSAN STADIUM & DOWNTOWN,1
56,86.91.3,382593,DOWNTOWN,1
56,86.92.3,387343,NISSAN STADIUM & DOWNTOWN,1
56,86.91.3,382594,DOWNTOWN,1
56,86.92.3,387344,NISSAN STADIUM & DOWNTOWN,1
56,86.91.3,382595,DOWNTOWN,1
56,86.92.3,387345,NISSAN STADIUM & DOWNTOWN,1
56,86.91.3,382596,DOWNTOWN,1
56,86.92.3,387346,NISSAN STADIUM & DOWNTOWN,1
56,86.91.3,382597,DOWNTOWN,1
56,86.92.3,387347,NISSAN STADIUM & DOWNTOWN,1
56,86.91.3,382598,DOWNTOWN,1
56,86.92.3,387348,NISSAN STADIUM & DOWNTOWN,1
56,86.91.3,382599,DOWNTOWN,1
56,86.92.3,387349,NISSAN STADIUM & DOWNTOWN,1
56,86.91.3,382600,DOWNTOWN,1
56,86.92.3,387350,NISSAN STADIUM & DOWNTOWN,1
56,86.91.3,382601,DOWNTOWN,1
56,86.92.3,387351,NISSAN STADIUM & DOWNTOWN,1
56,86.91.3,382602,DOWNTOWN,1
56,86.92.3,387352,NISSAN STADIUM & DOWNTOWN,1
56,86.91.3,382603,DOWNTOWN,1
56,86.92.3,387353,NISSAN STADIUM & DOWNTOWN,1
56,86.91.3,382604,DOWNTOWN,1
56,86.92.3,387354,NISSAN STADIUM & DOWNTOWN,1
56,86.91.3,382605,DOWNTOWN,1
56,86.92.3,387355,NISSAN STADIUM & DOWNTOWN,1
56,86.91.3,382540,DOWNTOWN,1
56,86.92.3,387356,NISSAN STADIUM & DOWNTOWN,1
56,86.91.3,382542,DOWNTOWN,1
56,86.92.3,387357,NISSAN STADIUM & DOWNTOWN,1
56,86.91.3,382541,DOWNTOWN,1
56,86.92.3,387358,NISSAN STADIUM & DOWNTOWN,1
56,86.0.3,382632,DOWNTOWN,1
56,86.0.3,382633,DOWNTOWN,1
56,86.0.3,382634,DOWNTOWN,1
56,86.0.3,382635,DOWNTOWN,1
6,86.0.3,382750,HERMITAGE STATION,0
6,86.0.3,382751,HERMITAGE STATION,0
6,86.0.3,382752,HERMITAGE STATION,0
6,86.0.3,382753,HERMITAGE STATION,0
6,86.0.3,382754,HERMITAGE STATION,0
6,86.0.3,382755,HERMITAGE STATION,0
6,86.0.3,382756,HERMITAGE STATION,0
6,86.0.3,382757,HERMITAGE STATION,0
6,86.0.3,382758,HERMITAGE STATION,0
6,86.0.3,382759,HERMITAGE STATION,0
6,86.0.3,382760,HERMITAGE STATION,0
6,86.0.3,382761,HERMITAGE STATION,0
6,86.0.3,382762,HERMITAGE STATION,0
6,86.0.3,382763,HERMITAGE STATION,0
6,86.0.3,382764,HERMITAGE STATION,0
6,86.0.3,382765,HERMITAGE STATION,0
6,86.0.3,382766,HERMITAGE STATION,0
6,86.0.3,382767,HERMITAGE STATION,0
6,86.0.3,382768,DOWNTOWN,1
6,86.0.3,382769,DOWNTOWN,1
6,86.0.3,382770,DOWNTOWN,1
6,86.0.3,382771,DOWNTOWN,1
6,86.0.3,382772,DOWNTOWN,1
6,86.0.3,382773,DOWNTOWN,1
6,86.0.3,382774,DOWNTOWN,1
6,86.0.3,382775,DOWNTOWN,1
6,86.0.3,382776,DOWNTOWN,1
6,86.0.3,382777,DOWNTOWN,1
6,86.0.3,382778,DOWNTOWN,1
6,86.0.3,382779,DOWNTOWN,1
6,86.0.3,382780,DOWNTOWN,1
6,86.0.3,382781,DOWNTOWN,1
6,86.0.3,382782,DOWNTOWN,1
6,86.0.3,382783,DOWNTOWN,1
6,86.0.3,382784,DOWNTOWN,1
6,86.0.3,382785,DOWNTOWN,1
7,86.0.3,383043,GREEN HILLS,0
7,86.0.3,383044,GREEN HILLS,0
7,86.0.3,383045,GREEN HILLS,0
7,86.0.3,383046,GREEN HILLS,0
7,86.0.3,383047,GREEN HILLS,0
7,86.0.3,383048,GREEN HILLS,0
7,86.0.3,383049,GREEN HILLS,0
7,86.0.3,383050,GREEN HILLS,0
7,86.0.3,383051,GREEN HILLS,0
7,86.0.3,383052,GREEN HILLS,0
7,86.0.3,383053,GREEN HILLS,0
7,86.0.3,383054,GREEN HILLS,0
7,86.0.3,383055,GREEN HILLS,0
7,86.0.3,383056,GREEN HILLS,0
7,86.0.3,383057,GREEN HILLS,0
7,86.0.3,383058,GREEN HILLS,0
7,86.0.3,383059,GREEN HILLS,0
7,86.0.3,383060,GREEN HILLS,0
7,86.0.3,383061,GREEN HILLS,0
7,86.0.3,383062,GREEN HILLS,0
7,86.0.3,383063,GREEN HILLS,0
7,86.0.3,383064,GREEN HILLS,0
7,86.0.3,383065,GREEN HILLS,0
7,86.0.3,383066,GREEN HILLS,0
7,86.0.3,383067,GREEN HILLS,0
7,86.0.3,383068,GREEN HILLS,0
7,86.0.3,383069,GREEN HILLS,0
7,86.0.3,383070,GREEN HILLS,0
7,86.0.3,383071,GREEN HILLS,0
7,86.0.3,383072,GREEN HILLS,0
7,86.0.3,383073,GREEN HILLS,0
7,86.0.3,383074,GREEN HILLS,0
7,86.0.3,383075,GREEN HILLS,0
7,86.0.3,383076,GREEN HILLS,0
7,86.0.3,383077,GREEN HILLS,0
7,86.0.3,383078,GREEN HILLS,0
7,86.0.3,383079,GREEN HILLS,0
7,86.0.3,383080,GREEN HILLS,0
7,86.0.3,383081,GREEN HILLS,0
7,86.0.3,383082,GREEN HILLS,0
7,86.0.3,383083,GREEN HILLS,0
7,86.0.3,383084,GREEN HILLS,0
7,86.0.3,383085,GREEN HILLS,0
7,86.0.3,383086,GREEN HILLS,0
7,86.0.3,383087,GREEN HILLS,0
7,86.0.3,383088,GREEN HILLS,0
7,86.0.3,383089,GREEN HILLS,0
7,86.0.3,383090,GREEN HILLS,0
7,86.0.3,383091,GREEN HILLS,0
7,86.0.3,383092,GREEN HILLS,0
7,86.0.3,383093,GREEN HILLS,0
7,86.0.3,383094,GREEN HILLS,0
7,86.0.3,383095,DOWNTOWN,1
7,86.0.3,383096,DOWNTOWN,1
7,86.0.3,383097,DOWNTOWN,1
7,86.0.3,383098,DOWNTOWN,1
7,86.0.3,383099,DOWNTOWN,1
7,86.0.3,383100,DOWNTOWN,1
7,86.0.3,383101,DOWNTOWN,1
7,86.0.3,383102,DOWNTOWN,1
7,86.0.3,383103,DOWNTOWN,1
7,86.0.3,383104,DOWNTOWN,1
7,86.0.3,383105,DOWNTOWN,1
7,86.0.3,383106,DOWNTOWN,1
7,86.0.3,383107,DOWNTOWN,1
7,86.0.3,383108,DOWNTOWN,1
7,86.0.3,383109,DOWNTOWN,1
7,86.0.3,383110,DOWNTOWN,1
7,86.0.3,383111,DOWNTOWN,1
7,86.0.3,383112,DOWNTOWN,1
7,86.0.3,383113,DOWNTOWN,1
7,86.0.3,383114,DOWNTOWN,1
7,86.0.3,383115,DOWNTOWN,1
7,86.0.3,383116,DOWNTOWN,1
7,86.0.3,383117,DOWNTOWN,1
7,86.0.3,383118,DOWNTOWN,1
7,86.0.3,383119,DOWNTOWN,1
7,86.0.3,383120,DOWNTOWN,1
7,86.0.3,383121,DOWNTOWN,1
7,86.0.3,383122,DOWNTOWN,1
7,86.0.3,383123,DOWNTOWN,1
7,86.0.3,383124,DOWNTOWN,1
7,86.0.3,383125,DOWNTOWN,1
7,86.0.3,383126,DOWNTOWN,1
7,86.0.3,383127,DOWNTOWN,1
7,86.0.3,383128,DOWNTOWN,1
7,86.0.3,383129,DOWNTOWN,1
7,86.0.3,383130,DOWNTOWN,1
7,86.0.3,383131,DOWNTOWN,1
7,86.0.3,383132,DOWNTOWN,1
7,86.0.3,383133,DOWNTOWN,1
7,86.0.3,383134,DOWNTOWN,1
7,86.0.3,383135,DOWNTOWN,1
7,86.0.3,383136,DOWNTOWN,1
7,86.0.3,383137,DOWNTOWN,1
7,86.0.3,383138,DOWNTOWN,1
7,86.0.3,383139,DOWNTOWN,1
7,86.0.3,383140,DOWNTOWN,1
7,86.0.3,383141,DOWNTOWN,1
7,86.0.3,383142,DOWNTOWN,1
7,86.0.3,383143,DOWNTOWN,1
7,86.0.3,383144,DOWNTOWN,1
7,86.0.3,383145,DOWNTOWN,1
71,86.0.3,383288,GALLATIN PK - GREENFIELD STATION,0
71,86.0.3,383289,GALLATIN PK - GREENFIELD STATION,0
71,86.0.3,383290,GALLATIN PK - GREENFIELD STATION,0
71,86.0.3,383291,GALLATIN PK - GREENFIELD STATION,0
71,86.0.3,383292,GALLATIN PK - GREENFIELD STATION,0
71,86.0.3,383293,GALLATIN PK - GREENFIELD STATION,0
71,86.0.3,383294,GALLATIN PK - GREENFIELD STATION,0
71,86.0.3,383295,GALLATIN PK - GREENFIELD STATION,0
71,86.0.3,383296,GALLATIN PK - GREENFIELD STATION,0
71,86.0.3,383297,GALLATIN PK - GREENFIELD STATION,0
71,86.0.3,383298,GALLATIN PK - GREENFIELD STATION,0
71,86.0.3,383299,GALLATIN PK - GREENFIELD STATION,0
71,86.0.3,383300,GALLATIN PK - GREENFIELD STATION,0
71,86.0.3,383301,GALLATIN PK - GREENFIELD STATION,0
71,86.0.3,383302,GALLATIN PK - GREENFIELD STATION,0
71,86.0.3,383303,GALLATIN PK - GREENFIELD STATION,0
71,86.0.3,383304,GALLATIN PK - GREENFIELD STATION,0
71,86.0.3,383305,GALLATIN PK - GREENFIELD STATION,0
71,86.0.3,383306,GALLATIN PK - GREENFIELD STATION,0
71,86.0.3,383307,GALLATIN PK - GREENFIELD STATION,0
71,86.0.3,383308,GALLATIN PK - GREENFIELD STATION,0
71,86.0.3,383309,GALLATIN PK - GREENFIELD STATION,0
71,86.0.3,383310,GALLATIN PK - GREENFIELD STATION,0
71,86.0.3,383311,GALLATIN PK - GREENFIELD STATION,0
71,86.0.3,383312,GALLATIN PK - GREENFIELD STATION,0
71,86.0.3,383313,GALLATIN PK - GREENFIELD STATION,0
71,86.0.3,383314,NORTH NASHVILLE,1
71,86.0.3,383315,NORTH NASHVILLE,1
71,86.0.3,383316,NORTH NASHVILLE,1
71,86.0.3,383317,NORTH NASHVILLE,1
71,86.0.3,383318,NORTH NASHVILLE,1
71,86.0.3,383319,NORTH NASHVILLE,1
71,86.0.3,383320,NORTH NASHVILLE,1
71,86.0.3,383321,NORTH NASHVILLE,1
71,86.0.3,383322,NORTH NASHVILLE,1
71,86.0.3,383323,NORTH NASHVILLE,1
71,86.0.3,383324,NORTH NASHVILLE,1
71,86.0.3,383325,NORTH NASHVILLE,1
71,86.0.3,383326,NORTH NASHVILLE,1
71,86.0.3,383327,NORTH NASHVILLE,1
71,86.0.3,383328,NORTH NASHVILLE,1
71,86.0.3,383329,NORTH NASHVILLE,1
71,86.0.3,383330,NORTH NASHVILLE,1
71,86.0.3,383331,NORTH NASHVILLE,1
71,86.0.3,383332,NORTH NASHVILLE,1
71,86.0.3,383333,NORTH NASHVILLE,1
71,86.0.3,383334,NORTH NASHVILLE,1
71,86.0.3,383335,NORTH NASHVILLE,1
71,86.0.3,383336,NORTH NASHVILLE,1
71,86.0.3,383337,NORTH NASHVILLE,1
71,86.0.3,383338,NORTH NASHVILLE,1
71,86.0.3,383339,NORTH NASHVILLE,1
71,86.0.3,383340,NORTH NASHVILLE,1
75,86.0.3,383492,NORTH NASHVILLE,0
75,86.0.3,383493,NORTH NASHVILLE,0
75,86.0.3,383494,NORTH NASHVILLE,0
75,86.0.3,383495,NORTH NASHVILLE,0
75,86.0.3,383496,NORTH NASHVILLE,0
75,86.0.3,383497,NORTH NASHVILLE,0
75,86.0.3,383498,NORTH NASHVILLE,0
75,86.0.3,383499,NORTH NASHVILLE,0
75,86.0.3,383500,NORTH NASHVILLE,0
75,86.0.3,383501,NORTH NASHVILLE,0
75,86.0.3,383502,NORTH NASHVILLE,0
75,86.0.3,383503,NORTH NASHVILLE,0
75,86.0.3,383504,NORTH NASHVILLE,0
75,86.0.3,383505,NORTH NASHVILLE,0
75,86.0.3,383506,NORTH NASHVILLE,0
75,86.0.3,383507,NORTH NASHVILLE,0
75,86.0.3,383508,NORTH NASHVILLE,0
75,86.0.3,383509,NORTH NASHVILLE,0
75,86.0.3,383510,NORTH NASHVILLE,0
75,86.0.3,383511,NORTH NASHVILLE,0
75,86.0.3,383512,NORTH NASHVILLE,0
75,86.0.3,383513,NORTH NASHVILLE,0
75,86.0.3,383514,NORTH NASHVILLE,0
75,86.0.3,383515,NORTH NASHVILLE,0
75,86.0.3,383516,NORTH NASHVILLE,0
75,86.0.3,383517,NORTH NASHVILLE,0
75,86.0.3,383518,NORTH NASHVILLE,0
75,86.0.3,383519,NORTH NASHVILLE,0
75,86.0.3,383520,NORTH NASHVILLE,0
75,86.0.3,383521,NORTH NASHVILLE,0
75,86.0.3,383522,NORTH NASHVILLE,0
75,86.0.3,383523,NORTH NASHVILLE,0
75,86.0.3,383524,NORTH NASHVILLE,0
75,86.0.3,383525,NORTH NASHVILLE,0
75,86.0.3,383526,EDGEHILL - NAPIER,1
75,86.0.3,383527,EDGEHILL - NAPIER,1
75,86.0.3,383528,EDGEHILL - NAPIER,1
75,86.0.3,383529,EDGEHILL - NAPIER,1
75,86.0.3,383530,EDGEHILL - NAPIER,1
75,86.0.3,383531,EDGEHILL - NAPIER,1
75,86.0.3,383532,EDGEHILL - NAPIER,1
75,86.0.3,383533,EDGEHILL - NAPIER,1
75,86.0.3,383534,EDGEHILL - NAPIER,1
75,86.0.3,383535,EDGEHILL - NAPIER,1
75,86.0.3,383536,EDGEHILL - NAPIER,1
75,86.0.3,383537,EDGEHILL - NAPIER,1
75,86.0.3,383538,EDGEHILL - NAPIER,1
75,86.0.3,383539,EDGEHILL - NAPIER,1
75,86.0.3,383540,EDGEHILL - NAPIER,1
75,86.0.3,383541,EDGEHILL - NAPIER,1
75,86.0.3,383542,EDGEHILL - NAPIER,1
75,86.0.3,383543,EDGEHILL - NAPIER,1
75,86.0.3,383544,EDGEHILL - NAPIER,1
75,86.0.3,383545,EDGEHILL - NAPIER,1
75,86.0.3,383546,EDGEHILL - NAPIER,1
75,86.0.3,383547,EDGEHILL - NAPIER,1
75,86.0.3,383548,EDGEHILL - NAPIER,1
75,86.0.3,383549,EDGEHILL - NAPIER,1
75,86.0.3,383550,EDGEHILL - NAPIER,1
75,86.0.3,383551,EDGEHILL - NAPIER,1
75,86.0.3,383552,EDGEHILL - NAPIER,1
75,86.0.3,383553,EDGEHILL - NAPIER,1
75,86.0.3,383554,EDGEHILL - NAPIER,1
75,86.0.3,383555,EDGEHILL - NAPIER,1
75,86.0.3,383556,EDGEHILL - NAPIER,1
75,86.0.3,383557,EDGEHILL - NAPIER,1
75,86.0.3,383558,EDGEHILL - NAPIER,1
75,86.0.3,383559,EDGEHILL - NAPIER,1
75,86.0.3,383560,EDGEHILL - NAPIER,1
76,86.0.3,386419,MADISON,0
76,86.0.3,386420,MADISON,0
76,86.0.3,386421,MADISON,0
76,86.0.3,386422,MADISON,0
76,86.0.3,386423,MADISON,0
76,86.0.3,386424,MADISON,0
76,86.0.3,386425,MADISON,0
76,86.0.3,386426,MADISON,0
76,86.0.3,386427,MADISON,0
76,86.0.3,386428,MADISON,0
76,86.0.3,386429,MADISON,0
76,86.0.3,386430,MADISON,0
76,86.0.3,386431,MADISON,0
76,86.0.3,386432,MADISON,0
76,86.0.3,386433,MADISON,0
76,86.0.3,386434,MADISON,0
76,86.0.3,386435,MADISON,0
76,86.0.3,386436,MADISON,0
76,86.0.3,386437,MADISON,0
76,86.0.3,386438,MADISON,0
76,86.0.3,386439,MADISON,0
76,86.0.3,386440,MADISON,0
76,86.0.3,386441,MADISON,0
77,86.0.3,383742,GLASTONBURY,0
77,86.0.3,383743,GLASTONBURY,0
77,86.0.3,383744,GLASTONBURY,0
77,86.0.3,383745,GLASTONBURY,0
77,86.0.3,383746,GLASTONBURY,0
77,86.0.3,383747,GLASTONBURY,0
77,86.0.3,383748,GLASTONBURY,0
77,86.0.3,383749,GLASTONBURY,0
77,86.0.3,383750,GLASTONBURY,0
77,86.0.3,383751,GLASTONBURY,0
77,86.0.3,383752,GLASTONBURY,0
77,86.0.3,383753,GLASTONBURY,0
77,86.0.3,383754,GLASTONBURY,0
77,86.0.3,383755,GLASTONBURY,0
77,86.0.3,383756,GLASTONBURY,0
77,86.0.3,383757,GLASTONBURY,0
77,86.0.3,383758,GLASTONBURY,0
77,86.0.3,383759,GLASTONBURY,0
77,86.0.3,383760,GLASTONBURY,0
77,86.0.3,383761,GLASTONBURY,0
77,86.0.3,383762,GLASTONBURY,0
77,86.0.3,383763,GLASTONBURY,0
77,86.0.3,383764,GLASTONBURY,0
77,86.0.3,383765,NORTH NASHVILLE,1
77,86.0.3,383766,NORTH NASHVILLE,1
77,86.0.3,383767,NORTH NASHVILLE,1
77,86.0.3,383768,NORTH NASHVILLE,1
77,86.0.3,383769,NORTH NASHVILLE,1
77,86.0.3,383770,NORTH NASHVILLE,1
77,86.0.3,383771,NORTH NASHVILLE,1
77,86.0.3,383772,NORTH NASHVILLE,1
77,86.0.3,383773,NORTH NASHVILLE,1
77,86.0.3,383774,NORTH NASHVILLE,1
77,86.0.3,383775,NORTH NASHVILLE,1
77,86.0.3,383776,NORTH NASHVILLE,1
77,86.0.3,383777,NORTH NASHVILLE,1
77,86.0.3,383778,NORTH NASHVILLE,1
77,86.0.3,383779,NORTH NASHVILLE,1
77,86.0.3,383780,NORTH NASHVILLE,1
77,86.0.3,383781,NORTH NASHVILLE,1
77,86.0.3,383782,NORTH NASHVILLE,1
77,86.0.3,383783,NORTH NASHVILLE,1
77,86.0.3,383784,NORTH NASHVILLE,1
77,86.0.3,383785,NORTH NASHVILLE,1
77,86.0.3,383786,NORTH NASHVILLE,1
77,86.0.3,383787,NORTH NASHVILLE,1
77,86.0.3,383788,NORTH NASHVILLE,1
77,86.0.3,383789,NORTH NASHVILLE,1
79,86.0.3,386374,SKYLINE,0
79,86.0.3,386375,SKYLINE,0
79,86.0.3,386376,SKYLINE,0
79,86.0.3,386377,SKYLINE,0
79,86.0.3,386378,SKYLINE,0
79,86.0.3,386379,SKYLINE,0
79,86.0.3,386380,SKYLINE,0
79,86.0.3,386381,SKYLINE,0
79,86.0.3,386382,SKYLINE,0
79,86.0.3,386383,SKYLINE,0
79,86.0.3,386384,SKYLINE,0
79,86.0.3,386385,SKYLINE,0
79,86.0.3,386386,SKYLINE,0
79,86.0.3,386387,SKYLINE,0
79,86.0.3,386388,SKYLINE,0
79,86.0.3,386389,SKYLINE,0
79,86.0.3,386390,SKYLINE,0
79,86.0.3,386391,SKYLINE,0
79,86.0.3,386392,SKYLINE,0
79,86.0.3,386393,SKYLINE,0
79,86.0.3,386394,SKYLINE,0
79,86.0.3,386395,SKYLINE,0
79,86.0.3,386396,SKYLINE TO 76 MADISON,1
79,86.0.3,386397,SKYLINE TO 76 MADISON,1
79,86.0.3,386398,SKYLINE TO 76 MADISON,1
79,86.0.3,386399,SKYLINE TO 76 MADISON,1
79,86.0.3,386400,SKYLINE TO 76 MADISON,1
79,86.0.3,386401,SKYLINE TO 76 MADISON,1
79,86.0.3,386402,SKYLINE TO 76 MADISON,1
79,86.0.3,386403,SKYLINE TO 76 MADISON,1
79,86.0.3,386404,SKYLINE TO 76 MADISON,1
79,86.0.3,386405,SKYLINE TO 76 MADISON,1
79,86.0.3,386406,SKYLINE TO 76 MADISON,1
79,86.0.3,386407,SKYLINE TO 76 MADISON,1
79,86.0.3,386408,SKYLINE TO 76 MADISON,1
79,86.0.3,386409,SKYLINE TO 76 MADISON,1
79,86.0.3,386410,SKYLINE TO 76 MADISON,1
79,86.0.3,386411,SKYLINE TO 76 MADISON,1
79,86.0.3,386412,SKYLINE TO 76 MADISON,1
79,86.0.3,386413,SKYLINE TO 76 MADISON,1
79,86.0.3,386414,SKYLINE TO 76 MADISON,1
79,86.0.3,386415,SKYLINE TO 76 MADISON,1
79,86.0.3,386416,SKYLINE TO 76 MADISON,1
79,86.0.3,386417,SKYLINE TO 76 MADISON,1
79,86.0.3,386418,SKYLINE TO 76 MADISON,1
8,86.0.3,384071,100 OAKS,0
8,86.0.3,384047,100 OAKS,0
8,86.0.3,384054,100 OAKS,0
8,86.0.3,384055,100 OAKS,0
8,86.0.3,384056,100 OAKS,0
8,86.0.3,384057,100 OAKS,0
8,86.0.3,384058,100 OAKS,0
8,86.0.3,384059,100 OAKS,0
8,86.0.3,384060,100 OAKS,0
8,86.0.3,384061,100 OAKS,0
8,86.0.3,384062,100 OAKS,0
8,86.0.3,384063,100 OAKS,0
8,86.0.3,384064,100 OAKS,0
8,86.0.3,384065,100 OAKS,0
8,86.0.3,384066,100 OAKS,0
8,86.0.3,384067,100 OAKS,0
8,86.0.3,384068,100 OAKS,0
8,86.0.3,384069,100 OAKS,0
8,86.0.3,384070,100 OAKS,0
8,86.0.3,384051,100 OAKS,0
8,86.0.3,384050,100 OAKS,0
8,86.0.3,384049,100 OAKS,0
8,86.0.3,384048,100 OAKS,0
8,86.0.3,384052,100 OAKS,0
8,86.0.3,384053,100 OAKS,0
8,86.0.3,384096,DOWNTOWN,1
8,86.0.3,384074,DOWNTOWN,1
8,86.0.3,384079,DOWNTOWN,1
8,86.0.3,384080,DOWNTOWN,1
8,86.0.3,384081,DOWNTOWN,1
8,86.0.3,384082,DOWNTOWN,1
8,86.0.3,384083,DOWNTOWN,1
8,86.0.3,384084,DOWNTOWN,1
8,86.0.3,384085,DOWNTOWN,1
8,86.0.3,384086,DOWNTOWN,1
8,86.0.3,384087,DOWNTOWN,1
8,86.0.3,384088,DOWNTOWN,1
8,86.0.3,384089,DOWNTOWN,1
8,86.0.3,384090,DOWNTOWN,1
8,86.0.3,384091,DOWNTOWN,1
8,86.0.3,384092,DOWNTOWN,1
8,86.0.3,384093,DOWNTOWN,1
8,86.0.3,384094,DOWNTOWN,1
8,86.0.3,384095,DOWNTOWN,1
8,86.0.3,384075,DOWNTOWN,1
8,86.0.3,384076,DOWNTOWN,1
8,86.0.3,384073,DOWNTOWN,1
8,86.0.3,384072,DOWNTOWN,1
8,86.0.3,384077,DOWNTOWN,1
8,86.0.3,384078,DOWNTOWN,1
87,86.123.3,384178,GALLATIN HENDERSONVILLE,0
87,86.123.3,384179,GALLATIN HENDERSONVILLE,0
87,86.123.3,387364,GALLATIN HENDERSONVILLE,0
87,86.123.3,384180,GALLATIN HENDERSONVILLE,0
87,86.147.3,387401,GALLATIN HENDERSONVILLE,0
87,86.147.3,387402,GALLATIN HENDERSONVILLE,0
87,86.147.3,387403,GALLATIN HENDERSONVILLE,0
87,86.147.3,387404,GALLATIN HENDERSONVILLE,0
87,86.123.3,384181,NASHVILLE - NISSAN STADIUM,1
87,86.123.3,387363,NASHVILLE - NISSAN STADIUM,1
87,86.123.3,384182,NASHVILLE - NISSAN STADIUM,1
87,86.123.3,384183,NASHVILLE - NISSAN STADIUM,1
87,86.147.3,387405,NASHVILLE - NISSAN STADIUM,1
87,86.147.3,387406,NASHVILLE - NISSAN STADIUM,1
87,86.147.3,387407,NASHVILLE - NISSAN STADIUM,1
87,86.147.3,387408,NASHVILLE - NISSAN STADIUM,1
95,86.123.3,387369,FRANKLIN COOL SPRINGS,0
95,86.123.3,387370,FRANKLIN COOL SPRINGS,0
95,86.123.3,387371,FRANKLIN COOL SPRINGS,0
95,86.123.3,387372,FRANKLIN COOL SPRINGS,0
95,86.147.3,387389,FRANKLIN COOL SPRINGS,0
95,86.147.3,387390,FRANKLIN COOL SPRINGS,0
95,86.147.3,387391,FRANKLIN COOL SPRINGS,0
95,86.147.3,387392,FRANKLIN COOL SPRINGS,0
95,86.123.3,387373,NASHVILLE - NISSAN STADIUM,1
95,86.123.3,387374,NASHVILLE - NISSAN STADIUM,1
95,86.123.3,387375,NASHVILLE - NISSAN STADIUM,1
95,86.123.3,387376,NASHVILLE - NISSAN STADIUM,1
95,86.147.3,387385,NASHVILLE - NISSAN STADIUM,1
95,86.147.3,387386,NASHVILLE - NISSAN STADIUM,1
95,86.147.3,387387,NASHVILLE - NISSAN STADIUM,1
95,86.147.3,387388,NASHVILLE - NISSAN STADIUM,1
14,87.0.1,387484,NORTH NASHVILLE VIA BUENA VISTA,0
14,87.0.1,387485,NORTH NASHVILLE VIA BUENA VISTA,0
14,87.0.1,387486,NORTH NASHVILLE VIA BUENA VISTA,0
14,87.0.1,387487,NORTH NASHVILLE VIA BUENA VISTA,0
14,87.0.1,387488,NORTH NASHVILLE VIA BUENA VISTA,0
14,87.0.1,387489,NORTH NASHVILLE VIA BUENA VISTA,0
14,87.0.1,387490,NORTH NASHVILLE VIA BUENA VISTA,0
14,87.0.1,387491,NORTH NASHVILLE VIA BUENA VISTA,0
14,87.0.1,387492,NORTH NASHVILLE VIA BUENA VISTA,0
14,87.0.1,387493,NORTH NASHVILLE VIA BUENA VISTA,0
14,87.0.1,387494,NORTH NASHVILLE VIA BUENA VISTA,0
14,87.0.1,387495,NORTH NASHVILLE VIA BUENA VISTA,0
14,87.0.1,387512,NORTH NASHVILLE VIA BUENA VISTA,0
14,87.0.1,387496,NORTH NASHVILLE VIA BUENA VISTA,0
14,87.0.1,387513,NORTH NASHVILLE VIA BUENA VISTA,0
14,87.0.1,387497,NORTH NASHVILLE VIA BUENA VISTA,0
14,87.0.1,387514,NORTH NASHVILLE VIA BUENA VISTA,0
14,87.0.1,387515,NORTH NASHVILLE VIA BUENA VISTA,0
14,87.0.1,387516,NORTH NASHVILLE VIA BUENA VISTA,0
14,87.0.1,387517,NORTH NASHVILLE VIA BUENA VISTA,0
14,87.0.1,387518,NORTH NASHVILLE VIA BUENA VISTA,0
14,87.0.1,387498,NORTH NASHVILLE VIA BUENA VISTA,0
14,87.0.1,387499,NORTH NASHVILLE VIA BUENA VISTA,0
14,87.91.1,387500,NORTH NASHVILLE VIA BUENA VISTA,0
14,87.91.1,387501,NORTH NASHVILLE VIA BUENA VISTA,0
14,87.91.1,387502,NORTH NASHVILLE VIA BUENA VISTA,0
14,87.91.1,387503,NORTH NASHVILLE VIA BUENA VISTA,0
14,87.91.1,387504,NORTH NASHVILLE VIA BUENA VISTA,0
14,87.91.1,387505,NORTH NASHVILLE VIA BUENA VISTA,0
14,87.91.1,387506,NORTH NASHVILLE VIA BUENA VISTA,0
14,87.91.1,387507,NORTH NASHVILLE VIA BUENA VISTA,0
14,87.91.1,387508,NORTH NASHVILLE VIA BUENA VISTA,0
14,87.91.1,387509,NORTH NASHVILLE VIA BUENA VISTA,0
14,87.91.1,387510,NORTH NASHVILLE VIA BUENA VISTA,0
14,87.91.1,387511,NORTH NASHVILLE VIA BUENA VISTA,0
14,87.0.1,387531,DOWNTOWN VIA BUENA VISTA,1
14,87.0.1,387532,DOWNTOWN VIA BUENA VISTA,1
14,87.0.1,387559,DOWNTOWN VIA BUENA VISTA,1
14,87.0.1,387533,DOWNTOWN VIA BUENA VISTA,1
14,87.0.1,387534,DOWNTOWN VIA BUENA VISTA,1
14,87.0.1,387535,DOWNTOWN VIA BUENA VISTA,1
14,87.0.1,387536,DOWNTOWN VIA BUENA VISTA,1
14,87.0.1,387537,DOWNTOWN VIA BUENA VISTA,1
14,87.0.1,387538,DOWNTOWN VIA BUENA VISTA,1
14,87.0.1,387539,DOWNTOWN VIA BUENA VISTA,1
14,87.0.1,387540,DOWNTOWN VIA BUENA VISTA,1
14,87.0.1,387560,DOWNTOWN VIA BUENA VISTA,1
14,87.0.1,387541,DOWNTOWN VIA BUENA VISTA,1
14,87.0.1,387561,DOWNTOWN VIA BUENA VISTA,1
14,87.0.1,387542,DOWNTOWN VIA BUENA VISTA,1
14,87.0.1,387543,DOWNTOWN VIA BUENA VISTA,1
14,87.0.1,387562,DOWNTOWN VIA BUENA VISTA,1
14,87.0.1,387544,DOWNTOWN VIA BUENA VISTA,1
14,87.0.1,387563,DOWNTOWN VIA BUENA VISTA,1
14,87.0.1,387564,DOWNTOWN VIA BUENA VISTA,1
14,87.0.1,387565,DOWNTOWN VIA BUENA VISTA,1
14,87.0.1,387545,DOWNTOWN VIA BUENA VISTA,1
14,87.91.1,387546,DOWNTOWN VIA BUENA VISTA,1
14,87.91.1,387547,DOWNTOWN VIA BUENA VISTA,1
14,87.91.1,387548,DOWNTOWN VIA BUENA VISTA,1
14,87.91.1,387549,DOWNTOWN VIA BUENA VISTA,1
14,87.91.1,387550,DOWNTOWN VIA BUENA VISTA,1
14,87.91.1,387551,DOWNTOWN VIA BUENA VISTA,1
14,87.91.1,387552,DOWNTOWN VIA BUENA VISTA,1
14,87.91.1,387553,DOWNTOWN VIA BUENA VISTA,1
14,87.91.1,387554,DOWNTOWN VIA BUENA VISTA,1
14,87.91.1,387555,DOWNTOWN VIA BUENA VISTA,1
14,87.91.1,387556,DOWNTOWN VIA BUENA VISTA,1
14,87.91.1,387557,DOWNTOWN VIA BUENA VISTA,1
14,87.91.1,387558,DOWNTOWN VIA BUENA VISTA,1
17,87.0.1,387792,GREEN HILLS VIA 12TH AVE S,0
17,87.0.1,387755,GREEN HILLS VIA 12TH AVE S,0
17,87.0.1,387773,GREEN HILLS VIA 12TH AVE S,0
17,87.0.1,387774,GREEN HILLS VIA 12TH AVE S,0
17,87.0.1,387775,GREEN HILLS VIA 12TH AVE S,0
17,87.0.1,387776,GREEN HILLS VIA 12TH AVE S,0
17,87.0.1,387777,GREEN HILLS VIA 12TH AVE S,0
17,87.0.1,387778,GREEN HILLS VIA 12TH AVE S,0
17,87.0.1,387779,GREEN HILLS VIA 12TH AVE S,0
17,87.0.1,387780,GREEN HILLS VIA 12TH AVE S,0
17,87.0.1,387756,GREEN HILLS VIA 12TH AVE S,0
17,87.0.1,387757,GREEN HILLS VIA 12TH AVE S,0
17,87.0.1,387758,GREEN HILLS VIA 12TH AVE S,0
17,87.0.1,387759,GREEN HILLS VIA 12TH AVE S,0
17,87.0.1,387760,GREEN HILLS VIA 12TH AVE S,0
17,87.0.1,387761,GREEN HILLS VIA 12TH AVE S,0
17,87.0.1,387762,GREEN HILLS VIA 12TH AVE S,0
17,87.0.1,387763,GREEN HILLS VIA 12TH AVE S,0
17,87.0.1,387764,GREEN HILLS VIA 12TH AVE S,0
17,87.0.1,387765,GREEN HILLS VIA 12TH AVE S,0
17,87.0.1,387766,GREEN HILLS VIA 12TH AVE S,0
17,87.0.1,387781,GREEN HILLS VIA 12TH AVE S,0
17,87.0.1,387782,GREEN HILLS VIA 12TH AVE S,0
17,87.0.1,387783,GREEN HILLS VIA 12TH AVE S,0
17,87.0.1,387784,GREEN HILLS VIA 12TH AVE S,0
17,87.0.1,387785,GREEN HILLS VIA 12TH AVE S,0
17,87.0.1,387786,GREEN HILLS VIA 12TH AVE S,0
17,87.0.1,387787,GREEN HILLS VIA 12TH AVE S,0
17,87.0.1,387788,GREEN HILLS VIA 12TH AVE S,0
17,87.0.1,387789,GREEN HILLS VIA 12TH AVE S,0
17,87.0.1,387790,GREEN HILLS VIA 12TH AVE S,0
17,87.0.1,387791,GREEN HILLS VIA 12TH AVE S,0
17,87.0.1,387767,GREEN HILLS VIA 12TH AVE S,0
17,87.0.1,387768,GREEN HILLS VIA 12TH AVE S,0
17,87.0.1,387769,GREEN HILLS VIA 12TH AVE S,0
17,87.0.1,387770,GREEN HILLS VIA 12TH AVE S,0
17,87.0.1,387771,GREEN HILLS VIA 12TH AVE S,0
17,87.0.1,387772,GREEN HILLS VIA 12TH AVE S,0
17,87.0.1,387829,DOWNTOWN VIA 12TH AVE S,1
17,87.0.1,387793,DOWNTOWN VIA 12TH AVE S,1
17,87.0.1,387811,DOWNTOWN VIA 12TH AVE S,1
17,87.0.1,387812,DOWNTOWN VIA 12TH AVE S,1
17,87.0.1,387813,DOWNTOWN VIA 12TH AVE S,1
17,87.0.1,387814,DOWNTOWN VIA 12TH AVE S,1
17,87.0.1,387815,DOWNTOWN VIA 12TH AVE S,1
17,87.0.1,387816,DOWNTOWN VIA 12TH AVE S,1
17,87.0.1,387817,DOWNTOWN VIA 12TH AVE S,1
17,87.0.1,387818,DOWNTOWN VIA 12TH AVE S,1
17,87.0.1,387794,DOWNTOWN VIA 12TH AVE S,1
17,87.0.1,387805,DOWNTOWN VIA 12TH AVE S,1
17,87.0.1,387795,DOWNTOWN VIA 12TH AVE S,1
17,87.0.1,387806,DOWNTOWN VIA 12TH AVE S,1
17,87.0.1,387796,DOWNTOWN VIA 12TH AVE S,1
17,87.0.1,387807,DOWNTOWN VIA 12TH AVE S,1
17,87.0.1,387797,DOWNTOWN VIA 12TH AVE S,1
17,87.0.1,387808,DOWNTOWN VIA 12TH AVE S,1
17,87.0.1,387798,DOWNTOWN VIA 12TH AVE S,1
17,87.0.1,387809,DOWNTOWN VIA 12TH AVE S,1
17,87.0.1,387799,DOWNTOWN VIA 12TH AVE S,1
17,87.0.1,387819,DOWNTOWN VIA 12TH AVE S,1
17,87.0.1,387820,DOWNTOWN VIA 12TH AVE S,1
17,87.0.1,387821,DOWNTOWN VIA 12TH AVE S,1
17,87.0.1,387822,DOWNTOWN VIA 12TH AVE S,1
17,87.0.1,387823,DOWNTOWN VIA 12TH AVE S,1
17,87.0.1,387824,DOWNTOWN VIA 12TH AVE S,1
17,87.0.1,387825,DOWNTOWN VIA 12TH AVE S,1
17,87.0.1,387826,DOWNTOWN VIA 12TH AVE S,1
17,87.0.1,387827,DOWNTOWN VIA 12TH AVE S,1
17,87.0.1,387828,DOWNTOWN VIA 12TH AVE S,1
17,87.0.1,387800,DOWNTOWN VIA 12TH AVE S,1
17,87.0.1,387801,DOWNTOWN VIA 12TH AVE S,1
17,87.0.1,387802,DOWNTOWN VIA 12TH AVE S,1
17,87.0.1,387803,DOWNTOWN VIA 12TH AVE S,1
17,87.0.1,387804,DOWNTOWN VIA 12TH AVE S,1
17,87.0.1,387810,DOWNTOWN VIA 12TH AVE S,1
18,87.0.1,387921,AIRPORT VIA I-40,0
18,87.0.1,387929,AIRPORT VIA ELM HILL,0
18,87.0.1,387922,AIRPORT VIA ELM HILL,0
18,87.0.1,387930,AIRPORT VIA ELM HILL,0
18,87.0.1,387931,AIRPORT VIA ELM HILL,0
18,87.0.1,387923,AIRPORT VIA ELM HILL,0
18,87.0.1,387932,AIRPORT VIA ELM HILL,0
18,87.0.1,387933,AIRPORT VIA ELM HILL,0
18,87.0.1,387924,AIRPORT VIA ELM HILL,0
18,87.0.1,387934,AIRPORT VIA ELM HILL,0
18,87.0.1,387935,AIRPORT VIA ELM HILL,0
18,87.0.1,387925,AIRPORT VIA ELM HILL,0
18,87.0.1,387936,AIRPORT VIA ELM HILL,0
18,87.0.1,387937,AIRPORT VIA ELM HILL,0
18,87.0.1,387926,AIRPORT VIA ELM HILL,0
18,87.0.1,387938,AIRPORT VIA ELM HILL,0
18,87.0.1,387953,AIRPORT VIA ELM HILL,0
18,87.0.1,387939,AIRPORT VIA ELM HILL,0
18,87.0.1,387927,AIRPORT VIA ELM HILL,0
18,87.0.1,387940,AIRPORT VIA ELM HILL,0
18,87.0.1,387941,AIRPORT VIA ELM HILL,0
18,87.0.1,387942,AIRPORT VIA ELM HILL,0
18,87.0.1,387928,AIRPORT VIA ELM HILL,0
18,87.0.1,387943,AIRPORT VIA ELM HILL,0
18,87.0.1,387944,AIRPORT VIA ELM HILL,0
18,87.0.1,387945,AIRPORT VIA ELM HILL,0
18,87.0.1,387946,AIRPORT VIA ELM HILL,0
18,87.0.1,387947,AIRPORT VIA ELM HILL,0
18,87.0.1,387948,AIRPORT VIA ELM HILL,0
18,87.0.1,387957,AIRPORT VIA ELM HILL,0
18,87.0.1,387954,AIRPORT VIA ELM HILL,0
18,87.0.1,387955,AIRPORT VIA ELM HILL,0
18,87.0.1,387949,AIRPORT VIA ELM HILL,0
18,87.0.1,387950,AIRPORT VIA ELM HILL,0
18,87.0.1,387951,AIRPORT VIA ELM HILL,0
18,87.0.1,387956,AIRPORT VIA ELM HILL,0
18,87.0.1,387952,AIRPORT VIA ELM HILL,0
18,87.0.1,387958,DOWNTOWN VIA ELM HILL,1
18,87.0.1,387967,DOWNTOWN VIA ELM HILL,1
18,87.0.1,387970,DOWNTOWN VIA ELM HILL,1
18,87.0.1,387959,DOWNTOWN VIA ELM HILL,1
18,87.0.1,387968,DOWNTOWN VIA ELM HILL,1
18,87.0.1,387969,DOWNTOWN VIA ELM HILL,1
18,87.0.1,387960,DOWNTOWN VIA ELM HILL,1
18,87.0.1,387971,DOWNTOWN VIA ELM HILL,1
18,87.0.1,387972,DOWNTOWN VIA ELM HILL,1
18,87.0.1,387961,DOWNTOWN VIA ELM HILL,1
18,87.0.1,387973,DOWNTOWN VIA ELM HILL,1
18,87.0.1,387974,DOWNTOWN VIA ELM HILL,1
18,87.0.1,387962,DOWNTOWN VIA ELM HILL,1
18,87.0.1,387975,DOWNTOWN VIA ELM HILL,1
18,87.0.1,387976,DOWNTOWN VIA ELM HILL,1
18,87.0.1,387964,DOWNTOWN VIA ELM HILL,1
18,87.0.1,387977,DOWNTOWN VIA ELM HILL,1
18,87.0.1,387963,DOWNTOWN VIA ELM HILL,1
18,87.0.1,387991,DOWNTOWN VIA ELM HILL,1
18,87.0.1,387965,DOWNTOWN VIA ELM HILL,1
18,87.0.1,387989,DOWNTOWN VIA ELM HILL,1
18,87.0.1,387978,DOWNTOWN VIA ELM HILL,1
18,87.0.1,387979,DOWNTOWN VIA ELM HILL,1
18,87.0.1,387980,DOWNTOWN VIA ELM HILL,1
18,87.0.1,387966,DOWNTOWN VIA ELM HILL,1
18,87.0.1,387981,DOWNTOWN VIA ELM HILL,1
18,87.0.1,387982,DOWNTOWN VIA ELM HILL,1
18,87.0.1,387983,DOWNTOWN VIA ELM HILL,1
18,87.0.1,387990,DOWNTOWN VIA ELM HILL,1
18,87.0.1,387992,DOWNTOWN VIA ELM HILL,1
18,87.0.1,387984,DOWNTOWN VIA ELM HILL,1
18,87.0.1,387985,DOWNTOWN VIA ELM HILL,1
18,87.0.1,387986,DOWNTOWN VIA ELM HILL,1
18,87.0.1,387993,DOWNTOWN VIA ELM HILL,1
18,87.0.1,387987,DOWNTOWN VIA ELM HILL,1
18,87.0.1,387988,DOWNTOWN EXPRESS,1
19,87.0.1,388142,DOWNTOWN,0
19,87.0.1,388143,DOWNTOWN,0
19,87.0.1,388144,DOWNTOWN,0
19,87.0.1,388145,DOWNTOWN,0
19,87.0.1,388146,DOWNTOWN,0
19,87.0.1,388147,DOWNTOWN,0
19,87.0.1,388148,DOWNTOWN,0
19,87.0.1,388149,DOWNTOWN,0
19,87.0.1,388150,DOWNTOWN,0
19,87.0.1,388151,DOWNTOWN,0
19,87.0.1,388152,DOWNTOWN,0
19,87.0.1,388153,DOWNTOWN,0
19,87.0.1,388154,DOWNTOWN,0
19,87.0.1,388155,DOWNTOWN,0
19,87.0.1,388156,DOWNTOWN,0
19,87.0.1,388157,DOWNTOWN,0
19,87.0.1,388158,DOWNTOWN,0
19,87.0.1,388159,DOWNTOWN,0
19,87.0.1,388160,DOWNTOWN,0
19,87.0.1,388161,DOWNTOWN,0
19,87.0.1,388162,DOWNTOWN,0
19,87.0.1,388163,DOWNTOWN,0
19,87.0.1,388164,DOWNTOWN,0
19,87.0.1,388165,DOWNTOWN,0
19,87.0.1,388166,DOWNTOWN,0
19,87.0.1,388167,DOWNTOWN,0
19,87.0.1,388168,DOWNTOWN,0
19,87.0.1,388169,DOWNTOWN,0
19,87.0.1,388170,DOWNTOWN,0
19,87.0.1,388171,DOWNTOWN,0
19,87.0.1,388172,DOWNTOWN,0
19,87.0.1,388173,DOWNTOWN,0
19,87.0.1,388174,DOWNTOWN,0
19,87.0.1,388175,DOWNTOWN,0
19,87.0.1,388176,DOWNTOWN,0
19,87.0.1,388177,DOWNTOWN,0
19,87.0.1,388178,DOWNTOWN,0
19,87.0.1,388179,DOWNTOWN,0
19,87.0.1,388180,DOWNTOWN,0
19,87.0.1,388181,DOWNTOWN,0
19,87.0.1,388182,THE NATIONS,1
19,87.0.1,388183,THE NATIONS,1
19,87.0.1,388184,THE NATIONS,1
19,87.0.1,388185,THE NATIONS,1
19,87.0.1,388186,THE NATIONS,1
19,87.0.1,388187,THE NATIONS,1
19,87.0.1,388188,THE NATIONS,1
19,87.0.1,388189,THE NATIONS,1
19,87.0.1,388190,THE NATIONS,1
19,87.0.1,388191,THE NATIONS,1
19,87.0.1,388192,THE NATIONS,1
19,87.0.1,388193,THE NATIONS,1
19,87.0.1,388194,THE NATIONS,1
19,87.0.1,388195,THE NATIONS,1
19,87.0.1,388196,THE NATIONS,1
19,87.0.1,388197,THE NATIONS,1
19,87.0.1,388198,THE NATIONS,1
19,87.0.1,388199,THE NATIONS,1
19,87.0.1,388200,THE NATIONS,1
19,87.0.1,388201,THE NATIONS,1
19,87.0.1,388202,THE NATIONS,1
19,87.0.1,388203,THE NATIONS,1
19,87.0.1,388204,THE NATIONS,1
19,87.0.1,388205,THE NATIONS,1
19,87.0.1,388206,THE NATIONS,1
19,87.0.1,388207,THE NATIONS,1
19,87.0.1,388208,THE NATIONS,1
19,87.0.1,388209,THE NATIONS,1
19,87.0.1,388210,THE NATIONS,1
19,87.0.1,388211,THE NATIONS,1
19,87.0.1,388212,THE NATIONS,1
19,87.0.1,388213,THE NATIONS,1
19,87.0.1,388214,THE NATIONS,1
19,87.0.1,388215,THE NATIONS,1
19,87.0.1,388216,THE NATIONS,1
19,87.0.1,388217,THE NATIONS,1
19,87.0.1,388218,THE NATIONS,1
19,87.0.1,388219,THE NATIONS,1
19,87.0.1,388220,THE NATIONS,1
22,87.0.1,388404,DOWNTOWN,0
22,87.0.1,388405,DOWNTOWN,0
22,87.0.1,388329,DOWNTOWN,0
22,87.0.1,388353,DOWNTOWN,0
22,87.0.1,388378,DOWNTOWN,0
22,87.0.1,388330,DOWNTOWN,0
22,87.0.1,388354,DOWNTOWN,0
22,87.0.1,388379,DOWNTOWN,0
22,87.0.1,388331,DOWNTOWN,0
22,87.0.1,388355,DOWNTOWN,0
22,87.0.1,388380,DOWNTOWN,0
22,87.0.1,388332,DOWNTOWN,0
22,87.0.1,388356,DOWNTOWN,0
22,87.0.1,388381,DOWNTOWN,0
22,87.0.1,388333,DOWNTOWN,0
22,87.0.1,388357,DOWNTOWN,0
22,87.0.1,388382,DOWNTOWN,0
22,87.0.1,388334,DOWNTOWN,0
22,87.0.1,388358,DOWNTOWN,0
22,87.0.1,388383,DOWNTOWN,0
22,87.0.1,388335,DOWNTOWN,0
22,87.0.1,388359,DOWNTOWN,0
22,87.0.1,388384,DOWNTOWN,0
22,87.0.1,388336,DOWNTOWN,0
22,87.0.1,388360,DOWNTOWN,0
22,87.0.1,388385,DOWNTOWN,0
22,87.0.1,388337,DOWNTOWN,0
22,87.0.1,388361,DOWNTOWN,0
22,87.0.1,388386,DOWNTOWN,0
22,87.0.1,388338,DOWNTOWN,0
22,87.0.1,388362,DOWNTOWN,0
22,87.0.1,388387,DOWNTOWN,0
22,87.0.1,388339,DOWNTOWN,0
22,87.0.1,388363,DOWNTOWN,0
22,87.0.1,388388,DOWNTOWN,0
22,87.0.1,388340,DOWNTOWN,0
22,87.0.1,388364,DOWNTOWN,0
22,87.0.1,388389,DOWNTOWN,0
22,87.0.1,388341,DOWNTOWN,0
22,87.0.1,388365,DOWNTOWN,0
22,87.0.1,388390,DOWNTOWN,0
22,87.0.1,388342,DOWNTOWN,0
22,87.0.1,388366,DOWNTOWN,0
22,87.0.1,388391,DOWNTOWN,0
22,87.0.1,388343,DOWNTOWN,0
22,87.0.1,388367,DOWNTOWN,0
22,87.0.1,388392,DOWNTOWN,0
22,87.0.1,388344,DOWNTOWN,0
22,87.0.1,388368,DOWNTOWN,0
22,87.0.1,388393,DOWNTOWN,0
22,87.0.1,388345,DOWNTOWN,0
22,87.0.1,388369,DOWNTOWN,0
22,87.0.1,388394,DOWNTOWN,0
22,87.0.1,388346,DOWNTOWN,0
22,87.0.1,388370,DOWNTOWN,0
22,87.0.1,388395,DOWNTOWN,0
22,87.0.1,388347,DOWNTOWN,0
22,87.0.1,388371,DOWNTOWN,0
22,87.0.1,388396,DOWNTOWN,0
22,87.0.1,388423,DOWNTOWN,0
22,87.0.1,388372,DOWNTOWN,0
22,87.0.1,388397,DOWNTOWN,0
22,87.0.1,388348,DOWNTOWN,0
22,87.0.1,388373,DOWNTOWN,0
22,87.0.1,388398,DOWNTOWN,0
22,87.0.1,388349,DOWNTOWN,0
22,87.0.1,388374,DOWNTOWN,0
22,87.0.1,388399,DOWNTOWN,0
22,87.0.1,388350,DOWNTOWN,0
22,87.0.1,388375,DOWNTOWN,0
22,87.0.1,388400,DOWNTOWN,0
22,87.0.1,388351,DOWNTOWN,0
22,87.0.1,388376,DOWNTOWN,0
22,87.0.1,388401,DOWNTOWN,0
22,87.0.1,388377,DOWNTOWN,0
22,87.0.1,388352,DOWNTOWN,0
22,87.0.1,388402,DOWNTOWN,0
22,87.0.1,388403,DOWNTOWN,0
22,87.0.1,388412,DOWNTOWN,0
22,87.0.1,388406,DOWNTOWN,0
22,87.0.1,388413,DOWNTOWN,0
22,87.0.1,388407,DOWNTOWN,0
22,87.0.1,388414,DOWNTOWN,0
22,87.0.1,388408,DOWNTOWN,0
22,87.0.1,388415,DOWNTOWN,0
22,87.0.1,388409,DOWNTOWN,0
22,87.0.1,388416,DOWNTOWN,0
22,87.0.1,388410,DOWNTOWN,0
22,87.0.1,388417,DOWNTOWN,0
22,87.0.1,388411,DOWNTOWN,0
22,87.0.1,388418,DOWNTOWN,0
22,87.0.1,388419,DOWNTOWN,0
22,87.0.1,388420,DOWNTOWN,0
22,87.0.1,388421,DOWNTOWN,0
22,87.0.1,388422,DOWNTOWN,0
22,87.0.1,388424,NORTH NASHVILLE TO 14 WHITES CREEK,1
22,87.0.1,388450,NORTH NASHVILLE,1
22,87.0.1,388475,NORTH NASHVILLE TO 71 TRINITY,1
22,87.0.1,388451,NORTH NASHVILLE,1
22,87.0.1,388425,NORTH NASHVILLE TO 14 WHITES CREEK,1
22,87.0.1,388476,NORTH NASHVILLE TO 71 TRINITY,1
22,87.0.1,388452,NORTH NASHVILLE,1
22,87.0.1,388426,NORTH NASHVILLE TO 14 WHITES CREEK,1
22,87.0.1,388477,NORTH NASHVILLE TO 71 TRINITY,1
22,87.9.1,388518,JOHN MALLETTE DR,1
22,87.0.1,388453,NORTH NASHVILLE,1
22,87.0.1,388427,NORTH NASHVILLE TO 14 WHITES CREEK,1
22,87.0.1,388478,NORTH NASHVILLE TO 71 TRINITY,1
22,87.0.1,388454,NORTH NASHVILLE,1
22,87.0.1,388428,NORTH NASHVILLE TO 14 WHITES CREEK,1
22,87.0.1,388479,NORTH NASHVILLE TO 71 TRINITY,1
22,87.0.1,388455,NORTH NASHVILLE,1
22,87.0.1,388429,NORTH NASHVILLE TO 14 WHITES CREEK,1
22,87.0.1,388480,NORTH NASHVILLE TO 71 TRINITY,1
22,87.0.1,388456,NORTH NASHVILLE,1
22,87.0.1,388430,NORTH NASHVILLE TO 14 WHITES CREEK,1
22,87.0.1,388481,NORTH NASHVILLE TO 71 TRINITY,1
22,87.0.1,388457,NORTH NASHVILLE,1
22,87.0.1,388431,NORTH NASHVILLE TO 14 WHITES CREEK,1
22,87.0.1,388482,NORTH NASHVILLE TO 71 TRINITY,1
22,87.0.1,388458,NORTH NASHVILLE,1
22,87.0.1,388432,NORTH NASHVILLE TO 14 WHITES CREEK,1
22,87.0.1,388483,NORTH NASHVILLE TO 71 TRINITY,1
22,87.0.1,388459,NORTH NASHVILLE,1
22,87.0.1,388433,NORTH NASHVILLE TO 14 WHITES CREEK,1
22,87.0.1,388484,NORTH NASHVILLE TO 71 TRINITY,1
22,87.0.1,388460,NORTH NASHVILLE,1
22,87.0.1,388434,NORTH NASHVILLE TO 14 WHITES CREEK,1
22,87.0.1,388485,NORTH NASHVILLE TO 71 TRINITY,1
22,87.0.1,388461,NORTH NASHVILLE,1
22,87.0.1,388435,NORTH NASHVILLE TO 14 WHITES CREEK,1
22,87.0.1,388486,NORTH NASHVILLE TO 71 TRINITY,1
22,87.0.1,388462,NORTH NASHVILLE,1
22,87.0.1,388436,NORTH NASHVILLE TO 14 WHITES CREEK,1
22,87.0.1,388487,NORTH NASHVILLE TO 71 TRINITY,1
22,87.0.1,388463,NORTH NASHVILLE,1
22,87.0.1,388437,NORTH NASHVILLE TO 14 WHITES CREEK,1
22,87.0.1,388488,NORTH NASHVILLE TO 71 TRINITY,1
22,87.0.1,388464,NORTH NASHVILLE,1
22,87.0.1,388438,NORTH NASHVILLE TO 14 WHITES CREEK,1
22,87.0.1,388489,NORTH NASHVILLE TO 71 TRINITY,1
22,87.0.1,388465,NORTH NASHVILLE,1
22,87.0.1,388439,NORTH NASHVILLE TO 14 WHITES CREEK,1
22,87.0.1,388466,NORTH NASHVILLE TO 71 TRINITY,1
22,87.0.1,388517,NORTH NASHVILLE,1
22,87.0.1,388440,NORTH NASHVILLE TO 14 WHITES CREEK,1
22,87.0.1,388490,NORTH NASHVILLE TO 71 TRINITY,1
22,87.0.1,388467,NORTH NASHVILLE,1
22,87.0.1,388441,NORTH NASHVILLE TO 14 WHITES CREEK,1
22,87.0.1,388491,NORTH NASHVILLE TO 71 TRINITY,1
22,87.0.1,388468,NORTH NASHVILLE,1
22,87.0.1,388442,NORTH NASHVILLE TO 14 WHITES CREEK,1
22,87.0.1,388492,NORTH NASHVILLE TO 71 TRINITY,1
22,87.0.1,388469,NORTH NASHVILLE,1
22,87.0.1,388443,NORTH NASHVILLE TO 14 WHITES CREEK,1
22,87.0.1,388493,NORTH NASHVILLE TO 71 TRINITY,1
22,87.0.1,388470,NORTH NASHVILLE,1
22,87.0.1,388444,NORTH NASHVILLE TO 14 WHITES CREEK,1
22,87.0.1,388494,NORTH NASHVILLE TO 71 TRINITY,1
22,87.0.1,388471,NORTH NASHVILLE,1
22,87.0.1,388445,NORTH NASHVILLE TO 14 WHITES CREEK,1
22,87.0.1,388495,NORTH NASHVILLE TO 71 TRINITY,1
22,87.0.1,388472,NORTH NASHVILLE,1
22,87.0.1,388446,NORTH NASHVILLE TO 14 WHITES CREEK,1
22,87.0.1,388496,NORTH NASHVILLE TO 71 TRINITY,1
22,87.0.1,388473,NORTH NASHVILLE,1
22,87.0.1,388447,NORTH NASHVILLE TO 14 WHITES CREEK,1
22,87.0.1,388497,NORTH NASHVILLE TO 71 TRINITY,1
22,87.0.1,388474,NORTH NASHVILLE,1
22,87.0.1,388448,NORTH NASHVILLE TO 14 WHITES CREEK,1
22,87.0.1,388498,NORTH NASHVILLE TO 71 TRINITY,1
22,87.0.1,388449,NORTH NASHVILLE TO 14 WHITES CREEK,1
22,87.0.1,388499,NORTH NASHVILLE TO 71 TRINITY,1
22,87.0.1,388500,NORTH NASHVILLE TO 14 WHITES CREEK,1
22,87.0.1,388507,NORTH NASHVILLE TO 71 TRINITY,1
22,87.0.1,388501,NORTH NASHVILLE TO 14 WHITES CREEK,1
22,87.0.1,388508,NORTH NASHVILLE TO 71 TRINITY,1
22,87.0.1,388502,NORTH NASHVILLE TO 14 WHITES CREEK,1
22,87.0.1,388509,NORTH NASHVILLE TO 71 TRINITY,1
22,87.0.1,388503,NORTH NASHVILLE TO 14 WHITES CREEK,1
22,87.0.1,388510,NORTH NASHVILLE TO 71 TRINITY,1
22,87.0.1,388504,NORTH NASHVILLE TO 14 WHITES CREEK,1
22,87.0.1,388505,NORTH NASHVILLE TO 71 TRINITY,1
22,87.0.1,388511,NORTH NASHVILLE TO 14 WHITES CREEK,1
22,87.0.1,388506,NORTH NASHVILLE,1
22,87.0.1,388512,NORTH NASHVILLE TO 14 WHITES CREEK,1
22,87.0.1,388513,NORTH NASHVILLE,1
22,87.0.1,388514,NORTH NASHVILLE,1
22,87.0.1,388515,NORTH NASHVILLE,1
22,87.0.1,388516,NORTH NASHVILLE,1
23,87.0.1,388829,B - WALMART VIA PARKWOOD-CHESAPEAKE,0
23,87.0.1,388830,B - WALMART VIA PARKWOOD-CHESAPEAKE,0
23,87.0.1,388831,B - WALMART VIA PARKWOOD-CHESAPEAKE,0
23,87.0.1,388832,B - WALMART VIA PARKWOOD-CHESAPEAKE,0
23,87.0.1,388751,B - WALMART VIA PARKWOOD-CHESAPEAKE,0
23,87.0.1,388752,B - WALMART VIA PARKWOOD-CHESAPEAKE,0
23,87.0.1,388828,A - DICKERSON WALMART,0
23,87.0.1,388753,B - WALMART VIA PARKWOOD-CHESAPEAKE,0
23,87.0.1,388784,A - DICKERSON WALMART,0
23,87.0.1,388754,B - WALMART VIA PARKWOOD-CHESAPEAKE,0
23,87.0.1,388785,A - DICKERSON WALMART,0
23,87.0.1,388755,B - WALMART VIA PARKWOOD-CHESAPEAKE,0
23,87.0.1,388786,A - DICKERSON WALMART,0
23,87.0.1,388756,B - WALMART VIA PARKWOOD-CHESAPEAKE,0
23,87.0.1,388787,A - DICKERSON WALMART,0
23,87.0.1,388757,B - WALMART VIA PARKWOOD-CHESAPEAKE,0
23,87.0.1,388788,A - DICKERSON WALMART,0
23,87.0.1,388758,B - WALMART VIA PARKWOOD-CHESAPEAKE,0
23,87.0.1,388789,A - DICKERSON WALMART,0
23,87.0.1,388759,B - WALMART VIA PARKWOOD-CHESAPEAKE,0
23,87.0.1,388790,A - DICKERSON WALMART,0
23,87.0.1,388760,B - WALMART VIA PARKWOOD-CHESAPEAKE,0
23,87.0.1,388791,A - DICKERSON WALMART,0
23,87.0.1,388761,B - WALMART VIA PARKWOOD-CHESAPEAKE,0
23,87.0.1,388792,A - DICKERSON WALMART,0
23,87.0.1,388762,B - WALMART VIA PARKWOOD-CHESAPEAKE,0
23,87.0.1,388793,A - DICKERSON WALMART,0
23,87.0.1,388763,B - WALMART VIA PARKWOOD-CHESAPEAKE,0
23,87.0.1,388794,A - DICKERSON WALMART,0
23,87.0.1,388764,B - WALMART VIA PARKWOOD-CHESAPEAKE,0
23,87.0.1,388795,A - DICKERSON WALMART,0
23,87.0.1,388765,B - WALMART VIA PARKWOOD-CHESAPEAKE,0
23,87.0.1,388796,A - DICKERSON WALMART,0
23,87.0.1,388766,B - WALMART VIA PARKWOOD-CHESAPEAKE,0
23,87.0.1,388797,A - DICKERSON WALMART,0
23,87.0.1,388767,B - WALMART VIA PARKWOOD-CHESAPEAKE,0
23,87.0.1,388798,A - DICKERSON WALMART,0
23,87.0.1,388768,B - WALMART VIA PARKWOOD-CHESAPEAKE,0
23,87.0.1,388799,A - DICKERSON WALMART,0
23,87.0.1,388769,B - WALMART VIA PARKWOOD-CHESAPEAKE,0
23,87.0.1,388800,A - DICKERSON WALMART,0
23,87.0.1,388770,B - WALMART VIA PARKWOOD-CHESAPEAKE,0
23,87.0.1,388801,A - DICKERSON WALMART,0
23,87.0.1,388771,B - WALMART VIA PARKWOOD-CHESAPEAKE,0
23,87.0.1,388802,A - DICKERSON WALMART,0
23,87.0.1,388772,B - WALMART VIA PARKWOOD-CHESAPEAKE,0
23,87.0.1,388803,A - DICKERSON WALMART,0
23,87.0.1,388773,B - WALMART VIA PARKWOOD-CHESAPEAKE,0
23,87.0.1,388804,A - DICKERSON WALMART,0
23,87.0.1,388774,B - WALMART VIA PARKWOOD-CHESAPEAKE,0
23,87.0.1,388805,A - DICKERSON WALMART,0
23,87.0.1,388775,B - WALMART VIA PARKWOOD-CHESAPEAKE,0
23,87.0.1,388806,A - DICKERSON WALMART,0
23,87.0.1,388776,B - WALMART VIA PARKWOOD-CHESAPEAKE,0
23,87.0.1,388807,A - DICKERSON WALMART,0
23,87.0.1,388777,B - WALMART VIA PARKWOOD-CHESAPEAKE,0
23,87.0.1,388808,A - DICKERSON WALMART,0
23,87.0.1,388778,B - WALMART VIA PARKWOOD-CHESAPEAKE,0
23,87.0.1,388809,A - DICKERSON WALMART,0
23,87.0.1,388779,B - WALMART VIA PARKWOOD-CHESAPEAKE,0
23,87.91.1,388810,A - DICKERSON WALMART,0
23,87.91.1,388780,B - WALMART VIA PARKWOOD-CHESAPEAKE,0
23,87.91.1,388811,A - DICKERSON WALMART,0
23,87.91.1,388781,B - WALMART VIA PARKWOOD-CHESAPEAKE,0
23,87.91.1,388812,A - DICKERSON WALMART,0
23,87.91.1,388782,B - WALMART VIA PARKWOOD-CHESAPEAKE,0
23,87.91.1,388813,A - DICKERSON WALMART,0
23,87.91.1,388783,B - WALMART VIA PARKWOOD-CHESAPEAKE,0
23,87.91.1,388814,A - DICKERSON WALMART,0
23,87.91.1,388817,B - WALMART VIA PARKWOOD-CHESAPEAKE,0
23,87.91.1,388815,A - DICKERSON WALMART,0
23,87.91.1,388818,B - WALMART VIA PARKWOOD-CHESAPEAKE,0
23,87.91.1,388816,A - DICKERSON WALMART,0
23,87.91.1,388819,B - WALMART VIA PARKWOOD-CHESAPEAKE,0
23,87.91.1,388823,A - DICKERSON WALMART,0
23,87.91.1,388826,B - WALMART VIA PARKWOOD-CHESAPEAKE,0
23,87.91.1,388824,A - DICKERSON WALMART,0
23,87.91.1,388827,B - WALMART VIA PARKWOOD-CHESAPEAKE,0
23,87.91.1,388825,A - DICKERSON WALMART,0
23,87.91.1,388821,B - WALMART VIA PARKWOOD-CHESAPEAKE,0
23,87.91.1,388820,B - WALMART VIA PARKWOOD-CHESAPEAKE,0
23,87.91.1,388822,B - WALMART VIA PARKWOOD-CHESAPEAKE,0
23,87.91.1,388834,B - WALMART VIA PARKWOOD-CHESAPEAKE,0
23,87.91.1,388833,B - WALMART VIA PARKWOOD-CHESAPEAKE,0
23,87.91.1,388835,B - WALMART VIA PARKWOOD-CHESAPEAKE,0
23,87.91.1,388836,B - WALMART VIA PARKWOOD-CHESAPEAKE,0
23,87.0.1,388863,DOWNTOWN,1
23,87.0.1,388864,DOWNTOWN,1
23,87.0.1,388865,DOWNTOWN,1
23,87.0.1,388866,DOWNTOWN,1
23,87.0.1,388867,DOWNTOWN,1
23,87.0.1,388868,DOWNTOWN,1
23,87.0.1,388869,DOWNTOWN,1
23,87.0.1,388870,DOWNTOWN,1
23,87.0.1,388871,DOWNTOWN,1
23,87.0.1,388872,DOWNTOWN,1
23,87.0.1,388873,DOWNTOWN,1
23,87.0.1,388874,DOWNTOWN,1
23,87.0.1,388875,DOWNTOWN,1
23,87.0.1,388876,DOWNTOWN,1
23,87.0.1,388877,DOWNTOWN,1
23,87.0.1,388878,DOWNTOWN,1
23,87.0.1,388879,DOWNTOWN,1
23,87.0.1,388880,DOWNTOWN,1
23,87.0.1,388881,DOWNTOWN,1
23,87.0.1,388882,DOWNTOWN,1
23,87.0.1,388883,DOWNTOWN,1
23,87.0.1,388884,DOWNTOWN,1
23,87.0.1,388885,DOWNTOWN,1
23,87.0.1,388886,DOWNTOWN,1
23,87.0.1,388887,DOWNTOWN,1
23,87.0.1,388888,DOWNTOWN,1
23,87.0.1,388889,DOWNTOWN,1
23,87.0.1,388890,DOWNTOWN,1
23,87.0.1,388891,DOWNTOWN,1
23,87.0.1,388892,DOWNTOWN,1
23,87.0.1,388893,DOWNTOWN,1
23,87.0.1,388894,DOWNTOWN,1
23,87.0.1,388895,DOWNTOWN,1
23,87.0.1,388896,DOWNTOWN,1
23,87.0.1,388897,DOWNTOWN,1
23,87.0.1,388898,DOWNTOWN,1
23,87.0.1,388899,DOWNTOWN,1
23,87.0.1,388900,DOWNTOWN,1
23,87.0.1,388901,DOWNTOWN,1
23,87.0.1,388902,DOWNTOWN,1
23,87.0.1,388903,DOWNTOWN,1
23,87.0.1,388904,DOWNTOWN,1
23,87.0.1,388905,DOWNTOWN,1
23,87.0.1,388906,DOWNTOWN,1
23,87.0.1,388907,DOWNTOWN,1
23,87.0.1,388908,DOWNTOWN,1
23,87.0.1,388909,DOWNTOWN,1
23,87.0.1,388910,DOWNTOWN,1
23,87.0.1,388911,DOWNTOWN,1
23,87.0.1,388912,DOWNTOWN,1
23,87.0.1,388913,DOWNTOWN,1
23,87.0.1,388914,DOWNTOWN,1
23,87.0.1,388915,DOWNTOWN,1
23,87.0.1,388916,DOWNTOWN,1
23,87.0.1,388917,DOWNTOWN,1
23,87.0.1,388918,DOWNTOWN,1
23,87.0.1,388919,DOWNTOWN,1
23,87.0.1,388920,DOWNTOWN,1
23,87.91.1,388921,DOWNTOWN,1
23,87.91.1,388922,DOWNTOWN,1
23,87.91.1,388923,DOWNTOWN,1
23,87.91.1,388924,DOWNTOWN,1
23,87.91.1,388925,DOWNTOWN,1
23,87.91.1,388926,DOWNTOWN,1
23,87.91.1,388927,DOWNTOWN,1
23,87.91.1,388928,DOWNTOWN,1
23,87.91.1,388929,DOWNTOWN,1
23,87.91.1,388930,DOWNTOWN,1
23,87.91.1,388931,DOWNTOWN,1
23,87.91.1,388932,DOWNTOWN,1
23,87.91.1,388936,DOWNTOWN,1
23,87.91.1,388937,DOWNTOWN,1
23,87.91.1,388938,DOWNTOWN,1
23,87.91.1,388939,DOWNTOWN,1
23,87.91.1,388940,DOWNTOWN,1
23,87.91.1,388933,DOWNTOWN,1
23,87.91.1,388934,DOWNTOWN,1
23,87.91.1,388935,DOWNTOWN,1
23,87.91.1,388942,DOWNTOWN,1
23,87.91.1,388941,DOWNTOWN,1
23,87.91.1,388943,DOWNTOWN,1
23,87.91.1,388944,DOWNTOWN,1
28,87.0.1,389374,DOWNTOWN,0
28,87.0.1,389394,DOWNTOWN,0
28,87.0.1,389375,DOWNTOWN,0
28,87.0.1,389391,DOWNTOWN,0
28,87.0.1,389376,DOWNTOWN,0
28,87.0.1,389377,DOWNTOWN,0
28,87.0.1,389395,DOWNTOWN,0
28,87.0.1,389378,DOWNTOWN,0
28,87.0.1,389379,DOWNTOWN,0
28,87.0.1,389380,DOWNTOWN,0
28,87.0.1,389381,DOWNTOWN,0
28,87.0.1,389382,DOWNTOWN,0
28,87.0.1,389396,DOWNTOWN,0
28,87.0.1,389383,DOWNTOWN,0
28,87.0.1,389392,DOWNTOWN,0
28,87.0.1,389384,DOWNTOWN,0
28,87.0.1,389393,DOWNTOWN,0
28,87.0.1,389385,DOWNTOWN,0
28,87.0.1,389386,DOWNTOWN,0
28,87.0.1,389387,DOWNTOWN,0
28,87.0.1,389388,DOWNTOWN,0
28,87.0.1,389389,DOWNTOWN,0
28,87.0.1,389390,DOWNTOWN,0
28,87.0.1,389397,OAKWOOD,1
28,87.0.1,389415,OAKWOOD,1
28,87.0.1,389398,OAKWOOD,1
28,87.0.1,389416,OAKWOOD,1
28,87.0.1,389399,OAKWOOD,1
28,87.0.1,389400,OAKWOOD,1
28,87.0.1,389401,OAKWOOD,1
28,87.0.1,389402,OAKWOOD,1
28,87.0.1,389403,OAKWOOD,1
28,87.0.1,389404,OAKWOOD,1
28,87.0.1,389405,OAKWOOD,1
28,87.0.1,389420,OAKWOOD,1
28,87.0.1,389406,OAKWOOD,1
28,87.0.1,389417,OAKWOOD,1
28,87.0.1,389407,OAKWOOD,1
28,87.0.1,389418,OAKWOOD,1
28,87.0.1,389408,OAKWOOD,1
28,87.0.1,389419,OAKWOOD,1
28,87.0.1,389409,OAKWOOD,1
28,87.0.1,389410,OAKWOOD,1
28,87.0.1,389411,OAKWOOD,1
28,87.0.1,389412,OAKWOOD,1
28,87.0.1,389413,OAKWOOD,1
28,87.0.1,389414,OAKWOOD,1
29,87.0.1,389534,TENNESSEE STATE UNIVERSITY,0
29,87.0.1,389494,TENNESSEE STATE UNIVERSITY,0
29,87.0.1,389516,TENNESSEE STATE UNIVERSITY,0
29,87.0.1,389517,TENNESSEE STATE UNIVERSITY,0
29,87.0.1,389518,TENNESSEE STATE UNIVERSITY,0
29,87.0.1,389519,TENNESSEE STATE UNIVERSITY,0
29,87.0.1,389520,TENNESSEE STATE UNIVERSITY,0
29,87.0.1,389521,TENNESSEE STATE UNIVERSITY,0
29,87.0.1,389522,TENNESSEE STATE UNIVERSITY,0
29,87.0.1,389523,TENNESSEE STATE UNIVERSITY,0
29,87.0.1,389495,TENNESSEE STATE UNIVERSITY,0
29,87.0.1,389496,TENNESSEE STATE UNIVERSITY,0
29,87.0.1,389497,TENNESSEE STATE UNIVERSITY,0
29,87.0.1,389498,TENNESSEE STATE UNIVERSITY,0
29,87.0.1,389499,TENNESSEE STATE UNIVERSITY,0
29,87.0.1,389500,TENNESSEE STATE UNIVERSITY,0
29,87.0.1,389501,TENNESSEE STATE UNIVERSITY,0
29,87.0.1,389502,TENNESSEE STATE UNIVERSITY,0
29,87.0.1,389503,TENNESSEE STATE UNIVERSITY,0
29,87.0.1,389504,TENNESSEE STATE UNIVERSITY,0
29,87.0.1,389505,TENNESSEE STATE UNIVERSITY,0
29,87.0.1,389524,TENNESSEE STATE UNIVERSITY,0
29,87.0.1,389525,TENNESSEE STATE UNIVERSITY,0
29,87.0.1,389526,TENNESSEE STATE UNIVERSITY,0
29,87.0.1,389527,TENNESSEE STATE UNIVERSITY,0
29,87.0.1,389528,TENNESSEE STATE UNIVERSITY,0
29,87.0.1,389529,TENNESSEE STATE UNIVERSITY,0
29,87.0.1,389530,TENNESSEE STATE UNIVERSITY,0
29,87.0.1,389531,TENNESSEE STATE UNIVERSITY,0
29,87.0.1,389532,TENNESSEE STATE UNIVERSITY,0
29,87.0.1,389533,TENNESSEE STATE UNIVERSITY,0
29,87.0.1,389506,TENNESSEE STATE UNIVERSITY,0
29,87.0.1,389507,TENNESSEE STATE UNIVERSITY,0
29,87.0.1,389508,TENNESSEE STATE UNIVERSITY,0
29,87.0.1,389509,TENNESSEE STATE UNIVERSITY,0
29,87.0.1,389510,TENNESSEE STATE UNIVERSITY,0
29,87.0.1,389511,TENNESSEE STATE UNIVERSITY,0
29,87.0.1,389512,TENNESSEE STATE UNIVERSITY,0
29,87.0.1,389513,TENNESSEE STATE UNIVERSITY,0
29,87.0.1,389515,TENNESSEE STATE UNIVERSITY,0
29,87.0.1,389514,TENNESSEE STATE UNIVERSITY,0
29,87.0.1,389576,DOWNTOWN,1
29,87.0.1,389535,DOWNTOWN,1
29,87.0.1,389557,DOWNTOWN,1
29,87.0.1,389558,DOWNTOWN,1
29,87.0.1,389559,DOWNTOWN,1
29,87.0.1,389560,DOWNTOWN,1
29,87.0.1,389561,DOWNTOWN,1
29,87.0.1,389562,DOWNTOWN,1
29,87.0.1,389563,DOWNTOWN,1
29,87.0.1,389564,DOWNTOWN,1
29,87.0.1,389536,DOWNTOWN,1
29,87.0.1,389537,DOWNTOWN,1
29,87.0.1,389538,DOWNTOWN,1
29,87.0.1,389539,DOWNTOWN,1
29,87.0.1,389540,DOWNTOWN,1
29,87.0.1,389541,DOWNTOWN,1
29,87.0.1,389542,DOWNTOWN,1
29,87.0.1,389543,DOWNTOWN,1
29,87.0.1,389544,DOWNTOWN,1
29,87.0.1,389545,DOWNTOWN,1
29,87.0.1,389546,DOWNTOWN,1
29,87.0.1,389565,DOWNTOWN,1
29,87.0.1,389566,DOWNTOWN,1
29,87.0.1,389567,DOWNTOWN,1
29,87.0.1,389568,DOWNTOWN,1
29,87.0.1,389569,DOWNTOWN,1
29,87.0.1,389570,DOWNTOWN,1
29,87.0.1,389571,DOWNTOWN,1
29,87.0.1,389572,DOWNTOWN,1
29,87.0.1,389573,DOWNTOWN,1
29,87.0.1,389574,DOWNTOWN,1
29,87.0.1,389575,DOWNTOWN,1
29,87.0.1,389547,DOWNTOWN,1
29,87.0.1,389548,DOWNTOWN,1
29,87.0.1,389549,DOWNTOWN,1
29,87.0.1,389550,DOWNTOWN,1
29,87.0.1,389551,DOWNTOWN,1
29,87.0.1,389552,DOWNTOWN,1
29,87.0.1,389553,DOWNTOWN,1
29,87.0.1,389554,DOWNTOWN,1
29,87.0.1,389555,DOWNTOWN,1
29,87.0.1,389556,DOWNTOWN,1
3,87.0.1,389715,A -WHITE BRIDGE,0
3,87.0.1,389716,A -WHITE BRIDGE,0
3,87.0.1,389735,B - BELLEVUE,0
3,87.0.1,389719,A -WHITE BRIDGE,0
3,87.0.1,389736,B - BELLEVUE,0
3,87.0.1,389720,A -WHITE BRIDGE,0
3,87.0.1,389737,B - BELLEVUE,0
3,87.0.1,389721,A -WHITE BRIDGE,0
3,87.0.1,389738,B - BELLEVUE,0
3,87.0.1,389731,A -WHITE BRIDGE,0
3,87.0.1,389739,B - BELLEVUE,0
3,87.0.1,389732,A - WHITE BRIDGE,0
3,87.0.1,389740,B - BELLEVUE,0
3,87.0.1,389722,A -WHITE BRIDGE,0
3,87.0.1,389741,B - BELLEVUE,0
3,87.0.1,389723,A -WHITE BRIDGE,0
3,87.0.1,389779,B - BELLEVUE,0
3,87.0.1,389772,A -WHITE BRIDGE,0
3,87.0.1,389780,B - BELLEVUE,0
3,87.0.1,389773,A -WHITE BRIDGE,0
3,87.0.1,389781,B - BELLEVUE,0
3,87.0.1,389774,A -WHITE BRIDGE,0
3,87.0.1,389782,B - BELLEVUE,0
3,87.0.1,389775,A -WHITE BRIDGE,0
3,87.0.1,389783,B - BELLEVUE,0
3,87.0.1,389776,A -WHITE BRIDGE,0
3,87.0.1,389784,B - BELLEVUE,0
3,87.0.1,389777,A -WHITE BRIDGE,0
3,87.0.1,389785,B - BELLEVUE,0
3,87.0.1,389778,A -WHITE BRIDGE,0
3,87.0.1,389799,B - BELLEVUE,0
3,87.2.1,389786,A -WHITE BRIDGE,0
3,87.1.1,389814,A - WHITE BRIDGE,0
3,87.0.1,389800,B - BELLEVUE,0
3,87.0.1,389787,A -WHITE BRIDGE,0
3,87.0.1,389801,B - BELLEVUE,0
3,87.0.1,389788,A -WHITE BRIDGE,0
3,87.0.1,389802,B - BELLEVUE,0
3,87.0.1,389789,A -WHITE BRIDGE,0
3,87.0.1,389803,B - BELLEVUE,0
3,87.0.1,389790,A -WHITE BRIDGE,0
3,87.0.1,389804,B - BELLEVUE,0
3,87.0.1,389791,A -WHITE BRIDGE,0
3,87.0.1,389805,B - BELLEVUE,0
3,87.0.1,389792,A -WHITE BRIDGE,0
3,87.0.1,389806,B - BELLEVUE,0
3,87.0.1,389793,A -WHITE BRIDGE,0
3,87.0.1,389807,B - BELLEVUE,0
3,87.0.1,389794,A -WHITE BRIDGE,0
3,87.0.1,389808,B - BELLEVUE,0
3,87.4.1,389795,A -WHITE BRIDGE,0
3,87.3.1,389815,A - WHITE BRIDGE,0
3,87.0.1,389809,B - BELLEVUE,0
3,87.0.1,389796,A -WHITE BRIDGE,0
3,87.0.1,389810,B - BELLEVUE,0
3,87.0.1,389797,A -WHITE BRIDGE,0
3,87.0.1,389811,B - BELLEVUE,0
3,87.0.1,389798,A -WHITE BRIDGE,0
3,87.3.1,389742,B - BELLEVUE,0
3,87.0.1,389812,B - BELLEVUE,0
3,87.0.1,389729,A -WHITE BRIDGE,0
3,87.0.1,389743,B - BELLEVUE,0
3,87.0.1,389733,A -WHITE BRIDGE,0
3,87.0.1,389744,B - BELLEVUE,0
3,87.0.1,389724,A -WHITE BRIDGE,0
3,87.0.1,389745,B - BELLEVUE,0
3,87.0.1,389725,A -WHITE BRIDGE,0
3,87.0.1,389746,B - BELLEVUE,0
3,87.0.1,389753,A -WHITE BRIDGE,0
3,87.0.1,389726,B - BELLEVUE,0
3,87.0.1,389747,A -WHITE BRIDGE,0
3,87.0.1,389727,B - BELLEVUE,0
3,87.0.1,389748,A -WHITE BRIDGE,0
3,87.0.1,389734,B - BELLEVUE,0
3,87.0.1,389749,A -WHITE BRIDGE,0
3,87.0.1,389813,B - BELLEVUE,0
3,87.0.1,389728,A - WHITE BRIDGE,0
3,87.0.1,389750,B - BELLEVUE,0
3,87.0.1,389718,A -WHITE BRIDGE,0
3,87.0.1,389763,B - BELLEVUE,0
3,87.0.1,389756,A -WHITE BRIDGE,0
3,87.0.1,389764,B - BELLEVUE,0
3,87.0.1,389757,A -WHITE BRIDGE,0
3,87.0.1,389765,B - BELLEVUE,0
3,87.0.1,389758,A -WHITE BRIDGE,0
3,87.0.1,389766,B - BELLEVUE,0
3,87.0.1,389759,A -WHITE BRIDGE,0
3,87.0.1,389767,B - BELLEVUE,0
3,87.0.1,389760,A -WHITE BRIDGE,0
3,87.0.1,389768,B - BELLEVUE,0
3,87.0.1,389761,A -WHITE BRIDGE,0
3,87.0.1,389769,B - BELLEVUE,0
3,87.0.1,389762,A -WHITE BRIDGE,0
3,87.0.1,389770,B - BELLEVUE,0
3,87.0.1,389751,A -WHITE BRIDGE,0
3,87.0.1,389771,B - BELLEVUE,0
3,87.0.1,389717,A -WHITE BRIDGE,0
3,87.0.1,389752,B - BELLEVUE,0
3,87.0.1,389730,A -WHITE BRIDGE,0
3,87.0.1,389754,B - BELLEVUE,0
3,87.0.1,389755,AB - WHITE BRIDGE BELLEVUE,0
3,87.0.1,389816,A - DOWNTOWN,1
3,87.0.1,389818,A - DOWNTOWN,1
3,87.0.1,389835,B - DOWNTOWN,1
3,87.0.1,389817,A - DOWNTOWN,1
3,87.0.1,389836,B - DOWNTOWN,1
3,87.0.1,389819,A - DOWNTOWN,1
3,87.0.1,389837,B - DOWNTOWN,1
3,87.0.1,389830,A - DOWNTOWN,1
3,87.0.1,389838,B - DOWNTOWN,1
3,87.0.1,389820,A - DOWNTOWN,1
3,87.0.1,389839,B - DOWNTOWN,1
3,87.0.1,389821,A - DOWNTOWN,1
3,87.0.1,389840,B - DOWNTOWN,1
3,87.0.1,389831,A - DOWNTOWN,1
3,87.0.1,389841,B - DOWNTOWN,1
3,87.0.1,389822,A - DOWNTOWN,1
3,87.0.1,389873,B - DOWNTOWN,1
3,87.0.1,389894,A - DOWNTOWN,1
3,87.0.1,389874,B - DOWNTOWN,1
3,87.0.1,389895,A - DOWNTOWN,1
3,87.0.1,389875,B - DOWNTOWN,1
3,87.0.1,389896,A - DOWNTOWN,1
3,87.0.1,389876,B - DOWNTOWN,1
3,87.0.1,389897,A - DOWNTOWN,1
3,87.0.1,389877,B - DOWNTOWN,1
3,87.0.1,389898,A - DOWNTOWN,1
3,87.0.1,389878,B - DOWNTOWN,1
3,87.0.1,389899,A - DOWNTOWN,1
3,87.0.1,389879,B - DOWNTOWN,1
3,87.0.1,389900,A - DOWNTOWN,1
3,87.0.1,389880,B - DOWNTOWN,1
3,87.0.1,389901,A - DOWNTOWN,1
3,87.0.1,389881,B - DOWNTOWN,1
3,87.0.1,389902,A - DOWNTOWN,1
3,87.0.1,389882,B - DOWNTOWN,1
3,87.0.1,389903,A - DOWNTOWN,1
3,87.0.1,389883,B - DOWNTOWN,1
3,87.0.1,389904,A - DOWNTOWN,1
3,87.0.1,389884,B - DOWNTOWN,1
3,87.0.1,389905,A - DOWNTOWN,1
3,87.0.1,389885,B - DOWNTOWN,1
3,87.0.1,389906,A - DOWNTOWN,1
3,87.0.1,389886,B - DOWNTOWN,1
3,87.0.1,389907,A - DOWNTOWN,1
3,87.0.1,389887,B - DOWNTOWN,1
3,87.0.1,389908,A - DOWNTOWN,1
3,87.0.1,389888,B - DOWNTOWN,1
3,87.0.1,389909,A - DOWNTOWN,1
3,87.0.1,389889,B - DOWNTOWN,1
3,87.0.1,389910,A - DOWNTOWN,1
3,87.0.1,389890,B - DOWNTOWN,1
3,87.0.1,389911,A - DOWNTOWN,1
3,87.0.1,389891,B - DOWNTOWN,1
3,87.0.1,389912,A - DOWNTOWN,1
3,87.0.1,389892,B - DOWNTOWN,1
3,87.0.1,389913,A - DOWNTOWN,1
3,87.0.1,389893,B - DOWNTOWN,1
3,87.0.1,389828,A - DOWNTOWN,1
3,87.0.1,389842,B - DOWNTOWN,1
3,87.0.1,389823,A - DOWNTOWN,1
3,87.0.1,389843,B - DOWNTOWN,1
3,87.0.1,389832,A - DOWNTOWN,1
3,87.0.1,389844,B - DOWNTOWN,1
3,87.0.1,389824,A - DOWNTOWN,1
3,87.0.1,389845,B - DOWNTOWN,1
3,87.0.1,389854,A - DOWNTOWN,1
3,87.0.1,389825,B - DOWNTOWN,1
3,87.0.1,389846,A - DOWNTOWN,1
3,87.0.1,389826,B - DOWNTOWN,1
3,87.0.1,389847,A - DOWNTOWN,1
3,87.0.1,389833,B - DOWNTOWN,1
3,87.0.1,389848,A - DOWNTOWN,1
3,87.0.1,389827,B - DOWNTOWN,1
3,87.0.1,389849,A - DOWNTOWN,1
3,87.0.1,389855,B - DOWNTOWN,1
3,87.0.1,389850,A - DOWNTOWN,1
3,87.0.1,389858,B - DOWNTOWN,1
3,87.0.1,389866,A - DOWNTOWN,1
3,87.0.1,389859,B - DOWNTOWN,1
3,87.0.1,389867,A - DOWNTOWN,1
3,87.0.1,389860,B - DOWNTOWN,1
3,87.0.1,389868,A - DOWNTOWN,1
3,87.0.1,389861,B - DOWNTOWN,1
3,87.0.1,389869,A - DOWNTOWN,1
3,87.0.1,389862,B - DOWNTOWN,1
3,87.0.1,389870,A - DOWNTOWN,1
3,87.0.1,389863,B - DOWNTOWN,1
3,87.0.1,389871,A - DOWNTOWN,1
3,87.0.1,389864,B - DOWNTOWN,1
3,87.0.1,389872,A - DOWNTOWN,1
3,87.0.1,389865,B - DOWNTOWN,1
3,87.0.1,389853,A - DOWNTOWN,1
3,87.0.1,389851,B - DOWNTOWN,1
3,87.0.1,389834,A - DOWNTOWN,1
3,87.0.1,389852,B - DOWNTOWN,1
3,87.0.1,389829,A - DOWNTOWN,1
3,87.0.1,389856,A - DOWNTOWN,1
3,87.0.1,389857,A - DOWNTOWN,1
34,87.0.1,390210,OPRY MILLS VIA ELLINGTON,0
34,87.0.1,390236,OPRY MILLS VIA ELLINGTON,0
34,87.0.1,390211,OPRY MILLS VIA ELLINGTON,0
34,87.0.1,390227,OPRY MILLS VIA ELLINGTON,0
34,87.0.1,390212,OPRY MILLS VIA ELLINGTON,0
34,87.0.1,390213,OPRY MILLS VIA ELLINGTON,0
34,87.0.1,390228,OPRY MILLS VIA ELLINGTON,0
34,87.0.1,390214,OPRY MILLS VIA ELLINGTON,0
34,87.0.1,390237,OPRY MILLS VIA ELLINGTON,0
34,87.0.1,390215,OPRY MILLS VIA ELLINGTON,0
34,87.0.1,390229,OPRY MILLS VIA ELLINGTON,0
34,87.0.1,390216,OPRY MILLS VIA ELLINGTON,0
34,87.0.1,390230,OPRY MILLS VIA ELLINGTON,0
34,87.0.1,390217,OPRY MILLS VIA ELLINGTON,0
34,87.0.1,390218,OPRY MILLS VIA ELLINGTON,0
34,87.0.1,390238,OPRY MILLS VIA ELLINGTON,0
34,87.0.1,390231,OPRY MILLS VIA ELLINGTON,0
34,87.0.1,390219,OPRY MILLS VIA ELLINGTON,0
34,87.0.1,390220,OPRY MILLS VIA ELLINGTON,0
34,87.0.1,390232,OPRY MILLS VIA ELLINGTON,0
34,87.0.1,390221,OPRY MILLS VIA ELLINGTON,0
34,87.0.1,390233,OPRY MILLS VIA ELLINGTON,0
34,87.0.1,390239,OPRY MILLS VIA ELLINGTON,0
34,87.0.1,390222,OPRY MILLS VIA ELLINGTON,0
34,87.0.1,390234,OPRY MILLS VIA ELLINGTON,0
34,87.0.1,390223,OPRY MILLS VIA ELLINGTON,0
34,87.0.1,390224,OPRY MILLS VIA ELLINGTON,0
34,87.0.1,390225,OPRY MILLS VIA ELLINGTON,0
34,87.0.1,390235,OPRY MILLS VIA ELLINGTON,0
34,87.0.1,390240,OPRY MILLS VIA ELLINGTON,0
34,87.0.1,390241,OPRY MILLS VIA ELLINGTON,0
34,87.0.1,390226,OPRY MILLS VIA ELLINGTON,0
34,87.0.1,390242,DOWNTOWN VIA ELLINGTON,1
34,87.0.1,390259,DOWNTOWN VIA ELLINGTON,1
34,87.0.1,390243,DOWNTOWN VIA ELLINGTON,1
34,87.0.1,390244,DOWNTOWN VIA ELLINGTON,1
34,87.0.1,390260,DOWNTOWN VIA ELLINGTON,1
34,87.0.1,390245,DOWNTOWN VIA ELLINGTON,1
34,87.0.1,390261,DOWNTOWN VIA ELLINGTON,1
34,87.0.1,390246,DOWNTOWN VIA ELLINGTON,1
34,87.0.1,390270,DOWNTOWN VIA ELLINGTON,1
34,87.0.1,390262,DOWNTOWN VIA ELLINGTON,1
34,87.0.1,390247,DOWNTOWN VIA ELLINGTON,1
34,87.0.1,390248,DOWNTOWN VIA ELLINGTON,1
34,87.0.1,390263,DOWNTOWN VIA ELLINGTON,1
34,87.0.1,390249,DOWNTOWN VIA ELLINGTON,1
34,87.0.1,390250,DOWNTOWN VIA ELLINGTON,1
34,87.0.1,390251,DOWNTOWN VIA ELLINGTON,1
34,87.0.1,390264,DOWNTOWN VIA ELLINGTON,1
34,87.0.1,390252,DOWNTOWN VIA ELLINGTON,1
34,87.0.1,390253,DOWNTOWN VIA ELLINGTON,1
34,87.0.1,390265,DOWNTOWN VIA ELLINGTON,1
34,87.0.1,390254,DOWNTOWN VIA ELLINGTON,1
34,87.0.1,390266,DOWNTOWN VIA ELLINGTON,1
34,87.0.1,390271,DOWNTOWN VIA ELLINGTON,1
34,87.0.1,390255,DOWNTOWN VIA ELLINGTON,1
34,87.0.1,390267,DOWNTOWN VIA ELLINGTON,1
34,87.0.1,390256,DOWNTOWN VIA ELLINGTON,1
34,87.0.1,390268,DOWNTOWN VIA ELLINGTON,1
34,87.0.1,390257,DOWNTOWN VIA ELLINGTON,1
34,87.0.1,390269,DOWNTOWN VIA ELLINGTON,1
34,87.0.1,390272,DOWNTOWN VIA ELLINGTON,1
34,87.0.1,390273,DOWNTOWN VIA ELLINGTON,1
34,87.0.1,390258,DOWNTOWN VIA ELLINGTON,1
4,87.0.1,390410,INGLEWOOD,0
4,87.0.1,390411,INGLEWOOD,0
4,87.0.1,390412,S SHELBY PARK,0
4,87.9.1,390413,INGLEWOOD,0
4,87.10.1,390458,INGLEWOOD,0
4,87.0.1,390414,S SHELBY PARK,0
4,87.0.1,390415,INGLEWOOD,0
4,87.0.1,390416,S SHELBY PARK,0
4,87.9.1,390417,INGLEWOOD,0
4,87.10.1,390459,INGLEWOOD,0
4,87.0.1,390418,S SHELBY PARK,0
4,87.0.1,390419,INGLEWOOD,0
4,87.0.1,390420,S SHELBY PARK,0
4,87.0.1,390421,INGLEWOOD,0
4,87.0.1,390422,S SHELBY PARK,0
4,87.0.1,390423,INGLEWOOD,0
4,87.0.1,390424,S SHELBY PARK,0
4,87.0.1,390425,INGLEWOOD,0
4,87.0.1,390426,S SHELBY PARK,0
4,87.0.1,390427,INGLEWOOD,0
4,87.0.1,390428,S SHELBY PARK,0
4,87.0.1,390429,INGLEWOOD,0
4,87.0.1,390430,S SHELBY PARK,0
4,87.0.1,390431,INGLEWOOD,0
4,87.0.1,390432,S SHELBY PARK,0
4,87.0.1,390433,INGLEWOOD,0
4,87.0.1,390434,S SHELBY PARK,0
4,87.3.1,390435,INGLEWOOD,0
4,87.4.1,390436,INGLEWOOD,0
4,87.0.1,390437,S SHELBY PARK,0
4,87.0.1,390438,INGLEWOOD,0
4,87.0.1,390439,S SHELBY PARK,0
4,87.3.1,395184,S SHELBY PARK,0
4,87.4.1,390460,INGLEWOOD,0
4,87.3.1,390440,INGLEWOOD,0
4,87.0.1,390441,S SHELBY PARK,0
4,87.0.1,390442,INGLEWOOD,0
4,87.0.1,390443,S SHELBY PARK,0
4,87.0.1,390444,INGLEWOOD,0
4,87.0.1,390445,S SHELBY PARK,0
4,87.0.1,390446,INGLEWOOD,0
4,87.0.1,390447,S SHELBY PARK,0
4,87.0.1,390448,INGLEWOOD,0
4,87.0.1,390449,INGLEWOOD,0
4,87.0.1,390450,INGLEWOOD,0
4,87.0.1,390451,INGLEWOOD,0
4,87.0.1,390452,INGLEWOOD,0
4,87.0.1,390453,INGLEWOOD,0
4,87.0.1,390454,INGLEWOOD,0
4,87.0.1,390455,INGLEWOOD,0
4,87.0.1,390456,INGLEWOOD,0
4,87.0.1,390457,INGLEWOOD,0
4,87.0.1,390510,DOWNTOWN,1
4,87.0.1,390461,DOWNTOWN,1
4,87.0.1,390462,DOWNTOWN,1
4,87.0.1,390463,DOWNTOWN,1
4,87.0.1,390464,DOWNTOWN,1
4,87.0.1,390465,DOWNTOWN,1
4,87.0.1,390466,DOWNTOWN,1
4,87.0.1,390467,DOWNTOWN,1
4,87.0.1,390468,DOWNTOWN,1
4,87.0.1,390469,DOWNTOWN,1
4,87.0.1,390470,DOWNTOWN,1
4,87.0.1,390471,DOWNTOWN,1
4,87.0.1,390472,DOWNTOWN,1
4,87.0.1,390473,DOWNTOWN,1
4,87.0.1,390474,DOWNTOWN,1
4,87.0.1,390475,DOWNTOWN,1
4,87.0.1,390476,DOWNTOWN,1
4,87.0.1,390477,DOWNTOWN,1
4,87.0.1,390478,DOWNTOWN,1
4,87.0.1,390479,DOWNTOWN,1
4,87.0.1,390480,DOWNTOWN,1
4,87.0.1,390481,DOWNTOWN,1
4,87.0.1,390482,DOWNTOWN,1
4,87.0.1,390483,DOWNTOWN,1
4,87.0.1,390484,DOWNTOWN,1
4,87.0.1,390485,DOWNTOWN,1
4,87.0.1,390486,DOWNTOWN,1
4,87.0.1,390487,DOWNTOWN,1
4,87.0.1,390488,DOWNTOWN,1
4,87.3.1,390511,DOWNTOWN,1
4,87.0.1,390489,DOWNTOWN,1
4,87.0.1,390490,DOWNTOWN,1
4,87.0.1,390491,DOWNTOWN,1
4,87.0.1,390492,DOWNTOWN,1
4,87.0.1,390493,DOWNTOWN,1
4,87.3.1,390494,DOWNTOWN,1
4,87.4.1,390512,DOWNTOWN,1
4,87.0.1,390495,DOWNTOWN,1
4,87.0.1,390496,DOWNTOWN,1
4,87.0.1,390497,DOWNTOWN,1
4,87.0.1,390498,DOWNTOWN,1
4,87.0.1,390499,DOWNTOWN,1
4,87.0.1,390500,DOWNTOWN,1
4,87.0.1,390501,DOWNTOWN,1
4,87.0.1,390502,DOWNTOWN,1
4,87.0.1,390503,DOWNTOWN,1
4,87.0.1,390504,DOWNTOWN,1
4,87.0.1,390505,DOWNTOWN,1
4,87.0.1,390506,DOWNTOWN,1
4,87.0.1,390507,DOWNTOWN,1
4,87.0.1,390508,DOWNTOWN,1
4,87.0.1,390509,SHELBY PARK,1
41,87.0.1,390643,TRINITY HILLS,0
41,87.0.1,390631,TRINITY HILLS,0
41,87.0.1,390632,TRINITY HILLS,0
41,87.0.1,390633,TRINITY HILLS,0
41,87.0.1,390634,TRINITY HILLS,0
41,87.0.1,390635,TRINITY HILLS,0
41,87.0.1,390636,TRINITY HILLS,0
41,87.0.1,390637,TRINITY HILLS,0
41,87.0.1,390653,TRINITY HILLS,0
41,87.0.1,390638,TRINITY HILLS,0
41,87.0.1,390642,TRINITY HILLS,0
41,87.0.1,390639,TRINITY HILLS,0
41,87.0.1,390640,TRINITY HILLS,0
41,87.91.1,390641,TRINITY HILLS,0
41,87.91.1,390645,TRINITY HILLS,0
41,87.91.1,390646,TRINITY HILLS,0
41,87.91.1,390647,TRINITY HILLS,0
41,87.91.1,390648,TRINITY HILLS,0
41,87.0.1,390666,DOWNTOWN,1
41,87.0.1,390654,DOWNTOWN,1
41,87.0.1,390655,DOWNTOWN,1
41,87.0.1,390656,DOWNTOWN,1
41,87.0.1,390657,DOWNTOWN,1
41,87.0.1,390658,DOWNTOWN,1
41,87.0.1,390659,DOWNTOWN,1
41,87.0.1,390660,DOWNTOWN,1
41,87.0.1,390677,DOWNTOWN,1
41,87.0.1,390661,DOWNTOWN,1
41,87.0.1,390662,DOWNTOWN,1
41,87.0.1,390663,DOWNTOWN,1
41,87.91.1,390664,DOWNTOWN,1
41,87.91.1,390665,DOWNTOWN,1
41,87.91.1,390669,DOWNTOWN,1
41,87.91.1,390670,DOWNTOWN,1
41,87.91.1,390671,DOWNTOWN,1
41,87.91.1,390672,DOWNTOWN,1
42,87.0.1,390788,NORTH NASHVILLE,0
42,87.0.1,390758,NORTH NASHVILLE,0
42,87.0.1,390776,NORTH NASHVILLE,0
42,87.0.1,390759,NORTH NASHVILLE,0
42,87.0.1,390781,NORTH NASHVILLE,0
42,87.0.1,390760,NORTH NASHVILLE,0
42,87.0.1,390782,NORTH NASHVILLE,0
42,87.0.1,390761,NORTH NASHVILLE,0
42,87.0.1,390783,NORTH NASHVILLE,0
42,87.0.1,390762,NORTH NASHVILLE,0
42,87.0.1,390784,NORTH NASHVILLE,0
42,87.0.1,390763,NORTH NASHVILLE,0
42,87.0.1,390787,NORTH NASHVILLE,0
42,87.0.1,390764,NORTH NASHVILLE,0
42,87.0.1,390785,NORTH NASHVILLE,0
42,87.0.1,390765,NORTH NASHVILLE,0
42,87.0.1,390786,NORTH NASHVILLE,0
42,87.0.1,390766,NORTH NASHVILLE,0
42,87.0.1,390777,NORTH NASHVILLE,0
42,87.0.1,390767,NORTH NASHVILLE,0
42,87.0.1,390778,NORTH NASHVILLE,0
42,87.0.1,390768,NORTH NASHVILLE,0
42,87.0.1,390779,NORTH NASHVILLE,0
42,87.0.1,390769,NORTH NASHVILLE,0
42,87.0.1,390780,NORTH NASHVILLE,0
42,87.0.1,390770,NORTH NASHVILLE,0
42,87.0.1,390771,NORTH NASHVILLE,0
42,87.0.1,390772,NORTH NASHVILLE,0
42,87.0.1,390773,NORTH NASHVILLE,0
42,87.0.1,390774,NORTH NASHVILLE,0
42,87.0.1,390775,NORTH NASHVILLE,0
42,87.0.1,390789,DOWNTOWN,1
42,87.0.1,390790,DOWNTOWN,1
42,87.0.1,390791,DOWNTOWN,1
42,87.0.1,390799,DOWNTOWN,1
42,87.0.1,390792,DOWNTOWN,1
42,87.0.1,390813,DOWNTOWN,1
42,87.0.1,390793,DOWNTOWN,1
42,87.0.1,390814,DOWNTOWN,1
42,87.0.1,390794,DOWNTOWN,1
42,87.0.1,390815,DOWNTOWN,1
42,87.0.1,390795,DOWNTOWN,1
42,87.0.1,390816,DOWNTOWN,1
42,87.0.1,390796,DOWNTOWN,1
42,87.0.1,390817,DOWNTOWN,1
42,87.0.1,390797,DOWNTOWN,1
42,87.0.1,390818,DOWNTOWN,1
42,87.0.1,390798,DOWNTOWN,1
42,87.0.1,390819,DOWNTOWN,1
42,87.0.1,390800,DOWNTOWN,1
42,87.0.1,390809,DOWNTOWN,1
42,87.0.1,390801,DOWNTOWN,1
42,87.0.1,390810,DOWNTOWN,1
42,87.0.1,390802,DOWNTOWN,1
42,87.0.1,390811,DOWNTOWN,1
42,87.0.1,390803,DOWNTOWN,1
42,87.0.1,390812,DOWNTOWN,1
42,87.0.1,390804,DOWNTOWN,1
42,87.0.1,390805,DOWNTOWN,1
42,87.0.1,390806,DOWNTOWN,1
42,87.0.1,390807,DOWNTOWN,1
42,87.0.1,390808,DOWNTOWN,1
50,87.0.1,391252,CHARLOTTE WALMART,0
50,87.0.1,391242,CHARLOTTE WALMART,0
50,87.0.1,391251,CHARLOTTE WALMART,0
50,87.0.1,391254,CHARLOTTE WALMART,0
50,87.0.1,391255,CHARLOTTE WALMART,0
50,87.0.1,391256,CHARLOTTE WALMART,0
50,87.0.1,391257,CHARLOTTE WALMART,0
50,87.9.1,391305,MLK SCHOOL - HEAD MAGNET,0
50,87.9.1,391306,MLK SCHOOL - HEAD MAGNET,0
50,87.0.1,391258,CHARLOTTE WALMART,0
50,87.0.1,391259,CHARLOTTE WALMART,0
50,87.0.1,391260,CHARLOTTE WALMART,0
50,87.0.1,391261,CHARLOTTE WALMART,0
50,87.0.1,391262,CHARLOTTE WALMART,0
50,87.0.1,391263,CHARLOTTE WALMART,0
50,87.0.1,391264,CHARLOTTE WALMART,0
50,87.0.1,391265,CHARLOTTE WALMART,0
50,87.0.1,391266,CHARLOTTE WALMART,0
50,87.0.1,391267,CHARLOTTE WALMART,0
50,87.0.1,391268,CHARLOTTE WALMART,0
50,87.0.1,391269,CHARLOTTE WALMART,0
50,87.0.1,391270,CHARLOTTE WALMART,0
50,87.0.1,391271,CHARLOTTE WALMART,0
50,87.0.1,391272,CHARLOTTE WALMART,0
50,87.0.1,391273,CHARLOTTE WALMART,0
50,87.0.1,391274,CHARLOTTE WALMART,0
50,87.0.1,391275,CHARLOTTE WALMART,0
50,87.0.1,391276,CHARLOTTE WALMART,0
50,87.0.1,391277,CHARLOTTE WALMART,0
50,87.0.1,391278,CHARLOTTE WALMART,0
50,87.0.1,391279,CHARLOTTE WALMART,0
50,87.0.1,391280,CHARLOTTE WALMART,0
50,87.0.1,391281,CHARLOTTE WALMART,0
50,87.0.1,391282,CHARLOTTE WALMART,0
50,87.0.1,391283,CHARLOTTE WALMART,0
50,87.0.1,391284,CHARLOTTE WALMART,0
50,87.0.1,391285,CHARLOTTE WALMART,0
50,87.0.1,391286,CHARLOTTE WALMART,0
50,87.0.1,391287,CHARLOTTE WALMART,0
50,87.0.1,391288,CHARLOTTE WALMART,0
50,87.0.1,391289,CHARLOTTE WALMART,0
50,87.0.1,391290,CHARLOTTE WALMART,0
50,87.0.1,391291,CHARLOTTE WALMART,0
50,87.0.1,391292,CHARLOTTE WALMART,0
50,87.0.1,391293,CHARLOTTE WALMART,0
50,87.0.1,391294,CHARLOTTE WALMART,0
50,87.0.1,391295,CHARLOTTE WALMART,0
50,87.0.1,391296,CHARLOTTE WALMART,0
50,87.0.1,391297,CHARLOTTE WALMART,0
50,87.0.1,391298,CHARLOTTE WALMART,0
50,87.0.1,391299,CHARLOTTE WALMART,0
50,87.0.1,391300,CHARLOTTE WALMART,0
50,87.0.1,391243,CHARLOTTE WALMART,0
50,87.0.1,391302,CHARLOTTE WALMART,0
50,87.0.1,391303,CHARLOTTE WALMART,0
50,87.0.1,391244,CHARLOTTE WALMART,0
50,87.0.1,391245,CHARLOTTE WALMART,0
50,87.0.1,391246,CHARLOTTE WALMART,0
50,87.0.1,391247,CHARLOTTE WALMART,0
50,87.0.1,391248,CHARLOTTE WALMART,0
50,87.0.1,391249,CHARLOTTE WALMART,0
50,87.0.1,391250,CHARLOTTE WALMART,0
50,87.0.1,391304,CHARLOTTE WALMART,0
50,87.0.1,391253,CHARLOTTE WALMART,0
50,87.0.1,391307,CHARLOTTE WALMART,0
50,87.0.1,391301,CHARLOTTE WALMART,0
50,87.0.1,391308,CHARLOTTE WALMART,0
50,87.0.1,391309,CHARLOTTE WALMART,0
50,87.0.1,391323,DOWNTOWN,1
50,87.0.1,391310,DOWNTOWN,1
50,87.0.1,391319,DOWNTOWN,1
50,87.0.1,391328,DOWNTOWN,1
50,87.0.1,391329,DOWNTOWN,1
50,87.0.1,391330,DOWNTOWN,1
50,87.0.1,391331,DOWNTOWN,1
50,87.0.1,391332,DOWNTOWN,1
50,87.0.1,391333,DOWNTOWN,1
50,87.0.1,391334,DOWNTOWN,1
50,87.0.1,391335,DOWNTOWN,1
50,87.0.1,391336,DOWNTOWN,1
50,87.0.1,391337,DOWNTOWN,1
50,87.0.1,391338,DOWNTOWN,1
50,87.0.1,391339,DOWNTOWN,1
50,87.0.1,391340,DOWNTOWN,1
50,87.0.1,391341,DOWNTOWN,1
50,87.0.1,391342,DOWNTOWN,1
50,87.0.1,391343,DOWNTOWN,1
50,87.0.1,391344,DOWNTOWN,1
50,87.0.1,391345,DOWNTOWN,1
50,87.0.1,391346,DOWNTOWN,1
50,87.0.1,391347,DOWNTOWN,1
50,87.0.1,391348,DOWNTOWN,1
50,87.0.1,391349,DOWNTOWN,1
50,87.0.1,391350,DOWNTOWN,1
50,87.0.1,391351,DOWNTOWN,1
50,87.1.1,391325,DOWNTOWN,1
50,87.1.1,391326,DOWNTOWN,1
50,87.1.1,391327,DOWNTOWN,1
50,87.0.1,391352,DOWNTOWN,1
50,87.0.1,391353,DOWNTOWN,1
50,87.0.1,391354,DOWNTOWN,1
50,87.0.1,391355,DOWNTOWN,1
50,87.0.1,391356,DOWNTOWN,1
50,87.0.1,391357,DOWNTOWN,1
50,87.0.1,391358,DOWNTOWN,1
50,87.0.1,391359,DOWNTOWN,1
50,87.0.1,391360,DOWNTOWN,1
50,87.0.1,391361,DOWNTOWN,1
50,87.0.1,391362,DOWNTOWN,1
50,87.0.1,391363,DOWNTOWN,1
50,87.0.1,391364,DOWNTOWN,1
50,87.0.1,391365,DOWNTOWN,1
50,87.3.1,391321,DOWNTOWN,1
50,87.3.1,391380,DOWNTOWN,1
50,87.3.1,391322,DOWNTOWN,1
50,87.3.1,391320,DOWNTOWN,1
50,87.0.1,391366,DOWNTOWN,1
50,87.0.1,391367,DOWNTOWN,1
50,87.0.1,391368,DOWNTOWN,1
50,87.0.1,391369,DOWNTOWN,1
50,87.0.1,391370,DOWNTOWN,1
50,87.0.1,391371,DOWNTOWN,1
50,87.0.1,391372,DOWNTOWN,1
50,87.0.1,391373,DOWNTOWN,1
50,87.0.1,391374,DOWNTOWN,1
50,87.0.1,391311,DOWNTOWN,1
50,87.0.1,391376,DOWNTOWN,1
50,87.0.1,391377,DOWNTOWN,1
50,87.0.1,391312,DOWNTOWN,1
50,87.0.1,391313,DOWNTOWN,1
50,87.0.1,391314,DOWNTOWN,1
50,87.0.1,391315,DOWNTOWN,1
50,87.0.1,391316,DOWNTOWN,1
50,87.0.1,391317,DOWNTOWN,1
50,87.0.1,391318,DOWNTOWN,1
50,87.0.1,391378,DOWNTOWN,1
50,87.0.1,391324,DOWNTOWN,1
50,87.0.1,391379,DOWNTOWN,1
50,87.0.1,391375,DOWNTOWN,1
50,87.0.1,391381,DOWNTOWN,1
50,87.0.1,391382,DOWNTOWN,1
52,87.0.1,391692,A - HICKORY PLAZA,0
52,87.0.1,391691,A - HICKORY PLAZA,0
52,87.0.1,391666,B - EZELL,0
52,87.0.1,391690,A - HICKORY PLAZA,0
52,87.0.1,391665,B - EZELL,0
52,87.0.1,391689,A - HICKORY PLAZA,0
52,87.0.1,391664,B - EZELL,0
52,87.9.1,391697,ANTIOCH PIKE - GLENCLIFF HS,0
52,87.0.1,391688,A - HICKORY PLAZA,0
52,87.0.1,391663,B - EZELL,0
52,87.0.1,391687,A - HICKORY PLAZA,0
52,87.0.1,391662,B - EZELL,0
52,87.0.1,391686,A - HICKORY PLAZA,0
52,87.0.1,391661,B - EZELL,0
52,87.0.1,391685,A - HICKORY PLAZA,0
52,87.0.1,391660,B - EZELL,0
52,87.0.1,391684,A - HICKORY PLAZA,0
52,87.0.1,391659,B - EZELL,0
52,87.0.1,391683,A - HICKORY PLAZA,0
52,87.0.1,391658,B - EZELL,0
52,87.0.1,391682,A - HICKORY PLAZA,0
52,87.0.1,391657,B - EZELL,0
52,87.0.1,391681,A - HICKORY PLAZA,0
52,87.0.1,391726,B - EZELL,0
52,87.0.1,391709,A - HICKORY PLAZA,0
52,87.0.1,391727,B - EZELL,0
52,87.0.1,391710,A - HICKORY PLAZA,0
52,87.0.1,391728,B - EZELL,0
52,87.0.1,391711,A - HICKORY PLAZA,0
52,87.0.1,391729,B - EZELL,0
52,87.0.1,391712,A - HICKORY PLAZA,0
52,87.0.1,391730,B - EZELL,0
52,87.0.1,391713,A - HICKORY PLAZA,0
52,87.0.1,391731,B - EZELL,0
52,87.0.1,391714,A - HICKORY PLAZA,0
52,87.0.1,391732,B - EZELL,0
52,87.0.1,391715,A - HICKORY PLAZA,0
52,87.0.1,391733,B - EZELL,0
52,87.0.1,391716,A - HICKORY PLAZA,0
52,87.0.1,391734,B - EZELL,0
52,87.0.1,391717,A - HICKORY PLAZA,0
52,87.0.1,391735,B - EZELL,0
52,87.0.1,391718,A - HICKORY PLAZA,0
52,87.0.1,391736,B - EZELL,0
52,87.0.1,391719,A - HICKORY PLAZA,0
52,87.0.1,391737,B - EZELL,0
52,87.0.1,391720,A - HICKORY PLAZA,0
52,87.0.1,391738,B - EZELL,0
52,87.0.1,391721,A - HICKORY PLAZA,0
52,87.0.1,391739,B - EZELL,0
52,87.0.1,391722,A - HICKORY PLAZA,0
52,87.0.1,391740,B - EZELL,0
52,87.0.1,391723,A - HICKORY PLAZA,0
52,87.0.1,391741,B - EZELL,0
52,87.0.1,391724,A - HICKORY PLAZA,0
52,87.0.1,391742,B - EZELL,0
52,87.0.1,391725,A - HICKORY PLAZA,0
52,87.0.1,391656,B - EZELL,0
52,87.0.1,391680,A - HICKORY PLAZA,0
52,87.0.1,391655,B - EZELL,0
52,87.0.1,391679,A - HICKORY PLAZA,0
52,87.0.1,391654,B - EZELL,0
52,87.0.1,391678,A - HICKORY PLAZA,0
52,87.0.1,391653,B - EZELL,0
52,87.0.1,391677,A - HICKORY PLAZA,0
52,87.0.1,391652,B - EZELL,0
52,87.0.1,391676,A - HICKORY PLAZA,0
52,87.0.1,391651,B - EZELL,0
52,87.0.1,391675,A - HICKORY PLAZA,0
52,87.0.1,391650,B - EZELL,0
52,87.0.1,391674,A - HICKORY PLAZA,0
52,87.0.1,391649,B - EZELL,0
52,87.0.1,391673,A - HICKORY PLAZA,0
52,87.0.1,391648,B - EZELL,0
52,87.0.1,391672,A - HICKORY PLAZA,0
52,87.0.1,391647,B - EZELL,0
52,87.0.1,391671,A - HICKORY PLAZA,0
52,87.0.1,391646,B - EZELL,0
52,87.0.1,391670,A - HICKORY PLAZA,0
52,87.0.1,391645,B - EZELL,0
52,87.0.1,391669,A - HICKORY PLAZA,0
52,87.0.1,391698,B - EZELL,0
52,87.0.1,391704,A - HICKORY PLAZA,0
52,87.0.1,391699,B - EZELL,0
52,87.0.1,391705,A - HICKORY PLAZA,0
52,87.0.1,391700,B - EZELL,0
52,87.0.1,391706,A - HICKORY PLAZA,0
52,87.0.1,391701,B - EZELL,0
52,87.0.1,391707,A - HICKORY PLAZA,0
52,87.0.1,391702,B - EZELL,0
52,87.0.1,391708,A - HICKORY PLAZA,0
52,87.0.1,391703,B - EZELL,0
52,87.0.1,391644,B - EZELL,0
52,87.0.1,391668,A - HICKORY PLAZA,0
52,87.0.1,391643,B - EZELL,0
52,87.0.1,391667,AB - HICKORY PLAZA - EZELL,0
52,87.0.1,391694,AB - HICKORY PLAZA - EZELL,0
52,87.0.1,391693,AB - HICKORY PLAZA - EZELL,0
52,87.0.1,391695,AB - HICKORY PLAZA - EZELL,0
52,87.0.1,391696,AB - HICKORY PLAZA - EZELL,0
52,87.0.1,391792,A - DOWNTOWN,1
52,87.0.1,391791,A - DOWNTOWN,1
52,87.0.1,391766,B - DOWNTOWN,1
52,87.0.1,391790,A - DOWNTOWN,1
52,87.0.1,391765,B - DOWNTOWN,1
52,87.0.1,391789,A - DOWNTOWN,1
52,87.0.1,391764,B - DOWNTOWN,1
52,87.0.1,391788,A - DOWNTOWN,1
52,87.0.1,391763,B - DOWNTOWN,1
52,87.0.1,391787,A - DOWNTOWN,1
52,87.0.1,391762,B - DOWNTOWN,1
52,87.0.1,391786,A - DOWNTOWN,1
52,87.0.1,391761,B - DOWNTOWN,1
52,87.0.1,391785,A - DOWNTOWN,1
52,87.0.1,391760,B - DOWNTOWN,1
52,87.0.1,391784,A - DOWNTOWN,1
52,87.0.1,391759,B - DOWNTOWN,1
52,87.0.1,391783,A - DOWNTOWN,1
52,87.0.1,391758,B - DOWNTOWN,1
52,87.0.1,391782,A - DOWNTOWN,1
52,87.0.1,391757,B - DOWNTOWN,1
52,87.0.1,391781,A - DOWNTOWN,1
52,87.0.1,391809,B - DOWNTOWN,1
52,87.0.1,391826,A - DOWNTOWN,1
52,87.0.1,391810,B - DOWNTOWN,1
52,87.0.1,391827,A - DOWNTOWN,1
52,87.0.1,391811,B - DOWNTOWN,1
52,87.0.1,391828,A - DOWNTOWN,1
52,87.0.1,391812,B - DOWNTOWN,1
52,87.0.1,391829,A - DOWNTOWN,1
52,87.0.1,391813,B - DOWNTOWN,1
52,87.0.1,391830,A - DOWNTOWN,1
52,87.0.1,391814,B - DOWNTOWN,1
52,87.1.1,391843,DOWNTOWN,1
52,87.0.1,391831,A - DOWNTOWN,1
52,87.0.1,391815,B - DOWNTOWN,1
52,87.0.1,391832,A - DOWNTOWN,1
52,87.0.1,391816,B - DOWNTOWN,1
52,87.0.1,391833,A - DOWNTOWN,1
52,87.0.1,391817,B - DOWNTOWN,1
52,87.0.1,391834,A - DOWNTOWN,1
52,87.0.1,391818,B - DOWNTOWN,1
52,87.0.1,391835,A - DOWNTOWN,1
52,87.0.1,391819,B - DOWNTOWN,1
52,87.0.1,391836,A - DOWNTOWN,1
52,87.0.1,391820,B - DOWNTOWN,1
52,87.0.1,391837,A - DOWNTOWN,1
52,87.0.1,391821,B - DOWNTOWN,1
52,87.0.1,391838,A - DOWNTOWN,1
52,87.0.1,391822,B - DOWNTOWN,1
52,87.0.1,391839,A - DOWNTOWN,1
52,87.0.1,391823,B - DOWNTOWN,1
52,87.0.1,391840,A - DOWNTOWN,1
52,87.0.1,391824,B - DOWNTOWN,1
52,87.0.1,391841,A - DOWNTOWN,1
52,87.0.1,391825,B - DOWNTOWN,1
52,87.0.1,391842,A - DOWNTOWN,1
52,87.0.1,391756,B - DOWNTOWN,1
52,87.3.1,391797,DOWNTOWN,1
52,87.0.1,391780,A - DOWNTOWN,1
52,87.0.1,391755,B - DOWNTOWN,1
52,87.0.1,391779,A - DOWNTOWN,1
52,87.0.1,391754,B - DOWNTOWN,1
52,87.0.1,391778,A - DOWNTOWN,1
52,87.0.1,391753,B - DOWNTOWN,1
52,87.0.1,391777,A - DOWNTOWN,1
52,87.0.1,391752,B - DOWNTOWN,1
52,87.0.1,391776,A - DOWNTOWN,1
52,87.0.1,391751,B - DOWNTOWN,1
52,87.0.1,391775,A - DOWNTOWN,1
52,87.0.1,391750,B - DOWNTOWN,1
52,87.0.1,391774,A - DOWNTOWN,1
52,87.0.1,391749,B - DOWNTOWN,1
52,87.0.1,391773,A - DOWNTOWN,1
52,87.0.1,391748,B - DOWNTOWN,1
52,87.0.1,391772,A - DOWNTOWN,1
52,87.0.1,391747,B - DOWNTOWN,1
52,87.0.1,391771,A - DOWNTOWN,1
52,87.0.1,391746,B - DOWNTOWN,1
52,87.0.1,391770,A - DOWNTOWN,1
52,87.0.1,391745,B - DOWNTOWN,1
52,87.0.1,391769,A - DOWNTOWN,1
52,87.0.1,391798,B - DOWNTOWN,1
52,87.0.1,391804,A - DOWNTOWN,1
52,87.0.1,391799,B - DOWNTOWN,1
52,87.0.1,391805,A - DOWNTOWN,1
52,87.0.1,391800,B - DOWNTOWN,1
52,87.0.1,391806,A - DOWNTOWN,1
52,87.0.1,391801,B - DOWNTOWN,1
52,87.0.1,391807,A - DOWNTOWN,1
52,87.0.1,391802,B - DOWNTOWN,1
52,87.0.1,391808,A - DOWNTOWN,1
52,87.0.1,391803,B - DOWNTOWN,1
52,87.0.1,391744,B - DOWNTOWN,1
52,87.0.1,391768,A - DOWNTOWN,1
52,87.0.1,391743,B - DOWNTOWN,1
52,87.0.1,391767,A - DOWNTOWN,1
52,87.0.1,391794,B - DOWNTOWN,1
52,87.0.1,391793,A - DOWNTOWN,1
52,87.0.1,391795,B - DOWNTOWN,1
52,87.0.1,391796,B - DOWNTOWN,1
55,87.0.1,392112,HICKORY HOLLOW,0
55,87.0.1,392113,HICKORY HOLLOW,0
55,87.0.1,392114,HICKORY HOLLOW,0
55,87.0.1,392139,HICKORY HOLLOW,0
55,87.0.1,392140,HICKORY HOLLOW,0
55,87.0.1,392141,HICKORY HOLLOW,0
55,87.0.1,392197,HICKORY HOLLOW,0
55,87.0.1,392198,HICKORY HOLLOW,0
55,87.0.1,392199,HICKORY HOLLOW,0
55,87.0.1,392200,HICKORY HOLLOW,0
55,87.0.1,392201,HICKORY HOLLOW,0
55,87.9.1,392123,ARTS MAGNET SCHOOL,0
55,87.0.1,392208,HICKORY HOLLOW,0
55,87.0.1,392209,HICKORY HOLLOW,0
55,87.0.1,392210,HICKORY HOLLOW,0
55,87.0.1,392211,HICKORY HOLLOW,0
55,87.0.1,392212,HICKORY HOLLOW,0
55,87.0.1,392213,HICKORY HOLLOW,0
55,87.0.1,392202,HICKORY HOLLOW,0
55,87.0.1,392203,HICKORY HOLLOW,0
55,87.0.1,392204,HICKORY HOLLOW,0
55,87.0.1,392205,HICKORY HOLLOW,0
55,87.0.1,392206,HICKORY HOLLOW,0
55,87.0.1,392142,HICKORY HOLLOW,0
55,87.0.1,392143,HICKORY HOLLOW,0
55,87.0.1,392144,HICKORY HOLLOW,0
55,87.0.1,392145,HICKORY HOLLOW,0
55,87.0.1,392146,HICKORY HOLLOW,0
55,87.0.1,392147,HICKORY HOLLOW,0
55,87.0.1,392148,HICKORY HOLLOW,0
55,87.0.1,392149,HICKORY HOLLOW,0
55,87.0.1,392150,HICKORY HOLLOW,0
55,87.0.1,392151,HICKORY HOLLOW,0
55,87.0.1,392152,HICKORY HOLLOW,0
55,87.0.1,392153,HICKORY HOLLOW,0
55,87.0.1,392154,HICKORY HOLLOW,0
55,87.0.1,392155,HICKORY HOLLOW,0
55,87.0.1,392156,HICKORY HOLLOW,0
55,87.0.1,392157,HICKORY HOLLOW,0
55,87.0.1,392158,HICKORY HOLLOW,0
55,87.0.1,392159,HICKORY HOLLOW,0
55,87.0.1,392160,HICKORY HOLLOW,0
55,87.0.1,392161,HICKORY HOLLOW,0
55,87.0.1,392162,HICKORY HOLLOW,0
55,87.0.1,392163,HICKORY HOLLOW,0
55,87.0.1,392164,HICKORY HOLLOW,0
55,87.0.1,392165,HICKORY HOLLOW,0
55,87.0.1,392166,HICKORY HOLLOW,0
55,87.0.1,392167,HICKORY HOLLOW,0
55,87.0.1,392168,HICKORY HOLLOW,0
55,87.0.1,392169,HICKORY HOLLOW,0
55,87.0.1,392170,HICKORY HOLLOW,0
55,87.0.1,392171,HICKORY HOLLOW,0
55,87.0.1,392172,HICKORY HOLLOW,0
55,87.0.1,392173,HICKORY HOLLOW,0
55,87.0.1,392174,HICKORY HOLLOW,0
55,87.0.1,392175,HICKORY HOLLOW,0
55,87.0.1,392176,HICKORY HOLLOW,0
55,87.0.1,392177,HICKORY HOLLOW,0
55,87.0.1,392178,HICKORY HOLLOW,0
55,87.0.1,392179,HICKORY HOLLOW,0
55,87.0.1,392180,HICKORY HOLLOW,0
55,87.0.1,392207,HICKORY HOLLOW,0
55,87.0.1,392181,HICKORY HOLLOW,0
55,87.0.1,392182,HICKORY HOLLOW,0
55,87.0.1,392183,HICKORY HOLLOW,0
55,87.0.1,392184,HICKORY HOLLOW,0
55,87.0.1,392185,HICKORY HOLLOW,0
55,87.0.1,392186,HICKORY HOLLOW,0
55,87.0.1,392187,HICKORY HOLLOW,0
55,87.0.1,392188,HICKORY HOLLOW,0
55,87.0.1,392189,HICKORY HOLLOW,0
55,87.0.1,392190,HICKORY HOLLOW,0
55,87.0.1,392191,HICKORY HOLLOW,0
55,87.0.1,392192,HICKORY HOLLOW,0
55,87.0.1,392193,HICKORY HOLLOW,0
55,87.0.1,392194,HICKORY HOLLOW,0
55,87.0.1,392195,HICKORY HOLLOW,0
55,87.0.1,392214,HICKORY HOLLOW,0
55,87.0.1,392196,HICKORY HOLLOW,0
55,87.0.1,392116,HICKORY HOLLOW,0
55,87.0.1,392117,HICKORY HOLLOW,0
55,87.0.1,392118,HICKORY HOLLOW,0
55,87.0.1,392115,HICKORY HOLLOW,0
55,87.0.1,392128,HICKORY HOLLOW,0
55,87.0.1,392129,HICKORY HOLLOW,0
55,87.0.1,392130,HICKORY HOLLOW,0
55,87.0.1,392131,HICKORY HOLLOW,0
55,87.0.1,392132,HICKORY HOLLOW,0
55,87.0.1,392133,HICKORY HOLLOW,0
55,87.0.1,392134,HICKORY HOLLOW,0
55,87.0.1,392135,HICKORY HOLLOW,0
55,87.0.1,392136,HICKORY HOLLOW,0
55,87.0.1,392137,HICKORY HOLLOW,0
55,87.0.1,392138,HICKORY HOLLOW,0
55,87.0.1,392119,HICKORY HOLLOW,0
55,87.0.1,392120,HICKORY HOLLOW,0
55,87.0.1,392121,HICKORY HOLLOW,0
55,87.0.1,392122,HICKORY HOLLOW,0
55,87.0.1,392125,HICKORY HOLLOW,0
55,87.0.1,392124,HICKORY HOLLOW,0
55,87.0.1,392126,HICKORY HOLLOW,0
55,87.0.1,392127,HICKORY HOLLOW,0
55,87.0.1,392215,DOWNTOWN,1
55,87.0.1,392216,DOWNTOWN,1
55,87.0.1,392217,DOWNTOWN,1
55,87.0.1,392244,DOWNTOWN,1
55,87.0.1,392245,DOWNTOWN,1
55,87.0.1,392246,DOWNTOWN,1
55,87.0.1,392303,DOWNTOWN,1
55,87.0.1,392304,DOWNTOWN,1
55,87.0.1,392305,DOWNTOWN,1
55,87.0.1,392306,DOWNTOWN,1
55,87.0.1,392312,DOWNTOWN,1
55,87.0.1,392313,DOWNTOWN,1
55,87.0.1,392314,DOWNTOWN,1
55,87.0.1,392315,DOWNTOWN,1
55,87.0.1,392316,DOWNTOWN,1
55,87.0.1,392317,DOWNTOWN,1
55,87.0.1,392318,DOWNTOWN,1
55,87.0.1,392307,DOWNTOWN,1
55,87.0.1,392308,DOWNTOWN,1
55,87.0.1,392309,DOWNTOWN,1
55,87.0.1,392310,DOWNTOWN,1
55,87.0.1,392311,DOWNTOWN,1
55,87.0.1,392247,DOWNTOWN,1
55,87.0.1,392248,DOWNTOWN,1
55,87.0.1,392249,DOWNTOWN,1
55,87.0.1,392250,DOWNTOWN,1
55,87.0.1,392251,DOWNTOWN,1
55,87.0.1,392252,DOWNTOWN,1
55,87.0.1,392253,DOWNTOWN,1
55,87.0.1,392254,DOWNTOWN,1
55,87.0.1,392255,DOWNTOWN,1
55,87.0.1,392256,DOWNTOWN,1
55,87.0.1,392257,DOWNTOWN,1
55,87.0.1,392258,DOWNTOWN,1
55,87.0.1,392259,DOWNTOWN,1
55,87.0.1,392260,DOWNTOWN,1
55,87.0.1,392261,DOWNTOWN,1
55,87.0.1,392262,DOWNTOWN,1
55,87.0.1,392263,DOWNTOWN,1
55,87.0.1,392264,DOWNTOWN,1
55,87.0.1,392265,DOWNTOWN,1
55,87.1.1,392227,DOWNTOWN,1
55,87.0.1,392266,DOWNTOWN,1
55,87.0.1,392267,DOWNTOWN,1
55,87.0.1,392268,DOWNTOWN,1
55,87.0.1,392269,DOWNTOWN,1
55,87.0.1,392270,DOWNTOWN,1
55,87.0.1,392271,DOWNTOWN,1
55,87.0.1,392272,DOWNTOWN,1
55,87.0.1,392273,DOWNTOWN,1
55,87.0.1,392274,DOWNTOWN,1
55,87.0.1,392275,DOWNTOWN,1
55,87.0.1,392276,DOWNTOWN,1
55,87.0.1,392277,DOWNTOWN,1
55,87.0.1,392278,DOWNTOWN,1
55,87.0.1,392279,DOWNTOWN,1
55,87.0.1,392280,DOWNTOWN,1
55,87.0.1,392281,DOWNTOWN,1
55,87.0.1,392282,DOWNTOWN,1
55,87.0.1,392283,DOWNTOWN,1
55,87.0.1,392284,DOWNTOWN,1
55,87.0.1,392285,DOWNTOWN,1
55,87.0.1,392286,DOWNTOWN,1
55,87.0.1,392287,DOWNTOWN,1
55,87.0.1,392288,DOWNTOWN,1
55,87.0.1,392289,DOWNTOWN,1
55,87.0.1,392290,DOWNTOWN,1
55,87.3.1,392222,DOWNTOWN,1
55,87.3.1,392229,DOWNTOWN,1
55,87.0.1,392291,DOWNTOWN,1
55,87.0.1,392292,DOWNTOWN,1
55,87.0.1,392293,DOWNTOWN,1
55,87.0.1,392294,DOWNTOWN,1
55,87.0.1,392295,DOWNTOWN,1
55,87.0.1,392296,DOWNTOWN,1
55,87.0.1,392297,DOWNTOWN,1
55,87.0.1,392298,DOWNTOWN,1
55,87.0.1,392299,DOWNTOWN,1
55,87.0.1,392300,DOWNTOWN,1
55,87.0.1,392301,DOWNTOWN,1
55,87.0.1,392302,DOWNTOWN,1
55,87.0.1,392218,DOWNTOWN,1
55,87.0.1,392219,DOWNTOWN,1
55,87.0.1,392220,DOWNTOWN,1
55,87.0.1,392221,DOWNTOWN,1
55,87.0.1,392233,DOWNTOWN,1
55,87.0.1,392234,DOWNTOWN,1
55,87.0.1,392235,DOWNTOWN,1
55,87.0.1,392236,DOWNTOWN,1
55,87.0.1,392237,DOWNTOWN,1
55,87.0.1,392238,DOWNTOWN,1
55,87.0.1,392239,DOWNTOWN,1
55,87.0.1,392240,DOWNTOWN,1
55,87.0.1,392241,DOWNTOWN,1
55,87.0.1,392242,DOWNTOWN,1
55,87.0.1,392243,DOWNTOWN,1
55,87.0.1,392223,DOWNTOWN,1
55,87.0.1,392224,DOWNTOWN,1
55,87.0.1,392225,DOWNTOWN,1
55,87.0.1,392226,DOWNTOWN,1
55,87.0.1,392230,DOWNTOWN,1
55,87.0.1,392228,DOWNTOWN,1
55,87.0.1,392231,DOWNTOWN,1
55,87.0.1,392232,DOWNTOWN,1
56,87.0.1,392637,RIVERGATE,0
56,87.0.1,392638,RIVERGATE,0
56,87.0.1,392639,RIVERGATE,0
56,87.0.1,392640,RIVERGATE,0
56,87.0.1,392641,RIVERGATE,0
56,87.0.1,392642,RIVERGATE,0
56,87.0.1,392643,RIVERGATE,0
56,87.0.1,392644,RIVERGATE,0
56,87.0.1,392645,RIVERGATE,0
56,87.0.1,392646,RIVERGATE,0
56,87.9.1,392721,TO MEIGS MAGNET,0
56,87.0.1,392647,RIVERGATE,0
56,87.0.1,392648,RIVERGATE,0
56,87.0.1,392649,RIVERGATE,0
56,87.0.1,392650,RIVERGATE,0
56,87.0.1,392651,RIVERGATE,0
56,87.0.1,392652,RIVERGATE,0
56,87.0.1,392653,RIVERGATE,0
56,87.0.1,392654,RIVERGATE,0
56,87.0.1,392655,RIVERGATE,0
56,87.0.1,392656,RIVERGATE,0
56,87.0.1,392657,RIVERGATE,0
56,87.0.1,392658,RIVERGATE,0
56,87.0.1,392659,RIVERGATE,0
56,87.0.1,392660,RIVERGATE,0
56,87.0.1,392661,RIVERGATE,0
56,87.0.1,392662,RIVERGATE,0
56,87.0.1,392663,RIVERGATE,0
56,87.0.1,392664,RIVERGATE,0
56,87.0.1,392665,RIVERGATE,0
56,87.0.1,392666,RIVERGATE,0
56,87.0.1,392667,RIVERGATE,0
56,87.0.1,392668,RIVERGATE,0
56,87.0.1,392669,RIVERGATE,0
56,87.0.1,392670,RIVERGATE,0
56,87.0.1,392671,RIVERGATE,0
56,87.0.1,392672,RIVERGATE,0
56,87.0.1,392673,RIVERGATE,0
56,87.0.1,392674,RIVERGATE,0
56,87.0.1,392675,RIVERGATE,0
56,87.0.1,392676,RIVERGATE,0
56,87.0.1,392677,RIVERGATE,0
56,87.0.1,392678,RIVERGATE,0
56,87.0.1,392679,RIVERGATE,0
56,87.0.1,392680,RIVERGATE,0
56,87.0.1,392681,RIVERGATE,0
56,87.0.1,392682,RIVERGATE,0
56,87.0.1,392683,RIVERGATE,0
56,87.0.1,392684,RIVERGATE,0
56,87.0.1,392685,RIVERGATE,0
56,87.0.1,392686,RIVERGATE,0
56,87.0.1,392687,RIVERGATE,0
56,87.0.1,392688,RIVERGATE,0
56,87.0.1,392689,RIVERGATE,0
56,87.0.1,392690,RIVERGATE,0
56,87.0.1,392691,RIVERGATE,0
56,87.0.1,392692,RIVERGATE,0
56,87.0.1,392693,RIVERGATE,0
56,87.0.1,392694,RIVERGATE,0
56,87.0.1,392695,RIVERGATE,0
56,87.0.1,392696,RIVERGATE,0
56,87.0.1,392697,RIVERGATE,0
56,87.0.1,392698,RIVERGATE,0
56,87.0.1,392699,RIVERGATE,0
56,87.0.1,392700,RIVERGATE,0
56,87.0.1,392701,RIVERGATE,0
56,87.0.1,392702,RIVERGATE,0
56,87.0.1,392703,RIVERGATE,0
56,87.91.1,392704,RIVERGATE,0
56,87.91.1,392705,RIVERGATE,0
56,87.91.1,392706,RIVERGATE,0
56,87.91.1,392707,RIVERGATE,0
56,87.91.1,392708,RIVERGATE,0
56,87.91.1,392709,RIVERGATE,0
56,87.91.1,392710,RIVERGATE,0
56,87.91.1,392711,RIVERGATE,0
56,87.91.1,392712,RIVERGATE,0
56,87.91.1,392713,RIVERGATE,0
56,87.91.1,392714,RIVERGATE,0
56,87.91.1,392715,RIVERGATE,0
56,87.91.1,392716,RIVERGATE,0
56,87.91.1,392726,RIVERGATE,0
56,87.91.1,392727,RIVERGATE,0
56,87.91.1,392728,RIVERGATE,0
56,87.91.1,392729,RIVERGATE,0
56,87.91.1,392730,RIVERGATE,0
56,87.91.1,392731,RIVERGATE,0
56,87.91.1,392732,RIVERGATE,0
56,87.91.1,392733,RIVERGATE,0
56,87.91.1,392734,RIVERGATE,0
56,87.91.1,392735,RIVERGATE,0
56,87.91.1,392736,RIVERGATE,0
56,87.91.1,392717,RIVERGATE,0
56,87.91.1,392718,RIVERGATE,0
56,87.91.1,392719,RIVERGATE,0
56,87.91.1,392720,RIVERGATE,0
56,87.91.1,392723,RIVERGATE,0
56,87.91.1,392722,RIVERGATE,0
56,87.91.1,392724,RIVERGATE,0
56,87.91.1,392725,RIVERGATE,0
56,87.0.1,392769,DOWNTOWN,1
56,87.0.1,392770,DOWNTOWN,1
56,87.0.1,392771,DOWNTOWN,1
56,87.0.1,392772,DOWNTOWN,1
56,87.0.1,392773,DOWNTOWN,1
56,87.0.1,392774,DOWNTOWN,1
56,87.0.1,392775,DOWNTOWN,1
56,87.0.1,392776,DOWNTOWN,1
56,87.0.1,392777,DOWNTOWN,1
56,87.0.1,392778,DOWNTOWN,1
56,87.0.1,392779,DOWNTOWN,1
56,87.0.1,392780,DOWNTOWN,1
56,87.0.1,392781,DOWNTOWN,1
56,87.0.1,392782,DOWNTOWN,1
56,87.0.1,392783,DOWNTOWN,1
56,87.0.1,392784,DOWNTOWN,1
56,87.0.1,392785,DOWNTOWN,1
56,87.0.1,392786,DOWNTOWN,1
56,87.0.1,392787,DOWNTOWN,1
56,87.0.1,392788,DOWNTOWN,1
56,87.0.1,392789,DOWNTOWN,1
56,87.0.1,392790,DOWNTOWN,1
56,87.0.1,392791,DOWNTOWN,1
56,87.0.1,392792,DOWNTOWN,1
56,87.0.1,392793,DOWNTOWN,1
56,87.0.1,392794,DOWNTOWN,1
56,87.0.1,392795,DOWNTOWN,1
56,87.0.1,392796,DOWNTOWN,1
56,87.0.1,392797,DOWNTOWN,1
56,87.0.1,392798,DOWNTOWN,1
56,87.0.1,392799,DOWNTOWN,1
56,87.0.1,392800,DOWNTOWN,1
56,87.0.1,392801,DOWNTOWN,1
56,87.0.1,392802,DOWNTOWN,1
56,87.0.1,392803,DOWNTOWN,1
56,87.0.1,392804,DOWNTOWN,1
56,87.0.1,392805,DOWNTOWN,1
56,87.0.1,392806,DOWNTOWN,1
56,87.0.1,392807,DOWNTOWN,1
56,87.0.1,392808,DOWNTOWN,1
56,87.1.1,392854,DOWNTOWN,1
56,87.1.1,392855,DOWNTOWN,1
56,87.0.1,392809,DOWNTOWN,1
56,87.0.1,392810,DOWNTOWN,1
56,87.0.1,392811,DOWNTOWN,1
56,87.0.1,392812,DOWNTOWN,1
56,87.0.1,392813,DOWNTOWN,1
56,87.0.1,392814,DOWNTOWN,1
56,87.0.1,392815,DOWNTOWN,1
56,87.0.1,392816,DOWNTOWN,1
56,87.0.1,392817,DOWNTOWN,1
56,87.0.1,392818,DOWNTOWN,1
56,87.0.1,392819,DOWNTOWN,1
56,87.0.1,392820,DOWNTOWN,1
56,87.0.1,392821,DOWNTOWN,1
56,87.0.1,392822,DOWNTOWN,1
56,87.0.1,392823,DOWNTOWN,1
56,87.0.1,392824,DOWNTOWN,1
56,87.0.1,392825,DOWNTOWN,1
56,87.0.1,392826,DOWNTOWN,1
56,87.0.1,392827,DOWNTOWN,1
56,87.0.1,392828,DOWNTOWN,1
56,87.0.1,392829,DOWNTOWN,1
56,87.0.1,392830,DOWNTOWN,1
56,87.3.1,392853,DOWNTOWN,1
56,87.3.1,392858,DOWNTOWN,1
56,87.0.1,392831,DOWNTOWN,1
56,87.0.1,392832,DOWNTOWN,1
56,87.0.1,392833,DOWNTOWN,1
56,87.0.1,392834,DOWNTOWN,1
56,87.0.1,392835,DOWNTOWN,1
56,87.0.1,392836,DOWNTOWN,1
56,87.0.1,392837,DOWNTOWN,1
56,87.91.1,392838,DOWNTOWN,1
56,87.91.1,392839,DOWNTOWN,1
56,87.91.1,392840,DOWNTOWN,1
56,87.91.1,392841,DOWNTOWN,1
56,87.91.1,392842,DOWNTOWN,1
56,87.91.1,392843,DOWNTOWN,1
56,87.91.1,392844,DOWNTOWN,1
56,87.91.1,392845,DOWNTOWN,1
56,87.91.1,392846,DOWNTOWN,1
56,87.91.1,392847,DOWNTOWN,1
56,87.91.1,392848,DOWNTOWN,1
56,87.91.1,392861,DOWNTOWN,1
56,87.91.1,392862,DOWNTOWN,1
56,87.91.1,392863,DOWNTOWN,1
56,87.91.1,392864,DOWNTOWN,1
56,87.91.1,392865,DOWNTOWN,1
56,87.91.1,392866,DOWNTOWN,1
56,87.91.1,392867,DOWNTOWN,1
56,87.91.1,392868,DOWNTOWN,1
56,87.91.1,392869,DOWNTOWN,1
56,87.91.1,392870,DOWNTOWN,1
56,87.91.1,392871,DOWNTOWN,1
56,87.91.1,392849,DOWNTOWN,1
56,87.91.1,392850,DOWNTOWN,1
56,87.91.1,392851,DOWNTOWN,1
56,87.91.1,392852,DOWNTOWN,1
56,87.91.1,392857,DOWNTOWN,1
56,87.91.1,392856,DOWNTOWN,1
56,87.91.1,392859,DOWNTOWN,1
56,87.91.1,392860,DOWNTOWN,1
6,87.0.1,393361,HERMITAGE STATION,0
6,87.0.1,393362,HERMITAGE STATION,0
6,87.0.1,393363,HERMITAGE STATION,0
6,87.9.1,393396,DONELSON - MCGAVOCK HS,0
6,87.0.1,393387,HERMITAGE STATION,0
6,87.0.1,393364,HERMITAGE STATION,0
6,87.0.1,393395,HERMITAGE STATION,0
6,87.0.1,393388,HERMITAGE STATION,0
6,87.0.1,393365,HERMITAGE STATION,0
6,87.0.1,393389,HERMITAGE STATION,0
6,87.0.1,393366,HERMITAGE STATION,0
6,87.0.1,393390,HERMITAGE STATION,0
6,87.0.1,393367,HERMITAGE STATION,0
6,87.0.1,393391,HERMITAGE STATION,0
6,87.0.1,393368,HERMITAGE STATION,0
6,87.0.1,393392,HERMITAGE STATION,0
6,87.0.1,393369,HERMITAGE STATION,0
6,87.0.1,393393,HERMITAGE STATION,0
6,87.0.1,393370,HERMITAGE STATION,0
6,87.0.1,393394,HERMITAGE STATION,0
6,87.0.1,393371,HERMITAGE STATION,0
6,87.0.1,393372,HERMITAGE STATION,0
6,87.0.1,393373,HERMITAGE STATION,0
6,87.0.1,393374,HERMITAGE STATION,0
6,87.0.1,393377,HERMITAGE STATION - CENTRAL PIKE,0
6,87.0.1,393380,HERMITAGE STATION - CENTRAL PIKE,0
6,87.0.1,393375,HERMITAGE STATION - CENTRAL PIKE,0
6,87.0.1,393378,HERMITAGE STATION,0
6,87.0.1,393381,HERMITAGE STATION - CENTRAL PIKE,0
6,87.0.1,393376,HERMITAGE STATION - CENTRAL PIKE,0
6,87.0.1,393379,HERMITAGE STATION,0
6,87.0.1,393382,HERMITAGE STATION,0
6,87.0.1,393383,HERMITAGE STATION,0
6,87.0.1,393384,HERMITAGE STATION,0
6,87.0.1,393385,HERMITAGE STATION,0
6,87.0.1,393386,HERMITAGE STATION - CENTRAL PIKE,0
6,87.0.1,393397,HERMITAGE STATION - CENTRAL PIKE,0
6,87.0.1,393398,DOWNTOWN,1
6,87.0.1,393399,DOWNTOWN,1
6,87.0.1,393400,DOWNTOWN,1
6,87.0.1,393401,DOWNTOWN,1
6,87.0.1,393402,DOWNTOWN,1
6,87.0.1,393432,DOWNTOWN,1
6,87.0.1,393425,DOWNTOWN,1
6,87.0.1,393403,DOWNTOWN,1
6,87.0.1,393433,DOWNTOWN,1
6,87.0.1,393430,DOWNTOWN,1
6,87.0.1,393404,DOWNTOWN,1
6,87.0.1,393431,DOWNTOWN,1
6,87.0.1,393405,DOWNTOWN,1
6,87.0.1,393426,DOWNTOWN,1
6,87.1.1,393436,DOWNTOWN,1
6,87.0.1,393406,DOWNTOWN,1
6,87.0.1,393427,DOWNTOWN,1
6,87.0.1,393407,DOWNTOWN,1
6,87.0.1,393428,DOWNTOWN,1
6,87.0.1,393408,DOWNTOWN,1
6,87.0.1,393429,DOWNTOWN,1
6,87.0.1,393409,DOWNTOWN,1
6,87.0.1,393410,DOWNTOWN,1
6,87.3.1,393434,DOWNTOWN,1
6,87.0.1,393411,DOWNTOWN,1
6,87.0.1,393412,DOWNTOWN,1
6,87.0.1,393413,DOWNTOWN,1
6,87.0.1,393414,DOWNTOWN,1
6,87.0.1,393415,DOWNTOWN,1
6,87.0.1,393416,DOWNTOWN,1
6,87.0.1,393417,DOWNTOWN,1
6,87.0.1,393418,DOWNTOWN,1
6,87.0.1,393419,DOWNTOWN,1
6,87.0.1,393420,DOWNTOWN,1
6,87.0.1,393421,DOWNTOWN,1
6,87.0.1,393422,DOWNTOWN,1
6,87.0.1,393423,DOWNTOWN,1
6,87.0.1,393424,DOWNTOWN,1
6,87.0.1,393435,DOWNTOWN,1
64,87.0.1,393511,BICENTENNIAL MALL,0
64,87.0.1,393512,BICENTENNIAL MALL,0
64,87.0.1,393513,BICENTENNIAL MALL,0
64,87.0.1,393514,BICENTENNIAL MALL,0
64,87.0.1,393515,BICENTENNIAL MALL,0
64,87.0.1,393516,RIVERFRONT STATION,1
64,87.0.1,393517,RIVERFRONT STATION,1
64,87.0.1,393518,RIVERFRONT STATION,1
7,87.0.1,393527,GREEN HILLS,0
7,87.0.1,393528,GREEN HILLS,0
7,87.0.1,393529,GREEN HILLS,0
7,87.0.1,393530,GREEN HILLS,0
7,87.0.1,393533,GREEN HILLS,0
7,87.0.1,393534,GREEN HILLS,0
7,87.0.1,393535,GREEN HILLS,0
7,87.0.1,393536,GREEN HILLS,0
7,87.0.1,393537,GREEN HILLS,0
7,87.0.1,393538,GREEN HILLS,0
7,87.0.1,393539,GREEN HILLS,0
7,87.0.1,393540,GREEN HILLS,0
7,87.0.1,393556,GREEN HILLS,0
7,87.0.1,393557,GREEN HILLS,0
7,87.0.1,393558,GREEN HILLS,0
7,87.0.1,393559,GREEN HILLS,0
7,87.0.1,393560,GREEN HILLS,0
7,87.0.1,393561,GREEN HILLS,0
7,87.0.1,393562,GREEN HILLS,0
7,87.0.1,393563,GREEN HILLS,0
7,87.0.1,393564,GREEN HILLS,0
7,87.0.1,393565,GREEN HILLS,0
7,87.0.1,393566,GREEN HILLS,0
7,87.0.1,393567,GREEN HILLS,0
7,87.0.1,393568,GREEN HILLS,0
7,87.0.1,393569,GREEN HILLS,0
7,87.0.1,393570,GREEN HILLS,0
7,87.0.1,393571,GREEN HILLS,0
7,87.0.1,393572,GREEN HILLS,0
7,87.0.1,393573,GREEN HILLS,0
7,87.0.1,393574,GREEN HILLS,0
7,87.0.1,393575,GREEN HILLS,0
7,87.0.1,393576,GREEN HILLS,0
7,87.0.1,393577,GREEN HILLS,0
7,87.0.1,393578,GREEN HILLS,0
7,87.0.1,393579,GREEN HILLS,0
7,87.0.1,393580,GREEN HILLS,0
7,87.0.1,393581,GREEN HILLS,0
7,87.0.1,393582,GREEN HILLS,0
7,87.0.1,393541,GREEN HILLS,0
7,87.0.1,393542,GREEN HILLS,0
7,87.0.1,393543,GREEN HILLS,0
7,87.0.1,393544,GREEN HILLS,0
7,87.0.1,393545,GREEN HILLS,0
7,87.0.1,393546,GREEN HILLS,0
7,87.0.1,393547,GREEN HILLS,0
7,87.0.1,393548,GREEN HILLS,0
7,87.0.1,393549,GREEN HILLS,0
7,87.0.1,393550,GREEN HILLS,0
7,87.0.1,393551,GREEN HILLS,0
7,87.0.1,393552,GREEN HILLS,0
7,87.0.1,393531,GREEN HILLS,0
7,87.0.1,393586,GREEN HILLS,0
7,87.0.1,393587,GREEN HILLS,0
7,87.0.1,393588,GREEN HILLS,0
7,87.0.1,393589,GREEN HILLS,0
7,87.0.1,393590,GREEN HILLS,0
7,87.0.1,393591,GREEN HILLS,0
7,87.0.1,393592,GREEN HILLS,0
7,87.0.1,393593,GREEN HILLS,0
7,87.0.1,393594,GREEN HILLS,0
7,87.0.1,393595,GREEN HILLS,0
7,87.0.1,393596,GREEN HILLS,0
7,87.0.1,393554,GREEN HILLS,0
7,87.0.1,393555,GREEN HILLS,0
7,87.0.1,393532,GREEN HILLS,0
7,87.0.1,393584,GREEN HILLS,0
7,87.0.1,393553,GREEN HILLS,0
7,87.0.1,393585,GREEN HILLS,0
7,87.0.1,393583,GREEN HILLS,0
7,87.0.1,393597,DOWNTOWN,1
7,87.0.1,393599,DOWNTOWN,1
7,87.0.1,393598,DOWNTOWN,1
7,87.0.1,393602,DOWNTOWN,1
7,87.0.1,393603,DOWNTOWN,1
7,87.0.1,393604,DOWNTOWN,1
7,87.0.1,393605,DOWNTOWN,1
7,87.0.1,393606,DOWNTOWN,1
7,87.0.1,393607,DOWNTOWN,1
7,87.0.1,393620,DOWNTOWN,1
7,87.0.1,393621,DOWNTOWN,1
7,87.0.1,393622,DOWNTOWN,1
7,87.0.1,393623,DOWNTOWN,1
7,87.0.1,393624,DOWNTOWN,1
7,87.0.1,393625,DOWNTOWN,1
7,87.0.1,393626,DOWNTOWN,1
7,87.0.1,393627,DOWNTOWN,1
7,87.0.1,393628,DOWNTOWN,1
7,87.0.1,393629,DOWNTOWN,1
7,87.0.1,393630,DOWNTOWN,1
7,87.0.1,393631,DOWNTOWN,1
7,87.0.1,393632,DOWNTOWN,1
7,87.0.1,393633,DOWNTOWN,1
7,87.0.1,393634,DOWNTOWN,1
7,87.0.1,393635,DOWNTOWN,1
7,87.0.1,393636,DOWNTOWN,1
7,87.0.1,393637,DOWNTOWN,1
7,87.0.1,393638,DOWNTOWN,1
7,87.0.1,393639,DOWNTOWN,1
7,87.0.1,393640,DOWNTOWN,1
7,87.0.1,393641,DOWNTOWN,1
7,87.0.1,393642,DOWNTOWN,1
7,87.0.1,393643,DOWNTOWN,1
7,87.0.1,393644,DOWNTOWN,1
7,87.0.1,393645,DOWNTOWN,1
7,87.0.1,393646,DOWNTOWN,1
7,87.3.1,393601,DOWNTOWN,1
7,87.0.1,393647,DOWNTOWN,1
7,87.0.1,393608,DOWNTOWN,1
7,87.0.1,393609,DOWNTOWN,1
7,87.0.1,393610,DOWNTOWN,1
7,87.0.1,393611,DOWNTOWN,1
7,87.0.1,393612,DOWNTOWN,1
7,87.0.1,393613,DOWNTOWN,1
7,87.0.1,393614,DOWNTOWN,1
7,87.0.1,393615,DOWNTOWN,1
7,87.0.1,393616,DOWNTOWN,1
7,87.0.1,393617,DOWNTOWN,1
7,87.0.1,393618,DOWNTOWN,1
7,87.0.1,393651,DOWNTOWN,1
7,87.0.1,393652,DOWNTOWN,1
7,87.0.1,393653,DOWNTOWN,1
7,87.0.1,393654,DOWNTOWN,1
7,87.0.1,393655,DOWNTOWN,1
7,87.0.1,393656,DOWNTOWN,1
7,87.0.1,393657,DOWNTOWN,1
7,87.0.1,393658,DOWNTOWN,1
7,87.0.1,393659,DOWNTOWN,1
7,87.0.1,393660,DOWNTOWN,1
7,87.0.1,393661,DOWNTOWN,1
7,87.0.1,393662,DOWNTOWN,1
7,87.0.1,393663,DOWNTOWN,1
7,87.0.1,393664,DOWNTOWN,1
7,87.0.1,393600,DOWNTOWN,1
7,87.0.1,393649,DOWNTOWN,1
7,87.0.1,393619,DOWNTOWN,1
7,87.0.1,393650,DOWNTOWN,1
7,87.0.1,393648,DOWNTOWN,1
70,87.0.1,393871,TO CHARLOTTE PIKE,0
70,87.0.1,393872,TO CHARLOTTE PIKE,0
70,87.0.1,393873,TO CHARLOTTE PIKE,0
70,87.0.1,393874,TO CHARLOTTE PIKE,0
70,87.0.1,393875,TO CHARLOTTE PIKE,0
70,87.0.1,393876,TO CHARLOTTE PIKE,0
70,87.0.1,393877,TO CHARLOTTE PIKE,0
70,87.0.1,393878,TO CHARLOTTE PIKE,0
70,87.0.1,393879,TO CHARLOTTE PIKE,0
70,87.0.1,393880,TO CHARLOTTE PIKE,0
70,87.0.1,393881,TO CHARLOTTE PIKE,0
70,87.0.1,393882,TO CHARLOTTE PIKE,0
70,87.0.1,393883,TO BELLEVUE,1
70,87.0.1,393884,TO BELLEVUE,1
70,87.0.1,393885,TO BELLEVUE,1
70,87.0.1,393886,TO BELLEVUE,1
70,87.0.1,393887,TO BELLEVUE,1
70,87.0.1,393888,TO BELLEVUE,1
70,87.0.1,393889,TO BELLEVUE,1
70,87.0.1,393890,TO BELLEVUE,1
70,87.0.1,393891,TO BELLEVUE,1
70,87.0.1,393892,TO BELLEVUE,1
70,87.0.1,393893,TO BELLEVUE,1
70,87.0.1,393894,TO BELLEVUE,1
71,87.0.1,393895,GALLATIN PK - GREENFIELD STATION,0
71,87.0.1,393896,GALLATIN PK - GREENFIELD STATION,0
71,87.0.1,393897,GALLATIN PK - GREENFIELD STATION,0
71,87.0.1,393898,GALLATIN PK - GREENFIELD STATION,0
71,87.0.1,393899,GALLATIN PK - GREENFIELD STATION,0
71,87.0.1,393900,GALLATIN PK - GREENFIELD STATION,0
71,87.0.1,393901,GALLATIN PK - GREENFIELD STATION,0
71,87.0.1,393902,GALLATIN PK - GREENFIELD STATION,0
71,87.0.1,393903,GALLATIN PK - GREENFIELD STATION,0
71,87.0.1,393904,GALLATIN PK - GREENFIELD STATION,0
71,87.0.1,393905,GALLATIN PK - GREENFIELD STATION,0
71,87.0.1,393906,GALLATIN PK - GREENFIELD STATION,0
71,87.0.1,393907,GALLATIN PK - GREENFIELD STATION,0
71,87.0.1,393908,GALLATIN PK - GREENFIELD STATION,0
71,87.0.1,393909,GALLATIN PK - GREENFIELD STATION,0
71,87.0.1,393910,GALLATIN PK - GREENFIELD STATION,0
71,87.0.1,393911,GALLATIN PK - GREENFIELD STATION,0
71,87.0.1,393912,GALLATIN PK - GREENFIELD STATION,0
71,87.0.1,393913,GALLATIN PK - GREENFIELD STATION,0
71,87.0.1,393914,GALLATIN PK - GREENFIELD STATION,0
71,87.0.1,393915,GALLATIN PK - GREENFIELD STATION,0
71,87.0.1,393916,GALLATIN PK - GREENFIELD STATION,0
71,87.0.1,393917,GALLATIN PK - GREENFIELD STATION,0
71,87.0.1,393918,GALLATIN PK - GREENFIELD STATION,0
71,87.0.1,393919,GALLATIN PK - GREENFIELD STATION,0
71,87.0.1,393920,GALLATIN PK - GREENFIELD STATION,0
71,87.0.1,393921,GALLATIN PK - GREENFIELD STATION,0
71,87.0.1,393922,GALLATIN PK - GREENFIELD STATION,0
71,87.0.1,393923,GALLATIN PK - GREENFIELD STATION,0
71,87.0.1,393924,GALLATIN PK - GREENFIELD STATION,0
71,87.0.1,393925,GALLATIN PK - GREENFIELD STATION,0
71,87.0.1,393926,GALLATIN PK - GREENFIELD STATION,0
71,87.0.1,393959,NORTH NASHVILLE,1
71,87.0.1,393927,NORTH NASHVILLE,1
71,87.0.1,393928,NORTH NASHVILLE,1
71,87.0.1,393929,NORTH NASHVILLE,1
71,87.0.1,393930,NORTH NASHVILLE,1
71,87.0.1,393931,NORTH NASHVILLE,1
71,87.0.1,393932,NORTH NASHVILLE,1
71,87.0.1,393933,NORTH NASHVILLE,1
71,87.0.1,393934,NORTH NASHVILLE,1
71,87.0.1,393935,NORTH NASHVILLE,1
71,87.0.1,393936,NORTH NASHVILLE,1
71,87.0.1,393937,NORTH NASHVILLE,1
71,87.0.1,393938,NORTH NASHVILLE,1
71,87.0.1,393939,NORTH NASHVILLE,1
71,87.0.1,393940,NORTH NASHVILLE,1
71,87.0.1,393941,NORTH NASHVILLE,1
71,87.0.1,393942,NORTH NASHVILLE,1
71,87.0.1,393943,NORTH NASHVILLE,1
71,87.0.1,393944,NORTH NASHVILLE,1
71,87.0.1,393945,NORTH NASHVILLE,1
71,87.0.1,393946,NORTH NASHVILLE,1
71,87.0.1,393947,NORTH NASHVILLE,1
71,87.0.1,393948,NORTH NASHVILLE,1
71,87.0.1,393949,NORTH NASHVILLE,1
71,87.0.1,393950,NORTH NASHVILLE,1
71,87.0.1,393951,NORTH NASHVILLE,1
71,87.0.1,393952,NORTH NASHVILLE,1
71,87.0.1,393953,NORTH NASHVILLE,1
71,87.0.1,393954,NORTH NASHVILLE,1
71,87.0.1,393955,NORTH NASHVILLE,1
71,87.0.1,393956,NORTH NASHVILLE,1
71,87.0.1,393957,NORTH NASHVILLE,1
71,87.0.1,393958,NORTH NASHVILLE,1
75,87.0.1,394066,NORTH NASHVILLE,0
75,87.0.1,394067,NORTH NASHVILLE,0
75,87.0.1,394068,NORTH NASHVILLE,0
75,87.0.1,394069,NORTH NASHVILLE,0
75,87.0.1,394070,NORTH NASHVILLE,0
75,87.0.1,394071,NORTH NASHVILLE,0
75,87.0.1,394072,NORTH NASHVILLE,0
75,87.0.1,394073,NORTH NASHVILLE,0
75,87.0.1,394074,NORTH NASHVILLE,0
75,87.0.1,394075,NORTH NASHVILLE,0
75,87.0.1,394076,NORTH NASHVILLE,0
75,87.0.1,394077,NORTH NASHVILLE,0
75,87.0.1,394078,NORTH NASHVILLE,0
75,87.0.1,394079,NORTH NASHVILLE,0
75,87.0.1,394080,NORTH NASHVILLE,0
75,87.0.1,394081,NORTH NASHVILLE,0
75,87.0.1,394082,NORTH NASHVILLE,0
75,87.0.1,394083,NORTH NASHVILLE,0
75,87.0.1,394084,NORTH NASHVILLE,0
75,87.0.1,394085,NORTH NASHVILLE,0
75,87.0.1,394086,NORTH NASHVILLE,0
75,87.0.1,394087,NORTH NASHVILLE,0
75,87.0.1,394088,NORTH NASHVILLE,0
75,87.0.1,394089,NORTH NASHVILLE,0
75,87.0.1,394090,NORTH NASHVILLE,0
75,87.0.1,394091,NORTH NASHVILLE,0
75,87.0.1,394092,NORTH NASHVILLE,0
75,87.0.1,394093,NORTH NASHVILLE,0
75,87.0.1,394094,NORTH NASHVILLE,0
75,87.0.1,394095,NORTH NASHVILLE,0
75,87.0.1,394096,NORTH NASHVILLE,0
75,87.0.1,394097,NORTH NASHVILLE,0
75,87.0.1,394098,NORTH NASHVILLE,0
75,87.0.1,394099,NORTH NASHVILLE,0
75,87.0.1,394100,NORTH NASHVILLE,0
75,87.0.1,394101,NORTH NASHVILLE,0
75,87.0.1,394102,NORTH NASHVILLE,0
75,87.0.1,394103,NORTH NASHVILLE,0
75,87.0.1,394104,NORTH NASHVILLE,0
75,87.0.1,394105,NORTH NASHVILLE,0
75,87.0.1,394147,EDGEHILL - NAPIER,1
75,87.0.1,394106,EDGEHILL - NAPIER,1
75,87.0.1,394107,EDGEHILL - NAPIER,1
75,87.0.1,394108,EDGEHILL - NAPIER,1
75,87.0.1,394109,EDGEHILL - NAPIER,1
75,87.0.1,394110,EDGEHILL - NAPIER,1
75,87.0.1,394111,EDGEHILL - NAPIER,1
75,87.0.1,394112,EDGEHILL - NAPIER,1
75,87.0.1,394113,EDGEHILL - NAPIER,1
75,87.0.1,394114,EDGEHILL - NAPIER,1
75,87.0.1,394115,EDGEHILL - NAPIER,1
75,87.0.1,394116,EDGEHILL - NAPIER,1
75,87.0.1,394117,EDGEHILL - NAPIER,1
75,87.0.1,394118,EDGEHILL - NAPIER,1
75,87.0.1,394119,EDGEHILL - NAPIER,1
75,87.0.1,394120,EDGEHILL - NAPIER,1
75,87.0.1,394121,EDGEHILL - NAPIER,1
75,87.0.1,394122,EDGEHILL - NAPIER,1
75,87.0.1,394123,EDGEHILL - NAPIER,1
75,87.0.1,394124,EDGEHILL - NAPIER,1
75,87.0.1,394125,EDGEHILL - NAPIER,1
75,87.0.1,394126,EDGEHILL - NAPIER,1
75,87.0.1,394127,EDGEHILL - NAPIER,1
75,87.0.1,394128,EDGEHILL - NAPIER,1
75,87.0.1,394129,EDGEHILL - NAPIER,1
75,87.0.1,394130,EDGEHILL - NAPIER,1
75,87.0.1,394131,EDGEHILL - NAPIER,1
75,87.0.1,394132,EDGEHILL - NAPIER,1
75,87.0.1,394133,EDGEHILL - NAPIER,1
75,87.0.1,394134,EDGEHILL - NAPIER,1
75,87.0.1,394135,EDGEHILL - NAPIER,1
75,87.0.1,394136,EDGEHILL - NAPIER,1
75,87.0.1,394137,EDGEHILL - NAPIER,1
75,87.0.1,394138,EDGEHILL - NAPIER,1
75,87.0.1,394139,EDGEHILL - NAPIER,1
75,87.0.1,394140,EDGEHILL - NAPIER,1
75,87.0.1,394141,EDGEHILL - NAPIER,1
75,87.0.1,394142,EDGEHILL - NAPIER,1
75,87.0.1,394143,EDGEHILL - NAPIER,1
75,87.0.1,394144,EDGEHILL - NAPIER,1
75,87.0.1,394145,EDGEHILL - NAPIER,1
75,87.0.1,394146,EDGEHILL - NAPIER,1
76,87.0.1,394286,MADISON,0
76,87.0.1,394287,MADISON,0
76,87.0.1,394288,MADISON,0
76,87.0.1,394322,MADISON,0
76,87.0.1,394289,MADISON,0
76,87.0.1,394290,MADISON,0
76,87.0.1,394291,MADISON,0
76,87.0.1,394292,MADISON,0
76,87.0.1,394293,MADISON,0
76,87.0.1,394294,MADISON,0
76,87.0.1,394295,MADISON,0
76,87.0.1,394296,MADISON,0
76,87.0.1,394298,MADISON,0
76,87.0.1,394299,MADISON,0
76,87.0.1,394300,MADISON,0
76,87.0.1,394301,MADISON,0
76,87.0.1,394302,MADISON,0
76,87.0.1,394303,MADISON,0
76,87.0.1,394304,MADISON,0
76,87.0.1,394305,MADISON,0
76,87.0.1,394306,MADISON,0
76,87.0.1,394307,MADISON,0
76,87.0.1,394308,MADISON,0
76,87.0.1,394309,MADISON,0
76,87.0.1,394310,MADISON,0
76,87.0.1,394311,MADISON,0
76,87.0.1,394312,MADISON,0
76,87.0.1,394313,MADISON,0
76,87.0.1,394314,MADISON,0
76,87.0.1,394315,MADISON,0
76,87.0.1,394316,MADISON,0
76,87.0.1,394317,MADISON,0
76,87.0.1,394318,MADISON,0
76,87.0.1,394319,MADISON,0
76,87.0.1,394320,MADISON,0
76,87.0.1,394321,MADISON,0
76,87.0.1,394297,MADISON,0
77,87.0.1,394369,GLASTONBURY,0
77,87.0.1,394373,GLASTONBURY,0
77,87.0.1,394370,GLASTONBURY,0
77,87.0.1,394374,GLASTONBURY,0
77,87.0.1,394371,GLASTONBURY,0
77,87.0.1,394375,GLASTONBURY,0
77,87.0.1,394376,GLASTONBURY,0
77,87.0.1,394377,GLASTONBURY,0
77,87.0.1,394378,GLASTONBURY,0
77,87.0.1,394379,GLASTONBURY,0
77,87.0.1,394380,GLASTONBURY,0
77,87.0.1,394381,GLASTONBURY,0
77,87.0.1,394382,GLASTONBURY,0
77,87.0.1,394383,GLASTONBURY,0
77,87.0.1,394384,GLASTONBURY,0
77,87.0.1,394385,GLASTONBURY,0
77,87.0.1,394386,GLASTONBURY,0
77,87.3.1,394396,NORTH NASHVILLE,0
77,87.0.1,394387,GLASTONBURY,0
77,87.0.1,394388,GLASTONBURY,0
77,87.0.1,394389,GLASTONBURY,0
77,87.0.1,394390,GLASTONBURY,0
77,87.0.1,394391,GLASTONBURY,0
77,87.0.1,394392,GLASTONBURY,0
77,87.0.1,394393,GLASTONBURY,0
77,87.0.1,394394,GLASTONBURY,0
77,87.0.1,394395,GLASTONBURY,0
77,87.0.1,394372,GLASTONBURY,0
77,87.0.1,394424,NORTH NASHVILLE,1
77,87.0.1,394425,NORTH NASHVILLE,1
77,87.0.1,394426,NORTH NASHVILLE,1
77,87.0.1,394397,NORTH NASHVILLE,1
77,87.0.1,394400,NORTH NASHVILLE,1
77,87.0.1,394401,NORTH NASHVILLE,1
77,87.0.1,394402,NORTH NASHVILLE,1
77,87.0.1,394403,NORTH NASHVILLE,1
77,87.0.1,394404,NORTH NASHVILLE,1
77,87.0.1,394405,NORTH NASHVILLE,1
77,87.0.1,394406,NORTH NASHVILLE,1
77,87.0.1,394407,NORTH NASHVILLE,1
77,87.0.1,394408,NORTH NASHVILLE,1
77,87.0.1,394409,NORTH NASHVILLE,1
77,87.0.1,394410,NORTH NASHVILLE,1
77,87.0.1,394411,NORTH NASHVILLE,1
77,87.0.1,394412,NORTH NASHVILLE,1
77,87.0.1,394413,NORTH NASHVILLE,1
77,87.0.1,394414,NORTH NASHVILLE,1
77,87.0.1,394415,NORTH NASHVILLE,1
77,87.0.1,394420,NORTH NASHVILLE,1
77,87.0.1,394416,NORTH NASHVILLE,1
77,87.0.1,394417,NORTH NASHVILLE,1
77,87.0.1,394418,NORTH NASHVILLE,1
77,87.0.1,394419,NORTH NASHVILLE,1
77,87.0.1,394398,NORTH NASHVILLE,1
77,87.0.1,394421,NORTH NASHVILLE,1
77,87.0.1,394422,NORTH NASHVILLE,1
77,87.0.1,394423,NORTH NASHVILLE,1
77,87.0.1,394399,NORTH NASHVILLE,1
79,87.0.1,394523,SKYLINE,0
79,87.0.1,394524,SKYLINE,0
79,87.9.1,394525,SKYLINE,0
79,87.10.1,394559,SKYLINE,0
79,87.0.1,394558,SKYLINE,0
79,87.0.1,394526,SKYLINE,0
79,87.0.1,394527,SKYLINE,0
79,87.0.1,394528,SKYLINE,0
79,87.0.1,394529,SKYLINE,0
79,87.0.1,394530,SKYLINE,0
79,87.0.1,394531,SKYLINE,0
79,87.0.1,394532,SKYLINE,0
79,87.0.1,394533,SKYLINE,0
79,87.0.1,394534,SKYLINE,0
79,87.0.1,394535,SKYLINE,0
79,87.0.1,394536,SKYLINE,0
79,87.0.1,394537,SKYLINE,0
79,87.0.1,394538,SKYLINE,0
79,87.0.1,394539,SKYLINE,0
79,87.3.1,394540,SKYLINE,0
79,87.4.1,394560,SKYLINE,0
79,87.0.1,394541,SKYLINE,0
79,87.0.1,394542,SKYLINE,0
79,87.0.1,394543,SKYLINE,0
79,87.0.1,394544,SKYLINE,0
79,87.0.1,394545,SKYLINE,0
79,87.0.1,394546,SKYLINE,0
79,87.0.1,394547,SKYLINE,0
79,87.0.1,394548,SKYLINE,0
79,87.0.1,394549,SKYLINE,0
79,87.0.1,394550,SKYLINE,0
79,87.0.1,394551,SKYLINE,0
79,87.0.1,394552,SKYLINE,0
79,87.0.1,394553,SKYLINE,0
79,87.0.1,394554,SKYLINE,0
79,87.0.1,394555,SKYLINE,0
79,87.0.1,394556,SKYLINE,0
79,87.0.1,394557,SKYLINE,0
79,87.0.1,394561,SKYLINE TO 76 MADISON,1
79,87.0.1,394562,SKYLINE TO 76 MADISON,1
79,87.0.1,394563,SKYLINE TO 76 MADISON,1
79,87.0.1,394564,SKYLINE TO 76 MADISON,1
79,87.0.1,394565,SKYLINE TO 76 MADISON,1
79,87.0.1,394566,SKYLINE TO 76 MADISON,1
79,87.0.1,394567,SKYLINE TO 76 MADISON,1
79,87.0.1,394568,SKYLINE TO 76 MADISON,1
79,87.0.1,394569,SKYLINE TO 76 MADISON,1
79,87.0.1,394596,SKYLINE TO 76 MADISON,1
79,87.0.1,394570,SKYLINE TO 76 MADISON,1
79,87.0.1,394571,SKYLINE TO 76 MADISON,1
79,87.0.1,394572,SKYLINE TO 76 MADISON,1
79,87.0.1,394573,SKYLINE TO 76 MADISON,1
79,87.0.1,394574,SKYLINE TO 76 MADISON,1
79,87.0.1,394575,SKYLINE TO 76 MADISON,1
79,87.0.1,394597,SKYLINE TO 76 MADISON,1
79,87.0.1,394576,SKYLINE TO 76 MADISON,1
79,87.0.1,394598,SKYLINE TO 76 MADISON,1
79,87.0.1,394577,SKYLINE TO 76 MADISON,1
79,87.0.1,394578,SKYLINE TO 76 MADISON,1
79,87.0.1,394579,SKYLINE TO 76 MADISON,1
79,87.0.1,394580,SKYLINE TO 76 MADISON,1
79,87.0.1,394581,SKYLINE TO 76 MADISON,1
79,87.0.1,394582,SKYLINE TO 76 MADISON,1
79,87.0.1,394583,SKYLINE TO 76 MADISON,1
79,87.0.1,394584,SKYLINE TO 76 MADISON,1
79,87.0.1,394585,SKYLINE TO 76 MADISON,1
79,87.0.1,394586,SKYLINE TO 76 MADISON,1
79,87.0.1,394587,SKYLINE TO 76 MADISON,1
79,87.0.1,394588,SKYLINE TO 76 MADISON,1
79,87.0.1,394589,SKYLINE TO 76 MADISON,1
79,87.0.1,394590,SKYLINE TO 76 MADISON,1
79,87.0.1,394591,SKYLINE TO 76 MADISON,1
79,87.0.1,394592,SKYLINE TO 76 MADISON,1
79,87.0.1,394593,SKYLINE TO 76 MADISON,1
79,87.0.1,394595,SKYLINE TO 76 MADISON,1
79,87.0.1,394594,SKYLINE TO 76 MADISON,1
8,87.0.1,394691,100 OAKS,0
8,87.0.1,394690,100 OAKS,0
8,87.0.1,394696,100 OAKS,0
8,87.0.1,394697,100 OAKS,0
8,87.0.1,394698,100 OAKS,0
8,87.0.1,394699,100 OAKS,0
8,87.0.1,394700,100 OAKS,0
8,87.0.1,394711,100 OAKS,0
8,87.0.1,394712,100 OAKS,0
8,87.0.1,394713,100 OAKS,0
8,87.0.1,394714,100 OAKS,0
8,87.0.1,394715,100 OAKS,0
8,87.0.1,394716,100 OAKS,0
8,87.0.1,394717,100 OAKS,0
8,87.0.1,394718,100 OAKS,0
8,87.0.1,394719,100 OAKS,0
8,87.0.1,394720,100 OAKS,0
8,87.0.1,394721,100 OAKS,0
8,87.0.1,394722,100 OAKS,0
8,87.0.1,394723,100 OAKS,0
8,87.0.1,394710,100 OAKS,0
8,87.0.1,394701,100 OAKS,0
8,87.0.1,394702,100 OAKS,0
8,87.0.1,394703,100 OAKS,0
8,87.0.1,394704,100 OAKS,0
8,87.0.1,394705,100 OAKS,0
8,87.0.1,394706,100 OAKS,0
8,87.0.1,394707,100 OAKS,0
8,87.0.1,394689,100 OAKS,0
8,87.0.1,394708,100 OAKS,0
8,87.0.1,394709,100 OAKS,0
8,87.0.1,394692,100 OAKS,0
8,87.0.1,394693,100 OAKS,0
8,87.0.1,394694,100 OAKS,0
8,87.0.1,394695,100 OAKS,0
8,87.0.1,394728,DOWNTOWN,1
8,87.0.1,394727,DOWNTOWN,1
8,87.0.1,394734,DOWNTOWN,1
8,87.0.1,394735,DOWNTOWN,1
8,87.0.1,394736,DOWNTOWN,1
8,87.0.1,394737,DOWNTOWN,1
8,87.0.1,394738,DOWNTOWN,1
8,87.0.1,394748,DOWNTOWN,1
8,87.0.1,394749,DOWNTOWN,1
8,87.0.1,394750,DOWNTOWN,1
8,87.0.1,394751,DOWNTOWN,1
8,87.0.1,394752,DOWNTOWN,1
8,87.0.1,394753,DOWNTOWN,1
8,87.0.1,394754,DOWNTOWN,1
8,87.2.1,394755,DOWNTOWN,1
8,87.1.1,394730,DOWNTOWN,1
8,87.0.1,394756,DOWNTOWN,1
8,87.0.1,394757,DOWNTOWN,1
8,87.0.1,394758,DOWNTOWN,1
8,87.0.1,394759,DOWNTOWN,1
8,87.0.1,394760,DOWNTOWN,1
8,87.0.1,394726,DOWNTOWN,1
8,87.0.1,394739,DOWNTOWN,1
8,87.0.1,394740,DOWNTOWN,1
8,87.3.1,394729,DOWNTOWN,1
8,87.4.1,394741,DOWNTOWN,1
8,87.0.1,394742,DOWNTOWN,1
8,87.0.1,394743,DOWNTOWN,1
8,87.0.1,394744,DOWNTOWN,1
8,87.0.1,394745,DOWNTOWN,1
8,87.0.1,394725,DOWNTOWN,1
8,87.0.1,394746,DOWNTOWN,1
8,87.0.1,394747,DOWNTOWN,1
8,87.0.1,394724,DOWNTOWN,1
8,87.0.1,394731,DOWNTOWN,1
8,87.0.1,394732,DOWNTOWN,1
8,87.0.1,394733,DOWNTOWN,1
84,87.0.1,394879,MURFREESBORO,0
84,87.0.1,394885,MURFREESBORO,0
84,87.0.1,394883,MURFREESBORO,0
84,87.0.1,394888,MURFREESBORO,0
84,87.0.1,394884,MURFREESBORO,0
84,87.0.1,394887,MURFREESBORO,0
84,87.0.1,394889,MURFREESBORO,0
84,87.0.1,394880,MURFREESBORO,0
84,87.0.1,394881,MURFREESBORO,0
84,87.0.1,394886,MURFREESBORO,0
84,87.0.1,394882,MURFREESBORO,0
84,87.0.1,394890,NASHVILLE,1
84,87.0.1,394891,NASHVILLE,1
84,87.0.1,394892,NASHVILLE,1
84,87.0.1,394893,NASHVILLE,1
84,87.0.1,394898,NASHVILLE,1
84,87.0.1,394894,NASHVILLE,1
84,87.0.1,394899,NASHVILLE,1
84,87.0.1,394895,NASHVILLE,1
84,87.0.1,394900,NASHVILLE,1
84,87.0.1,394896,NASHVILLE,1
84,87.0.1,394901,NASHVILLE,1
84,87.0.1,394897,NASHVILLE,1
86,87.0.1,394928,LAVERGNE - SMYRNA,0
86,87.0.1,394926,LAVERGNE - SMYRNA,0
86,87.0.1,394927,LAVERGNE - SMYRNA,0
86,87.0.1,394929,LAVERGNE - SMYRNA,0
86,87.0.1,394930,DOWNTOWN NASHVILLE,1
86,87.0.1,394931,DOWNTOWN NASHVILLE,1
86,87.0.1,394932,DOWNTOWN NASHVILLE,1
87,87.0.1,394933,GALLATIN HENDERSONVILLE,0
87,87.0.1,394936,GALLATIN HENDERSONVILLE,0
87,87.0.1,394934,GALLATIN HENDERSONVILLE,0
87,87.0.1,394935,GALLATIN HENDERSONVILLE,0
87,87.0.1,394937,NASHVILLE,1
87,87.0.1,394938,NASHVILLE,1
87,87.0.1,394939,NASHVILLE,1
87,87.0.1,394940,NASHVILLE,1
88,87.0.1,394965,DICKSON,0
88,87.0.1,394966,DICKSON,0
88,87.0.1,394967,NASHVILLE,1
88,87.0.1,394968,NASHVILLE,1
89,87.0.1,394969,SPRINGFIELD JOELTON,0
89,87.0.1,394970,SPRINGFIELD JOELTON,0
89,87.0.1,394971,VANDERBILT VIA DOWNTOWN NASHVILLE,1
89,87.0.1,394972,VANDERBILT VIA DOWNTOWN NASHVILLE,1
9,87.0.1,395002,NORTH NASHVILLE VIA METROCENTER,0
9,87.0.1,394973,NORTH NASHVILLE VIA METROCENTER,0
9,87.0.1,394974,NORTH NASHVILLE VIA METROCENTER,0
9,87.0.1,394975,NORTH NASHVILLE VIA METROCENTER,0
9,87.0.1,394976,NORTH NASHVILLE VIA METROCENTER,0
9,87.0.1,394977,NORTH NASHVILLE VIA METROCENTER,0
9,87.0.1,394978,NORTH NASHVILLE VIA METROCENTER,0
9,87.0.1,394979,NORTH NASHVILLE VIA METROCENTER,0
9,87.0.1,394980,NORTH NASHVILLE VIA METROCENTER,0
9,87.0.1,394981,NORTH NASHVILLE VIA METROCENTER,0
9,87.0.1,395003,NORTH NASHVILLE VIA METROCENTER,0
9,87.0.1,395004,NORTH NASHVILLE VIA METROCENTER,0
9,87.0.1,395005,NORTH NASHVILLE VIA METROCENTER,0
9,87.0.1,395006,NORTH NASHVILLE VIA METROCENTER,0
9,87.0.1,395007,NORTH NASHVILLE VIA METROCENTER,0
9,87.0.1,394982,NORTH NASHVILLE VIA METROCENTER,0
9,87.0.1,394983,NORTH NASHVILLE VIA METROCENTER,0
9,87.0.1,394984,NORTH NASHVILLE VIA METROCENTER,0
9,87.0.1,394985,NORTH NASHVILLE VIA METROCENTER,0
9,87.0.1,394986,NORTH NASHVILLE VIA METROCENTER,0
9,87.0.1,394987,NORTH NASHVILLE VIA METROCENTER,0
9,87.0.1,394988,NORTH NASHVILLE VIA METROCENTER,0
9,87.0.1,394989,NORTH NASHVILLE VIA METROCENTER,0
9,87.0.1,394990,NORTH NASHVILLE VIA METROCENTER,0
9,87.0.1,394991,NORTH NASHVILLE VIA METROCENTER,0
9,87.0.1,394992,NORTH NASHVILLE VIA METROCENTER,0
9,87.0.1,394993,NORTH NASHVILLE VIA METROCENTER,0
9,87.0.1,394994,NORTH NASHVILLE VIA METROCENTER,0
9,87.0.1,394995,NORTH NASHVILLE VIA METROCENTER,0
9,87.0.1,394996,NORTH NASHVILLE VIA METROCENTER,0
9,87.0.1,394997,NORTH NASHVILLE VIA METROCENTER,0
9,87.0.1,394998,NORTH NASHVILLE VIA METROCENTER,0
9,87.0.1,394999,NORTH NASHVILLE VIA METROCENTER,0
9,87.0.1,395000,NORTH NASHVILLE VIA METROCENTER,0
9,87.0.1,395001,NORTH NASHVILLE VIA METROCENTER,0
9,87.0.1,395008,NORTH NASHVILLE VIA METROCENTER,0
9,87.0.1,395043,DOWNTOWN,1
9,87.0.1,395042,DOWNTOWN,1
9,87.0.1,395041,DOWNTOWN,1
9,87.0.1,395009,DOWNTOWN,1
9,87.0.1,395010,DOWNTOWN,1
9,87.0.1,395011,DOWNTOWN,1
9,87.0.1,395012,DOWNTOWN,1
9,87.0.1,395013,DOWNTOWN,1
9,87.0.1,395014,DOWNTOWN,1
9,87.0.1,395015,DOWNTOWN,1
9,87.0.1,395016,DOWNTOWN,1
9,87.0.1,395017,DOWNTOWN,1
9,87.0.1,395018,DOWNTOWN,1
9,87.0.1,395019,DOWNTOWN,1
9,87.0.1,395020,DOWNTOWN,1
9,87.0.1,395021,DOWNTOWN,1
9,87.0.1,395022,DOWNTOWN,1
9,87.0.1,395023,DOWNTOWN,1
9,87.0.1,395024,DOWNTOWN,1
9,87.0.1,395025,DOWNTOWN,1
9,87.0.1,395026,DOWNTOWN,1
9,87.0.1,395027,DOWNTOWN,1
9,87.0.1,395028,DOWNTOWN,1
9,87.0.1,395029,DOWNTOWN,1
9,87.0.1,395030,DOWNTOWN,1
9,87.0.1,395031,DOWNTOWN,1
9,87.0.1,395032,DOWNTOWN,1
9,87.0.1,395033,DOWNTOWN,1
9,87.0.1,395034,DOWNTOWN,1
9,87.0.1,395035,DOWNTOWN,1
9,87.0.1,395036,DOWNTOWN,1
9,87.0.1,395037,DOWNTOWN,1
9,87.0.1,395038,DOWNTOWN,1
9,87.0.1,395039,DOWNTOWN,1
9,87.0.1,395040,DOWNTOWN,1
90,87.0.1,395044,FROM NASHVILLE,0
90,87.0.1,395045,FROM NASHVILLE,0
90,87.0.1,395046,FROM NASHVILLE,0
90,87.0.1,395047,FROM NASHVILLE,0
90,87.0.1,395048,FROM NASHVILLE,0
90,87.0.1,395049,FROM NASHVILLE,0
90,87.0.1,395050,TO NASHVILLE,1
90,87.0.1,395051,TO NASHVILLE,1
90,87.0.1,395052,TO NASHVILLE,1
90,87.0.1,395054,TO NASHVILLE,1
90,87.0.1,395055,TO NASHVILLE,1
90,87.0.1,395053,TO NASHVILLE,1
93,87.0.1,395071,STAR - WEST END,0
93,87.0.1,395070,STAR - WEST END,0
93,87.0.1,395072,STAR - WEST END,0
93,87.0.1,395069,STAR - WEST END,0
93,87.0.1,395074,STAR-WEST END,0
93,87.0.1,395068,STAR - WEST END,0
93,87.0.1,395075,STAR-WEST END,0
93,87.0.1,395073,STAR - WEST END,0
94,87.0.1,395082,CLARKSVILLE,0
94,87.0.1,395083,CLARKSVILLE,0
94,87.0.1,395085,CLARKSVILLE  VIA PLEASANT VIEW,0
94,87.0.1,395086,CLARKSVILLE  VIA PLEASANT VIEW,0
94,87.0.1,395084,CLARKSVILLE,0
94,87.0.1,395087,NASHVILLE,1
94,87.0.1,395090,NASHVILLE VIA PLEASANT VIEW,1
94,87.0.1,395091,NASHVILLE VIA PLEASANT VIEW,1
94,87.0.1,395088,NASHVILLE,1
94,87.0.1,395089,NASHVILLE,1
95,87.0.1,395156,FRANKLIN SPRING HILL,0
95,87.0.1,395157,FRANKLIN SPRING HILL VIA VANDERBILT,0
95,87.0.1,395158,FRANKLIN SPRING HILL,0
95,87.0.1,395159,FRANKLIN SPRING HILL VIA VANDERBILT,0
95,87.0.1,395160,NASHVILLE VIA VANDERBILT,1
95,87.0.1,395161,NASHVILLE,1
95,87.0.1,395162,NASHVILLE,1
95,87.0.1,395163,NASHVILLE VIA VANDERBILT,1
14,87.0.2,387579,NORTH NASHVILLE VIA BUENA VISTA,0
14,87.0.2,387580,NORTH NASHVILLE VIA BUENA VISTA,0
14,87.0.2,387581,NORTH NASHVILLE VIA BUENA VISTA,0
14,87.0.2,387582,NORTH NASHVILLE VIA BUENA VISTA,0
14,87.0.2,387583,NORTH NASHVILLE VIA BUENA VISTA,0
14,87.0.2,387584,NORTH NASHVILLE VIA BUENA VISTA,0
14,87.0.2,387585,NORTH NASHVILLE VIA BUENA VISTA,0
14,87.0.2,387587,NORTH NASHVILLE VIA BUENA VISTA,0
14,87.0.2,387588,NORTH NASHVILLE VIA BUENA VISTA,0
14,87.0.2,387589,NORTH NASHVILLE VIA BUENA VISTA,0
14,87.0.2,387590,NORTH NASHVILLE VIA BUENA VISTA,0
14,87.0.2,387591,NORTH NASHVILLE VIA BUENA VISTA,0
14,87.0.2,387592,NORTH NASHVILLE VIA BUENA VISTA,0
14,87.152.2,387593,NORTH NASHVILLE VIA BUENA VISTA,0
14,87.135.2,387594,NORTH NASHVILLE VIA BUENA VISTA,0
14,87.135.2,387595,NORTH NASHVILLE VIA BUENA VISTA,0
14,87.91.2,387596,NORTH NASHVILLE VIA BUENA VISTA,0
14,87.91.2,387597,NORTH NASHVILLE VIA BUENA VISTA,0
14,87.91.2,387598,NORTH NASHVILLE VIA BUENA VISTA,0
14,87.91.2,387599,NORTH NASHVILLE VIA BUENA VISTA,0
14,87.91.2,387600,NORTH NASHVILLE VIA BUENA VISTA,0
14,87.91.2,387601,NORTH NASHVILLE VIA BUENA VISTA,0
14,87.108.2,387602,NORTH NASHVILLE VIA BUENA VISTA,0
14,87.108.2,387603,NORTH NASHVILLE VIA BUENA VISTA,0
14,87.108.2,387604,NORTH NASHVILLE VIA BUENA VISTA,0
14,87.108.2,387605,NORTH NASHVILLE VIA BUENA VISTA,0
14,87.108.2,387586,NORTH NASHVILLE VIA BUENA VISTA,0
14,87.0.2,387648,DOWNTOWN VIA BUENA VISTA,1
14,87.0.2,387644,DOWNTOWN VIA BUENA VISTA,1
14,87.0.2,387645,DOWNTOWN VIA BUENA VISTA,1
14,87.0.2,387620,DOWNTOWN VIA BUENA VISTA,1
14,87.0.2,387621,DOWNTOWN VIA BUENA VISTA,1
14,87.0.2,387622,DOWNTOWN VIA BUENA VISTA,1
14,87.0.2,387623,DOWNTOWN VIA BUENA VISTA,1
14,87.0.2,387624,DOWNTOWN VIA BUENA VISTA,1
14,87.0.2,387625,DOWNTOWN VIA BUENA VISTA,1
14,87.0.2,387626,DOWNTOWN VIA BUENA VISTA,1
14,87.0.2,387627,DOWNTOWN VIA BUENA VISTA,1
14,87.0.2,387628,DOWNTOWN VIA BUENA VISTA,1
14,87.0.2,387629,DOWNTOWN VIA BUENA VISTA,1
14,87.0.2,387630,DOWNTOWN VIA BUENA VISTA,1
14,87.0.2,387631,DOWNTOWN VIA BUENA VISTA,1
14,87.135.2,387632,DOWNTOWN VIA BUENA VISTA,1
14,87.135.2,387633,DOWNTOWN VIA BUENA VISTA,1
14,87.135.2,387634,DOWNTOWN VIA BUENA VISTA,1
14,87.91.2,387635,DOWNTOWN VIA BUENA VISTA,1
14,87.91.2,387636,DOWNTOWN VIA BUENA VISTA,1
14,87.91.2,387637,DOWNTOWN VIA BUENA VISTA,1
14,87.91.2,387638,DOWNTOWN VIA BUENA VISTA,1
14,87.91.2,387639,DOWNTOWN VIA BUENA VISTA,1
14,87.91.2,387640,DOWNTOWN VIA BUENA VISTA,1
14,87.108.2,387641,DOWNTOWN VIA BUENA VISTA,1
14,87.108.2,387642,DOWNTOWN VIA BUENA VISTA,1
14,87.108.2,387643,DOWNTOWN VIA BUENA VISTA,1
14,87.108.2,387646,DOWNTOWN VIA BUENA VISTA,1
14,87.108.2,387647,DOWNTOWN VIA BUENA VISTA,1
17,87.0.2,387855,GREEN HILLS VIA 12TH AVE S,0
17,87.0.2,387854,GREEN HILLS VIA 12TH AVE S,0
17,87.0.2,387853,GREEN HILLS VIA 12TH AVE S,0
17,87.0.2,387852,GREEN HILLS VIA 12TH AVE S,0
17,87.0.2,387851,GREEN HILLS VIA 12TH AVE S,0
17,87.0.2,387850,GREEN HILLS VIA 12TH AVE S,0
17,87.0.2,387849,GREEN HILLS VIA 12TH AVE S,0
17,87.0.2,387848,GREEN HILLS VIA 12TH AVE S,0
17,87.0.2,387847,GREEN HILLS VIA 12TH AVE S,0
17,87.0.2,387846,GREEN HILLS VIA 12TH AVE S,0
17,87.0.2,387845,GREEN HILLS VIA 12TH AVE S,0
17,87.0.2,387844,GREEN HILLS VIA 12TH AVE S,0
17,87.0.2,387843,GREEN HILLS VIA 12TH AVE S,0
17,87.0.2,387842,GREEN HILLS VIA 12TH AVE S,0
17,87.0.2,387841,GREEN HILLS VIA 12TH AVE S,0
17,87.0.2,387840,GREEN HILLS VIA 12TH AVE S,0
17,87.0.2,387839,GREEN HILLS VIA 12TH AVE S,0
17,87.0.2,387838,GREEN HILLS VIA 12TH AVE S,0
17,87.0.2,387837,GREEN HILLS VIA 12TH AVE S,0
17,87.0.2,387836,GREEN HILLS VIA 12TH AVE S,0
17,87.0.2,387835,GREEN HILLS VIA 12TH AVE S,0
17,87.0.2,387834,GREEN HILLS VIA 12TH AVE S,0
17,87.0.2,387833,GREEN HILLS VIA 12TH AVE S,0
17,87.0.2,387832,GREEN HILLS VIA 12TH AVE S,0
17,87.0.2,387831,GREEN HILLS VIA 12TH AVE S,0
17,87.0.2,387830,GREEN HILLS VIA 12TH AVE S,0
17,87.0.2,387856,GREEN HILLS VIA 12TH AVE S,0
17,87.0.2,387883,DOWNTOWN VIA 12TH AVE S,1
17,87.0.2,387882,DOWNTOWN VIA 12TH AVE S,1
17,87.0.2,387881,DOWNTOWN VIA 12TH AVE S,1
17,87.0.2,387880,DOWNTOWN VIA 12TH AVE S,1
17,87.0.2,387879,DOWNTOWN VIA 12TH AVE S,1
17,87.0.2,387865,DOWNTOWN VIA 12TH AVE S,1
17,87.0.2,387878,DOWNTOWN VIA 12TH AVE S,1
17,87.0.2,387864,DOWNTOWN VIA 12TH AVE S,1
17,87.0.2,387877,DOWNTOWN VIA 12TH AVE S,1
17,87.0.2,387863,DOWNTOWN VIA 12TH AVE S,1
17,87.0.2,387876,DOWNTOWN VIA 12TH AVE S,1
17,87.0.2,387862,DOWNTOWN VIA 12TH AVE S,1
17,87.0.2,387875,DOWNTOWN VIA 12TH AVE S,1
17,87.0.2,387861,DOWNTOWN VIA 12TH AVE S,1
17,87.0.2,387874,DOWNTOWN VIA 12TH AVE S,1
17,87.0.2,387860,DOWNTOWN VIA 12TH AVE S,1
17,87.0.2,387873,DOWNTOWN VIA 12TH AVE S,1
17,87.0.2,387859,DOWNTOWN VIA 12TH AVE S,1
17,87.0.2,387872,DOWNTOWN VIA 12TH AVE S,1
17,87.0.2,387858,DOWNTOWN VIA 12TH AVE S,1
17,87.0.2,387871,DOWNTOWN VIA 12TH AVE S,1
17,87.0.2,387857,DOWNTOWN VIA 12TH AVE S,1
17,87.0.2,387870,DOWNTOWN VIA 12TH AVE S,1
17,87.0.2,387869,DOWNTOWN VIA 12TH AVE S,1
17,87.0.2,387868,DOWNTOWN VIA 12TH AVE S,1
17,87.0.2,387867,DOWNTOWN VIA 12TH AVE S,1
17,87.0.2,387866,DOWNTOWN VIA 12TH AVE S,1
17,87.0.2,387884,DOWNTOWN VIA 12TH AVE S,1
18,87.0.2,387994,AIRPORT VIA ELM HILL,0
18,87.0.2,388018,AIRPORT VIA ELM HILL,0
18,87.0.2,387995,AIRPORT VIA ELM HILL,0
18,87.0.2,387996,AIRPORT VIA ELM HILL,0
18,87.0.2,387997,AIRPORT VIA ELM HILL,0
18,87.0.2,388019,AIRPORT VIA ELM HILL,0
18,87.0.2,387998,AIRPORT VIA ELM HILL,0
18,87.0.2,387999,AIRPORT VIA ELM HILL,0
18,87.0.2,388020,AIRPORT VIA ELM HILL,0
18,87.0.2,388000,AIRPORT VIA ELM HILL,0
18,87.0.2,388031,AIRPORT VIA ELM HILL,0
18,87.0.2,388001,AIRPORT VIA ELM HILL,0
18,87.0.2,388002,AIRPORT VIA ELM HILL,0
18,87.0.2,388021,AIRPORT VIA ELM HILL,0
18,87.0.2,388003,AIRPORT VIA ELM HILL,0
18,87.0.2,388004,AIRPORT VIA ELM HILL,0
18,87.0.2,388005,AIRPORT VIA ELM HILL,0
18,87.0.2,388022,AIRPORT VIA ELM HILL,0
18,87.0.2,388006,AIRPORT VIA ELM HILL,0
18,87.0.2,388023,AIRPORT VIA ELM HILL,0
18,87.0.2,388007,AIRPORT VIA ELM HILL,0
18,87.0.2,388008,AIRPORT VIA ELM HILL,0
18,87.0.2,388024,AIRPORT VIA ELM HILL,0
18,87.0.2,388009,AIRPORT VIA ELM HILL,0
18,87.0.2,388010,AIRPORT VIA ELM HILL,0
18,87.0.2,388011,AIRPORT VIA ELM HILL,0
18,87.0.2,388025,AIRPORT VIA ELM HILL,0
18,87.0.2,388012,AIRPORT VIA ELM HILL,0
18,87.0.2,388026,AIRPORT VIA ELM HILL,0
18,87.0.2,388013,AIRPORT VIA ELM HILL,0
18,87.0.2,388027,AIRPORT VIA ELM HILL,0
18,87.0.2,388014,AIRPORT VIA ELM HILL,0
18,87.0.2,388028,AIRPORT VIA ELM HILL,0
18,87.0.2,388015,AIRPORT VIA ELM HILL,0
18,87.0.2,388029,AIRPORT VIA ELM HILL,0
18,87.0.2,388016,AIRPORT VIA ELM HILL,0
18,87.0.2,388030,AIRPORT VIA ELM HILL,0
18,87.0.2,388017,AIRPORT VIA ELM HILL,0
18,87.0.2,388032,DOWNTOWN EXPRESS,1
18,87.0.2,388033,DOWNTOWN VIA ELM HILL,1
18,87.0.2,388034,DOWNTOWN VIA ELM HILL,1
18,87.0.2,388056,DOWNTOWN VIA ELM HILL,1
18,87.0.2,388035,DOWNTOWN VIA ELM HILL,1
18,87.0.2,388057,DOWNTOWN VIA ELM HILL,1
18,87.0.2,388036,DOWNTOWN VIA ELM HILL,1
18,87.0.2,388037,DOWNTOWN VIA ELM HILL,1
18,87.0.2,388038,DOWNTOWN VIA ELM HILL,1
18,87.0.2,388058,DOWNTOWN VIA ELM HILL,1
18,87.0.2,388039,DOWNTOWN VIA ELM HILL,1
18,87.0.2,388040,DOWNTOWN VIA ELM HILL,1
18,87.0.2,388041,DOWNTOWN VIA ELM HILL,1
18,87.0.2,388059,DOWNTOWN VIA ELM HILL,1
18,87.0.2,388042,DOWNTOWN VIA ELM HILL,1
18,87.0.2,388043,DOWNTOWN VIA ELM HILL,1
18,87.0.2,388044,DOWNTOWN VIA ELM HILL,1
18,87.0.2,388060,DOWNTOWN VIA ELM HILL,1
18,87.0.2,388045,DOWNTOWN VIA ELM HILL,1
18,87.0.2,388046,DOWNTOWN VIA ELM HILL,1
18,87.0.2,388061,DOWNTOWN VIA ELM HILL,1
18,87.0.2,388047,DOWNTOWN VIA ELM HILL,1
18,87.0.2,388048,DOWNTOWN VIA ELM HILL,1
18,87.0.2,388062,DOWNTOWN VIA ELM HILL,1
18,87.0.2,388049,DOWNTOWN VIA ELM HILL,1
18,87.0.2,388050,DOWNTOWN VIA ELM HILL,1
18,87.0.2,388063,DOWNTOWN VIA ELM HILL,1
18,87.0.2,388051,DOWNTOWN VIA ELM HILL,1
18,87.0.2,388064,DOWNTOWN VIA ELM HILL,1
18,87.0.2,388052,DOWNTOWN VIA ELM HILL,1
18,87.0.2,388065,DOWNTOWN VIA ELM HILL,1
18,87.0.2,388053,DOWNTOWN VIA ELM HILL,1
18,87.0.2,388066,DOWNTOWN VIA ELM HILL,1
18,87.0.2,388054,DOWNTOWN VIA ELM HILL,1
18,87.0.2,388067,DOWNTOWN VIA ELM HILL,1
18,87.0.2,388055,DOWNTOWN EXPRESS,1
19,87.0.2,388247,DOWNTOWN,0
19,87.0.2,388245,DOWNTOWN,0
19,87.0.2,388244,DOWNTOWN,0
19,87.0.2,388243,DOWNTOWN,0
19,87.0.2,388242,DOWNTOWN,0
19,87.0.2,388241,DOWNTOWN,0
19,87.0.2,388240,DOWNTOWN,0
19,87.0.2,388239,DOWNTOWN,0
19,87.0.2,388238,DOWNTOWN,0
19,87.0.2,388237,DOWNTOWN,0
19,87.0.2,388236,DOWNTOWN,0
19,87.0.2,388235,DOWNTOWN,0
19,87.0.2,388234,DOWNTOWN,0
19,87.0.2,388233,DOWNTOWN,0
19,87.0.2,388232,DOWNTOWN,0
19,87.0.2,388231,DOWNTOWN,0
19,87.0.2,388230,DOWNTOWN,0
19,87.0.2,388229,DOWNTOWN,0
19,87.0.2,388228,DOWNTOWN,0
19,87.0.2,388227,DOWNTOWN,0
19,87.0.2,388226,DOWNTOWN,0
19,87.0.2,388225,DOWNTOWN,0
19,87.0.2,388224,DOWNTOWN,0
19,87.0.2,388223,DOWNTOWN,0
19,87.0.2,388222,DOWNTOWN,0
19,87.0.2,388221,DOWNTOWN,0
19,87.0.2,388246,DOWNTOWN,0
19,87.0.2,388274,THE NATIONS,1
19,87.0.2,388272,THE NATIONS,1
19,87.0.2,388271,THE NATIONS,1
19,87.0.2,388270,THE NATIONS,1
19,87.0.2,388269,THE NATIONS,1
19,87.0.2,388268,THE NATIONS,1
19,87.0.2,388267,THE NATIONS,1
19,87.0.2,388266,THE NATIONS,1
19,87.0.2,388265,THE NATIONS,1
19,87.0.2,388264,THE NATIONS,1
19,87.0.2,388263,THE NATIONS,1
19,87.0.2,388262,THE NATIONS,1
19,87.0.2,388261,THE NATIONS,1
19,87.0.2,388260,THE NATIONS,1
19,87.0.2,388259,THE NATIONS,1
19,87.0.2,388258,THE NATIONS,1
19,87.0.2,388257,THE NATIONS,1
19,87.0.2,388256,THE NATIONS,1
19,87.0.2,388255,THE NATIONS,1
19,87.0.2,388254,THE NATIONS,1
19,87.0.2,388253,THE NATIONS,1
19,87.0.2,388252,THE NATIONS,1
19,87.0.2,388251,THE NATIONS,1
19,87.0.2,388250,THE NATIONS,1
19,87.0.2,388249,THE NATIONS,1
19,87.0.2,388248,THE NATIONS,1
19,87.0.2,388273,THE NATIONS,1
22,87.0.2,388573,DOWNTOWN,0
22,87.0.2,388574,DOWNTOWN,0
22,87.0.2,388575,DOWNTOWN,0
22,87.0.2,388576,DOWNTOWN,0
22,87.0.2,388519,DOWNTOWN,0
22,87.0.2,388520,DOWNTOWN,0
22,87.0.2,388521,DOWNTOWN,0
22,87.0.2,388522,DOWNTOWN,0
22,87.0.2,388523,DOWNTOWN,0
22,87.0.2,388524,DOWNTOWN,0
22,87.0.2,388525,DOWNTOWN,0
22,87.0.2,388526,DOWNTOWN,0
22,87.0.2,388527,DOWNTOWN,0
22,87.0.2,388528,DOWNTOWN,0
22,87.0.2,388529,DOWNTOWN,0
22,87.0.2,388530,DOWNTOWN,0
22,87.0.2,388531,DOWNTOWN,0
22,87.0.2,388532,DOWNTOWN,0
22,87.0.2,388537,DOWNTOWN,0
22,87.0.2,388555,DOWNTOWN,0
22,87.0.2,388538,DOWNTOWN,0
22,87.0.2,388556,DOWNTOWN,0
22,87.0.2,388539,DOWNTOWN,0
22,87.0.2,388557,DOWNTOWN,0
22,87.0.2,388540,DOWNTOWN,0
22,87.0.2,388558,DOWNTOWN,0
22,87.0.2,388541,DOWNTOWN,0
22,87.0.2,388559,DOWNTOWN,0
22,87.0.2,388542,DOWNTOWN,0
22,87.0.2,388560,DOWNTOWN,0
22,87.0.2,388543,DOWNTOWN,0
22,87.0.2,388561,DOWNTOWN,0
22,87.0.2,388544,DOWNTOWN,0
22,87.0.2,388562,DOWNTOWN,0
22,87.0.2,388545,DOWNTOWN,0
22,87.0.2,388563,DOWNTOWN,0
22,87.0.2,388546,DOWNTOWN,0
22,87.0.2,388564,DOWNTOWN,0
22,87.0.2,388547,DOWNTOWN,0
22,87.0.2,388565,DOWNTOWN,0
22,87.0.2,388548,DOWNTOWN,0
22,87.0.2,388566,DOWNTOWN,0
22,87.0.2,388549,DOWNTOWN,0
22,87.0.2,388567,DOWNTOWN,0
22,87.0.2,388550,DOWNTOWN,0
22,87.0.2,388568,DOWNTOWN,0
22,87.0.2,388551,DOWNTOWN,0
22,87.0.2,388569,DOWNTOWN,0
22,87.0.2,388552,DOWNTOWN,0
22,87.0.2,388570,DOWNTOWN,0
22,87.0.2,388553,DOWNTOWN,0
22,87.0.2,388571,DOWNTOWN,0
22,87.0.2,388554,DOWNTOWN,0
22,87.0.2,388572,DOWNTOWN,0
22,87.0.2,388533,DOWNTOWN,0
22,87.0.2,388534,DOWNTOWN,0
22,87.0.2,388535,DOWNTOWN,0
22,87.0.2,388536,DOWNTOWN,0
22,87.0.2,388633,NORTH NASHVILLE TO 14 WHITES CREEK,1
22,87.0.2,388634,NORTH NASHVILLE,1
22,87.0.2,388577,NORTH NASHVILLE TO 71 TRINITY,1
22,87.0.2,388578,NORTH NASHVILLE TO 14 WHITES CREEK,1
22,87.0.2,388579,NORTH NASHVILLE TO 71 TRINITY,1
22,87.0.2,388580,NORTH NASHVILLE TO 14 WHITES CREEK,1
22,87.0.2,388581,NORTH NASHVILLE TO 71 TRINITY,1
22,87.0.2,388582,NORTH NASHVILLE TO 14 WHITES CREEK,1
22,87.0.2,388583,NORTH NASHVILLE TO 71 TRINITY,1
22,87.0.2,388584,NORTH NASHVILLE TO 14 WHITES CREEK,1
22,87.0.2,388585,NORTH NASHVILLE TO 71 TRINITY,1
22,87.0.2,388586,NORTH NASHVILLE TO 14 WHITES CREEK,1
22,87.0.2,388587,NORTH NASHVILLE TO 71 TRINITY,1
22,87.0.2,388588,NORTH NASHVILLE TO 14 WHITES CREEK,1
22,87.0.2,388589,NORTH NASHVILLE TO 71 TRINITY,1
22,87.0.2,388590,NORTH NASHVILLE TO 14 WHITES CREEK,1
22,87.0.2,388591,NORTH NASHVILLE TO 71 TRINITY,1
22,87.0.2,388597,NORTH NASHVILLE TO 14 WHITES CREEK,1
22,87.0.2,388615,NORTH NASHVILLE TO 71 TRINITY,1
22,87.0.2,388598,NORTH NASHVILLE TO 14 WHITES CREEK,1
22,87.0.2,388616,NORTH NASHVILLE TO 71 TRINITY,1
22,87.0.2,388599,NORTH NASHVILLE TO 14 WHITES CREEK,1
22,87.0.2,388617,NORTH NASHVILLE TO 71 TRINITY,1
22,87.0.2,388600,NORTH NASHVILLE TO 14 WHITES CREEK,1
22,87.0.2,388618,NORTH NASHVILLE TO 71 TRINITY,1
22,87.0.2,388601,NORTH NASHVILLE TO 14 WHITES CREEK,1
22,87.0.2,388619,NORTH NASHVILLE TO 71 TRINITY,1
22,87.0.2,388602,NORTH NASHVILLE TO 14 WHITES CREEK,1
22,87.0.2,388620,NORTH NASHVILLE TO 71 TRINITY,1
22,87.0.2,388603,NORTH NASHVILLE TO 14 WHITES CREEK,1
22,87.0.2,388621,NORTH NASHVILLE TO 71 TRINITY,1
22,87.0.2,388604,NORTH NASHVILLE TO 14 WHITES CREEK,1
22,87.0.2,388622,NORTH NASHVILLE TO 71 TRINITY,1
22,87.0.2,388605,NORTH NASHVILLE TO 14 WHITES CREEK,1
22,87.0.2,388623,NORTH NASHVILLE TO 71 TRINITY,1
22,87.0.2,388606,NORTH NASHVILLE TO 14 WHITES CREEK,1
22,87.0.2,388624,NORTH NASHVILLE TO 71 TRINITY,1
22,87.0.2,388607,NORTH NASHVILLE TO 14 WHITES CREEK,1
22,87.0.2,388625,NORTH NASHVILLE TO 71 TRINITY,1
22,87.0.2,388608,NORTH NASHVILLE TO 14 WHITES CREEK,1
22,87.0.2,388626,NORTH NASHVILLE TO 71 TRINITY,1
22,87.0.2,388609,NORTH NASHVILLE TO 14 WHITES CREEK,1
22,87.0.2,388627,NORTH NASHVILLE TO 71 TRINITY,1
22,87.0.2,388610,NORTH NASHVILLE TO 14 WHITES CREEK,1
22,87.0.2,388628,NORTH NASHVILLE TO 71 TRINITY,1
22,87.0.2,388611,NORTH NASHVILLE TO 14 WHITES CREEK,1
22,87.0.2,388629,NORTH NASHVILLE TO 71 TRINITY,1
22,87.0.2,388612,NORTH NASHVILLE TO 14 WHITES CREEK,1
22,87.0.2,388630,NORTH NASHVILLE TO 71 TRINITY,1
22,87.0.2,388613,NORTH NASHVILLE TO 14 WHITES CREEK,1
22,87.0.2,388631,NORTH NASHVILLE TO 71 TRINITY,1
22,87.0.2,388614,NORTH NASHVILLE TO 14 WHITES CREEK,1
22,87.0.2,388632,NORTH NASHVILLE TO 14 WHITES CREEK,1
22,87.0.2,388592,NORTH NASHVILLE,1
22,87.0.2,388593,NORTH NASHVILLE,1
22,87.0.2,388594,NORTH NASHVILLE,1
22,87.0.2,388595,NORTH NASHVILLE,1
22,87.0.2,388596,NORTH NASHVILLE,1
23,87.0.2,388982,B - WALMART VIA PARKWOOD-CHESAPEAKE,0
23,87.0.2,389037,B - WALMART VIA PARKWOOD-CHESAPEAKE,0
23,87.0.2,388979,B - WALMART VIA PARKWOOD-CHESAPEAKE,0
23,87.0.2,389039,B - WALMART VIA PARKWOOD-CHESAPEAKE,0
23,87.0.2,388983,B - WALMART VIA PARKWOOD-CHESAPEAKE,0
23,87.0.2,388980,B - WALMART VIA PARKWOOD-CHESAPEAKE,0
23,87.0.2,389038,B - WALMART VIA PARKWOOD-CHESAPEAKE,0
23,87.0.2,388981,B - WALMART VIA PARKWOOD-CHESAPEAKE,0
23,87.0.2,388977,B - WALMART VIA PARKWOOD-CHESAPEAKE,0
23,87.0.2,388990,B - WALMART VIA PARKWOOD-CHESAPEAKE,0
23,87.0.2,388991,B - WALMART VIA PARKWOOD-CHESAPEAKE,0
23,87.0.2,388992,B - WALMART VIA PARKWOOD-CHESAPEAKE,0
23,87.0.2,388993,B - WALMART VIA PARKWOOD-CHESAPEAKE,0
23,87.0.2,388994,B - WALMART VIA PARKWOOD-CHESAPEAKE,0
23,87.0.2,388995,B - WALMART VIA PARKWOOD-CHESAPEAKE,0
23,87.0.2,388996,B - WALMART VIA PARKWOOD-CHESAPEAKE,0
23,87.0.2,388997,B - WALMART VIA PARKWOOD-CHESAPEAKE,0
23,87.0.2,388998,B - WALMART VIA PARKWOOD-CHESAPEAKE,0
23,87.0.2,388999,B - WALMART VIA PARKWOOD-CHESAPEAKE,0
23,87.0.2,389000,B - WALMART VIA PARKWOOD-CHESAPEAKE,0
23,87.0.2,389001,B - WALMART VIA PARKWOOD-CHESAPEAKE,0
23,87.0.2,389002,B - WALMART VIA PARKWOOD-CHESAPEAKE,0
23,87.0.2,389003,B - WALMART VIA PARKWOOD-CHESAPEAKE,0
23,87.0.2,389004,B - WALMART VIA PARKWOOD-CHESAPEAKE,0
23,87.0.2,389005,B - WALMART VIA PARKWOOD-CHESAPEAKE,0
23,87.0.2,389006,B - WALMART VIA PARKWOOD-CHESAPEAKE,0
23,87.0.2,389007,B - WALMART VIA PARKWOOD-CHESAPEAKE,0
23,87.0.2,389008,B - WALMART VIA PARKWOOD-CHESAPEAKE,0
23,87.0.2,389009,B - WALMART VIA PARKWOOD-CHESAPEAKE,0
23,87.0.2,389010,A - DICKERSON WALMART,0
23,87.0.2,389011,B - WALMART VIA PARKWOOD-CHESAPEAKE,0
23,87.0.2,389012,B - WALMART VIA PARKWOOD-CHESAPEAKE,0
23,87.0.2,389013,B - WALMART VIA PARKWOOD-CHESAPEAKE,0
23,87.0.2,389014,B - WALMART VIA PARKWOOD-CHESAPEAKE,0
23,87.0.2,389015,B - WALMART VIA PARKWOOD-CHESAPEAKE,0
23,87.0.2,389016,B - WALMART VIA PARKWOOD-CHESAPEAKE,0
23,87.0.2,389017,B - WALMART VIA PARKWOOD-CHESAPEAKE,0
23,87.0.2,389018,B - WALMART VIA PARKWOOD-CHESAPEAKE,0
23,87.0.2,389019,B - WALMART VIA PARKWOOD-CHESAPEAKE,0
23,87.0.2,389020,B - WALMART VIA PARKWOOD-CHESAPEAKE,0
23,87.0.2,389021,B - WALMART VIA PARKWOOD-CHESAPEAKE,0
23,87.0.2,389022,B - WALMART VIA PARKWOOD-CHESAPEAKE,0
23,87.0.2,389023,B - WALMART VIA PARKWOOD-CHESAPEAKE,0
23,87.152.2,389024,B - WALMART VIA PARKWOOD-CHESAPEAKE,0
23,87.152.2,389025,B - WALMART VIA PARKWOOD-CHESAPEAKE,0
23,87.135.2,389026,B - WALMART VIA PARKWOOD-CHESAPEAKE,0
23,87.135.2,389027,B - WALMART VIA PARKWOOD-CHESAPEAKE,0
23,87.135.2,389028,B - WALMART VIA PARKWOOD-CHESAPEAKE,0
23,87.135.2,389029,B - WALMART VIA PARKWOOD-CHESAPEAKE,0
23,87.135.2,389030,B - WALMART VIA PARKWOOD-CHESAPEAKE,0
23,87.135.2,389031,B - WALMART VIA PARKWOOD-CHESAPEAKE,0
23,87.91.2,389032,B - WALMART VIA PARKWOOD-CHESAPEAKE,0
23,87.91.2,389033,B - WALMART VIA PARKWOOD-CHESAPEAKE,0
23,87.91.2,389034,B - WALMART VIA PARKWOOD-CHESAPEAKE,0
23,87.91.2,389035,B - WALMART VIA PARKWOOD-CHESAPEAKE,0
23,87.91.2,389036,B - WALMART VIA PARKWOOD-CHESAPEAKE,0
23,87.91.2,388978,B - WALMART VIA PARKWOOD-CHESAPEAKE,0
23,87.91.2,388969,B - WALMART VIA PARKWOOD-CHESAPEAKE,0
23,87.91.2,388973,B - WALMART VIA PARKWOOD-CHESAPEAKE,0
23,87.91.2,388970,B - WALMART VIA PARKWOOD-CHESAPEAKE,0
23,87.91.2,388974,B - WALMART VIA PARKWOOD-CHESAPEAKE,0
23,87.91.2,388971,B - WALMART VIA PARKWOOD-CHESAPEAKE,0
23,87.108.2,388975,B - WALMART VIA PARKWOOD-CHESAPEAKE,0
23,87.108.2,388972,B - WALMART VIA PARKWOOD-CHESAPEAKE,0
23,87.108.2,388976,B - WALMART VIA PARKWOOD-CHESAPEAKE,0
23,87.108.2,388986,B - WALMART VIA PARKWOOD-CHESAPEAKE,0
23,87.108.2,388984,B - WALMART VIA PARKWOOD-CHESAPEAKE,0
23,87.108.2,388987,B - WALMART VIA PARKWOOD-CHESAPEAKE,0
23,87.108.2,388985,B - WALMART VIA PARKWOOD-CHESAPEAKE,0
23,87.108.2,388988,B - WALMART VIA PARKWOOD-CHESAPEAKE,0
23,87.108.2,388989,B - WALMART VIA PARKWOOD-CHESAPEAKE,0
23,87.0.2,389077,DOWNTOWN,1
23,87.0.2,389130,DOWNTOWN,1
23,87.0.2,389068,DOWNTOWN,1
23,87.0.2,389084,DOWNTOWN,1
23,87.0.2,389085,DOWNTOWN,1
23,87.0.2,389086,DOWNTOWN,1
23,87.0.2,389087,DOWNTOWN,1
23,87.0.2,389088,DOWNTOWN,1
23,87.0.2,389089,DOWNTOWN,1
23,87.0.2,389090,DOWNTOWN,1
23,87.0.2,389091,DOWNTOWN,1
23,87.0.2,389092,DOWNTOWN,1
23,87.0.2,389093,DOWNTOWN,1
23,87.0.2,389094,DOWNTOWN,1
23,87.0.2,389095,DOWNTOWN,1
23,87.0.2,389096,DOWNTOWN,1
23,87.0.2,389097,DOWNTOWN,1
23,87.0.2,389098,DOWNTOWN,1
23,87.0.2,389099,DOWNTOWN,1
23,87.0.2,389100,DOWNTOWN,1
23,87.0.2,389101,DOWNTOWN,1
23,87.0.2,389102,DOWNTOWN,1
23,87.0.2,389103,DOWNTOWN,1
23,87.0.2,389104,DOWNTOWN,1
23,87.0.2,389105,DOWNTOWN,1
23,87.0.2,389106,DOWNTOWN,1
23,87.0.2,389107,DOWNTOWN,1
23,87.0.2,389108,DOWNTOWN,1
23,87.0.2,389109,DOWNTOWN,1
23,87.0.2,389110,DOWNTOWN,1
23,87.0.2,389111,DOWNTOWN,1
23,87.0.2,389112,DOWNTOWN,1
23,87.0.2,389113,DOWNTOWN,1
23,87.0.2,389114,DOWNTOWN,1
23,87.0.2,389115,DOWNTOWN,1
23,87.0.2,389116,DOWNTOWN,1
23,87.0.2,389117,DOWNTOWN,1
23,87.0.2,389118,DOWNTOWN,1
23,87.152.2,389119,DOWNTOWN,1
23,87.152.2,389120,DOWNTOWN,1
23,87.135.2,389121,DOWNTOWN,1
23,87.135.2,389122,DOWNTOWN,1
23,87.135.2,389123,DOWNTOWN,1
23,87.135.2,389124,DOWNTOWN,1
23,87.135.2,389125,DOWNTOWN,1
23,87.135.2,389126,DOWNTOWN,1
23,87.91.2,389127,DOWNTOWN,1
23,87.91.2,389128,DOWNTOWN,1
23,87.91.2,389129,DOWNTOWN,1
23,87.91.2,389131,DOWNTOWN,1
23,87.91.2,389132,DOWNTOWN,1
23,87.91.2,389069,DOWNTOWN,1
23,87.91.2,389070,DOWNTOWN,1
23,87.91.2,389071,DOWNTOWN,1
23,87.91.2,389072,DOWNTOWN,1
23,87.91.2,389073,DOWNTOWN,1
23,87.108.2,389074,DOWNTOWN,1
23,87.108.2,389075,DOWNTOWN,1
23,87.108.2,389076,DOWNTOWN,1
23,87.108.2,389080,DOWNTOWN,1
23,87.108.2,389078,DOWNTOWN,1
23,87.108.2,389081,DOWNTOWN,1
23,87.108.2,389079,DOWNTOWN,1
23,87.108.2,389082,DOWNTOWN,1
23,87.108.2,389083,DOWNTOWN,1
28,87.0.2,389439,DOWNTOWN,0
28,87.0.2,389437,DOWNTOWN,0
28,87.0.2,389436,DOWNTOWN,0
28,87.0.2,389435,DOWNTOWN,0
28,87.0.2,389434,DOWNTOWN,0
28,87.0.2,389433,DOWNTOWN,0
28,87.0.2,389432,DOWNTOWN,0
28,87.0.2,389431,DOWNTOWN,0
28,87.0.2,389430,DOWNTOWN,0
28,87.0.2,389429,DOWNTOWN,0
28,87.0.2,389428,DOWNTOWN,0
28,87.0.2,389427,DOWNTOWN,0
28,87.0.2,389426,DOWNTOWN,0
28,87.0.2,389425,DOWNTOWN,0
28,87.0.2,389424,DOWNTOWN,0
28,87.0.2,389423,DOWNTOWN,0
28,87.0.2,389422,DOWNTOWN,0
28,87.0.2,389421,DOWNTOWN,0
28,87.0.2,389438,DOWNTOWN,0
28,87.0.2,389456,OAKWOOD,1
28,87.0.2,389455,OAKWOOD,1
28,87.0.2,389454,OAKWOOD,1
28,87.0.2,389453,OAKWOOD,1
28,87.0.2,389452,OAKWOOD,1
28,87.0.2,389451,OAKWOOD,1
28,87.0.2,389450,OAKWOOD,1
28,87.0.2,389449,OAKWOOD,1
28,87.0.2,389448,OAKWOOD,1
28,87.0.2,389447,OAKWOOD,1
28,87.0.2,389446,OAKWOOD,1
28,87.0.2,389445,OAKWOOD,1
28,87.0.2,389444,OAKWOOD,1
28,87.0.2,389443,OAKWOOD,1
28,87.0.2,389442,OAKWOOD,1
28,87.0.2,389441,OAKWOOD,1
28,87.0.2,389440,OAKWOOD,1
28,87.0.2,389457,OAKWOOD,1
29,87.0.2,389610,TENNESSEE STATE UNIVERSITY,0
29,87.0.2,389608,TENNESSEE STATE UNIVERSITY,0
29,87.0.2,389606,TENNESSEE STATE UNIVERSITY,0
29,87.0.2,389605,TENNESSEE STATE UNIVERSITY,0
29,87.0.2,389604,TENNESSEE STATE UNIVERSITY,0
29,87.0.2,389603,TENNESSEE STATE UNIVERSITY,0
29,87.0.2,389602,TENNESSEE STATE UNIVERSITY,0
29,87.0.2,389601,TENNESSEE STATE UNIVERSITY,0
29,87.0.2,389600,TENNESSEE STATE UNIVERSITY,0
29,87.0.2,389599,TENNESSEE STATE UNIVERSITY,0
29,87.0.2,389598,TENNESSEE STATE UNIVERSITY,0
29,87.0.2,389597,TENNESSEE STATE UNIVERSITY,0
29,87.0.2,389596,TENNESSEE STATE UNIVERSITY,0
29,87.0.2,389595,TENNESSEE STATE UNIVERSITY,0
29,87.0.2,389594,TENNESSEE STATE UNIVERSITY,0
29,87.0.2,389593,TENNESSEE STATE UNIVERSITY,0
29,87.0.2,389592,TENNESSEE STATE UNIVERSITY,0
29,87.0.2,389591,TENNESSEE STATE UNIVERSITY,0
29,87.0.2,389590,TENNESSEE STATE UNIVERSITY,0
29,87.0.2,389589,TENNESSEE STATE UNIVERSITY,0
29,87.0.2,389588,TENNESSEE STATE UNIVERSITY,0
29,87.0.2,389587,TENNESSEE STATE UNIVERSITY,0
29,87.0.2,389586,TENNESSEE STATE UNIVERSITY,0
29,87.0.2,389585,TENNESSEE STATE UNIVERSITY,0
29,87.0.2,389584,TENNESSEE STATE UNIVERSITY,0
29,87.0.2,389583,TENNESSEE STATE UNIVERSITY,0
29,87.0.2,389582,TENNESSEE STATE UNIVERSITY,0
29,87.0.2,389581,TENNESSEE STATE UNIVERSITY,0
29,87.0.2,389580,TENNESSEE STATE UNIVERSITY,0
29,87.0.2,389579,TENNESSEE STATE UNIVERSITY,0
29,87.0.2,389578,TENNESSEE STATE UNIVERSITY,0
29,87.0.2,389577,TENNESSEE STATE UNIVERSITY,0
29,87.0.2,389611,TENNESSEE STATE UNIVERSITY,0
29,87.0.2,389607,TENNESSEE STATE UNIVERSITY,0
29,87.0.2,389609,TENNESSEE STATE UNIVERSITY,0
29,87.0.2,389646,DOWNTOWN,1
29,87.0.2,389644,DOWNTOWN,1
29,87.0.2,389643,DOWNTOWN,1
29,87.0.2,389642,DOWNTOWN,1
29,87.0.2,389641,DOWNTOWN,1
29,87.0.2,389640,DOWNTOWN,1
29,87.0.2,389639,DOWNTOWN,1
29,87.0.2,389638,DOWNTOWN,1
29,87.0.2,389637,DOWNTOWN,1
29,87.0.2,389636,DOWNTOWN,1
29,87.0.2,389635,DOWNTOWN,1
29,87.0.2,389634,DOWNTOWN,1
29,87.0.2,389633,DOWNTOWN,1
29,87.0.2,389632,DOWNTOWN,1
29,87.0.2,389631,DOWNTOWN,1
29,87.0.2,389630,DOWNTOWN,1
29,87.0.2,389629,DOWNTOWN,1
29,87.0.2,389628,DOWNTOWN,1
29,87.0.2,389627,DOWNTOWN,1
29,87.0.2,389626,DOWNTOWN,1
29,87.0.2,389625,DOWNTOWN,1
29,87.0.2,389624,DOWNTOWN,1
29,87.0.2,389623,DOWNTOWN,1
29,87.0.2,389622,DOWNTOWN,1
29,87.0.2,389621,DOWNTOWN,1
29,87.0.2,389620,DOWNTOWN,1
29,87.0.2,389619,DOWNTOWN,1
29,87.0.2,389618,DOWNTOWN,1
29,87.0.2,389617,DOWNTOWN,1
29,87.0.2,389616,DOWNTOWN,1
29,87.0.2,389615,DOWNTOWN,1
29,87.0.2,389614,DOWNTOWN,1
29,87.0.2,389613,DOWNTOWN,1
29,87.0.2,389612,DOWNTOWN,1
29,87.0.2,389645,DOWNTOWN,1
3,87.0.2,389922,A -WHITE BRIDGE,0
3,87.0.2,389931,B - BELLEVUE,0
3,87.0.2,389918,A -WHITE BRIDGE,0
3,87.0.2,389957,B - BELLEVUE,0
3,87.0.2,389934,A -WHITE BRIDGE,0
3,87.0.2,389958,B - BELLEVUE,0
3,87.0.2,389935,A -WHITE BRIDGE,0
3,87.0.2,389959,B - BELLEVUE,0
3,87.0.2,389936,A -WHITE BRIDGE,0
3,87.0.2,389960,B - BELLEVUE,0
3,87.0.2,389937,A -WHITE BRIDGE,0
3,87.0.2,389961,B - BELLEVUE,0
3,87.0.2,389938,A -WHITE BRIDGE,0
3,87.0.2,389962,B - BELLEVUE,0
3,87.0.2,389939,A -WHITE BRIDGE,0
3,87.0.2,389963,B - BELLEVUE,0
3,87.0.2,389940,A -WHITE BRIDGE,0
3,87.0.2,389964,B - BELLEVUE,0
3,87.0.2,389941,A -WHITE BRIDGE,0
3,87.0.2,389965,B - BELLEVUE,0
3,87.0.2,389942,A -WHITE BRIDGE,0
3,87.0.2,389966,B - BELLEVUE,0
3,87.0.2,389943,A -WHITE BRIDGE,0
3,87.0.2,389967,B - BELLEVUE,0
3,87.0.2,389944,A -WHITE BRIDGE,0
3,87.0.2,389968,B - BELLEVUE,0
3,87.0.2,389945,A -WHITE BRIDGE,0
3,87.0.2,389969,B - BELLEVUE,0
3,87.0.2,389946,A -WHITE BRIDGE,0
3,87.0.2,389970,B - BELLEVUE,0
3,87.0.2,389947,A -WHITE BRIDGE,0
3,87.0.2,389971,B - BELLEVUE,0
3,87.0.2,389948,A -WHITE BRIDGE,0
3,87.0.2,389972,B - BELLEVUE,0
3,87.0.2,389949,A -WHITE BRIDGE,0
3,87.0.2,389973,B - BELLEVUE,0
3,87.0.2,389950,A -WHITE BRIDGE,0
3,87.0.2,389974,B - BELLEVUE,0
3,87.0.2,389951,A -WHITE BRIDGE,0
3,87.0.2,389975,B - BELLEVUE,0
3,87.0.2,389952,A -WHITE BRIDGE,0
3,87.0.2,389976,B - BELLEVUE,0
3,87.0.2,389953,A -WHITE BRIDGE,0
3,87.0.2,389977,B - BELLEVUE,0
3,87.0.2,389954,A -WHITE BRIDGE,0
3,87.0.2,389978,B - BELLEVUE,0
3,87.0.2,389955,A -WHITE BRIDGE,0
3,87.0.2,389979,B - BELLEVUE,0
3,87.0.2,389956,A -WHITE BRIDGE,0
3,87.0.2,389980,B - BELLEVUE,0
3,87.0.2,389917,A -WHITE BRIDGE,0
3,87.0.2,389924,B - BELLEVUE,0
3,87.0.2,389916,A -WHITE BRIDGE,0
3,87.0.2,389925,B - BELLEVUE,0
3,87.0.2,389921,A - WHITE BRIDGE,0
3,87.0.2,389926,B - BELLEVUE,0
3,87.0.2,389915,A - WHITE BRIDGE,0
3,87.0.2,389927,B - BELLEVUE,0
3,87.0.2,389914,A -WHITE BRIDGE,0
3,87.0.2,389928,B - BELLEVUE,0
3,87.0.2,389919,A -WHITE BRIDGE,0
3,87.0.2,389929,B - BELLEVUE,0
3,87.0.2,389920,A -WHITE BRIDGE,0
3,87.0.2,389930,B - BELLEVUE,0
3,87.0.2,389923,A - WHITE BRIDGE,0
3,87.0.2,389932,B - BELLEVUE,0
3,87.0.2,389933,AB - WHITE BRIDGE BELLEVUE,0
3,87.0.2,389993,A - DOWNTOWN,1
3,87.0.2,390003,B - DOWNTOWN,1
3,87.0.2,389991,A - DOWNTOWN,1
3,87.0.2,390000,B - DOWNTOWN,1
3,87.0.2,390006,A - DOWNTOWN,1
3,87.0.2,390029,B - DOWNTOWN,1
3,87.0.2,390007,A - DOWNTOWN,1
3,87.0.2,390030,B - DOWNTOWN,1
3,87.0.2,390008,A - DOWNTOWN,1
3,87.0.2,390031,B - DOWNTOWN,1
3,87.0.2,390009,A - DOWNTOWN,1
3,87.0.2,390032,B - DOWNTOWN,1
3,87.0.2,390010,A - DOWNTOWN,1
3,87.0.2,390033,B - DOWNTOWN,1
3,87.0.2,390011,A - DOWNTOWN,1
3,87.0.2,390034,B - DOWNTOWN,1
3,87.0.2,390012,A - DOWNTOWN,1
3,87.0.2,390035,B - DOWNTOWN,1
3,87.0.2,390013,A - DOWNTOWN,1
3,87.0.2,390036,B - DOWNTOWN,1
3,87.0.2,390014,A - DOWNTOWN,1
3,87.0.2,390037,B - DOWNTOWN,1
3,87.0.2,390015,A - DOWNTOWN,1
3,87.0.2,390038,B - DOWNTOWN,1
3,87.0.2,390016,A - DOWNTOWN,1
3,87.0.2,390039,B - DOWNTOWN,1
3,87.0.2,390017,A - DOWNTOWN,1
3,87.0.2,390040,B - DOWNTOWN,1
3,87.0.2,390018,A - DOWNTOWN,1
3,87.0.2,390041,B - DOWNTOWN,1
3,87.0.2,390019,A - DOWNTOWN,1
3,87.0.2,390042,B - DOWNTOWN,1
3,87.0.2,390020,A - DOWNTOWN,1
3,87.0.2,390043,B - DOWNTOWN,1
3,87.0.2,390021,A - DOWNTOWN,1
3,87.0.2,390044,B - DOWNTOWN,1
3,87.0.2,390022,A - DOWNTOWN,1
3,87.0.2,390045,B - DOWNTOWN,1
3,87.0.2,390023,A - DOWNTOWN,1
3,87.0.2,390046,B - DOWNTOWN,1
3,87.0.2,390024,A - DOWNTOWN,1
3,87.0.2,390047,B - DOWNTOWN,1
3,87.0.2,390025,A - DOWNTOWN,1
3,87.0.2,390048,B - DOWNTOWN,1
3,87.0.2,390026,A - DOWNTOWN,1
3,87.0.2,390049,B - DOWNTOWN,1
3,87.0.2,390027,A - DOWNTOWN,1
3,87.0.2,390050,B - DOWNTOWN,1
3,87.0.2,390028,A - DOWNTOWN,1
3,87.0.2,390051,B - DOWNTOWN,1
3,87.0.2,389990,A - DOWNTOWN,1
3,87.0.2,389995,B - DOWNTOWN,1
3,87.0.2,389989,A - DOWNTOWN,1
3,87.0.2,389996,B - DOWNTOWN,1
3,87.0.2,389988,A - DOWNTOWN,1
3,87.0.2,389997,B - DOWNTOWN,1
3,87.0.2,389987,A - DOWNTOWN,1
3,87.0.2,389998,B - DOWNTOWN,1
3,87.0.2,389986,A - DOWNTOWN,1
3,87.0.2,389999,B - DOWNTOWN,1
3,87.0.2,389985,A - DOWNTOWN,1
3,87.0.2,390001,B - DOWNTOWN,1
3,87.0.2,389992,A - DOWNTOWN,1
3,87.0.2,390002,B - DOWNTOWN,1
3,87.0.2,389994,A - DOWNTOWN,1
3,87.0.2,390004,B - DOWNTOWN,1
3,87.0.2,390005,A - DOWNTOWN,1
34,87.0.2,390274,OPRY MILLS VIA ELLINGTON,0
34,87.0.2,390277,OPRY MILLS VIA ELLINGTON,0
34,87.0.2,390275,OPRY MILLS VIA ELLINGTON,0
34,87.0.2,390276,OPRY MILLS VIA ELLINGTON,0
34,87.0.2,390300,OPRY MILLS VIA ELLINGTON,0
34,87.0.2,390278,OPRY MILLS VIA ELLINGTON,0
34,87.0.2,390306,OPRY MILLS VIA ELLINGTON,0
34,87.0.2,390279,OPRY MILLS VIA ELLINGTON,0
34,87.0.2,390280,OPRY MILLS VIA ELLINGTON,0
34,87.0.2,390301,OPRY MILLS VIA ELLINGTON,0
34,87.0.2,390281,OPRY MILLS VIA ELLINGTON,0
34,87.0.2,390282,OPRY MILLS VIA ELLINGTON,0
34,87.0.2,390283,OPRY MILLS VIA ELLINGTON,0
34,87.0.2,390302,OPRY MILLS VIA ELLINGTON,0
34,87.0.2,390284,OPRY MILLS VIA ELLINGTON,0
34,87.0.2,390285,OPRY MILLS VIA ELLINGTON,0
34,87.0.2,390286,OPRY MILLS VIA ELLINGTON,0
34,87.0.2,390303,OPRY MILLS VIA ELLINGTON,0
34,87.0.2,390287,OPRY MILLS VIA ELLINGTON,0
34,87.0.2,390288,OPRY MILLS VIA ELLINGTON,0
34,87.0.2,390289,OPRY MILLS VIA ELLINGTON,0
34,87.0.2,390304,OPRY MILLS VIA ELLINGTON,0
34,87.0.2,390290,OPRY MILLS VIA ELLINGTON,0
34,87.0.2,390291,OPRY MILLS VIA ELLINGTON,0
34,87.0.2,390292,OPRY MILLS VIA ELLINGTON,0
34,87.0.2,390305,OPRY MILLS VIA ELLINGTON,0
34,87.0.2,390293,OPRY MILLS VIA ELLINGTON,0
34,87.0.2,390294,OPRY MILLS VIA ELLINGTON,0
34,87.0.2,390295,OPRY MILLS VIA ELLINGTON,0
34,87.0.2,390296,OPRY MILLS VIA ELLINGTON,0
34,87.0.2,390297,OPRY MILLS VIA ELLINGTON,0
34,87.0.2,390298,OPRY MILLS VIA ELLINGTON,0
34,87.0.2,390307,OPRY MILLS VIA ELLINGTON,0
34,87.0.2,390299,OPRY MILLS VIA ELLINGTON,0
34,87.0.2,390308,DOWNTOWN VIA ELLINGTON,1
34,87.0.2,390316,DOWNTOWN VIA ELLINGTON,1
34,87.0.2,390335,DOWNTOWN VIA ELLINGTON,1
34,87.0.2,390310,DOWNTOWN VIA ELLINGTON,1
34,87.0.2,390312,DOWNTOWN VIA ELLINGTON,1
34,87.0.2,390334,DOWNTOWN VIA ELLINGTON,1
34,87.0.2,390314,DOWNTOWN VIA ELLINGTON,1
34,87.0.2,390309,DOWNTOWN VIA ELLINGTON,1
34,87.0.2,390311,DOWNTOWN VIA ELLINGTON,1
34,87.0.2,390336,DOWNTOWN VIA ELLINGTON,1
34,87.0.2,390313,DOWNTOWN VIA ELLINGTON,1
34,87.0.2,390315,DOWNTOWN VIA ELLINGTON,1
34,87.0.2,390317,DOWNTOWN VIA ELLINGTON,1
34,87.0.2,390337,DOWNTOWN VIA ELLINGTON,1
34,87.0.2,390318,DOWNTOWN VIA ELLINGTON,1
34,87.0.2,390319,DOWNTOWN VIA ELLINGTON,1
34,87.0.2,390320,DOWNTOWN VIA ELLINGTON,1
34,87.0.2,390338,DOWNTOWN VIA ELLINGTON,1
34,87.0.2,390321,DOWNTOWN VIA ELLINGTON,1
34,87.0.2,390322,DOWNTOWN VIA ELLINGTON,1
34,87.0.2,390323,DOWNTOWN VIA ELLINGTON,1
34,87.0.2,390339,DOWNTOWN VIA ELLINGTON,1
34,87.0.2,390324,DOWNTOWN VIA ELLINGTON,1
34,87.0.2,390325,DOWNTOWN VIA ELLINGTON,1
34,87.0.2,390326,DOWNTOWN VIA ELLINGTON,1
34,87.0.2,390340,DOWNTOWN VIA ELLINGTON,1
34,87.0.2,390327,DOWNTOWN VIA ELLINGTON,1
34,87.0.2,390328,DOWNTOWN VIA ELLINGTON,1
34,87.0.2,390329,DOWNTOWN VIA ELLINGTON,1
34,87.0.2,390330,DOWNTOWN VIA ELLINGTON,1
34,87.0.2,390331,DOWNTOWN VIA ELLINGTON,1
34,87.0.2,390332,DOWNTOWN VIA ELLINGTON,1
34,87.0.2,390341,DOWNTOWN VIA ELLINGTON,1
34,87.0.2,390333,DOWNTOWN VIA ELLINGTON,1
4,87.0.2,390536,INGLEWOOD,0
4,87.0.2,390535,INGLEWOOD,0
4,87.0.2,390534,INGLEWOOD,0
4,87.0.2,390533,INGLEWOOD,0
4,87.0.2,390532,INGLEWOOD,0
4,87.0.2,390531,INGLEWOOD,0
4,87.0.2,390530,INGLEWOOD,0
4,87.0.2,390529,INGLEWOOD,0
4,87.0.2,390528,INGLEWOOD,0
4,87.0.2,390527,INGLEWOOD,0
4,87.0.2,390526,INGLEWOOD,0
4,87.0.2,390525,INGLEWOOD,0
4,87.0.2,390524,INGLEWOOD,0
4,87.0.2,390523,INGLEWOOD,0
4,87.0.2,390522,INGLEWOOD,0
4,87.0.2,390521,INGLEWOOD,0
4,87.0.2,390520,INGLEWOOD,0
4,87.0.2,390519,INGLEWOOD,0
4,87.0.2,390518,INGLEWOOD,0
4,87.0.2,390517,INGLEWOOD,0
4,87.0.2,390516,INGLEWOOD,0
4,87.0.2,390515,INGLEWOOD,0
4,87.0.2,390514,INGLEWOOD,0
4,87.0.2,390539,INGLEWOOD,0
4,87.0.2,390513,INGLEWOOD,0
4,87.0.2,390537,INGLEWOOD,0
4,87.0.2,390538,INGLEWOOD,0
4,87.0.2,390540,INGLEWOOD,0
4,87.0.2,390567,DOWNTOWN,1
4,87.0.2,390543,DOWNTOWN,1
4,87.0.2,390542,DOWNTOWN,1
4,87.0.2,390544,DOWNTOWN,1
4,87.0.2,390545,DOWNTOWN,1
4,87.0.2,390546,DOWNTOWN,1
4,87.0.2,390547,DOWNTOWN,1
4,87.0.2,390548,DOWNTOWN,1
4,87.0.2,390549,DOWNTOWN,1
4,87.0.2,390550,DOWNTOWN,1
4,87.0.2,390551,DOWNTOWN,1
4,87.0.2,390552,DOWNTOWN,1
4,87.0.2,390553,DOWNTOWN,1
4,87.0.2,390554,DOWNTOWN,1
4,87.0.2,390555,DOWNTOWN,1
4,87.0.2,390556,DOWNTOWN,1
4,87.0.2,390557,DOWNTOWN,1
4,87.0.2,390558,DOWNTOWN,1
4,87.0.2,390559,DOWNTOWN,1
4,87.0.2,390560,DOWNTOWN,1
4,87.0.2,390561,DOWNTOWN,1
4,87.0.2,390562,DOWNTOWN,1
4,87.0.2,390563,DOWNTOWN,1
4,87.0.2,390564,DOWNTOWN,1
4,87.0.2,390565,DOWNTOWN,1
4,87.0.2,390566,DOWNTOWN,1
4,87.0.2,390570,DOWNTOWN,1
4,87.0.2,390541,DOWNTOWN,1
4,87.0.2,390568,DOWNTOWN,1
4,87.0.2,390569,DOWNTOWN,1
4,87.0.2,390571,SHELBY PARK,1
41,87.0.2,390678,TRINITY HILLS,0
41,87.0.2,390679,TRINITY HILLS,0
41,87.0.2,390680,TRINITY HILLS,0
41,87.0.2,390681,TRINITY HILLS,0
41,87.0.2,390682,TRINITY HILLS,0
41,87.0.2,390683,TRINITY HILLS,0
41,87.0.2,390684,TRINITY HILLS,0
41,87.0.2,390685,TRINITY HILLS,0
41,87.0.2,390686,TRINITY HILLS,0
41,87.0.2,390687,TRINITY HILLS,0
41,87.152.2,390688,TRINITY HILLS,0
41,87.135.2,390689,TRINITY HILLS,0
41,87.91.2,390691,TRINITY HILLS,0
41,87.91.2,390693,TRINITY HILLS,0
41,87.0.2,390696,DOWNTOWN,1
41,87.0.2,390697,DOWNTOWN,1
41,87.0.2,390698,DOWNTOWN,1
41,87.0.2,390699,DOWNTOWN,1
41,87.0.2,390700,DOWNTOWN,1
41,87.0.2,390701,DOWNTOWN,1
41,87.0.2,390702,DOWNTOWN,1
41,87.0.2,390703,DOWNTOWN,1
41,87.0.2,390704,DOWNTOWN,1
41,87.0.2,390705,DOWNTOWN,1
41,87.135.2,390706,DOWNTOWN,1
41,87.135.2,390707,DOWNTOWN,1
41,87.91.2,390709,DOWNTOWN,1
41,87.91.2,390711,DOWNTOWN,1
42,87.0.2,390820,NORTH NASHVILLE,0
42,87.0.2,390821,NORTH NASHVILLE,0
42,87.0.2,390822,NORTH NASHVILLE,0
42,87.0.2,390823,NORTH NASHVILLE,0
42,87.0.2,390824,NORTH NASHVILLE,0
42,87.0.2,390825,NORTH NASHVILLE,0
42,87.0.2,390826,NORTH NASHVILLE,0
42,87.0.2,390827,NORTH NASHVILLE,0
42,87.0.2,390828,NORTH NASHVILLE,0
42,87.0.2,390829,NORTH NASHVILLE,0
42,87.0.2,390830,NORTH NASHVILLE,0
42,87.0.2,390831,NORTH NASHVILLE,0
42,87.0.2,390832,NORTH NASHVILLE,0
42,87.0.2,390833,NORTH NASHVILLE,0
42,87.0.2,390834,NORTH NASHVILLE,0
42,87.0.2,390835,NORTH NASHVILLE,0
42,87.0.2,390836,NORTH NASHVILLE,0
42,87.0.2,390837,NORTH NASHVILLE,0
42,87.0.2,390838,DOWNTOWN,1
42,87.0.2,390839,DOWNTOWN,1
42,87.0.2,390840,DOWNTOWN,1
42,87.0.2,390841,DOWNTOWN,1
42,87.0.2,390842,DOWNTOWN,1
42,87.0.2,390843,DOWNTOWN,1
42,87.0.2,390844,DOWNTOWN,1
42,87.0.2,390845,DOWNTOWN,1
42,87.0.2,390846,DOWNTOWN,1
42,87.0.2,390847,DOWNTOWN,1
42,87.0.2,390848,DOWNTOWN,1
42,87.0.2,390849,DOWNTOWN,1
42,87.0.2,390850,DOWNTOWN,1
42,87.0.2,390851,DOWNTOWN,1
42,87.0.2,390852,DOWNTOWN,1
42,87.0.2,390853,DOWNTOWN,1
42,87.0.2,390854,DOWNTOWN,1
42,87.0.2,390855,DOWNTOWN,1
50,87.0.2,391393,CHARLOTTE WALMART,0
50,87.0.2,391447,CHARLOTTE WALMART,0
50,87.0.2,391383,CHARLOTTE WALMART,0
50,87.0.2,391400,CHARLOTTE WALMART,0
50,87.0.2,391401,CHARLOTTE WALMART,0
50,87.0.2,391402,CHARLOTTE WALMART,0
50,87.0.2,391403,CHARLOTTE WALMART,0
50,87.0.2,391404,CHARLOTTE WALMART,0
50,87.0.2,391405,CHARLOTTE WALMART,0
50,87.0.2,391406,CHARLOTTE WALMART,0
50,87.0.2,391407,CHARLOTTE WALMART,0
50,87.0.2,391408,CHARLOTTE WALMART,0
50,87.0.2,391409,CHARLOTTE WALMART,0
50,87.0.2,391410,CHARLOTTE WALMART,0
50,87.0.2,391411,CHARLOTTE WALMART,0
50,87.0.2,391412,CHARLOTTE WALMART,0
50,87.0.2,391413,CHARLOTTE WALMART,0
50,87.0.2,391414,CHARLOTTE WALMART,0
50,87.0.2,391415,CHARLOTTE WALMART,0
50,87.0.2,391416,CHARLOTTE WALMART,0
50,87.0.2,391417,CHARLOTTE WALMART,0
50,87.0.2,391418,CHARLOTTE WALMART,0
50,87.0.2,391419,CHARLOTTE WALMART,0
50,87.0.2,391420,CHARLOTTE WALMART,0
50,87.0.2,391421,CHARLOTTE WALMART,0
50,87.0.2,391422,CHARLOTTE WALMART,0
50,87.0.2,391423,CHARLOTTE WALMART,0
50,87.0.2,391424,CHARLOTTE WALMART,0
50,87.0.2,391425,CHARLOTTE WALMART,0
50,87.0.2,391426,CHARLOTTE WALMART,0
50,87.0.2,391427,CHARLOTTE WALMART,0
50,87.0.2,391428,CHARLOTTE WALMART,0
50,87.0.2,391429,CHARLOTTE WALMART,0
50,87.0.2,391430,CHARLOTTE WALMART,0
50,87.0.2,391431,CHARLOTTE WALMART,0
50,87.0.2,391432,CHARLOTTE WALMART,0
50,87.0.2,391433,CHARLOTTE WALMART,0
50,87.0.2,391434,CHARLOTTE WALMART,0
50,87.0.2,391435,CHARLOTTE WALMART,0
50,87.0.2,391436,CHARLOTTE WALMART,0
50,87.0.2,391437,CHARLOTTE WALMART,0
50,87.0.2,391438,CHARLOTTE WALMART,0
50,87.0.2,391439,CHARLOTTE WALMART,0
50,87.0.2,391440,CHARLOTTE WALMART,0
50,87.0.2,391441,CHARLOTTE WALMART,0
50,87.0.2,391442,CHARLOTTE WALMART,0
50,87.0.2,391443,CHARLOTTE WALMART,0
50,87.0.2,391444,CHARLOTTE WALMART,0
50,87.0.2,391445,CHARLOTTE WALMART,0
50,87.0.2,391446,CHARLOTTE WALMART,0
50,87.0.2,391392,CHARLOTTE WALMART,0
50,87.0.2,391391,CHARLOTTE WALMART,0
50,87.0.2,391390,CHARLOTTE WALMART,0
50,87.0.2,391389,CHARLOTTE WALMART,0
50,87.0.2,391388,CHARLOTTE WALMART,0
50,87.0.2,391387,CHARLOTTE WALMART,0
50,87.0.2,391386,CHARLOTTE WALMART,0
50,87.0.2,391385,CHARLOTTE WALMART,0
50,87.0.2,391384,CHARLOTTE WALMART,0
50,87.0.2,391396,CHARLOTTE WALMART,0
50,87.0.2,391394,CHARLOTTE WALMART,0
50,87.0.2,391397,CHARLOTTE WALMART,0
50,87.0.2,391395,CHARLOTTE WALMART,0
50,87.0.2,391398,CHARLOTTE WALMART,0
50,87.0.2,391399,CHARLOTTE WALMART,0
50,87.0.2,391458,DOWNTOWN,1
50,87.0.2,391448,DOWNTOWN,1
50,87.0.2,391512,DOWNTOWN,1
50,87.0.2,391465,DOWNTOWN,1
50,87.0.2,391466,DOWNTOWN,1
50,87.0.2,391467,DOWNTOWN,1
50,87.0.2,391468,DOWNTOWN,1
50,87.0.2,391469,DOWNTOWN,1
50,87.0.2,391470,DOWNTOWN,1
50,87.0.2,391471,DOWNTOWN,1
50,87.0.2,391472,DOWNTOWN,1
50,87.0.2,391473,DOWNTOWN,1
50,87.0.2,391474,DOWNTOWN,1
50,87.0.2,391475,DOWNTOWN,1
50,87.0.2,391476,DOWNTOWN,1
50,87.0.2,391477,DOWNTOWN,1
50,87.0.2,391478,DOWNTOWN,1
50,87.0.2,391479,DOWNTOWN,1
50,87.0.2,391480,DOWNTOWN,1
50,87.0.2,391481,DOWNTOWN,1
50,87.0.2,391482,DOWNTOWN,1
50,87.0.2,391483,DOWNTOWN,1
50,87.0.2,391484,DOWNTOWN,1
50,87.0.2,391485,DOWNTOWN,1
50,87.0.2,391486,DOWNTOWN,1
50,87.0.2,391487,DOWNTOWN,1
50,87.0.2,391488,DOWNTOWN,1
50,87.0.2,391489,DOWNTOWN,1
50,87.0.2,391490,DOWNTOWN,1
50,87.0.2,391491,DOWNTOWN,1
50,87.0.2,391492,DOWNTOWN,1
50,87.0.2,391493,DOWNTOWN,1
50,87.0.2,391494,DOWNTOWN,1
50,87.0.2,391495,DOWNTOWN,1
50,87.0.2,391496,DOWNTOWN,1
50,87.0.2,391497,DOWNTOWN,1
50,87.0.2,391498,DOWNTOWN,1
50,87.0.2,391499,DOWNTOWN,1
50,87.0.2,391500,DOWNTOWN,1
50,87.0.2,391501,DOWNTOWN,1
50,87.0.2,391502,DOWNTOWN,1
50,87.0.2,391503,DOWNTOWN,1
50,87.0.2,391504,DOWNTOWN,1
50,87.0.2,391505,DOWNTOWN,1
50,87.0.2,391506,DOWNTOWN,1
50,87.0.2,391507,DOWNTOWN,1
50,87.0.2,391508,DOWNTOWN,1
50,87.0.2,391509,DOWNTOWN,1
50,87.0.2,391510,DOWNTOWN,1
50,87.0.2,391511,DOWNTOWN,1
50,87.0.2,391457,DOWNTOWN,1
50,87.0.2,391456,DOWNTOWN,1
50,87.0.2,391455,DOWNTOWN,1
50,87.0.2,391454,DOWNTOWN,1
50,87.0.2,391453,DOWNTOWN,1
50,87.0.2,391452,DOWNTOWN,1
50,87.0.2,391451,DOWNTOWN,1
50,87.0.2,391450,DOWNTOWN,1
50,87.0.2,391449,DOWNTOWN,1
50,87.0.2,391461,DOWNTOWN,1
50,87.0.2,391459,DOWNTOWN,1
50,87.0.2,391462,DOWNTOWN,1
50,87.0.2,391460,DOWNTOWN,1
50,87.0.2,391463,DOWNTOWN,1
50,87.0.2,391464,DOWNTOWN,1
52,87.0.2,391859,A - HICKORY PLAZA,0
52,87.0.2,391910,B - EZELL,0
52,87.0.2,391844,A - HICKORY PLAZA,0
52,87.0.2,391849,B - EZELL,0
52,87.0.2,391864,A - HICKORY PLAZA,0
52,87.0.2,391887,B - EZELL,0
52,87.0.2,391865,A - HICKORY PLAZA,0
52,87.0.2,391888,B - EZELL,0
52,87.0.2,391866,A - HICKORY PLAZA,0
52,87.0.2,391889,B - EZELL,0
52,87.0.2,391867,A - HICKORY PLAZA,0
52,87.0.2,391890,B - EZELL,0
52,87.0.2,391868,A - HICKORY PLAZA,0
52,87.0.2,391891,B - EZELL,0
52,87.0.2,391869,A - HICKORY PLAZA,0
52,87.0.2,391892,B - EZELL,0
52,87.0.2,391870,A - HICKORY PLAZA,0
52,87.0.2,391893,B - EZELL,0
52,87.0.2,391871,A - HICKORY PLAZA,0
52,87.0.2,391894,B - EZELL,0
52,87.0.2,391872,A - HICKORY PLAZA,0
52,87.0.2,391895,B - EZELL,0
52,87.0.2,391873,A - HICKORY PLAZA,0
52,87.0.2,391896,B - EZELL,0
52,87.0.2,391874,A - HICKORY PLAZA,0
52,87.0.2,391897,B - EZELL,0
52,87.0.2,391875,A - HICKORY PLAZA,0
52,87.0.2,391898,B - EZELL,0
52,87.0.2,391876,A - HICKORY PLAZA,0
52,87.0.2,391899,B - EZELL,0
52,87.0.2,391877,A - HICKORY PLAZA,0
52,87.0.2,391900,B - EZELL,0
52,87.0.2,391878,A - HICKORY PLAZA,0
52,87.0.2,391901,B - EZELL,0
52,87.0.2,391879,A - HICKORY PLAZA,0
52,87.0.2,391902,B - EZELL,0
52,87.0.2,391880,A - HICKORY PLAZA,0
52,87.0.2,391903,B - EZELL,0
52,87.0.2,391881,A - HICKORY PLAZA,0
52,87.0.2,391904,B - EZELL,0
52,87.0.2,391882,A - HICKORY PLAZA,0
52,87.0.2,391905,B - EZELL,0
52,87.0.2,391883,A - HICKORY PLAZA,0
52,87.0.2,391906,B - EZELL,0
52,87.0.2,391884,A - HICKORY PLAZA,0
52,87.0.2,391907,B - EZELL,0
52,87.0.2,391885,A - HICKORY PLAZA,0
52,87.0.2,391908,B - EZELL,0
52,87.0.2,391886,A - HICKORY PLAZA,0
52,87.0.2,391909,B - EZELL,0
52,87.0.2,391845,A - HICKORY PLAZA,0
52,87.0.2,391850,B - EZELL,0
52,87.0.2,391846,A - HICKORY PLAZA,0
52,87.0.2,391851,B - EZELL,0
52,87.0.2,391847,A - HICKORY PLAZA,0
52,87.0.2,391852,B - EZELL,0
52,87.0.2,391848,A - HICKORY PLAZA,0
52,87.0.2,391855,B - EZELL,0
52,87.0.2,391853,A - HICKORY PLAZA,0
52,87.0.2,391856,B - EZELL,0
52,87.0.2,391854,A - HICKORY PLAZA,0
52,87.0.2,391860,B - EZELL,0
52,87.0.2,391857,AB - HICKORY PLAZA - EZELL,0
52,87.0.2,391861,AB - HICKORY PLAZA - EZELL,0
52,87.0.2,391858,AB - HICKORY PLAZA - EZELL,0
52,87.0.2,391862,AB - HICKORY PLAZA - EZELL,0
52,87.0.2,391863,AB - HICKORY PLAZA - EZELL,0
52,87.0.2,391911,A - DOWNTOWN,1
52,87.0.2,391977,B - DOWNTOWN,1
52,87.0.2,391925,A - DOWNTOWN,1
52,87.0.2,391919,B - DOWNTOWN,1
52,87.0.2,391930,A - DOWNTOWN,1
52,87.0.2,391954,B - DOWNTOWN,1
52,87.0.2,391931,A - DOWNTOWN,1
52,87.0.2,391955,B - DOWNTOWN,1
52,87.0.2,391932,A - DOWNTOWN,1
52,87.0.2,391956,B - DOWNTOWN,1
52,87.0.2,391933,A - DOWNTOWN,1
52,87.0.2,391957,B - DOWNTOWN,1
52,87.0.2,391934,A - DOWNTOWN,1
52,87.0.2,391958,B - DOWNTOWN,1
52,87.0.2,391935,A - DOWNTOWN,1
52,87.0.2,391959,B - DOWNTOWN,1
52,87.0.2,391936,A - DOWNTOWN,1
52,87.0.2,391960,B - DOWNTOWN,1
52,87.0.2,391937,A - DOWNTOWN,1
52,87.0.2,391961,B - DOWNTOWN,1
52,87.0.2,391938,A - DOWNTOWN,1
52,87.0.2,391962,B - DOWNTOWN,1
52,87.0.2,391939,A - DOWNTOWN,1
52,87.0.2,391963,B - DOWNTOWN,1
52,87.0.2,391940,A - DOWNTOWN,1
52,87.0.2,391964,B - DOWNTOWN,1
52,87.0.2,391941,A - DOWNTOWN,1
52,87.0.2,391965,B - DOWNTOWN,1
52,87.0.2,391942,A - DOWNTOWN,1
52,87.0.2,391966,B - DOWNTOWN,1
52,87.0.2,391943,A - DOWNTOWN,1
52,87.0.2,391967,B - DOWNTOWN,1
52,87.0.2,391944,A - DOWNTOWN,1
52,87.0.2,391968,B - DOWNTOWN,1
52,87.0.2,391945,A - DOWNTOWN,1
52,87.0.2,391969,B - DOWNTOWN,1
52,87.0.2,391946,A - DOWNTOWN,1
52,87.0.2,391970,B - DOWNTOWN,1
52,87.0.2,391947,A - DOWNTOWN,1
52,87.0.2,391971,B - DOWNTOWN,1
52,87.0.2,391948,A - DOWNTOWN,1
52,87.0.2,391972,B - DOWNTOWN,1
52,87.0.2,391949,A - DOWNTOWN,1
52,87.0.2,391973,B - DOWNTOWN,1
52,87.0.2,391950,A - DOWNTOWN,1
52,87.0.2,391974,B - DOWNTOWN,1
52,87.0.2,391951,A - DOWNTOWN,1
52,87.0.2,391975,B - DOWNTOWN,1
52,87.0.2,391952,A - DOWNTOWN,1
52,87.0.2,391976,B - DOWNTOWN,1
52,87.0.2,391953,A - DOWNTOWN,1
52,87.0.2,391920,B - DOWNTOWN,1
52,87.0.2,391912,A - DOWNTOWN,1
52,87.0.2,391921,B - DOWNTOWN,1
52,87.0.2,391913,A - DOWNTOWN,1
52,87.0.2,391922,B - DOWNTOWN,1
52,87.0.2,391914,A - DOWNTOWN,1
52,87.0.2,391917,B - DOWNTOWN,1
52,87.0.2,391915,A - DOWNTOWN,1
52,87.0.2,391918,B - DOWNTOWN,1
52,87.0.2,391916,A - DOWNTOWN,1
52,87.0.2,391926,B - DOWNTOWN,1
52,87.0.2,391923,A - DOWNTOWN,1
52,87.0.2,391927,B - DOWNTOWN,1
52,87.0.2,391924,A - DOWNTOWN,1
52,87.0.2,391928,B - DOWNTOWN,1
52,87.0.2,391929,B - DOWNTOWN,1
55,87.0.2,392322,HICKORY HOLLOW,0
55,87.0.2,392392,HICKORY HOLLOW,0
55,87.0.2,392374,HICKORY HOLLOW,0
55,87.0.2,392321,HICKORY HOLLOW,0
55,87.0.2,392325,HICKORY HOLLOW,0
55,87.0.2,392326,HICKORY HOLLOW,0
55,87.0.2,392327,HICKORY HOLLOW,0
55,87.0.2,392328,HICKORY HOLLOW,0
55,87.0.2,392329,HICKORY HOLLOW,0
55,87.0.2,392330,HICKORY HOLLOW,0
55,87.0.2,392331,HICKORY HOLLOW,0
55,87.0.2,392332,HICKORY HOLLOW,0
55,87.0.2,392333,HICKORY HOLLOW,0
55,87.0.2,392334,HICKORY HOLLOW,0
55,87.0.2,392335,HICKORY HOLLOW,0
55,87.0.2,392336,HICKORY HOLLOW,0
55,87.0.2,392337,HICKORY HOLLOW,0
55,87.0.2,392338,HICKORY HOLLOW,0
55,87.0.2,392339,HICKORY HOLLOW,0
55,87.0.2,392340,HICKORY HOLLOW,0
55,87.0.2,392341,HICKORY HOLLOW,0
55,87.0.2,392342,HICKORY HOLLOW,0
55,87.0.2,392343,HICKORY HOLLOW,0
55,87.0.2,392344,HICKORY HOLLOW,0
55,87.0.2,392345,HICKORY HOLLOW,0
55,87.0.2,392346,HICKORY HOLLOW,0
55,87.0.2,392347,HICKORY HOLLOW,0
55,87.0.2,392348,HICKORY HOLLOW,0
55,87.0.2,392349,HICKORY HOLLOW,0
55,87.0.2,392350,HICKORY HOLLOW,0
55,87.0.2,392351,HICKORY HOLLOW,0
55,87.0.2,392352,HICKORY HOLLOW,0
55,87.0.2,392353,HICKORY HOLLOW,0
55,87.0.2,392354,HICKORY HOLLOW,0
55,87.0.2,392355,HICKORY HOLLOW,0
55,87.0.2,392356,HICKORY HOLLOW,0
55,87.0.2,392357,HICKORY HOLLOW,0
55,87.0.2,392358,HICKORY HOLLOW,0
55,87.0.2,392359,HICKORY HOLLOW,0
55,87.0.2,392360,HICKORY HOLLOW,0
55,87.0.2,392361,HICKORY HOLLOW,0
55,87.0.2,392362,HICKORY HOLLOW,0
55,87.0.2,392363,HICKORY HOLLOW,0
55,87.0.2,392364,HICKORY HOLLOW,0
55,87.0.2,392365,HICKORY HOLLOW,0
55,87.0.2,392366,HICKORY HOLLOW,0
55,87.0.2,392367,HICKORY HOLLOW,0
55,87.0.2,392368,HICKORY HOLLOW,0
55,87.0.2,392369,HICKORY HOLLOW,0
55,87.0.2,392370,HICKORY HOLLOW,0
55,87.0.2,392371,HICKORY HOLLOW,0
55,87.0.2,392320,HICKORY HOLLOW,0
55,87.0.2,392377,HICKORY HOLLOW,0
55,87.0.2,392378,HICKORY HOLLOW,0
55,87.0.2,392379,HICKORY HOLLOW,0
55,87.0.2,392380,HICKORY HOLLOW,0
55,87.0.2,392381,HICKORY HOLLOW,0
55,87.0.2,392382,HICKORY HOLLOW,0
55,87.0.2,392383,HICKORY HOLLOW,0
55,87.0.2,392384,HICKORY HOLLOW,0
55,87.0.2,392385,HICKORY HOLLOW,0
55,87.0.2,392386,HICKORY HOLLOW,0
55,87.0.2,392387,HICKORY HOLLOW,0
55,87.0.2,392388,HICKORY HOLLOW,0
55,87.0.2,392389,HICKORY HOLLOW,0
55,87.0.2,392390,HICKORY HOLLOW,0
55,87.0.2,392391,HICKORY HOLLOW,0
55,87.0.2,392319,HICKORY HOLLOW,0
55,87.0.2,392372,HICKORY HOLLOW,0
55,87.0.2,392323,HICKORY HOLLOW,0
55,87.0.2,392373,HICKORY HOLLOW,0
55,87.0.2,392324,HICKORY HOLLOW,0
55,87.0.2,392375,HICKORY HOLLOW,0
55,87.0.2,392376,HICKORY HOLLOW,0
55,87.0.2,392399,DOWNTOWN,1
55,87.0.2,392470,DOWNTOWN,1
55,87.0.2,392452,DOWNTOWN,1
55,87.0.2,392398,DOWNTOWN,1
55,87.0.2,392402,DOWNTOWN,1
55,87.0.2,392403,DOWNTOWN,1
55,87.0.2,392404,DOWNTOWN,1
55,87.0.2,392405,DOWNTOWN,1
55,87.0.2,392406,DOWNTOWN,1
55,87.0.2,392407,DOWNTOWN,1
55,87.0.2,392408,DOWNTOWN,1
55,87.0.2,392409,DOWNTOWN,1
55,87.0.2,392410,DOWNTOWN,1
55,87.0.2,392411,DOWNTOWN,1
55,87.0.2,392412,DOWNTOWN,1
55,87.0.2,392413,DOWNTOWN,1
55,87.0.2,392414,DOWNTOWN,1
55,87.0.2,392415,DOWNTOWN,1
55,87.0.2,392416,DOWNTOWN,1
55,87.0.2,392417,DOWNTOWN,1
55,87.0.2,392418,DOWNTOWN,1
55,87.0.2,392419,DOWNTOWN,1
55,87.0.2,392420,DOWNTOWN,1
55,87.0.2,392421,DOWNTOWN,1
55,87.0.2,392422,DOWNTOWN,1
55,87.0.2,392423,DOWNTOWN,1
55,87.0.2,392424,DOWNTOWN,1
55,87.0.2,392425,DOWNTOWN,1
55,87.0.2,392426,DOWNTOWN,1
55,87.0.2,392427,DOWNTOWN,1
55,87.0.2,392428,DOWNTOWN,1
55,87.0.2,392429,DOWNTOWN,1
55,87.0.2,392430,DOWNTOWN,1
55,87.0.2,392431,DOWNTOWN,1
55,87.0.2,392432,DOWNTOWN,1
55,87.0.2,392433,DOWNTOWN,1
55,87.0.2,392434,DOWNTOWN,1
55,87.0.2,392435,DOWNTOWN,1
55,87.0.2,392436,DOWNTOWN,1
55,87.0.2,392437,DOWNTOWN,1
55,87.0.2,392438,DOWNTOWN,1
55,87.0.2,392439,DOWNTOWN,1
55,87.0.2,392440,DOWNTOWN,1
55,87.0.2,392441,DOWNTOWN,1
55,87.0.2,392442,DOWNTOWN,1
55,87.0.2,392443,DOWNTOWN,1
55,87.0.2,392444,DOWNTOWN,1
55,87.0.2,392445,DOWNTOWN,1
55,87.0.2,392446,DOWNTOWN,1
55,87.0.2,392447,DOWNTOWN,1
55,87.0.2,392448,DOWNTOWN,1
55,87.0.2,392449,DOWNTOWN,1
55,87.0.2,392455,DOWNTOWN,1
55,87.0.2,392456,DOWNTOWN,1
55,87.0.2,392457,DOWNTOWN,1
55,87.0.2,392458,DOWNTOWN,1
55,87.0.2,392459,DOWNTOWN,1
55,87.0.2,392460,DOWNTOWN,1
55,87.0.2,392461,DOWNTOWN,1
55,87.0.2,392462,DOWNTOWN,1
55,87.0.2,392463,DOWNTOWN,1
55,87.0.2,392464,DOWNTOWN,1
55,87.0.2,392465,DOWNTOWN,1
55,87.0.2,392466,DOWNTOWN,1
55,87.0.2,392467,DOWNTOWN,1
55,87.0.2,392468,DOWNTOWN,1
55,87.0.2,392469,DOWNTOWN,1
55,87.0.2,392397,DOWNTOWN,1
55,87.0.2,392450,DOWNTOWN,1
55,87.0.2,392400,DOWNTOWN,1
55,87.0.2,392451,DOWNTOWN,1
55,87.0.2,392401,DOWNTOWN,1
55,87.0.2,392453,DOWNTOWN,1
55,87.0.2,392454,DOWNTOWN,1
56,87.0.2,392904,RIVERGATE,0
56,87.0.2,392974,RIVERGATE,0
56,87.0.2,392975,RIVERGATE,0
56,87.0.2,392903,RIVERGATE,0
56,87.0.2,392911,RIVERGATE,0
56,87.0.2,392912,RIVERGATE,0
56,87.0.2,392913,RIVERGATE,0
56,87.0.2,392914,RIVERGATE,0
56,87.0.2,392915,RIVERGATE,0
56,87.0.2,392916,RIVERGATE,0
56,87.0.2,392917,RIVERGATE,0
56,87.0.2,392918,RIVERGATE,0
56,87.0.2,392919,RIVERGATE,0
56,87.0.2,392920,RIVERGATE,0
56,87.0.2,392921,RIVERGATE,0
56,87.0.2,392922,RIVERGATE,0
56,87.0.2,392923,RIVERGATE,0
56,87.0.2,392924,RIVERGATE,0
56,87.0.2,392925,RIVERGATE,0
56,87.0.2,392926,RIVERGATE,0
56,87.0.2,392927,RIVERGATE,0
56,87.0.2,392928,RIVERGATE,0
56,87.0.2,392929,RIVERGATE,0
56,87.0.2,392930,RIVERGATE,0
56,87.0.2,392931,RIVERGATE,0
56,87.0.2,392932,RIVERGATE,0
56,87.0.2,392933,RIVERGATE,0
56,87.0.2,392934,RIVERGATE,0
56,87.0.2,392935,RIVERGATE,0
56,87.0.2,392936,RIVERGATE,0
56,87.0.2,392937,RIVERGATE,0
56,87.0.2,392938,RIVERGATE,0
56,87.0.2,392939,RIVERGATE,0
56,87.0.2,392940,RIVERGATE,0
56,87.0.2,392941,RIVERGATE,0
56,87.0.2,392942,RIVERGATE,0
56,87.0.2,392943,RIVERGATE,0
56,87.0.2,392944,RIVERGATE,0
56,87.152.2,392945,RIVERGATE,0
56,87.152.2,392946,RIVERGATE,0
56,87.135.2,392947,RIVERGATE,0
56,87.135.2,392948,RIVERGATE,0
56,87.135.2,392949,RIVERGATE,0
56,87.135.2,392950,RIVERGATE,0
56,87.135.2,392951,RIVERGATE,0
56,87.135.2,392952,RIVERGATE,0
56,87.91.2,392953,RIVERGATE,0
56,87.91.2,392954,RIVERGATE,0
56,87.91.2,392955,RIVERGATE,0
56,87.91.2,392956,RIVERGATE,0
56,87.91.2,392957,RIVERGATE,0
56,87.91.2,392958,RIVERGATE,0
56,87.91.2,392959,RIVERGATE,0
56,87.91.2,392960,RIVERGATE,0
56,87.91.2,392961,RIVERGATE,0
56,87.91.2,392962,RIVERGATE,0
56,87.91.2,392963,RIVERGATE,0
56,87.91.2,392964,RIVERGATE,0
56,87.91.2,392965,RIVERGATE,0
56,87.91.2,392966,RIVERGATE,0
56,87.91.2,392967,RIVERGATE,0
56,87.91.2,392968,RIVERGATE,0
56,87.108.2,392969,RIVERGATE,0
56,87.108.2,392970,RIVERGATE,0
56,87.108.2,392971,RIVERGATE,0
56,87.108.2,392972,RIVERGATE,0
56,87.108.2,392973,RIVERGATE,0
56,87.108.2,392902,RIVERGATE,0
56,87.108.2,392907,RIVERGATE,0
56,87.108.2,392905,RIVERGATE,0
56,87.108.2,392908,RIVERGATE,0
56,87.108.2,392906,RIVERGATE,0
56,87.108.2,392909,RIVERGATE,0
56,87.108.2,392910,RIVERGATE,0
56,87.0.2,393014,DOWNTOWN,1
56,87.0.2,393084,DOWNTOWN,1
56,87.0.2,393085,DOWNTOWN,1
56,87.0.2,393013,DOWNTOWN,1
56,87.0.2,393021,DOWNTOWN,1
56,87.0.2,393022,DOWNTOWN,1
56,87.0.2,393023,DOWNTOWN,1
56,87.0.2,393024,DOWNTOWN,1
56,87.0.2,393025,DOWNTOWN,1
56,87.0.2,393026,DOWNTOWN,1
56,87.0.2,393027,DOWNTOWN,1
56,87.0.2,393028,DOWNTOWN,1
56,87.0.2,393029,DOWNTOWN,1
56,87.0.2,393030,DOWNTOWN,1
56,87.0.2,393031,DOWNTOWN,1
56,87.0.2,393032,DOWNTOWN,1
56,87.0.2,393033,DOWNTOWN,1
56,87.0.2,393034,DOWNTOWN,1
56,87.0.2,393035,DOWNTOWN,1
56,87.0.2,393036,DOWNTOWN,1
56,87.0.2,393037,DOWNTOWN,1
56,87.0.2,393038,DOWNTOWN,1
56,87.0.2,393039,DOWNTOWN,1
56,87.0.2,393040,DOWNTOWN,1
56,87.0.2,393041,DOWNTOWN,1
56,87.0.2,393042,DOWNTOWN,1
56,87.0.2,393043,DOWNTOWN,1
56,87.0.2,393044,DOWNTOWN,1
56,87.0.2,393045,DOWNTOWN,1
56,87.0.2,393046,DOWNTOWN,1
56,87.0.2,393047,DOWNTOWN,1
56,87.0.2,393048,DOWNTOWN,1
56,87.0.2,393049,DOWNTOWN,1
56,87.0.2,393050,DOWNTOWN,1
56,87.0.2,393051,DOWNTOWN,1
56,87.0.2,393052,DOWNTOWN,1
56,87.0.2,393053,DOWNTOWN,1
56,87.0.2,393054,DOWNTOWN,1
56,87.0.2,393055,DOWNTOWN,1
56,87.152.2,393056,DOWNTOWN,1
56,87.152.2,393057,DOWNTOWN,1
56,87.135.2,393058,DOWNTOWN,1
56,87.135.2,393059,DOWNTOWN,1
56,87.135.2,393060,DOWNTOWN,1
56,87.135.2,393061,DOWNTOWN,1
56,87.135.2,393062,DOWNTOWN,1
56,87.135.2,393063,DOWNTOWN,1
56,87.91.2,393064,DOWNTOWN,1
56,87.91.2,393065,DOWNTOWN,1
56,87.91.2,393066,DOWNTOWN,1
56,87.91.2,393067,DOWNTOWN,1
56,87.91.2,393068,DOWNTOWN,1
56,87.91.2,393069,DOWNTOWN,1
56,87.91.2,393070,DOWNTOWN,1
56,87.91.2,393071,DOWNTOWN,1
56,87.91.2,393072,DOWNTOWN,1
56,87.91.2,393073,DOWNTOWN,1
56,87.91.2,393074,DOWNTOWN,1
56,87.91.2,393075,DOWNTOWN,1
56,87.91.2,393076,DOWNTOWN,1
56,87.91.2,393077,DOWNTOWN,1
56,87.91.2,393078,DOWNTOWN,1
56,87.91.2,393079,DOWNTOWN,1
56,87.108.2,393080,DOWNTOWN,1
56,87.108.2,393081,DOWNTOWN,1
56,87.108.2,393082,DOWNTOWN,1
56,87.108.2,393083,DOWNTOWN,1
56,87.108.2,393012,DOWNTOWN,1
56,87.108.2,393017,DOWNTOWN,1
56,87.108.2,393015,DOWNTOWN,1
56,87.108.2,393018,DOWNTOWN,1
56,87.108.2,393016,DOWNTOWN,1
56,87.108.2,393019,DOWNTOWN,1
56,87.108.2,393020,DOWNTOWN,1
6,87.0.2,393437,HERMITAGE STATION,0
6,87.0.2,393438,HERMITAGE STATION,0
6,87.0.2,393439,HERMITAGE STATION,0
6,87.0.2,393440,HERMITAGE STATION,0
6,87.0.2,393441,HERMITAGE STATION,0
6,87.0.2,393442,HERMITAGE STATION,0
6,87.0.2,393443,HERMITAGE STATION,0
6,87.0.2,393444,HERMITAGE STATION,0
6,87.0.2,393445,HERMITAGE STATION,0
6,87.0.2,393446,HERMITAGE STATION,0
6,87.0.2,393447,HERMITAGE STATION,0
6,87.0.2,393448,HERMITAGE STATION,0
6,87.0.2,393449,HERMITAGE STATION,0
6,87.0.2,393450,HERMITAGE STATION,0
6,87.0.2,393451,HERMITAGE STATION,0
6,87.0.2,393452,HERMITAGE STATION,0
6,87.0.2,393453,HERMITAGE STATION,0
6,87.0.2,393454,HERMITAGE STATION,0
6,87.0.2,393455,HERMITAGE STATION,0
6,87.0.2,393456,DOWNTOWN,1
6,87.0.2,393457,DOWNTOWN,1
6,87.0.2,393458,DOWNTOWN,1
6,87.0.2,393459,DOWNTOWN,1
6,87.0.2,393460,DOWNTOWN,1
6,87.0.2,393461,DOWNTOWN,1
6,87.0.2,393462,DOWNTOWN,1
6,87.0.2,393463,DOWNTOWN,1
6,87.0.2,393464,DOWNTOWN,1
6,87.0.2,393465,DOWNTOWN,1
6,87.0.2,393466,DOWNTOWN,1
6,87.0.2,393467,DOWNTOWN,1
6,87.0.2,393468,DOWNTOWN,1
6,87.0.2,393469,DOWNTOWN,1
6,87.0.2,393470,DOWNTOWN,1
6,87.0.2,393471,DOWNTOWN,1
6,87.0.2,393472,DOWNTOWN,1
6,87.0.2,393473,DOWNTOWN,1
6,87.0.2,393474,DOWNTOWN,1
7,87.0.2,393667,GREEN HILLS,0
7,87.0.2,393666,GREEN HILLS,0
7,87.0.2,393682,GREEN HILLS,0
7,87.0.2,393683,GREEN HILLS,0
7,87.0.2,393684,GREEN HILLS,0
7,87.0.2,393685,GREEN HILLS,0
7,87.0.2,393686,GREEN HILLS,0
7,87.0.2,393687,GREEN HILLS,0
7,87.0.2,393688,GREEN HILLS,0
7,87.0.2,393689,GREEN HILLS,0
7,87.0.2,393690,GREEN HILLS,0
7,87.0.2,393691,GREEN HILLS,0
7,87.0.2,393692,GREEN HILLS,0
7,87.0.2,393693,GREEN HILLS,0
7,87.0.2,393694,GREEN HILLS,0
7,87.0.2,393695,GREEN HILLS,0
7,87.0.2,393696,GREEN HILLS,0
7,87.0.2,393697,GREEN HILLS,0
7,87.0.2,393698,GREEN HILLS,0
7,87.0.2,393699,GREEN HILLS,0
7,87.0.2,393700,GREEN HILLS,0
7,87.0.2,393701,GREEN HILLS,0
7,87.0.2,393702,GREEN HILLS,0
7,87.0.2,393703,GREEN HILLS,0
7,87.0.2,393704,GREEN HILLS,0
7,87.0.2,393705,GREEN HILLS,0
7,87.0.2,393706,GREEN HILLS,0
7,87.0.2,393707,GREEN HILLS,0
7,87.0.2,393708,GREEN HILLS,0
7,87.0.2,393709,GREEN HILLS,0
7,87.0.2,393710,GREEN HILLS,0
7,87.0.2,393711,GREEN HILLS,0
7,87.0.2,393712,GREEN HILLS,0
7,87.0.2,393713,GREEN HILLS,0
7,87.0.2,393714,GREEN HILLS,0
7,87.0.2,393715,GREEN HILLS,0
7,87.0.2,393716,GREEN HILLS,0
7,87.0.2,393670,GREEN HILLS,0
7,87.0.2,393671,GREEN HILLS,0
7,87.0.2,393672,GREEN HILLS,0
7,87.0.2,393673,GREEN HILLS,0
7,87.0.2,393674,GREEN HILLS,0
7,87.0.2,393675,GREEN HILLS,0
7,87.0.2,393676,GREEN HILLS,0
7,87.0.2,393677,GREEN HILLS,0
7,87.0.2,393665,GREEN HILLS,0
7,87.0.2,393678,GREEN HILLS,0
7,87.0.2,393668,GREEN HILLS,0
7,87.0.2,393679,GREEN HILLS,0
7,87.0.2,393669,GREEN HILLS,0
7,87.0.2,393680,GREEN HILLS,0
7,87.0.2,393681,GREEN HILLS,0
7,87.0.2,393717,DOWNTOWN,1
7,87.0.2,393720,DOWNTOWN,1
7,87.0.2,393733,DOWNTOWN,1
7,87.0.2,393734,DOWNTOWN,1
7,87.0.2,393735,DOWNTOWN,1
7,87.0.2,393736,DOWNTOWN,1
7,87.0.2,393737,DOWNTOWN,1
7,87.0.2,393738,DOWNTOWN,1
7,87.0.2,393739,DOWNTOWN,1
7,87.0.2,393740,DOWNTOWN,1
7,87.0.2,393741,DOWNTOWN,1
7,87.0.2,393742,DOWNTOWN,1
7,87.0.2,393743,DOWNTOWN,1
7,87.0.2,393744,DOWNTOWN,1
7,87.0.2,393745,DOWNTOWN,1
7,87.0.2,393746,DOWNTOWN,1
7,87.0.2,393747,DOWNTOWN,1
7,87.0.2,393748,DOWNTOWN,1
7,87.0.2,393749,DOWNTOWN,1
7,87.0.2,393750,DOWNTOWN,1
7,87.0.2,393751,DOWNTOWN,1
7,87.0.2,393752,DOWNTOWN,1
7,87.0.2,393753,DOWNTOWN,1
7,87.0.2,393754,DOWNTOWN,1
7,87.0.2,393755,DOWNTOWN,1
7,87.0.2,393756,DOWNTOWN,1
7,87.0.2,393757,DOWNTOWN,1
7,87.0.2,393758,DOWNTOWN,1
7,87.0.2,393759,DOWNTOWN,1
7,87.0.2,393760,DOWNTOWN,1
7,87.0.2,393761,DOWNTOWN,1
7,87.0.2,393762,DOWNTOWN,1
7,87.0.2,393763,DOWNTOWN,1
7,87.0.2,393764,DOWNTOWN,1
7,87.0.2,393765,DOWNTOWN,1
7,87.0.2,393766,DOWNTOWN,1
7,87.0.2,393767,DOWNTOWN,1
7,87.0.2,393721,DOWNTOWN,1
7,87.0.2,393722,DOWNTOWN,1
7,87.0.2,393723,DOWNTOWN,1
7,87.0.2,393724,DOWNTOWN,1
7,87.0.2,393725,DOWNTOWN,1
7,87.0.2,393726,DOWNTOWN,1
7,87.0.2,393727,DOWNTOWN,1
7,87.0.2,393728,DOWNTOWN,1
7,87.0.2,393729,DOWNTOWN,1
7,87.0.2,393718,DOWNTOWN,1
7,87.0.2,393730,DOWNTOWN,1
7,87.0.2,393719,DOWNTOWN,1
7,87.0.2,393731,DOWNTOWN,1
7,87.0.2,393732,DOWNTOWN,1
71,87.0.2,393960,GALLATIN PK - GREENFIELD STATION,0
71,87.0.2,393961,GALLATIN PK - GREENFIELD STATION,0
71,87.0.2,393962,GALLATIN PK - GREENFIELD STATION,0
71,87.0.2,393963,GALLATIN PK - GREENFIELD STATION,0
71,87.0.2,393964,GALLATIN PK - GREENFIELD STATION,0
71,87.0.2,393965,GALLATIN PK - GREENFIELD STATION,0
71,87.0.2,393966,GALLATIN PK - GREENFIELD STATION,0
71,87.0.2,393967,GALLATIN PK - GREENFIELD STATION,0
71,87.0.2,393968,GALLATIN PK - GREENFIELD STATION,0
71,87.0.2,393969,GALLATIN PK - GREENFIELD STATION,0
71,87.0.2,393970,GALLATIN PK - GREENFIELD STATION,0
71,87.0.2,393971,GALLATIN PK - GREENFIELD STATION,0
71,87.0.2,393972,GALLATIN PK - GREENFIELD STATION,0
71,87.0.2,393973,GALLATIN PK - GREENFIELD STATION,0
71,87.0.2,393974,GALLATIN PK - GREENFIELD STATION,0
71,87.0.2,393975,GALLATIN PK - GREENFIELD STATION,0
71,87.0.2,393976,GALLATIN PK - GREENFIELD STATION,0
71,87.0.2,393977,GALLATIN PK - GREENFIELD STATION,0
71,87.0.2,393978,GALLATIN PK - GREENFIELD STATION,0
71,87.0.2,393979,GALLATIN PK - GREENFIELD STATION,0
71,87.0.2,393980,GALLATIN PK - GREENFIELD STATION,0
71,87.0.2,393981,GALLATIN PK - GREENFIELD STATION,0
71,87.0.2,393982,GALLATIN PK - GREENFIELD STATION,0
71,87.0.2,393983,GALLATIN PK - GREENFIELD STATION,0
71,87.0.2,393984,GALLATIN PK - GREENFIELD STATION,0
71,87.0.2,393985,GALLATIN PK - GREENFIELD STATION,0
71,87.0.2,394012,NORTH NASHVILLE,1
71,87.0.2,393986,NORTH NASHVILLE,1
71,87.0.2,393987,NORTH NASHVILLE,1
71,87.0.2,393988,NORTH NASHVILLE,1
71,87.0.2,393989,NORTH NASHVILLE,1
71,87.0.2,393990,NORTH NASHVILLE,1
71,87.0.2,393991,NORTH NASHVILLE,1
71,87.0.2,393992,NORTH NASHVILLE,1
71,87.0.2,393994,NORTH NASHVILLE,1
71,87.0.2,393995,NORTH NASHVILLE,1
71,87.0.2,393996,NORTH NASHVILLE,1
71,87.0.2,393997,NORTH NASHVILLE,1
71,87.0.2,393998,NORTH NASHVILLE,1
71,87.0.2,393999,NORTH NASHVILLE,1
71,87.0.2,394000,NORTH NASHVILLE,1
71,87.0.2,394001,NORTH NASHVILLE,1
71,87.0.2,394002,NORTH NASHVILLE,1
71,87.0.2,394003,NORTH NASHVILLE,1
71,87.0.2,394004,NORTH NASHVILLE,1
71,87.0.2,394005,NORTH NASHVILLE,1
71,87.0.2,394006,NORTH NASHVILLE,1
71,87.0.2,394007,NORTH NASHVILLE,1
71,87.0.2,394008,NORTH NASHVILLE,1
71,87.0.2,394009,NORTH NASHVILLE,1
71,87.0.2,394010,NORTH NASHVILLE,1
71,87.0.2,394011,NORTH NASHVILLE,1
71,87.0.2,393993,NORTH NASHVILLE,1
75,87.0.2,394148,NORTH NASHVILLE,0
75,87.0.2,394149,NORTH NASHVILLE,0
75,87.0.2,394150,NORTH NASHVILLE,0
75,87.0.2,394151,NORTH NASHVILLE,0
75,87.0.2,394152,NORTH NASHVILLE,0
75,87.0.2,394153,NORTH NASHVILLE,0
75,87.0.2,394154,NORTH NASHVILLE,0
75,87.0.2,394155,NORTH NASHVILLE,0
75,87.0.2,394156,NORTH NASHVILLE,0
75,87.0.2,394157,NORTH NASHVILLE,0
75,87.0.2,394158,NORTH NASHVILLE,0
75,87.0.2,394159,NORTH NASHVILLE,0
75,87.0.2,394160,NORTH NASHVILLE,0
75,87.0.2,394161,NORTH NASHVILLE,0
75,87.0.2,394162,NORTH NASHVILLE,0
75,87.0.2,394163,NORTH NASHVILLE,0
75,87.0.2,394164,NORTH NASHVILLE,0
75,87.0.2,394165,NORTH NASHVILLE,0
75,87.0.2,394166,NORTH NASHVILLE,0
75,87.0.2,394167,NORTH NASHVILLE,0
75,87.0.2,394168,NORTH NASHVILLE,0
75,87.0.2,394169,NORTH NASHVILLE,0
75,87.0.2,394170,NORTH NASHVILLE,0
75,87.0.2,394171,NORTH NASHVILLE,0
75,87.0.2,394172,NORTH NASHVILLE,0
75,87.0.2,394173,NORTH NASHVILLE,0
75,87.0.2,394174,NORTH NASHVILLE,0
75,87.0.2,394175,NORTH NASHVILLE,0
75,87.0.2,394176,NORTH NASHVILLE,0
75,87.0.2,394177,NORTH NASHVILLE,0
75,87.0.2,394178,NORTH NASHVILLE,0
75,87.0.2,394179,NORTH NASHVILLE,0
75,87.0.2,394180,NORTH NASHVILLE,0
75,87.0.2,394181,NORTH NASHVILLE,0
75,87.0.2,394182,EDGEHILL - NAPIER,1
75,87.0.2,394183,EDGEHILL - NAPIER,1
75,87.0.2,394184,EDGEHILL - NAPIER,1
75,87.0.2,394185,EDGEHILL - NAPIER,1
75,87.0.2,394186,EDGEHILL - NAPIER,1
75,87.0.2,394187,EDGEHILL - NAPIER,1
75,87.0.2,394188,EDGEHILL - NAPIER,1
75,87.0.2,394189,EDGEHILL - NAPIER,1
75,87.0.2,394190,EDGEHILL - NAPIER,1
75,87.0.2,394191,EDGEHILL - NAPIER,1
75,87.0.2,394192,EDGEHILL - NAPIER,1
75,87.0.2,394193,EDGEHILL - NAPIER,1
75,87.0.2,394194,EDGEHILL - NAPIER,1
75,87.0.2,394195,EDGEHILL - NAPIER,1
75,87.0.2,394196,EDGEHILL - NAPIER,1
75,87.0.2,394197,EDGEHILL - NAPIER,1
75,87.0.2,394198,EDGEHILL - NAPIER,1
75,87.0.2,394199,EDGEHILL - NAPIER,1
75,87.0.2,394200,EDGEHILL - NAPIER,1
75,87.0.2,394201,EDGEHILL - NAPIER,1
75,87.0.2,394202,EDGEHILL - NAPIER,1
75,87.0.2,394203,EDGEHILL - NAPIER,1
75,87.0.2,394204,EDGEHILL - NAPIER,1
75,87.0.2,394205,EDGEHILL - NAPIER,1
75,87.0.2,394206,EDGEHILL - NAPIER,1
75,87.0.2,394207,EDGEHILL - NAPIER,1
75,87.0.2,394208,EDGEHILL - NAPIER,1
75,87.0.2,394209,EDGEHILL - NAPIER,1
75,87.0.2,394210,EDGEHILL - NAPIER,1
75,87.0.2,394211,EDGEHILL - NAPIER,1
75,87.0.2,394212,EDGEHILL - NAPIER,1
75,87.0.2,394213,EDGEHILL - NAPIER,1
75,87.0.2,394214,EDGEHILL - NAPIER,1
75,87.0.2,394215,EDGEHILL - NAPIER,1
75,87.0.2,394216,EDGEHILL - NAPIER,1
76,87.0.2,394323,MADISON,0
76,87.0.2,394324,MADISON,0
76,87.0.2,394325,MADISON,0
76,87.0.2,394326,MADISON,0
76,87.0.2,394327,MADISON,0
76,87.0.2,394328,MADISON,0
76,87.0.2,394329,MADISON,0
76,87.0.2,394330,MADISON,0
76,87.0.2,394331,MADISON,0
76,87.0.2,394332,MADISON,0
76,87.0.2,394333,MADISON,0
76,87.0.2,394334,MADISON,0
76,87.0.2,394335,MADISON,0
76,87.0.2,394336,MADISON,0
76,87.0.2,394337,MADISON,0
76,87.0.2,394338,MADISON,0
76,87.0.2,394339,MADISON,0
76,87.0.2,394340,MADISON,0
76,87.0.2,394341,MADISON,0
76,87.0.2,394342,MADISON,0
76,87.0.2,394343,MADISON,0
76,87.0.2,394344,MADISON,0
76,87.0.2,394345,MADISON,0
77,87.0.2,394427,GLASTONBURY,0
77,87.0.2,394429,GLASTONBURY,0
77,87.0.2,394430,GLASTONBURY,0
77,87.0.2,394431,GLASTONBURY,0
77,87.0.2,394432,GLASTONBURY,0
77,87.0.2,394433,GLASTONBURY,0
77,87.0.2,394434,GLASTONBURY,0
77,87.0.2,394435,GLASTONBURY,0
77,87.0.2,394436,GLASTONBURY,0
77,87.0.2,394437,GLASTONBURY,0
77,87.0.2,394438,GLASTONBURY,0
77,87.0.2,394439,GLASTONBURY,0
77,87.0.2,394440,GLASTONBURY,0
77,87.0.2,394441,GLASTONBURY,0
77,87.0.2,394442,GLASTONBURY,0
77,87.0.2,394443,GLASTONBURY,0
77,87.0.2,394444,GLASTONBURY,0
77,87.0.2,394445,GLASTONBURY,0
77,87.0.2,394446,GLASTONBURY,0
77,87.0.2,394447,GLASTONBURY,0
77,87.0.2,394448,GLASTONBURY,0
77,87.0.2,394449,GLASTONBURY,0
77,87.0.2,394428,GLASTONBURY,0
77,87.0.2,394473,NORTH NASHVILLE,1
77,87.0.2,394474,NORTH NASHVILLE,1
77,87.0.2,394450,NORTH NASHVILLE,1
77,87.0.2,394452,NORTH NASHVILLE,1
77,87.0.2,394453,NORTH NASHVILLE,1
77,87.0.2,394454,NORTH NASHVILLE,1
77,87.0.2,394455,NORTH NASHVILLE,1
77,87.0.2,394456,NORTH NASHVILLE,1
77,87.0.2,394457,NORTH NASHVILLE,1
77,87.0.2,394458,NORTH NASHVILLE,1
77,87.0.2,394459,NORTH NASHVILLE,1
77,87.0.2,394460,NORTH NASHVILLE,1
77,87.0.2,394461,NORTH NASHVILLE,1
77,87.0.2,394462,NORTH NASHVILLE,1
77,87.0.2,394463,NORTH NASHVILLE,1
77,87.0.2,394464,NORTH NASHVILLE,1
77,87.0.2,394465,NORTH NASHVILLE,1
77,87.0.2,394466,NORTH NASHVILLE,1
77,87.0.2,394467,NORTH NASHVILLE,1
77,87.0.2,394468,NORTH NASHVILLE,1
77,87.0.2,394469,NORTH NASHVILLE,1
77,87.0.2,394470,NORTH NASHVILLE,1
77,87.0.2,394471,NORTH NASHVILLE,1
77,87.0.2,394472,NORTH NASHVILLE,1
77,87.0.2,394451,NORTH NASHVILLE,1
79,87.0.2,394613,SKYLINE,0
79,87.0.2,394614,SKYLINE,0
79,87.0.2,394615,SKYLINE,0
79,87.0.2,394612,SKYLINE,0
79,87.0.2,394611,SKYLINE,0
79,87.0.2,394610,SKYLINE,0
79,87.0.2,394609,SKYLINE,0
79,87.0.2,394608,SKYLINE,0
79,87.0.2,394607,SKYLINE,0
79,87.0.2,394606,SKYLINE,0
79,87.0.2,394605,SKYLINE,0
79,87.0.2,394604,SKYLINE,0
79,87.0.2,394603,SKYLINE,0
79,87.0.2,394602,SKYLINE,0
79,87.0.2,394601,SKYLINE,0
79,87.0.2,394600,SKYLINE,0
79,87.0.2,394599,SKYLINE,0
79,87.0.2,394616,SKYLINE,0
79,87.0.2,394617,SKYLINE,0
79,87.0.2,394618,SKYLINE,0
79,87.0.2,394619,SKYLINE,0
79,87.0.2,394620,SKYLINE,0
79,87.0.2,394635,SKYLINE TO 76 MADISON,1
79,87.0.2,394636,SKYLINE TO 76 MADISON,1
79,87.0.2,394637,SKYLINE TO 76 MADISON,1
79,87.0.2,394621,SKYLINE TO 76 MADISON,1
79,87.0.2,394622,SKYLINE TO 76 MADISON,1
79,87.0.2,394623,SKYLINE TO 76 MADISON,1
79,87.0.2,394624,SKYLINE TO 76 MADISON,1
79,87.0.2,394625,SKYLINE TO 76 MADISON,1
79,87.0.2,394626,SKYLINE TO 76 MADISON,1
79,87.0.2,394627,SKYLINE TO 76 MADISON,1
79,87.0.2,394628,SKYLINE TO 76 MADISON,1
79,87.0.2,394629,SKYLINE TO 76 MADISON,1
79,87.0.2,394630,SKYLINE TO 76 MADISON,1
79,87.0.2,394631,SKYLINE TO 76 MADISON,1
79,87.0.2,394632,SKYLINE TO 76 MADISON,1
79,87.0.2,394633,SKYLINE TO 76 MADISON,1
79,87.0.2,394634,SKYLINE TO 76 MADISON,1
79,87.0.2,394638,SKYLINE TO 76 MADISON,1
79,87.0.2,394639,SKYLINE TO 76 MADISON,1
79,87.0.2,394640,SKYLINE TO 76 MADISON,1
79,87.0.2,394641,SKYLINE TO 76 MADISON,1
79,87.0.2,394642,SKYLINE TO 76 MADISON,1
79,87.0.2,394643,SKYLINE TO 76 MADISON,1
8,87.0.2,394768,100 OAKS,0
8,87.0.2,394761,100 OAKS,0
8,87.0.2,394769,100 OAKS,0
8,87.0.2,394770,100 OAKS,0
8,87.0.2,394771,100 OAKS,0
8,87.0.2,394772,100 OAKS,0
8,87.0.2,394773,100 OAKS,0
8,87.0.2,394782,100 OAKS,0
8,87.0.2,394783,100 OAKS,0
8,87.0.2,394784,100 OAKS,0
8,87.0.2,394785,100 OAKS,0
8,87.0.2,394786,100 OAKS,0
8,87.0.2,394787,100 OAKS,0
8,87.0.2,394788,100 OAKS,0
8,87.0.2,394789,100 OAKS,0
8,87.0.2,394790,100 OAKS,0
8,87.0.2,394791,100 OAKS,0
8,87.0.2,394792,100 OAKS,0
8,87.0.2,394793,100 OAKS,0
8,87.0.2,394794,100 OAKS,0
8,87.0.2,394781,100 OAKS,0
8,87.0.2,394774,100 OAKS,0
8,87.0.2,394775,100 OAKS,0
8,87.0.2,394776,100 OAKS,0
8,87.0.2,394777,100 OAKS,0
8,87.0.2,394778,100 OAKS,0
8,87.0.2,394779,100 OAKS,0
8,87.0.2,394780,100 OAKS,0
8,87.0.2,394766,100 OAKS,0
8,87.0.2,394765,100 OAKS,0
8,87.0.2,394764,100 OAKS,0
8,87.0.2,394763,100 OAKS,0
8,87.0.2,394762,100 OAKS,0
8,87.0.2,394767,100 OAKS,0
8,87.0.2,394801,DOWNTOWN,1
8,87.0.2,394798,DOWNTOWN,1
8,87.0.2,394804,DOWNTOWN,1
8,87.0.2,394805,DOWNTOWN,1
8,87.0.2,394806,DOWNTOWN,1
8,87.0.2,394807,DOWNTOWN,1
8,87.0.2,394808,DOWNTOWN,1
8,87.0.2,394816,DOWNTOWN,1
8,87.0.2,394817,DOWNTOWN,1
8,87.0.2,394818,DOWNTOWN,1
8,87.0.2,394819,DOWNTOWN,1
8,87.0.2,394820,DOWNTOWN,1
8,87.0.2,394821,DOWNTOWN,1
8,87.0.2,394822,DOWNTOWN,1
8,87.0.2,394823,DOWNTOWN,1
8,87.0.2,394824,DOWNTOWN,1
8,87.0.2,394825,DOWNTOWN,1
8,87.0.2,394826,DOWNTOWN,1
8,87.0.2,394827,DOWNTOWN,1
8,87.0.2,394828,DOWNTOWN,1
8,87.0.2,394803,DOWNTOWN,1
8,87.0.2,394809,DOWNTOWN,1
8,87.0.2,394810,DOWNTOWN,1
8,87.0.2,394811,DOWNTOWN,1
8,87.0.2,394812,DOWNTOWN,1
8,87.0.2,394813,DOWNTOWN,1
8,87.0.2,394814,DOWNTOWN,1
8,87.0.2,394815,DOWNTOWN,1
8,87.0.2,394802,DOWNTOWN,1
8,87.0.2,394799,DOWNTOWN,1
8,87.0.2,394797,DOWNTOWN,1
8,87.0.2,394796,DOWNTOWN,1
8,87.0.2,394795,DOWNTOWN,1
8,87.0.2,394800,DOWNTOWN,1
14,87.0.3,387663,NORTH NASHVILLE VIA BUENA VISTA,0
14,87.0.3,387664,NORTH NASHVILLE VIA BUENA VISTA,0
14,87.0.3,387665,NORTH NASHVILLE VIA BUENA VISTA,0
14,87.0.3,387666,NORTH NASHVILLE VIA BUENA VISTA,0
14,87.0.3,387667,NORTH NASHVILLE VIA BUENA VISTA,0
14,87.0.3,387668,NORTH NASHVILLE VIA BUENA VISTA,0
14,87.71.3,387669,NORTH NASHVILLE VIA BUENA VISTA,0
14,87.72.3,387690,NORTH NASHVILLE VIA BUENA VISTA,0
14,87.72.3,387691,NORTH NASHVILLE VIA BUENA VISTA,0
14,87.71.3,387670,NORTH NASHVILLE VIA BUENA VISTA,0
14,87.71.3,387671,NORTH NASHVILLE VIA BUENA VISTA,0
14,87.72.3,387692,NORTH NASHVILLE VIA BUENA VISTA,0
14,87.72.3,387693,NORTH NASHVILLE VIA BUENA VISTA,0
14,87.71.3,387672,NORTH NASHVILLE VIA BUENA VISTA,0
14,87.71.3,387673,NORTH NASHVILLE VIA BUENA VISTA,0
14,87.72.3,387694,NORTH NASHVILLE VIA BUENA VISTA,0
14,87.72.3,387695,NORTH NASHVILLE VIA BUENA VISTA,0
14,87.71.3,387674,NORTH NASHVILLE VIA BUENA VISTA,0
14,87.71.3,387675,NORTH NASHVILLE VIA BUENA VISTA,0
14,87.72.3,387696,NORTH NASHVILLE VIA BUENA VISTA,0
14,87.72.3,387697,NORTH NASHVILLE VIA BUENA VISTA,0
14,87.71.3,387676,NORTH NASHVILLE VIA BUENA VISTA,0
14,87.71.3,387677,NORTH NASHVILLE VIA BUENA VISTA,0
14,87.72.3,387698,NORTH NASHVILLE VIA BUENA VISTA,0
14,87.0.3,387678,NORTH NASHVILLE VIA BUENA VISTA,0
14,87.91.3,387679,NORTH NASHVILLE VIA BUENA VISTA,0
14,87.91.3,387680,NORTH NASHVILLE VIA BUENA VISTA,0
14,87.91.3,387681,NORTH NASHVILLE VIA BUENA VISTA,0
14,87.91.3,387682,NORTH NASHVILLE VIA BUENA VISTA,0
14,87.91.3,387683,NORTH NASHVILLE VIA BUENA VISTA,0
14,87.91.3,387684,NORTH NASHVILLE VIA BUENA VISTA,0
14,87.91.3,387685,NORTH NASHVILLE VIA BUENA VISTA,0
14,87.91.3,387686,NORTH NASHVILLE VIA BUENA VISTA,0
14,87.91.3,387687,NORTH NASHVILLE VIA BUENA VISTA,0
14,87.0.3,387688,NORTH NASHVILLE VIA BUENA VISTA,0
14,87.0.3,387689,NORTH NASHVILLE VIA BUENA VISTA,0
14,87.0.3,387708,DOWNTOWN VIA BUENA VISTA,1
14,87.0.3,387709,DOWNTOWN VIA BUENA VISTA,1
14,87.0.3,387710,DOWNTOWN VIA BUENA VISTA,1
14,87.0.3,387711,DOWNTOWN VIA BUENA VISTA,1
14,87.0.3,387712,DOWNTOWN VIA BUENA VISTA,1
14,87.0.3,387713,DOWNTOWN VIA BUENA VISTA,1
14,87.0.3,387714,DOWNTOWN VIA BUENA VISTA,1
14,87.71.3,387715,DOWNTOWN VIA BUENA VISTA,1
14,87.72.3,387737,DOWNTOWN & NISSAN STADIUM VIA BUENA VISTA,1
14,87.72.3,387738,DOWNTOWN & NISSAN STADIUM VIA BUENA VISTA,1
14,87.71.3,387716,DOWNTOWN VIA BUENA VISTA,1
14,87.71.3,387717,DOWNTOWN VIA BUENA VISTA,1
14,87.72.3,387739,DOWNTOWN & NISSAN STADIUM VIA BUENA VISTA,1
14,87.72.3,387740,DOWNTOWN & NISSAN STADIUM VIA BUENA VISTA,1
14,87.71.3,387718,DOWNTOWN VIA BUENA VISTA,1
14,87.71.3,387719,DOWNTOWN VIA BUENA VISTA,1
14,87.72.3,387741,DOWNTOWN & NISSAN STADIUM VIA BUENA VISTA,1
14,87.72.3,387742,DOWNTOWN & NISSAN STADIUM VIA BUENA VISTA,1
14,87.71.3,387720,DOWNTOWN VIA BUENA VISTA,1
14,87.71.3,387721,DOWNTOWN VIA BUENA VISTA,1
14,87.72.3,387743,DOWNTOWN & NISSAN STADIUM VIA BUENA VISTA,1
14,87.72.3,387744,DOWNTOWN & NISSAN STADIUM VIA BUENA VISTA,1
14,87.71.3,387722,DOWNTOWN VIA BUENA VISTA,1
14,87.71.3,387723,DOWNTOWN VIA BUENA VISTA,1
14,87.72.3,387745,DOWNTOWN & NISSAN STADIUM VIA BUENA VISTA,1
14,87.0.3,387724,DOWNTOWN VIA BUENA VISTA,1
14,87.0.3,387725,DOWNTOWN VIA BUENA VISTA,1
14,87.91.3,387726,DOWNTOWN VIA BUENA VISTA,1
14,87.91.3,387727,DOWNTOWN VIA BUENA VISTA,1
14,87.91.3,387728,DOWNTOWN VIA BUENA VISTA,1
14,87.91.3,387729,DOWNTOWN VIA BUENA VISTA,1
14,87.91.3,387730,DOWNTOWN VIA BUENA VISTA,1
14,87.91.3,387731,DOWNTOWN VIA BUENA VISTA,1
14,87.91.3,387732,DOWNTOWN VIA BUENA VISTA,1
14,87.91.3,387733,DOWNTOWN VIA BUENA VISTA,1
14,87.91.3,387734,DOWNTOWN VIA BUENA VISTA,1
14,87.0.3,387735,DOWNTOWN VIA BUENA VISTA,1
14,87.0.3,387736,DOWNTOWN VIA BUENA VISTA,1
17,87.0.3,387900,GREEN HILLS VIA 12TH AVE S,0
17,87.0.3,387899,GREEN HILLS VIA 12TH AVE S,0
17,87.0.3,387898,GREEN HILLS VIA 12TH AVE S,0
17,87.0.3,387897,GREEN HILLS VIA 12TH AVE S,0
17,87.0.3,387896,GREEN HILLS VIA 12TH AVE S,0
17,87.0.3,387895,GREEN HILLS VIA 12TH AVE S,0
17,87.0.3,387894,GREEN HILLS VIA 12TH AVE S,0
17,87.0.3,387893,GREEN HILLS VIA 12TH AVE S,0
17,87.0.3,387892,GREEN HILLS VIA 12TH AVE S,0
17,87.0.3,387891,GREEN HILLS VIA 12TH AVE S,0
17,87.0.3,387890,GREEN HILLS VIA 12TH AVE S,0
17,87.0.3,387889,GREEN HILLS VIA 12TH AVE S,0
17,87.0.3,387888,GREEN HILLS VIA 12TH AVE S,0
17,87.0.3,387887,GREEN HILLS VIA 12TH AVE S,0
17,87.0.3,387886,GREEN HILLS VIA 12TH AVE S,0
17,87.0.3,387885,GREEN HILLS VIA 12TH AVE S,0
17,87.0.3,387901,GREEN HILLS VIA 12TH AVE S,0
17,87.0.3,387902,GREEN HILLS VIA 12TH AVE S,0
17,87.0.3,387918,DOWNTOWN VIA 12TH AVE S,1
17,87.0.3,387917,DOWNTOWN VIA 12TH AVE S,1
17,87.0.3,387916,DOWNTOWN VIA 12TH AVE S,1
17,87.0.3,387915,DOWNTOWN VIA 12TH AVE S,1
17,87.0.3,387914,DOWNTOWN VIA 12TH AVE S,1
17,87.0.3,387913,DOWNTOWN VIA 12TH AVE S,1
17,87.0.3,387912,DOWNTOWN VIA 12TH AVE S,1
17,87.0.3,387911,DOWNTOWN VIA 12TH AVE S,1
17,87.0.3,387910,DOWNTOWN VIA 12TH AVE S,1
17,87.0.3,387909,DOWNTOWN VIA 12TH AVE S,1
17,87.0.3,387908,DOWNTOWN VIA 12TH AVE S,1
17,87.0.3,387907,DOWNTOWN VIA 12TH AVE S,1
17,87.0.3,387906,DOWNTOWN VIA 12TH AVE S,1
17,87.0.3,387905,DOWNTOWN VIA 12TH AVE S,1
17,87.0.3,387904,DOWNTOWN VIA 12TH AVE S,1
17,87.0.3,387903,DOWNTOWN VIA 12TH AVE S,1
17,87.0.3,387919,DOWNTOWN VIA 12TH AVE S,1
17,87.0.3,387920,DOWNTOWN VIA 12TH AVE S,1
18,87.0.3,388068,AIRPORT VIA ELM HILL,0
18,87.0.3,388069,AIRPORT VIA ELM HILL,0
18,87.0.3,388070,AIRPORT VIA ELM HILL,0
18,87.0.3,388071,AIRPORT VIA ELM HILL,0
18,87.0.3,388072,AIRPORT VIA ELM HILL,0
18,87.0.3,388073,AIRPORT VIA ELM HILL,0
18,87.0.3,388074,AIRPORT VIA ELM HILL,0
18,87.0.3,388075,AIRPORT VIA ELM HILL,0
18,87.0.3,388076,AIRPORT VIA ELM HILL,0
18,87.0.3,388077,AIRPORT VIA ELM HILL,0
18,87.0.3,388078,AIRPORT VIA ELM HILL,0
18,87.0.3,388079,AIRPORT VIA ELM HILL,0
18,87.0.3,388080,AIRPORT VIA ELM HILL,0
18,87.0.3,388081,AIRPORT VIA ELM HILL,0
18,87.0.3,388082,AIRPORT VIA ELM HILL,0
18,87.0.3,388083,AIRPORT VIA ELM HILL,0
18,87.0.3,388084,AIRPORT VIA ELM HILL,0
18,87.0.3,388085,AIRPORT VIA ELM HILL,0
18,87.0.3,388086,AIRPORT VIA ELM HILL,0
18,87.0.3,388087,AIRPORT VIA ELM HILL,0
18,87.0.3,388088,AIRPORT VIA ELM HILL,0
18,87.0.3,388089,AIRPORT VIA ELM HILL,0
18,87.0.3,388090,AIRPORT VIA ELM HILL,0
18,87.0.3,388091,AIRPORT VIA ELM HILL,0
18,87.0.3,388092,AIRPORT VIA ELM HILL,0
18,87.0.3,388093,AIRPORT VIA ELM HILL,0
18,87.0.3,388094,AIRPORT VIA ELM HILL,0
18,87.0.3,388095,AIRPORT VIA ELM HILL,0
18,87.0.3,388096,AIRPORT VIA ELM HILL,0
18,87.0.3,388097,AIRPORT VIA ELM HILL,0
18,87.0.3,388098,AIRPORT VIA ELM HILL,0
18,87.0.3,388099,AIRPORT VIA ELM HILL,0
18,87.0.3,388100,AIRPORT VIA ELM HILL,0
18,87.0.3,388101,AIRPORT VIA ELM HILL,0
18,87.0.3,388102,AIRPORT VIA ELM HILL,0
18,87.0.3,388103,AIRPORT VIA ELM HILL,0
18,87.0.3,388104,AIRPORT VIA ELM HILL,0
18,87.0.3,388105,AIRPORT VIA ELM HILL,0
18,87.0.3,388106,DOWNTOWN EXPRESS,1
18,87.0.3,388107,DOWNTOWN VIA ELM HILL,1
18,87.0.3,388108,DOWNTOWN VIA ELM HILL,1
18,87.0.3,388109,DOWNTOWN VIA ELM HILL,1
18,87.0.3,388110,DOWNTOWN VIA ELM HILL,1
18,87.0.3,388111,DOWNTOWN VIA ELM HILL,1
18,87.0.3,388112,DOWNTOWN VIA ELM HILL,1
18,87.0.3,388113,DOWNTOWN VIA ELM HILL,1
18,87.0.3,388114,DOWNTOWN VIA ELM HILL,1
18,87.0.3,388115,DOWNTOWN VIA ELM HILL,1
18,87.0.3,388116,DOWNTOWN VIA ELM HILL,1
18,87.0.3,388117,DOWNTOWN VIA ELM HILL,1
18,87.0.3,388118,DOWNTOWN VIA ELM HILL,1
18,87.0.3,388119,DOWNTOWN VIA ELM HILL,1
18,87.0.3,388120,DOWNTOWN VIA ELM HILL,1
18,87.0.3,388121,DOWNTOWN VIA ELM HILL,1
18,87.0.3,388122,DOWNTOWN VIA ELM HILL,1
18,87.0.3,388123,DOWNTOWN VIA ELM HILL,1
18,87.0.3,388124,DOWNTOWN VIA ELM HILL,1
18,87.0.3,388125,DOWNTOWN VIA ELM HILL,1
18,87.0.3,388126,DOWNTOWN VIA ELM HILL,1
18,87.0.3,388127,DOWNTOWN VIA ELM HILL,1
18,87.0.3,388128,DOWNTOWN VIA ELM HILL,1
18,87.0.3,388129,DOWNTOWN VIA ELM HILL,1
18,87.0.3,388130,DOWNTOWN VIA ELM HILL,1
18,87.0.3,388131,DOWNTOWN VIA ELM HILL,1
18,87.0.3,388132,DOWNTOWN VIA ELM HILL,1
18,87.0.3,388133,DOWNTOWN VIA ELM HILL,1
18,87.0.3,388134,DOWNTOWN VIA ELM HILL,1
18,87.0.3,388135,DOWNTOWN VIA ELM HILL,1
18,87.0.3,388136,DOWNTOWN VIA ELM HILL,1
18,87.0.3,388137,DOWNTOWN VIA ELM HILL,1
18,87.0.3,388138,DOWNTOWN VIA ELM HILL,1
18,87.0.3,388139,DOWNTOWN VIA ELM HILL,1
18,87.0.3,388140,DOWNTOWN VIA ELM HILL,1
18,87.0.3,388141,DOWNTOWN EXPRESS,1
19,87.0.3,388301,DOWNTOWN,0
19,87.0.3,388275,DOWNTOWN,0
19,87.0.3,388276,DOWNTOWN,0
19,87.0.3,388277,DOWNTOWN,0
19,87.0.3,388278,DOWNTOWN,0
19,87.0.3,388279,DOWNTOWN,0
19,87.0.3,388280,DOWNTOWN,0
19,87.0.3,388281,DOWNTOWN,0
19,87.0.3,388282,DOWNTOWN,0
19,87.0.3,388283,DOWNTOWN,0
19,87.0.3,388284,DOWNTOWN,0
19,87.0.3,388285,DOWNTOWN,0
19,87.0.3,388286,DOWNTOWN,0
19,87.0.3,388287,DOWNTOWN,0
19,87.0.3,388288,DOWNTOWN,0
19,87.0.3,388289,DOWNTOWN,0
19,87.0.3,388290,DOWNTOWN,0
19,87.0.3,388291,DOWNTOWN,0
19,87.0.3,388292,DOWNTOWN,0
19,87.0.3,388293,DOWNTOWN,0
19,87.0.3,388294,DOWNTOWN,0
19,87.0.3,388295,DOWNTOWN,0
19,87.0.3,388296,DOWNTOWN,0
19,87.0.3,388297,DOWNTOWN,0
19,87.0.3,388298,DOWNTOWN,0
19,87.0.3,388299,DOWNTOWN,0
19,87.0.3,388300,DOWNTOWN,0
19,87.0.3,388328,THE NATIONS,1
19,87.0.3,388302,THE NATIONS,1
19,87.0.3,388303,THE NATIONS,1
19,87.0.3,388304,THE NATIONS,1
19,87.0.3,388305,THE NATIONS,1
19,87.0.3,388306,THE NATIONS,1
19,87.0.3,388307,THE NATIONS,1
19,87.0.3,388308,THE NATIONS,1
19,87.0.3,388309,THE NATIONS,1
19,87.0.3,388310,THE NATIONS,1
19,87.0.3,388311,THE NATIONS,1
19,87.0.3,388312,THE NATIONS,1
19,87.0.3,388313,THE NATIONS,1
19,87.0.3,388314,THE NATIONS,1
19,87.0.3,388315,THE NATIONS,1
19,87.0.3,388316,THE NATIONS,1
19,87.0.3,388317,THE NATIONS,1
19,87.0.3,388318,THE NATIONS,1
19,87.0.3,388319,THE NATIONS,1
19,87.0.3,388320,THE NATIONS,1
19,87.0.3,388321,THE NATIONS,1
19,87.0.3,388322,THE NATIONS,1
19,87.0.3,388323,THE NATIONS,1
19,87.0.3,388324,THE NATIONS,1
19,87.0.3,388325,THE NATIONS,1
19,87.0.3,388326,THE NATIONS,1
19,87.0.3,388327,THE NATIONS,1
22,87.0.3,388635,DOWNTOWN,0
22,87.0.3,388636,DOWNTOWN,0
22,87.0.3,388637,DOWNTOWN,0
22,87.0.3,388638,DOWNTOWN,0
22,87.0.3,388639,DOWNTOWN,0
22,87.0.3,388640,DOWNTOWN,0
22,87.0.3,388641,DOWNTOWN,0
22,87.0.3,388642,DOWNTOWN,0
22,87.0.3,388643,DOWNTOWN,0
22,87.0.3,388644,DOWNTOWN,0
22,87.0.3,388645,DOWNTOWN,0
22,87.0.3,388646,DOWNTOWN,0
22,87.0.3,388647,DOWNTOWN,0
22,87.0.3,388648,DOWNTOWN,0
22,87.0.3,388649,DOWNTOWN,0
22,87.0.3,388650,DOWNTOWN,0
22,87.0.3,388651,DOWNTOWN,0
22,87.0.3,388652,DOWNTOWN,0
22,87.0.3,388653,DOWNTOWN,0
22,87.0.3,388654,DOWNTOWN,0
22,87.0.3,388655,DOWNTOWN,0
22,87.0.3,388656,DOWNTOWN,0
22,87.0.3,388657,DOWNTOWN,0
22,87.0.3,388658,DOWNTOWN,0
22,87.0.3,388659,DOWNTOWN,0
22,87.0.3,388660,DOWNTOWN,0
22,87.0.3,388661,DOWNTOWN,0
22,87.0.3,388662,DOWNTOWN,0
22,87.0.3,388663,DOWNTOWN,0
22,87.0.3,388664,DOWNTOWN,0
22,87.0.3,388665,DOWNTOWN,0
22,87.0.3,388666,DOWNTOWN,0
22,87.0.3,388667,DOWNTOWN,0
22,87.0.3,388668,DOWNTOWN,0
22,87.0.3,388669,DOWNTOWN,0
22,87.0.3,388670,DOWNTOWN,0
22,87.0.3,388671,DOWNTOWN,0
22,87.0.3,388672,DOWNTOWN,0
22,87.0.3,388673,DOWNTOWN,0
22,87.0.3,388674,DOWNTOWN,0
22,87.0.3,388675,DOWNTOWN,0
22,87.0.3,388676,DOWNTOWN,0
22,87.0.3,388677,DOWNTOWN,0
22,87.0.3,388678,DOWNTOWN,0
22,87.0.3,388679,DOWNTOWN,0
22,87.0.3,388680,DOWNTOWN,0
22,87.0.3,388681,DOWNTOWN,0
22,87.0.3,388682,DOWNTOWN,0
22,87.0.3,388683,DOWNTOWN,0
22,87.0.3,388684,DOWNTOWN,0
22,87.0.3,388685,DOWNTOWN,0
22,87.0.3,388686,DOWNTOWN,0
22,87.0.3,388687,DOWNTOWN,0
22,87.0.3,388688,DOWNTOWN,0
22,87.0.3,388689,DOWNTOWN,0
22,87.0.3,388690,DOWNTOWN,0
22,87.0.3,388691,DOWNTOWN,0
22,87.0.3,388692,DOWNTOWN,0
22,87.0.3,388693,NORTH NASHVILLE TO 14 WHITES CREEK,1
22,87.0.3,388694,NORTH NASHVILLE,1
22,87.0.3,388695,NORTH NASHVILLE TO 71 TRINITY,1
22,87.0.3,388696,NORTH NASHVILLE TO 14 WHITES CREEK,1
22,87.0.3,388697,NORTH NASHVILLE TO 71 TRINITY,1
22,87.0.3,388698,NORTH NASHVILLE TO 14 WHITES CREEK,1
22,87.0.3,388699,NORTH NASHVILLE TO 71 TRINITY,1
22,87.0.3,388700,NORTH NASHVILLE TO 14 WHITES CREEK,1
22,87.0.3,388701,NORTH NASHVILLE TO 71 TRINITY,1
22,87.0.3,388702,NORTH NASHVILLE TO 14 WHITES CREEK,1
22,87.0.3,388703,NORTH NASHVILLE TO 71 TRINITY,1
22,87.0.3,388704,NORTH NASHVILLE TO 14 WHITES CREEK,1
22,87.0.3,388705,NORTH NASHVILLE TO 71 TRINITY,1
22,87.0.3,388706,NORTH NASHVILLE TO 14 WHITES CREEK,1
22,87.0.3,388707,NORTH NASHVILLE TO 71 TRINITY,1
22,87.0.3,388708,NORTH NASHVILLE TO 14 WHITES CREEK,1
22,87.0.3,388709,NORTH NASHVILLE TO 71 TRINITY,1
22,87.0.3,388710,NORTH NASHVILLE TO 14 WHITES CREEK,1
22,87.0.3,388711,NORTH NASHVILLE TO 71 TRINITY,1
22,87.0.3,388712,NORTH NASHVILLE TO 14 WHITES CREEK,1
22,87.0.3,388713,NORTH NASHVILLE TO 71 TRINITY,1
22,87.0.3,388714,NORTH NASHVILLE TO 14 WHITES CREEK,1
22,87.0.3,388715,NORTH NASHVILLE TO 71 TRINITY,1
22,87.0.3,388716,NORTH NASHVILLE TO 14 WHITES CREEK,1
22,87.0.3,388717,NORTH NASHVILLE TO 71 TRINITY,1
22,87.0.3,388718,NORTH NASHVILLE TO 14 WHITES CREEK,1
22,87.0.3,388719,NORTH NASHVILLE TO 71 TRINITY,1
22,87.0.3,388720,NORTH NASHVILLE TO 14 WHITES CREEK,1
22,87.0.3,388721,NORTH NASHVILLE TO 71 TRINITY,1
22,87.0.3,388722,NORTH NASHVILLE TO 14 WHITES CREEK,1
22,87.0.3,388723,NORTH NASHVILLE TO 71 TRINITY,1
22,87.0.3,388724,NORTH NASHVILLE TO 14 WHITES CREEK,1
22,87.0.3,388725,NORTH NASHVILLE TO 71 TRINITY,1
22,87.0.3,388726,NORTH NASHVILLE TO 14 WHITES CREEK,1
22,87.0.3,388727,NORTH NASHVILLE TO 71 TRINITY,1
22,87.0.3,388728,NORTH NASHVILLE TO 14 WHITES CREEK,1
22,87.0.3,388729,NORTH NASHVILLE TO 71 TRINITY,1
22,87.0.3,388730,NORTH NASHVILLE TO 14 WHITES CREEK,1
22,87.0.3,388731,NORTH NASHVILLE TO 71 TRINITY,1
22,87.0.3,388732,NORTH NASHVILLE TO 14 WHITES CREEK,1
22,87.0.3,388733,NORTH NASHVILLE TO 71 TRINITY,1
22,87.0.3,388734,NORTH NASHVILLE TO 14 WHITES CREEK,1
22,87.0.3,388735,NORTH NASHVILLE TO 71 TRINITY,1
22,87.0.3,388736,NORTH NASHVILLE TO 14 WHITES CREEK,1
22,87.0.3,388737,NORTH NASHVILLE TO 71 TRINITY,1
22,87.0.3,388738,NORTH NASHVILLE TO 14 WHITES CREEK,1
22,87.0.3,388739,NORTH NASHVILLE TO 71 TRINITY,1
22,87.0.3,388740,NORTH NASHVILLE TO 14 WHITES CREEK,1
22,87.0.3,388741,NORTH NASHVILLE TO 71 TRINITY,1
22,87.0.3,388742,NORTH NASHVILLE TO 14 WHITES CREEK,1
22,87.0.3,388743,NORTH NASHVILLE TO 71 TRINITY,1
22,87.0.3,388744,NORTH NASHVILLE TO 14 WHITES CREEK,1
22,87.0.3,388745,NORTH NASHVILLE TO 14 WHITES CREEK,1
22,87.0.3,388746,NORTH NASHVILLE,1
22,87.0.3,388747,NORTH NASHVILLE,1
22,87.0.3,388748,NORTH NASHVILLE,1
22,87.0.3,388749,NORTH NASHVILLE,1
22,87.0.3,388750,NORTH NASHVILLE,1
23,87.0.3,389160,B - WALMART VIA PARKWOOD-CHESAPEAKE,0
23,87.0.3,389161,B - WALMART VIA PARKWOOD-CHESAPEAKE,0
23,87.0.3,389162,B - WALMART VIA PARKWOOD-CHESAPEAKE,0
23,87.0.3,389163,B - WALMART VIA PARKWOOD-CHESAPEAKE,0
23,87.0.3,389164,B - WALMART VIA PARKWOOD-CHESAPEAKE,0
23,87.0.3,389165,B - WALMART VIA PARKWOOD-CHESAPEAKE,0
23,87.0.3,389166,B - WALMART VIA PARKWOOD-CHESAPEAKE,0
23,87.0.3,389167,B - WALMART VIA PARKWOOD-CHESAPEAKE,0
23,87.0.3,389168,B - WALMART VIA PARKWOOD-CHESAPEAKE,0
23,87.0.3,389169,B - WALMART VIA PARKWOOD-CHESAPEAKE,0
23,87.0.3,389170,B - WALMART VIA PARKWOOD-CHESAPEAKE,0
23,87.0.3,389171,B - WALMART VIA PARKWOOD-CHESAPEAKE,0
23,87.0.3,389172,B - WALMART VIA PARKWOOD-CHESAPEAKE,0
23,87.0.3,389173,B - WALMART VIA PARKWOOD-CHESAPEAKE,0
23,87.0.3,389174,B - WALMART VIA PARKWOOD-CHESAPEAKE,0
23,87.0.3,389175,B - WALMART VIA PARKWOOD-CHESAPEAKE,0
23,87.0.3,389176,B - WALMART VIA PARKWOOD-CHESAPEAKE,0
23,87.0.3,389177,B - WALMART VIA PARKWOOD-CHESAPEAKE,0
23,87.0.3,389178,B - WALMART VIA PARKWOOD-CHESAPEAKE,0
23,87.0.3,389179,B - WALMART VIA PARKWOOD-CHESAPEAKE,0
23,87.0.3,389180,B - WALMART VIA PARKWOOD-CHESAPEAKE,0
23,87.0.3,389181,B - WALMART VIA PARKWOOD-CHESAPEAKE,0
23,87.0.3,389182,B - WALMART VIA PARKWOOD-CHESAPEAKE,0
23,87.72.3,389183,B - WALMART VIA PARKWOOD-CHESAPEAKE,0
23,87.71.3,389254,B - WALMART VIA PARKWOOD-CHESAPEAKE,0
23,87.72.3,389231,B - WALMART VIA PARKWOOD-CHESAPEAKE,0
23,87.71.3,389184,B - WALMART VIA PARKWOOD-CHESAPEAKE,0
23,87.71.3,389185,B - WALMART VIA PARKWOOD-CHESAPEAKE,0
23,87.72.3,389232,B - WALMART VIA PARKWOOD-CHESAPEAKE,0
23,87.72.3,389233,B - WALMART VIA PARKWOOD-CHESAPEAKE,0
23,87.71.3,389186,B - WALMART VIA PARKWOOD-CHESAPEAKE,0
23,87.71.3,389187,B - WALMART VIA PARKWOOD-CHESAPEAKE,0
23,87.72.3,389234,B - WALMART VIA PARKWOOD-CHESAPEAKE,0
23,87.72.3,389235,B - WALMART VIA PARKWOOD-CHESAPEAKE,0
23,87.71.3,389188,B - WALMART VIA PARKWOOD-CHESAPEAKE,0
23,87.71.3,389189,A - DICKERSON WALMART,0
23,87.72.3,389236,A - DICKERSON WALMART,0
23,87.72.3,389237,B - WALMART VIA PARKWOOD-CHESAPEAKE,0
23,87.71.3,389190,B - WALMART VIA PARKWOOD-CHESAPEAKE,0
23,87.71.3,389191,B - WALMART VIA PARKWOOD-CHESAPEAKE,0
23,87.72.3,389238,B - WALMART VIA PARKWOOD-CHESAPEAKE,0
23,87.72.3,389239,B - WALMART VIA PARKWOOD-CHESAPEAKE,0
23,87.71.3,389192,B - WALMART VIA PARKWOOD-CHESAPEAKE,0
23,87.71.3,389193,B - WALMART VIA PARKWOOD-CHESAPEAKE,0
23,87.72.3,389240,B - WALMART VIA PARKWOOD-CHESAPEAKE,0
23,87.72.3,389241,B - WALMART VIA PARKWOOD-CHESAPEAKE,0
23,87.71.3,389194,B - WALMART VIA PARKWOOD-CHESAPEAKE,0
23,87.71.3,389195,B - WALMART VIA PARKWOOD-CHESAPEAKE,0
23,87.72.3,389242,B - WALMART VIA PARKWOOD-CHESAPEAKE,0
23,87.72.3,389243,B - WALMART VIA PARKWOOD-CHESAPEAKE,0
23,87.71.3,389196,B - WALMART VIA PARKWOOD-CHESAPEAKE,0
23,87.71.3,389197,B - WALMART VIA PARKWOOD-CHESAPEAKE,0
23,87.72.3,389244,B - WALMART VIA PARKWOOD-CHESAPEAKE,0
23,87.72.3,389245,B - WALMART VIA PARKWOOD-CHESAPEAKE,0
23,87.71.3,389198,B - WALMART VIA PARKWOOD-CHESAPEAKE,0
23,87.71.3,389199,B - WALMART VIA PARKWOOD-CHESAPEAKE,0
23,87.72.3,389246,B - WALMART VIA PARKWOOD-CHESAPEAKE,0
23,87.72.3,389247,B - WALMART VIA PARKWOOD-CHESAPEAKE,0
23,87.71.3,389200,B - WALMART VIA PARKWOOD-CHESAPEAKE,0
23,87.71.3,389201,B - WALMART VIA PARKWOOD-CHESAPEAKE,0
23,87.72.3,389248,B - WALMART VIA PARKWOOD-CHESAPEAKE,0
23,87.72.3,389249,B - WALMART VIA PARKWOOD-CHESAPEAKE,0
23,87.71.3,389202,B - WALMART VIA PARKWOOD-CHESAPEAKE,0
23,87.71.3,389203,B - WALMART VIA PARKWOOD-CHESAPEAKE,0
23,87.72.3,389250,B - WALMART VIA PARKWOOD-CHESAPEAKE,0
23,87.72.3,389251,B - WALMART VIA PARKWOOD-CHESAPEAKE,0
23,87.71.3,389204,B - WALMART VIA PARKWOOD-CHESAPEAKE,0
23,87.71.3,389205,B - WALMART VIA PARKWOOD-CHESAPEAKE,0
23,87.72.3,389252,B - WALMART VIA PARKWOOD-CHESAPEAKE,0
23,87.72.3,389253,B - WALMART VIA PARKWOOD-CHESAPEAKE,0
23,87.71.3,389206,B - WALMART VIA PARKWOOD-CHESAPEAKE,0
23,87.0.3,389207,B - WALMART VIA PARKWOOD-CHESAPEAKE,0
23,87.0.3,389208,B - WALMART VIA PARKWOOD-CHESAPEAKE,0
23,87.0.3,389209,B - WALMART VIA PARKWOOD-CHESAPEAKE,0
23,87.0.3,389210,B - WALMART VIA PARKWOOD-CHESAPEAKE,0
23,87.91.3,389211,B - WALMART VIA PARKWOOD-CHESAPEAKE,0
23,87.91.3,389212,B - WALMART VIA PARKWOOD-CHESAPEAKE,0
23,87.91.3,389213,B - WALMART VIA PARKWOOD-CHESAPEAKE,0
23,87.91.3,389214,B - WALMART VIA PARKWOOD-CHESAPEAKE,0
23,87.91.3,389215,B - WALMART VIA PARKWOOD-CHESAPEAKE,0
23,87.91.3,389216,B - WALMART VIA PARKWOOD-CHESAPEAKE,0
23,87.91.3,389217,B - WALMART VIA PARKWOOD-CHESAPEAKE,0
23,87.91.3,389218,B - WALMART VIA PARKWOOD-CHESAPEAKE,0
23,87.91.3,389219,B - WALMART VIA PARKWOOD-CHESAPEAKE,0
23,87.91.3,389220,B - WALMART VIA PARKWOOD-CHESAPEAKE,0
23,87.91.3,389221,B - WALMART VIA PARKWOOD-CHESAPEAKE,0
23,87.91.3,389222,B - WALMART VIA PARKWOOD-CHESAPEAKE,0
23,87.91.3,389223,B - WALMART VIA PARKWOOD-CHESAPEAKE,0
23,87.91.3,389224,B - WALMART VIA PARKWOOD-CHESAPEAKE,0
23,87.91.3,389225,B - WALMART VIA PARKWOOD-CHESAPEAKE,0
23,87.0.3,389226,B - WALMART VIA PARKWOOD-CHESAPEAKE,0
23,87.0.3,389227,B - WALMART VIA PARKWOOD-CHESAPEAKE,0
23,87.0.3,389228,B - WALMART VIA PARKWOOD-CHESAPEAKE,0
23,87.0.3,389229,B - WALMART VIA PARKWOOD-CHESAPEAKE,0
23,87.0.3,389230,B - WALMART VIA PARKWOOD-CHESAPEAKE,0
23,87.0.3,389270,DOWNTOWN,1
23,87.0.3,389271,DOWNTOWN,1
23,87.0.3,389272,DOWNTOWN,1
23,87.0.3,389273,DOWNTOWN,1
23,87.0.3,389274,DOWNTOWN,1
23,87.0.3,389275,DOWNTOWN,1
23,87.0.3,389276,DOWNTOWN,1
23,87.0.3,389277,DOWNTOWN,1
23,87.0.3,389278,DOWNTOWN,1
23,87.0.3,389279,DOWNTOWN,1
23,87.0.3,389280,DOWNTOWN,1
23,87.0.3,389281,DOWNTOWN,1
23,87.0.3,389282,DOWNTOWN,1
23,87.0.3,389283,DOWNTOWN,1
23,87.0.3,389284,DOWNTOWN,1
23,87.0.3,389285,DOWNTOWN,1
23,87.0.3,389286,DOWNTOWN,1
23,87.0.3,389287,DOWNTOWN,1
23,87.71.3,389288,DOWNTOWN,1
23,87.72.3,389359,NISSAN STADIUM & DOWNTOWN,1
23,87.71.3,389311,DOWNTOWN,1
23,87.72.3,389335,NISSAN STADIUM & DOWNTOWN,1
23,87.72.3,389336,NISSAN STADIUM & DOWNTOWN,1
23,87.71.3,389312,DOWNTOWN,1
23,87.71.3,389313,DOWNTOWN,1
23,87.72.3,389337,NISSAN STADIUM & DOWNTOWN,1
23,87.72.3,389338,NISSAN STADIUM & DOWNTOWN,1
23,87.71.3,389314,DOWNTOWN,1
23,87.71.3,389315,DOWNTOWN,1
23,87.72.3,389339,NISSAN STADIUM & DOWNTOWN,1
23,87.72.3,389340,NISSAN STADIUM & DOWNTOWN,1
23,87.71.3,389316,DOWNTOWN,1
23,87.71.3,389317,DOWNTOWN,1
23,87.72.3,389341,NISSAN STADIUM & DOWNTOWN,1
23,87.72.3,389342,NISSAN STADIUM & DOWNTOWN,1
23,87.71.3,389318,DOWNTOWN,1
23,87.71.3,389319,DOWNTOWN,1
23,87.72.3,389343,NISSAN STADIUM & DOWNTOWN,1
23,87.72.3,389344,NISSAN STADIUM & DOWNTOWN,1
23,87.71.3,389320,DOWNTOWN,1
23,87.71.3,389321,DOWNTOWN,1
23,87.72.3,389345,NISSAN STADIUM & DOWNTOWN,1
23,87.72.3,389346,NISSAN STADIUM & DOWNTOWN,1
23,87.71.3,389322,DOWNTOWN,1
23,87.71.3,389323,DOWNTOWN,1
23,87.72.3,389347,NISSAN STADIUM & DOWNTOWN,1
23,87.72.3,389348,NISSAN STADIUM & DOWNTOWN,1
23,87.71.3,389324,DOWNTOWN,1
23,87.71.3,389325,DOWNTOWN,1
23,87.72.3,389349,NISSAN STADIUM & DOWNTOWN,1
23,87.72.3,389350,NISSAN STADIUM & DOWNTOWN,1
23,87.71.3,389326,DOWNTOWN,1
23,87.71.3,389327,DOWNTOWN,1
23,87.72.3,389351,NISSAN STADIUM & DOWNTOWN,1
23,87.72.3,389352,NISSAN STADIUM & DOWNTOWN,1
23,87.71.3,389328,DOWNTOWN,1
23,87.71.3,389329,DOWNTOWN,1
23,87.72.3,389353,NISSAN STADIUM & DOWNTOWN,1
23,87.72.3,389354,NISSAN STADIUM & DOWNTOWN,1
23,87.71.3,389330,DOWNTOWN,1
23,87.71.3,389331,DOWNTOWN,1
23,87.72.3,389355,NISSAN STADIUM & DOWNTOWN,1
23,87.72.3,389356,NISSAN STADIUM & DOWNTOWN,1
23,87.71.3,389332,DOWNTOWN,1
23,87.71.3,389333,DOWNTOWN,1
23,87.72.3,389357,NISSAN STADIUM & DOWNTOWN,1
23,87.72.3,389358,NISSAN STADIUM & DOWNTOWN,1
23,87.71.3,389334,DOWNTOWN,1
23,87.0.3,389289,DOWNTOWN,1
23,87.0.3,389290,DOWNTOWN,1
23,87.0.3,389291,DOWNTOWN,1
23,87.91.3,389292,DOWNTOWN,1
23,87.91.3,389293,DOWNTOWN,1
23,87.91.3,389294,DOWNTOWN,1
23,87.91.3,389295,DOWNTOWN,1
23,87.91.3,389296,DOWNTOWN,1
23,87.91.3,389297,DOWNTOWN,1
23,87.91.3,389298,DOWNTOWN,1
23,87.91.3,389299,DOWNTOWN,1
23,87.91.3,389300,DOWNTOWN,1
23,87.91.3,389301,DOWNTOWN,1
23,87.91.3,389302,DOWNTOWN,1
23,87.91.3,389303,DOWNTOWN,1
23,87.91.3,389304,DOWNTOWN,1
23,87.91.3,389305,DOWNTOWN,1
23,87.0.3,389306,DOWNTOWN,1
23,87.0.3,389307,DOWNTOWN,1
23,87.0.3,389308,DOWNTOWN,1
23,87.0.3,389309,DOWNTOWN,1
23,87.0.3,389310,DOWNTOWN,1
28,87.0.3,389458,DOWNTOWN,0
28,87.0.3,389459,DOWNTOWN,0
28,87.0.3,389460,DOWNTOWN,0
28,87.0.3,389461,DOWNTOWN,0
28,87.0.3,389462,DOWNTOWN,0
28,87.0.3,389463,DOWNTOWN,0
28,87.0.3,389464,DOWNTOWN,0
28,87.0.3,389465,DOWNTOWN,0
28,87.0.3,389466,DOWNTOWN,0
28,87.0.3,389467,DOWNTOWN,0
28,87.0.3,389468,DOWNTOWN,0
28,87.0.3,389469,DOWNTOWN,0
28,87.0.3,389470,DOWNTOWN,0
28,87.0.3,389471,DOWNTOWN,0
28,87.0.3,389472,DOWNTOWN,0
28,87.0.3,389473,DOWNTOWN,0
28,87.0.3,389474,DOWNTOWN,0
28,87.0.3,389475,DOWNTOWN,0
28,87.0.3,389476,OAKWOOD,1
28,87.0.3,389477,OAKWOOD,1
28,87.0.3,389478,OAKWOOD,1
28,87.0.3,389479,OAKWOOD,1
28,87.0.3,389480,OAKWOOD,1
28,87.0.3,389481,OAKWOOD,1
28,87.0.3,389482,OAKWOOD,1
28,87.0.3,389483,OAKWOOD,1
28,87.0.3,389484,OAKWOOD,1
28,87.0.3,389485,OAKWOOD,1
28,87.0.3,389486,OAKWOOD,1
28,87.0.3,389487,OAKWOOD,1
28,87.0.3,389488,OAKWOOD,1
28,87.0.3,389489,OAKWOOD,1
28,87.0.3,389490,OAKWOOD,1
28,87.0.3,389491,OAKWOOD,1
28,87.0.3,389492,OAKWOOD,1
28,87.0.3,389493,OAKWOOD,1
29,87.0.3,389647,TENNESSEE STATE UNIVERSITY,0
29,87.0.3,389648,TENNESSEE STATE UNIVERSITY,0
29,87.0.3,389649,TENNESSEE STATE UNIVERSITY,0
29,87.0.3,389650,TENNESSEE STATE UNIVERSITY,0
29,87.0.3,389651,TENNESSEE STATE UNIVERSITY,0
29,87.0.3,389652,TENNESSEE STATE UNIVERSITY,0
29,87.0.3,389653,TENNESSEE STATE UNIVERSITY,0
29,87.0.3,389654,TENNESSEE STATE UNIVERSITY,0
29,87.0.3,389655,TENNESSEE STATE UNIVERSITY,0
29,87.0.3,389656,TENNESSEE STATE UNIVERSITY,0
29,87.0.3,389657,TENNESSEE STATE UNIVERSITY,0
29,87.0.3,389658,TENNESSEE STATE UNIVERSITY,0
29,87.0.3,389659,TENNESSEE STATE UNIVERSITY,0
29,87.0.3,389660,TENNESSEE STATE UNIVERSITY,0
29,87.0.3,389661,TENNESSEE STATE UNIVERSITY,0
29,87.0.3,389662,TENNESSEE STATE UNIVERSITY,0
29,87.0.3,389663,TENNESSEE STATE UNIVERSITY,0
29,87.0.3,389664,TENNESSEE STATE UNIVERSITY,0
29,87.0.3,389665,TENNESSEE STATE UNIVERSITY,0
29,87.0.3,389666,TENNESSEE STATE UNIVERSITY,0
29,87.0.3,389667,TENNESSEE STATE UNIVERSITY,0
29,87.0.3,389668,TENNESSEE STATE UNIVERSITY,0
29,87.0.3,389669,TENNESSEE STATE UNIVERSITY,0
29,87.0.3,389670,TENNESSEE STATE UNIVERSITY,0
29,87.0.3,389671,TENNESSEE STATE UNIVERSITY,0
29,87.0.3,389672,TENNESSEE STATE UNIVERSITY,0
29,87.0.3,389673,TENNESSEE STATE UNIVERSITY,0
29,87.0.3,389674,TENNESSEE STATE UNIVERSITY,0
29,87.0.3,389675,TENNESSEE STATE UNIVERSITY,0
29,87.0.3,389676,TENNESSEE STATE UNIVERSITY,0
29,87.0.3,389677,TENNESSEE STATE UNIVERSITY,0
29,87.0.3,389678,TENNESSEE STATE UNIVERSITY,0
29,87.0.3,389679,TENNESSEE STATE UNIVERSITY,0
29,87.0.3,389680,TENNESSEE STATE UNIVERSITY,0
29,87.0.3,389681,DOWNTOWN,1
29,87.0.3,389682,DOWNTOWN,1
29,87.0.3,389683,DOWNTOWN,1
29,87.0.3,389684,DOWNTOWN,1
29,87.0.3,389685,DOWNTOWN,1
29,87.0.3,389686,DOWNTOWN,1
29,87.0.3,389687,DOWNTOWN,1
29,87.0.3,389688,DOWNTOWN,1
29,87.0.3,389689,DOWNTOWN,1
29,87.0.3,389690,DOWNTOWN,1
29,87.0.3,389691,DOWNTOWN,1
29,87.0.3,389692,DOWNTOWN,1
29,87.0.3,389693,DOWNTOWN,1
29,87.0.3,389694,DOWNTOWN,1
29,87.0.3,389695,DOWNTOWN,1
29,87.0.3,389696,DOWNTOWN,1
29,87.0.3,389697,DOWNTOWN,1
29,87.0.3,389698,DOWNTOWN,1
29,87.0.3,389699,DOWNTOWN,1
29,87.0.3,389700,DOWNTOWN,1
29,87.0.3,389701,DOWNTOWN,1
29,87.0.3,389702,DOWNTOWN,1
29,87.0.3,389703,DOWNTOWN,1
29,87.0.3,389704,DOWNTOWN,1
29,87.0.3,389705,DOWNTOWN,1
29,87.0.3,389706,DOWNTOWN,1
29,87.0.3,389707,DOWNTOWN,1
29,87.0.3,389708,DOWNTOWN,1
29,87.0.3,389709,DOWNTOWN,1
29,87.0.3,389710,DOWNTOWN,1
29,87.0.3,389711,DOWNTOWN,1
29,87.0.3,389712,DOWNTOWN,1
29,87.0.3,389713,DOWNTOWN,1
29,87.0.3,389714,DOWNTOWN,1
3,87.123.3,395165,B - BELLEVUE VIA I-40,0
3,87.123.3,390123,B - BELLEVUE VIA I-40,0
3,87.123.3,390124,B - BELLEVUE VIA I-40,0
3,87.123.3,390125,B - BELLEVUE VIA I-40,0
3,87.123.3,390126,B - BELLEVUE VIA I-40,0
3,87.0.3,390056,A -WHITE BRIDGE,0
3,87.0.3,390057,B - BELLEVUE,0
3,87.0.3,390058,A -WHITE BRIDGE,0
3,87.0.3,390059,B - BELLEVUE,0
3,87.0.3,390060,A -WHITE BRIDGE,0
3,87.0.3,390061,B - BELLEVUE,0
3,87.0.3,390062,A -WHITE BRIDGE,0
3,87.0.3,390063,B - BELLEVUE,0
3,87.0.3,390064,A -WHITE BRIDGE,0
3,87.0.3,390065,B - BELLEVUE,0
3,87.0.3,390066,A -WHITE BRIDGE,0
3,87.0.3,390067,B - BELLEVUE,0
3,87.0.3,390068,A -WHITE BRIDGE,0
3,87.0.3,390069,B - BELLEVUE,0
3,87.0.3,390070,A -WHITE BRIDGE,0
3,87.0.3,390071,B - BELLEVUE,0
3,87.0.3,390072,A -WHITE BRIDGE,0
3,87.0.3,390073,B - BELLEVUE,0
3,87.0.3,390074,A -WHITE BRIDGE,0
3,87.0.3,390075,B - BELLEVUE,0
3,87.0.3,390076,A -WHITE BRIDGE,0
3,87.0.3,390077,B - BELLEVUE,0
3,87.0.3,390078,A -WHITE BRIDGE,0
3,87.0.3,390079,B - BELLEVUE,0
3,87.0.3,390080,A -WHITE BRIDGE,0
3,87.0.3,390081,B - BELLEVUE,0
3,87.0.3,390082,A -WHITE BRIDGE,0
3,87.0.3,390083,B - BELLEVUE,0
3,87.0.3,390084,A -WHITE BRIDGE,0
3,87.0.3,390085,B - BELLEVUE,0
3,87.0.3,390086,A -WHITE BRIDGE,0
3,87.0.3,390087,B - BELLEVUE,0
3,87.0.3,390088,A -WHITE BRIDGE,0
3,87.0.3,390089,B - BELLEVUE,0
3,87.0.3,390090,A -WHITE BRIDGE,0
3,87.0.3,390091,B - BELLEVUE,0
3,87.0.3,390092,A -WHITE BRIDGE,0
3,87.0.3,390093,B - BELLEVUE,0
3,87.0.3,390094,A -WHITE BRIDGE,0
3,87.0.3,390095,B - BELLEVUE,0
3,87.0.3,390096,A -WHITE BRIDGE,0
3,87.0.3,390097,B - BELLEVUE,0
3,87.0.3,390098,A -WHITE BRIDGE,0
3,87.0.3,390099,B - BELLEVUE,0
3,87.0.3,390100,A -WHITE BRIDGE,0
3,87.0.3,390101,B - BELLEVUE,0
3,87.0.3,390102,A -WHITE BRIDGE,0
3,87.0.3,390103,B - BELLEVUE,0
3,87.0.3,390104,A -WHITE BRIDGE,0
3,87.0.3,390105,B - BELLEVUE,0
3,87.0.3,390106,A -WHITE BRIDGE,0
3,87.0.3,390107,B - BELLEVUE,0
3,87.0.3,390108,A -WHITE BRIDGE,0
3,87.0.3,390109,B - BELLEVUE,0
3,87.0.3,390110,A - WHITE BRIDGE,0
3,87.0.3,390111,B - BELLEVUE,0
3,87.0.3,390112,A - WHITE BRIDGE,0
3,87.0.3,390113,B - BELLEVUE,0
3,87.0.3,390114,A -WHITE BRIDGE,0
3,87.0.3,390115,B - BELLEVUE,0
3,87.0.3,390116,A -WHITE BRIDGE,0
3,87.0.3,390117,B - BELLEVUE,0
3,87.0.3,390118,A -WHITE BRIDGE,0
3,87.0.3,390119,B - BELLEVUE,0
3,87.0.3,390120,A - WHITE BRIDGE,0
3,87.0.3,390121,B - BELLEVUE,0
3,87.0.3,390122,AB - WHITE BRIDGE BELLEVUE,0
3,87.123.3,390198,B - DOWNTOWN / NISSAN STADIUM VIA I-40,1
3,87.123.3,390199,B - DOWNTOWN / NISSAN STADIUM VIA I-40,1
3,87.123.3,390200,B - DOWNTOWN / NISSAN STADIUM VIA I-40,1
3,87.123.3,390201,B - DOWNTOWN / NISSAN STADIUM VIA I-40,1
3,87.123.3,395164,B - DOWNTOWN / NISSAN STADIUM VIA I-40,1
3,87.0.3,390131,A - DOWNTOWN,1
3,87.0.3,390132,B - DOWNTOWN,1
3,87.0.3,390133,A - DOWNTOWN,1
3,87.0.3,390134,B - DOWNTOWN,1
3,87.0.3,390135,A - DOWNTOWN,1
3,87.0.3,390136,B - DOWNTOWN,1
3,87.0.3,390137,A - DOWNTOWN,1
3,87.0.3,390138,B - DOWNTOWN,1
3,87.0.3,390139,A - DOWNTOWN,1
3,87.0.3,390140,B - DOWNTOWN,1
3,87.0.3,390141,A - DOWNTOWN,1
3,87.0.3,390142,B - DOWNTOWN,1
3,87.0.3,390143,A - DOWNTOWN,1
3,87.0.3,390144,B - DOWNTOWN,1
3,87.0.3,390145,A - DOWNTOWN,1
3,87.0.3,390146,B - DOWNTOWN,1
3,87.0.3,390147,A - DOWNTOWN,1
3,87.0.3,390148,B - DOWNTOWN,1
3,87.0.3,390149,A - DOWNTOWN,1
3,87.0.3,390150,B - DOWNTOWN,1
3,87.0.3,390151,A - DOWNTOWN,1
3,87.0.3,390152,B - DOWNTOWN,1
3,87.0.3,390153,A - DOWNTOWN,1
3,87.0.3,390155,A - DOWNTOWN,1
3,87.0.3,390154,B - DOWNTOWN,1
3,87.0.3,390156,B - DOWNTOWN,1
3,87.0.3,390157,A - DOWNTOWN,1
3,87.0.3,390158,B - DOWNTOWN,1
3,87.0.3,390159,A - DOWNTOWN,1
3,87.0.3,390160,B - DOWNTOWN,1
3,87.0.3,390161,A - DOWNTOWN,1
3,87.0.3,390162,B - DOWNTOWN,1
3,87.0.3,390163,A - DOWNTOWN,1
3,87.0.3,390164,B - DOWNTOWN,1
3,87.0.3,390165,A - DOWNTOWN,1
3,87.0.3,390166,B - DOWNTOWN,1
3,87.0.3,390167,A - DOWNTOWN,1
3,87.0.3,390168,B - DOWNTOWN,1
3,87.0.3,390169,A - DOWNTOWN,1
3,87.0.3,390170,B - DOWNTOWN,1
3,87.0.3,390171,A - DOWNTOWN,1
3,87.0.3,390172,B - DOWNTOWN,1
3,87.0.3,390173,A - DOWNTOWN,1
3,87.0.3,390174,B - DOWNTOWN,1
3,87.0.3,390175,A - DOWNTOWN,1
3,87.0.3,390176,B - DOWNTOWN,1
3,87.0.3,390177,A - DOWNTOWN,1
3,87.0.3,390178,B - DOWNTOWN,1
3,87.0.3,390179,A - DOWNTOWN,1
3,87.0.3,390180,B - DOWNTOWN,1
3,87.0.3,390181,A - DOWNTOWN,1
3,87.0.3,390182,B - DOWNTOWN,1
3,87.0.3,390183,A - DOWNTOWN,1
3,87.0.3,390184,B - DOWNTOWN,1
3,87.0.3,390185,A - DOWNTOWN,1
3,87.0.3,390186,B - DOWNTOWN,1
3,87.0.3,390187,A - DOWNTOWN,1
3,87.0.3,390188,B - DOWNTOWN,1
3,87.0.3,390189,A - DOWNTOWN,1
3,87.0.3,390190,B - DOWNTOWN,1
3,87.0.3,390191,A - DOWNTOWN,1
3,87.0.3,390192,B - DOWNTOWN,1
3,87.0.3,390193,A - DOWNTOWN,1
3,87.0.3,390194,B - DOWNTOWN,1
3,87.0.3,390195,A - DOWNTOWN,1
3,87.0.3,390196,B - DOWNTOWN,1
3,87.0.3,390197,A - DOWNTOWN,1
34,87.0.3,390342,OPRY MILLS VIA ELLINGTON,0
34,87.0.3,390343,OPRY MILLS VIA ELLINGTON,0
34,87.0.3,390344,OPRY MILLS VIA ELLINGTON,0
34,87.0.3,390345,OPRY MILLS VIA ELLINGTON,0
34,87.0.3,390346,OPRY MILLS VIA ELLINGTON,0
34,87.0.3,390347,OPRY MILLS VIA ELLINGTON,0
34,87.0.3,390348,OPRY MILLS VIA ELLINGTON,0
34,87.0.3,390349,OPRY MILLS VIA ELLINGTON,0
34,87.0.3,390350,OPRY MILLS VIA ELLINGTON,0
34,87.0.3,390351,OPRY MILLS VIA ELLINGTON,0
34,87.0.3,390352,OPRY MILLS VIA ELLINGTON,0
34,87.0.3,390353,OPRY MILLS VIA ELLINGTON,0
34,87.0.3,390354,OPRY MILLS VIA ELLINGTON,0
34,87.0.3,390355,OPRY MILLS VIA ELLINGTON,0
34,87.0.3,390356,OPRY MILLS VIA ELLINGTON,0
34,87.0.3,390357,OPRY MILLS VIA ELLINGTON,0
34,87.0.3,390358,OPRY MILLS VIA ELLINGTON,0
34,87.0.3,390359,OPRY MILLS VIA ELLINGTON,0
34,87.0.3,390360,OPRY MILLS VIA ELLINGTON,0
34,87.0.3,390361,OPRY MILLS VIA ELLINGTON,0
34,87.0.3,390362,OPRY MILLS VIA ELLINGTON,0
34,87.0.3,390363,OPRY MILLS VIA ELLINGTON,0
34,87.0.3,390364,OPRY MILLS VIA ELLINGTON,0
34,87.0.3,390365,OPRY MILLS VIA ELLINGTON,0
34,87.0.3,390366,OPRY MILLS VIA ELLINGTON,0
34,87.0.3,390367,OPRY MILLS VIA ELLINGTON,0
34,87.0.3,390368,OPRY MILLS VIA ELLINGTON,0
34,87.0.3,390369,OPRY MILLS VIA ELLINGTON,0
34,87.0.3,390370,OPRY MILLS VIA ELLINGTON,0
34,87.0.3,390371,OPRY MILLS VIA ELLINGTON,0
34,87.0.3,390372,OPRY MILLS VIA ELLINGTON,0
34,87.0.3,390373,OPRY MILLS VIA ELLINGTON,0
34,87.0.3,390374,OPRY MILLS VIA ELLINGTON,0
34,87.0.3,390375,OPRY MILLS VIA ELLINGTON,0
34,87.0.3,390376,DOWNTOWN VIA ELLINGTON,1
34,87.0.3,390377,DOWNTOWN VIA ELLINGTON,1
34,87.0.3,390378,DOWNTOWN VIA ELLINGTON,1
34,87.0.3,390379,DOWNTOWN VIA ELLINGTON,1
34,87.0.3,390380,DOWNTOWN VIA ELLINGTON,1
34,87.0.3,390381,DOWNTOWN VIA ELLINGTON,1
34,87.0.3,390382,DOWNTOWN VIA ELLINGTON,1
34,87.0.3,390383,DOWNTOWN VIA ELLINGTON,1
34,87.0.3,390384,DOWNTOWN VIA ELLINGTON,1
34,87.0.3,390385,DOWNTOWN VIA ELLINGTON,1
34,87.0.3,390386,DOWNTOWN VIA ELLINGTON,1
34,87.0.3,390387,DOWNTOWN VIA ELLINGTON,1
34,87.0.3,390388,DOWNTOWN VIA ELLINGTON,1
34,87.0.3,390389,DOWNTOWN VIA ELLINGTON,1
34,87.0.3,390390,DOWNTOWN VIA ELLINGTON,1
34,87.0.3,390391,DOWNTOWN VIA ELLINGTON,1
34,87.0.3,390392,DOWNTOWN VIA ELLINGTON,1
34,87.0.3,390393,DOWNTOWN VIA ELLINGTON,1
34,87.0.3,390394,DOWNTOWN VIA ELLINGTON,1
34,87.0.3,390395,DOWNTOWN VIA ELLINGTON,1
34,87.0.3,390396,DOWNTOWN VIA ELLINGTON,1
34,87.0.3,390397,DOWNTOWN VIA ELLINGTON,1
34,87.0.3,390398,DOWNTOWN VIA ELLINGTON,1
34,87.0.3,390399,DOWNTOWN VIA ELLINGTON,1
34,87.0.3,390400,DOWNTOWN VIA ELLINGTON,1
34,87.0.3,390401,DOWNTOWN VIA ELLINGTON,1
34,87.0.3,390402,DOWNTOWN VIA ELLINGTON,1
34,87.0.3,390403,DOWNTOWN VIA ELLINGTON,1
34,87.0.3,390404,DOWNTOWN VIA ELLINGTON,1
34,87.0.3,390405,DOWNTOWN VIA ELLINGTON,1
34,87.0.3,390406,DOWNTOWN VIA ELLINGTON,1
34,87.0.3,390407,DOWNTOWN VIA ELLINGTON,1
34,87.0.3,390408,DOWNTOWN VIA ELLINGTON,1
34,87.0.3,390409,DOWNTOWN VIA ELLINGTON,1
4,87.0.3,390572,INGLEWOOD,0
4,87.0.3,390573,INGLEWOOD,0
4,87.0.3,390574,INGLEWOOD,0
4,87.0.3,390575,INGLEWOOD,0
4,87.0.3,390576,INGLEWOOD,0
4,87.0.3,390577,INGLEWOOD,0
4,87.0.3,390578,INGLEWOOD,0
4,87.0.3,390579,INGLEWOOD,0
4,87.0.3,390580,INGLEWOOD,0
4,87.0.3,390581,INGLEWOOD,0
4,87.0.3,390582,INGLEWOOD,0
4,87.0.3,390583,INGLEWOOD,0
4,87.0.3,390584,INGLEWOOD,0
4,87.0.3,390585,INGLEWOOD,0
4,87.0.3,390586,INGLEWOOD,0
4,87.0.3,390587,INGLEWOOD,0
4,87.0.3,390588,INGLEWOOD,0
4,87.0.3,390589,INGLEWOOD,0
4,87.0.3,390590,INGLEWOOD,0
4,87.0.3,390591,INGLEWOOD,0
4,87.0.3,390592,INGLEWOOD,0
4,87.0.3,390593,INGLEWOOD,0
4,87.0.3,390594,INGLEWOOD,0
4,87.0.3,390595,INGLEWOOD,0
4,87.0.3,390596,INGLEWOOD,0
4,87.0.3,390597,INGLEWOOD,0
4,87.0.3,390598,INGLEWOOD,0
4,87.0.3,390599,INGLEWOOD,0
4,87.0.3,390630,DOWNTOWN,1
4,87.0.3,390600,DOWNTOWN,1
4,87.0.3,390601,DOWNTOWN,1
4,87.0.3,390602,DOWNTOWN,1
4,87.0.3,390603,DOWNTOWN,1
4,87.0.3,390604,DOWNTOWN,1
4,87.0.3,390605,DOWNTOWN,1
4,87.0.3,390606,DOWNTOWN,1
4,87.0.3,390607,DOWNTOWN,1
4,87.0.3,390608,DOWNTOWN,1
4,87.0.3,390609,DOWNTOWN,1
4,87.0.3,390610,DOWNTOWN,1
4,87.0.3,390611,DOWNTOWN,1
4,87.0.3,390612,DOWNTOWN,1
4,87.0.3,390613,DOWNTOWN,1
4,87.0.3,390614,DOWNTOWN,1
4,87.0.3,390615,DOWNTOWN,1
4,87.0.3,390616,DOWNTOWN,1
4,87.0.3,390617,DOWNTOWN,1
4,87.0.3,390618,DOWNTOWN,1
4,87.0.3,390619,DOWNTOWN,1
4,87.0.3,390620,DOWNTOWN,1
4,87.0.3,390621,DOWNTOWN,1
4,87.0.3,390622,DOWNTOWN,1
4,87.0.3,390623,DOWNTOWN,1
4,87.0.3,390624,DOWNTOWN,1
4,87.0.3,390625,DOWNTOWN,1
4,87.0.3,390626,DOWNTOWN,1
4,87.0.3,390627,DOWNTOWN,1
4,87.0.3,390628,DOWNTOWN,1
4,87.0.3,390629,SHELBY PARK,1
41,87.0.3,390714,TRINITY HILLS,0
41,87.0.3,390715,TRINITY HILLS,0
41,87.0.3,390716,TRINITY HILLS,0
41,87.0.3,390717,TRINITY HILLS,0
41,87.0.3,390718,TRINITY HILLS,0
41,87.71.3,390719,TRINITY HILLS,0
41,87.72.3,390728,TRINITY HILLS,0
41,87.72.3,390729,TRINITY HILLS,0
41,87.71.3,390720,TRINITY HILLS,0
41,87.71.3,390721,TRINITY HILLS,0
41,87.72.3,390730,TRINITY HILLS,0
41,87.72.3,390731,TRINITY HILLS,0
41,87.71.3,390722,TRINITY HILLS,0
41,87.71.3,390723,TRINITY HILLS,0
41,87.72.3,390732,TRINITY HILLS,0
41,87.72.3,390733,TRINITY HILLS,0
41,87.71.3,390724,TRINITY HILLS,0
41,87.0.3,390725,TRINITY HILLS,0
41,87.91.3,390726,TRINITY HILLS,0
41,87.91.3,390727,TRINITY HILLS,0
41,87.0.3,390736,DOWNTOWN,1
41,87.0.3,390737,DOWNTOWN,1
41,87.0.3,390738,DOWNTOWN,1
41,87.0.3,390739,DOWNTOWN,1
41,87.0.3,390740,DOWNTOWN,1
41,87.71.3,390741,DOWNTOWN,1
41,87.72.3,390750,DOWNTOWN & NISSAN STADIUM,1
41,87.72.3,390751,DOWNTOWN & NISSAN STADIUM,1
41,87.71.3,390742,DOWNTOWN,1
41,87.71.3,390743,DOWNTOWN,1
41,87.72.3,390752,DOWNTOWN & NISSAN STADIUM,1
41,87.72.3,390753,DOWNTOWN & NISSAN STADIUM,1
41,87.71.3,390744,DOWNTOWN,1
41,87.71.3,390745,DOWNTOWN,1
41,87.72.3,390754,DOWNTOWN & NISSAN STADIUM,1
41,87.72.3,390755,DOWNTOWN & NISSAN STADIUM,1
41,87.71.3,390746,DOWNTOWN,1
41,87.0.3,390747,DOWNTOWN,1
41,87.91.3,390748,DOWNTOWN,1
41,87.91.3,390749,DOWNTOWN,1
42,87.0.3,390856,NORTH NASHVILLE,0
42,87.0.3,390857,NORTH NASHVILLE,0
42,87.0.3,390858,NORTH NASHVILLE,0
42,87.0.3,390859,NORTH NASHVILLE,0
42,87.0.3,390860,NORTH NASHVILLE,0
42,87.0.3,390861,NORTH NASHVILLE,0
42,87.0.3,390862,NORTH NASHVILLE,0
42,87.0.3,390863,NORTH NASHVILLE,0
42,87.0.3,390864,NORTH NASHVILLE,0
42,87.0.3,390865,NORTH NASHVILLE,0
42,87.0.3,390866,NORTH NASHVILLE,0
42,87.0.3,390867,NORTH NASHVILLE,0
42,87.0.3,390868,NORTH NASHVILLE,0
42,87.0.3,390869,NORTH NASHVILLE,0
42,87.0.3,390870,NORTH NASHVILLE,0
42,87.0.3,390871,NORTH NASHVILLE,0
42,87.0.3,390872,NORTH NASHVILLE,0
42,87.0.3,390873,NORTH NASHVILLE,0
42,87.0.3,390874,DOWNTOWN,1
42,87.0.3,390875,DOWNTOWN,1
42,87.0.3,390876,DOWNTOWN,1
42,87.0.3,390877,DOWNTOWN,1
42,87.0.3,390878,DOWNTOWN,1
42,87.0.3,390879,DOWNTOWN,1
42,87.0.3,390880,DOWNTOWN,1
42,87.0.3,390881,DOWNTOWN,1
42,87.0.3,390882,DOWNTOWN,1
42,87.0.3,390883,DOWNTOWN,1
42,87.0.3,390884,DOWNTOWN,1
42,87.0.3,390885,DOWNTOWN,1
42,87.0.3,390886,DOWNTOWN,1
42,87.0.3,390887,DOWNTOWN,1
42,87.0.3,390888,DOWNTOWN,1
42,87.0.3,390889,DOWNTOWN,1
42,87.0.3,390890,DOWNTOWN,1
42,87.0.3,390891,DOWNTOWN,1
50,87.0.3,391513,CHARLOTTE WALMART,0
50,87.0.3,391514,CHARLOTTE WALMART,0
50,87.0.3,391515,CHARLOTTE WALMART,0
50,87.0.3,391516,CHARLOTTE WALMART,0
50,87.0.3,391517,CHARLOTTE WALMART,0
50,87.0.3,391518,CHARLOTTE WALMART,0
50,87.0.3,391519,CHARLOTTE WALMART,0
50,87.0.3,391520,CHARLOTTE WALMART,0
50,87.0.3,391521,CHARLOTTE WALMART,0
50,87.0.3,391522,CHARLOTTE WALMART,0
50,87.0.3,391523,CHARLOTTE WALMART,0
50,87.0.3,391524,CHARLOTTE WALMART,0
50,87.0.3,391525,CHARLOTTE WALMART,0
50,87.0.3,391526,CHARLOTTE WALMART,0
50,87.0.3,391527,CHARLOTTE WALMART,0
50,87.0.3,391528,CHARLOTTE WALMART,0
50,87.0.3,391529,CHARLOTTE WALMART,0
50,87.0.3,391530,CHARLOTTE WALMART,0
50,87.0.3,391531,CHARLOTTE WALMART,0
50,87.0.3,391532,CHARLOTTE WALMART,0
50,87.0.3,391533,CHARLOTTE WALMART,0
50,87.0.3,391534,CHARLOTTE WALMART,0
50,87.0.3,391535,CHARLOTTE WALMART,0
50,87.0.3,391536,CHARLOTTE WALMART,0
50,87.0.3,391537,CHARLOTTE WALMART,0
50,87.0.3,391538,CHARLOTTE WALMART,0
50,87.0.3,391539,CHARLOTTE WALMART,0
50,87.0.3,391540,CHARLOTTE WALMART,0
50,87.0.3,391541,CHARLOTTE WALMART,0
50,87.0.3,391542,CHARLOTTE WALMART,0
50,87.0.3,391543,CHARLOTTE WALMART,0
50,87.0.3,391544,CHARLOTTE WALMART,0
50,87.0.3,391545,CHARLOTTE WALMART,0
50,87.0.3,391546,CHARLOTTE WALMART,0
50,87.0.3,391547,CHARLOTTE WALMART,0
50,87.0.3,391548,CHARLOTTE WALMART,0
50,87.0.3,391549,CHARLOTTE WALMART,0
50,87.0.3,391550,CHARLOTTE WALMART,0
50,87.0.3,391551,CHARLOTTE WALMART,0
50,87.0.3,391552,CHARLOTTE WALMART,0
50,87.0.3,391553,CHARLOTTE WALMART,0
50,87.0.3,391554,CHARLOTTE WALMART,0
50,87.0.3,391555,CHARLOTTE WALMART,0
50,87.0.3,391556,CHARLOTTE WALMART,0
50,87.0.3,391557,CHARLOTTE WALMART,0
50,87.0.3,391558,CHARLOTTE WALMART,0
50,87.0.3,391559,CHARLOTTE WALMART,0
50,87.0.3,391560,CHARLOTTE WALMART,0
50,87.0.3,391561,CHARLOTTE WALMART,0
50,87.0.3,391562,CHARLOTTE WALMART,0
50,87.0.3,391563,CHARLOTTE WALMART,0
50,87.0.3,391564,CHARLOTTE WALMART,0
50,87.0.3,391565,CHARLOTTE WALMART,0
50,87.0.3,391566,CHARLOTTE WALMART,0
50,87.0.3,391567,CHARLOTTE WALMART,0
50,87.0.3,391568,CHARLOTTE WALMART,0
50,87.0.3,391569,CHARLOTTE WALMART,0
50,87.0.3,391570,CHARLOTTE WALMART,0
50,87.0.3,391571,CHARLOTTE WALMART,0
50,87.0.3,391572,CHARLOTTE WALMART,0
50,87.0.3,391573,CHARLOTTE WALMART,0
50,87.0.3,391574,CHARLOTTE WALMART,0
50,87.0.3,391575,CHARLOTTE WALMART,0
50,87.0.3,391576,CHARLOTTE WALMART,0
50,87.0.3,391577,CHARLOTTE WALMART,0
50,87.0.3,391578,DOWNTOWN,1
50,87.0.3,391579,DOWNTOWN,1
50,87.0.3,391580,DOWNTOWN,1
50,87.0.3,391581,DOWNTOWN,1
50,87.0.3,391582,DOWNTOWN,1
50,87.0.3,391583,DOWNTOWN,1
50,87.0.3,391584,DOWNTOWN,1
50,87.0.3,391585,DOWNTOWN,1
50,87.0.3,391586,DOWNTOWN,1
50,87.0.3,391587,DOWNTOWN,1
50,87.0.3,391588,DOWNTOWN,1
50,87.0.3,391589,DOWNTOWN,1
50,87.0.3,391590,DOWNTOWN,1
50,87.0.3,391591,DOWNTOWN,1
50,87.0.3,391592,DOWNTOWN,1
50,87.0.3,391593,DOWNTOWN,1
50,87.0.3,391594,DOWNTOWN,1
50,87.0.3,391595,DOWNTOWN,1
50,87.0.3,391596,DOWNTOWN,1
50,87.0.3,391597,DOWNTOWN,1
50,87.0.3,391598,DOWNTOWN,1
50,87.0.3,391599,DOWNTOWN,1
50,87.0.3,391600,DOWNTOWN,1
50,87.0.3,391601,DOWNTOWN,1
50,87.0.3,391602,DOWNTOWN,1
50,87.0.3,391603,DOWNTOWN,1
50,87.0.3,391604,DOWNTOWN,1
50,87.0.3,391605,DOWNTOWN,1
50,87.0.3,391606,DOWNTOWN,1
50,87.0.3,391607,DOWNTOWN,1
50,87.0.3,391608,DOWNTOWN,1
50,87.0.3,391609,DOWNTOWN,1
50,87.0.3,391610,DOWNTOWN,1
50,87.0.3,391611,DOWNTOWN,1
50,87.0.3,391612,DOWNTOWN,1
50,87.0.3,391613,DOWNTOWN,1
50,87.0.3,391614,DOWNTOWN,1
50,87.0.3,391615,DOWNTOWN,1
50,87.0.3,391616,DOWNTOWN,1
50,87.0.3,391617,DOWNTOWN,1
50,87.0.3,391618,DOWNTOWN,1
50,87.0.3,391619,DOWNTOWN,1
50,87.0.3,391620,DOWNTOWN,1
50,87.0.3,391621,DOWNTOWN,1
50,87.0.3,391622,DOWNTOWN,1
50,87.0.3,391623,DOWNTOWN,1
50,87.0.3,391624,DOWNTOWN,1
50,87.0.3,391625,DOWNTOWN,1
50,87.0.3,391626,DOWNTOWN,1
50,87.0.3,391627,DOWNTOWN,1
50,87.0.3,391628,DOWNTOWN,1
50,87.0.3,391629,DOWNTOWN,1
50,87.0.3,391630,DOWNTOWN,1
50,87.0.3,391631,DOWNTOWN,1
50,87.0.3,391632,DOWNTOWN,1
50,87.0.3,391633,DOWNTOWN,1
50,87.0.3,391634,DOWNTOWN,1
50,87.0.3,391635,DOWNTOWN,1
50,87.0.3,391636,DOWNTOWN,1
50,87.0.3,391637,DOWNTOWN,1
50,87.0.3,391638,DOWNTOWN,1
50,87.0.3,391639,DOWNTOWN,1
50,87.0.3,391640,DOWNTOWN,1
50,87.0.3,391641,DOWNTOWN,1
50,87.0.3,391642,DOWNTOWN,1
52,87.0.3,392039,A - HICKORY PLAZA,0
52,87.0.3,392044,B - EZELL,0
52,87.0.3,391978,A - HICKORY PLAZA,0
52,87.0.3,391992,B - EZELL,0
52,87.0.3,392016,A - HICKORY PLAZA,0
52,87.0.3,391993,B - EZELL,0
52,87.0.3,392017,A - HICKORY PLAZA,0
52,87.0.3,391994,B - EZELL,0
52,87.0.3,392018,A - HICKORY PLAZA,0
52,87.0.3,391995,B - EZELL,0
52,87.0.3,392019,A - HICKORY PLAZA,0
52,87.0.3,391996,B - EZELL,0
52,87.0.3,392020,A - HICKORY PLAZA,0
52,87.0.3,391997,B - EZELL,0
52,87.0.3,392021,A - HICKORY PLAZA,0
52,87.0.3,391998,B - EZELL,0
52,87.0.3,392022,A - HICKORY PLAZA,0
52,87.0.3,391999,B - EZELL,0
52,87.0.3,392023,A - HICKORY PLAZA,0
52,87.0.3,392000,B - EZELL,0
52,87.0.3,392024,A - HICKORY PLAZA,0
52,87.0.3,392001,B - EZELL,0
52,87.0.3,392025,A - HICKORY PLAZA,0
52,87.0.3,392002,B - EZELL,0
52,87.0.3,392026,A - HICKORY PLAZA,0
52,87.0.3,392003,B - EZELL,0
52,87.0.3,392027,A - HICKORY PLAZA,0
52,87.0.3,392004,B - EZELL,0
52,87.0.3,392028,A - HICKORY PLAZA,0
52,87.0.3,392005,B - EZELL,0
52,87.0.3,392029,A - HICKORY PLAZA,0
52,87.0.3,392006,B - EZELL,0
52,87.0.3,392030,A - HICKORY PLAZA,0
52,87.0.3,392007,B - EZELL,0
52,87.0.3,392031,A - HICKORY PLAZA,0
52,87.0.3,392008,B - EZELL,0
52,87.0.3,392032,A - HICKORY PLAZA,0
52,87.0.3,392009,B - EZELL,0
52,87.0.3,392033,A - HICKORY PLAZA,0
52,87.0.3,392010,B - EZELL,0
52,87.0.3,392034,A - HICKORY PLAZA,0
52,87.0.3,392011,B - EZELL,0
52,87.0.3,392035,A - HICKORY PLAZA,0
52,87.0.3,392012,B - EZELL,0
52,87.0.3,392036,A - HICKORY PLAZA,0
52,87.0.3,392013,B - EZELL,0
52,87.0.3,392037,A - HICKORY PLAZA,0
52,87.0.3,392014,B - EZELL,0
52,87.0.3,392038,A - HICKORY PLAZA,0
52,87.0.3,392015,B - EZELL,0
52,87.0.3,391979,A - HICKORY PLAZA,0
52,87.0.3,391983,B - EZELL,0
52,87.0.3,391980,A - HICKORY PLAZA,0
52,87.0.3,391984,B - EZELL,0
52,87.0.3,391981,A - HICKORY PLAZA,0
52,87.0.3,391985,B - EZELL,0
52,87.0.3,391982,A - HICKORY PLAZA,0
52,87.0.3,391987,B - EZELL,0
52,87.0.3,391986,A - HICKORY PLAZA,0
52,87.0.3,391990,B - EZELL,0
52,87.0.3,391988,A - HICKORY PLAZA,0
52,87.0.3,391991,B - EZELL,0
52,87.0.3,391989,AB - HICKORY PLAZA - EZELL,0
52,87.0.3,392040,AB - HICKORY PLAZA - EZELL,0
52,87.0.3,392041,AB - HICKORY PLAZA - EZELL,0
52,87.0.3,392042,AB - HICKORY PLAZA - EZELL,0
52,87.0.3,392043,AB - HICKORY PLAZA - EZELL,0
52,87.0.3,392082,A - DOWNTOWN,1
52,87.0.3,392111,B - DOWNTOWN,1
52,87.0.3,392045,A - DOWNTOWN,1
52,87.0.3,392083,B - DOWNTOWN,1
52,87.0.3,392058,A - DOWNTOWN,1
52,87.0.3,392084,B - DOWNTOWN,1
52,87.0.3,392059,A - DOWNTOWN,1
52,87.0.3,392085,B - DOWNTOWN,1
52,87.0.3,392060,A - DOWNTOWN,1
52,87.0.3,392086,B - DOWNTOWN,1
52,87.0.3,392061,A - DOWNTOWN,1
52,87.0.3,392087,B - DOWNTOWN,1
52,87.0.3,392062,A - DOWNTOWN,1
52,87.0.3,392088,B - DOWNTOWN,1
52,87.0.3,392063,A - DOWNTOWN,1
52,87.0.3,392089,B - DOWNTOWN,1
52,87.0.3,392064,A - DOWNTOWN,1
52,87.0.3,392090,B - DOWNTOWN,1
52,87.0.3,392065,A - DOWNTOWN,1
52,87.0.3,392091,B - DOWNTOWN,1
52,87.0.3,392066,A - DOWNTOWN,1
52,87.0.3,392092,B - DOWNTOWN,1
52,87.0.3,392067,A - DOWNTOWN,1
52,87.0.3,392093,B - DOWNTOWN,1
52,87.0.3,392068,A - DOWNTOWN,1
52,87.0.3,392094,B - DOWNTOWN,1
52,87.0.3,392069,A - DOWNTOWN,1
52,87.0.3,392095,B - DOWNTOWN,1
52,87.0.3,392070,A - DOWNTOWN,1
52,87.0.3,392096,B - DOWNTOWN,1
52,87.0.3,392071,A - DOWNTOWN,1
52,87.0.3,392097,B - DOWNTOWN,1
52,87.0.3,392072,A - DOWNTOWN,1
52,87.0.3,392098,B - DOWNTOWN,1
52,87.0.3,392073,A - DOWNTOWN,1
52,87.0.3,392099,B - DOWNTOWN,1
52,87.0.3,392074,A - DOWNTOWN,1
52,87.0.3,392100,B - DOWNTOWN,1
52,87.0.3,392075,A - DOWNTOWN,1
52,87.0.3,392101,B - DOWNTOWN,1
52,87.0.3,392076,A - DOWNTOWN,1
52,87.0.3,392102,B - DOWNTOWN,1
52,87.0.3,392077,A - DOWNTOWN,1
52,87.0.3,392103,B - DOWNTOWN,1
52,87.0.3,392078,A - DOWNTOWN,1
52,87.0.3,392104,B - DOWNTOWN,1
52,87.0.3,392079,A - DOWNTOWN,1
52,87.0.3,392105,B - DOWNTOWN,1
52,87.0.3,392080,A - DOWNTOWN,1
52,87.0.3,392106,B - DOWNTOWN,1
52,87.0.3,392081,A - DOWNTOWN,1
52,87.0.3,392051,B - DOWNTOWN,1
52,87.0.3,392046,A - DOWNTOWN,1
52,87.0.3,392052,B - DOWNTOWN,1
52,87.0.3,392047,A - DOWNTOWN,1
52,87.0.3,392053,B - DOWNTOWN,1
52,87.0.3,392048,A - DOWNTOWN,1
52,87.0.3,392050,B - DOWNTOWN,1
52,87.0.3,392049,A - DOWNTOWN,1
52,87.0.3,392056,B - DOWNTOWN,1
52,87.0.3,392054,A - DOWNTOWN,1
52,87.0.3,392057,B - DOWNTOWN,1
52,87.0.3,392055,A - DOWNTOWN,1
52,87.0.3,392107,B - DOWNTOWN,1
52,87.0.3,392110,A - DOWNTOWN,1
52,87.0.3,392108,B - DOWNTOWN,1
52,87.0.3,392109,B - DOWNTOWN,1
55,87.123.3,395167,HICKORY HOLLOW VIA I-24,0
55,87.123.3,392548,HICKORY HOLLOW VIA I-24,0
55,87.123.3,392549,HICKORY HOLLOW VIA I-24,0
55,87.123.3,392550,HICKORY HOLLOW VIA I-24,0
55,87.123.3,392551,HICKORY HOLLOW VIA I-24,0
55,87.0.3,392542,HICKORY HOLLOW,0
55,87.0.3,392543,HICKORY HOLLOW,0
55,87.0.3,392476,HICKORY HOLLOW,0
55,87.0.3,392480,HICKORY HOLLOW,0
55,87.0.3,392481,HICKORY HOLLOW,0
55,87.0.3,392482,HICKORY HOLLOW,0
55,87.0.3,392483,HICKORY HOLLOW,0
55,87.0.3,392484,HICKORY HOLLOW,0
55,87.0.3,392485,HICKORY HOLLOW,0
55,87.0.3,392486,HICKORY HOLLOW,0
55,87.0.3,392487,HICKORY HOLLOW,0
55,87.0.3,392488,HICKORY HOLLOW,0
55,87.0.3,392489,HICKORY HOLLOW,0
55,87.0.3,392490,HICKORY HOLLOW,0
55,87.0.3,392491,HICKORY HOLLOW,0
55,87.0.3,392492,HICKORY HOLLOW,0
55,87.0.3,392493,HICKORY HOLLOW,0
55,87.0.3,392494,HICKORY HOLLOW,0
55,87.0.3,392495,HICKORY HOLLOW,0
55,87.0.3,392496,HICKORY HOLLOW,0
55,87.0.3,392497,HICKORY HOLLOW,0
55,87.0.3,392498,HICKORY HOLLOW,0
55,87.0.3,392499,HICKORY HOLLOW,0
55,87.0.3,392500,HICKORY HOLLOW,0
55,87.0.3,392501,HICKORY HOLLOW,0
55,87.0.3,392502,HICKORY HOLLOW,0
55,87.0.3,392503,HICKORY HOLLOW,0
55,87.0.3,392504,HICKORY HOLLOW,0
55,87.0.3,392505,HICKORY HOLLOW,0
55,87.0.3,392506,HICKORY HOLLOW,0
55,87.0.3,392507,HICKORY HOLLOW,0
55,87.0.3,392508,HICKORY HOLLOW,0
55,87.0.3,392509,HICKORY HOLLOW,0
55,87.0.3,392510,HICKORY HOLLOW,0
55,87.0.3,392511,HICKORY HOLLOW,0
55,87.0.3,392512,HICKORY HOLLOW,0
55,87.0.3,392513,HICKORY HOLLOW,0
55,87.0.3,392514,HICKORY HOLLOW,0
55,87.0.3,392515,HICKORY HOLLOW,0
55,87.0.3,392516,HICKORY HOLLOW,0
55,87.0.3,392517,HICKORY HOLLOW,0
55,87.0.3,392518,HICKORY HOLLOW,0
55,87.0.3,392519,HICKORY HOLLOW,0
55,87.0.3,392520,HICKORY HOLLOW,0
55,87.0.3,392521,HICKORY HOLLOW,0
55,87.0.3,392522,HICKORY HOLLOW,0
55,87.0.3,392523,HICKORY HOLLOW,0
55,87.0.3,392524,HICKORY HOLLOW,0
55,87.0.3,392525,HICKORY HOLLOW,0
55,87.0.3,392526,HICKORY HOLLOW,0
55,87.0.3,392475,HICKORY HOLLOW,0
55,87.0.3,392527,HICKORY HOLLOW,0
55,87.0.3,392528,HICKORY HOLLOW,0
55,87.0.3,392529,HICKORY HOLLOW,0
55,87.0.3,392530,HICKORY HOLLOW,0
55,87.0.3,392531,HICKORY HOLLOW,0
55,87.0.3,392532,HICKORY HOLLOW,0
55,87.0.3,392533,HICKORY HOLLOW,0
55,87.0.3,392534,HICKORY HOLLOW,0
55,87.0.3,392535,HICKORY HOLLOW,0
55,87.0.3,392536,HICKORY HOLLOW,0
55,87.0.3,392537,HICKORY HOLLOW,0
55,87.0.3,392538,HICKORY HOLLOW,0
55,87.0.3,392539,HICKORY HOLLOW,0
55,87.0.3,392540,HICKORY HOLLOW,0
55,87.0.3,392541,HICKORY HOLLOW,0
55,87.0.3,392477,HICKORY HOLLOW,0
55,87.0.3,392479,HICKORY HOLLOW,0
55,87.0.3,392478,HICKORY HOLLOW,0
55,87.0.3,392544,HICKORY HOLLOW,0
55,87.0.3,392545,HICKORY HOLLOW,0
55,87.0.3,392546,HICKORY HOLLOW,0
55,87.0.3,392547,HICKORY HOLLOW,0
55,87.123.3,392629,NISSAN STADIUM VIA I-24,1
55,87.123.3,392630,NISSAN STADIUM VIA I-24,1
55,87.123.3,392631,NISSAN STADIUM VIA I-24,1
55,87.123.3,392632,NISSAN STADIUM VIA I-24,1
55,87.123.3,395166,NISSAN STADIUM VIA I-24,1
55,87.0.3,392623,DOWNTOWN,1
55,87.0.3,392624,DOWNTOWN,1
55,87.0.3,392557,DOWNTOWN,1
55,87.0.3,392561,DOWNTOWN,1
55,87.0.3,392562,DOWNTOWN,1
55,87.0.3,392563,DOWNTOWN,1
55,87.0.3,392564,DOWNTOWN,1
55,87.0.3,392565,DOWNTOWN,1
55,87.0.3,392566,DOWNTOWN,1
55,87.0.3,392567,DOWNTOWN,1
55,87.0.3,392568,DOWNTOWN,1
55,87.0.3,392569,DOWNTOWN,1
55,87.0.3,392570,DOWNTOWN,1
55,87.0.3,392571,DOWNTOWN,1
55,87.0.3,392572,DOWNTOWN,1
55,87.0.3,392573,DOWNTOWN,1
55,87.0.3,392574,DOWNTOWN,1
55,87.0.3,392575,DOWNTOWN,1
55,87.0.3,392576,DOWNTOWN,1
55,87.0.3,392577,DOWNTOWN,1
55,87.0.3,392578,DOWNTOWN,1
55,87.0.3,392579,DOWNTOWN,1
55,87.0.3,392580,DOWNTOWN,1
55,87.0.3,392581,DOWNTOWN,1
55,87.0.3,392582,DOWNTOWN,1
55,87.0.3,392583,DOWNTOWN,1
55,87.0.3,392584,DOWNTOWN,1
55,87.0.3,392585,DOWNTOWN,1
55,87.0.3,392586,DOWNTOWN,1
55,87.0.3,392587,DOWNTOWN,1
55,87.0.3,392588,DOWNTOWN,1
55,87.0.3,392589,DOWNTOWN,1
55,87.0.3,392590,DOWNTOWN,1
55,87.0.3,392591,DOWNTOWN,1
55,87.0.3,392592,DOWNTOWN,1
55,87.0.3,392593,DOWNTOWN,1
55,87.0.3,392594,DOWNTOWN,1
55,87.0.3,392595,DOWNTOWN,1
55,87.0.3,392596,DOWNTOWN,1
55,87.0.3,392597,DOWNTOWN,1
55,87.0.3,392598,DOWNTOWN,1
55,87.0.3,392599,DOWNTOWN,1
55,87.0.3,392600,DOWNTOWN,1
55,87.0.3,392601,DOWNTOWN,1
55,87.0.3,392602,DOWNTOWN,1
55,87.0.3,392603,DOWNTOWN,1
55,87.0.3,392604,DOWNTOWN,1
55,87.0.3,392605,DOWNTOWN,1
55,87.0.3,392606,DOWNTOWN,1
55,87.0.3,392607,DOWNTOWN,1
55,87.0.3,392556,DOWNTOWN,1
55,87.0.3,392608,DOWNTOWN,1
55,87.0.3,392609,DOWNTOWN,1
55,87.0.3,392610,DOWNTOWN,1
55,87.0.3,392611,DOWNTOWN,1
55,87.0.3,392612,DOWNTOWN,1
55,87.0.3,392613,DOWNTOWN,1
55,87.0.3,392614,DOWNTOWN,1
55,87.0.3,392615,DOWNTOWN,1
55,87.0.3,392616,DOWNTOWN,1
55,87.0.3,392617,DOWNTOWN,1
55,87.0.3,392618,DOWNTOWN,1
55,87.0.3,392619,DOWNTOWN,1
55,87.0.3,392620,DOWNTOWN,1
55,87.0.3,392621,DOWNTOWN,1
55,87.0.3,392622,DOWNTOWN,1
55,87.0.3,392558,DOWNTOWN,1
55,87.0.3,392560,DOWNTOWN,1
55,87.0.3,392559,DOWNTOWN,1
55,87.0.3,392625,DOWNTOWN,1
55,87.0.3,392626,DOWNTOWN,1
55,87.0.3,392627,DOWNTOWN,1
55,87.0.3,392628,DOWNTOWN,1
56,87.0.3,393212,RIVERGATE,0
56,87.0.3,393213,RIVERGATE,0
56,87.0.3,393122,RIVERGATE,0
56,87.0.3,393126,RIVERGATE,0
56,87.0.3,393127,RIVERGATE,0
56,87.0.3,393128,RIVERGATE,0
56,87.0.3,393129,RIVERGATE,0
56,87.0.3,393130,RIVERGATE,0
56,87.0.3,393131,RIVERGATE,0
56,87.0.3,393132,RIVERGATE,0
56,87.0.3,393133,RIVERGATE,0
56,87.0.3,393134,RIVERGATE,0
56,87.0.3,393135,RIVERGATE,0
56,87.0.3,393136,RIVERGATE,0
56,87.0.3,393137,RIVERGATE,0
56,87.0.3,393138,RIVERGATE,0
56,87.0.3,393139,RIVERGATE,0
56,87.71.3,393163,RIVERGATE,0
56,87.72.3,393188,RIVERGATE,0
56,87.72.3,393189,RIVERGATE,0
56,87.71.3,393164,RIVERGATE,0
56,87.71.3,393165,RIVERGATE,0
56,87.72.3,393190,RIVERGATE,0
56,87.72.3,393191,RIVERGATE,0
56,87.71.3,393166,RIVERGATE,0
56,87.71.3,393167,RIVERGATE,0
56,87.72.3,393192,RIVERGATE,0
56,87.72.3,393193,RIVERGATE,0
56,87.71.3,393168,RIVERGATE,0
56,87.71.3,393169,RIVERGATE,0
56,87.72.3,393194,RIVERGATE,0
56,87.72.3,393195,RIVERGATE,0
56,87.71.3,393170,RIVERGATE,0
56,87.71.3,393171,RIVERGATE,0
56,87.72.3,393196,RIVERGATE,0
56,87.72.3,393197,RIVERGATE,0
56,87.71.3,393172,RIVERGATE,0
56,87.71.3,393173,RIVERGATE,0
56,87.72.3,393198,RIVERGATE,0
56,87.72.3,393199,RIVERGATE,0
56,87.71.3,393174,RIVERGATE,0
56,87.71.3,393175,RIVERGATE,0
56,87.72.3,393200,RIVERGATE,0
56,87.72.3,393201,RIVERGATE,0
56,87.71.3,393176,RIVERGATE,0
56,87.71.3,393177,RIVERGATE,0
56,87.72.3,393202,RIVERGATE,0
56,87.72.3,393203,RIVERGATE,0
56,87.71.3,393178,RIVERGATE,0
56,87.71.3,393179,RIVERGATE,0
56,87.72.3,393204,RIVERGATE,0
56,87.72.3,393205,RIVERGATE,0
56,87.71.3,393180,RIVERGATE,0
56,87.71.3,393181,RIVERGATE,0
56,87.72.3,393206,RIVERGATE,0
56,87.72.3,393207,RIVERGATE,0
56,87.71.3,393182,RIVERGATE,0
56,87.71.3,393183,RIVERGATE,0
56,87.72.3,393208,RIVERGATE,0
56,87.72.3,393209,RIVERGATE,0
56,87.71.3,393184,RIVERGATE,0
56,87.71.3,393185,RIVERGATE,0
56,87.72.3,393210,RIVERGATE,0
56,87.72.3,393211,RIVERGATE,0
56,87.71.3,393186,RIVERGATE,0
56,87.0.3,393187,RIVERGATE,0
56,87.0.3,393121,RIVERGATE,0
56,87.0.3,393140,RIVERGATE,0
56,87.0.3,393141,RIVERGATE,0
56,87.91.3,393142,RIVERGATE,0
56,87.91.3,393143,RIVERGATE,0
56,87.91.3,393144,RIVERGATE,0
56,87.91.3,393145,RIVERGATE,0
56,87.91.3,393146,RIVERGATE,0
56,87.91.3,393147,RIVERGATE,0
56,87.91.3,393148,RIVERGATE,0
56,87.91.3,393149,RIVERGATE,0
56,87.91.3,393150,RIVERGATE,0
56,87.91.3,393151,RIVERGATE,0
56,87.91.3,393152,RIVERGATE,0
56,87.91.3,393153,RIVERGATE,0
56,87.91.3,393154,RIVERGATE,0
56,87.91.3,393155,RIVERGATE,0
56,87.91.3,393156,RIVERGATE,0
56,87.91.3,393157,RIVERGATE,0
56,87.91.3,393158,RIVERGATE,0
56,87.91.3,393159,RIVERGATE,0
56,87.91.3,393160,RIVERGATE,0
56,87.91.3,393161,RIVERGATE,0
56,87.91.3,393162,RIVERGATE,0
56,87.91.3,393123,RIVERGATE,0
56,87.91.3,393125,RIVERGATE,0
56,87.0.3,393124,RIVERGATE,0
56,87.0.3,393214,RIVERGATE,0
56,87.0.3,393215,RIVERGATE,0
56,87.0.3,393216,RIVERGATE,0
56,87.0.3,393217,RIVERGATE,0
56,87.0.3,393332,DOWNTOWN,1
56,87.0.3,393333,DOWNTOWN,1
56,87.0.3,393241,DOWNTOWN,1
56,87.0.3,393245,DOWNTOWN,1
56,87.0.3,393246,DOWNTOWN,1
56,87.0.3,393247,DOWNTOWN,1
56,87.0.3,393248,DOWNTOWN,1
56,87.0.3,393249,DOWNTOWN,1
56,87.0.3,393250,DOWNTOWN,1
56,87.0.3,393251,DOWNTOWN,1
56,87.0.3,393252,DOWNTOWN,1
56,87.0.3,393253,DOWNTOWN,1
56,87.0.3,393254,DOWNTOWN,1
56,87.0.3,393255,DOWNTOWN,1
56,87.0.3,393256,DOWNTOWN,1
56,87.0.3,393257,DOWNTOWN,1
56,87.0.3,393258,DOWNTOWN,1
56,87.0.3,393259,DOWNTOWN,1
56,87.72.3,393308,NISSAN STADIUM & DOWNTOWN,1
56,87.71.3,393260,DOWNTOWN,1
56,87.72.3,393309,NISSAN STADIUM & DOWNTOWN,1
56,87.71.3,393261,DOWNTOWN,1
56,87.72.3,393310,NISSAN STADIUM & DOWNTOWN,1
56,87.71.3,393262,DOWNTOWN,1
56,87.72.3,393311,NISSAN STADIUM & DOWNTOWN,1
56,87.71.3,393263,DOWNTOWN,1
56,87.72.3,393312,NISSAN STADIUM & DOWNTOWN,1
56,87.71.3,393264,DOWNTOWN,1
56,87.72.3,393313,NISSAN STADIUM & DOWNTOWN,1
56,87.71.3,393265,DOWNTOWN,1
56,87.72.3,393314,NISSAN STADIUM & DOWNTOWN,1
56,87.71.3,393266,DOWNTOWN,1
56,87.72.3,393315,NISSAN STADIUM & DOWNTOWN,1
56,87.71.3,393267,DOWNTOWN,1
56,87.72.3,393316,NISSAN STADIUM & DOWNTOWN,1
56,87.71.3,393268,DOWNTOWN,1
56,87.72.3,393317,NISSAN STADIUM & DOWNTOWN,1
56,87.71.3,393269,DOWNTOWN,1
56,87.72.3,393318,NISSAN STADIUM & DOWNTOWN,1
56,87.71.3,393270,DOWNTOWN,1
56,87.72.3,393319,NISSAN STADIUM & DOWNTOWN,1
56,87.71.3,393271,DOWNTOWN,1
56,87.72.3,393320,NISSAN STADIUM & DOWNTOWN,1
56,87.71.3,393272,DOWNTOWN,1
56,87.72.3,393321,NISSAN STADIUM & DOWNTOWN,1
56,87.71.3,393273,DOWNTOWN,1
56,87.72.3,393322,NISSAN STADIUM & DOWNTOWN,1
56,87.71.3,393274,DOWNTOWN,1
56,87.72.3,393323,NISSAN STADIUM & DOWNTOWN,1
56,87.71.3,393275,DOWNTOWN,1
56,87.72.3,393324,NISSAN STADIUM & DOWNTOWN,1
56,87.71.3,393276,DOWNTOWN,1
56,87.72.3,393325,NISSAN STADIUM & DOWNTOWN,1
56,87.71.3,393277,DOWNTOWN,1
56,87.72.3,393326,NISSAN STADIUM & DOWNTOWN,1
56,87.71.3,393278,DOWNTOWN,1
56,87.72.3,393327,NISSAN STADIUM & DOWNTOWN,1
56,87.71.3,393279,DOWNTOWN,1
56,87.72.3,393328,NISSAN STADIUM & DOWNTOWN,1
56,87.71.3,393280,DOWNTOWN,1
56,87.72.3,393329,NISSAN STADIUM & DOWNTOWN,1
56,87.71.3,393281,DOWNTOWN,1
56,87.72.3,393330,NISSAN STADIUM & DOWNTOWN,1
56,87.71.3,393282,DOWNTOWN,1
56,87.72.3,393331,NISSAN STADIUM & DOWNTOWN,1
56,87.71.3,393283,DOWNTOWN,1
56,87.0.3,393284,DOWNTOWN,1
56,87.0.3,393285,DOWNTOWN,1
56,87.0.3,393286,DOWNTOWN,1
56,87.0.3,393287,DOWNTOWN,1
56,87.91.3,393288,DOWNTOWN,1
56,87.91.3,393289,DOWNTOWN,1
56,87.91.3,393290,DOWNTOWN,1
56,87.91.3,393291,DOWNTOWN,1
56,87.91.3,393292,DOWNTOWN,1
56,87.91.3,393293,DOWNTOWN,1
56,87.91.3,393294,DOWNTOWN,1
56,87.91.3,393295,DOWNTOWN,1
56,87.91.3,393296,DOWNTOWN,1
56,87.91.3,393297,DOWNTOWN,1
56,87.91.3,393298,DOWNTOWN,1
56,87.91.3,393299,DOWNTOWN,1
56,87.91.3,393300,DOWNTOWN,1
56,87.91.3,393301,DOWNTOWN,1
56,87.91.3,393302,DOWNTOWN,1
56,87.91.3,393303,DOWNTOWN,1
56,87.91.3,393304,DOWNTOWN,1
56,87.91.3,393305,DOWNTOWN,1
56,87.91.3,393306,DOWNTOWN,1
56,87.91.3,393307,DOWNTOWN,1
56,87.91.3,393242,DOWNTOWN,1
56,87.91.3,393244,DOWNTOWN,1
56,87.91.3,393243,DOWNTOWN,1
56,87.0.3,393334,DOWNTOWN,1
56,87.0.3,393335,DOWNTOWN,1
56,87.0.3,393336,DOWNTOWN,1
56,87.0.3,393337,DOWNTOWN,1
6,87.0.3,393475,HERMITAGE STATION,0
6,87.0.3,393476,HERMITAGE STATION,0
6,87.0.3,393477,HERMITAGE STATION,0
6,87.0.3,393478,HERMITAGE STATION,0
6,87.0.3,393479,HERMITAGE STATION,0
6,87.0.3,393480,HERMITAGE STATION,0
6,87.0.3,393481,HERMITAGE STATION,0
6,87.0.3,393482,HERMITAGE STATION,0
6,87.0.3,393483,HERMITAGE STATION,0
6,87.0.3,393484,HERMITAGE STATION,0
6,87.0.3,393485,HERMITAGE STATION,0
6,87.0.3,393486,HERMITAGE STATION,0
6,87.0.3,393487,HERMITAGE STATION,0
6,87.0.3,393488,HERMITAGE STATION,0
6,87.0.3,393489,HERMITAGE STATION,0
6,87.0.3,393490,HERMITAGE STATION,0
6,87.0.3,393491,HERMITAGE STATION,0
6,87.0.3,393492,HERMITAGE STATION,0
6,87.0.3,393493,DOWNTOWN,1
6,87.0.3,393494,DOWNTOWN,1
6,87.0.3,393495,DOWNTOWN,1
6,87.0.3,393496,DOWNTOWN,1
6,87.0.3,393497,DOWNTOWN,1
6,87.0.3,393498,DOWNTOWN,1
6,87.0.3,393499,DOWNTOWN,1
6,87.0.3,393500,DOWNTOWN,1
6,87.0.3,393501,DOWNTOWN,1
6,87.0.3,393502,DOWNTOWN,1
6,87.0.3,393503,DOWNTOWN,1
6,87.0.3,393504,DOWNTOWN,1
6,87.0.3,393505,DOWNTOWN,1
6,87.0.3,393506,DOWNTOWN,1
6,87.0.3,393507,DOWNTOWN,1
6,87.0.3,393508,DOWNTOWN,1
6,87.0.3,393509,DOWNTOWN,1
6,87.0.3,393510,DOWNTOWN,1
7,87.0.3,393768,GREEN HILLS,0
7,87.0.3,393769,GREEN HILLS,0
7,87.0.3,393770,GREEN HILLS,0
7,87.0.3,393771,GREEN HILLS,0
7,87.0.3,393772,GREEN HILLS,0
7,87.0.3,393773,GREEN HILLS,0
7,87.0.3,393774,GREEN HILLS,0
7,87.0.3,393775,GREEN HILLS,0
7,87.0.3,393776,GREEN HILLS,0
7,87.0.3,393777,GREEN HILLS,0
7,87.0.3,393778,GREEN HILLS,0
7,87.0.3,393779,GREEN HILLS,0
7,87.0.3,393780,GREEN HILLS,0
7,87.0.3,393781,GREEN HILLS,0
7,87.0.3,393782,GREEN HILLS,0
7,87.0.3,393783,GREEN HILLS,0
7,87.0.3,393784,GREEN HILLS,0
7,87.0.3,393785,GREEN HILLS,0
7,87.0.3,393786,GREEN HILLS,0
7,87.0.3,393787,GREEN HILLS,0
7,87.0.3,393788,GREEN HILLS,0
7,87.0.3,393789,GREEN HILLS,0
7,87.0.3,393790,GREEN HILLS,0
7,87.0.3,393791,GREEN HILLS,0
7,87.0.3,393792,GREEN HILLS,0
7,87.0.3,393793,GREEN HILLS,0
7,87.0.3,393794,GREEN HILLS,0
7,87.0.3,393795,GREEN HILLS,0
7,87.0.3,393796,GREEN HILLS,0
7,87.0.3,393797,GREEN HILLS,0
7,87.0.3,393798,GREEN HILLS,0
7,87.0.3,393799,GREEN HILLS,0
7,87.0.3,393800,GREEN HILLS,0
7,87.0.3,393801,GREEN HILLS,0
7,87.0.3,393802,GREEN HILLS,0
7,87.0.3,393803,GREEN HILLS,0
7,87.0.3,393804,GREEN HILLS,0
7,87.0.3,393805,GREEN HILLS,0
7,87.0.3,393806,GREEN HILLS,0
7,87.0.3,393807,GREEN HILLS,0
7,87.0.3,393808,GREEN HILLS,0
7,87.0.3,393809,GREEN HILLS,0
7,87.0.3,393810,GREEN HILLS,0
7,87.0.3,393811,GREEN HILLS,0
7,87.0.3,393812,GREEN HILLS,0
7,87.0.3,393813,GREEN HILLS,0
7,87.0.3,393814,GREEN HILLS,0
7,87.0.3,393815,GREEN HILLS,0
7,87.0.3,393816,GREEN HILLS,0
7,87.0.3,393817,GREEN HILLS,0
7,87.0.3,393818,GREEN HILLS,0
7,87.0.3,393819,GREEN HILLS,0
7,87.0.3,393820,DOWNTOWN,1
7,87.0.3,393821,DOWNTOWN,1
7,87.0.3,393822,DOWNTOWN,1
7,87.0.3,393823,DOWNTOWN,1
7,87.0.3,393824,DOWNTOWN,1
7,87.0.3,393825,DOWNTOWN,1
7,87.0.3,393826,DOWNTOWN,1
7,87.0.3,393827,DOWNTOWN,1
7,87.0.3,393828,DOWNTOWN,1
7,87.0.3,393829,DOWNTOWN,1
7,87.0.3,393830,DOWNTOWN,1
7,87.0.3,393831,DOWNTOWN,1
7,87.0.3,393832,DOWNTOWN,1
7,87.0.3,393833,DOWNTOWN,1
7,87.0.3,393834,DOWNTOWN,1
7,87.0.3,393835,DOWNTOWN,1
7,87.0.3,393836,DOWNTOWN,1
7,87.0.3,393837,DOWNTOWN,1
7,87.0.3,393838,DOWNTOWN,1
7,87.0.3,393839,DOWNTOWN,1
7,87.0.3,393840,DOWNTOWN,1
7,87.0.3,393841,DOWNTOWN,1
7,87.0.3,393842,DOWNTOWN,1
7,87.0.3,393843,DOWNTOWN,1
7,87.0.3,393844,DOWNTOWN,1
7,87.0.3,393845,DOWNTOWN,1
7,87.0.3,393846,DOWNTOWN,1
7,87.0.3,393847,DOWNTOWN,1
7,87.0.3,393848,DOWNTOWN,1
7,87.0.3,393849,DOWNTOWN,1
7,87.0.3,393850,DOWNTOWN,1
7,87.0.3,393851,DOWNTOWN,1
7,87.0.3,393852,DOWNTOWN,1
7,87.0.3,393853,DOWNTOWN,1
7,87.0.3,393854,DOWNTOWN,1
7,87.0.3,393855,DOWNTOWN,1
7,87.0.3,393856,DOWNTOWN,1
7,87.0.3,393857,DOWNTOWN,1
7,87.0.3,393858,DOWNTOWN,1
7,87.0.3,393859,DOWNTOWN,1
7,87.0.3,393860,DOWNTOWN,1
7,87.0.3,393861,DOWNTOWN,1
7,87.0.3,393862,DOWNTOWN,1
7,87.0.3,393863,DOWNTOWN,1
7,87.0.3,393864,DOWNTOWN,1
7,87.0.3,393865,DOWNTOWN,1
7,87.0.3,393866,DOWNTOWN,1
7,87.0.3,393867,DOWNTOWN,1
7,87.0.3,393868,DOWNTOWN,1
7,87.0.3,393869,DOWNTOWN,1
7,87.0.3,393870,DOWNTOWN,1
71,87.0.3,394013,GALLATIN PK - GREENFIELD STATION,0
71,87.0.3,394014,GALLATIN PK - GREENFIELD STATION,0
71,87.0.3,394015,GALLATIN PK - GREENFIELD STATION,0
71,87.0.3,394016,GALLATIN PK - GREENFIELD STATION,0
71,87.0.3,394017,GALLATIN PK - GREENFIELD STATION,0
71,87.0.3,394018,GALLATIN PK - GREENFIELD STATION,0
71,87.0.3,394019,GALLATIN PK - GREENFIELD STATION,0
71,87.0.3,394020,GALLATIN PK - GREENFIELD STATION,0
71,87.0.3,394021,GALLATIN PK - GREENFIELD STATION,0
71,87.0.3,394022,GALLATIN PK - GREENFIELD STATION,0
71,87.0.3,394023,GALLATIN PK - GREENFIELD STATION,0
71,87.0.3,394024,GALLATIN PK - GREENFIELD STATION,0
71,87.0.3,394025,GALLATIN PK - GREENFIELD STATION,0
71,87.0.3,394026,GALLATIN PK - GREENFIELD STATION,0
71,87.0.3,394027,GALLATIN PK - GREENFIELD STATION,0
71,87.0.3,394028,GALLATIN PK - GREENFIELD STATION,0
71,87.0.3,394029,GALLATIN PK - GREENFIELD STATION,0
71,87.0.3,394030,GALLATIN PK - GREENFIELD STATION,0
71,87.0.3,394031,GALLATIN PK - GREENFIELD STATION,0
71,87.0.3,394032,GALLATIN PK - GREENFIELD STATION,0
71,87.0.3,394033,GALLATIN PK - GREENFIELD STATION,0
71,87.0.3,394034,GALLATIN PK - GREENFIELD STATION,0
71,87.0.3,394035,GALLATIN PK - GREENFIELD STATION,0
71,87.0.3,394036,GALLATIN PK - GREENFIELD STATION,0
71,87.0.3,394037,GALLATIN PK - GREENFIELD STATION,0
71,87.0.3,394038,GALLATIN PK - GREENFIELD STATION,0
71,87.0.3,394039,NORTH NASHVILLE,1
71,87.0.3,394040,NORTH NASHVILLE,1
71,87.0.3,394041,NORTH NASHVILLE,1
71,87.0.3,394042,NORTH NASHVILLE,1
71,87.0.3,394043,NORTH NASHVILLE,1
71,87.0.3,394044,NORTH NASHVILLE,1
71,87.0.3,394045,NORTH NASHVILLE,1
71,87.0.3,394046,NORTH NASHVILLE,1
71,87.0.3,394047,NORTH NASHVILLE,1
71,87.0.3,394048,NORTH NASHVILLE,1
71,87.0.3,394049,NORTH NASHVILLE,1
71,87.0.3,394050,NORTH NASHVILLE,1
71,87.0.3,394051,NORTH NASHVILLE,1
71,87.0.3,394052,NORTH NASHVILLE,1
71,87.0.3,394053,NORTH NASHVILLE,1
71,87.0.3,394054,NORTH NASHVILLE,1
71,87.0.3,394055,NORTH NASHVILLE,1
71,87.0.3,394056,NORTH NASHVILLE,1
71,87.0.3,394057,NORTH NASHVILLE,1
71,87.0.3,394058,NORTH NASHVILLE,1
71,87.0.3,394059,NORTH NASHVILLE,1
71,87.0.3,394060,NORTH NASHVILLE,1
71,87.0.3,394061,NORTH NASHVILLE,1
71,87.0.3,394062,NORTH NASHVILLE,1
71,87.0.3,394063,NORTH NASHVILLE,1
71,87.0.3,394064,NORTH NASHVILLE,1
71,87.0.3,394065,NORTH NASHVILLE,1
75,87.0.3,394217,NORTH NASHVILLE,0
75,87.0.3,394218,NORTH NASHVILLE,0
75,87.0.3,394219,NORTH NASHVILLE,0
75,87.0.3,394220,NORTH NASHVILLE,0
75,87.0.3,394221,NORTH NASHVILLE,0
75,87.0.3,394222,NORTH NASHVILLE,0
75,87.0.3,394223,NORTH NASHVILLE,0
75,87.0.3,394224,NORTH NASHVILLE,0
75,87.0.3,394225,NORTH NASHVILLE,0
75,87.0.3,394226,NORTH NASHVILLE,0
75,87.0.3,394227,NORTH NASHVILLE,0
75,87.0.3,394228,NORTH NASHVILLE,0
75,87.0.3,394229,NORTH NASHVILLE,0
75,87.0.3,394230,NORTH NASHVILLE,0
75,87.0.3,394231,NORTH NASHVILLE,0
75,87.0.3,394232,NORTH NASHVILLE,0
75,87.0.3,394233,NORTH NASHVILLE,0
75,87.0.3,394234,NORTH NASHVILLE,0
75,87.0.3,394235,NORTH NASHVILLE,0
75,87.0.3,394236,NORTH NASHVILLE,0
75,87.0.3,394237,NORTH NASHVILLE,0
75,87.0.3,394238,NORTH NASHVILLE,0
75,87.0.3,394239,NORTH NASHVILLE,0
75,87.0.3,394240,NORTH NASHVILLE,0
75,87.0.3,394241,NORTH NASHVILLE,0
75,87.0.3,394242,NORTH NASHVILLE,0
75,87.0.3,394243,NORTH NASHVILLE,0
75,87.0.3,394244,NORTH NASHVILLE,0
75,87.0.3,394245,NORTH NASHVILLE,0
75,87.0.3,394246,NORTH NASHVILLE,0
75,87.0.3,394247,NORTH NASHVILLE,0
75,87.0.3,394248,NORTH NASHVILLE,0
75,87.0.3,394249,NORTH NASHVILLE,0
75,87.0.3,394250,NORTH NASHVILLE,0
75,87.0.3,394251,EDGEHILL - NAPIER,1
75,87.0.3,394252,EDGEHILL - NAPIER,1
75,87.0.3,394253,EDGEHILL - NAPIER,1
75,87.0.3,394254,EDGEHILL - NAPIER,1
75,87.0.3,394255,EDGEHILL - NAPIER,1
75,87.0.3,394256,EDGEHILL - NAPIER,1
75,87.0.3,394257,EDGEHILL - NAPIER,1
75,87.0.3,394258,EDGEHILL - NAPIER,1
75,87.0.3,394259,EDGEHILL - NAPIER,1
75,87.0.3,394260,EDGEHILL - NAPIER,1
75,87.0.3,394261,EDGEHILL - NAPIER,1
75,87.0.3,394262,EDGEHILL - NAPIER,1
75,87.0.3,394263,EDGEHILL - NAPIER,1
75,87.0.3,394264,EDGEHILL - NAPIER,1
75,87.0.3,394265,EDGEHILL - NAPIER,1
75,87.0.3,394266,EDGEHILL - NAPIER,1
75,87.0.3,394267,EDGEHILL - NAPIER,1
75,87.0.3,394268,EDGEHILL - NAPIER,1
75,87.0.3,394269,EDGEHILL - NAPIER,1
75,87.0.3,394270,EDGEHILL - NAPIER,1
75,87.0.3,394271,EDGEHILL - NAPIER,1
75,87.0.3,394272,EDGEHILL - NAPIER,1
75,87.0.3,394273,EDGEHILL - NAPIER,1
75,87.0.3,394274,EDGEHILL - NAPIER,1
75,87.0.3,394275,EDGEHILL - NAPIER,1
75,87.0.3,394276,EDGEHILL - NAPIER,1
75,87.0.3,394277,EDGEHILL - NAPIER,1
75,87.0.3,394278,EDGEHILL - NAPIER,1
75,87.0.3,394279,EDGEHILL - NAPIER,1
75,87.0.3,394280,EDGEHILL - NAPIER,1
75,87.0.3,394281,EDGEHILL - NAPIER,1
75,87.0.3,394282,EDGEHILL - NAPIER,1
75,87.0.3,394283,EDGEHILL - NAPIER,1
75,87.0.3,394284,EDGEHILL - NAPIER,1
75,87.0.3,394285,EDGEHILL - NAPIER,1
76,87.0.3,394346,MADISON,0
76,87.0.3,394347,MADISON,0
76,87.0.3,394348,MADISON,0
76,87.0.3,394349,MADISON,0
76,87.0.3,394350,MADISON,0
76,87.0.3,394351,MADISON,0
76,87.0.3,394352,MADISON,0
76,87.0.3,394353,MADISON,0
76,87.0.3,394354,MADISON,0
76,87.0.3,394355,MADISON,0
76,87.0.3,394356,MADISON,0
76,87.0.3,394357,MADISON,0
76,87.0.3,394358,MADISON,0
76,87.0.3,394359,MADISON,0
76,87.0.3,394360,MADISON,0
76,87.0.3,394361,MADISON,0
76,87.0.3,394362,MADISON,0
76,87.0.3,394363,MADISON,0
76,87.0.3,394364,MADISON,0
76,87.0.3,394365,MADISON,0
76,87.0.3,394366,MADISON,0
76,87.0.3,394367,MADISON,0
76,87.0.3,394368,MADISON,0
77,87.0.3,394475,GLASTONBURY,0
77,87.0.3,394476,GLASTONBURY,0
77,87.0.3,394477,GLASTONBURY,0
77,87.0.3,394478,GLASTONBURY,0
77,87.0.3,394479,GLASTONBURY,0
77,87.0.3,394480,GLASTONBURY,0
77,87.0.3,394481,GLASTONBURY,0
77,87.0.3,394482,GLASTONBURY,0
77,87.0.3,394483,GLASTONBURY,0
77,87.0.3,394484,GLASTONBURY,0
77,87.0.3,394485,GLASTONBURY,0
77,87.0.3,394486,GLASTONBURY,0
77,87.0.3,394487,GLASTONBURY,0
77,87.0.3,394488,GLASTONBURY,0
77,87.0.3,394489,GLASTONBURY,0
77,87.0.3,394490,GLASTONBURY,0
77,87.0.3,394491,GLASTONBURY,0
77,87.0.3,394492,GLASTONBURY,0
77,87.0.3,394493,GLASTONBURY,0
77,87.0.3,394494,GLASTONBURY,0
77,87.0.3,394495,GLASTONBURY,0
77,87.0.3,394496,GLASTONBURY,0
77,87.0.3,394497,GLASTONBURY,0
77,87.0.3,394498,NORTH NASHVILLE,1
77,87.0.3,394499,NORTH NASHVILLE,1
77,87.0.3,394500,NORTH NASHVILLE,1
77,87.0.3,394501,NORTH NASHVILLE,1
77,87.0.3,394502,NORTH NASHVILLE,1
77,87.0.3,394503,NORTH NASHVILLE,1
77,87.0.3,394504,NORTH NASHVILLE,1
77,87.0.3,394505,NORTH NASHVILLE,1
77,87.0.3,394506,NORTH NASHVILLE,1
77,87.0.3,394507,NORTH NASHVILLE,1
77,87.0.3,394508,NORTH NASHVILLE,1
77,87.0.3,394509,NORTH NASHVILLE,1
77,87.0.3,394510,NORTH NASHVILLE,1
77,87.0.3,394511,NORTH NASHVILLE,1
77,87.0.3,394512,NORTH NASHVILLE,1
77,87.0.3,394513,NORTH NASHVILLE,1
77,87.0.3,394514,NORTH NASHVILLE,1
77,87.0.3,394515,NORTH NASHVILLE,1
77,87.0.3,394516,NORTH NASHVILLE,1
77,87.0.3,394517,NORTH NASHVILLE,1
77,87.0.3,394518,NORTH NASHVILLE,1
77,87.0.3,394519,NORTH NASHVILLE,1
77,87.0.3,394520,NORTH NASHVILLE,1
77,87.0.3,394521,NORTH NASHVILLE,1
77,87.0.3,394522,NORTH NASHVILLE,1
79,87.0.3,394644,SKYLINE,0
79,87.0.3,394645,SKYLINE,0
79,87.0.3,394646,SKYLINE,0
79,87.0.3,394647,SKYLINE,0
79,87.0.3,394648,SKYLINE,0
79,87.0.3,394649,SKYLINE,0
79,87.0.3,394650,SKYLINE,0
79,87.0.3,394651,SKYLINE,0
79,87.0.3,394652,SKYLINE,0
79,87.0.3,394653,SKYLINE,0
79,87.0.3,394654,SKYLINE,0
79,87.0.3,394655,SKYLINE,0
79,87.0.3,394656,SKYLINE,0
79,87.0.3,394657,SKYLINE,0
79,87.0.3,394658,SKYLINE,0
79,87.0.3,394659,SKYLINE,0
79,87.0.3,394660,SKYLINE,0
79,87.0.3,394661,SKYLINE,0
79,87.0.3,394662,SKYLINE,0
79,87.0.3,394663,SKYLINE,0
79,87.0.3,394664,SKYLINE,0
79,87.0.3,394665,SKYLINE,0
79,87.0.3,394666,SKYLINE TO 76 MADISON,1
79,87.0.3,394667,SKYLINE TO 76 MADISON,1
79,87.0.3,394668,SKYLINE TO 76 MADISON,1
79,87.0.3,394669,SKYLINE TO 76 MADISON,1
79,87.0.3,394670,SKYLINE TO 76 MADISON,1
79,87.0.3,394671,SKYLINE TO 76 MADISON,1
79,87.0.3,394672,SKYLINE TO 76 MADISON,1
79,87.0.3,394673,SKYLINE TO 76 MADISON,1
79,87.0.3,394674,SKYLINE TO 76 MADISON,1
79,87.0.3,394675,SKYLINE TO 76 MADISON,1
79,87.0.3,394676,SKYLINE TO 76 MADISON,1
79,87.0.3,394677,SKYLINE TO 76 MADISON,1
79,87.0.3,394678,SKYLINE TO 76 MADISON,1
79,87.0.3,394679,SKYLINE TO 76 MADISON,1
79,87.0.3,394680,SKYLINE TO 76 MADISON,1
79,87.0.3,394681,SKYLINE TO 76 MADISON,1
79,87.0.3,394682,SKYLINE TO 76 MADISON,1
79,87.0.3,394683,SKYLINE TO 76 MADISON,1
79,87.0.3,394684,SKYLINE TO 76 MADISON,1
79,87.0.3,394685,SKYLINE TO 76 MADISON,1
79,87.0.3,394686,SKYLINE TO 76 MADISON,1
79,87.0.3,394687,SKYLINE TO 76 MADISON,1
79,87.0.3,394688,SKYLINE TO 76 MADISON,1
8,87.0.3,394853,100 OAKS,0
8,87.0.3,394829,100 OAKS,0
8,87.0.3,394836,100 OAKS,0
8,87.0.3,394837,100 OAKS,0
8,87.0.3,394838,100 OAKS,0
8,87.0.3,394839,100 OAKS,0
8,87.0.3,394840,100 OAKS,0
8,87.0.3,394841,100 OAKS,0
8,87.0.3,394842,100 OAKS,0
8,87.0.3,394843,100 OAKS,0
8,87.0.3,394844,100 OAKS,0
8,87.0.3,394845,100 OAKS,0
8,87.0.3,394846,100 OAKS,0
8,87.0.3,394847,100 OAKS,0
8,87.0.3,394848,100 OAKS,0
8,87.0.3,394849,100 OAKS,0
8,87.0.3,394850,100 OAKS,0
8,87.0.3,394851,100 OAKS,0
8,87.0.3,394852,100 OAKS,0
8,87.0.3,394833,100 OAKS,0
8,87.0.3,394832,100 OAKS,0
8,87.0.3,394831,100 OAKS,0
8,87.0.3,394830,100 OAKS,0
8,87.0.3,394834,100 OAKS,0
8,87.0.3,394835,100 OAKS,0
8,87.0.3,394878,DOWNTOWN,1
8,87.0.3,394856,DOWNTOWN,1
8,87.0.3,394861,DOWNTOWN,1
8,87.0.3,394862,DOWNTOWN,1
8,87.0.3,394863,DOWNTOWN,1
8,87.0.3,394864,DOWNTOWN,1
8,87.0.3,394865,DOWNTOWN,1
8,87.0.3,394866,DOWNTOWN,1
8,87.0.3,394867,DOWNTOWN,1
8,87.0.3,394868,DOWNTOWN,1
8,87.0.3,394869,DOWNTOWN,1
8,87.0.3,394870,DOWNTOWN,1
8,87.0.3,394871,DOWNTOWN,1
8,87.0.3,394872,DOWNTOWN,1
8,87.0.3,394873,DOWNTOWN,1
8,87.0.3,394874,DOWNTOWN,1
8,87.0.3,394875,DOWNTOWN,1
8,87.0.3,394876,DOWNTOWN,1
8,87.0.3,394877,DOWNTOWN,1
8,87.0.3,394857,DOWNTOWN,1
8,87.0.3,394858,DOWNTOWN,1
8,87.0.3,394855,DOWNTOWN,1
8,87.0.3,394854,DOWNTOWN,1
8,87.0.3,394859,DOWNTOWN,1
8,87.0.3,394860,DOWNTOWN,1
84,87.88.3,394922,NASHVILLE SC EXPRESS,0
84,87.88.3,394923,NASHVILLE SC EXPRESS,0
84,87.88.3,394924,NASHVILLE SC EXPRESS,1
84,87.88.3,394925,NASHVILLE SC EXPRESS,1
87,87.123.3,395168,HENDERSONVILLE,0
87,87.123.3,394949,GALLATIN HENDERSONVILLE,0
87,87.123.3,394950,GALLATIN HENDERSONVILLE,0
87,87.123.3,394952,GALLATIN HENDERSONVILLE,0
87,87.123.3,394951,GALLATIN HENDERSONVILLE,0
87,87.123.3,394957,NASHVILLE - NISSAN STADIUM,1
87,87.123.3,394960,NASHVILLE - NISSAN STADIUM,1
87,87.123.3,394958,NASHVILLE - NISSAN STADIUM,1
87,87.123.3,394959,NASHVILLE - NISSAN STADIUM,1
87,87.123.3,395169,NASHVILLE - NISSAN STADIUM,1
95,87.123.3,395183,FRANKLIN COOL SPRINGS,0
95,87.123.3,395170,FRANKLIN COOL SPRINGS,0
95,87.123.3,395171,FRANKLIN COOL SPRINGS,0
95,87.123.3,395172,FRANKLIN COOL SPRINGS,0
95,87.123.3,395173,FRANKLIN COOL SPRINGS,0
95,87.123.3,395178,NASHVILLE - NISSAN STADIUM,1
95,87.123.3,395179,NASHVILLE - NISSAN STADIUM,1
95,87.123.3,395180,NASHVILLE - NISSAN STADIUM,1
95,87.123.3,395181,NASHVILLE - NISSAN STADIUM,1
95,87.123.3,395182,NASHVILLE - NISSAN STADIUM,1
