OBJECTID,Primary_Key,Incident_Number,Report_Type,Report_Type_Description,Incident_Status_Code,Incident_Status_Description,Investigation_Status,Incident_Location,Latitude,Longitude,RPA,Zone,Location_Code,Location_Description,Offense_Number,Offense_NIBRS,Offense_Description,Weapon_Description,Victim_Number,Domestic_Related,Victim_Type,Victim_Description,Victim_Gender,Victim_Race,Victim_Ethnicity,Victim_County_Resident,Mapped_Location,POINT_X,POINT_Y,ZIP_Code,Weapon_Primary,Incident_Occurred,Incident_Reported
921016,20260573426_11,20260573426,D,DISPATCHED,O,OPEN,Open,PATRICIA DR,36.129999999702626,-86.70000000020825,,,22,"RESIDENCE, HOME",1,90F,CRIMINAL CONTEMPT-VIOLATION OF ORDER OF PROTECTION,NONE,1,Yes,I,INDIVIDUAL (18 AND OVER),F,I,Non-Hispanic,UNKNOWN,,,,,17,1790126100000,1790127480000
924868,20260573392_11,20260573392,D,DISPATCHED,O,OPEN,Open,HICKORY HILL LN,36.19000000021294,-86.62999999980876,,,90,APARTMENT,1,13C,ASSAULT- FEAR OF BODILY INJURY,,1,No,I,INDIVIDUAL (18 AND OVER),F,W,Non-Hispanic,RESIDENT,,,,,,1790124420000,1790126460000
924870,20260573392_12,20260573392,D,DISPATCHED,O,OPEN,Open,HICKORY HILL LN,36.19000000021294,-86.62999999980876,,,90,APARTMENT,1,13C,ASSAULT- FEAR OF BODILY INJURY,,2,No,I,INDIVIDUAL (18 AND OVER),M,W,Non-Hispanic,UNKNOWN,,,,,,1790124420000,1790126460000
894677,20260573324_11,20260573324,D,DISPATCHED,O,OPEN,Open,E TRINITY LN,36.209999999706326,-86.76999999970943,,,20,"PARKING LOT, GARAGE",1,13C,ASSAULT- FEAR OF BODILY INJURY,,1,No,I,INDIVIDUAL (18 AND OVER),M,W,Non-Hispanic,UNKNOWN,,,,,,1790119200000,1790125680000
925650,20260573059_11,20260573059,D,DISPATCHED,U,UNFOUNDED,Closed,1108 1108,36.18100000016468,-86.74999999985195,,,90,APARTMENT,1,740,TRANSPORT,NONE,1,No,I,INDIVIDUAL (18 AND OVER),M,W,Non-Hispanic,RESIDENT,,,,37206.0,17,1790112000000,1790125620000
919840,20260573089_11,20260573089,D,DISPATCHED,A,CLEARED BY ARREST,Closed,504 504,36.18100000016468,-86.64099999982021,,,90,APARTMENT,1,13A,INTENTIONAL AGGRAVATED ASSAULT,LETHAL/CUTTING INSTRUMENT,1,Yes,I,INDIVIDUAL (18 AND OVER),M,W,Non-Hispanic,UNKNOWN,,,,37214.0,06,1790112600000,1790124300000
895282,20260573238_11,20260573238,S,SUSPECT,O,OPEN,Open,BENDING RIVER DR,36.090000000189825,-87.00999999979578,,,22,"RESIDENCE, HOME",1,26C,CRIMINAL IMPERSONATION,NONE,1,No,I,INDIVIDUAL (18 AND OVER),F,W,Non-Hispanic,UNKNOWN,,,,,17,1790118660000,1790122500000
895717,20260573133_11,20260573133,D,DISPATCHED,O,OPEN,Open,ALCOTT DR,36.090000000189825,-86.84000000010889,,,22,"RESIDENCE, HOME",1,23F,BURGLARY- MOTOR VEHICLE,NONE,1,No,I,INDIVIDUAL (18 AND OVER),M,W,Unknown,UNKNOWN,,,,,17,1789885800000,1790118180000
895274,20260572885_11,20260572885,D,DISPATCHED,O,OPEN,Open,DICKERSON,36.19000000021294,-86.76999999970943,,,22,"RESIDENCE, HOME",1,26E,FRAUD BY WIRE,NONE,1,No,I,INDIVIDUAL (18 AND OVER),M,W,Non-Hispanic,RESIDENT,,,,,17,1787749200000,1790117520000
924866,20260573041_11,20260573041,D,DISPATCHED,A,CLEARED BY ARREST,Closed,1008 1008,36.18799999983186,-86.62899999972605,,,22,"RESIDENCE, HOME",1,13B,ASSAULT- OFFENSIVE OR PROVOCATIVE CONTACT,PERSONAL (HANDS),1,Yes,I,INDIVIDUAL (18 AND OVER),F,B,Non-Hispanic,UNKNOWN,,,,37076.0,09,1790111220000,1790117340000
932248,20260573127_11,20260573127,D,DISPATCHED,U,UNFOUNDED,Closed,141 141,36.10699999997977,-86.72599999966364,,,90,APARTMENT,1,715,FOUND PROPERTY,HANDGUN,1,No,I,INDIVIDUAL (18 AND OVER),M,W,Non-Hispanic,NON RESIDENT,,,,37211.0,01,1790117100000,1790117100000
920991,20260573115_11,20260573115,D,DISPATCHED,O,OPEN,Open,MARQUETTE,36.090000000189825,-86.88999999975259,,,22,"RESIDENCE, HOME",1,240,VEHICLE THEFT,NONE,1,No,I,INDIVIDUAL (18 AND OVER),M,W,Non-Hispanic,RESIDENT,,,,,17,1790013600000,1790116800000
921012,20260573135_11,20260573135,D,DISPATCHED,O,OPEN,Open,DOGWOOD PL,36.10999999969955,-86.75999999978066,,,5,"COMMERCIAL, OFFICE BUILDING",1,26A,FRAUD - SWINDLE,NONE,1,No,I,INDIVIDUAL (18 AND OVER),F,W,Non-Hispanic,UNKNOWN,,,,,17,1790029620000,1790116020000
921387,20260573073_11,20260573073,D,DISPATCHED,U,UNFOUNDED,Closed,141 141,36.10699999997977,-86.72599999966364,,,90,APARTMENT,1,740,POLICE INQUIRY,NONE,1,Yes,I,INDIVIDUAL (18 AND OVER),F,W,Non-Hispanic,RESIDENT,,,,37211.0,17,1790082000000,1790115780000
925382,20260573044_11,20260573044,D,DISPATCHED,U,UNFOUNDED,Closed,141 141,36.10699999997977,-86.72599999966364,,,90,APARTMENT,1,740,TRANSPORT,NONE,1,No,I,INDIVIDUAL (18 AND OVER),F,W,Non-Hispanic,RESIDENT,,,,37211.0,17,1790092800000,1790115720000
930247,20260573105_11,20260573105,D,DISPATCHED,U,UNFOUNDED,Closed,601 601,36.15499999994384,-86.77700000028835,,,11,"GOVERNMENT, PUBLIC BUILDING",1,715,FOUND PROPERTY,,1,No,U,UNKNOWN,U,U,Unknown,NON RESIDENT,,,,37203.0,,1790115180000,1790115180000
923930,20260573090_11,20260573090,D,DISPATCHED,O,OPEN,Open,LEBANON PIKE,36.19000000021294,-86.62999999980876,,,5,"COMMERCIAL, OFFICE BUILDING",1,23D,LARC - FROM BLDG,NONE,1,No,I,INDIVIDUAL (18 AND OVER),F,W,Non-Hispanic,RESIDENT,,,,,17,1789992000000,1790114280000
895706,20260573012_11,20260573012,D,DISPATCHED,O,OPEN,Open,FATHERLAND ST,36.16999999991994,-86.74999999985195,,,3,"BAR, NIGHT CLUB",1,23D,LARC - FROM BLDG,NONE,1,No,I,INDIVIDUAL (18 AND OVER),M,W,Non-Hispanic,UNKNOWN,,,,,17,1789700400000,1790112840000
921020,20260573006_11,20260573006,D,DISPATCHED,O,OPEN,Open,HOBSON PIKE,36.0399999997254,-86.60999999995128,,,22,"RESIDENCE, HOME",1,13C,ASSAULT- FEAR OF BODILY INJURY,,1,Yes,I,INDIVIDUAL (18 AND OVER),F,B,Non-Hispanic,RESIDENT,,,,,,1790112600000,1790112600000
920987,20260572860_11,20260572860,D,DISPATCHED,O,OPEN,Open,JACKSON DOWNS BLVD,36.18000000021363,-86.6399999997375,,,90,APARTMENT,1,13B,SIMPLE ASSLT,PERSONAL (HANDS),1,Yes,I,INDIVIDUAL (18 AND OVER),M,W,Non-Hispanic,UNKNOWN,,,,,09,1790103600000,1790112360000
932657,20260573033_11,20260573033,D,DISPATCHED,O,OPEN,Open,DICKERSON,36.19000000021294,-86.76999999970943,,,22,"RESIDENCE, HOME",1,290,DAMAGE PROP - PRIVATE,Unarmed,1,No,I,INDIVIDUAL (18 AND OVER),M,W,Non-Hispanic,RESIDENT,,,,,16,1787317200000,1790112240000
895705,20260573013_11,20260573013,D,DISPATCHED,O,OPEN,Open,CENTRAL,36.16999999991994,-86.60000000002253,,,26,SPECIALTY STORE,1,23C,SHOPLIFTING,NONE,1,No,B,BUSINESS,,,,,,,,,17,1790108100000,1790111820000
895283,20260573011_11,20260573011,D,DISPATCHED,O,OPEN,Open,HAMILTON CROSSING SQ,,,,,13,"HIGHWAY, ROAD, ALLEY",1,23G,LARC - PARTS FROM VEH,NONE,1,No,I,INDIVIDUAL (18 AND OVER),M,B,Non-Hispanic,RESIDENT,,,,,17,1786712400000,1790111700000
895709,20260572894_11,20260572894,D,DISPATCHED,U,UNFOUNDED,Closed,5824 5824,36.042000000187876,-86.71300000038511,,,8,"DEPARTMENT, DISCOUNT STORE",1,810,LOST PROPERTY,NONE,1,No,I,INDIVIDUAL (18 AND OVER),M,B,Non-Hispanic,UNKNOWN,,,,37013.0,17,1789923600000,1790108880000
925370,20260572811_11,20260572811,D,DISPATCHED,U,UNFOUNDED,Closed,1265 1265,36.08899999993821,-86.69299999962931,,,20,"PARKING LOT, GARAGE",1,715,FOUND PROPERTY,NONE,1,No,I,INDIVIDUAL (18 AND OVER),M,B,Non-Hispanic,UNKNOWN,,,,37211.0,17,1790103600000,1790108880000
932823,20260572906_11,20260572906,D,DISPATCHED,O,OPEN,Open,TOOK DR,36.059999999965356,-86.64999999966624,,,22,"RESIDENCE, HOME",1,26C,CRIMINAL IMPERSONATION,NONE,1,No,I,INDIVIDUAL (18 AND OVER),F,W,Non-Hispanic,RESIDENT,,,,,17,1773174480000,1790108880000
903087,20260572938_11,20260572938,D,DISPATCHED,O,OPEN,Open,GRANDVIEW AVE,36.12000000013524,-86.74999999985195,,,20,"PARKING LOT, GARAGE",1,23G,LARC - PARTS FROM VEH,,1,No,B,BUSINESS,,,,,,,,,,1789603200000,1790108760000
925636,20260572881_11,20260572881,S,SUSPECT,O,OPEN,Open,8TH AVE S,36.129999999702626,-86.77999999963816,,,7,CONVENIENCE STORE,1,23C,SHOPLIFTING,NONE,1,No,B,BUSINESS,,,,,,,,,17,1789797600000,1790108340000
895715,20260572877_11,20260572877,D,DISPATCHED,O,OPEN,Open,21ST,36.159999999962295,-86.81000000032267,,,22,"RESIDENCE, HOME",1,13C,ASSAULT- FEAR OF BODILY INJURY,,1,No,I,INDIVIDUAL (18 AND OVER),F,W,Non-Hispanic,RESIDENT,,,,,,1789427460000,1790107920000
931396,20260572738_11,20260572738,D,DISPATCHED,O,OPEN,Open,SEVEN SPRINGS,36.0399999997254,-86.76999999970943,,,90,APARTMENT,1,13A,AGGRAV ASSLT - NONFAMILY-GUN,HANDGUN,1,No,I,INDIVIDUAL (18 AND OVER),F,W,Non-Hispanic,RESIDENT,,,,,01,1790096400000,1790107440000
931399,20260572738_22,20260572738,D,DISPATCHED,O,OPEN,Open,SEVEN SPRINGS,36.0399999997254,-86.76999999970943,,,90,APARTMENT,2,520,"WEAPON OFFENSE, CRIMINAL ATTEMPT",HANDGUN,2,No,S,SOCIETY,,,,,,,,,01,1790096400000,1790107440000
930926,20260572838_11,20260572838,T,,U,UNFOUNDED,Closed,2400 2400,36.20000000001247,-86.82499999976665,,,22,"RESIDENCE, HOME",1,810,LOST PROPERTY,NONE,1,No,I,INDIVIDUAL (18 AND OVER),F,B,Non-Hispanic,UNKNOWN,,,,37218.0,17,1782910800000,1790107140000
924873,20260572839_11,20260572839,W,WITNESS,O,OPEN,Open,,,,,,23,RESTAURANT,1,90Z,HARRASSMENT (NUISANCE),NONE,1,No,I,INDIVIDUAL (18 AND OVER),F,W,Non-Hispanic,UNKNOWN,,,,,17,1789652220000,1790106420000
931393,20260572667_11,20260572667,D,DISPATCHED,O,OPEN,Open,DODSON CHAPEL,36.16999999991994,-86.60999999995128,,,90,APARTMENT,1,290,"VANDALISM- $1,000 OR LESS",PERSONAL (HANDS),1,No,I,INDIVIDUAL (18 AND OVER),M,W,Hispanic,RESIDENT,,,,,09,1790089200000,1790106300000
929497,20260572791_11,20260572791,D,DISPATCHED,U,UNFOUNDED,Closed,1903 1903,36.15000000024567,-86.79600000006313,,,23,RESTAURANT,1,780,"RECOVERY, STOLEN PROPERTY",NONE,1,No,I,INDIVIDUAL (18 AND OVER),F,B,Non-Hispanic,UNKNOWN,,,,37212.0,17,1790103420000,1790106120000
929639,20260572817_11,20260572817,D,DISPATCHED,O,OPEN,Open,NOLENSVILLE PIKE,36.06999999966938,-86.72000000006571,,,21,RENTAL STORAGE FACILITY,1,220,BURGLARY,,1,No,I,INDIVIDUAL (18 AND OVER),F,B,Non-Hispanic,RESIDENT,,,,,,1767290400000,1790105460000
929640,20260572817_12,20260572817,D,DISPATCHED,O,OPEN,Open,NOLENSVILLE PIKE,36.06999999966938,-86.72000000006571,,,21,RENTAL STORAGE FACILITY,1,220,BURGLARY,,2,No,B,BUSINESS,,,,,,,,,,1767290400000,1790105460000
932732,20260572651_11,20260572651,D,DISPATCHED,U,UNFOUNDED,Closed,689 689,36.14800000018361,-86.75799999961527,,,90,APARTMENT,1,740,POLICE INQUIRY,NONE,1,Yes,I,INDIVIDUAL (18 AND OVER),F,W,Non-Hispanic,UNKNOWN,,,,37210.0,17,1790091540000,1790105460000
895271,20260572786_11,20260572786,D,DISPATCHED,O,OPEN,Open,HILLSIDE CT,36.13999999994927,-86.77999999963816,,,90,APARTMENT,1,23D,LARC - FROM BLDG,NONE,1,No,I,INDIVIDUAL (18 AND OVER),M,W,Non-Hispanic,RESIDENT,,,,,17,1790094600000,1790105400000
932825,20260572816_11,20260572816,T,,O,OPEN,Open,DODSON CHAPEL,36.16999999991994,-86.60999999995128,,,22,"RESIDENCE, HOME",1,26A,FRAUD - SWINDLE,NONE,1,No,I,INDIVIDUAL (18 AND OVER),M,W,Non-Hispanic,RESIDENT,,,,,17,1789837200000,1790105340000
930248,20260572749_11,20260572749,D,DISPATCHED,A,CLEARED BY ARREST,Closed,3123 3123,36.231000000325814,-86.75899999969798,,,20,"PARKING LOT, GARAGE",1,13A,AGGRAV ASSLT - NONFAMILY-WEAPON,LETHAL/CUTTING INSTRUMENT,1,No,I,INDIVIDUAL (18 AND OVER),M,W,Non-Hispanic,RESIDENT,,,,37207.0,06,1790102100000,1790104980000
930249,20260572749_21,20260572749,D,DISPATCHED,A,CLEARED BY ARREST,Closed,3123 3123,36.231000000325814,-86.75899999969798,,,20,"PARKING LOT, GARAGE",2,290,"VANDALISM- $1,000 OR LESS",LETHAL/CUTTING INSTRUMENT,1,No,I,INDIVIDUAL (18 AND OVER),M,W,Non-Hispanic,RESIDENT,,,,37207.0,06,1790102100000,1790104980000
932820,20260572392_11,20260572392,D,DISPATCHED,U,UNFOUNDED,Closed,981 981,36.129999999702626,-86.71499999965219,,,22,"RESIDENCE, HOME",1,740,TRANSPORT,NONE,1,No,I,INDIVIDUAL (18 AND OVER),F,W,Non-Hispanic,RESIDENT,,,,37217.0,17,1790089500000,1790104680000
920996,20260572770_11,20260572770,D,DISPATCHED,U,UNFOUNDED,Closed,4617 4617,36.23899999999409,-86.73200000015987,,,22,"RESIDENCE, HOME",1,740,POLICE INQUIRY,NONE,1,Yes,I,INDIVIDUAL (18 AND OVER),F,U,Unknown,NON RESIDENT,,,,37115.0,17,1789707600000,1790104440000
925629,20260572681_11,20260572681,D,DISPATCHED,U,UNFOUNDED,Closed,801 801,36.0840000002342,-86.8889999996699,,,57,Community Center,1,620,ACCIDENTAL INJURY,NONE,1,No,I,INDIVIDUAL (18 AND OVER),M,W,Non-Hispanic,UNKNOWN,,,,37205.0,17,1790099100000,1790104260000
932821,20260572780_11,20260572780,T,,O,OPEN,Open,E PALESTINE AVE,36.25000000002025,-86.71000000013699,,,20,"PARKING LOT, GARAGE",1,23F,BURGLARY- MOTOR VEHICLE,Unarmed,1,No,I,INDIVIDUAL (18 AND OVER),M,W,Hispanic,RESIDENT,,,,,16,1790038800000,1790104140000
892131,20260572696_11,20260572696,D,DISPATCHED,P,PROSECUTION DECLINED,Closed,645 645,36.15000000024567,-86.77800000037105,,,90,APARTMENT,1,13B,SIMPLE ASSLT,PERSONAL (HANDS),1,Yes,I,INDIVIDUAL (18 AND OVER),F,W,Non-Hispanic,RESIDENT,,,,37203.0,09,1790038800000,1790104080000
930250,20260572753_11,20260572753,D,DISPATCHED,O,OPEN,Open,RIO VISTA,36.27000000015372,-86.68000000035076,,,90,APARTMENT,1,13C,ASSAULT- FEAR OF BODILY INJURY,,1,No,I,INDIVIDUAL (18 AND OVER),F,B,Non-Hispanic,RESIDENT,,,,,,1790099700000,1790103720000
921005,20260572416_11,20260572416,D,DISPATCHED,U,UNFOUNDED,Closed,6900 6900,36.02600000035151,-86.71300000038511,,,90,APARTMENT,1,740,POLICE INQUIRY,NONE,1,No,I,INDIVIDUAL (18 AND OVER),M,U,Unknown,RESIDENT,,,,37013.0,17,1789993800000,1790103600000
924254,20260572709_11,20260572709,D,DISPATCHED,O,OPEN,Open,LEBANON PIKE,36.16999999991994,-86.68000000035076,,,20,"PARKING LOT, GARAGE",1,290,"VANDALISM- $1,000 OR LESS",NONE,1,No,I,INDIVIDUAL (18 AND OVER),F,B,Non-Hispanic,RESIDENT,,,,,17,1790095080000,1790103540000
928223,20260572762_11,20260572762,D,DISPATCHED,U,UNFOUNDED,Closed,1552 1552,,,,,22,"RESIDENCE, HOME",1,740,POLICE INQUIRY,NONE,1,No,I,INDIVIDUAL (18 AND OVER),F,W,Non-Hispanic,UNKNOWN,,,,37013.0,17,1790010000000,1790103540000
925634,20260572746_11,20260572746,D,DISPATCHED,O,OPEN,Open,NOLENSVILLE PIKE,36.0399999997254,-86.71000000013699,,,8,"DEPARTMENT, DISCOUNT STORE",1,23G,LARC - PARTS FROM VEH,NONE,1,No,I,INDIVIDUAL (18 AND OVER),F,W,Hispanic,UNKNOWN,,,,,17,1790044200000,1790103360000
894675,20260572662_11,20260572662,T,,O,OPEN,Open,NOLENSVILLE,36.05000000025906,-86.71000000013699,,,8,"DEPARTMENT, DISCOUNT STORE",1,26A,FRAUD - SWINDLE,NONE,1,No,F,FINANCIAL INSTITUTION,,,,,,,,,17,1787763600000,1790102220000
895216,20260572715_11,20260572715,D,DISPATCHED,U,UNFOUNDED,Closed,465 465,36.151000000010846,-86.6670000001739,,,25,"SERVICE, GAS STATION",1,715,FOUND PROPERTY,,1,No,I,INDIVIDUAL (18 AND OVER),U,U,Unknown,NON RESIDENT,,,,37214.0,,1790082000000,1790101740000
925377,20260572574_11,20260572574,D,DISPATCHED,O,OPEN,Open,ZERMATT AVE,36.0399999997254,-86.72000000006571,,,20,"PARKING LOT, GARAGE",1,240,VEHICLE THEFT,NONE,1,No,I,INDIVIDUAL (18 AND OVER),M,W,Non-Hispanic,RESIDENT,,,,,17,1790013600000,1790101260000
925628,20260572517_11,20260572517,D,DISPATCHED,O,OPEN,Open,E PALESTINE AVE,36.25000000002025,-86.71000000013699,,,90,APARTMENT,1,240,VEHICLE THEFT,OTHER,1,No,I,INDIVIDUAL (18 AND OVER),M,W,Hispanic,RESIDENT,,,,,15,1790046000000,1790101080000
924857,20260572693_11,20260572693,D,DISPATCHED,U,UNFOUNDED,Closed,400 400,36.16699999965114,-86.78099999972085,,,25,"SERVICE, GAS STATION",1,810,LOST PROPERTY,NONE,1,No,I,INDIVIDUAL (18 AND OVER),M,B,Non-Hispanic,RESIDENT,,,,37219.0,17,1788807600000,1790100300000
924860,20260572641_11,20260572641,D,DISPATCHED,O,OPEN,Open,POWELL AVE,36.10999999969955,-86.76999999970943,,,12,"GROCERY, SUPERMARKET",1,23D,LARC - FROM BLDG,NONE,1,No,I,INDIVIDUAL (18 AND OVER),F,W,Non-Hispanic,NON RESIDENT,,,,,17,1790094360000,1790100240000
931400,20260572685_11,20260572685,S,SUSPECT,O,OPEN,Open,ANDERSON LN,36.27000000015372,-86.70000000020825,,,53,School-Elementary/Secondary,1,90Z,HARRASSMENT (NUISANCE),NONE,1,No,I,INDIVIDUAL (18 AND OVER),F,W,Non-Hispanic,RESIDENT,,,,,17,1789786800000,1790100240000
918677,20260572692_11,20260572692,W,WITNESS,O,OPEN,Open,KOREAN VETERANS BLVD,36.159999999962295,-86.77999999963816,,,22,"RESIDENCE, HOME",1,13C,"HARASSMENT- CAUSE EMOTIONAL DISTRESS, INTIMIDATE, FRIGHTEN",NONE,1,No,I,INDIVIDUAL (18 AND OVER),M,B,Non-Hispanic,RESIDENT,,,,,17,1790099760000,1790099760000
931317,20260572560_11,20260572560,D,DISPATCHED,O,OPEN,Open,CUMBERLAND,36.19000000021294,-86.7899999995669,,,13,"HIGHWAY, ROAD, ALLEY",1,760,OVERDOSE,NONE,1,No,I,INDIVIDUAL (18 AND OVER),M,I,Hispanic,RESIDENT,,,,,17,1790093700000,1790099760000
931323,20260572672_11,20260572672,D,DISPATCHED,O,OPEN,Open,CASTLE RDG,,,,,22,"RESIDENCE, HOME",1,23F,BURGLARY- MOTOR VEHICLE,NONE,1,No,I,INDIVIDUAL (18 AND OVER),F,W,Non-Hispanic,RESIDENT,,,,,17,1790060400000,1790099580000
931294,20260572600_11,20260572600,D,DISPATCHED,O,OPEN,Open,RIVER VIEW DR,36.13999999994927,-86.93000000036587,,,22,"RESIDENCE, HOME",1,23H,"THEFT OF PROPERTY- $10,000 OR >  BUT  < $60,000",NONE,1,No,I,INDIVIDUAL (18 AND OVER),M,W,Non-Hispanic,RESIDENT,,,,,17,1789853400000,1790099460000
895703,20260572609_11,20260572609,D,DISPATCHED,O,OPEN,Open,NOLENSVILLE PIKE,36.080000000195604,-86.72999999999446,,,12,"GROCERY, SUPERMARKET",1,23C,SHOPLIFTING,NONE,1,No,B,BUSINESS,,,,,,,,,17,1790089800000,1790098860000
931320,20260572643_11,20260572643,T,,O,OPEN,Open,WEST END,36.15000000024567,-86.7899999995669,,,14,"HOTEL, MOTEL, ETC.",1,23D,LARC - FROM BLDG,Unarmed,1,No,B,BUSINESS,,,,,,,,,16,1789221600000,1790098200000
895279,20260572498_11,20260572498,D,DISPATCHED,O,OPEN,Open,DOGWOOD LN,36.29000000028829,-86.74999999985195,,,22,"RESIDENCE, HOME",1,13B,SIMPLE ASSLT - STRANGULATION (NO LOSS OF CONSCIOUSNESS),PERSONAL (HANDS),1,Yes,I,INDIVIDUAL (18 AND OVER),F,W,Hispanic,RESIDENT,,,,,09,1790095740000,1790097960000
928224,20260572418_11,20260572418,D,DISPATCHED,O,OPEN,Open,2ND AVE N,36.16999999991994,-86.77999999963816,,,11,"GOVERNMENT, PUBLIC BUILDING",1,13C,ASSAULT- FEAR OF BODILY INJURY,,1,Yes,I,INDIVIDUAL (18 AND OVER),M,W,Non-Hispanic,UNKNOWN,,,,,,1790074800000,1790097600000
925364,20260572589_11,20260572589,T,,O,OPEN,Open,MUSIC SQ W,36.15000000024567,-86.7899999995669,,,14,"HOTEL, MOTEL, ETC.",1,23D,LARC - FROM BLDG,NONE,1,No,I,INDIVIDUAL (18 AND OVER),M,W,Non-Hispanic,NON RESIDENT,,,,,17,1789736400000,1790097000000
894674,20260572571_11,20260572571,D,DISPATCHED,O,OPEN,Open,LAKEWALK DR,36.05000000025906,-86.59000000009381,,,22,"RESIDENCE, HOME",1,240,VEHICLE THEFT,NONE,1,No,I,INDIVIDUAL (18 AND OVER),M,W,Hispanic,RESIDENT,,,,,17,1790043300000,1790096700000
925367,20260572406_11,20260572406,S,SUSPECT,O,OPEN,Open,BELL RD,36.05000000025906,-86.70000000020825,,,20,"PARKING LOT, GARAGE",1,23F,BURGLARY - MOTOR VEHICLE,NONE,1,No,I,INDIVIDUAL (18 AND OVER),M,B,Non-Hispanic,UNKNOWN,,,,,17,1782741600000,1790096700000
931326,20260572578_11,20260572578,D,DISPATCHED,O,OPEN,Open,DOGWOOD LN,36.29000000028829,-86.74999999985195,,,22,"RESIDENCE, HOME",1,13A,AGGRAV ASSLT - FAMILY-WEAPON,LETHAL/CUTTING INSTRUMENT,1,Yes,I,INDIVIDUAL (18 AND OVER),M,W,Hispanic,UNKNOWN,,,,,06,1784347200000,1790096700000
927498,20260572569_11,20260572569,T,,O,OPEN,Open,BEN ALLEN RD,36.22000000011304,-86.74999999985195,,,20,"PARKING LOT, GARAGE",1,23F,BURGLARY- MOTOR VEHICLE,NONE,1,No,I,INDIVIDUAL (18 AND OVER),F,B,Non-Hispanic,UNKNOWN,,,,,17,1790042400000,1790095620000
930199,20260572483_11,20260572483,T,,U,UNFOUNDED,Closed,201 201,36.25200000024065,-86.7159999997349,,,7,CONVENIENCE STORE,1,810,LOST PROPERTY,NONE,1,No,I,INDIVIDUAL (18 AND OVER),M,W,Hispanic,RESIDENT,,,,37115.0,17,1789939800000,1790094960000
917944,20260572499_11,20260572499,D,DISPATCHED,O,OPEN,Open,CHARLOTTE PIKE,36.13999999994927,-86.86999999989513,,,26,SPECIALTY STORE,1,23C,SHOPLIFTING,,1,No,B,BUSINESS,,,,,,,,,,1790090640000,1790094420000
924854,20260572525_11,20260572525,W,WITNESS,O,OPEN,Open,E OLD HICKORY BLVD,36.25999999986106,-86.70000000020825,,,20,"PARKING LOT, GARAGE",1,23G,LARC - PARTS FROM VEH,NONE,1,No,I,INDIVIDUAL (18 AND OVER),M,B,Unknown,RESIDENT,,,,,17,1786338000000,1790094360000
927501,20260572489_11,20260572489,S,SUSPECT,O,OPEN,Open,BUENA VISTA PIKE,36.209999999706326,-86.82000000025143,,,20,"PARKING LOT, GARAGE",1,240,VEHICLE THEFT,NONE,1,No,I,INDIVIDUAL (18 AND OVER),M,B,Non-Hispanic,RESIDENT,,,,,17,1790065200000,1790093940000
931739,20260572225_11,20260572225,D,DISPATCHED,O,OPEN,Open,BELL RD,36.05000000025906,-86.70000000020825,,,20,"PARKING LOT, GARAGE",1,23F,BURGLARY - MOTOR VEHICLE,NONE,1,No,I,INDIVIDUAL (18 AND OVER),M,B,Non-Hispanic,UNKNOWN,,,,,17,1789804800000,1790093640000
930920,20260572493_11,20260572493,D,DISPATCHED,O,OPEN,Open,WHITE BRIDGE PIKE,36.129999999702626,-86.85000000003764,,,20,"PARKING LOT, GARAGE",1,26A,FRAUD - SWINDLE,NONE,1,No,I,INDIVIDUAL (18 AND OVER),F,W,Non-Hispanic,NON RESIDENT,,,,,17,1789874940000,1790093520000
918442,20260572484_11,20260572484,T,,O,OPEN,Open,WHITE BRIDGE,36.15000000024567,-86.85999999996638,,,25,"SERVICE, GAS STATION",1,270,EMBEZZLE - BUSINESS PROP,Unarmed,1,No,B,BUSINESS,,,,,,,,,16,1790049600000,1790093460000
932014,20260572437_22,20260572437,D,DISPATCHED,O,OPEN,Open,LEBANON,36.19000000021294,-86.6399999997375,,,13,"HIGHWAY, ROAD, ALLEY",2,520,WEAPON - FIREARM OR CLUB,HANDGUN,2,No,S,SOCIETY,,,,,,,,,01,1790087160000,1790093400000
932810,20260572437_11,20260572437,D,DISPATCHED,O,OPEN,Open,LEBANON,36.19000000021294,-86.6399999997375,,,13,"HIGHWAY, ROAD, ALLEY",1,13A,INTENTIONAL AGGRAVATED ASSAULT,HANDGUN,1,No,I,INDIVIDUAL (18 AND OVER),F,W,Hispanic,RESIDENT,,,,,01,1790087160000,1790093400000
895691,20260572485_11,20260572485,T,,O,OPEN,Open,FESSEY PARK RD,36.10999999969955,-86.75999999978066,,,22,"RESIDENCE, HOME",1,23F,BURGLARY- MOTOR VEHICLE,Unarmed,1,No,I,INDIVIDUAL (18 AND OVER),M,W,Non-Hispanic,UNKNOWN,,,,,16,1790042400000,1790092620000
899851,20260572459_11,20260572459,T,,O,OPEN,Open,DELVIN DR,36.05000000025906,-86.69000000027951,,,22,"RESIDENCE, HOME",1,13C,ASSAULT- FEAR OF BODILY INJURY,,1,No,I,INDIVIDUAL (18 AND OVER),M,W,Non-Hispanic,RESIDENT,,,,,,1790039700000,1790092620000
924852,20260572447_11,20260572447,D,DISPATCHED,O,OPEN,Open,HERMITAGE AVE,36.15000000024567,-86.74999999985195,,,77,Auto Salvage/Junkyard,1,23F,BURGLARY- MOTOR VEHICLE,NONE,1,No,I,INDIVIDUAL (18 AND OVER),F,B,Non-Hispanic,RESIDENT,,,,,17,1785654000000,1790092560000
925374,20260572431_11,20260572431,W,WITNESS,O,OPEN,Open,MURFREESBORO PIKE,36.12000000013524,-86.69000000027951,,,4,"CHURCH, SYNAGOGUE, TEMPLE",1,23D,LARC - FROM BLDG,Unarmed,1,No,R,RELIGIOUS,,,,,,,,,16,1789304400000,1790092440000
924707,20260572457_11,20260572457,D,DISPATCHED,O,OPEN,Open,,36.12000000013524,-86.76999999970943,,,20,"PARKING LOT, GARAGE",1,23F,BURGLARY- MOTOR VEHICLE,,1,No,I,INDIVIDUAL (18 AND OVER),F,W,Non-Hispanic,RESIDENT,,,,,,1790049600000,1790092260000
929499,20260572445_11,20260572445,D,DISPATCHED,U,UNFOUNDED,Closed,800 800,36.16399999986469,-86.79900000031124,,,13,"HIGHWAY, ROAD, ALLEY",1,810,LOST PROPERTY,PERSONAL (HANDS),1,No,I,INDIVIDUAL (18 AND OVER),M,W,Non-Hispanic,RESIDENT,,,,37203.0,09,1789794060000,1790091780000
927504,20260572440_11,20260572440,W,WITNESS,U,UNFOUNDED,Closed,1708 1708,36.14500000022128,-86.70900000005427,,,5,"COMMERCIAL, OFFICE BUILDING",1,810,LOST PROPERTY,NONE,1,No,B,BUSINESS,,,,,,,,37210.0,17,1784696400000,1790091360000
917935,20260572442_11,20260572442,S,SUSPECT,U,UNFOUNDED,Closed,1021 1021,36.128999999969736,-86.71399999956948,,,20,"PARKING LOT, GARAGE",1,35A,MARIJUANA - POSSESS,NONE,1,No,S,SOCIETY,,,,,,,,37211.0,17,1790090100000,1790091060000
930200,20260572409_11,20260572409,D,DISPATCHED,U,UNFOUNDED,Closed,7632 7632,36.07799999973529,-86.95000000022335,,,22,"RESIDENCE, HOME",1,810,LOST PROPERTY,,1,No,I,INDIVIDUAL (18 AND OVER),F,W,Non-Hispanic,RESIDENT,,,,37221.0,,1789837200000,1790090820000
930246,20260572898_11,20260572898,D,DISPATCHED,A,CLEARED BY ARREST,Closed,5333 5333,36.047999999646485,-86.65199999983165,,,5,"COMMERCIAL, OFFICE BUILDING",1,220,BURGLARY,PERSONAL (HANDS),1,No,B,BUSINESS,,,,,,,,37013.0,09,1770926100000,1790090760000
921023,20260572326_11,20260572326,D,DISPATCHED,O,OPEN,Open,DIVISION ST,36.15000000024567,-86.80000000039394,,,3,"BAR, NIGHT CLUB",1,13A,INTENTIONAL AGGRAVATED ASSAULT,PERSONAL (HANDS),1,No,I,INDIVIDUAL (18 AND OVER),M,W,Non-Hispanic,RESIDENT,,,,,09,1789354800000,1790090520000
931747,20260572397_11,20260572397,D,DISPATCHED,O,OPEN,Open,OLD HICKORY BLVD,36.27000000015372,-86.82000000025143,,,53,School-Elementary/Secondary,1,23D,LARC - FROM BLDG,NONE,1,No,I,INDIVIDUAL (18 AND OVER),F,W,Non-Hispanic,RESIDENT,,,,,17,1790024400000,1790090520000
932167,20260572373_11,20260572373,T,,O,OPEN,Open,NORTHWIND DR,36.29000000028829,-86.72999999999446,,,8,"DEPARTMENT, DISCOUNT STORE",1,26B,"CREDIT CARD, FRAUDULENT USE - $1,000 OR LESS",NONE,1,No,B,BUSINESS,,,,,,,,,17,1788955200000,1790090400000
895884,20260572411_11,20260572411,D,DISPATCHED,O,OPEN,Open,ROBINSON RD,36.25999999986106,-86.65999999959497,,,90,APARTMENT,1,23D,LARC - FROM BLDG,NONE,1,No,I,INDIVIDUAL (18 AND OVER),F,B,Non-Hispanic,RESIDENT,,,,,17,1790090220000,1790090220000
895887,20260572399_11,20260572399,T,,O,OPEN,Open,BROADWAY PL,,,,,3,"BAR, NIGHT CLUB",1,23D,LARC - FROM BLDG,NONE,1,No,I,INDIVIDUAL (18 AND OVER),M,W,Non-Hispanic,NON RESIDENT,,,,,17,1789869600000,1790089920000
894841,20260572317_11,20260572317,D,DISPATCHED,U,UNFOUNDED,Closed,203 203,36.22399999966719,-86.62799999964334,,,22,"RESIDENCE, HOME",1,740,TRANSPORT,NONE,1,No,I,INDIVIDUAL (18 AND OVER),M,B,Non-Hispanic,RESIDENT,,,,37138.0,17,1790086380000,1790089560000
921391,20260572269_11,20260572269,D,DISPATCHED,O,OPEN,Open,EDMONDSON PIKE,36.06999999966938,-86.7399999999232,,,22,"RESIDENCE, HOME",1,220,BURGLARY,Unarmed,1,No,I,INDIVIDUAL (18 AND OVER),F,A,Non-Hispanic,RESIDENT,,,,,16,1790084280000,1790088720000
895889,20260572360_11,20260572360,D,DISPATCHED,O,OPEN,Open,GALLATIN PIKE N,36.30999999970611,-86.68000000035076,,,41,Auto Dealership New/Used,1,23H,"THEFT OF PROPERTY- $1,000 OR >  BUT < $10,000",NONE,1,No,B,BUSINESS,,,,,,,,,17,1788792180000,1790088180000
932733,20260572133_11,20260572133,D,DISPATCHED,U,UNFOUNDED,Closed,808 808,36.248999999911504,-86.74799999968653,,,22,"RESIDENCE, HOME",1,740,POLICE INQUIRY,NONE,1,Yes,I,INDIVIDUAL (18 AND OVER),F,B,Non-Hispanic,RESIDENT,,,,37115.0,17,1790078040000,1790087400000
925631,20260572330_11,20260572330,T,,O,OPEN,Open,BLUE HOLE RD,36.059999999965356,-86.67000000042204,,,53,School-Elementary/Secondary,1,23D,LARC - FROM BLDG,Unarmed,1,No,G,GOVERNMENT,,,,,,,,,16,1789480800000,1790087280000
920988,20260572311_11,20260572311,D,DISPATCHED,O,OPEN,Open,ATHENS WAY,36.19000000021294,-86.80000000039394,,,90,APARTMENT,1,290,DAMAGE PROP - PRIVATE,PERSONAL (HANDS),1,No,I,INDIVIDUAL (18 AND OVER),M,W,Non-Hispanic,RESIDENT,,,,,09,1789902000000,1790087220000
932824,20260572273_11,20260572273,D,DISPATCHED,O,OPEN,Open,11TH AVE S,36.13999999994927,-86.7899999995669,,,20,"PARKING LOT, GARAGE",1,23F,BURGLARY- MOTOR VEHICLE,NONE,1,No,I,INDIVIDUAL (18 AND OVER),F,B,Non-Hispanic,RESIDENT,,,,,17,1790029800000,1790087040000
924706,20260572322_11,20260572322,W,WITNESS,U,UNFOUNDED,Closed,3733 3733,36.072999999667886,-86.59300000034192,,,13,"HIGHWAY, ROAD, ALLEY",1,810,LOST PROPERTY,NONE,1,No,I,INDIVIDUAL (18 AND OVER),M,W,Hispanic,NON RESIDENT,,,,37013.0,17,1790002800000,1790086980000
897472,20260572312_11,20260572312,T,,U,UNFOUNDED,Closed,515 515,36.3130000002836,-86.70799999997158,,,5,"COMMERCIAL, OFFICE BUILDING",1,810,LOST PROPERTY,NONE,1,No,B,BUSINESS,,,,,,,,37072.0,17,1785603600000,1790086260000
921027,20260572217_11,20260572217,D,DISPATCHED,O,OPEN,Open,VANDERHORST,36.22000000011304,-86.81000000032267,,,22,"RESIDENCE, HOME",1,13B,SIMPLE ASSLT - STRANGULATION (NO LOSS OF CONSCIOUSNESS),PERSONAL (HANDS),1,Yes,I,INDIVIDUAL (18 AND OVER),F,B,Non-Hispanic,RESIDENT,,,,,09,1790082000000,1790085540000
897474,20260572207_11,20260572207,T,,O,OPEN,Open,ARBOR TRACE,36.22000000011304,-86.75999999978066,,,22,"RESIDENCE, HOME",1,23F,BURGLARY- MOTOR VEHICLE,Unarmed,1,No,I,INDIVIDUAL (18 AND OVER),M,W,Non-Hispanic,RESIDENT,,,,,16,1790037000000,1790084820000
925379,20260572187_11,20260572187,T,,O,OPEN,Open,ELLISTON PL,36.15000000024567,-86.81000000032267,,,20,"PARKING LOT, GARAGE",1,23F,BURGLARY- MOTOR VEHICLE,,1,No,I,INDIVIDUAL (18 AND OVER),M,W,Non-Hispanic,RESIDENT,,,,,,1789948800000,1790083080000
921031,20260570592_11,20260570592,D,DISPATCHED,O,OPEN,Open,BENDING RIVER DR,36.090000000189825,-87.00999999979578,,,13,"HIGHWAY, ROAD, ALLEY",1,13D,STALKING- NO PRIOR CONVICTION,,1,No,I,INDIVIDUAL (18 AND OVER),F,W,Non-Hispanic,RESIDENT,,,,,,1789560000000,1790079960000
921383,20260572090_11,20260572090,T,,O,OPEN,Open,LEBANON PIKE,36.16999999991994,-86.65999999959497,,,7,CONVENIENCE STORE,1,23C,SHOPLIFTING,Unarmed,1,No,B,BUSINESS,,,,,,,,,16,1790079000000,1790079960000
924255,20260572083_11,20260572083,T,,O,OPEN,Open, EDMONDSON PIKE,36.0399999997254,-86.7399999999232,,,7,CONVENIENCE STORE,1,23D,LARC - FROM BLDG,NONE,1,No,I,INDIVIDUAL (18 AND OVER),M,B,Non-Hispanic,NON RESIDENT,,,,,17,1790078700000,1790079660000
930508,20260572050_11,20260572050,T,,O,OPEN,Open,BROOKSBORO TER,36.090000000189825,-86.64999999966624,,,90,APARTMENT,1,240,VEHICLE THEFT,Unarmed,1,No,I,INDIVIDUAL (18 AND OVER),M,W,Hispanic,RESIDENT,,,,,16,1789686000000,1790079300000
929489,20260572016_11,20260572016,S,SUSPECT,U,UNFOUNDED,Closed,97 97,36.082999999882595,-86.70200000037366,,,20,"PARKING LOT, GARAGE",1,715,FOUND PROPERTY,NONE,1,No,I,INDIVIDUAL (18 AND OVER),F,W,Hispanic,RESIDENT,,,,37211.0,17,1790017200000,1790078520000
930364,20260572027_11,20260572027,S,SUSPECT,U,UNFOUNDED,Closed,307 307,36.120999999872936,-86.70399999964074,,,90,APARTMENT,1,780,"RECOVERY, STOLEN PROPERTY",NONE,1,No,I,INDIVIDUAL (18 AND OVER),F,W,Non-Hispanic,NON RESIDENT,,,,37217.0,17,1790077860000,1790077860000
930197,20260571977_11,20260571977,S,SUSPECT,U,UNFOUNDED,Closed,400 400,36.271999999660345,-86.69000000027951,,,20,"PARKING LOT, GARAGE",1,715,FOUND PROPERTY,NONE,1,No,I,INDIVIDUAL (18 AND OVER),U,U,Unknown,NON RESIDENT,,,,37115.0,17,1790076300000,1790076300000
927506,20260571933_11,20260571933,S,SUSPECT,U,UNFOUNDED,Closed,1311 1311,36.24499999974243,-86.73599999959238,,,25,"SERVICE, GAS STATION",1,780,"RECOVERY, STOLEN PROPERTY",NONE,1,No,B,BUSINESS,,,,,,,,37115.0,17,1790075100000,1790075100000
925640,20260571880_11,20260571880,D,DISPATCHED,U,UNFOUNDED,Closed,5800 5800,36.144000000126155,-86.86100000004909,,,22,"RESIDENCE, HOME",1,13C,ASSAULT- FEAR OF BODILY INJURY,,1,Yes,I,INDIVIDUAL (18 AND OVER),F,B,Non-Hispanic,RESIDENT,,,,37209.0,,1790066400000,1790070600000
921000,20260571857_11,20260571857,D,DISPATCHED,O,OPEN,Open,ROSA L PARKS,36.159999999962295,-86.77999999963816,,,14,"HOTEL, MOTEL, ETC.",1,13B,ASSAULT- OFFENSIVE OR PROVOCATIVE CONTACT,PERSONAL (HANDS),1,Yes,I,INDIVIDUAL (18 AND OVER),F,B,Non-Hispanic,RESIDENT,,,,,09,1790062200000,1790070060000
930019,20260571872_11,20260571872,D,DISPATCHED,O,OPEN,Open,MERIDIAN ST,36.18000000021363,-86.76999999970943,,,23,RESTAURANT,1,220,BURGL - FORCED ENTRY-NONRESID,CLUB,1,No,B,BUSINESS,,,,,,,,,07,1790066580000,1790069220000
925642,20260571398_11,20260571398,D,DISPATCHED,A,CLEARED BY ARREST,Closed,107 107,36.16099999985248,-86.77700000028835,,,3,"BAR, NIGHT CLUB",1,13B,SIMPLE ASSLT,PERSONAL (HANDS),1,No,I,INDIVIDUAL (18 AND OVER),M,W,Non-Hispanic,UNKNOWN,,,,37219.0,09,1790041200000,1790068320000
925644,20260571398_22,20260571398,D,DISPATCHED,A,CLEARED BY ARREST,Closed,107 107,36.16099999985248,-86.77700000028835,,,3,"BAR, NIGHT CLUB",2,290,"VANDALISM- $1,000 OR LESS",PERSONAL (HANDS),2,No,B,BUSINESS,,,,,,,,37219.0,09,1790041200000,1790068320000
932656,20260571779_11,20260571779,D,DISPATCHED,O,OPEN,Open,RICHARDS RD,36.06999999966938,-86.68000000035076,,,20,"PARKING LOT, GARAGE",1,290,"VANDALISM- $2,500 OR > BUT < $10,000",NONE,1,No,I,INDIVIDUAL (18 AND OVER),F,W,Non-Hispanic,RESIDENT,,,,,17,1789966800000,1790061840000
925647,20260571792_11,20260571792,D,DISPATCHED,O,OPEN,Open,JOHN A MERRITT BLVD,36.16999999991994,-86.82000000025143,,,90,APARTMENT,1,13C,ASSAULT- FEAR OF BODILY INJURY,,1,No,I,INDIVIDUAL (18 AND OVER),F,B,Non-Hispanic,RESIDENT,,,,,,1790059800000,1790061660000
895265,20260571781_11,20260571781,D,DISPATCHED,O,OPEN,Open,N 11TH ST,36.18000000021363,-86.74999999985195,,,20,"PARKING LOT, GARAGE",1,23F,BURGLARY- MOTOR VEHICLE,CLUB,1,No,I,INDIVIDUAL (18 AND OVER),M,W,Non-Hispanic,NON RESIDENT,,,,,07,1790059620000,1790061000000
930504,20260571429_11,20260571429,D,DISPATCHED,O,OPEN,Open,OLD HICKORY BLVD,36.16999999991994,-86.60000000002253,,,90,APARTMENT,1,740,TRANSPORT,HANDGUN,1,No,I,INDIVIDUAL (18 AND OVER),F,W,Non-Hispanic,UNKNOWN,,,,,01,1790035200000,1790058780000
930505,20260571289_11,20260571289,D,DISPATCHED,U,UNFOUNDED,Closed,500 500,36.151000000010846,-86.6670000001739,,,22,"RESIDENCE, HOME",1,740,TRANSPORT,,1,No,I,INDIVIDUAL (18 AND OVER),M,W,Non-Hispanic,RESIDENT,,,,37214.0,,1790030400000,1790055120000
903079,20260571646_11,20260571646,S,SUSPECT,P,PROSECUTION DECLINED,Closed,837 837,36.137000000193275,-86.70000000020825,,,13,"HIGHWAY, ROAD, ALLEY",1,35A,MARIJUANA - POSSESS,NONE,1,No,S,SOCIETY,,,,,,,,37217.0,17,1790052540000,1790054460000
919946,20260571277_11,20260571277,D,DISPATCHED,A,CLEARED BY ARREST,Closed,112 112,36.21199999983783,-86.83499999969537,,,22,"RESIDENCE, HOME",1,13B,SIMPLE ASSLT,PERSONAL (HANDS),1,Yes,I,INDIVIDUAL (18 AND OVER),F,B,Non-Hispanic,RESIDENT,,,,37218.0,09,1790038200000,1790054100000
903083,20260571256_11,20260571256,D,DISPATCHED,A,CLEARED BY ARREST,Closed,2050 2050,36.30199999997265,-86.69299999962931,,,8,"DEPARTMENT, DISCOUNT STORE",1,26A,FRAUD - SWINDLE,,1,No,B,BUSINESS,,,,,,,,37072.0,,1790037840000,1790050920000
929468,20260571354_11,20260571354,D,DISPATCHED,O,OPEN,Open,ED TEMPLE BLVD,36.19000000021294,-86.82000000025143,,,20,"PARKING LOT, GARAGE",1,13A,"Assault, Aggravated - Deadly Weapon - Int/Kn",HANDGUN,1,No,I,INDIVIDUAL (18 AND OVER),M,B,Non-Hispanic,RESIDENT,,,,,01,1790041800000,1790050800000
929471,20260571354_22,20260571354,D,DISPATCHED,O,OPEN,Open,ED TEMPLE BLVD,36.19000000021294,-86.82000000025143,,,20,"PARKING LOT, GARAGE",2,520,"WEAPON OFFENSE, CRIMINAL ATTEMPT",HANDGUN,2,No,S,SOCIETY,,,,,,,,,01,1790041800000,1790050800000
931288,20260571439_11,20260571439,D,DISPATCHED,U,UNFOUNDED,Closed,130 130,36.20599999976586,-86.77099999979211,,,20,"PARKING LOT, GARAGE",1,740,TRANSPORT,NONE,1,No,I,INDIVIDUAL (18 AND OVER),M,B,Non-Hispanic,NON RESIDENT,,,,37207.0,17,1790042400000,1790050620000
927495,20260571413_11,20260571413,D,DISPATCHED,A,CLEARED BY ARREST,Closed,3010 3010,36.14300000034089,-86.8149999998379,,,8,"DEPARTMENT, DISCOUNT STORE",1,23C,SHOPLIFTING,NONE,1,No,B,BUSINESS,,,,,,,,37203.0,17,1790042400000,1790049600000
930506,20260571438_11,20260571438,D,DISPATCHED,U,UNFOUNDED,Closed, & ,,,,,22,"RESIDENCE, HOME",1,740,TRANSPORT,NONE,1,Yes,I,INDIVIDUAL (18 AND OVER),F,W,Non-Hispanic,RESIDENT,,,,37013.0,17,1790044200000,1790049000000
929479,20260571443_11,20260571443,S,SUSPECT,O,OPEN,Open,DICKERSON PIKE,36.209999999706326,-86.76999999970943,,,20,"PARKING LOT, GARAGE",1,35A,"DISPENSE PRESCRIPTION DRUG, VOID REGIS. NUMBER",NONE,1,No,S,SOCIETY,,,,,,,,,17,1790045940000,1790048520000
929481,20260571443_21,20260571443,S,SUSPECT,O,OPEN,Open,DICKERSON PIKE,36.209999999706326,-86.76999999970943,,,20,"PARKING LOT, GARAGE",2,35B,DRUG PARAPHERNALIA- UNLAWFUL USE,NONE,1,No,S,SOCIETY,,,,,,,,,17,1790045940000,1790048520000
931285,20260571358_11,20260571358,D,DISPATCHED,U,UNFOUNDED,Closed,717 717,36.137000000193275,-86.72400000039654,,,90,APARTMENT,1,740,TRANSPORT,,1,No,I,INDIVIDUAL (18 AND OVER),F,W,Non-Hispanic,RESIDENT,,,,37217.0,,1790042100000,1790048040000
917938,20260571450_11,20260571450,D,DISPATCHED,O,OPEN,Open,HIGHWAY 70  S,36.080000000195604,-86.95000000022335,,,8,"DEPARTMENT, DISCOUNT STORE",1,23C,"THEFT OF MERCHANDISE- $1,000 OR LESS",NONE,1,No,B,BUSINESS,,,,,,,,,17,1790043300000,1790046840000
917467,20260571375_11,20260571375,D,DISPATCHED,O,OPEN,Open,SPLIT OAK TRL,36.080000000195604,-86.65999999959497,,,22,"RESIDENCE, HOME",1,220,BURGLARY - AGGRAVATED,NONE,1,No,I,INDIVIDUAL (18 AND OVER),M,W,Non-Hispanic,RESIDENT,,,,,17,1789848000000,1790046540000
917470,20260571375_12,20260571375,D,DISPATCHED,O,OPEN,Open,SPLIT OAK TRL,36.080000000195604,-86.65999999959497,,,22,"RESIDENCE, HOME",1,220,BURGLARY - AGGRAVATED,NONE,2,No,I,INDIVIDUAL (18 AND OVER),M,B,Non-Hispanic,RESIDENT,,,,,17,1789848000000,1790046540000
892026,20260571013_11,20260571013,D,DISPATCHED,U,UNFOUNDED,Closed,301 301,36.14699999988796,-86.8149999998379,,,90,APARTMENT,1,740,TRANSPORT,LETHAL/CUTTING INSTRUMENT,1,No,I,INDIVIDUAL (18 AND OVER),M,B,Non-Hispanic,RESIDENT,,,,37203.0,06,1790028000000,1790046420000
895694,20260571391_11,20260571391,,,U,UNFOUNDED,Closed,4040 4040,36.082999999882595,-86.72400000039654,,,8,"DEPARTMENT, DISCOUNT STORE",1,810,LOST PROPERTY,NONE,1,No,I,INDIVIDUAL (18 AND OVER),F,W,Non-Hispanic,RESIDENT,,,,37211.0,17,1790040600000,1790046240000
924387,20260571340_11,20260571340,D,DISPATCHED,O,OPEN,Open,NOLENSVILLE,36.05000000025906,-86.71000000013699,,,13,"HIGHWAY, ROAD, ALLEY",1,290,"VANDALISM - GOVT. PROPERTY < $2,500",PERSONAL (HANDS),1,No,G,GOVERNMENT,,,,,,,,,09,1790044140000,1790044140000
894673,20260571317_11,20260571317,D,DISPATCHED,U,UNFOUNDED,Closed,1717 1717,36.15800000035669,-86.79900000031124,,,23,RESTAURANT,1,780,"RECOVERY, STOLEN PROPERTY",NONE,1,No,I,INDIVIDUAL (18 AND OVER),M,W,Non-Hispanic,RESIDENT,,,,37203.0,17,1790026200000,1790043180000
897888,20260571218_11,20260571218,D,DISPATCHED,O,OPEN,Open,VIVELLE,,,,,22,"RESIDENCE, HOME",1,13C,ASSAULT- FEAR OF BODILY INJURY,,1,No,I,INDIVIDUAL (18 AND OVER),F,W,Non-Hispanic,RESIDENT,,,,,,1790030100000,1790042760000
894676,20260571246_11,20260571246,D,DISPATCHED,O,OPEN,Open,UNDERWOOD ST,36.16999999991994,-86.81000000032267,,,22,"RESIDENCE, HOME",1,26E,"TELECOMMUNICATIONS THEFT- $1,000 OR LESS",NONE,1,No,I,INDIVIDUAL (18 AND OVER),M,B,Non-Hispanic,RESIDENT,,,,,17,1788109200000,1790042340000
894672,20260571216_11,20260571216,D,DISPATCHED,U,UNFOUNDED,Closed,5089 5089,36.06500000003844,-86.58100000024776,,,22,"RESIDENCE, HOME",1,740,TRANSPORT,NONE,1,No,I,INDIVIDUAL (18 AND OVER),F,W,Non-Hispanic,UNKNOWN,,,,37013.0,17,1790036580000,1790042220000
932015,20260571327_11,20260571327,D,DISPATCHED,O,OPEN,Open,PATRICIA DR,36.129999999702626,-86.71000000013699,,,90,APARTMENT,1,290,"VANDALISM- $1,000 OR LESS",NONE,1,No,B,BUSINESS,,,,,,,,,17,1790039100000,1790042160000
931730,20260571285_11,20260571285,D,DISPATCHED,O,OPEN,Open,EVERGREEN RIDGE PT,36.090000000189825,-86.65999999959497,,,22,"RESIDENCE, HOME",1,23G,LARC - PARTS FROM VEH,,1,No,I,INDIVIDUAL (18 AND OVER),M,W,Hispanic,RESIDENT,,,,,,1789689600000,1790040300000
930357,20260571266_11,20260571266,D,DISPATCHED,U,UNFOUNDED,Closed,300 300,36.16399999986469,-86.77800000037105,,,3,"BAR, NIGHT CLUB",1,810,LOST PROPERTY,NONE,1,No,I,INDIVIDUAL (18 AND OVER),F,W,Non-Hispanic,NON RESIDENT,,,,37201.0,17,1789878600000,1790040240000
919825,20260571230_11,20260571230,D,DISPATCHED,O,OPEN,Open,CANTON PASS,36.23999999981472,-86.68000000035076,,,22,"RESIDENCE, HOME",1,26C,CRIMINAL IMPERSONATION,NONE,1,No,I,INDIVIDUAL (18 AND OVER),M,B,Non-Hispanic,RESIDENT,,,,,17,1790022600000,1790038680000
929491,20260571189_11,20260571189,S,SUSPECT,O,OPEN,Open,E THOMPSON LN,36.10999999969955,-86.72999999999446,,,20,"PARKING LOT, GARAGE",1,240,VEHICLE THEFT,NONE,1,No,I,INDIVIDUAL (18 AND OVER),M,W,Non-Hispanic,NON RESIDENT,,,,,17,1790037960000,1790037960000
929493,20260571189_22,20260571189,S,SUSPECT,O,OPEN,Open,E THOMPSON LN,36.10999999969955,-86.72999999999446,,,20,"PARKING LOT, GARAGE",2,23F,BURGLARY- MOTOR VEHICLE,NONE,2,No,I,INDIVIDUAL (18 AND OVER),M,A,Non-Hispanic,NON RESIDENT,,,,,17,1790037960000,1790037960000
897871,20260571205_11,20260571205,D,DISPATCHED,O,OPEN,Open,ELM HILL PIKE,36.15000000024567,-86.70000000020825,,,90,APARTMENT,1,90Z,HARRASSMENT (NUISANCE),NONE,1,No,I,INDIVIDUAL (18 AND OVER),F,I,Non-Hispanic,RESIDENT,,,,,17,1790035260000,1790037060000
918670,20260571160_11,20260571160,D,DISPATCHED,U,UNFOUNDED,Closed,4973 4973,36.05700000020672,-86.68599999994869,,,22,"RESIDENCE, HOME",1,740,POLICE INQUIRY,NONE,1,No,I,INDIVIDUAL (18 AND OVER),F,W,Non-Hispanic,RESIDENT,,,,37013.0,17,1790033400000,1790037000000
929445,20260571032_11,20260571032,D,DISPATCHED,O,OPEN,Open,BERKLEY DR,36.25000000002025,-86.72000000006571,,,90,APARTMENT,1,13B,SIMPLE ASSLT,PERSONAL (HANDS),1,Yes,I,INDIVIDUAL (18 AND OVER),F,W,Non-Hispanic,RESIDENT,,,,,09,1789790400000,1790034960000
895257,20260571082_11,20260571082,S,SUSPECT,U,UNFOUNDED,Closed,LARGO DR & TRAVELERS INN DR,36.08500000020772,-86.70299999955805,,,13,"HIGHWAY, ROAD, ALLEY",1,715,FOUND PROPERTY,NONE,1,No,I,INDIVIDUAL (18 AND OVER),M,W,Hispanic,RESIDENT,,,,37211.0,17,1790034540000,1790034540000
921380,20260570873_11,20260570873,D,DISPATCHED,A,CLEARED BY ARREST,Closed,344 344,36.07799999973529,-86.63400000013957,,,90,APARTMENT,1,100,"KIDNAPPING, CRIMINAL ATTEMPT",MOTOR VEHICLE,1,Yes,I,INDIVIDUAL (18 AND OVER),M,W,Non-Hispanic,UNKNOWN,,,,37217.0,08,1790020800000,1790034420000
895697,20260571110_11,20260571110,D,DISPATCHED,O,OPEN,Open,GALLATIN,36.30999999970611,-86.68000000035076,,,8,"DEPARTMENT, DISCOUNT STORE",1,23C,SHOPLIFTING,,1,No,B,BUSINESS,,,,,,,,,,1790030820000,1790034180000
924666,20260571108_11,20260571108,D,DISPATCHED,O,OPEN,Open,BUENA VISTA PIKE,36.20000000001247,-86.83000000018018,,,90,APARTMENT,1,13B,SIMPLE ASSLT,PERSONAL (HANDS),1,No,I,INDIVIDUAL (18 AND OVER),F,B,Non-Hispanic,RESIDENT,,,,,09,1789786800000,1790034000000
930354,20260571104_11,20260571104,S,SUSPECT,A,CLEARED BY ARREST,Closed,5800 5800,36.144000000126155,-86.86100000004909,,,20,"PARKING LOT, GARAGE",1,35A,POSSESSION OF A CONTROLLED SUBSTANCE,NONE,1,No,S,SOCIETY,,,,,,,,37209.0,17,1790032500000,1790033880000
930355,20260571104_21,20260571104,S,SUSPECT,A,CLEARED BY ARREST,Closed,5800 5800,36.144000000126155,-86.86100000004909,,,20,"PARKING LOT, GARAGE",2,35B,DRUG PARAPHERNALIA- UNLAWFUL USE,NONE,1,No,S,SOCIETY,,,,,,,,37209.0,17,1790032500000,1790033880000
924667,20260571122_11,20260571122,D,DISPATCHED,O,OPEN,Open,JAMES KAY LN,36.18000000021363,-86.60999999995128,,,22,"RESIDENCE, HOME",1,13C,"HARASSMENT- CAUSE EMOTIONAL DISTRESS, INTIMIDATE, FRIGHTEN",NONE,1,No,I,INDIVIDUAL (18 AND OVER),M,W,Non-Hispanic,RESIDENT,,,,,17,1789683360000,1790033760000
932278,20260571060_11,20260571060,S,SUSPECT,O,OPEN,Open,WEST END AVE,36.13999999994927,-86.82000000025143,,,25,"SERVICE, GAS STATION",1,23C,SHOPLIFTING,NONE,1,No,B,BUSINESS,,,,,,,,,17,1790033640000,1790033640000
931310,20260571001_11,20260571001,D,DISPATCHED,O,OPEN,Open,STATE ST,36.159999999962295,-86.80000000039394,,,90,APARTMENT,1,240,VEHICLE THEFT,HANDGUN,1,No,I,INDIVIDUAL (18 AND OVER),F,B,Non-Hispanic,NON RESIDENT,,,,,01,1790025540000,1790033220000
931313,20260571001_12,20260571001,D,DISPATCHED,O,OPEN,Open,STATE ST,36.159999999962295,-86.80000000039394,,,90,APARTMENT,1,240,VEHICLE THEFT,HANDGUN,2,No,I,INDIVIDUAL (18 AND OVER),F,B,Non-Hispanic,RESIDENT,,,,,01,1790025540000,1790033220000
927059,20260571062_11,20260571062,D,DISPATCHED,O,OPEN,Open,NOLENSVILLE,36.090000000189825,-86.72999999999446,,,20,"PARKING LOT, GARAGE",1,13B,SIMPLE ASSLT,OTHER,1,No,I,INDIVIDUAL (18 AND OVER),F,W,Hispanic,RESIDENT,,,,,15,1790031000000,1790032500000
929622,20260570998_11,20260570998,D,DISPATCHED,O,OPEN,Open,FRANKLIN AVE,36.18000000021363,-86.7399999999232,,,22,"RESIDENCE, HOME",1,220,BURGLARY- AGGRAVATED,NONE,1,No,I,INDIVIDUAL (18 AND OVER),F,B,Non-Hispanic,RESIDENT,,,,,17,1790019900000,1790032320000
930356,20260571031_11,20260571031,S,SUSPECT,U,UNFOUNDED,Closed,BRICK CHURCH PIKE & RICHMOND HILL DR,36.23599999985893,-86.78099999972085,,,13,"HIGHWAY, ROAD, ALLEY",1,35A,POSSESSION OF A CONTROLLED SUBSTANCE,NONE,1,No,S,SOCIETY,,,,,,,,37207.0,17,1790030640000,1790031960000
930914,20260571002_11,20260571002,D,DISPATCHED,O,OPEN,Open,19TH,36.15000000024567,-86.80000000039394,,,90,APARTMENT,1,290,DAMAGE PROP - PRIVATE,MOTOR VEHICLE,1,No,B,BUSINESS,,,,,,,,,08,1789888740000,1790031420000
930245,20260571010_11,20260571010,D,DISPATCHED,O,OPEN,Open,MCMURRAY DR,36.05000000025906,-86.7399999999232,,,90,APARTMENT,1,220,BURGLARY- AGGRAVATED,,1,No,I,INDIVIDUAL (18 AND OVER),M,W,Hispanic,RESIDENT,,,,,,1790008260000,1790031180000
892132,20260570790_11,20260570790,D,DISPATCHED,O,OPEN,Open,RICHARD JONES RD,36.099999999750025,-86.81000000032267,,,90,APARTMENT,1,13C,"HARASSMENT- CAUSE EMOTIONAL DISTRESS, INTIMIDATE, FRIGHTEN",NONE,1,No,I,INDIVIDUAL (18 AND OVER),F,B,Non-Hispanic,RESIDENT,,,,,17,1785564000000,1790028780000
919834,20260570681_11,20260570681,D,DISPATCHED,O,OPEN,Open,STOCKELL ST,36.19000000021294,-86.76999999970943,,,13,"HIGHWAY, ROAD, ALLEY",1,290,DAMAGE PROP - PRIVATE,NONE,1,No,I,INDIVIDUAL (18 AND OVER),M,W,Unknown,UNKNOWN,,,,,17,1788282000000,1790028780000
932279,20260570943_11,20260570943,D,DISPATCHED,U,UNFOUNDED,Closed,410 410,36.26300000010404,-86.72300000031382,,,13,"HIGHWAY, ROAD, ALLEY",1,810,LOST PROPERTY,NONE,1,No,I,INDIVIDUAL (18 AND OVER),M,W,Non-Hispanic,UNKNOWN,,,,37115.0,17,1789779600000,1790028300000
932281,20260570892_11,20260570892,D,DISPATCHED,U,UNFOUNDED,Closed,436 436,36.10599999977134,-86.92399999986964,,,90,APARTMENT,1,810,LOST PROPERTY,NONE,1,No,I,INDIVIDUAL (18 AND OVER),M,W,Non-Hispanic,UNKNOWN,,,,37221.0,17,1789146000000,1790028240000
895248,20260570842_11,20260570842,D,DISPATCHED,O,OPEN,Open,OLD HICKORY BLVD,36.080000000195604,-86.92000000043713,,,90,APARTMENT,1,13C,ASSAULT- FEAR OF BODILY INJURY,,1,No,I,INDIVIDUAL (18 AND OVER),F,W,Non-Hispanic,RESIDENT,,,,,,1788800400000,1790028120000
932162,20260570868_11,20260570868,D,DISPATCHED,U,UNFOUNDED,Closed,420 420,36.08800000003139,-86.69599999987742,,,90,APARTMENT,1,740,TRANSPORT,,1,No,I,INDIVIDUAL (18 AND OVER),F,W,Non-Hispanic,RESIDENT,,,,37211.0,,1790025000000,1790028000000
932282,20260570917_11,20260570917,D,DISPATCHED,O,OPEN,Open,CHARLOTTE AVE,36.159999999962295,-86.80000000039394,,,8,"DEPARTMENT, DISCOUNT STORE",1,23C,SHOPLIFTING,NONE,1,No,B,BUSINESS,,,,,,,,,17,1790026200000,1790027640000
919687,20260570916_11,20260570916,D,DISPATCHED,O,OPEN,Open,44TH,36.159999999962295,-86.84000000010889,,,41,Auto Dealership New/Used,1,290,DAMAGE PROP - PRIVATE,Unarmed,1,No,B,BUSINESS,,,,,,,,,16,1789405200000,1790027400000
931736,20260570808_11,20260570808,D,DISPATCHED,O,OPEN,Open,CHARLOTTE PIKE,36.129999999702626,-86.9099999996101,,,20,"PARKING LOT, GARAGE",1,780,"RECOVERY, STOLEN PROPERTY",Unarmed,1,No,I,INDIVIDUAL (18 AND OVER),M,U,Unknown,RESIDENT,,,,,16,1789979280000,1790027100000
917893,20260570878_11,20260570878,D,DISPATCHED,O,OPEN,Open,ANNEX AVE,36.15000000024567,-86.88999999975259,,,20,"PARKING LOT, GARAGE",1,240,VEHICLE THEFT,NONE,1,No,I,INDIVIDUAL (18 AND OVER),M,W,Non-Hispanic,RESIDENT,,,,,17,1789639200000,1790026740000
929452,20260570813_11,20260570813,D,DISPATCHED,O,OPEN,Open,HIGHWAY 70  S,36.06999999966938,-86.92000000043713,,,22,"RESIDENCE, HOME",1,13C,ASSAULT- FEAR OF BODILY INJURY,,1,No,I,INDIVIDUAL (18 AND OVER),F,W,Non-Hispanic,RESIDENT,,,,,,1790026740000,1790026740000
897896,20260570962_11,20260570962,D,DISPATCHED,U,UNFOUNDED,Closed,433 433,36.19600000009902,-86.61300000019939,,,22,"RESIDENCE, HOME",1,740,POLICE INQUIRY,,1,Yes,I,INDIVIDUAL (18 AND OVER),F,B,Non-Hispanic,UNKNOWN,,,,37076.0,,1790020200000,1790026680000
895254,20260570645_11,20260570645,D,DISPATCHED,O,OPEN,Open,MONTAGUE,36.25000000002025,-86.72000000006571,,,22,"RESIDENCE, HOME",1,13B,SIMPLE ASSLT,PERSONAL (HANDS),1,Yes,I,INDIVIDUAL (18 AND OVER),F,B,Non-Hispanic,UNKNOWN,,,,,09,1789977600000,1790026380000
925309,20260570834_11,20260570834,D,DISPATCHED,U,UNFOUNDED,Closed,2108 2108,36.13599999969332,-86.80099999957834,,,90,APARTMENT,1,810,LOST PROPERTY,NONE,1,No,I,INDIVIDUAL (18 AND OVER),F,W,Non-Hispanic,RESIDENT,,,,37212.0,17,1785776400000,1790025720000
925312,20260570851_11,20260570851,D,DISPATCHED,O,OPEN,Open,GALLATIN,36.30999999970611,-86.69000000027951,,,8,"DEPARTMENT, DISCOUNT STORE",1,23C,SHOPLIFTING,NONE,1,No,B,BUSINESS,,,,,,,,,17,1790016000000,1790025600000
895259,20260570755_11,20260570755,D,DISPATCHED,U,UNFOUNDED,Closed,717 717,36.137000000193275,-86.72400000039654,,,90,APARTMENT,1,740,POLICE INQUIRY,NONE,1,No,I,INDIVIDUAL (18 AND OVER),F,W,Non-Hispanic,RESIDENT,,,,37217.0,17,1790020080000,1790025000000
892217,20260570833_11,20260570833,D,DISPATCHED,O,OPEN,Open,PORTWAY,36.25999999986106,-86.76999999970943,,,13,"HIGHWAY, ROAD, ALLEY",1,240,VEHICLE THEFT,,1,No,I,INDIVIDUAL (18 AND OVER),M,W,Non-Hispanic,RESIDENT,,,,,,1789938000000,1790024820000
893172,20260570689_11,20260570689,D,DISPATCHED,O,OPEN,Open,CHARLOTTE,36.15000000024567,-86.84000000010889,,,20,"PARKING LOT, GARAGE",1,240,VEHICLE THEFT,Unarmed,1,No,I,INDIVIDUAL (18 AND OVER),M,W,Non-Hispanic,RESIDENT,,,,,16,1790015400000,1790024700000
897886,20260570792_11,20260570792,D,DISPATCHED,U,UNFOUNDED,Closed,611 611,36.1539999996859,-86.84899999995494,,,25,"SERVICE, GAS STATION",1,740,POLICE INQUIRY,NONE,1,Yes,I,INDIVIDUAL (18 AND OVER),F,B,Non-Hispanic,RESIDENT,,,,37209.0,17,1790020800000,1790024340000
919948,20260570632_11,20260570632,D,DISPATCHED,U,UNFOUNDED,Closed,3301 3301,36.23500000031618,-86.76600000027692,,,90,APARTMENT,1,740,TRANSPORT,NONE,1,No,I,INDIVIDUAL (18 AND OVER),F,B,Non-Hispanic,RESIDENT,,,,37207.0,17,1790015400000,1790024100000
917926,20260570515_11,20260570515,D,DISPATCHED,U,UNFOUNDED,Closed,625 625,36.13200000012403,-86.77099999979211,,,22,"RESIDENCE, HOME",1,740,TRANSPORT,NONE,1,No,I,INDIVIDUAL (18 AND OVER),M,W,Non-Hispanic,RESIDENT,,,,37204.0,17,1790011080000,1790023980000
925316,20260570612_11,20260570612,S,SUSPECT,A,CLEARED BY ARREST,Closed,6814 6814,36.133999999638924,-86.88999999975259,,,8,"DEPARTMENT, DISCOUNT STORE",1,23C,"THEFT OF MERCHANDISE 5TH - $1,000 OR LESS",NONE,1,No,B,BUSINESS,,,,,,,,37209.0,17,1790014800000,1790022120000
932287,20260570688_11,20260570688,D,DISPATCHED,O,OPEN,Open,22ND AVE N,36.16999999991994,-86.81000000032267,,,22,"RESIDENCE, HOME",1,35A,DRUGS- DISPENSE ILLEGALLY,NONE,1,No,S,SOCIETY,,,,,,,,,17,1790014800000,1790022000000
925318,20260570737_11,20260570737,D,DISPATCHED,O,OPEN,Open,THORNTON GROVE BLVD,,,,,90,APARTMENT,1,23H,LARC - POSTAL,NONE,1,No,I,INDIVIDUAL (18 AND OVER),M,W,Non-Hispanic,RESIDENT,,,,,17,1789986000000,1790021940000
931744,20260570728_11,20260570728,D,DISPATCHED,O,OPEN,Open,CHARLOTTE PIKE,36.15000000024567,-86.85999999996638,,,82,Pawn Shop,1,26A,FRAUD - SWINDLE,,1,No,B,BUSINESS,,,,,,,,,,1790021220000,1790021220000
925638,20260570693_11,20260570693,D,DISPATCHED,O,OPEN,Open,HEDGEWOOD DR,36.229999999876554,-86.72000000006571,,,53,School-Elementary/Secondary,1,13C,ASSAULT- FEAR OF BODILY INJURY,,1,No,I,INDIVIDUAL (18 AND OVER),M,B,Non-Hispanic,RESIDENT,,,,,,1790006400000,1790020800000
928857,20260570677_11,20260570677,T,,O,OPEN,Open,2ND AVE S,36.159999999962295,-86.76999999970943,,,20,"PARKING LOT, GARAGE",1,23F,BURGLARY- MOTOR VEHICLE,Unarmed,1,No,I,INDIVIDUAL (18 AND OVER),M,W,Non-Hispanic,NON RESIDENT,,,,,16,1789776000000,1790020740000
932283,20260570722_11,20260570722,W,WITNESS,U,UNFOUNDED,Closed,217 217,36.12499999988536,-86.73200000015987,,,13,"HIGHWAY, ROAD, ALLEY",1,810,LOST PROPERTY,NONE,1,No,I,INDIVIDUAL (18 AND OVER),M,W,Unknown,UNKNOWN,,,,37210.0,17,1789747200000,1790020680000
895700,20260570691_11,20260570691,D,DISPATCHED,U,UNFOUNDED,Closed,2810 2810,36.21100000000074,-86.82399999968392,,,22,"RESIDENCE, HOME",1,740,TRANSPORT,NONE,1,No,I,INDIVIDUAL (18 AND OVER),M,B,Non-Hispanic,RESIDENT,,,,37218.0,17,1790018340000,1790019660000
919831,20260570698_11,20260570698,D,DISPATCHED,O,OPEN,Open,GRIZZARD AVE,36.209999999706326,-86.76999999970943,,,22,"RESIDENCE, HOME",1,26C,CRIMINAL IMPERSONATION,NONE,1,No,I,INDIVIDUAL (18 AND OVER),F,W,Non-Hispanic,RESIDENT,,,,,17,1693573200000,1790019480000
932819,20260570655_11,20260570655,D,DISPATCHED,A,CLEARED BY ARREST,Closed,3217 3217,36.2170000001132,-86.82800000001475,,,22,"RESIDENCE, HOME",1,850,CONTEMPT - VIOLATION OF PROTECTION ORDER,,1,Yes,I,INDIVIDUAL (18 AND OVER),F,B,Non-Hispanic,RESIDENT,,,,37218.0,,1790004600000,1790019420000
917941,20260570629_11,20260570629,D,DISPATCHED,O,OPEN,Open,IRELAND ST,36.16999999991994,-86.80000000039394,,,22,"RESIDENCE, HOME",1,26C,CRIMINAL IMPERSONATION,PERSONAL (HANDS),1,No,I,INDIVIDUAL (18 AND OVER),M,W,Non-Hispanic,NON RESIDENT,,,,,09,1788260400000,1790019240000
897884,20260570462_11,20260570462,D,DISPATCHED,A,CLEARED BY ARREST,Closed,4304 4304,36.228999999682664,-86.59100000017649,,,22,"RESIDENCE, HOME",1,13B,SIMPLE ASSLT,PERSONAL (HANDS),1,Yes,I,INDIVIDUAL (18 AND OVER),F,B,Non-Hispanic,RESIDENT,,,,37138.0,09,1790009160000,1790019060000
917946,20260570684_11,20260570684,D,DISPATCHED,O,OPEN,Open,8TH,36.15000000024567,-86.77999999963816,,,90,APARTMENT,1,26C,CRIMINAL IMPERSONATION,NONE,1,No,I,INDIVIDUAL (18 AND OVER),M,W,Non-Hispanic,RESIDENT,,,,,17,1789146000000,1790018640000
928864,20260570528_11,20260570528,D,DISPATCHED,O,OPEN,Open,PEABODY,36.159999999962295,-86.76999999970943,,,90,APARTMENT,1,90F,CRIMINAL CONTEMPT-VIOLATION OF ORDER OF PROTECTION,NONE,1,Yes,I,INDIVIDUAL (18 AND OVER),F,W,Non-Hispanic,RESIDENT,,,,,17,1790007600000,1790018520000
928868,20260570616_11,20260570616,D,DISPATCHED,O,OPEN,Open,OLSEN LN,36.19000000021294,-86.84000000010889,,,22,"RESIDENCE, HOME",1,23D,LARC - FROM BLDG,PERSONAL (HANDS),1,No,I,INDIVIDUAL (18 AND OVER),M,B,Non-Hispanic,RESIDENT,,,,,09,1783702800000,1790018520000
928869,20260570616_12,20260570616,D,DISPATCHED,O,OPEN,Open,OLSEN LN,36.19000000021294,-86.84000000010889,,,22,"RESIDENCE, HOME",1,23D,LARC - FROM BLDG,PERSONAL (HANDS),2,No,I,INDIVIDUAL (18 AND OVER),F,B,Non-Hispanic,RESIDENT,,,,,09,1783702800000,1790018520000
928848,20260570657_11,20260570657,D,DISPATCHED,O,OPEN,Open,VERNON AVE,36.159999999962295,-86.86999999989513,,,22,"RESIDENCE, HOME",1,23F,BURGLARY- MOTOR VEHICLE,NONE,1,No,I,INDIVIDUAL (18 AND OVER),F,W,Non-Hispanic,RESIDENT,,,,,17,1789853400000,1790018220000
928853,20260570666_11,20260570666,W,WITNESS,U,UNFOUNDED,Closed,840 840,36.14800000018361,-86.63199999997416,,,22,"RESIDENCE, HOME",1,810,LOST PROPERTY,NONE,1,No,I,INDIVIDUAL (18 AND OVER),F,W,Unknown,RESIDENT,,,,,17,1786557600000,1790018100000
928885,20260570653_11,20260570653,D,DISPATCHED,U,UNFOUNDED,Closed,5655 5655,36.17599999966112,-86.60799999978586,,,9,HOSPITAL,1,715,FOUND PROPERTY,NONE,1,No,U,UNKNOWN,U,U,Unknown,NON RESIDENT,,,,37076.0,17,1788238800000,1790018100000
928850,20260570625_11,20260570625,D,DISPATCHED,O,OPEN,Open,CAMDEN,36.129999999702626,-86.75999999978066,,,13,"HIGHWAY, ROAD, ALLEY",1,23H,"THEFT OF PROPERTY- $1,000 OR >  BUT < $10,000",NONE,1,No,I,INDIVIDUAL (18 AND OVER),M,W,Non-Hispanic,UNKNOWN,,,,,17,1789984800000,1790018040000
917920,20260570674_11,20260570674,T,,O,OPEN,Open,,,,,,22,"RESIDENCE, HOME",1,13C,"HARASSMENT- CAUSE EMOTIONAL DISTRESS, INTIMIDATE, FRIGHTEN",Unarmed,1,No,I,INDIVIDUAL (18 AND OVER),F,B,Non-Hispanic,RESIDENT,,,,,16,1789822800000,1790017920000
928851,20260570638_11,20260570638,D,DISPATCHED,U,UNFOUNDED,Closed,209 209,36.162000000041736,-86.77500000012294,,,13,"HIGHWAY, ROAD, ALLEY",1,810,LOST PROPERTY,NONE,1,No,I,INDIVIDUAL (18 AND OVER),F,W,Non-Hispanic,NON RESIDENT,,,,37201.0,17,1789858800000,1790017380000
897477,20260570618_11,20260570618,S,SUSPECT,O,OPEN,Open,ANDREW JACKSON PKWY,36.22000000011304,-86.60000000002253,,,2,"BANK, SAVINGS AND LOAN",1,26A,FRAUD - SWINDLE,NONE,1,No,F,FINANCIAL INSTITUTION,,,,,,,,,17,1787166060000,1790017260000
897479,20260570618_22,20260570618,S,SUSPECT,O,OPEN,Open,ANDREW JACKSON PKWY,36.22000000011304,-86.60000000002253,,,2,"BANK, SAVINGS AND LOAN",2,250,"FORGERY-$1,000 OR LESS",NONE,2,No,I,INDIVIDUAL (18 AND OVER),M,W,Non-Hispanic,RESIDENT,,,,,17,1787166060000,1790017260000
917835,20260570627_11,20260570627,D,DISPATCHED,O,OPEN,Open,DIVISION,36.15000000024567,-86.7899999995669,,,90,APARTMENT,1,240,"THEFT OF VEHICLE->$1,000 BUT <$2,500",NONE,1,No,I,INDIVIDUAL (18 AND OVER),F,A,Non-Hispanic,RESIDENT,,,,,17,1789952400000,1790017020000
927486,20260570606_11,20260570606,S,SUSPECT,A,CLEARED BY ARREST,Closed,200 200,36.08500000020772,-86.70299999955805,,,20,"PARKING LOT, GARAGE",1,35A,Poss. or Casual Exchange of Meth,NONE,1,No,S,SOCIETY,,,,,,,,37211.0,17,1790015100000,1790016180000
925303,20260570628_11,20260570628,D,DISPATCHED,U,UNFOUNDED,Closed,5089 5089,36.06500000003844,-86.58100000024776,,,13,"HIGHWAY, ROAD, ALLEY",1,740,TRANSPORT,,1,No,I,INDIVIDUAL (18 AND OVER),F,W,Non-Hispanic,UNKNOWN,,,,37013.0,,1790015700000,1790015700000
911143,20260570571_11,20260570571,D,DISPATCHED,O,OPEN,Open,8TH AVE S,36.159999999962295,-86.77999999963816,,,20,"PARKING LOT, GARAGE",1,240,VEHICLE THEFT,NONE,1,No,B,BUSINESS,,,,,,,,,17,1789949220000,1790015580000
924665,20260570207_11,20260570207,D,DISPATCHED,O,OPEN,Open,NESBITT,36.27000000015372,-86.71000000013699,,,22,"RESIDENCE, HOME",1,240,VEHICLE THEFT,CLUB,1,No,I,INDIVIDUAL (18 AND OVER),M,W,Non-Hispanic,RESIDENT,,,,,07,1789866000000,1790015460000
892218,20260570329_11,20260570329,D,DISPATCHED,O,OPEN,Open,OLD FRANKLIN RD,36.0399999997254,-86.6399999997375,,,90,APARTMENT,1,13B,SIMPLE ASSLT,PERSONAL (HANDS),1,Yes,I,INDIVIDUAL (18 AND OVER),M,W,Hispanic,RESIDENT,,,,,09,1790002800000,1790015280000
892219,20260570329_12,20260570329,D,DISPATCHED,O,OPEN,Open,OLD FRANKLIN RD,36.0399999997254,-86.6399999997375,,,90,APARTMENT,1,13B,SIMPLE ASSLT,PERSONAL (HANDS),2,Yes,I,INDIVIDUAL (18 AND OVER),F,B,Non-Hispanic,UNKNOWN,,,,,09,1790002800000,1790015280000
928847,20260570499_11,20260570499,D,DISPATCHED,U,UNFOUNDED,Closed,419 419,36.23200000030522,-86.78399999996897,,,22,"RESIDENCE, HOME",1,740,TRANSPORT,NONE,1,No,I,INDIVIDUAL (18 AND OVER),M,B,Non-Hispanic,RESIDENT,,,,37207.0,17,1790010600000,1790014860000
928854,20260570585_11,20260570585,D,DISPATCHED,O,OPEN,Open,WOODBURY FALLS DR,36.090000000189825,-86.92000000043713,,,13,"HIGHWAY, ROAD, ALLEY",1,23F,BURGLARY- MOTOR VEHICLE,Unarmed,1,No,I,INDIVIDUAL (18 AND OVER),M,W,Non-Hispanic,RESIDENT,,,,,16,1789952400000,1790014740000
928855,20260570585_21,20260570585,D,DISPATCHED,O,OPEN,Open,WOODBURY FALLS DR,36.090000000189825,-86.92000000043713,,,13,"HIGHWAY, ROAD, ALLEY",2,290,DAMAGE PROP - PRIVATE,Unarmed,1,No,I,INDIVIDUAL (18 AND OVER),M,W,Non-Hispanic,RESIDENT,,,,,16,1789952400000,1790014740000
928863,20260570594_11,20260570594,D,DISPATCHED,O,OPEN,Open,REGATTA,36.159999999962295,-86.59000000009381,,,22,"RESIDENCE, HOME",1,23H,LARC - POSTAL,NONE,1,No,I,INDIVIDUAL (18 AND OVER),M,W,Non-Hispanic,RESIDENT,,,,,17,1785604320000,1790014680000
930198,20260570575_11,20260570575,D,DISPATCHED,O,OPEN,Open,REP JOHN LEWIS WAY N,36.16999999991994,-86.77999999963816,,,22,"RESIDENCE, HOME",1,26A,FRAUD - SWINDLE,NONE,1,No,I,INDIVIDUAL (18 AND OVER),M,W,Non-Hispanic,RESIDENT,,,,,17,1790010360000,1790014380000
925298,20260570514_11,20260570514,W,WITNESS,U,UNFOUNDED,Closed,3701 3701,36.17699999991021,-86.6140000002821,,,11,"GOVERNMENT, PUBLIC BUILDING",1,780,"RECOVERY, STOLEN PROPERTY",NONE,1,No,I,INDIVIDUAL (18 AND OVER),F,W,Non-Hispanic,UNKNOWN,,,,37076.0,17,1790011200000,1790014140000
928867,20260570493_11,20260570493,D,DISPATCHED,O,OPEN,Open,ROWAN DR,36.22000000011304,-86.81000000032267,,,22,"RESIDENCE, HOME",1,13C,ASSAULT- FEAR OF BODILY INJURY,,1,No,I,INDIVIDUAL (18 AND OVER),F,B,Non-Hispanic,RESIDENT,,,,,,1790004240000,1790014140000
925329,20260570576_11,20260570576,T,,O,OPEN,Open,CABOT,36.129999999702626,-86.89999999968133,,,90,APARTMENT,1,23D,LARC - FROM BLDG,NONE,1,No,I,INDIVIDUAL (18 AND OVER),F,W,Non-Hispanic,RESIDENT,,,,,17,1789912800000,1790013840000
930923,20260570519_11,20260570519,D,DISPATCHED,O,OPEN,Open,THOMPSON,36.10999999969955,-86.75999999978066,,,41,Auto Dealership New/Used,1,26C,CRIMINAL IMPERSONATION,NONE,1,No,I,INDIVIDUAL (18 AND OVER),F,W,Non-Hispanic,NON RESIDENT,,,,,17,1787839200000,1790013540000
928858,20260570558_11,20260570558,T,,U,UNFOUNDED,Closed,110 110,36.16699999965114,-86.65700000024518,,,53,School-Elementary/Secondary,1,810,LOST PROPERTY,NONE,1,No,G,GOVERNMENT,,,,,,,,37214.0,17,1723482000000,1790013300000
892271,20260570487_11,20260570487,D,DISPATCHED,U,UNFOUNDED,Closed,1349 1349,36.13099999975425,-86.77099999979211,,,22,"RESIDENCE, HOME",1,740,POLICE INQUIRY,NONE,1,Yes,I,INDIVIDUAL (18 AND OVER),F,B,Non-Hispanic,RESIDENT,,,,37204.0,17,1790008020000,1790012940000
928859,20260570490_11,20260570490,D,DISPATCHED,O,OPEN,Open,ROTHWOOD AVE,36.25000000002025,-86.70000000020825,,,22,"RESIDENCE, HOME",1,23H,LARC - POSTAL,NONE,1,No,I,INDIVIDUAL (18 AND OVER),M,W,Non-Hispanic,UNKNOWN,,,,,17,1790010000000,1790012760000
917826,20260570524_11,20260570524,D,DISPATCHED,U,UNFOUNDED,Closed,GALLATIN PIKE N & MYATT DR,36.29699999987231,-86.69900000012554,,,13,"HIGHWAY, ROAD, ALLEY",1,810,LOST PROPERTY,NONE,1,No,B,BUSINESS,,,,,,,,37072.0,17,1789750800000,1790012340000
925332,20260570495_11,20260570495,D,DISPATCHED,O,OPEN,Open,3RD AVE S,36.159999999962295,-86.76999999970943,,,14,"HOTEL, MOTEL, ETC.",1,23H,THEFT OF PROPERTY- $500 OR LESS,NONE,1,No,I,INDIVIDUAL (18 AND OVER),F,W,Non-Hispanic,NON RESIDENT,,,,,17,1789918200000,1790012340000
892890,20260570370_11,20260570370,D,DISPATCHED,O,OPEN,Open,CHARLOTTE PIKE,36.15000000024567,-86.86999999989513,,,25,"SERVICE, GAS STATION",1,240,"THEFT OF VEHICLE-2,500 OR > BUT<$10,000",Unarmed,1,No,I,INDIVIDUAL (18 AND OVER),M,W,Non-Hispanic,UNKNOWN,,,,,16,1790002800000,1790011800000
892893,20260570370_21,20260570370,D,DISPATCHED,O,OPEN,Open,CHARLOTTE PIKE,36.15000000024567,-86.86999999989513,,,25,"SERVICE, GAS STATION",2,290,DAMAGE PROP - BUSINESS,Unarmed,1,No,I,INDIVIDUAL (18 AND OVER),M,W,Non-Hispanic,UNKNOWN,,,,,16,1790002800000,1790011800000
892896,20260570370_22,20260570370,D,DISPATCHED,O,OPEN,Open,CHARLOTTE PIKE,36.15000000024567,-86.86999999989513,,,25,"SERVICE, GAS STATION",2,290,DAMAGE PROP - BUSINESS,Unarmed,2,No,B,BUSINESS,,,,,,,,,16,1790002800000,1790011800000
925350,20260570456_11,20260570456,D,DISPATCHED,O,OPEN,Open,CLARKSVILLE PIKE,36.23999999981472,-86.83000000018018,,,22,"RESIDENCE, HOME",1,240,VEHICLE THEFT,NONE,1,No,I,INDIVIDUAL (18 AND OVER),F,W,Non-Hispanic,UNKNOWN,,,,,17,1789401600000,1790011620000
928849,20260570476_11,20260570476,D,DISPATCHED,U,UNFOUNDED,Closed, & ,,,,,22,"RESIDENCE, HOME",1,810,LOST PROPERTY,NONE,1,No,I,INDIVIDUAL (18 AND OVER),F,W,Non-Hispanic,NON RESIDENT,,,,,17,1789880460000,1790011560000
928841,20260570504_11,20260570504,T,,O,OPEN,Open,BRINK HAVEN AVE,36.25000000002025,-86.72000000006571,,,5,"COMMERCIAL, OFFICE BUILDING",1,210,EXTORTION,NONE,1,No,I,INDIVIDUAL (18 AND OVER),M,B,Non-Hispanic,UNKNOWN,,,,,17,1789521780000,1790010900000
932168,20260570465_11,20260570465,T,,O,OPEN,Open,BROADWAY,36.159999999962295,-86.77999999963816,,,3,"BAR, NIGHT CLUB",1,23A,ROBBERY,NONE,1,No,I,INDIVIDUAL (18 AND OVER),F,W,Non-Hispanic,RESIDENT,,,,,17,1789878600000,1790010180000
928866,20260570426_11,20260570426,D,DISPATCHED,O,OPEN,Open,CANTON,36.25000000002025,-86.67000000042204,,,6,CONSTRUCTION SITE,1,23H,"THEFT OF PROPERTY->$1,000 BUT <$2,500",NONE,1,No,B,BUSINESS,,,,,,,,,17,1789747200000,1790009400000
897838,20260570263_11,20260570263,D,DISPATCHED,U,UNFOUNDED,Closed,7201 7201,36.07400000013588,-86.92600000003506,,,9,HOSPITAL,1,740,TRANSPORT,NONE,1,No,I,INDIVIDUAL (18 AND OVER),M,B,Non-Hispanic,UNKNOWN,,,,37221.0,17,1789999200000,1790009040000
897840,20260570128_11,20260570128,D,DISPATCHED,U,UNFOUNDED,Closed,510 510,36.17200000011699,-86.7640000001115,,,13,"HIGHWAY, ROAD, ALLEY",1,740,TRANSPORT,NONE,1,No,I,INDIVIDUAL (18 AND OVER),M,B,Non-Hispanic,RESIDENT,,,,37206.0,17,1789972320000,1790008320000
931374,20260570359_11,20260570359,D,DISPATCHED,U,UNFOUNDED,Closed,2905 2905,36.22100000015415,-86.76199999994608,,,14,"HOTEL, MOTEL, ETC.",1,740,POLICE INQUIRY,NONE,1,No,I,INDIVIDUAL (18 AND OVER),M,W,Non-Hispanic,RESIDENT,,,,37207.0,17,1790004900000,1790007180000
928870,20260570379_11,20260570379,D,DISPATCHED,O,OPEN,Open,ALLIED DR,36.099999999750025,-86.74999999985195,,,20,"PARKING LOT, GARAGE",1,23H,"THEFT OF PROPERTY->$1,000 BUT <$2,500",NONE,1,No,B,BUSINESS,,,,,,,,,17,1789761600000,1790006940000
928871,20260570347_11,20260570347,D,DISPATCHED,O,OPEN,Open,DELK AVE,36.18000000021363,-86.82000000025143,,,22,"RESIDENCE, HOME",1,23H,THEFT OF PROPERTY- $500 OR LESS,PERSONAL (HANDS),1,No,I,INDIVIDUAL (18 AND OVER),M,W,Non-Hispanic,RESIDENT,,,,,09,1790001960000,1790006820000
919828,20260570390_11,20260570390,T,,O,OPEN,Open,MOUNTAIN SPRINGS RD,36.05000000025906,-86.60999999995128,,,8,"DEPARTMENT, DISCOUNT STORE",1,26B,FRAUD -  ILLEG USE OF CREDIT CARDS,Unarmed,1,No,B,BUSINESS,,,,,,,,,16,1789761600000,1790006760000
930360,20260570202_11,20260570202,D,DISPATCHED,O,OPEN,Open,BROADWAY,36.159999999962295,-86.77999999963816,,,3,"BAR, NIGHT CLUB",1,13B,SIMPLE ASSLT,PERSONAL (HANDS),1,Yes,I,INDIVIDUAL (18 AND OVER),M,W,Non-Hispanic,UNKNOWN,,,,,09,1779933600000,1790006760000
930361,20260570202_21,20260570202,D,DISPATCHED,O,OPEN,Open,BROADWAY,36.159999999962295,-86.77999999963816,,,22,"RESIDENCE, HOME",2,290,"Vandalism- $60,000 or > but < $250,000",PERSONAL (HANDS),1,Yes,I,INDIVIDUAL (18 AND OVER),M,W,Non-Hispanic,UNKNOWN,,,,,09,1779933600000,1790006760000
928872,20260570377_11,20260570377,T,,U,UNFOUNDED,Closed,DONELSON PIKE & I-40E,,,,,13,"HIGHWAY, ROAD, ALLEY",1,810,LOST PROPERTY,NONE,1,No,I,INDIVIDUAL (18 AND OVER),M,B,Non-Hispanic,NON RESIDENT,,,,37214.0,17,1789812000000,1790006700000
930502,20260570292_11,20260570292,D,DISPATCHED,O,OPEN,Open,LUCILE ST,36.20000000001247,-86.76999999970943,,,22,"RESIDENCE, HOME",1,13C,ASSAULT- FEAR OF BODILY INJURY,,1,Yes,I,INDIVIDUAL (18 AND OVER),F,B,Non-Hispanic,RESIDENT,,,,,,1789996740000,1790006580000
928860,20260570381_11,20260570381,D,DISPATCHED,U,UNFOUNDED,Closed,2719 2719,36.15499999994384,-86.66900000033932,,,22,"RESIDENCE, HOME",1,810,LOST PROPERTY,,1,No,I,INDIVIDUAL (18 AND OVER),M,W,Non-Hispanic,RESIDENT,,,,37214.0,,1758470400000,1790006400000
897805,20260570274_11,20260570274,D,DISPATCHED,O,OPEN,Open,OLD HICKORY BLVD,36.05000000025906,-86.72000000006571,,,90,APARTMENT,1,13C,"HARASSMENT- CAUSE EMOTIONAL DISTRESS, INTIMIDATE, FRIGHTEN",NONE,1,Yes,I,INDIVIDUAL (18 AND OVER),F,B,Non-Hispanic,RESIDENT,,,,,17,1789054800000,1790005200000
917923,20260570283_11,20260570283,D,DISPATCHED,O,OPEN,Open,OAKWOOD,36.209999999706326,-86.74999999985195,,,20,"PARKING LOT, GARAGE",1,290,"VANDALISM- $1,000 OR LESS",PERSONAL (HANDS),1,No,I,INDIVIDUAL (18 AND OVER),F,B,Non-Hispanic,RESIDENT,,,,,09,1789768800000,1790003400000
928873,20260570306_11,20260570306,T,,O,OPEN,Open,GALLATIN PIKE S,36.23999999981472,-86.72000000006571,,,20,"PARKING LOT, GARAGE",1,23H,"THEFT OF PROPERTY- $60,000 OR MORE",Unarmed,1,No,B,BUSINESS,,,,,,,,,16,1789950060000,1790003160000
928862,20260570301_11,20260570301,T,,O,OPEN,Open,LYNNWOOD BLVD,36.080000000195604,-86.85000000003764,,,22,"RESIDENCE, HOME",1,23F,BURGLARY- MOTOR VEHICLE,,1,No,I,INDIVIDUAL (18 AND OVER),M,W,Non-Hispanic,RESIDENT,,,,,,1789886400000,1790002980000
892876,20260570291_11,20260570291,D,DISPATCHED,O,OPEN,Open,MONACO DR,36.209999999706326,-86.60999999995128,,,22,"RESIDENCE, HOME",1,240,VEHICLE THEFT,NONE,1,No,I,INDIVIDUAL (18 AND OVER),F,B,Non-Hispanic,RESIDENT,,,,,17,1789945200000,1790002800000
928861,20260570296_11,20260570296,D,DISPATCHED,U,UNFOUNDED,Closed,307 307,36.110999999786046,-86.744000000254,,,41,Auto Dealership New/Used,1,810,LOST PROPERTY,,1,No,I,INDIVIDUAL (18 AND OVER),F,W,Non-Hispanic,RESIDENT,,,,37211.0,,1785596220000,1790002620000
917829,20260570264_11,20260570264,D,DISPATCHED,O,OPEN,Open,HICKORY HOLLOW PKWY,36.059999999965356,-86.67000000042204,,,13,"HIGHWAY, ROAD, ALLEY",1,13B,SIMPLE ASSLT,PERSONAL (HANDS),1,No,I,INDIVIDUAL (18 AND OVER),F,W,Non-Hispanic,UNKNOWN,,,,,09,1790002560000,1790002560000
928874,20260570262_11,20260570262,D,DISPATCHED,U,UNFOUNDED,Closed,8535 8535,,,,,22,"RESIDENCE, HOME",1,810,LOST PROPERTY,PERSONAL (HANDS),1,No,I,INDIVIDUAL (18 AND OVER),M,A,Non-Hispanic,RESIDENT,,,,37013.0,09,1788778800000,1790001180000
919679,20260570271_11,20260570271,T,,U,UNFOUNDED,Closed,1016 1016,35.9939999999929,-86.68299999970057,,,22,"RESIDENCE, HOME",1,810,LOST PROPERTY,NONE,1,No,I,INDIVIDUAL (18 AND OVER),M,B,Non-Hispanic,RESIDENT,,,,37027.0,17,1786813200000,1790000400000
897495,20260570272_11,20260570272,CIR,,U,UNFOUNDED,Closed,123 123,36.16099999985248,-86.77500000012294,,,13,"HIGHWAY, ROAD, ALLEY",1,715,FOUND PROPERTY,NONE,1,No,U,UNKNOWN,U,U,Unknown,NON RESIDENT,,,,37201.0,17,1789921800000,1790000340000
928875,20260570247_11,20260570247,D,DISPATCHED,O,OPEN,Open,STEWARTS FERRY,36.15000000024567,-86.62999999980876,,,20,"PARKING LOT, GARAGE",1,23H,"THEFT OF PROPERTY-$1,000 OR LESS",NONE,1,No,I,INDIVIDUAL (18 AND OVER),F,B,Non-Hispanic,NON RESIDENT,,,,,17,1789995600000,1789999860000
928212,20260569961_11,20260569961,D,DISPATCHED,U,UNFOUNDED,Closed,100 100,,,,,22,"RESIDENCE, HOME",1,740,TRANSPORT,NONE,1,No,I,INDIVIDUAL (18 AND OVER),F,B,Non-Hispanic,RESIDENT,,,,37013.0,17,1789984800000,1789999740000
928852,20260570230_11,20260570230,T,,O,OPEN,Open,CHURCH,36.159999999962295,-86.7899999995669,,,20,"PARKING LOT, GARAGE",1,23F,BURGLARY- MOTOR VEHICLE,Unarmed,1,No,I,INDIVIDUAL (18 AND OVER),M,W,Non-Hispanic,RESIDENT,,,,,16,1789912800000,1789999620000
932822,20260570226_11,20260570226,T,,O,OPEN,Open,BONNACREEK DR,36.19000000021294,-86.62999999980876,,,22,"RESIDENCE, HOME",1,26B,FRAUD -  ILLEG USE OF CREDIT CARDS,Unarmed,1,No,B,BUSINESS,,,,,,,,,16,1789902000000,1789998480000
892998,20260570067_11,20260570067,D,DISPATCHED,A,CLEARED BY ARREST,Closed,5004 5004,36.068999999898516,-86.74600000041943,,,22,"RESIDENCE, HOME",1,13B,SIMPLE ASSLT,OTHER,1,Yes,I,INDIVIDUAL (18 AND OVER),M,W,Non-Hispanic,UNKNOWN,,,,37220.0,15,1789992000000,1789998300000
928876,20260570165_11,20260570165,D,DISPATCHED,O,OPEN,Open,NASHBORO BLVD,36.090000000189825,-86.6399999997375,,,20,"PARKING LOT, GARAGE",1,23H,"THEFT OF PROPERTY- $1,000 OR >  BUT < $10,000",NONE,1,No,I,INDIVIDUAL (18 AND OVER),M,W,Hispanic,RESIDENT,,,,,17,1789916400000,1789997640000
928837,20260570188_11,20260570188,T,,O,OPEN,Open,TUSCULUM RD,36.05000000025906,-86.67000000042204,,,7,CONVENIENCE STORE,1,26B,FRAUD -  ILLEG USE OF CREDIT CARDS,,1,No,B,BUSINESS,,,,,,,,,,1789945200000,1789997580000
928844,20260570190_11,20260570190,T,,O,OPEN,Open,CHANDLER COVE WAY,36.0200000001374,-86.68000000035076,,,22,"RESIDENCE, HOME",1,26A,FRAUD - SWINDLE,NONE,1,No,I,INDIVIDUAL (18 AND OVER),M,W,Non-Hispanic,RESIDENT,,,,,17,1789833600000,1789997160000
928578,20260566787_11,20260566787,D,DISPATCHED,U,UNFOUNDED,Closed,869 869,36.13300000008577,-86.8870000004028,,,22,"RESIDENCE, HOME",1,690,SUICIDE,HANDGUN,1,No,I,INDIVIDUAL (18 AND OVER),M,B,Non-Hispanic,RESIDENT,,,,37205.0,01,1789824180000,1789996980000
897807,20260570023_11,20260570023,D,DISPATCHED,O,OPEN,Open,2ND AVE S,36.15000000024567,-86.76999999970943,,,5,"COMMERCIAL, OFFICE BUILDING",1,220,BURGL - FORCED ENTRY-NONRESID,NONE,1,No,B,BUSINESS,,,,,,,,,17,1789948800000,1789996500000
894979,20260570164_11,20260570164,W,WITNESS,U,UNFOUNDED,Closed,4000 4000,36.16500000022236,-86.83699999986078,,,90,APARTMENT,1,715,FOUND PROPERTY,NONE,1,No,I,INDIVIDUAL (18 AND OVER),M,W,Non-Hispanic,RESIDENT,,,,37209.0,17,1789994400000,1789996200000
928877,20260570124_11,20260570124,T,,U,UNFOUNDED,Closed,26 26,36.05300000031543,-86.67499999993723,,,25,"SERVICE, GAS STATION",1,810,LOST PROPERTY,NONE,1,No,I,INDIVIDUAL (18 AND OVER),M,B,Non-Hispanic,RESIDENT,,,,37013.0,17,1789943400000,1789995660000
928890,20260569967_11,20260569967,D,DISPATCHED,O,OPEN,Open,KIRKBROOK CT,36.06999999966938,-86.98000000000957,,,22,"RESIDENCE, HOME",1,13C,ASSAULT- FEAR OF BODILY INJURY,,1,Yes,I,INDIVIDUAL (18 AND OVER),M,B,Non-Hispanic,RESIDENT,,,,,,1789989900000,1789994640000
931387,20260569939_11,20260569939,D,DISPATCHED,A,CLEARED BY ARREST,Closed,3431 3431,36.15800000035669,-86.82900000009747,,,22,"RESIDENCE, HOME",1,13B,SIMPLE ASSLT,PERSONAL (HANDS),1,Yes,I,INDIVIDUAL (18 AND OVER),F,A,Non-Hispanic,RESIDENT,,,,37209.0,09,1789988400000,1789994100000
928878,20260570053_11,20260570053,T,,U,UNFOUNDED,Closed,2760 2760,36.068999999898516,-86.63300000005688,,,22,"RESIDENCE, HOME",1,810,LOST PROPERTY,NONE,1,No,G,GOVERNMENT,,,,,,,,37013.0,17,1789794060000,1789993500000
929447,20260570100_11,20260570100,D,DISPATCHED,U,UNFOUNDED,Closed,340 340,36.08699999974394,-86.69599999987742,,,20,"PARKING LOT, GARAGE",1,35B,DRUG PARAPHERNALIA- UNLAWFUL USE,NONE,1,No,S,SOCIETY,,,,,,,,37211.0,17,1789988400000,1789993020000
928879,20260569966_11,20260569966,D,DISPATCHED,O,OPEN,Open,HARDING PL,36.090000000189825,-86.70000000020825,,,7,CONVENIENCE STORE,1,23C,SHOPLIFTING,NONE,1,No,B,BUSINESS,,,,,,,,,17,1789988520000,1789991760000
921368,20260527221_11,20260527221,D,DISPATCHED,O,OPEN,Open,BERKLEY DR,36.25000000002025,-86.72000000006571,,,90,APARTMENT,1,13B,SIMPLE ASSLT,PERSONAL (HANDS),1,No,I,INDIVIDUAL (18 AND OVER),M,W,Non-Hispanic,RESIDENT,,,,,09,1788167520000,1789990260000
897803,20260569457_22,20260569457,D,DISPATCHED,O,OPEN,Open,HOBSON,36.06999999966938,-86.59000000009381,,,13,"HIGHWAY, ROAD, ALLEY",2,520,"WEAPON OFFENSE, CRIMINAL ATTEMPT",Unarmed,2,No,S,SOCIETY,,,,,,,,,16,1789960500000,1789987380000
932794,20260569637_11,20260569637,D,DISPATCHED,A,CLEARED BY ARREST,Closed,1430 1430,36.04500000005651,-86.68599999994869,,,20,"PARKING LOT, GARAGE",1,13B,ASSAULT- OFFENSIVE OR PROVOCATIVE CONTACT,PERSONAL (HANDS),1,Yes,I,INDIVIDUAL (18 AND OVER),F,B,Non-Hispanic,RESIDENT,,,,37013.0,09,1789966800000,1789985040000
930503,20260569727_11,20260569727,D,DISPATCHED,A,CLEARED BY ARREST,Closed,4929 4929,36.06199999992648,-86.61699999963191,,,21,RENTAL STORAGE FACILITY,1,13B,SIMPLE ASSLT,PERSONAL (HANDS),1,Yes,I,INDIVIDUAL (18 AND OVER),F,W,Hispanic,RESIDENT,,,,37013.0,09,1789971900000,1789984500000
932789,20260569792_11,20260569792,D,DISPATCHED,O,OPEN,Open,HARDING PIKE,36.129999999702626,-86.84000000010889,,,20,"PARKING LOT, GARAGE",1,23H,"THEFT OF PROPERTY-$1,000 OR LESS",NONE,1,No,I,INDIVIDUAL (18 AND OVER),M,W,Non-Hispanic,RESIDENT,,,,,17,1789978500000,1789984380000
932795,20260569684_11,20260569684,D,DISPATCHED,O,OPEN,Open,MURFREESBORO PIKE,36.129999999702626,-86.72000000006571,,,90,APARTMENT,1,13B,SIMPLE ASSLT,PERSONAL (HANDS),1,Yes,I,INDIVIDUAL (18 AND OVER),F,B,Non-Hispanic,RESIDENT,,,,,09,1789970400000,1789983360000
932790,20260569805_11,20260569805,D,DISPATCHED,O,OPEN,Open,BROADWAY,36.159999999962295,-86.77999999963816,,,3,"BAR, NIGHT CLUB",1,23H,THEFT OF PROPERTY- $500 OR LESS,NONE,1,No,I,INDIVIDUAL (18 AND OVER),F,W,Non-Hispanic,RESIDENT,,,,,17,1789982760000,1789982760000
897890,20260569612_11,20260569612,D,DISPATCHED,U,UNFOUNDED,Closed,625 625,36.13200000012403,-86.77099999979211,,,90,APARTMENT,1,740,POLICE INQUIRY,NONE,1,Yes,I,INDIVIDUAL (18 AND OVER),F,B,Non-Hispanic,RESIDENT,,,,37204.0,17,1789966620000,1789982520000
897801,20260569730_11,20260569730,D,DISPATCHED,A,CLEARED BY ARREST,Closed,2141 2141,36.03299999980557,-86.65099999974893,,,90,APARTMENT,1,13B,ASSAULT- OFFENSIVE OR PROVOCATIVE CONTACT,PERSONAL (HANDS),1,Yes,I,INDIVIDUAL (18 AND OVER),F,W,Hispanic,RESIDENT,,,,37013.0,09,1789967400000,1789980180000
924712,20260569651_14,20260569651,D,DISPATCHED,A,CLEARED BY ARREST,Closed,27TH AVE N & POSTON AVE,36.14699999988796,-86.81199999958979,,,13,"HIGHWAY, ROAD, ALLEY",1,35A,POSSESSION OF A CONTROLLED SUB FOR RESALE,NONE,4,No,S,SOCIETY,,,,,,,,37203.0,17,1789977900000,1789977900000
924713,20260569651_24,20260569651,D,DISPATCHED,A,CLEARED BY ARREST,Closed,27TH AVE N & POSTON AVE,36.14699999988796,-86.81199999958979,,,13,"HIGHWAY, ROAD, ALLEY",2,35B,DRUG PARAPHERNALIA- UNLAWFUL USE,NONE,4,No,S,SOCIETY,,,,,,,,37203.0,17,1789977900000,1789977900000
924714,20260569651_31,20260569651,D,DISPATCHED,A,CLEARED BY ARREST,Closed,27TH AVE N & POSTON AVE,36.14699999988796,-86.81199999958979,,,13,"HIGHWAY, ROAD, ALLEY",3,715,FOUND PROPERTY,NONE,1,No,I,INDIVIDUAL (18 AND OVER),F,W,Non-Hispanic,RESIDENT,,,,37203.0,17,1789977900000,1789977900000
924715,20260569651_32,20260569651,D,DISPATCHED,A,CLEARED BY ARREST,Closed,27TH AVE N & POSTON AVE,36.14699999988796,-86.81199999958979,,,13,"HIGHWAY, ROAD, ALLEY",3,715,FOUND PROPERTY,NONE,2,No,I,INDIVIDUAL (18 AND OVER),F,B,Non-Hispanic,RESIDENT,,,,37203.0,17,1789977900000,1789977900000
924716,20260569651_33,20260569651,D,DISPATCHED,A,CLEARED BY ARREST,Closed,27TH AVE N & POSTON AVE,36.14699999988796,-86.81199999958979,,,13,"HIGHWAY, ROAD, ALLEY",3,715,FOUND PROPERTY,NONE,3,No,I,INDIVIDUAL (18 AND OVER),U,U,Unknown,NON RESIDENT,,,,37203.0,17,1789977900000,1789977900000
924717,20260569651_35,20260569651,D,DISPATCHED,A,CLEARED BY ARREST,Closed,27TH AVE N & POSTON AVE,36.14699999988796,-86.81199999958979,,,13,"HIGHWAY, ROAD, ALLEY",3,715,FOUND PROPERTY,NONE,5,No,I,INDIVIDUAL (18 AND OVER),U,U,Unknown,NON RESIDENT,,,,37203.0,17,1789977900000,1789977900000
925295,20260569732_11,20260569732,D,DISPATCHED,O,OPEN,Open,DICKERSON,36.25000000002025,-86.75999999978066,,,25,"SERVICE, GAS STATION",1,23C,SHOPLIFTING,NONE,1,No,B,BUSINESS,,,,,,,,,17,1789972680000,1789977480000
930352,20260569710_11,20260569710,D,DISPATCHED,O,OPEN,Open,HIGHWAY 70  S,36.06999999966938,-86.93000000036587,,,25,"SERVICE, GAS STATION",1,13C,ASSAULT- FEAR OF BODILY INJURY,,1,No,I,INDIVIDUAL (18 AND OVER),M,W,Hispanic,UNKNOWN,,,,,,1789972500000,1789975560000
924694,20260569699_11,20260569699,D,DISPATCHED,O,OPEN,Open,LAFAYETTE,36.15000000024567,-86.77999999963816,,,13,"HIGHWAY, ROAD, ALLEY",1,13B,SIMPLE ASSLT,PERSONAL (HANDS),1,No,I,INDIVIDUAL (18 AND OVER),M,W,Non-Hispanic,RESIDENT,,,,,09,1789972200000,1789975500000
895010,20260569666_13,20260569666,D,DISPATCHED,U,UNFOUNDED,Closed,343 343,36.14900000006129,-86.83000000018018,,,22,"RESIDENCE, HOME",1,715,FOUND PROPERTY,NONE,3,No,I,INDIVIDUAL (18 AND OVER),M,U,Unknown,NON RESIDENT,,,,37209.0,17,1789962600000,1789973280000
895012,20260569666_21,20260569666,D,DISPATCHED,U,UNFOUNDED,Closed,343 343,36.14900000006129,-86.83000000018018,,,22,"RESIDENCE, HOME",2,780,"RECOVERY, STOLEN PROPERTY",NONE,1,No,I,INDIVIDUAL (18 AND OVER),F,W,Hispanic,RESIDENT,,,,37209.0,17,1789962600000,1789973280000
895019,20260569666_23,20260569666,D,DISPATCHED,U,UNFOUNDED,Closed,343 343,36.14900000006129,-86.83000000018018,,,22,"RESIDENCE, HOME",2,780,"RECOVERY, STOLEN PROPERTY",NONE,3,No,I,INDIVIDUAL (18 AND OVER),M,U,Unknown,NON RESIDENT,,,,37209.0,17,1789962600000,1789973280000
921966,20260569548_11,20260569548,D,DISPATCHED,O,OPEN,Open,SAPGATE,36.25000000002025,-86.77999999963816,,,22,"RESIDENCE, HOME",1,240,VEHICLE THEFT,NONE,1,No,I,INDIVIDUAL (18 AND OVER),M,W,Non-Hispanic,RESIDENT,,,,,17,1789923600000,1789973100000
932791,20260569448_11,20260569448,D,DISPATCHED,O,OPEN,Open,OLD HICKORY BLVD,36.16999999991994,-86.60000000002253,,,25,"SERVICE, GAS STATION",1,23C,"THEFT OF MERCHANDISE- $1,000 OR LESS",NONE,1,No,B,BUSINESS,,,,,,,,,17,1789959600000,1789972500000
892759,20260569629_11,20260569629,D,DISPATCHED,U,UNFOUNDED,Closed,5701 5701,36.127999999830735,-86.85599999963556,,,22,"RESIDENCE, HOME",1,740,POLICE INQUIRY,NONE,1,No,I,INDIVIDUAL (18 AND OVER),M,U,Unknown,NON RESIDENT,,,,37205.0,17,1789966800000,1789972140000
932796,20260569689_11,20260569689,D,DISPATCHED,O,OPEN,Open,BROADWAY,36.159999999962295,-86.77999999963816,,,39,Arena/Stadium/Fairgrounds/Coliseum,1,13B,ASSAULT- OFFENSIVE OR PROVOCATIVE CONTACT,PERSONAL (HANDS),1,No,I,INDIVIDUAL (18 AND OVER),M,W,Non-Hispanic,NON RESIDENT,,,,,09,1789956000000,1789971960000
929448,20260569632_11,20260569632,S,SUSPECT,O,OPEN,Open,BRICK CHURCH PIKE,36.209999999706326,-86.77999999963816,,,13,"HIGHWAY, ROAD, ALLEY",1,35A,MARIJUANA - POSSESS,NONE,1,No,S,SOCIETY,,,,,,,,,17,1789968120000,1789971060000
929450,20260569632_21,20260569632,S,SUSPECT,O,OPEN,Open,BRICK CHURCH PIKE,36.209999999706326,-86.77999999963816,,,13,"HIGHWAY, ROAD, ALLEY",2,35B,DRUG PARAPHERNALIA- UNLAWFUL USE,NONE,1,No,S,SOCIETY,,,,,,,,,17,1789968120000,1789971060000
932797,20260568217_11,20260568217,D,DISPATCHED,O,OPEN,Open,NEELYS BEND RD,36.25999999986106,-86.71000000013699,,,22,"RESIDENCE, HOME",1,13B,ASSAULT- OFFENSIVE OR PROVOCATIVE CONTACT,PERSONAL (HANDS),1,Yes,I,INDIVIDUAL (18 AND OVER),F,W,Non-Hispanic,RESIDENT,,,,,09,1789441200000,1789970580000
924177,20260569450_11,20260569450,D,DISPATCHED,O,OPEN,Open,NOLENSVILLE,36.080000000195604,-86.72999999999446,,,20,"PARKING LOT, GARAGE",1,240,VEHICLE THEFT,NONE,1,No,I,INDIVIDUAL (18 AND OVER),M,W,Hispanic,UNKNOWN,,,,,17,1789955400000,1789970160000
924178,20260569450_22,20260569450,D,DISPATCHED,O,OPEN,Open,NOLENSVILLE,36.080000000195604,-86.72999999999446,,,20,"PARKING LOT, GARAGE",2,290,DAMAGE PROP - PRIVATE,Unarmed,2,No,I,INDIVIDUAL (18 AND OVER),M,W,Hispanic,RESIDENT,,,,,16,1789955400000,1789970160000
928880,20260569366_11,20260569366,D,DISPATCHED,O,OPEN,Open,DICKERSON,36.19000000021294,-86.76999999970943,,,20,"PARKING LOT, GARAGE",1,23F,BURGLARY - MOTOR VEHICLE,NONE,1,No,I,INDIVIDUAL (18 AND OVER),F,B,Non-Hispanic,RESIDENT,,,,,17,1789930800000,1789968540000
931373,20260569572_11,20260569572,S,SUSPECT,O,OPEN,Open,HARDING PL,36.090000000189825,-86.70000000020825,,,7,CONVENIENCE STORE,1,780,"RECOVERY, STOLEN PROPERTY",NONE,1,No,I,INDIVIDUAL (18 AND OVER),M,W,Hispanic,RESIDENT,,,,,17,1789965360000,1789968360000
897809,20260569415_11,20260569415,D,DISPATCHED,O,OPEN,Open,SKIP JACK,36.059999999965356,-86.58000000016507,,,22,"RESIDENCE, HOME",1,13C,ASSAULT- FEAR OF BODILY INJURY,,1,Yes,I,INDIVIDUAL (18 AND OVER),F,B,Non-Hispanic,UNKNOWN,,,,,,1789957800000,1789967880000
919821,20260569516_11,20260569516,D,DISPATCHED,A,CLEARED BY ARREST,Closed,4105 4105,36.06199999992648,-86.68199999961786,,,22,"RESIDENCE, HOME",1,13B,SIMPLE ASSLT,PERSONAL (HANDS),1,Yes,I,INDIVIDUAL (18 AND OVER),F,W,Hispanic,RESIDENT,,,,37013.0,09,1789962000000,1789966920000
919819,20260569487_11,20260569487,D,DISPATCHED,U,UNFOUNDED,Closed,1110 1110,36.20500000009323,-86.73699999967509,,,22,"RESIDENCE, HOME",1,13B,SIMPLE ASSLT,PERSONAL (HANDS),1,Yes,I,INDIVIDUAL (18 AND OVER),F,B,Non-Hispanic,RESIDENT,,,,37216.0,09,1789961400000,1789966500000
930358,20260569557_11,20260569557,D,DISPATCHED,U,UNFOUNDED,Closed,2810 2810,36.21100000000074,-86.82399999968392,,,22,"RESIDENCE, HOME",1,740,POLICE INQUIRY,NONE,1,No,I,INDIVIDUAL (18 AND OVER),M,W,Non-Hispanic,RESIDENT,,,,37218.0,17,1789959600000,1789966140000
921372,20260569386_11,20260569386,D,DISPATCHED,O,OPEN,Open,LINBAR DR,36.080000000195604,-86.70000000020825,,,20,"PARKING LOT, GARAGE",1,13B,SIMPLE ASSLT,PERSONAL (HANDS),1,No,I,INDIVIDUAL (18 AND OVER),F,W,Hispanic,RESIDENT,,,,,09,1789951200000,1789965600000
932163,20260569442_11,20260569442,D,DISPATCHED,A,CLEARED BY ARREST,Closed,100 100,36.20599999976586,-86.76899999962671,,,20,"PARKING LOT, GARAGE",1,780,"RECOVERY, STOLEN PROPERTY",NONE,1,No,I,INDIVIDUAL (18 AND OVER),F,W,Non-Hispanic,RESIDENT,,,,37207.0,17,1789960260000,1789964160000
932164,20260569442_22,20260569442,D,DISPATCHED,A,CLEARED BY ARREST,Closed,100 100,36.20599999976586,-86.76899999962671,,,20,"PARKING LOT, GARAGE",2,35A,POSSESSION OF A CONTROLLED SUBSTANCE,NONE,2,No,S,SOCIETY,,,,,,,,37207.0,17,1789960260000,1789964160000
897909,20260569338_11,20260569338,D,DISPATCHED,A,CLEARED BY ARREST,Closed,3117 3117,36.23599999985893,-86.77700000028835,,,22,"RESIDENCE, HOME",1,13B,ASSAULT- OFFENSIVE OR PROVOCATIVE CONTACT,PERSONAL (HANDS),1,Yes,I,INDIVIDUAL (18 AND OVER),F,B,Non-Hispanic,RESIDENT,,,,37207.0,09,1789955160000,1789963620000
894975,20260569324_11,20260569324,D,DISPATCHED,O,OPEN,Open,,,,,,13,"HIGHWAY, ROAD, ALLEY",1,13B,SIMPLE ASSLT,PERSONAL (HANDS),1,Yes,I,INDIVIDUAL (18 AND OVER),F,W,Non-Hispanic,RESIDENT,,,,,09,1789953300000,1789963440000
930020,20260569420_11,20260569420,D,DISPATCHED,O,OPEN,Open,APACHE TRL,36.06999999966938,-86.69000000027951,,,20,"PARKING LOT, GARAGE",1,290,"VANDALISM- $2,500 OR > BUT < $10,000",NONE,1,No,I,INDIVIDUAL (18 AND OVER),F,B,Non-Hispanic,RESIDENT,,,,,17,1789950420000,1789962600000
921376,20260569489_11,20260569489,D,DISPATCHED,O,OPEN,Open,MASSMAN DR,36.129999999702626,-86.70000000020825,,,22,"RESIDENCE, HOME",1,13C,ASSAULT- FEAR OF BODILY INJURY,,1,Yes,I,INDIVIDUAL (18 AND OVER),F,W,Non-Hispanic,RESIDENT,,,,,,1789945200000,1789962360000
921947,20260569274_11,20260569274,D,DISPATCHED,A,CLEARED BY ARREST,Closed,1038 1038,36.16699999965114,-86.82000000025143,,,50,Park/Playground,1,520,"WEAPON OFFENSE, CRIMINAL ATTEMPT",HANDGUN,1,No,S,SOCIETY,,,,,,,,37208.0,01,1789952040000,1789962360000
924695,20260569353_11,20260569353,D,DISPATCHED,O,OPEN,Open,DICKERSON PIKE,36.25000000002025,-86.75999999978066,,,20,"PARKING LOT, GARAGE",1,23F,BURGLARY- MOTOR VEHICLE,NONE,1,No,I,INDIVIDUAL (18 AND OVER),F,B,Non-Hispanic,RESIDENT,,,,,17,1789954800000,1789962180000
932792,20260569460_11,20260569460,D,DISPATCHED,U,UNFOUNDED,Closed,5101 5101,36.08899999993821,-86.68700000003139,,,20,"PARKING LOT, GARAGE",1,810,LOST PROPERTY,,1,No,G,GOVERNMENT,,,,,,,,37211.0,,1789959600000,1789961700000
928881,20260569240_11,20260569240,D,DISPATCHED,O,OPEN,Open,MOUNTAIN VALLEY BND,36.099999999750025,-86.93000000036587,,,22,"RESIDENCE, HOME",1,23H,"THEFT OF PROPERTY-$1,000 OR LESS",PERSONAL (HANDS),1,No,I,INDIVIDUAL (18 AND OVER),F,B,Non-Hispanic,RESIDENT,,,,,09,1789824600000,1789961640000
925572,20260567831_11,20260567831,D,DISPATCHED,A,CLEARED BY ARREST,Closed,408 408,36.21100000000074,-86.7890000003825,,,22,"RESIDENCE, HOME",1,290,"VANDALISM- $1,000 OR LESS",NONE,1,No,I,INDIVIDUAL (18 AND OVER),F,B,Non-Hispanic,RESIDENT,,,,37207.0,17,1789875480000,1789961160000
919682,20260569405_11,20260569405,D,DISPATCHED,O,OPEN,Open,REP JOHN LEWIS WAY N,36.16999999991994,-86.77999999963816,,,20,"PARKING LOT, GARAGE",1,23F,BURGLARY- MOTOR VEHICLE,NONE,1,No,I,INDIVIDUAL (18 AND OVER),F,W,Non-Hispanic,RESIDENT,,,,,17,1789946100000,1789960440000
924702,20260569259_11,20260569259,D,DISPATCHED,O,OPEN,Open,CLARKSVILLE PIKE,36.19000000021294,-86.82000000025143,,,20,"PARKING LOT, GARAGE",1,120,ROBBERY,PERSONAL (HANDS),1,No,I,INDIVIDUAL (18 AND OVER),M,W,Non-Hispanic,RESIDENT,,,,,09,1789950600000,1789960020000
931733,20260568853_11,20260568853,D,DISPATCHED,O,OPEN,Open,BROADWAY,36.159999999962295,-86.76999999970943,,,3,"BAR, NIGHT CLUB",1,13B,SIMPLE ASSLT,PERSONAL (HANDS),1,No,I,INDIVIDUAL (18 AND OVER),M,W,Non-Hispanic,RESIDENT,,,,,09,1789930800000,1789959660000
924696,20260569370_11,20260569370,D,DISPATCHED,O,OPEN,Open,MERIDIAN,36.20000000001247,-86.76999999970943,,,20,"PARKING LOT, GARAGE",1,23F,BURGLARY- MOTOR VEHICLE,NONE,1,No,I,INDIVIDUAL (18 AND OVER),F,B,Non-Hispanic,RESIDENT,,,,,17,1789943400000,1789959240000
928886,20260569374_11,20260569374,D,DISPATCHED,O,OPEN,Open,REP JOHN LEWIS,36.159999999962295,-86.77999999963816,,,20,"PARKING LOT, GARAGE",1,23F,BURGLARY- MOTOR VEHICLE,NONE,1,No,I,INDIVIDUAL (18 AND OVER),M,W,Non-Hispanic,NON RESIDENT,,,,,17,1789948140000,1789958880000
928887,20260569374_12,20260569374,D,DISPATCHED,O,OPEN,Open,REP JOHN LEWIS,36.159999999962295,-86.77999999963816,,,20,"PARKING LOT, GARAGE",1,23F,BURGLARY- MOTOR VEHICLE,NONE,2,No,I,INDIVIDUAL (18 AND OVER),M,W,Non-Hispanic,NON RESIDENT,,,,,17,1789948140000,1789958880000
932588,20260569351_11,20260569351,D,DISPATCHED,O,OPEN,Open,FRANKLIN DR,36.159999999962295,-86.86999999989513,,,22,"RESIDENCE, HOME",1,13C,ASSAULT- FEAR OF BODILY INJURY,,1,Yes,I,INDIVIDUAL (18 AND OVER),F,W,Non-Hispanic,UNKNOWN,,,,,,1789956240000,1789958220000
930018,20260569216_11,20260569216,D,DISPATCHED,O,OPEN,Open,16TH AVE N,36.159999999962295,-86.80000000039394,,,90,APARTMENT,1,13C,ASSAULT- FEAR OF BODILY INJURY,,1,Yes,I,INDIVIDUAL (18 AND OVER),F,B,Non-Hispanic,UNKNOWN,,,,,,1789934400000,1789958040000
917933,20260569339_11,20260569339,D,DISPATCHED,O,OPEN,Open,E WEBSTER ST,36.25000000002025,-86.71000000013699,,,90,APARTMENT,1,13B,SIMPLE ASSLT,NONE,1,Yes,I,INDIVIDUAL (18 AND OVER),F,B,Non-Hispanic,UNKNOWN,,,,,17,1789957620000,1789957620000
897878,20260568874_11,20260568874,D,DISPATCHED,A,CLEARED BY ARREST,Closed,3008 3008,36.15899999964666,-86.82399999968392,,,22,"RESIDENCE, HOME",1,520,"WEAPON - FELON-POSS-FIREARM(VIOLENCE, DEADLY WEAPON)",RIFLE,1,No,S,SOCIETY,,,,,,,,37209.0,02,1789923600000,1789956600000
928888,20260569332_11,20260569332,D,DISPATCHED,O,OPEN,Open,MYATT,36.28000000026564,-86.69000000027951,,,8,"DEPARTMENT, DISCOUNT STORE",1,23C,SHOPLIFTING,NONE,1,No,B,BUSINESS,,,,,,,,,17,1789950000000,1789956300000
924410,20260568071_11,20260568071,S,SUSPECT,A,CLEARED BY ARREST,Closed,BROADWAY & REP JOHN LEWIS WAY N,36.159999999962295,-86.77800000037105,,,13,"HIGHWAY, ROAD, ALLEY",1,290,"VANDALISM - GOVT. PROPERTY < $2,500",,1,No,G,GOVERNMENT,,,,,,,,37203.0,,1789883700000,1789956000000
895685,20260569165_11,20260569165,D,DISPATCHED,O,OPEN,Open,ELAINE DR,36.080000000195604,-86.74999999985195,,,22,"RESIDENCE, HOME",1,13A,"Assault, Aggravated - Deadly Weapon - Int/Kn",LETHAL/CUTTING INSTRUMENT,1,No,I,INDIVIDUAL (18 AND OVER),M,B,Non-Hispanic,RESIDENT,,,,,06,1789942260000,1789955640000
924388,20260569219_11,20260569219,D,DISPATCHED,O,OPEN,Open,DICKERSON PIKE,36.22000000011304,-86.75999999978066,,,22,"RESIDENCE, HOME",1,13B,SIMPLE ASSLT,PERSONAL (HANDS),1,Yes,I,INDIVIDUAL (18 AND OVER),M,W,Hispanic,RESIDENT,,,,,09,1789947000000,1789955100000
897880,20260568240_11,20260568240,D,DISPATCHED,U,UNFOUNDED,Closed,324 324,36.08699999974394,-86.69399999971202,,,23,RESTAURANT,1,35B,DRUG PARAPHERNALIA- UNLAWFUL USE,NONE,1,No,S,SOCIETY,,,,,,,,37211.0,17,1789894800000,1789954980000
932787,20260569248_11,20260569248,D,DISPATCHED,O,OPEN,Open,36TH AVE N,36.13999999994927,-86.83000000018018,,,13,"HIGHWAY, ROAD, ALLEY",1,780,"RECOVERY, STOLEN PROPERTY",NONE,1,No,I,INDIVIDUAL (18 AND OVER),F,W,Non-Hispanic,NON RESIDENT,,,,,17,1789938000000,1789951920000
894995,20260569163_11,20260569163,D,DISPATCHED,O,OPEN,Open,DELLWAY VILLA RD,36.209999999706326,-86.75999999978066,,,90,APARTMENT,1,13B,SIMPLE ASSLT,PERSONAL (HANDS),1,No,I,INDIVIDUAL (18 AND OVER),M,B,Non-Hispanic,RESIDENT,,,,,09,1789941600000,1789950960000
928889,20260569218_11,20260569218,D,DISPATCHED,O,OPEN,Open,HIGHWAY 70  S,36.080000000195604,-86.95000000022335,,,12,"GROCERY, SUPERMARKET",1,23C,SHOPLIFTING,NONE,1,No,B,BUSINESS,,,,,,,,,17,1789843860000,1789949640000
928891,20260569201_11,20260569201,D,DISPATCHED,O,OPEN,Open,SUMMERCREST TRL,36.0399999997254,-86.61999999988002,,,22,"RESIDENCE, HOME",1,23F,BURGLARY- MOTOR VEHICLE,NONE,1,No,I,INDIVIDUAL (18 AND OVER),M,W,Non-Hispanic,UNKNOWN,,,,,17,1789866000000,1789949220000
921959,20260569171_11,20260569171,D,DISPATCHED,A,CLEARED BY ARREST,Closed,141 141,36.137000000193275,-86.82299999960124,,,13,"HIGHWAY, ROAD, ALLEY",1,35A,DRUG FREE SCH.ZONE-CONT.SUB.-SCH. IV,,1,No,S,SOCIETY,,,,,,,,37205.0,,1789945200000,1789948320000
928856,20260569197_11,20260569197,D,DISPATCHED,O,OPEN,Open,GALLATIN AVE,36.20000000001247,-86.7399999999232,,,26,SPECIALTY STORE,1,23C,SHOPLIFTING,,1,No,B,BUSINESS,,,,,,,,,,1789947600000,1789948080000
921951,20260569128_11,20260569128,D,DISPATCHED,O,OPEN,Open,HAMPTON ST,36.209999999706326,-86.77999999963816,,,14,"HOTEL, MOTEL, ETC.",1,35B,DRUG PARAPHERNALIA- UNLAWFUL USE,NONE,1,No,S,SOCIETY,,,,,,,,,17,1789946880000,1789946880000
917832,20260569082_11,20260569082,D,DISPATCHED,O,OPEN,Open,PRINCESS,36.22000000011304,-86.85999999996638,,,22,"RESIDENCE, HOME",1,23F,BURGLARY- MOTOR VEHICLE,NONE,1,No,I,INDIVIDUAL (18 AND OVER),M,B,Non-Hispanic,RESIDENT,,,,,17,1789876800000,1789945440000
932788,20260569109_11,20260569109,D,DISPATCHED,O,OPEN,Open,GEORGIA AVE,36.159999999962295,-86.84000000010889,,,22,"RESIDENCE, HOME",1,240,VEHICLE THEFT,,1,No,I,INDIVIDUAL (18 AND OVER),F,W,Non-Hispanic,RESIDENT,,,,,,1789855200000,1789944900000
924836,20260568142_11,20260568142,D,DISPATCHED,A,CLEARED BY ARREST,Closed,123 123,36.16099999985248,-86.77500000012294,,,3,"BAR, NIGHT CLUB",1,90E,PUBLIC INTOXICATION,NONE,1,No,S,SOCIETY,,,,,,,,37201.0,17,1789888080000,1789942620000
931354,20260569187_11,20260569187,D,DISPATCHED,U,UNFOUNDED,Closed,2421 2421,36.110999999786046,-86.76700000035962,,,7,CONVENIENCE STORE,1,780,"RECOVERY, STOLEN PROPERTY",,1,No,B,BUSINESS,,,,,,,,37204.0,,1789942440000,1789942440000
932793,20260569050_11,20260569050,D,DISPATCHED,O,OPEN,Open,WHITE BRIDGE PIKE,36.129999999702626,-86.85000000003764,,,26,SPECIALTY STORE,1,23C,SHOPLIFTING,,1,No,B,BUSINESS,,,,,,,,,,1789938480000,1789942020000
924414,20260569020_11,20260569020,D,DISPATCHED,O,OPEN,Open,WAGGONER,36.15000000024567,-86.6399999997375,,,22,"RESIDENCE, HOME",1,290,DAMAGE PROP - PRIVATE,,1,No,I,INDIVIDUAL (18 AND OVER),M,W,Non-Hispanic,RESIDENT,,,,,,1789862400000,1789940700000
917840,20260568672_11,20260568672,D,DISPATCHED,O,OPEN,Open,JACKSON DOWNS BLVD,36.18000000021363,-86.62999999980876,,,8,"DEPARTMENT, DISCOUNT STORE",1,23C,SHOPLIFTING,NONE,1,No,B,BUSINESS,,,,,,,,,17,1789920000000,1789939200000
917846,20260568964_11,20260568964,D,DISPATCHED,O,OPEN,Open,GALLATIN AVE,36.19000000021294,-86.74999999985195,,,12,"GROCERY, SUPERMARKET",1,23C,"THEFT OF MERCHANDISE 5TH - $1,000 OR LESS",NONE,1,No,B,BUSINESS,,,,,,,,,17,1789919100000,1789939020000
917847,20260568985_11,20260568985,D,DISPATCHED,O,OPEN,Open,WHITE BRIDGE PIKE,36.129999999702626,-86.85000000003764,,,20,"PARKING LOT, GARAGE",1,23G,LARC - PARTS FROM VEH,NONE,1,No,I,INDIVIDUAL (18 AND OVER),M,W,Non-Hispanic,RESIDENT,,,,,17,1789935600000,1789938420000
917868,20260568954_11,20260568954,D,DISPATCHED,O,OPEN,Open,GALLATIN PIKE N,36.300000000312835,-86.69000000027951,,,8,"DEPARTMENT, DISCOUNT STORE",1,23C,SHOPLIFTING,NONE,1,No,B,BUSINESS,,,,,,,,,17,1789929960000,1789938240000
897882,20260568963_11,20260568963,D,DISPATCHED,U,UNFOUNDED,Closed,28 28,36.127999999830735,-86.85200000020306,,,20,"PARKING LOT, GARAGE",1,35B,DRUG PARAPHERNALIA- UNLAWFUL USE,NONE,1,No,S,SOCIETY,,,,,,,,37209.0,17,1789753080000,1789937700000
917871,20260568941_11,20260568941,D,DISPATCHED,O,OPEN,Open,GALLATIN AVE,36.19000000021294,-86.74999999985195,,,12,"GROCERY, SUPERMARKET",1,23C,"THEFT OF MERCHANDISE 5TH - $1,000 OR LESS",NONE,1,No,B,BUSINESS,,,,,,,,,17,1789929780000,1789937640000
924416,20260568936_11,20260568936,D,DISPATCHED,O,OPEN,Open,CENTRAL PIKE,36.19000000021294,-86.62999999980876,,,21,RENTAL STORAGE FACILITY,1,220,BURGL - FORCED ENTRY-NONRESID,,1,No,I,INDIVIDUAL (18 AND OVER),M,W,Hispanic,NON RESIDENT,,,,,,1789934400000,1789937400000
924421,20260568936_12,20260568936,D,DISPATCHED,O,OPEN,Open,CENTRAL PIKE,36.19000000021294,-86.62999999980876,,,21,RENTAL STORAGE FACILITY,1,220,BURGL - FORCED ENTRY-NONRESID,,2,No,B,BUSINESS,,,,,,,,,,1789934400000,1789937400000
932655,20260568915_11,20260568915,D,DISPATCHED,O,OPEN,Open,GALLATIN PIKE,36.209999999706326,-86.72999999999446,,,8,"DEPARTMENT, DISCOUNT STORE",1,23C,"THEFT OF MERCHANDISE- $1,000 OR LESS",PERSONAL (HANDS),1,No,B,BUSINESS,,,,,,,,,09,1789931220000,1789937400000
930363,20260568856_11,20260568856,D,DISPATCHED,U,UNFOUNDED,Closed,111 111,36.072999999667886,-86.92099999962153,,,22,"RESIDENCE, HOME",1,13B,SIMPLE ASSLT,PERSONAL (HANDS),1,Yes,I,INDIVIDUAL (18 AND OVER),M,W,Non-Hispanic,RESIDENT,,,,37221.0,09,1789932420000,1789936740000
925335,20260568917_11,20260568917,D,DISPATCHED,O,OPEN,Open,BROADWAY,36.159999999962295,-86.77999999963816,,,3,"BAR, NIGHT CLUB",1,23D,LARC - FROM BLDG,NONE,1,No,I,INDIVIDUAL (18 AND OVER),M,B,Non-Hispanic,NON RESIDENT,,,,,17,1789882200000,1789936680000
928211,20260568800_11,20260568800,D,DISPATCHED,U,UNFOUNDED,Closed,4825 4825,36.06199999992648,-86.68499999986597,,,22,"RESIDENCE, HOME",1,740,TRANSPORT,NONE,1,No,I,INDIVIDUAL (18 AND OVER),F,W,Non-Hispanic,RESIDENT,,,,37013.0,17,1789936560000,1789936560000
925347,20260568918_11,20260568918,D,DISPATCHED,O,OPEN,Open,PRINCESS LN,36.22000000011304,-86.85999999996638,,,22,"RESIDENCE, HOME",1,23F,BURGLARY- MOTOR VEHICLE,NONE,1,No,I,INDIVIDUAL (18 AND OVER),F,B,Non-Hispanic,RESIDENT,,,,,17,1789880460000,1789936320000
897820,20260568858_11,20260568858,T,,O,OPEN,Open,4TH AVE S,36.159999999962295,-86.76999999970943,,,17,LIQUOR STORE,1,23C,SHOPLIFTING,NONE,1,No,B,BUSINESS,,,,,,,,,17,1789930200000,1789935960000
929433,20260568882_11,20260568882,D,DISPATCHED,U,UNFOUNDED,Closed,461 461,36.23200000030522,-86.7899999995669,,,22,"RESIDENCE, HOME",1,685,DEATH NATURAL,NONE,1,No,I,INDIVIDUAL (18 AND OVER),M,B,Non-Hispanic,RESIDENT,,,,37207.0,17,1789880400000,1789935120000
919684,20260568845_11,20260568845,S,SUSPECT,O,OPEN,Open,CIMARRON,36.059999999965356,-86.68000000035076,,,22,"RESIDENCE, HOME",1,13B,SIMPLE ASSLT,PERSONAL (HANDS),1,Yes,I,INDIVIDUAL (18 AND OVER),F,W,Non-Hispanic,RESIDENT,,,,,09,1789932060000,1789935060000
932166,20260568855_11,20260568855,D,DISPATCHED,U,UNFOUNDED,Closed,301 301,36.15899999964666,-86.77400000004023,,,14,"HOTEL, MOTEL, ETC.",1,715,FOUND PROPERTY,NONE,1,No,I,INDIVIDUAL (18 AND OVER),U,U,Unknown,NON RESIDENT,,,,37201.0,17,1789920000000,1789934520000
932817,20260568885_11,20260568885,D,DISPATCHED,O,OPEN,Open,ROWAN DR,36.22000000011304,-86.81000000032267,,,22,"RESIDENCE, HOME",1,90Z,HARRASSMENT (NUISANCE),,1,No,I,INDIVIDUAL (18 AND OVER),F,B,Non-Hispanic,RESIDENT,,,,,,1789822380000,1789934460000
932818,20260568778_11,20260568778,S,SUSPECT,O,OPEN,Open,DICKERSON PIKE,36.25000000002025,-86.74999999985195,,,9,HOSPITAL,1,13B,SIMPLE ASSLT,PERSONAL (HANDS),1,No,I,INDIVIDUAL (18 AND OVER),M,W,Non-Hispanic,RESIDENT,,,,,09,1789928280000,1789933500000
923944,20260568836_11,20260568836,D,DISPATCHED,O,OPEN,Open,MUSIC SQ W,36.15000000024567,-86.7899999995669,,,90,APARTMENT,1,240,VEHICLE THEFT,PERSONAL (HANDS),1,No,I,INDIVIDUAL (18 AND OVER),M,W,Non-Hispanic,UNKNOWN,,,,,09,1789869600000,1789932960000
921963,20260568833_11,20260568833,D,DISPATCHED,P,PROSECUTION DECLINED,Closed,340 340,36.08699999974394,-86.69599999987742,,,20,"PARKING LOT, GARAGE",1,35B,DRUG PARAPHERNALIA- UNLAWFUL USE,NONE,1,No,S,SOCIETY,,,,,,,,37211.0,17,1789931160000,1789932600000
925353,20260568755_11,20260568755,D,DISPATCHED,O,OPEN,Open,SPENCE LN,36.13999999994927,-86.72000000006571,,,28,"OTHER, UNKNOWN",1,23H,"THEFT OF PROPERTY- $1,000 OR >  BUT < $10,000",NONE,1,No,I,INDIVIDUAL (18 AND OVER),F,W,Non-Hispanic,RESIDENT,,,,,17,1789926000000,1789932600000
901585,20260568684_11,20260568684,D,DISPATCHED,A,CLEARED BY ARREST,Closed,507 507,36.27800000002732,-86.67000000042204,,,22,"RESIDENCE, HOME",1,13B,SIMPLE ASSLT,PERSONAL (HANDS),1,Yes,I,INDIVIDUAL (18 AND OVER),F,W,Non-Hispanic,RESIDENT,,,,37138.0,09,1789912800000,1789932240000
930359,20260568822_11,20260568822,D,DISPATCHED,U,UNFOUNDED,Closed,8200 8200,36.07400000013588,-87.00899999971308,,,90,APARTMENT,1,740,POLICE INQUIRY,,1,No,I,INDIVIDUAL (18 AND OVER),F,B,Non-Hispanic,RESIDENT,,,,37221.0,,1789916400000,1789931820000
924425,20260568562_11,20260568562,D,DISPATCHED,O,OPEN,Open,BENTON AVE,36.129999999702626,-86.76999999970943,,,20,"PARKING LOT, GARAGE",1,290,"VANDALISM- $1,000 OR LESS",,1,No,I,INDIVIDUAL (18 AND OVER),F,B,Non-Hispanic,UNKNOWN,,,,,,1789902000000,1789930860000
924827,20260568795_11,20260568795,D,DISPATCHED,O,OPEN,Open,BASSWOOD,36.15000000024567,-86.88999999975259,,,22,"RESIDENCE, HOME",1,290,"VANDALISM- $1,000 OR LESS",PERSONAL (HANDS),1,No,I,INDIVIDUAL (18 AND OVER),F,W,Non-Hispanic,RESIDENT,,,,,09,1789920000000,1789930800000
915312,20260568773_11,20260568773,D,DISPATCHED,O,OPEN,Open,LAWRENCE,36.20000000001247,-86.84000000010889,,,90,APARTMENT,1,13C,ASSAULT- FEAR OF BODILY INJURY,,1,Yes,I,INDIVIDUAL (18 AND OVER),M,B,Non-Hispanic,RESIDENT,,,,,,1789922400000,1789930620000
917873,20260568764_11,20260568764,D,DISPATCHED,O,OPEN,Open,PETTUS RD,36.0200000001374,-86.65999999959497,,,53,School-Elementary/Secondary,1,23D,LARC - FROM BLDG,NONE,1,No,G,GOVERNMENT,,,,,,,,,17,1788984000000,1789927680000
923924,20260568705_11,20260568705,D,DISPATCHED,A,CLEARED BY ARREST,Closed,5605 5605,36.03299999980557,-86.57499999975153,,,22,"RESIDENCE, HOME",1,13A,INTENTIONAL AGGRAVATED ASSAULT,CLUB,1,Yes,I,INDIVIDUAL (18 AND OVER),M,B,Non-Hispanic,RESIDENT,,,,37013.0,07,1789923720000,1789926840000
929464,20260568677_11,20260568677,S,SUSPECT,O,OPEN,Open,COUNTESS ALY,36.25999999986106,-86.76999999970943,,,22,"RESIDENCE, HOME",1,13B,ASSAULT- OFFENSIVE OR PROVOCATIVE CONTACT,OTHER,1,Yes,I,INDIVIDUAL (18 AND OVER),M,W,Hispanic,RESIDENT,,,,,15,1789704000000,1789926780000
929466,20260568677_12,20260568677,S,SUSPECT,O,OPEN,Open,COUNTESS ALY,36.25999999986106,-86.76999999970943,,,22,"RESIDENCE, HOME",1,13B,ASSAULT- OFFENSIVE OR PROVOCATIVE CONTACT,OTHER,2,Yes,I,INDIVIDUAL (18 AND OVER),F,W,Non-Hispanic,RESIDENT,,,,,15,1789704000000,1789926780000
925357,20260568736_11,20260568736,D,DISPATCHED,O,OPEN,Open,8TH AVE S,36.12000000013524,-86.77999999963816,,,12,"GROCERY, SUPERMARKET",1,23D,LARC - FROM BLDG,NONE,1,No,I,INDIVIDUAL (18 AND OVER),F,B,Non-Hispanic,RESIDENT,,,,,17,1789913700000,1789926480000
923946,20260568742_11,20260568742,S,SUSPECT,O,OPEN,Open,REP JOHN LEWIS,36.159999999962295,-86.77999999963816,,,13,"HIGHWAY, ROAD, ALLEY",1,715,FOUND PROPERTY,NONE,1,No,I,INDIVIDUAL (18 AND OVER),F,U,Unknown,NON RESIDENT,,,,,17,1789926300000,1789926300000
925359,20260568722_11,20260568722,D,DISPATCHED,O,OPEN,Open,GALLATIN PIKE,36.209999999706326,-86.72999999999446,,,7,CONVENIENCE STORE,1,23C,"THEFT OF MERCHANDISE- $1,000 OR LESS",NONE,1,No,B,BUSINESS,,,,,,,,,17,1789920300000,1789926300000
924385,20260568597_11,20260568597,D,DISPATCHED,A,CLEARED BY ARREST,Closed,1630 1630,36.05200000017039,-86.6399999997375,,,20,"PARKING LOT, GARAGE",1,13B,SIMPLE ASSLT,PERSONAL (HANDS),1,Yes,I,INDIVIDUAL (18 AND OVER),M,B,Non-Hispanic,RESIDENT,,,,37013.0,09,1789926000000,1789926000000
924386,20260568597_21,20260568597,D,DISPATCHED,A,CLEARED BY ARREST,Closed,1630 1630,36.05200000017039,-86.6399999997375,,,20,"PARKING LOT, GARAGE",2,290,"VANDALISM- $1,000 OR LESS",OTHER,1,Yes,I,INDIVIDUAL (18 AND OVER),M,B,Non-Hispanic,RESIDENT,,,,37013.0,15,1789926000000,1789926000000
923952,20260568568_11,20260568568,S,SUSPECT,A,CLEARED BY ARREST,Closed,3701 3701,36.17699999991021,-86.6140000002821,,,13,"HIGHWAY, ROAD, ALLEY",1,13B,ASSAULT- OFFENSIVE OR PROVOCATIVE CONTACT,PERSONAL (HANDS),1,Yes,I,INDIVIDUAL (18 AND OVER),F,B,Non-Hispanic,RESIDENT,,,,37076.0,09,1789914600000,1789924440000
923954,20260568568_12,20260568568,S,SUSPECT,A,CLEARED BY ARREST,Closed,3701 3701,36.17699999991021,-86.6140000002821,,,13,"HIGHWAY, ROAD, ALLEY",1,13B,ASSAULT- OFFENSIVE OR PROVOCATIVE CONTACT,PERSONAL (HANDS),2,Yes,I,INDIVIDUAL (18 AND OVER),M,B,Unknown,RESIDENT,,,,37076.0,09,1789914600000,1789924440000
924664,20260568641_11,20260568641,T,,O,OPEN,Open,HICKORY CLUB DR,36.05000000025906,-86.6399999997375,,,20,"PARKING LOT, GARAGE",1,23F,BURGLARY - MOTOR VEHICLE,Unarmed,1,No,I,INDIVIDUAL (18 AND OVER),M,W,Hispanic,RESIDENT,,,,,16,1789902000000,1789924320000
929459,20260568479_11,20260568479,D,DISPATCHED,O,OPEN,Open,BRITTANY PARK DR,36.05000000025906,-86.68000000035076,,,22,"RESIDENCE, HOME",1,13B,SIMPLE ASSLT - STRANGULATION (NO LOSS OF CONSCIOUSNESS),PERSONAL (HANDS),1,Yes,I,INDIVIDUAL (18 AND OVER),F,B,Non-Hispanic,RESIDENT,,,,,09,1789898400000,1789924320000
929461,20260568479_21,20260568479,D,DISPATCHED,O,OPEN,Open,BRITTANY PARK DR,36.05000000025906,-86.68000000035076,,,22,"RESIDENCE, HOME",2,290,"VANDALISM- $1,000 OR LESS",PERSONAL (HANDS),1,Yes,I,INDIVIDUAL (18 AND OVER),F,B,Non-Hispanic,RESIDENT,,,,,09,1789898400000,1789924320000
925362,20260568693_11,20260568693,D,DISPATCHED,O,OPEN,Open,HICKORY CLUB DR,36.05000000025906,-86.6399999997375,,,90,APARTMENT,1,23F,BURGLARY- MOTOR VEHICLE,Unarmed,1,No,I,INDIVIDUAL (18 AND OVER),M,W,Hispanic,RESIDENT,,,,,16,1789768800000,1789924260000
929454,20260568551_11,20260568551,D,DISPATCHED,O,OPEN,Open,4TH AVE N,36.16999999991994,-86.77999999963816,,,13,"HIGHWAY, ROAD, ALLEY",1,13B,ASSAULT- OFFENSIVE OR PROVOCATIVE CONTACT,PERSONAL (HANDS),1,Yes,I,INDIVIDUAL (18 AND OVER),M,B,Non-Hispanic,RESIDENT,,,,,09,1789915200000,1789923180000
928206,20260568650_11,20260568650,D,DISPATCHED,O,OPEN,Open,PRINCESS LN,36.22000000011304,-86.85999999996638,,,22,"RESIDENCE, HOME",1,290,"VANDALISM- $1,000 OR LESS",OTHER,1,No,I,INDIVIDUAL (18 AND OVER),M,B,Non-Hispanic,UNKNOWN,,,,,15,1789897800000,1789922940000
928207,20260568650_21,20260568650,D,DISPATCHED,O,OPEN,Open,PRINCESS LN,36.22000000011304,-86.85999999996638,,,22,"RESIDENCE, HOME",2,23F,BURGLARY- MOTOR VEHICLE,NONE,1,No,I,INDIVIDUAL (18 AND OVER),M,B,Non-Hispanic,UNKNOWN,,,,,17,1789897800000,1789922940000
897892,20260568581_11,20260568581,D,DISPATCHED,O,OPEN,Open,MUSIC VALLEY,36.229999999876554,-86.70000000020825,,,42,Camp/Campground,1,13A,AGGRAV ASSLT - FAMILY-GUN,HANDGUN,1,No,I,INDIVIDUAL (18 AND OVER),M,B,Non-Hispanic,NON RESIDENT,,,,,01,1789916400000,1789922400000
897894,20260568581_22,20260568581,D,DISPATCHED,O,OPEN,Open,MUSIC VALLEY,36.229999999876554,-86.70000000020825,,,42,Camp/Campground,2,520,CARRYING CONCEALED WEAPON,HANDGUN,2,No,S,SOCIETY,,,,,,,,,01,1789916400000,1789922400000
917876,20260568613_11,20260568613,D,DISPATCHED,O,OPEN,Open,LEA,36.15000000024567,-86.76999999970943,,,13,"HIGHWAY, ROAD, ALLEY",1,23H,"THEFT OF PROPERTY- $1,000 OR >  BUT < $10,000",NONE,1,No,I,INDIVIDUAL (18 AND OVER),M,W,Non-Hispanic,RESIDENT,,,,,17,1789887600000,1789922160000
929438,20260568664_11,20260568664,D,DISPATCHED,O,OPEN,Open,WEDGEWOOD AVE,36.13999999994927,-86.7899999995669,,,90,APARTMENT,1,23D,LARC - FROM BLDG,NONE,1,No,I,INDIVIDUAL (18 AND OVER),F,B,Non-Hispanic,RESIDENT,,,,,17,1787922000000,1789922100000
925356,20260568623_11,20260568623,D,DISPATCHED,O,OPEN,Open,OPRY MILLS DR,36.209999999706326,-86.69000000027951,,,26,SPECIALTY STORE,1,23C,"THEFT OF MERCHANDISE- $1,000 OR LESS",NONE,1,No,B,BUSINESS,,,,,,,,,17,1789860600000,1789920840000
923948,20260568576_11,20260568576,D,DISPATCHED,U,UNFOUNDED,Closed,3008 3008,36.15899999964666,-86.82399999968392,,,22,"RESIDENCE, HOME",1,780,"RECOVERY, STOLEN PROPERTY",NONE,1,No,I,INDIVIDUAL (18 AND OVER),F,U,Unknown,RESIDENT,,,,37209.0,17,1789920720000,1789920720000
917878,20260568592_11,20260568592,D,DISPATCHED,U,UNFOUNDED,Closed,107 107,36.16099999985248,-86.77700000028835,,,3,"BAR, NIGHT CLUB",1,810,LOST PROPERTY,NONE,1,No,I,INDIVIDUAL (18 AND OVER),F,A,Non-Hispanic,UNKNOWN,,,,37219.0,17,1789880400000,1789920120000
917880,20260568545_11,20260568545,D,DISPATCHED,O,OPEN,Open,LYNNWOOD BLVD,36.080000000195604,-86.85000000003764,,,22,"RESIDENCE, HOME",1,23F,BURGLARY- MOTOR VEHICLE,Unarmed,1,No,I,INDIVIDUAL (18 AND OVER),F,W,Non-Hispanic,RESIDENT,,,,,16,1789864200000,1789919400000
917884,20260568540_11,20260568540,D,DISPATCHED,O,OPEN,Open,OLD HICKORY BLVD,36.16999999991994,-86.60000000002253,,,25,"SERVICE, GAS STATION",1,23C,SHOPLIFTING,NONE,1,No,B,BUSINESS,,,,,,,,,17,1789761600000,1789918140000
917902,20260568572_11,20260568572,D,DISPATCHED,O,OPEN,Open,MURFREESBORO PIKE,36.12000000013524,-86.70000000020825,,,90,APARTMENT,1,23D,LARC - FROM BLDG,NONE,1,No,I,INDIVIDUAL (18 AND OVER),F,W,Non-Hispanic,UNKNOWN,,,,,17,1789837200000,1789917780000
917930,20260568525_11,20260568525,D,DISPATCHED,A,CLEARED BY ARREST,Closed,129 129,36.13999999994927,-86.75500000026547,,,20,"PARKING LOT, GARAGE",1,240,VEHICLE THEFT,NONE,1,No,I,INDIVIDUAL (18 AND OVER),M,W,Non-Hispanic,NON RESIDENT,,,,37210.0,17,1789912800000,1789917660000
917911,20260568555_11,20260568555,D,DISPATCHED,O,OPEN,Open,NAUTILUS DR,36.080000000195604,-86.60999999995128,,,22,"RESIDENCE, HOME",1,23F,BURGLARY- MOTOR VEHICLE,NONE,1,No,I,INDIVIDUAL (18 AND OVER),F,W,Unknown,RESIDENT,,,,,17,1789862400000,1789917420000
917905,20260568712_11,20260568712,D,DISPATCHED,O,OPEN,Open,STINSON RD,36.16999999991994,-86.68000000035076,,,22,"RESIDENCE, HOME",1,23D,LARC - FROM BLDG,NONE,1,Yes,I,INDIVIDUAL (18 AND OVER),F,W,Non-Hispanic,RESIDENT,,,,,17,1789913760000,1789917000000
932241,20260568466_11,20260568466,S,SUSPECT,O,OPEN,Open,DONELSONWOOD DR,36.16999999991994,-86.65999999959497,,,22,"RESIDENCE, HOME",1,26A,FRAUD - SWINDLE,PERSONAL (HANDS),1,No,I,INDIVIDUAL (18 AND OVER),F,W,Non-Hispanic,RESIDENT,,,,,09,1788184800000,1789915860000
918671,20260568454_11,20260568454,D,DISPATCHED,O,OPEN,Open,BROADWAY,36.159999999962295,-86.77999999963816,,,13,"HIGHWAY, ROAD, ALLEY",1,120,ROBBERY,PERSONAL (HANDS),1,No,I,INDIVIDUAL (18 AND OVER),M,W,Non-Hispanic,RESIDENT,,,,,09,1789882200000,1789914600000
918672,20260568454_21,20260568454,D,DISPATCHED,O,OPEN,Open,BROADWAY,36.159999999962295,-86.77999999963816,,,3,"BAR, NIGHT CLUB",2,100,"KIDNAPPING, CRIMINAL ATTEMPT",PERSONAL (HANDS),1,No,I,INDIVIDUAL (18 AND OVER),M,W,Non-Hispanic,RESIDENT,,,,,09,1789882200000,1789914600000
924863,20260567952_11,20260567952,D,DISPATCHED,U,UNFOUNDED,Closed,3110 3110,36.1420000001408,-86.64099999982021,,,90,APARTMENT,1,740,POLICE INQUIRY,NONE,1,No,I,INDIVIDUAL (18 AND OVER),F,B,Non-Hispanic,RESIDENT,,,,37214.0,17,1790053260000,1789913220000
893002,20260568486_11,20260568486,T,,O,OPEN,Open,OTTER CREEK,36.06999999966938,-86.84000000010889,,,22,"RESIDENCE, HOME",1,23F,BURGLARY- MOTOR VEHICLE,CLUB,1,No,I,INDIVIDUAL (18 AND OVER),M,W,Non-Hispanic,UNKNOWN,,,,,07,1789871400000,1789912620000
897860,20260568456_11,20260568456,D,DISPATCHED,O,OPEN,Open,STARBOARD CT,36.090000000189825,-86.60999999995128,,,22,"RESIDENCE, HOME",1,23F,BURGLARY- MOTOR VEHICLE,Unarmed,1,No,I,INDIVIDUAL (18 AND OVER),M,W,Hispanic,RESIDENT,,,,,16,1789873200000,1789912140000
928406,20260568354_11,20260568354,D,DISPATCHED,O,OPEN,Open,JUNE DR,36.16999999991994,-86.70000000020825,,,7,CONVENIENCE STORE,1,26B,"CREDIT CARD, FRAUDULENT USE - $1,000 OR LESS",PERSONAL (HANDS),1,No,B,BUSINESS,,,,,,,,,09,1789394400000,1789911480000
928410,20260568354_12,20260568354,D,DISPATCHED,O,OPEN,Open,JUNE DR,36.16999999991994,-86.70000000020825,,,7,CONVENIENCE STORE,1,26B,"CREDIT CARD, FRAUDULENT USE - $1,000 OR LESS",PERSONAL (HANDS),2,No,B,BUSINESS,,,,,,,,,09,1789394400000,1789911480000
928415,20260568354_13,20260568354,D,DISPATCHED,O,OPEN,Open,JUNE DR,36.16999999991994,-86.70000000020825,,,7,CONVENIENCE STORE,1,26B,"CREDIT CARD, FRAUDULENT USE - $1,000 OR LESS",PERSONAL (HANDS),3,No,B,BUSINESS,,,,,,,,,09,1789394400000,1789911480000
928419,20260568354_14,20260568354,D,DISPATCHED,O,OPEN,Open,JUNE DR,36.16999999991994,-86.70000000020825,,,7,CONVENIENCE STORE,1,26B,"CREDIT CARD, FRAUDULENT USE - $1,000 OR LESS",PERSONAL (HANDS),4,No,B,BUSINESS,,,,,,,,,09,1789394400000,1789911480000
928423,20260568354_15,20260568354,D,DISPATCHED,O,OPEN,Open,JUNE DR,36.16999999991994,-86.70000000020825,,,7,CONVENIENCE STORE,1,26B,"CREDIT CARD, FRAUDULENT USE - $1,000 OR LESS",PERSONAL (HANDS),5,No,B,BUSINESS,,,,,,,,,09,1789394400000,1789911480000
928427,20260568354_16,20260568354,D,DISPATCHED,O,OPEN,Open,JUNE DR,36.16999999991994,-86.70000000020825,,,7,CONVENIENCE STORE,1,26B,"CREDIT CARD, FRAUDULENT USE - $1,000 OR LESS",PERSONAL (HANDS),6,No,B,BUSINESS,,,,,,,,,09,1789394400000,1789911480000
928826,20260568354_17,20260568354,D,DISPATCHED,O,OPEN,Open,JUNE DR,36.16999999991994,-86.70000000020825,,,7,CONVENIENCE STORE,1,26B,"CREDIT CARD, FRAUDULENT USE - $1,000 OR LESS",PERSONAL (HANDS),7,No,B,BUSINESS,,,,,,,,,09,1789394400000,1789911480000
928829,20260568354_18,20260568354,D,DISPATCHED,O,OPEN,Open,JUNE DR,36.16999999991994,-86.70000000020825,,,7,CONVENIENCE STORE,1,26B,"CREDIT CARD, FRAUDULENT USE - $1,000 OR LESS",PERSONAL (HANDS),8,No,B,BUSINESS,,,,,,,,,09,1789394400000,1789911480000
928831,20260568354_19,20260568354,D,DISPATCHED,O,OPEN,Open,JUNE DR,36.16999999991994,-86.70000000020825,,,7,CONVENIENCE STORE,1,26B,"CREDIT CARD, FRAUDULENT USE - $1,000 OR LESS",PERSONAL (HANDS),9,No,B,BUSINESS,,,,,,,,,09,1789394400000,1789911480000
928834,20260568354_110,20260568354,D,DISPATCHED,O,OPEN,Open,JUNE DR,36.16999999991994,-86.70000000020825,,,7,CONVENIENCE STORE,1,26B,"CREDIT CARD, FRAUDULENT USE - $1,000 OR LESS",PERSONAL (HANDS),10,No,B,BUSINESS,,,,,,,,,09,1789394400000,1789911480000
932276,20260568347_11,20260568347,D,DISPATCHED,O,OPEN,Open,DONELSON,36.15000000024567,-86.67000000042204,,,20,"PARKING LOT, GARAGE",1,240,VEHICLE THEFT,PERSONAL (HANDS),1,No,I,INDIVIDUAL (18 AND OVER),F,B,Non-Hispanic,RESIDENT,,,,,09,1789884600000,1789910640000
932277,20260568347_12,20260568347,D,DISPATCHED,O,OPEN,Open,DONELSON,36.15000000024567,-86.67000000042204,,,20,"PARKING LOT, GARAGE",1,240,VEHICLE THEFT,PERSONAL (HANDS),2,No,I,INDIVIDUAL (18 AND OVER),F,B,Non-Hispanic,RESIDENT,,,,,09,1789884600000,1789910640000
931718,20260568314_11,20260568314,S,SUSPECT,A,CLEARED BY ARREST,Closed,420 420,36.08800000003139,-86.69599999987742,,,14,"HOTEL, MOTEL, ETC.",1,35A,POSSESSION OF A CONTROLLED SUBSTANCE,NONE,1,No,S,SOCIETY,,,,,,,,37211.0,17,1789442040000,1789910160000
931721,20260568314_21,20260568314,S,SUSPECT,A,CLEARED BY ARREST,Closed,420 420,36.08800000003139,-86.69599999987742,,,14,"HOTEL, MOTEL, ETC.",2,35B,DRUG PARAPHERNALIA- UNLAWFUL USE,NONE,1,No,S,SOCIETY,,,,,,,,37211.0,17,1789442040000,1789910160000
917821,20260568446_11,20260568446,D,DISPATCHED,O,OPEN,Open,HARDING PL,36.090000000189825,-86.69000000027951,,,20,"PARKING LOT, GARAGE",1,23F,BURGLARY- MOTOR VEHICLE,NONE,1,No,I,INDIVIDUAL (18 AND OVER),F,W,Non-Hispanic,NON RESIDENT,,,,,17,1789902000000,1789909800000
928319,20260568412_11,20260568412,D,DISPATCHED,U,UNFOUNDED,Closed,607 607,36.18199999967715,-86.75999999978066,,,28,"OTHER, UNKNOWN",1,685,DEATH NATURAL,NONE,1,No,I,INDIVIDUAL (18 AND OVER),M,B,Non-Hispanic,RESIDENT,,,,37206.0,17,1789907220000,1789909800000
931384,20260568385_11,20260568385,D,DISPATCHED,O,OPEN,Open,HAMILTON CROSSINGS DR,36.06999999966938,-86.6399999997375,,,3,"BAR, NIGHT CLUB",1,13B,ASSAULT- OFFENSIVE OR PROVOCATIVE CONTACT,PERSONAL (HANDS),1,No,I,INDIVIDUAL (18 AND OVER),F,B,Non-Hispanic,RESIDENT,,,,,09,1789790400000,1789908600000
897484,20260568336_11,20260568336,D,DISPATCHED,O,OPEN,Open,MILLWOOD,36.129999999702626,-86.71000000013699,,,20,"PARKING LOT, GARAGE",1,240,VEHICLE THEFT,Unarmed,1,No,I,INDIVIDUAL (18 AND OVER),M,W,Hispanic,RESIDENT,,,,,16,1789795680000,1789908240000
895251,20260568396_11,20260568396,D,DISPATCHED,A,CLEARED BY ARREST,Closed,505 505,36.1629999998043,-86.77999999963816,,,22,"RESIDENCE, HOME",1,13B,SIMPLE ASSLT,PERSONAL (HANDS),1,Yes,I,INDIVIDUAL (18 AND OVER),F,W,Non-Hispanic,UNKNOWN,,,,37219.0,09,1789905600000,1789908060000
931275,20260568343_22,20260568343,D,DISPATCHED,O,OPEN,Open,LENORE,36.16999999991994,-86.74999999985195,,,22,"RESIDENCE, HOME",2,13A,"Assault, Aggravated - Deadly Weapon - Int/Kn",HANDGUN,2,No,I,INDIVIDUAL (18 AND OVER),F,B,Non-Hispanic,RESIDENT,,,,,01,1789903560000,1789907880000
931278,20260568343_33,20260568343,D,DISPATCHED,O,OPEN,Open,LENORE,36.16999999991994,-86.74999999985195,,,22,"RESIDENCE, HOME",3,520,"WEAPON OFFENSE, CRIMINAL ATTEMPT",HANDGUN,3,No,S,SOCIETY,,,,,,,,,01,1789903560000,1789907880000
921756,20260568411_11,20260568411,D,DISPATCHED,O,OPEN,Open,SEIFRIED ST,36.18000000021363,-86.81000000032267,,,22,"RESIDENCE, HOME",1,290,"VANDALISM- $1,000 OR LESS",OTHER FIREARM,1,No,I,INDIVIDUAL (18 AND OVER),F,U,Unknown,RESIDENT,,,,,05,1789903800000,1789907340000
932280,20260568309_11,20260568309,D,DISPATCHED,O,OPEN,Open,GREAT CIRCLE RD,36.20000000001247,-86.7899999995669,,,22,"RESIDENCE, HOME",1,90Z,HARRASSMENT (NUISANCE),NONE,1,Yes,I,INDIVIDUAL (18 AND OVER),F,B,Non-Hispanic,RESIDENT,,,,,17,1789733280000,1789906080000
928320,20260568280_11,20260568280,D,DISPATCHED,U,UNFOUNDED,Closed,291 291,36.085999999802475,-86.71100000021968,,,22,"RESIDENCE, HOME",1,740,TRANSPORT,NONE,1,No,I,INDIVIDUAL (18 AND OVER),M,W,Non-Hispanic,UNKNOWN,,,,37211.0,17,1789890000000,1789905600000
932275,20260568308_11,20260568308,D,DISPATCHED,O,OPEN,Open,DOLLY,36.029999999717916,-86.57000000023632,,,13,"HIGHWAY, ROAD, ALLEY",1,13B,ASSAULT- OFFENSIVE OR PROVOCATIVE CONTACT,PERSONAL (HANDS),1,Yes,I,INDIVIDUAL (18 AND OVER),F,W,Hispanic,UNKNOWN,,,,,09,1789898100000,1789905240000
923920,20260568016_11,20260568016,D,DISPATCHED,A,CLEARED BY ARREST,Closed,2715 2715,36.22000000011304,-86.80399999982646,,,22,"RESIDENCE, HOME",1,13A,"Assault, Aggravated - Deadly Weapon - Int/Kn",LETHAL/CUTTING INSTRUMENT,1,Yes,I,INDIVIDUAL (18 AND OVER),F,B,Non-Hispanic,RESIDENT,,,,37207.0,06,1789904820000,1789904820000
923921,20260568016_12,20260568016,D,DISPATCHED,A,CLEARED BY ARREST,Closed,2715 2715,36.22000000011304,-86.80399999982646,,,22,"RESIDENCE, HOME",1,13A,"Assault, Aggravated - Deadly Weapon - Int/Kn",LETHAL/CUTTING INSTRUMENT,2,Yes,I,INDIVIDUAL (18 AND OVER),M,B,Non-Hispanic,RESIDENT,,,,37207.0,06,1789904820000,1789904820000
923922,20260568016_13,20260568016,D,DISPATCHED,A,CLEARED BY ARREST,Closed,2715 2715,36.22000000011304,-86.80399999982646,,,22,"RESIDENCE, HOME",1,13A,"Assault, Aggravated - Deadly Weapon - Int/Kn",LETHAL/CUTTING INSTRUMENT,3,No,I,INDIVIDUAL (18 AND OVER),M,B,Non-Hispanic,RESIDENT,,,,37207.0,06,1789904820000,1789904820000
923950,20260567710_11,20260567710,D,DISPATCHED,O,OPEN,Open,RAMSTONE WAY,36.01000000015755,-86.64999999966624,,,22,"RESIDENCE, HOME",1,13B,SIMPLE ASSLT,PERSONAL (HANDS),1,No,I,INDIVIDUAL (18 AND OVER),M,B,Non-Hispanic,RESIDENT,,,,,09,1789872000000,1789904760000
895268,20260567852_11,20260567852,D,DISPATCHED,O,OPEN,Open,SHORELINE CIR,36.05000000025906,-86.59000000009381,,,22,"RESIDENCE, HOME",1,26A,FRAUD - SWINDLE,NONE,1,No,F,FINANCIAL INSTITUTION,,,,,,,,,17,1789776000000,1789904460000
923942,20260567964_11,20260567964,D,DISPATCHED,O,OPEN,Open,LONGHUNTER,36.090000000189825,-86.6399999997375,,,20,"PARKING LOT, GARAGE",1,13B,ASSAULT- OFFENSIVE OR PROVOCATIVE CONTACT,PERSONAL (HANDS),1,Yes,I,INDIVIDUAL (18 AND OVER),F,B,Non-Hispanic,UNKNOWN,,,,,09,1789879200000,1789904340000
932158,20260568187_11,20260568187,D,DISPATCHED,O,OPEN,Open,FACTORY,36.13999999994927,-86.75999999978066,,,22,"RESIDENCE, HOME",1,13A,INTENTIONAL AGGRAVATED ASSAULT,LETHAL/CUTTING INSTRUMENT,1,Yes,I,INDIVIDUAL (18 AND OVER),F,W,Non-Hispanic,NON RESIDENT,,,,,06,1789887600000,1789902960000
932159,20260568187_12,20260568187,D,DISPATCHED,O,OPEN,Open,FACTORY,36.13999999994927,-86.75999999978066,,,22,"RESIDENCE, HOME",1,13A,INTENTIONAL AGGRAVATED ASSAULT,LETHAL/CUTTING INSTRUMENT,2,No,I,INDIVIDUAL (18 AND OVER),M,W,Non-Hispanic,NON RESIDENT,,,,,06,1789887600000,1789902960000
932160,20260568187_13,20260568187,D,DISPATCHED,O,OPEN,Open,FACTORY,36.13999999994927,-86.75999999978066,,,22,"RESIDENCE, HOME",1,13A,INTENTIONAL AGGRAVATED ASSAULT,LETHAL/CUTTING INSTRUMENT,3,No,I,INDIVIDUAL (18 AND OVER),F,W,Non-Hispanic,NON RESIDENT,,,,,06,1789887600000,1789902960000
932161,20260568187_14,20260568187,D,DISPATCHED,O,OPEN,Open,FACTORY,36.13999999994927,-86.75999999978066,,,22,"RESIDENCE, HOME",1,13A,INTENTIONAL AGGRAVATED ASSAULT,LETHAL/CUTTING INSTRUMENT,4,No,I,INDIVIDUAL (18 AND OVER),M,W,Hispanic,NON RESIDENT,,,,,06,1789887600000,1789902960000
931368,20260568227_11,20260568227,D,DISPATCHED,O,OPEN,Open,BEN ALLEN,36.229999999876554,-86.74999999985195,,,20,"PARKING LOT, GARAGE",1,13A,"Assault, Aggravated - Strangulation - Int/Kn",PERSONAL (HANDS),1,Yes,I,INDIVIDUAL (18 AND OVER),F,B,Non-Hispanic,RESIDENT,,,,,09,1789892700000,1789900080000
931370,20260568227_21,20260568227,D,DISPATCHED,O,OPEN,Open,BEN ALLEN,36.229999999876554,-86.74999999985195,,,20,"PARKING LOT, GARAGE",2,290,"COMPUTER VIOLATION, DAMAGE - $1,000 OR LESS",PERSONAL (HANDS),1,Yes,I,INDIVIDUAL (18 AND OVER),F,B,Non-Hispanic,RESIDENT,,,,,09,1789892700000,1789900080000
931365,20260568293_11,20260568293,D,DISPATCHED,O,OPEN,Open,CHARLOTTE,36.13999999994927,-86.86999999989513,,,3,"BAR, NIGHT CLUB",1,13B,SIMPLE ASSLT,PERSONAL (HANDS),1,No,I,INDIVIDUAL (18 AND OVER),F,I,Non-Hispanic,RESIDENT,,,,,09,1789896600000,1789899780000
893958,20260568231_11,20260568231,D,DISPATCHED,O,OPEN,Open,MURFREESBORO PIKE,36.129999999702626,-86.71000000013699,,,7,CONVENIENCE STORE,1,23C,"THEFT OF MERCHANDISE- $1,000 OR LESS",NONE,1,No,B,BUSINESS,,,,,,,,,17,1789891200000,1789897920000
893962,20260568231_22,20260568231,D,DISPATCHED,O,OPEN,Open,MURFREESBORO PIKE,36.129999999702626,-86.71000000013699,,,7,CONVENIENCE STORE,2,13C,ASSAULT- FEAR OF BODILY INJURY,,2,No,I,INDIVIDUAL (18 AND OVER),M,W,Non-Hispanic,RESIDENT,,,,,,1789891200000,1789897920000
931362,20260568162_11,20260568162,D,DISPATCHED,A,CLEARED BY ARREST,Closed,706 706,36.183000000200536,-86.76899999962671,,,22,"RESIDENCE, HOME",1,13A,INTENTIONAL AGGRAVATED ASSAULT,LETHAL/CUTTING INSTRUMENT,1,Yes,I,INDIVIDUAL (18 AND OVER),F,W,Non-Hispanic,RESIDENT,,,,37207.0,06,1789888800000,1789897680000
932284,20260568173_11,20260568173,D,DISPATCHED,O,OPEN,Open,17TH AVE S,36.15000000024567,-86.7899999995669,,,20,"PARKING LOT, GARAGE",1,240,VEHICLE THEFT,NONE,1,No,I,INDIVIDUAL (18 AND OVER),F,B,Non-Hispanic,UNKNOWN,,,,,17,1789888800000,1789894980000
895001,20260568213_11,20260568213,D,DISPATCHED,O,OPEN,Open,6TH AVE S,36.159999999962295,-86.77999999963816,,,13,"HIGHWAY, ROAD, ALLEY",1,13B,ASSAULT- OFFENSIVE OR PROVOCATIVE CONTACT,PERSONAL (HANDS),1,No,I,INDIVIDUAL (18 AND OVER),F,B,Non-Hispanic,RESIDENT,,,,,09,1789891980000,1789894560000
895004,20260568213_12,20260568213,D,DISPATCHED,O,OPEN,Open,6TH AVE S,36.159999999962295,-86.77999999963816,,,13,"HIGHWAY, ROAD, ALLEY",1,13B,ASSAULT- OFFENSIVE OR PROVOCATIVE CONTACT,PERSONAL (HANDS),2,No,I,INDIVIDUAL (18 AND OVER),F,B,Non-Hispanic,NON RESIDENT,,,,,09,1789891980000,1789894560000
895007,20260568213_13,20260568213,D,DISPATCHED,O,OPEN,Open,6TH AVE S,36.159999999962295,-86.77999999963816,,,13,"HIGHWAY, ROAD, ALLEY",1,13B,ASSAULT- OFFENSIVE OR PROVOCATIVE CONTACT,PERSONAL (HANDS),3,No,I,INDIVIDUAL (18 AND OVER),F,W,Non-Hispanic,NON RESIDENT,,,,,09,1789891980000,1789894560000
897874,20260568195_11,20260568195,D,DISPATCHED,O,OPEN,Open,HART ST,36.13999999994927,-86.75999999978066,,,13,"HIGHWAY, ROAD, ALLEY",1,23H,LARC - BICYCLE,NONE,1,No,I,INDIVIDUAL (18 AND OVER),M,W,Non-Hispanic,UNKNOWN,,,,,17,1789889580000,1789894020000
894997,20260568180_11,20260568180,D,DISPATCHED,O,OPEN,Open,ANTIOCH,36.099999999750025,-86.72000000006571,,,90,APARTMENT,1,13A,INTENTIONAL AGGRAVATED ASSAULT,LETHAL/CUTTING INSTRUMENT,1,No,I,INDIVIDUAL (18 AND OVER),M,W,Hispanic,RESIDENT,,,,,06,1789889700000,1789893300000
894989,20260568012_11,20260568012,D,DISPATCHED,A,CLEARED BY ARREST,Closed,402 402,36.14699999988796,-86.79900000031124,,,13,"HIGHWAY, ROAD, ALLEY",1,13B,SIMPLE ASSLT - STRANGULATION (NO LOSS OF CONSCIOUSNESS),PERSONAL (HANDS),1,Yes,I,INDIVIDUAL (18 AND OVER),F,B,Non-Hispanic,UNKNOWN,,,,37212.0,09,1789880820000,1789893000000
894992,20260568012_21,20260568012,D,DISPATCHED,A,CLEARED BY ARREST,Closed,402 402,36.14699999988796,-86.79900000031124,,,13,"HIGHWAY, ROAD, ALLEY",2,290,"VANDALISM- >$1,000 BUT < $2,500",PERSONAL (HANDS),1,Yes,I,INDIVIDUAL (18 AND OVER),F,B,Non-Hispanic,UNKNOWN,,,,37212.0,09,1789880820000,1789893000000
923958,20260568105_11,20260568105,D,DISPATCHED,O,OPEN,Open,,,,,,20,"PARKING LOT, GARAGE",1,23F,BURGLARY- MOTOR VEHICLE,NONE,1,No,I,INDIVIDUAL (18 AND OVER),F,W,Non-Hispanic,RESIDENT,,,,,17,1789833600000,1789891680000
923960,20260568105_12,20260568105,D,DISPATCHED,O,OPEN,Open,,,,,,20,"PARKING LOT, GARAGE",1,23F,BURGLARY- MOTOR VEHICLE,NONE,2,No,I,INDIVIDUAL (18 AND OVER),F,W,Non-Hispanic,RESIDENT,,,,,17,1789833600000,1789891680000
923963,20260568105_13,20260568105,D,DISPATCHED,O,OPEN,Open,,,,,,20,"PARKING LOT, GARAGE",1,23F,BURGLARY- MOTOR VEHICLE,NONE,3,No,I,INDIVIDUAL (18 AND OVER),M,W,Hispanic,RESIDENT,,,,,17,1789833600000,1789891680000
894982,20260568177_11,20260568177,D,DISPATCHED,A,CLEARED BY ARREST,Closed,202 202,36.25599999995099,-86.71300000038511,,,22,"RESIDENCE, HOME",1,13B,SIMPLE ASSLT - STRANGULATION (NO LOSS OF CONSCIOUSNESS),PERSONAL (HANDS),1,Yes,I,INDIVIDUAL (18 AND OVER),F,W,Non-Hispanic,RESIDENT,,,,37115.0,09,1789889400000,1789891320000
927492,20260567857_11,20260567857,D,DISPATCHED,A,CLEARED BY ARREST,Closed,5764 5764,36.17299999992894,-86.60200000018794,,,7,CONVENIENCE STORE,1,23H,"THEFT OF PROPERTY->$1,000 BUT <$2,500",NONE,1,No,I,INDIVIDUAL (18 AND OVER),F,W,Non-Hispanic,RESIDENT,,,,37076.0,17,1789863900000,1789890360000
894977,20260568078_11,20260568078,D,DISPATCHED,O,OPEN,Open,CANNON ST,36.15000000024567,-86.75999999978066,,,13,"HIGHWAY, ROAD, ALLEY",1,13B,SIMPLE ASSLT,PERSONAL (HANDS),1,No,I,INDIVIDUAL (18 AND OVER),M,B,Non-Hispanic,RESIDENT,,,,,09,1789883700000,1789889640000
923875,20260567788_11,20260567788,D,DISPATCHED,O,OPEN,Open,TUSCULUM RD,36.059999999965356,-86.72000000006571,,,20,"PARKING LOT, GARAGE",1,290,"VANDALISM- >$1,000 BUT < $2,500",LETHAL/CUTTING INSTRUMENT,1,No,I,INDIVIDUAL (18 AND OVER),F,B,Non-Hispanic,RESIDENT,,,,,06,1789873200000,1789888800000
923876,20260567788_22,20260567788,D,DISPATCHED,O,OPEN,Open,TUSCULUM RD,36.059999999965356,-86.72000000006571,,,20,"PARKING LOT, GARAGE",2,13B,SIMPLE ASSLT,PERSONAL (HANDS),2,No,I,INDIVIDUAL (18 AND OVER),F,B,Non-Hispanic,RESIDENT,,,,,09,1789873200000,1789888800000
893902,20260568118_11,20260568118,S,SUSPECT,O,OPEN,Open,GLEAVES ST,36.300000000312835,-86.70000000020825,,,3,"BAR, NIGHT CLUB",1,13B,ASSAULT- OFFENSIVE OR PROVOCATIVE CONTACT,PERSONAL (HANDS),1,No,I,INDIVIDUAL (18 AND OVER),F,W,Non-Hispanic,UNKNOWN,,,,,09,1789886100000,1789887780000
893906,20260568118_12,20260568118,S,SUSPECT,O,OPEN,Open,GLEAVES ST,36.300000000312835,-86.70000000020825,,,3,"BAR, NIGHT CLUB",1,13B,ASSAULT- OFFENSIVE OR PROVOCATIVE CONTACT,PERSONAL (HANDS),2,No,I,INDIVIDUAL (18 AND OVER),F,W,Non-Hispanic,RESIDENT,,,,,09,1789886100000,1789887780000
892370,20260567502_11,20260567502,D,DISPATCHED,O,OPEN,Open,LEBANON PIKE,36.16999999991994,-86.68000000035076,,,26,SPECIALTY STORE,1,23C,SHOPLIFTING,NONE,1,No,B,BUSINESS,,,,,,,,,17,1789843860000,1789887060000
892369,20260567871_11,20260567871,D,DISPATCHED,O,OPEN,Open,BROADWAY,36.159999999962295,-86.77999999963816,,,90,APARTMENT,1,13B,SIMPLE ASSLT,PERSONAL (HANDS),1,Yes,I,INDIVIDUAL (18 AND OVER),M,W,Non-Hispanic,UNKNOWN,,,,,09,1789808400000,1789885500000
892888,20260567633_11,20260567633,D,DISPATCHED,O,OPEN,Open,MILLWOOD DR,36.129999999702626,-86.71000000013699,,,22,"RESIDENCE, HOME",1,13B,SIMPLE ASSLT,PERSONAL (HANDS),1,Yes,I,INDIVIDUAL (18 AND OVER),F,W,Hispanic,RESIDENT,,,,,09,1789801200000,1789885320000
892275,20260567632_11,20260567632,D,DISPATCHED,O,OPEN,Open,MILLWOOD DR,36.129999999702626,-86.71000000013699,,,22,"RESIDENCE, HOME",1,13B,SIMPLE ASSLT,PERSONAL (HANDS),1,Yes,I,INDIVIDUAL (18 AND OVER),F,W,Hispanic,RESIDENT,,,,,09,1786978800000,1789884780000
893005,20260567631_11,20260567631,D,DISPATCHED,O,OPEN,Open,MILLWOOD DR,36.129999999702626,-86.71000000013699,,,22,"RESIDENCE, HOME",1,13B,SIMPLE ASSLT,PERSONAL (HANDS),1,Yes,I,INDIVIDUAL (18 AND OVER),F,W,Hispanic,RESIDENT,,,,,09,1785855600000,1789884060000
893178,20260568014_11,20260568014,S,SUSPECT,A,CLEARED BY ARREST,Closed,308 308,36.162000000041736,-86.77600000020564,,,3,"BAR, NIGHT CLUB",1,13B,SIMPLE ASSLT,PERSONAL (HANDS),1,Yes,I,INDIVIDUAL (18 AND OVER),F,W,Non-Hispanic,NON RESIDENT,,,,37201.0,09,1789881000000,1789884060000
892220,20260567916_11,20260567916,D,DISPATCHED,A,CLEARED BY ARREST,Closed,706 706,36.183000000200536,-86.76899999962671,,,22,"RESIDENCE, HOME",1,13A,INTENTIONAL AGGRAVATED ASSAULT,LETHAL/CUTTING INSTRUMENT,1,Yes,I,INDIVIDUAL (18 AND OVER),F,W,Non-Hispanic,RESIDENT,,,,37207.0,06,1789876800000,1789884000000
932285,20260567965_11,20260567965,S,SUSPECT,O,OPEN,Open,LAFAYETTE ST,36.15000000024567,-86.75999999978066,,,13,"HIGHWAY, ROAD, ALLEY",1,780,"RECOVERY, STOLEN PROPERTY",NONE,1,No,I,INDIVIDUAL (18 AND OVER),F,W,Non-Hispanic,UNKNOWN,,,,,17,1789879560000,1789883700000
917914,20260568010_11,20260568010,D,DISPATCHED,O,OPEN,Open,MURFREESBORO PIKE,36.06999999966938,-86.6399999997375,,,40,ATM Separate from Bank,1,120,"ROBBERY, AGGRAVATED, HANDGUN",HANDGUN,1,No,I,INDIVIDUAL (18 AND OVER),F,B,Non-Hispanic,RESIDENT,,,,,01,1789836900000,1789883460000
917917,20260568010_22,20260568010,D,DISPATCHED,O,OPEN,Open,MURFREESBORO PIKE,36.06999999966938,-86.6399999997375,,,40,ATM Separate from Bank,2,520,"WEAPON OFFENSE, CRIMINAL ATTEMPT",HANDGUN,2,No,S,SOCIETY,,,,,,,,,01,1789836900000,1789883460000
917887,20260567772_11,20260567772,D,DISPATCHED,O,OPEN,Open,ALBANY DR,36.209999999706326,-86.60000000002253,,,22,"RESIDENCE, HOME",1,13B,SIMPLE ASSLT,PERSONAL (HANDS),1,No,I,INDIVIDUAL (18 AND OVER),F,W,Non-Hispanic,RESIDENT,,,,,09,1789869600000,1789881960000
917890,20260567772_12,20260567772,D,DISPATCHED,O,OPEN,Open,ALBANY DR,36.209999999706326,-86.60000000002253,,,22,"RESIDENCE, HOME",1,13B,SIMPLE ASSLT,PERSONAL (HANDS),2,No,I,INDIVIDUAL (18 AND OVER),F,W,Non-Hispanic,RESIDENT,,,,,09,1789869600000,1789881960000
931724,20260567933_11,20260567933,S,SUSPECT,A,CLEARED BY ARREST,Closed,3051 3051,36.23200000030522,-86.77400000004023,,,13,"HIGHWAY, ROAD, ALLEY",1,35A,MARIJUANA - POSSESS,NONE,1,No,S,SOCIETY,,,,,,,,37207.0,17,1789878600000,1789881840000
931727,20260567565_11,20260567565,D,DISPATCHED,A,CLEARED BY ARREST,Closed,I40  E & STEWARTS FERRY PIKE,36.15599999977934,-86.62899999972605,,,13,"HIGHWAY, ROAD, ALLEY",1,35A,MARIJUANA - POSSESS,NONE,1,No,S,SOCIETY,,,,,,,,37214.0,17,1789869660000,1789880940000
929483,20260567596_11,20260567596,D,DISPATCHED,O,OPEN,Open,CHURCH ST,36.159999999962295,-86.77999999963816,,,50,Park/Playground,1,23H,THEFT OF PROPERTY- $500 OR LESS,NONE,1,No,I,INDIVIDUAL (18 AND OVER),M,W,Non-Hispanic,UNKNOWN,,,,,17,1789866000000,1789880880000
892368,20260567917_11,20260567917,D,DISPATCHED,O,OPEN,Open,ZERMATT AVE,36.0399999997254,-86.72000000006571,,,90,APARTMENT,1,220,BURGLARY - AGGRAVATED,Unarmed,1,No,I,INDIVIDUAL (18 AND OVER),F,W,Non-Hispanic,RESIDENT,,,,,16,1789878060000,1789879680000
925338,20260567892_11,20260567892,D,DISPATCHED,O,OPEN,Open,11TH AVE S,36.15000000024567,-86.77999999963816,,,14,"HOTEL, MOTEL, ETC.",1,13B,SIMPLE ASSLT,PERSONAL (HANDS),1,No,I,INDIVIDUAL (18 AND OVER),M,W,Non-Hispanic,RESIDENT,,,,,09,1789877400000,1789879620000
925344,20260567892_22,20260567892,D,DISPATCHED,O,OPEN,Open,11TH AVE S,36.15000000024567,-86.77999999963816,,,14,"HOTEL, MOTEL, ETC.",2,13C,ASSAULT- FEAR OF BODILY INJURY,,2,No,I,INDIVIDUAL (18 AND OVER),M,W,Non-Hispanic,RESIDENT,,,,,,1789877400000,1789879620000
924668,20260567634_11,20260567634,D,DISPATCHED,O,OPEN,Open,STEWARTS FERRY PIKE,36.159999999962295,-86.62999999980876,,,90,APARTMENT,1,13A,"Assault, Aggravated - Deadly Weapon - Int/Kn",HANDGUN,1,Yes,I,INDIVIDUAL (18 AND OVER),F,W,Non-Hispanic,RESIDENT,,,,,01,1789867800000,1789879380000
924669,20260567634_22,20260567634,D,DISPATCHED,O,OPEN,Open,STEWARTS FERRY PIKE,36.159999999962295,-86.62999999980876,,,90,APARTMENT,2,520,"WEAPON OFFENSE, CRIMINAL ATTEMPT",HANDGUN,2,No,S,SOCIETY,,,,,,,,,01,1789867800000,1789879380000
925320,20260567722_11,20260567722,D,DISPATCHED,O,OPEN,Open,HARLIN DR,36.10999999969955,-86.74999999985195,,,22,"RESIDENCE, HOME",1,13B,ASSAULT- OFFENSIVE OR PROVOCATIVE CONTACT,PERSONAL (HANDS),1,Yes,I,INDIVIDUAL (18 AND OVER),F,W,Hispanic,RESIDENT,,,,,09,1789871400000,1789878780000
925323,20260567722_12,20260567722,D,DISPATCHED,O,OPEN,Open,HARLIN DR,36.10999999969955,-86.74999999985195,,,22,"RESIDENCE, HOME",1,13B,ASSAULT- OFFENSIVE OR PROVOCATIVE CONTACT,PERSONAL (HANDS),2,Yes,I,INDIVIDUAL (18 AND OVER),F,W,Hispanic,UNKNOWN,,,,,09,1789871400000,1789878780000
925326,20260567722_22,20260567722,D,DISPATCHED,O,OPEN,Open,HARLIN DR,36.10999999969955,-86.74999999985195,,,22,"RESIDENCE, HOME",2,290,"VANDALISM- >$1,000 BUT < $2,500",Unarmed,2,Yes,I,INDIVIDUAL (18 AND OVER),F,W,Hispanic,UNKNOWN,,,,,16,1789871400000,1789878780000
930911,20260567889_11,20260567889,D,DISPATCHED,O,OPEN,Open,GALLATIN PIKE S,36.25000000002025,-86.72000000006571,,,20,"PARKING LOT, GARAGE",1,13B,ASSAULT- OFFENSIVE OR PROVOCATIVE CONTACT,PERSONAL (HANDS),1,No,I,INDIVIDUAL (18 AND OVER),M,W,Hispanic,RESIDENT,,,,,09,1789877100000,1789878360000
931357,20260567561_11,20260567561,D,DISPATCHED,O,OPEN,Open,22ND AVE N,36.18000000021363,-86.81000000032267,,,90,APARTMENT,1,13A,"Assault, Aggravated - Deadly Weapon - Reckless",HANDGUN,1,No,I,INDIVIDUAL (18 AND OVER),M,B,Non-Hispanic,RESIDENT,,,,,01,1789864800000,1789877940000
931359,20260567561_24,20260567561,D,DISPATCHED,O,OPEN,Open,22ND AVE N,36.18000000021363,-86.81000000032267,,,90,APARTMENT,2,520,"WEAPON OFFENSE, CRIMINAL ATTEMPT",HANDGUN,4,No,S,SOCIETY,,,,,,,,,01,1789864800000,1789877940000
924850,20260567769_11,20260567769,D,DISPATCHED,O,OPEN,Open,ALBION ST,36.16999999991994,-86.81000000032267,,,13,"HIGHWAY, ROAD, ALLEY",1,23H,THEFT OF PROPERTY- $500 OR LESS,NONE,1,No,I,INDIVIDUAL (18 AND OVER),F,W,Non-Hispanic,RESIDENT,,,,,17,1789218000000,1789876980000
925626,20260567762_11,20260567762,D,DISPATCHED,O,OPEN,Open,JEFFERSON ST,36.16999999991994,-86.82000000025143,,,20,"PARKING LOT, GARAGE",1,23F,BURGLARY- MOTOR VEHICLE,NONE,1,No,I,INDIVIDUAL (18 AND OVER),F,B,Non-Hispanic,RESIDENT,,,,,17,1789866000000,1789876800000
930362,20260567774_11,20260567774,S,SUSPECT,A,CLEARED BY ARREST,Closed,GALLATIN PIKE S & EMMITT AVE,36.25300000035104,-86.71699999981759,,,50,Park/Playground,1,35A,POSSESSION OF A CONTROLLED SUBSTANCE,NONE,1,No,S,SOCIETY,,,,,,,,37115.0,17,1789874400000,1789876380000
893910,20260567666_11,20260567666,D,DISPATCHED,O,OPEN,Open,BROADWAY,36.159999999962295,-86.77999999963816,,,20,"PARKING LOT, GARAGE",1,290,"VANDALISM- $1,000 OR LESS",PERSONAL (HANDS),1,No,I,INDIVIDUAL (18 AND OVER),M,W,Non-Hispanic,NON RESIDENT,,,,,09,1789772400000,1789876200000
911145,20260567626_11,20260567626,D,DISPATCHED,O,OPEN,Open,6TH AVE N,36.18000000021363,-86.7899999995669,,,3,"BAR, NIGHT CLUB",1,13B,SIMPLE ASSLT,PERSONAL (HANDS),1,No,I,INDIVIDUAL (18 AND OVER),M,W,Non-Hispanic,RESIDENT,,,,,09,1785038400000,1789875420000
929443,20260567815_11,20260567815,S,SUSPECT,U,UNFOUNDED,Closed,REP JOHN LEWIS & BROADWAY,36.159999999962295,-86.77800000037105,,,13,"HIGHWAY, ROAD, ALLEY",1,715,FOUND PROPERTY,NONE,1,No,I,INDIVIDUAL (18 AND OVER),M,W,Non-Hispanic,NON RESIDENT,,,,37203.0,17,1789874220000,1789874220000
932286,20260567770_11,20260567770,S,SUSPECT,U,UNFOUNDED,Closed,REP JOHN LEWIS & BROADWAY,36.159999999962295,-86.77800000037105,,,13,"HIGHWAY, ROAD, ALLEY",1,715,FOUND PROPERTY,NONE,1,No,I,INDIVIDUAL (18 AND OVER),F,W,Non-Hispanic,NON RESIDENT,,,,37203.0,17,1789874220000,1789874220000
911138,20260567725_11,20260567725,D,DISPATCHED,A,CLEARED BY ARREST,Closed,5706 5706,36.046999999895846,-86.71300000038511,,,8,"DEPARTMENT, DISCOUNT STORE",1,13B,SIMPLE ASSLT,PERSONAL (HANDS),1,No,I,INDIVIDUAL (18 AND OVER),F,B,Non-Hispanic,RESIDENT,,,,37211.0,09,1789872000000,1789873980000
911141,20260567725_12,20260567725,D,DISPATCHED,A,CLEARED BY ARREST,Closed,5706 5706,36.046999999895846,-86.71300000038511,,,8,"DEPARTMENT, DISCOUNT STORE",1,13B,SIMPLE ASSLT,PERSONAL (HANDS),2,No,I,INDIVIDUAL (18 AND OVER),F,B,Non-Hispanic,RESIDENT,,,,37211.0,09,1789872000000,1789873980000
924704,20260567558_11,20260567558,D,DISPATCHED,O,OPEN,Open,PENNSYLVANIA AVE,36.159999999962295,-86.85999999996638,,,13,"HIGHWAY, ROAD, ALLEY",1,23F,BURGLARY - MOTOR VEHICLE,NONE,1,No,I,INDIVIDUAL (18 AND OVER),M,W,Non-Hispanic,RESIDENT,,,,,17,1789855200000,1789873860000
924705,20260567558_12,20260567558,D,DISPATCHED,O,OPEN,Open,PENNSYLVANIA AVE,36.159999999962295,-86.85999999996638,,,13,"HIGHWAY, ROAD, ALLEY",1,23F,BURGLARY - MOTOR VEHICLE,NONE,2,No,I,INDIVIDUAL (18 AND OVER),M,W,Non-Hispanic,RESIDENT,,,,,17,1789855200000,1789873860000
897869,20260567679_11,20260567679,D,DISPATCHED,O,OPEN,Open,W TRINITY LN,36.209999999706326,-86.76999999970943,,,20,"PARKING LOT, GARAGE",1,780,"RECOVERY, STOLEN PROPERTY",NONE,1,No,I,INDIVIDUAL (18 AND OVER),F,W,Non-Hispanic,RESIDENT,,,,,17,1789869600000,1789873620000
921760,20260567649_11,20260567649,D,DISPATCHED,O,OPEN,Open,MURFREESBORO PIKE,36.099999999750025,-86.65999999959497,,,22,"RESIDENCE, HOME",1,23F,BURGLARY - MOTOR VEHICLE,Unarmed,1,No,I,INDIVIDUAL (18 AND OVER),F,W,Hispanic,UNKNOWN,,,,,16,1789866000000,1789873380000
924690,20260567610_11,20260567610,D,DISPATCHED,O,OPEN,Open,DICKERSON PIKE,36.28000000026564,-86.74999999985195,,,22,"RESIDENCE, HOME",1,760,OVERDOSE,NONE,1,No,I,INDIVIDUAL (18 AND OVER),M,W,Non-Hispanic,RESIDENT,,,,,17,1789867620000,1789872660000
929485,20260567701_11,20260567701,D,DISPATCHED,O,OPEN,Open,TIDWELL RD,36.10999999969955,-86.92000000043713,,,22,"RESIDENCE, HOME",1,23D,LARC - FROM BLDG,NONE,1,No,I,INDIVIDUAL (18 AND OVER),F,W,Non-Hispanic,RESIDENT,,,,,17,1787893200000,1789872180000
932587,20260567650_11,20260567650,D,DISPATCHED,O,OPEN,Open,HARDING PIKE,36.129999999702626,-86.84000000010889,,,20,"PARKING LOT, GARAGE",1,240,"THEFT OF VEHICLE-2,500 OR > BUT<$10,000",NONE,1,No,I,INDIVIDUAL (18 AND OVER),F,W,Non-Hispanic,NON RESIDENT,,,,,17,1789856940000,1789871340000
917843,20260567639_11,20260567639,D,DISPATCHED,O,OPEN,Open,SAUNDERS AVE,36.23999999981472,-86.72999999999446,,,22,"RESIDENCE, HOME",1,13B,ASSAULT- OFFENSIVE OR PROVOCATIVE CONTACT,PERSONAL (HANDS),1,Yes,I,INDIVIDUAL (18 AND OVER),M,W,Non-Hispanic,RESIDENT,,,,,09,1789867800000,1789870980000
892880,20260567645_11,20260567645,D,DISPATCHED,O,OPEN,Open,VALLEY GROVE DR,36.16999999991994,-86.59000000009381,,,22,"RESIDENCE, HOME",1,290,"VANDALISM- $1,000 OR LESS",,1,No,I,INDIVIDUAL (18 AND OVER),F,W,Non-Hispanic,RESIDENT,,,,,,1789867680000,1789870500000
895205,20260567606_11,20260567606,D,DISPATCHED,O,OPEN,Open,HIGHWAY 70  S,36.06999999966938,-86.93000000036587,,,22,"RESIDENCE, HOME",1,13B,SIMPLE ASSLT,PERSONAL (HANDS),1,Yes,I,INDIVIDUAL (18 AND OVER),M,W,Non-Hispanic,RESIDENT,,,,,09,1789864200000,1789870320000
895208,20260567606_12,20260567606,D,DISPATCHED,O,OPEN,Open,HIGHWAY 70  S,36.06999999966938,-86.93000000036587,,,22,"RESIDENCE, HOME",1,13B,SIMPLE ASSLT,PERSONAL (HANDS),2,Yes,I,INDIVIDUAL (18 AND OVER),F,W,Non-Hispanic,RESIDENT,,,,,09,1789864200000,1789870320000
897481,20260567662_11,20260567662,S,SUSPECT,O,OPEN,Open,,,,,,13,"HIGHWAY, ROAD, ALLEY",1,13A,ASSAULT,PERSONAL (HANDS),1,No,I,INDIVIDUAL (18 AND OVER),M,W,Non-Hispanic,NON RESIDENT,,,,,09,1789801200000,1789870260000
895213,20260567600_11,20260567600,D,DISPATCHED,O,OPEN,Open,BRIDGEWAY CIR,36.099999999750025,-86.72000000006571,,,90,APARTMENT,1,240,VEHICLE THEFT,NONE,1,No,I,INDIVIDUAL (18 AND OVER),F,B,Non-Hispanic,RESIDENT,,,,,17,1789864200000,1789869900000
897476,20260567548_11,20260567548,D,DISPATCHED,,,Closed,553 553,36.1420000001408,-86.74200000008861,,,20,"PARKING LOT, GARAGE",1,13B,ASSAULT- OFFENSIVE OR PROVOCATIVE CONTACT,PERSONAL (HANDS),1,No,I,INDIVIDUAL (18 AND OVER),M,W,Non-Hispanic,RESIDENT,,,,37210.0,09,1789863300000,1789869840000
897473,20260567595_11,20260567595,D,DISPATCHED,O,OPEN,Open,MURFREESBORO PIKE,36.12000000013524,-86.70000000020825,,,22,"RESIDENCE, HOME",1,13C,ASSAULT- FEAR OF BODILY INJURY,,1,Yes,I,INDIVIDUAL (18 AND OVER),F,B,Non-Hispanic,RESIDENT,,,,,,1789808400000,1789869360000
895202,20260567443_11,20260567443,D,DISPATCHED,A,CLEARED BY ARREST,Closed,312 312,36.162000000041736,-86.77600000020564,,,3,"BAR, NIGHT CLUB",1,13B,SIMPLE ASSLT,PERSONAL (HANDS),1,No,I,INDIVIDUAL (18 AND OVER),M,W,Non-Hispanic,NON RESIDENT,,,,37201.0,09,1789855200000,1789868700000
897857,20260567534_11,20260567534,D,DISPATCHED,A,CLEARED BY ARREST,Closed,627 627,36.1629999998043,-86.75600000034818,,,90,APARTMENT,1,13B,SIMPLE ASSLT,PERSONAL (HANDS),1,Yes,I,INDIVIDUAL (18 AND OVER),F,W,Non-Hispanic,RESIDENT,,,,37206.0,09,1789863540000,1789868700000
898483,20260567569_11,20260567569,D,DISPATCHED,O,OPEN,Open,OAK VALLEY DR,36.229999999876554,-86.75999999978066,,,22,"RESIDENCE, HOME",1,13A,"Assault, Aggravated - Deadly Weapon - Reckless",HANDGUN,1,No,I,INDIVIDUAL (18 AND OVER),M,B,Non-Hispanic,RESIDENT,,,,,01,1789862400000,1789867680000
898484,20260567569_12,20260567569,D,DISPATCHED,O,OPEN,Open,OAK VALLEY DR,36.229999999876554,-86.75999999978066,,,22,"RESIDENCE, HOME",1,13A,"Assault, Aggravated - Deadly Weapon - Reckless",HANDGUN,2,No,I,INDIVIDUAL (18 AND OVER),F,B,Non-Hispanic,RESIDENT,,,,,01,1789862400000,1789867680000
898485,20260567569_13,20260567569,D,DISPATCHED,O,OPEN,Open,OAK VALLEY DR,36.229999999876554,-86.75999999978066,,,22,"RESIDENCE, HOME",1,13A,"Assault, Aggravated - Deadly Weapon - Reckless",HANDGUN,3,No,I,INDIVIDUAL (18 AND OVER),F,B,Non-Hispanic,RESIDENT,,,,,01,1789862400000,1789867680000
898486,20260567569_14,20260567569,D,DISPATCHED,O,OPEN,Open,OAK VALLEY DR,36.229999999876554,-86.75999999978066,,,22,"RESIDENCE, HOME",1,13A,"Assault, Aggravated - Deadly Weapon - Reckless",HANDGUN,4,No,I,INDIVIDUAL (18 AND OVER),M,B,Non-Hispanic,RESIDENT,,,,,01,1789862400000,1789867680000
898487,20260567569_25,20260567569,D,DISPATCHED,O,OPEN,Open,OAK VALLEY DR,36.229999999876554,-86.75999999978066,,,13,"HIGHWAY, ROAD, ALLEY",2,520,"WEAPON OFFENSE, CRIMINAL ATTEMPT",HANDGUN,5,No,S,SOCIETY,,,,,,,,,01,1789862400000,1789867680000
898499,20260567482_11,20260567482,D,DISPATCHED,O,OPEN,Open,11TH,36.15000000024567,-86.77999999963816,,,26,SPECIALTY STORE,1,23C,SHOPLIFTING,,1,No,B,BUSINESS,,,,,,,,,,1789859640000,1789867260000
897853,20260567541_11,20260567541,D,DISPATCHED,O,OPEN,Open,MURFREESBORO,36.080000000195604,-86.6399999997375,,,13,"HIGHWAY, ROAD, ALLEY",1,13A,AGGRAV ASSLT - NONFAMILY-WEAPON,CLUB,1,No,I,INDIVIDUAL (18 AND OVER),M,W,Hispanic,RESIDENT,,,,,07,1789863900000,1789866300000
897855,20260567541_21,20260567541,D,DISPATCHED,O,OPEN,Open,MURFREESBORO,36.080000000195604,-86.6399999997375,,,13,"HIGHWAY, ROAD, ALLEY",2,290,DAMAGE PROP - PRIVATE,CLUB,1,No,I,INDIVIDUAL (18 AND OVER),M,W,Hispanic,RESIDENT,,,,,07,1789863900000,1789866300000
919818,20260567551_11,20260567551,D,DISPATCHED,O,OPEN,Open,CHARLOTTE PIKE,36.129999999702626,-86.88999999975259,,,23,RESTAURANT,1,290,"VANDALISM- $1,000 OR LESS",PERSONAL (HANDS),1,No,B,BUSINESS,,,,,,,,,09,1789863900000,1789866300000
895211,20260567562_11,20260567562,D,DISPATCHED,U,UNFOUNDED,Closed,307 307,36.16099999985248,-86.77600000020564,,,3,"BAR, NIGHT CLUB",1,715,FOUND PROPERTY,,1,No,I,INDIVIDUAL (18 AND OVER),M,W,Non-Hispanic,RESIDENT,,,,37201.0,,1789864800000,1789865940000
898493,20260567419_11,20260567419,D,DISPATCHED,O,OPEN,Open,BLANK ST,36.16999999991994,-86.80000000039394,,,90,APARTMENT,1,290,"VANDALISM- $1,000 OR LESS",OTHER,1,Yes,I,INDIVIDUAL (18 AND OVER),F,B,Non-Hispanic,RESIDENT,,,,,15,1789855200000,1789863180000
928336,20260567438_11,20260567438,D,DISPATCHED,A,CLEARED BY ARREST,Closed,391 391,36.077000000032335,-86.72100000014842,,,9,HOSPITAL,1,290,DAMAGE PROP - BUSINESS,PERSONAL (HANDS),1,No,B,BUSINESS,,,,,,,,37211.0,09,1789812600000,1789862940000
897863,20260567471_11,20260567471,D,DISPATCHED,U,UNFOUNDED,Closed,4220 4220,36.128999999969736,-86.84400000043972,,,9,HOSPITAL,1,780,"RECOVERY, STOLEN PROPERTY",NONE,1,No,I,INDIVIDUAL (18 AND OVER),F,U,Unknown,NON RESIDENT,,,,37205.0,17,1789862400000,1789862400000
897865,20260567471_12,20260567471,D,DISPATCHED,U,UNFOUNDED,Closed,4220 4220,36.128999999969736,-86.84400000043972,,,9,HOSPITAL,1,780,"RECOVERY, STOLEN PROPERTY",NONE,2,No,I,INDIVIDUAL (18 AND OVER),F,B,Non-Hispanic,RESIDENT,,,,37205.0,17,1789862400000,1789862400000
892528,20260567453_11,20260567453,D,DISPATCHED,O,OPEN,Open,ANNEX AVE,36.15000000024567,-86.88999999975259,,,13,"HIGHWAY, ROAD, ALLEY",1,23F,BURGLARY- MOTOR VEHICLE,NONE,1,No,I,INDIVIDUAL (18 AND OVER),F,B,Non-Hispanic,UNKNOWN,,,,,17,1789848000000,1789859760000
897850,20260567465_11,20260567465,W,WITNESS,O,OPEN,Open,KOREAN VETERANS,36.159999999962295,-86.76999999970943,,,3,"BAR, NIGHT CLUB",1,120,ROBBERY,Unarmed,1,No,I,INDIVIDUAL (18 AND OVER),M,W,Non-Hispanic,NON RESIDENT,,,,,16,1789773000000,1789859400000
928219,20260567428_11,20260567428,D,DISPATCHED,U,UNFOUNDED,Closed,805 805,36.1539999996859,-86.77999999963816,,,90,APARTMENT,1,810,LOST PROPERTY,,1,No,I,INDIVIDUAL (18 AND OVER),M,W,Non-Hispanic,RESIDENT,,,,37203.0,,1789847100000,1789859160000
894986,20260567402_11,20260567402,D,DISPATCHED,O,OPEN,Open,HILLSBORO,36.099999999750025,-86.82000000025143,,,26,SPECIALTY STORE,1,23C,"THEFT OF MERCHANDISE- $1,000 OR LESS",NONE,1,No,B,BUSINESS,,,,,,,,,17,1789857000000,1789858980000
930353,20260567383_11,20260567383,D,DISPATCHED,O,OPEN,Open,GREAT CIRCLE RD,36.20000000001247,-86.81000000032267,,,20,"PARKING LOT, GARAGE",1,290,"VANDALISM- >$1,000 BUT < $2,500",,1,No,I,INDIVIDUAL (18 AND OVER),M,W,Hispanic,UNKNOWN,,,,,,1789808400000,1789858800000
921764,20260567387_11,20260567387,D,DISPATCHED,O,OPEN,Open,8TH,36.159999999962295,-86.77999999963816,,,14,"HOTEL, MOTEL, ETC.",1,23F,BURGLARY- MOTOR VEHICLE,NONE,1,No,I,INDIVIDUAL (18 AND OVER),F,W,Unknown,RESIDENT,,,,,17,1789821000000,1789858140000
898482,20260567411_11,20260567411,D,DISPATCHED,O,OPEN,Open,STEWARTS FERRY PIKE,36.159999999962295,-86.62999999980876,,,90,APARTMENT,1,90Z,HARRASSMENT (NUISANCE),NONE,1,Yes,I,INDIVIDUAL (18 AND OVER),M,W,Non-Hispanic,UNKNOWN,,,,,17,1789858080000,1789858080000
930917,20260567256_11,20260567256,D,DISPATCHED,O,OPEN,Open,MAUDINA AVE,36.13999999994927,-86.85999999996638,,,90,APARTMENT,1,290,"VANDALISM- $1,000 OR LESS",Unarmed,1,Yes,I,INDIVIDUAL (18 AND OVER),F,B,Non-Hispanic,UNKNOWN,,,,,16,1789851600000,1789857780000
898491,20260567373_11,20260567373,S,SUSPECT,U,UNFOUNDED,Closed,MURFREESBORO PIKE & PAVILION BLVD,36.13300000008577,-86.72100000014842,,,13,"HIGHWAY, ROAD, ALLEY",1,780,"RECOVERY, STOLEN PROPERTY",NONE,1,No,I,INDIVIDUAL (18 AND OVER),F,B,Non-Hispanic,RESIDENT,,,,37217.0,17,1789856100000,1789856640000
898481,20260567363_11,20260567363,D,DISPATCHED,O,OPEN,Open,28TH AVE N,36.16999999991994,-86.82000000025143,,,13,"HIGHWAY, ROAD, ALLEY",1,13B,ASSAULT- OFFENSIVE OR PROVOCATIVE CONTACT,OTHER,1,No,I,INDIVIDUAL (18 AND OVER),M,I,Non-Hispanic,UNKNOWN,,,,,15,1789851600000,1789856460000
898480,20260567101_11,20260567101,D,DISPATCHED,R,REFUSED TO COOPERATE,Closed,604 604,36.035000000070724,-86.96399999958459,,,22,"RESIDENCE, HOME",1,850,CONTEMPT - VIOLATION OF PROTECTION ORDER,NONE,1,Yes,I,INDIVIDUAL (18 AND OVER),F,W,Non-Hispanic,UNKNOWN,,,,37221.0,17,1789797600000,1789856400000
898478,20260567341_11,20260567341,D,DISPATCHED,O,OPEN,Open,28TH AVE N,36.16999999991994,-86.82000000025143,,,13,"HIGHWAY, ROAD, ALLEY",1,13C,ASSAULT- FEAR OF BODILY INJURY,,1,No,I,INDIVIDUAL (18 AND OVER),F,B,Non-Hispanic,RESIDENT,,,,,,1789852800000,1789856160000
898479,20260567341_12,20260567341,D,DISPATCHED,O,OPEN,Open,28TH AVE N,36.16999999991994,-86.82000000025143,,,13,"HIGHWAY, ROAD, ALLEY",1,13C,ASSAULT- FEAR OF BODILY INJURY,,2,No,I,INDIVIDUAL (18 AND OVER),M,B,Non-Hispanic,UNKNOWN,,,,,,1789852800000,1789856160000
928321,20260567318_11,20260567318,D,DISPATCHED,U,UNFOUNDED,Closed,1631 1631,36.14500000022128,-86.71300000038511,,,25,"SERVICE, GAS STATION",1,760,OVERDOSE,NONE,1,No,I,INDIVIDUAL (18 AND OVER),F,W,Non-Hispanic,RESIDENT,,,,37210.0,17,1789854600000,1789854600000
928218,20260567311_11,20260567311,D,DISPATCHED,U,UNFOUNDED,Closed,305 305,36.16099999985248,-86.77600000020564,,,3,"BAR, NIGHT CLUB",1,810,LOST PROPERTY,NONE,1,No,I,INDIVIDUAL (18 AND OVER),F,B,Non-Hispanic,UNKNOWN,,,,37201.0,17,1789795200000,1789854420000
925106,20260567296_11,20260567296,D,DISPATCHED,O,OPEN,Open,12TH,36.129999999702626,-86.7899999995669,,,26,SPECIALTY STORE,1,23C,SHOPLIFTING,PERSONAL (HANDS),1,No,B,BUSINESS,,,,,,,,,09,1789849800000,1789853400000
924381,20260567263_11,20260567263,D,DISPATCHED,O,OPEN,Open,HENEY DR,36.15000000024567,-86.67000000042204,,,22,"RESIDENCE, HOME",1,13B,SIMPLE ASSLT - STRANGULATION (NO LOSS OF CONSCIOUSNESS),PERSONAL (HANDS),1,Yes,I,INDIVIDUAL (18 AND OVER),F,W,Hispanic,RESIDENT,,,,,09,1789849260000,1789852920000
924382,20260567216_11,20260567216,D,DISPATCHED,O,OPEN,Open,HENEY DR,36.15000000024567,-86.67000000042204,,,90,APARTMENT,1,13B,"ASSAULT, DOMESTIC, BODILY INJURY 2ND OFFENSE",PERSONAL (HANDS),1,Yes,I,INDIVIDUAL (18 AND OVER),F,W,Hispanic,RESIDENT,,,,,09,1789852920000,1789852920000
921936,20260567305_11,20260567305,D,DISPATCHED,O,OPEN,Open,ATRIUM,36.159999999962295,-86.69000000027951,,,14,"HOTEL, MOTEL, ETC.",1,240,VEHICLE THEFT,Unarmed,1,No,I,INDIVIDUAL (18 AND OVER),M,W,Non-Hispanic,UNKNOWN,,,,,16,1789261200000,1789852740000
925095,20260567243_11,20260567243,D,DISPATCHED,O,OPEN,Open,CHARLOTTE AVE,36.159999999962295,-86.80000000039394,,,23,RESTAURANT,1,13C,ASSAULT- FEAR OF BODILY INJURY,,1,No,I,INDIVIDUAL (18 AND OVER),F,B,Non-Hispanic,RESIDENT,,,,,,1789776000000,1789852740000
921932,20260567254_11,20260567254,D,DISPATCHED,O,OPEN,Open,,36.19000000021294,-86.69000000027951,,,13,"HIGHWAY, ROAD, ALLEY",1,240,"THEFT OF VEHICLE-2,500 OR > BUT<$10,000",Unarmed,1,No,I,INDIVIDUAL (18 AND OVER),F,B,Non-Hispanic,RESIDENT,,,,,16,1789698600000,1789852620000
924383,20260567293_11,20260567293,D,DISPATCHED,O,OPEN,Open,CLEVES ST,36.25999999986106,-86.64999999966624,,,22,"RESIDENCE, HOME",1,90Z,HARRASSMENT (NUISANCE),NONE,1,No,I,INDIVIDUAL (18 AND OVER),F,W,Non-Hispanic,UNKNOWN,,,,,17,1789851000000,1789852200000
928217,20260567246_11,20260567246,D,DISPATCHED,O,OPEN,Open,RIVERFRONT DR,36.090000000189825,-86.99999999986703,,,22,"RESIDENCE, HOME",1,23H,"THEFT OF PROPERTY- $1,000 OR >  BUT < $10,000",PERSONAL (HANDS),1,No,I,INDIVIDUAL (18 AND OVER),M,W,Hispanic,RESIDENT,,,,,09,1789835280000,1789851060000
928865,20260567181_11,20260567181,D,DISPATCHED,O,OPEN,Open,CHARLES E DAVIS BLVD,36.15000000024567,-86.75999999978066,,,22,"RESIDENCE, HOME",1,695,UNKNOWN DEATH,,1,No,I,INDIVIDUAL (18 AND OVER),M,B,Non-Hispanic,RESIDENT,,,,,,1789846260000,1789848780000
924389,20260567294_11,20260567294,D,DISPATCHED,O,OPEN,Open,MURFREESBORO PIKE,36.06999999966938,-86.6399999997375,,,23,RESTAURANT,1,23C,SHOPLIFTING,NONE,1,No,B,BUSINESS,,,,,,,,,17,1789847400000,1789848120000
898498,20260567196_11,20260567196,D,DISPATCHED,O,OPEN,Open,VICTORY,36.159999999962295,-86.76999999970943,,,5,"COMMERCIAL, OFFICE BUILDING",1,23H,THEFT OF PROPERTY- $500 OR LESS,NONE,1,No,B,BUSINESS,,,,,,,,,17,1789846800000,1789848000000
921928,20260567159_11,20260567159,D,DISPATCHED,U,UNFOUNDED,Closed,1405 1405,36.15299999973159,-86.72499999958093,,,77,Auto Salvage/Junkyard,1,780,"RECOVERY, STOLEN PROPERTY",NONE,1,No,I,INDIVIDUAL (18 AND OVER),F,W,Non-Hispanic,RESIDENT,,,,37210.0,17,1789844100000,1789847520000
898497,20260567125_11,20260567125,D,DISPATCHED,O,OPEN,Open,NOLENSVILLE PIKE,36.06999999966938,-86.72000000006571,,,20,"PARKING LOT, GARAGE",1,23F,BURGLARY - MOTOR VEHICLE,Unarmed,1,No,I,INDIVIDUAL (18 AND OVER),M,W,Hispanic,RESIDENT,,,,,16,1789839000000,1789847340000
923927,20260567136_11,20260567136,D,DISPATCHED,A,CLEARED BY ARREST,Closed,4820 4820,36.085999999802475,-86.70599999980617,,,22,"RESIDENCE, HOME",1,13B,SIMPLE ASSLT - STRANGULATION (NO LOSS OF CONSCIOUSNESS),PERSONAL (HANDS),1,Yes,I,INDIVIDUAL (18 AND OVER),F,A,Unknown,RESIDENT,,,,37211.0,09,1789765200000,1789846500000
924689,20260567090_11,20260567090,D,DISPATCHED,U,UNFOUNDED,Closed,2000 2000,36.1539999996859,-86.80199999966105,,,20,"PARKING LOT, GARAGE",1,740,TRANSPORT,NONE,1,No,I,INDIVIDUAL (18 AND OVER),M,W,Non-Hispanic,UNKNOWN,,,,37203.0,17,1789840800000,1789846380000
898477,20260567043_11,20260567043,D,DISPATCHED,O,OPEN,Open,LISCHEY AVE,36.18000000021363,-86.76999999970943,,,22,"RESIDENCE, HOME",1,13B,SIMPLE ASSLT,PERSONAL (HANDS),1,No,I,INDIVIDUAL (18 AND OVER),M,B,Non-Hispanic,RESIDENT,,,,,09,1789837200000,1789845960000
926408,20260567237_11,20260567237,D,DISPATCHED,O,OPEN,Open,CARUTHERS AVE,36.129999999702626,-86.7899999995669,,,23,RESTAURANT,1,270,EMBEZZLE - BUSINESS PROP,NONE,1,No,B,BUSINESS,,,,,,,,,17,1782882000000,1789845900000
924688,20260567109_11,20260567109,D,DISPATCHED,O,OPEN,Open,OLD HICKORY BLVD W,,,,,22,"RESIDENCE, HOME",1,695,UNKNOWN DEATH,NONE,1,No,I,INDIVIDUAL (18 AND OVER),F,B,Non-Hispanic,RESIDENT,,,,,17,1789840800000,1789845480000
898488,20260567114_11,20260567114,D,DISPATCHED,O,OPEN,Open,TENNESSEE AVE,36.159999999962295,-86.84000000010889,,,20,"PARKING LOT, GARAGE",1,290,DAMAGE PROP - PRIVATE,OTHER,1,No,I,INDIVIDUAL (18 AND OVER),M,B,Non-Hispanic,UNKNOWN,,,,,15,1789772400000,1789845000000
921926,20260567110_11,20260567110,D,DISPATCHED,O,OPEN,Open,TARGET DR,36.0399999997254,-86.65999999959497,,,20,"PARKING LOT, GARAGE",1,240,VEHICLE THEFT,NONE,1,No,I,INDIVIDUAL (18 AND OVER),M,B,Non-Hispanic,RESIDENT,,,,,17,1789772400000,1789844580000
932240,20260567027_11,20260567027,S,SUSPECT,O,OPEN,Open,CLARKSVILLE PIKE,36.19000000021294,-86.83000000018018,,,26,SPECIALTY STORE,1,26B,FRAUD -  ILLEG USE OF CREDIT CARDS,Unarmed,1,No,B,BUSINESS,,,,,,,,,16,1789836600000,1789842960000
930192,20260567074_11,20260567074,D,DISPATCHED,O,OPEN,Open,LISCHEY AVE,36.18000000021363,-86.76999999970943,,,22,"RESIDENCE, HOME",1,13C,ASSAULT- FEAR OF BODILY INJURY,,1,No,I,INDIVIDUAL (18 AND OVER),M,W,Non-Hispanic,RESIDENT,,,,,,1789669440000,1789842240000
925115,20260567078_11,20260567078,D,DISPATCHED,O,OPEN,Open,MURFREESBORO PIKE,36.029999999717916,-86.59000000009381,,,13,"HIGHWAY, ROAD, ALLEY",1,23F,BURGLARY- MOTOR VEHICLE,PERSONAL (HANDS),1,No,I,INDIVIDUAL (18 AND OVER),M,I,Hispanic,RESIDENT,,,,,09,1789781400000,1789842120000
926003,20260567012_14,20260567012,D,DISPATCHED,O,OPEN,Open,36TH AVE N,36.15000000024567,-86.83000000018018,,,22,"RESIDENCE, HOME",1,26B,"CREDIT CARD, FRAUDULENT USE - $2,500 OR > BUT <$10,000",NONE,4,No,B,BUSINESS,,,,,,,,,17,1786903920000,1789841520000
926406,20260567012_15,20260567012,D,DISPATCHED,O,OPEN,Open,36TH AVE N,36.15000000024567,-86.83000000018018,,,22,"RESIDENCE, HOME",1,26B,"CREDIT CARD, FRAUDULENT USE - $2,500 OR > BUT <$10,000",NONE,5,No,B,BUSINESS,,,,,,,,,17,1786903920000,1789841520000
927971,20260567012_11,20260567012,D,DISPATCHED,O,OPEN,Open,36TH AVE N,36.15000000024567,-86.83000000018018,,,22,"RESIDENCE, HOME",1,26B,"CREDIT CARD, FRAUDULENT USE - $2,500 OR > BUT <$10,000",NONE,1,No,B,BUSINESS,,,,,,,,,17,1786903920000,1789841520000
927973,20260567012_12,20260567012,D,DISPATCHED,O,OPEN,Open,36TH AVE N,36.15000000024567,-86.83000000018018,,,22,"RESIDENCE, HOME",1,26B,"CREDIT CARD, FRAUDULENT USE - $2,500 OR > BUT <$10,000",NONE,2,No,B,BUSINESS,,,,,,,,,17,1786903920000,1789841520000
927974,20260567012_13,20260567012,D,DISPATCHED,O,OPEN,Open,36TH AVE N,36.15000000024567,-86.83000000018018,,,22,"RESIDENCE, HOME",1,26B,"CREDIT CARD, FRAUDULENT USE - $2,500 OR > BUT <$10,000",NONE,3,No,B,BUSINESS,,,,,,,,,17,1786903920000,1789841520000
925098,20260567051_11,20260567051,D,DISPATCHED,O,OPEN,Open,12TH AVE N,36.18000000021363,-86.80000000039394,,,22,"RESIDENCE, HOME",1,220,BURGLARY,Unarmed,1,No,I,INDIVIDUAL (18 AND OVER),M,W,Non-Hispanic,RESIDENT,,,,,16,1789776000000,1789841400000
925112,20260567053_11,20260567053,D,DISPATCHED,U,UNFOUNDED,Closed,714 714,36.13899999995914,-86.72300000031382,,,14,"HOTEL, MOTEL, ETC.",1,810,LOST PROPERTY,NONE,1,No,I,INDIVIDUAL (18 AND OVER),M,W,Non-Hispanic,RESIDENT,,,,37217.0,17,1789730700000,1789841340000
898476,20260567014_11,20260567014,D,DISPATCHED,O,OPEN,Open,OLD HICKORY,36.25999999986106,-86.72000000006571,,,20,"PARKING LOT, GARAGE",1,13B,ASSAULT- OFFENSIVE OR PROVOCATIVE CONTACT,OTHER,1,No,I,INDIVIDUAL (18 AND OVER),F,B,Non-Hispanic,RESIDENT,,,,,15,1789835700000,1789840860000
925109,20260567024_11,20260567024,D,DISPATCHED,O,OPEN,Open,SPENCE LN,36.13999999994927,-86.72000000006571,,,20,"PARKING LOT, GARAGE",1,23F,BURGLARY- MOTOR VEHICLE,Unarmed,1,No,I,INDIVIDUAL (18 AND OVER),F,B,Non-Hispanic,NON RESIDENT,,,,,16,1789768800000,1789840620000
932239,20260566831_11,20260566831,S,SUSPECT,A,CLEARED BY ARREST,Closed,1605 1605,36.13899999995914,-86.80099999957834,,,13,"HIGHWAY, ROAD, ALLEY",1,250,"REGIS/PLATES, ALTER, FORGE, FALSIFY",NONE,1,No,G,GOVERNMENT,,,,,,,,37212.0,17,1789829400000,1789840560000
921923,20260567020_11,20260567020,D,DISPATCHED,O,OPEN,Open,BROOKRIDGE TRL,36.080000000195604,-86.72000000006571,,,20,"PARKING LOT, GARAGE",1,240,VEHICLE THEFT,Unarmed,1,No,I,INDIVIDUAL (18 AND OVER),F,W,Non-Hispanic,RESIDENT,,,,,16,1789832700000,1789840500000
932238,20260566965_11,20260566965,D,DISPATCHED,O,OPEN,Open,VAILVIEW DR,36.23999999981472,-86.75999999978066,,,22,"RESIDENCE, HOME",1,26A,FRAUD - SWINDLE,NONE,1,No,I,INDIVIDUAL (18 AND OVER),F,B,Non-Hispanic,RESIDENT,,,,,17,1789722000000,1789840500000
932237,20260567022_11,20260567022,D,DISPATCHED,O,OPEN,Open,BRILEY PKWY,36.13999999994927,-86.70000000020825,,,12,"GROCERY, SUPERMARKET",1,26B,FRAUD -  ILLEG USE OF CREDIT CARDS,Unarmed,1,No,B,BUSINESS,,,,,,,,,16,1789831800000,1789839300000
921919,20260566897_11,20260566897,D,DISPATCHED,O,OPEN,Open,NOLENSVILLE PIKE,36.090000000189825,-86.7399999999232,,,20,"PARKING LOT, GARAGE",1,240,VEHICLE THEFT,NONE,1,No,I,INDIVIDUAL (18 AND OVER),M,W,Non-Hispanic,UNKNOWN,,,,,17,1787115600000,1789837920000
925101,20260566964_11,20260566964,D,DISPATCHED,O,OPEN,Open,BROADWAY,36.159999999962295,-86.77999999963816,,,3,"BAR, NIGHT CLUB",1,23A,ROBBERY,Unarmed,1,No,I,INDIVIDUAL (18 AND OVER),M,W,Non-Hispanic,NON RESIDENT,,,,,16,1789799400000,1789837500000
921915,20260566856_11,20260566856,D,DISPATCHED,O,OPEN,Open,GLASTONBURY RD,36.159999999962295,-86.7399999999232,,,90,APARTMENT,1,240,VEHICLE THEFT,NONE,1,No,I,INDIVIDUAL (18 AND OVER),F,B,Non-Hispanic,RESIDENT,,,,,17,1789678800000,1789836960000
907047,20260566971_11,20260566971,D,DISPATCHED,O,OPEN,Open,COMMERCE ST,36.159999999962295,-86.77999999963816,,,20,"PARKING LOT, GARAGE",1,23F,BURGLARY- MOTOR VEHICLE,NONE,1,No,I,INDIVIDUAL (18 AND OVER),M,W,Non-Hispanic,NON RESIDENT,,,,,17,1789786800000,1789836840000
921907,20260566940_11,20260566940,D,DISPATCHED,O,OPEN,Open,DUKE,36.209999999706326,-86.76999999970943,,,90,APARTMENT,1,240,VEHICLE THEFT,NONE,1,No,I,INDIVIDUAL (18 AND OVER),F,B,Unknown,RESIDENT,,,,,17,1789789860000,1789836120000
921911,20260566940_12,20260566940,D,DISPATCHED,O,OPEN,Open,DUKE,36.209999999706326,-86.76999999970943,,,90,APARTMENT,1,240,VEHICLE THEFT,NONE,2,Yes,I,INDIVIDUAL (18 AND OVER),F,B,Unknown,UNKNOWN,,,,,17,1789789860000,1789836120000
928500,20260566911_11,20260566911,D,DISPATCHED,O,OPEN,Open,EDMONDSON PIKE,36.059999999965356,-86.7399999999232,,,20,"PARKING LOT, GARAGE",1,120,"ROBBERY, AGGRAVATED, HANDGUN",HANDGUN,1,No,I,INDIVIDUAL (18 AND OVER),M,W,Hispanic,NON RESIDENT,,,,,01,1789831800000,1789835820000
928501,20260566911_22,20260566911,D,DISPATCHED,O,OPEN,Open,EDMONDSON PIKE,36.059999999965356,-86.7399999999232,,,20,"PARKING LOT, GARAGE",2,520,"WEAPON OFFENSE, CRIMINAL ATTEMPT",HANDGUN,2,No,S,SOCIETY,,,,,,,,,01,1789831800000,1789835820000
932236,20260566931_11,20260566931,D,DISPATCHED,O,OPEN,Open,CHARLOTTE PIKE,36.13999999994927,-86.87999999982385,,,90,APARTMENT,1,26B,FRAUD -  ILLEG USE OF CREDIT CARDS,Unarmed,1,No,B,BUSINESS,,,,,,,,,16,1789748340000,1789834740000
928499,20260566860_11,20260566860,D,DISPATCHED,O,OPEN,Open,MAIN ST,36.16999999991994,-86.75999999978066,,,57,Community Center,1,13C,ASSAULT- FEAR OF BODILY INJURY,,1,No,I,INDIVIDUAL (18 AND OVER),M,B,Non-Hispanic,UNKNOWN,,,,,,1789830780000,1789833600000
897847,20260566864_11,20260566864,D,DISPATCHED,O,OPEN,Open,HICKORY CLUB,36.05000000025906,-86.6399999997375,,,20,"PARKING LOT, GARAGE",1,23F,BURGLARY- MOTOR VEHICLE,PERSONAL (HANDS),1,No,I,INDIVIDUAL (18 AND OVER),F,B,Non-Hispanic,RESIDENT,,,,,09,1789795800000,1789832820000
897844,20260566871_11,20260566871,D,DISPATCHED,U,UNFOUNDED,Closed,417 417,36.16399999986469,-86.77899999955544,,,13,"HIGHWAY, ROAD, ALLEY",1,810,LOST PROPERTY,Unarmed,1,No,I,INDIVIDUAL (18 AND OVER),F,W,Non-Hispanic,NON RESIDENT,,,,,16,1789747200000,1789832460000
897842,20260566811_11,20260566811,D,DISPATCHED,U,UNFOUNDED,Closed,571 571,36.1420000001408,-86.74200000008861,,,5,"COMMERCIAL, OFFICE BUILDING",1,810,LOST PROPERTY,,1,No,B,BUSINESS,,,,,,,,37210.0,,1783092600000,1789831380000
932235,20260566838_11,20260566838,D,DISPATCHED,O,OPEN,Open,CHARLOTTE PIKE,36.13999999994927,-86.87999999982385,,,90,APARTMENT,1,26E,FRAUD BY WIRE,Unarmed,1,No,I,INDIVIDUAL (18 AND OVER),M,B,Non-Hispanic,UNKNOWN,,,,,16,1789399380000,1789831380000
897836,20260566819_11,20260566819,D,DISPATCHED,U,UNFOUNDED,Closed,207 207,36.16399999986469,-86.77800000037105,,,3,"BAR, NIGHT CLUB",1,810,LOST PROPERTY,NONE,1,No,I,INDIVIDUAL (18 AND OVER),F,W,Non-Hispanic,RESIDENT,,,,37201.0,17,1789795800000,1789830060000
915314,20260566779_11,20260566779,D,DISPATCHED,O,OPEN,Open,GALLATIN PIKE N,36.27000000015372,-86.71000000013699,,,20,"PARKING LOT, GARAGE",1,290,"COMPUTER VIOLATION, DAMAGE - $1,000 OR LESS",Unarmed,1,No,I,INDIVIDUAL (18 AND OVER),M,W,Unknown,UNKNOWN,,,,,16,1789777800000,1789830060000
923916,20260566789_11,20260566789,D,DISPATCHED,O,OPEN,Open,CHEYENNE BLVD,36.25999999986106,-86.68000000035076,,,20,"PARKING LOT, GARAGE",1,240,VEHICLE THEFT,NONE,1,No,I,INDIVIDUAL (18 AND OVER),F,W,Non-Hispanic,RESIDENT,,,,,17,1789790220000,1789829400000
923917,20260566789_22,20260566789,D,DISPATCHED,O,OPEN,Open,CHEYENNE BLVD,36.25999999986106,-86.68000000035076,,,20,"PARKING LOT, GARAGE",2,23F,BURGLARY- MOTOR VEHICLE,,2,No,I,INDIVIDUAL (18 AND OVER),M,W,Hispanic,RESIDENT,,,,,,1789790220000,1789829400000
897834,20260566772_11,20260566772,D,DISPATCHED,O,OPEN,Open,ROSA L PARKS,36.18000000021363,-86.80000000039394,,,90,APARTMENT,1,23D,LARC - FROM BLDG,PERSONAL (HANDS),1,No,I,INDIVIDUAL (18 AND OVER),M,B,Non-Hispanic,RESIDENT,,,,,09,1789772400000,1789828980000
931390,20260566711_11,20260566711,D,DISPATCHED,O,OPEN,Open,ARROWHEAD DR,,,,,13,"HIGHWAY, ROAD, ALLEY",1,240,VEHICLE THEFT,NONE,1,No,I,INDIVIDUAL (18 AND OVER),F,W,Non-Hispanic,RESIDENT,,,,,17,1789807500000,1789828980000
897832,20260566767_11,20260566767,D,DISPATCHED,U,UNFOUNDED,Closed,420 420,36.08800000003139,-86.69599999987742,,,13,"HIGHWAY, ROAD, ALLEY",1,810,LOST PROPERTY,NONE,1,No,I,INDIVIDUAL (18 AND OVER),M,U,Unknown,RESIDENT,,,,37211.0,17,1789772400000,1789827960000
928498,20260566682_11,20260566682,D,DISPATCHED,O,OPEN,Open,W HILLWOOD DR,36.129999999702626,-86.88999999975259,,,22,"RESIDENCE, HOME",1,13B,ASSAULT- OFFENSIVE OR PROVOCATIVE CONTACT,PERSONAL (HANDS),1,Yes,I,INDIVIDUAL (18 AND OVER),F,B,Non-Hispanic,RESIDENT,,,,,09,1789819200000,1789827960000
928496,20260566782_11,20260566782,D,DISPATCHED,O,OPEN,Open,LOCKWOOD DR,36.13999999994927,-86.67000000042204,,,22,"RESIDENCE, HOME",1,13B,SIMPLE ASSLT,OTHER,1,Yes,I,INDIVIDUAL (18 AND OVER),M,B,Non-Hispanic,UNKNOWN,,,,,15,1789826760000,1789827840000
928497,20260566782_22,20260566782,D,DISPATCHED,O,OPEN,Open,LOCKWOOD DR,36.13999999994927,-86.67000000042204,,,22,"RESIDENCE, HOME",2,290,"VANDALISM- $1,000 OR LESS",PERSONAL (HANDS),2,No,I,INDIVIDUAL (18 AND OVER),F,B,Non-Hispanic,RESIDENT,,,,,09,1789826760000,1789827840000
928225,20260566713_11,20260566713,D,DISPATCHED,U,UNFOUNDED,Closed,905 905,36.18799999983186,-86.75400000018276,,,22,"RESIDENCE, HOME",1,740,POLICE INQUIRY,NONE,1,Yes,I,INDIVIDUAL (18 AND OVER),F,W,Non-Hispanic,UNKNOWN,,,,37206.0,17,1789817400000,1789827420000
921903,20260566698_11,20260566698,D,DISPATCHED,U,UNFOUNDED,Closed,300 300,36.24499999974243,-86.7159999997349,,,90,APARTMENT,1,780,"RECOVERY, STOLEN PROPERTY",NONE,1,No,I,INDIVIDUAL (18 AND OVER),M,W,Hispanic,RESIDENT,,,,37115.0,17,1789821000000,1789827240000
898474,20260566783_11,20260566783,D,DISPATCHED,A,CLEARED BY ARREST,Closed,1624 1624,36.07400000013588,-86.64999999966624,,,22,"RESIDENCE, HOME",1,13B,SIMPLE ASSLT - STRANGULATION (NO LOSS OF CONSCIOUSNESS),PERSONAL (HANDS),1,Yes,I,INDIVIDUAL (18 AND OVER),F,B,Non-Hispanic,RESIDENT,,,,37013.0,09,1789824600000,1789827180000
898475,20260566783_21,20260566783,D,DISPATCHED,A,CLEARED BY ARREST,Closed,1624 1624,36.07400000013588,-86.64999999966624,,,22,"RESIDENCE, HOME",2,290,"VANDALISM- >$1,000 BUT < $2,500",PERSONAL (HANDS),1,Yes,I,INDIVIDUAL (18 AND OVER),F,B,Non-Hispanic,RESIDENT,,,,37013.0,09,1789824600000,1789827180000
928495,20260566643_11,20260566643,D,DISPATCHED,A,CLEARED BY ARREST,Closed,1285 1285,36.1420000001408,-86.76199999994608,,,90,APARTMENT,1,13B,SIMPLE ASSLT,PERSONAL (HANDS),1,Yes,I,INDIVIDUAL (18 AND OVER),F,B,Non-Hispanic,RESIDENT,,,,37210.0,09,1789815600000,1789827000000
930234,20260566731_11,20260566731,D,DISPATCHED,O,OPEN,Open,HAYES,36.15000000024567,-86.80000000039394,,,20,"PARKING LOT, GARAGE",1,240,VEHICLE THEFT,NONE,1,No,I,INDIVIDUAL (18 AND OVER),F,W,Non-Hispanic,NON RESIDENT,,,,,17,1789750800000,1789826220000
897830,20260566737_11,20260566737,D,DISPATCHED,O,OPEN,Open,ANDERSON RD,36.090000000189825,-86.60999999995128,,,8,"DEPARTMENT, DISCOUNT STORE",1,23C,SHOPLIFTING,NONE,1,No,B,BUSINESS,,,,,,,,,17,1789823580000,1789826160000
897826,20260566717_11,20260566717,D,DISPATCHED,O,OPEN,Open,SPENCE LN,36.13999999994927,-86.72000000006571,,,20,"PARKING LOT, GARAGE",1,23F,BURGLARY - MOTOR VEHICLE,Unarmed,1,No,I,INDIVIDUAL (18 AND OVER),F,W,Non-Hispanic,NON RESIDENT,,,,,16,1789772400000,1789826100000
897828,20260566717_12,20260566717,D,DISPATCHED,O,OPEN,Open,SPENCE LN,36.13999999994927,-86.72000000006571,,,20,"PARKING LOT, GARAGE",1,23F,BURGLARY - MOTOR VEHICLE,Unarmed,2,No,I,INDIVIDUAL (18 AND OVER),M,W,Non-Hispanic,NON RESIDENT,,,,,16,1789772400000,1789826100000
897824,20260566684_11,20260566684,D,DISPATCHED,O,OPEN,Open,FRIST BLVD,36.18000000021363,-86.60999999995128,,,9,HOSPITAL,1,23D,LARC - FROM BLDG,NONE,1,No,I,INDIVIDUAL (18 AND OVER),F,W,Non-Hispanic,NON RESIDENT,,,,,17,1789601400000,1789824120000
924703,20260566703_11,20260566703,D,DISPATCHED,O,OPEN,Open,COMMERCE ST,36.159999999962295,-86.77999999963816,,,20,"PARKING LOT, GARAGE",1,23F,BURGLARY- MOTOR VEHICLE,Unarmed,1,No,I,INDIVIDUAL (18 AND OVER),F,B,Non-Hispanic,NON RESIDENT,,,,,16,1789747200000,1789823520000
898492,20260566587_11,20260566587,D,DISPATCHED,R,REFUSED TO COOPERATE,Closed,4880 4880,36.0639999998824,-86.71699999981759,,,20,"PARKING LOT, GARAGE",1,290,"VANDALISM- $1,000 OR LESS",PERSONAL (HANDS),1,Yes,I,INDIVIDUAL (18 AND OVER),F,W,Non-Hispanic,NON RESIDENT,,,,37211.0,09,1789816260000,1789823220000
897822,20260566657_11,20260566657,D,DISPATCHED,O,OPEN,Open,BENT WOOD CV,36.0399999997254,-86.61999999988002,,,22,"RESIDENCE, HOME",1,23F,BURGLARY- MOTOR VEHICLE,Unarmed,1,No,I,INDIVIDUAL (18 AND OVER),F,B,Non-Hispanic,RESIDENT,,,,,16,1789779600000,1789822620000
898495,20260566650_11,20260566650,D,DISPATCHED,O,OPEN,Open,BELL RD,36.059999999965356,-86.6399999997375,,,20,"PARKING LOT, GARAGE",1,290,"VANDALISM- $2,500 OR > BUT < $10,000",Unarmed,1,No,B,BUSINESS,,,,,,,,,16,1789804800000,1789822260000
928209,20260566456_11,20260566456,D,DISPATCHED,O,OPEN,Open,RICHARDS RD,36.06999999966938,-86.68000000035076,,,20,"PARKING LOT, GARAGE",1,23F,BURGLARY - MOTOR VEHICLE,Unarmed,1,No,I,INDIVIDUAL (18 AND OVER),M,B,Non-Hispanic,RESIDENT,,,,,16,1789768800000,1789821840000
928210,20260566456_12,20260566456,D,DISPATCHED,O,OPEN,Open,RICHARDS RD,36.06999999966938,-86.68000000035076,,,20,"PARKING LOT, GARAGE",1,23F,BURGLARY - MOTOR VEHICLE,Unarmed,2,Yes,I,INDIVIDUAL (18 AND OVER),F,B,Non-Hispanic,RESIDENT,,,,,16,1789768800000,1789821840000
931329,20260566293_11,20260566293,D,DISPATCHED,A,CLEARED BY ARREST,Closed,301 301,36.15299999973159,-86.80499999990916,,,13,"HIGHWAY, ROAD, ALLEY",1,90D,DRIVING UNDER THE INFLUENCE,NONE,1,No,S,SOCIETY,,,,,,,,37203.0,17,1789795800000,1789821420000
897471,20260566627_11,20260566627,D,DISPATCHED,O,OPEN,Open,27TH AVE N,36.15000000024567,-86.81000000032267,,,13,"HIGHWAY, ROAD, ALLEY",1,13B,SIMPLE ASSLT,PERSONAL (HANDS),1,No,I,INDIVIDUAL (18 AND OVER),F,W,Non-Hispanic,UNKNOWN,,,,,09,1789812900000,1789821300000
932809,20260566526_11,20260566526,D,DISPATCHED,U,UNFOUNDED,Closed,4905 4905,,,,,22,"RESIDENCE, HOME",1,740,POLICE INQUIRY,,1,Yes,I,INDIVIDUAL (18 AND OVER),F,U,Unknown,NON RESIDENT,,,,37013.0,,1789808400000,1789820880000
895277,20260566592_11,20260566592,D,DISPATCHED,U,UNFOUNDED,Closed,181 181,36.281999999949946,-86.70399999964074,,,90,APARTMENT,1,740,POLICE INQUIRY,NONE,1,Yes,I,INDIVIDUAL (18 AND OVER),F,W,Non-Hispanic,RESIDENT,,,,37115.0,17,1789810200000,1789819920000
929638,20260566352_11,20260566352,D,DISPATCHED,U,UNFOUNDED,Closed,1034 1034,36.208999999679975,-86.73599999959238,,,5,"COMMERCIAL, OFFICE BUILDING",1,740,POLICE INQUIRY,,1,No,I,INDIVIDUAL (18 AND OVER),F,B,Non-Hispanic,NON RESIDENT,,,,37216.0,,1789791300000,1789816980000
927326,20260566055_11,20260566055,D,DISPATCHED,R,REFUSED TO COOPERATE,Closed,2929 2929,36.03800000003947,-86.63700000038769,,,22,"RESIDENCE, HOME",1,13B,SIMPLE ASSLT,PERSONAL (HANDS),1,Yes,I,INDIVIDUAL (18 AND OVER),F,B,Non-Hispanic,RESIDENT,,,,37013.0,09,1789786800000,1789816140000
918441,20260566538_11,20260566538,D,DISPATCHED,U,UNFOUNDED,Closed,639 639,36.1539999996859,-86.77700000028835,,,13,"HIGHWAY, ROAD, ALLEY",1,740,POLICE INQUIRY,NONE,1,No,I,INDIVIDUAL (18 AND OVER),M,W,Non-Hispanic,RESIDENT,,,,37203.0,17,1789812000000,1789816020000
897457,20260566381_11,20260566381,D,DISPATCHED,O,OPEN,Open,MURFREESBORO,36.129999999702626,-86.72000000006571,,,2,"BANK, SAVINGS AND LOAN",1,120,ROBBERY,Unarmed,1,No,I,INDIVIDUAL (18 AND OVER),M,W,Non-Hispanic,RESIDENT,,,,,16,1789798500000,1789815180000
897458,20260566381_21,20260566381,D,DISPATCHED,O,OPEN,Open,MURFREESBORO,36.129999999702626,-86.72000000006571,,,2,"BANK, SAVINGS AND LOAN",2,810,LOST PROPERTY,NONE,1,No,I,INDIVIDUAL (18 AND OVER),M,W,Non-Hispanic,RESIDENT,,,,,17,1789798500000,1789815180000
897460,20260566381_32,20260566381,D,DISPATCHED,O,OPEN,Open,MURFREESBORO,36.129999999702626,-86.72000000006571,,,2,"BANK, SAVINGS AND LOAN",3,520,"WEAPON OFFENSE, CRIMINAL ATTEMPT",Unarmed,2,No,S,SOCIETY,,,,,,,,,16,1789798500000,1789815180000
929635,20260566552_11,20260566552,D,DISPATCHED,U,UNFOUNDED,Closed,4648 4648,36.29000000028829,-86.7899999995669,,,22,"RESIDENCE, HOME",1,740,POLICE INQUIRY,NONE,1,Yes,I,INDIVIDUAL (18 AND OVER),F,B,Non-Hispanic,RESIDENT,,,,37189.0,17,1789815120000,1789815120000
929629,20260566074_11,20260566074,D,DISPATCHED,U,UNFOUNDED,Closed,4982 4982,36.07400000013588,-86.73200000015987,,,20,"PARKING LOT, GARAGE",1,740,POLICE INQUIRY,NONE,1,No,I,INDIVIDUAL (18 AND OVER),F,W,Hispanic,RESIDENT,,,,37211.0,17,1789783920000,1789812660000
929633,20260566188_11,20260566188,D,DISPATCHED,U,UNFOUNDED,Closed,110 110,36.05900000016603,-86.6179999997146,,,90,APARTMENT,1,740,POLICE INQUIRY,NONE,1,Yes,I,INDIVIDUAL (18 AND OVER),F,W,Non-Hispanic,RESIDENT,,,,37013.0,17,1789789920000,1789812660000
929625,20260566506_11,20260566506,D,DISPATCHED,U,UNFOUNDED,Closed,365 365,36.08800000003139,-86.71100000021968,,,22,"RESIDENCE, HOME",1,740,POLICE INQUIRY,NONE,1,Yes,I,INDIVIDUAL (18 AND OVER),F,B,Non-Hispanic,RESIDENT,,,,37211.0,17,1789808400000,1789812240000
929624,20260566436_11,20260566436,D,DISPATCHED,U,UNFOUNDED,Closed,333 333,36.25999999986106,-86.71300000038511,,,90,APARTMENT,1,740,POLICE INQUIRY,,1,Yes,I,INDIVIDUAL (18 AND OVER),F,B,Non-Hispanic,RESIDENT,,,,37115.0,,1789797000000,1789811520000
924711,20260566491_11,20260566491,D,DISPATCHED,U,UNFOUNDED,Closed,216 216,36.25900000025185,-86.68499999986597,,,22,"RESIDENCE, HOME",1,740,POLICE INQUIRY,NONE,1,Yes,I,INDIVIDUAL (18 AND OVER),F,U,Unknown,NON RESIDENT,,,,37115.0,17,1789808340000,1789811400000
932247,20260566423_11,20260566423,D,DISPATCHED,U,UNFOUNDED,Closed,2037 2037,36.13099999975425,-86.78199999980357,,,22,"RESIDENCE, HOME",1,740,POLICE INQUIRY,NONE,1,No,I,INDIVIDUAL (18 AND OVER),M,W,Non-Hispanic,RESIDENT,,,,37204.0,17,1789786800000,1789809480000
928208,20260566472_11,20260566472,D,DISPATCHED,A,CLEARED BY ARREST,Closed,2407 2407,36.209999999706326,-86.77800000037105,,,23,RESTAURANT,1,23D,LARC - FROM BLDG,NONE,1,No,B,BUSINESS,,,,,,,,37207.0,17,1789809420000,1789809420000
894842,20260566445_11,20260566445,D,DISPATCHED,U,UNFOUNDED,Closed,2511 2511,36.15200000008144,-86.68100000043347,,,20,"PARKING LOT, GARAGE",1,740,POLICE INQUIRY,NONE,1,Yes,I,INDIVIDUAL (18 AND OVER),M,B,Non-Hispanic,RESIDENT,,,,37214.0,17,1789797600000,1789809180000
929620,20260566442_11,20260566442,D,DISPATCHED,U,UNFOUNDED,Closed,5610 5610,36.17599999966112,-86.60300000027065,,,90,APARTMENT,1,740,POLICE INQUIRY,NONE,1,Yes,I,INDIVIDUAL (18 AND OVER),F,W,Non-Hispanic,UNKNOWN,,,,37076.0,17,1789804800000,1789809000000
923925,20260566458_11,20260566458,D,DISPATCHED,O,OPEN,Open,,,,,,26,SPECIALTY STORE,1,290,"VANDALISM- $1,000 OR LESS",Unarmed,1,No,B,BUSINESS,,,,,,,,,16,1789804800000,1789808700000
897462,20260566366_11,20260566366,D,DISPATCHED,O,OPEN,Open,ANTIOCH,36.099999999750025,-86.72000000006571,,,22,"RESIDENCE, HOME",1,13C,ASSAULT- FEAR OF BODILY INJURY,,1,Yes,I,INDIVIDUAL (18 AND OVER),F,W,Non-Hispanic,NON RESIDENT,,,,,,1789798500000,1789807320000
930233,20260566460_11,20260566460,S,SUSPECT,U,UNFOUNDED,Closed,601 601,36.15499999994384,-86.77700000028835,,,13,"HIGHWAY, ROAD, ALLEY",1,715,FOUND PROPERTY,NONE,1,No,I,INDIVIDUAL (18 AND OVER),M,U,Unknown,NON RESIDENT,,,,37203.0,17,1789806960000,1789806960000
928222,20260566430_11,20260566430,D,DISPATCHED,U,UNFOUNDED,Closed,121 121,36.159999999962295,-86.77700000028835,,,13,"HIGHWAY, ROAD, ALLEY",1,740,POLICE INQUIRY,PERSONAL (HANDS),1,No,I,INDIVIDUAL (18 AND OVER),M,W,Non-Hispanic,NON RESIDENT,,,,37203.0,09,1789803000000,1789806720000
897468,20260566401_11,20260566401,D,DISPATCHED,O,OPEN,Open,MARONEY,36.059999999965356,-86.59000000009381,,,22,"RESIDENCE, HOME",1,13B,SIMPLE ASSLT,PERSONAL (HANDS),1,Yes,I,INDIVIDUAL (18 AND OVER),F,W,Hispanic,RESIDENT,,,,,09,1789801200000,1789806660000
920947,20260566415_11,20260566415,D,DISPATCHED,O,OPEN,Open,CHURCH ST,36.159999999962295,-86.7899999995669,,,3,"BAR, NIGHT CLUB",1,13B,ASSAULT- OFFENSIVE OR PROVOCATIVE CONTACT,PERSONAL (HANDS),1,No,I,INDIVIDUAL (18 AND OVER),F,W,Non-Hispanic,RESIDENT,,,,,09,1789800600000,1789805820000
920951,20260566391_11,20260566391,D,DISPATCHED,O,OPEN,Open,ELM HILL PIKE,36.15000000024567,-86.69000000027951,,,14,"HOTEL, MOTEL, ETC.",1,120,"ROBBERY, AGGRAVATED, HANDGUN",HANDGUN,1,Yes,I,INDIVIDUAL (18 AND OVER),F,W,Non-Hispanic,NON RESIDENT,,,,,01,1789797960000,1789805580000
920955,20260566391_22,20260566391,D,DISPATCHED,O,OPEN,Open,ELM HILL PIKE,36.15000000024567,-86.69000000027951,,,14,"HOTEL, MOTEL, ETC.",2,520,"WEAPON OFFENSE, CRIMINAL ATTEMPT",HANDGUN,2,No,S,SOCIETY,,,,,,,,,01,1789797960000,1789805580000
928221,20260566346_11,20260566346,D,DISPATCHED,O,OPEN,Open,CHARLOTTE AVE,36.15000000024567,-86.82000000025143,,,90,APARTMENT,1,90Z,NO CONTACT ORDER VIOLATION - DV BOND CONDITION,NONE,1,Yes,I,INDIVIDUAL (18 AND OVER),F,W,Non-Hispanic,RESIDENT,,,,,17,1789803600000,1789803600000
897469,20260566406_11,20260566406,S,SUSPECT,A,CLEARED BY ARREST,Closed,4TH AVE N & BROADWAY,36.16099999985248,-86.77700000028835,,,13,"HIGHWAY, ROAD, ALLEY",1,13B,ASSAULT- OFFENSIVE OR PROVOCATIVE CONTACT,PERSONAL (HANDS),1,No,I,INDIVIDUAL (18 AND OVER),M,W,Non-Hispanic,NON RESIDENT,,,,37219.0,09,1789803300000,1789803420000
897466,20260566377_11,20260566377,D,DISPATCHED,O,OPEN,Open,DIVISION,36.15000000024567,-86.80000000039394,,,3,"BAR, NIGHT CLUB",1,13B,SIMPLE ASSLT,PERSONAL (HANDS),1,No,I,INDIVIDUAL (18 AND OVER),M,B,Non-Hispanic,NON RESIDENT,,,,,09,1789797600000,1789803120000
924687,20260565992_11,20260565992,D,DISPATCHED,U,UNFOUNDED,Closed,1716 1716,36.18100000016468,-86.79600000006313,,,54,Shelter-Mission/Homeless,1,740,TRANSPORT,NONE,1,No,I,INDIVIDUAL (18 AND OVER),F,B,Non-Hispanic,RESIDENT,,,,37208.0,17,1789784100000,1789803060000
928220,20260566393_11,20260566393,D,DISPATCHED,U,UNFOUNDED,Closed,100 100,36.10100000012253,-86.71899999998301,,,90,APARTMENT,1,740,POLICE INQUIRY,NONE,1,Yes,I,INDIVIDUAL (18 AND OVER),M,W,Non-Hispanic,NON RESIDENT,,,,37211.0,17,1789800300000,1789802460000
894914,20260566370_11,20260566370,S,SUSPECT,A,CLEARED BY ARREST,Closed,123 123,36.16099999985248,-86.77500000012294,,,13,"HIGHWAY, ROAD, ALLEY",1,13B,ASSAULT- OFFENSIVE OR PROVOCATIVE CONTACT,PERSONAL (HANDS),1,No,I,INDIVIDUAL (18 AND OVER),M,U,Non-Hispanic,NON RESIDENT,,,,37201.0,09,1789800300000,1789801740000
929618,20260565848_11,20260565848,D,DISPATCHED,U,UNFOUNDED,Closed,2165 2165,36.127999999830735,-86.75400000018276,,,22,"RESIDENCE, HOME",1,740,POLICE INQUIRY,NONE,1,No,I,INDIVIDUAL (18 AND OVER),F,W,Non-Hispanic,RESIDENT,,,,37211.0,17,1789750800000,1789801020000
928579,20260566326_11,20260566326,D,DISPATCHED,U,UNFOUNDED,Closed,3RD AVE N & CHURCH ST,36.16399999986469,-86.77800000037105,,,13,"HIGHWAY, ROAD, ALLEY",1,740,POLICE INQUIRY,NONE,1,Yes,I,INDIVIDUAL (18 AND OVER),M,U,Unknown,NON RESIDENT,,,,37201.0,17,1789797300000,1789800600000
928205,20260566300_11,20260566300,S,SUSPECT,,,Closed,365 365,36.16900000026128,-86.76300000002878,,,20,"PARKING LOT, GARAGE",1,35B,DRUG PARAPHERNALIA- UNLAWFUL USE,NONE,1,No,S,SOCIETY,,,,,,,,37206.0,17,1789796640000,1789800540000
894904,20260566006_11,20260566006,D,DISPATCHED,O,OPEN,Open,39TH AVE N,36.159999999962295,-86.83000000018018,,,22,"RESIDENCE, HOME",1,13A,"Assault, Aggravated - Deadly Weapon - Int/Kn",HANDGUN,1,Yes,I,INDIVIDUAL (18 AND OVER),F,B,Non-Hispanic,RESIDENT,,,,,01,1789783200000,1789800240000
894907,20260566006_22,20260566006,D,DISPATCHED,O,OPEN,Open,39TH AVE N,36.159999999962295,-86.83000000018018,,,22,"RESIDENCE, HOME",2,520,"WEAPON OFFENSE, CRIMINAL ATTEMPT",HANDGUN,2,No,S,SOCIETY,,,,,,,,,01,1789783200000,1789800240000
918440,20260566195_11,20260566195,D,DISPATCHED,U,UNFOUNDED,Closed,411 411,36.144000000126155,-86.74899999976923,,,90,APARTMENT,1,740,POLICE INQUIRY,NONE,1,Yes,I,INDIVIDUAL (18 AND OVER),F,B,Non-Hispanic,NON RESIDENT,,,,37210.0,17,1789790400000,1789800060000
894659,20260566345_11,20260566345,D,DISPATCHED,O,OPEN,Open,DONELSON,36.15000000024567,-86.67000000042204,,,71,PHARMACY,1,23C,"THEFT OF MERCHANDISE- $1,000 OR LESS",NONE,1,No,B,BUSINESS,,,,,,,,,17,1789792560000,1789799640000
918439,20260565956_11,20260565956,D,DISPATCHED,U,UNFOUNDED,Closed,675 675,36.080000000195604,-86.74999999985195,,,22,"RESIDENCE, HOME",1,740,POLICE INQUIRY,NONE,1,Yes,I,INDIVIDUAL (18 AND OVER),F,W,Non-Hispanic,RESIDENT,,,,37211.0,17,1789779600000,1789799100000
932246,20260566271_11,20260566271,D,DISPATCHED,U,UNFOUNDED,Closed,600 600,36.068999999898516,-86.72999999999446,,,90,APARTMENT,1,740,POLICE INQUIRY,NONE,1,Yes,I,INDIVIDUAL (18 AND OVER),F,W,Hispanic,RESIDENT,,,,37211.0,17,1789786800000,1789798200000
932245,20260566185_11,20260566185,D,DISPATCHED,U,UNFOUNDED,Closed,3816 3816,36.16500000022236,-86.6150000003648,,,22,"RESIDENCE, HOME",1,740,POLICE INQUIRY,NONE,1,Yes,I,INDIVIDUAL (18 AND OVER),F,W,Hispanic,UNKNOWN,,,,37076.0,17,1789791300000,1789797600000
923956,20260566274_11,20260566274,D,DISPATCHED,U,UNFOUNDED,Closed,717 717,36.137000000193275,-86.72400000039654,,,90,APARTMENT,1,740,POLICE INQUIRY,NONE,1,Yes,I,INDIVIDUAL (18 AND OVER),F,W,Non-Hispanic,UNKNOWN,,,,37217.0,17,1789795800000,1789797360000
925092,20260566253_11,20260566253,S,SUSPECT,A,CLEARED BY ARREST,Closed,501 501,36.159999999962295,-86.77899999955544,,,13,"HIGHWAY, ROAD, ALLEY",1,13B,SIMPLE ASSLT,PERSONAL (HANDS),1,No,I,INDIVIDUAL (18 AND OVER),M,W,Non-Hispanic,RESIDENT,,,,37203.0,09,1789782600000,1789797060000
929456,20260566281_11,20260566281,D,DISPATCHED,U,UNFOUNDED,Closed,2901 2901,36.16800000017144,-86.82200000041685,,,20,"PARKING LOT, GARAGE",1,740,POLICE INQUIRY,NONE,1,Yes,I,INDIVIDUAL (18 AND OVER),M,B,Non-Hispanic,RESIDENT,,,,37209.0,17,1789794300000,1789796940000
897450,20260566148_11,20260566148,D,DISPATCHED,A,CLEARED BY ARREST,Closed,201 201,36.156999999917204,-86.78099999972085,,,14,"HOTEL, MOTEL, ETC.",1,13B,SIMPLE ASSLT,PERSONAL (HANDS),1,No,I,INDIVIDUAL (18 AND OVER),M,W,Non-Hispanic,UNKNOWN,,,,37203.0,09,1789789800000,1789796520000
897453,20260566148_12,20260566148,D,DISPATCHED,A,CLEARED BY ARREST,Closed,201 201,36.156999999917204,-86.78099999972085,,,14,"HOTEL, MOTEL, ETC.",1,13B,SIMPLE ASSLT,PERSONAL (HANDS),2,No,I,INDIVIDUAL (18 AND OVER),F,W,Non-Hispanic,RESIDENT,,,,37203.0,09,1789789800000,1789796520000
897456,20260566148_13,20260566148,D,DISPATCHED,A,CLEARED BY ARREST,Closed,201 201,36.156999999917204,-86.78099999972085,,,14,"HOTEL, MOTEL, ETC.",1,13B,SIMPLE ASSLT,PERSONAL (HANDS),3,No,I,INDIVIDUAL (18 AND OVER),M,W,Hispanic,RESIDENT,,,,37203.0,09,1789789800000,1789796520000
897459,20260566148_24,20260566148,D,DISPATCHED,A,CLEARED BY ARREST,Closed,201 201,36.156999999917204,-86.78099999972085,,,14,"HOTEL, MOTEL, ETC.",2,26A,THEFT OF SERVICES-  $500 OR LESS,PERSONAL (HANDS),4,No,B,BUSINESS,,,,,,,,37203.0,09,1789789800000,1789796520000
931351,20260566283_11,20260566283,D,DISPATCHED,O,OPEN,Open,WEST END,36.15000000024567,-86.7899999995669,,,14,"HOTEL, MOTEL, ETC.",1,13B,SIMPLE ASSLT,PERSONAL (HANDS),1,Yes,U,UNKNOWN,M,W,Non-Hispanic,NON RESIDENT,,,,,09,1789794480000,1789796340000
894669,20260566233_11,20260566233,D,DISPATCHED,O,OPEN,Open,SILVERTON,36.25999999986106,-86.76999999970943,,,22,"RESIDENCE, HOME",1,13B,SIMPLE ASSLT - STRANGULATION (NO LOSS OF CONSCIOUSNESS),PERSONAL (HANDS),1,Yes,I,INDIVIDUAL (18 AND OVER),M,B,Non-Hispanic,RESIDENT,,,,,09,1789793520000,1789796220000
894670,20260566233_12,20260566233,D,DISPATCHED,O,OPEN,Open,SILVERTON,36.25999999986106,-86.76999999970943,,,22,"RESIDENCE, HOME",1,13B,SIMPLE ASSLT - STRANGULATION (NO LOSS OF CONSCIOUSNESS),PERSONAL (HANDS),2,Yes,I,INDIVIDUAL (18 AND OVER),M,B,Non-Hispanic,RESIDENT,,,,,09,1789793520000,1789796220000
925086,20260565561_11,20260565561,D,DISPATCHED,O,OPEN,Open,CHURCH,36.159999999962295,-86.77999999963816,,,13,"HIGHWAY, ROAD, ALLEY",1,13A,"ASSAULT, VEHICULAR, AGGRAVATED",MOTOR VEHICLE,1,No,I,INDIVIDUAL (18 AND OVER),F,W,Non-Hispanic,RESIDENT,,,,,08,1789759800000,1789795680000
921752,20260566213_11,20260566213,D,DISPATCHED,U,UNFOUNDED,Closed,1130 1130,36.18799999983186,-86.74500000033673,,,22,"RESIDENCE, HOME",1,740,TRANSPORT,NONE,1,No,I,INDIVIDUAL (18 AND OVER),F,W,Non-Hispanic,UNKNOWN,,,,37206.0,17,1789790100000,1789795620000
921899,20260565908_11,20260565908,D,DISPATCHED,O,OPEN,Open,ASHLAND CITY HWY,36.209999999706326,-86.86999999989513,,,13,"HIGHWAY, ROAD, ALLEY",1,780,"RECOVERY, STOLEN PROPERTY",,1,No,B,BUSINESS,,,,,,,,,,1789779600000,1789795140000
930224,20260566108_14,20260566108,S,SUSPECT,A,CLEARED BY ARREST,Closed,E TRINITY LN & GALLATIN PIKE,36.20399999996701,-86.73899999984049,,,13,"HIGHWAY, ROAD, ALLEY",1,780,"RECOVERY, STOLEN PROPERTY",HANDGUN,4,No,I,INDIVIDUAL (18 AND OVER),M,B,Non-Hispanic,RESIDENT,,,,37216.0,01,1789791360000,1789795140000
930225,20260566108_15,20260566108,S,SUSPECT,A,CLEARED BY ARREST,Closed,E TRINITY LN & GALLATIN PIKE,36.20399999996701,-86.73899999984049,,,13,"HIGHWAY, ROAD, ALLEY",1,780,"RECOVERY, STOLEN PROPERTY",HANDGUN,5,No,I,INDIVIDUAL (18 AND OVER),M,W,Hispanic,RESIDENT,,,,37216.0,01,1789791360000,1789795140000
930226,20260566108_19,20260566108,S,SUSPECT,A,CLEARED BY ARREST,Closed,E TRINITY LN & GALLATIN PIKE,36.20399999996701,-86.73899999984049,,,13,"HIGHWAY, ROAD, ALLEY",1,780,"RECOVERY, STOLEN PROPERTY",HANDGUN,9,No,I,INDIVIDUAL (18 AND OVER),F,W,Non-Hispanic,NON RESIDENT,,,,37216.0,01,1789791360000,1789795140000
930227,20260566108_28,20260566108,S,SUSPECT,A,CLEARED BY ARREST,Closed,E TRINITY LN & GALLATIN PIKE,36.20399999996701,-86.73899999984049,,,13,"HIGHWAY, ROAD, ALLEY",2,13A,AGGRAV ASSLT - POL OFF-WEAPON,MOTOR VEHICLE,8,No,P,POLICE OFFICER,M,W,Non-Hispanic,UNKNOWN,,,,37216.0,08,1789791360000,1789795140000
930228,20260566108_36,20260566108,S,SUSPECT,A,CLEARED BY ARREST,Closed,E TRINITY LN & GALLATIN PIKE,36.20399999996701,-86.73899999984049,,,13,"HIGHWAY, ROAD, ALLEY",3,715,FOUND PROPERTY,HANDGUN,6,No,B,BUSINESS,,,,,,,,37216.0,01,1789791360000,1789795140000
930229,20260566108_37,20260566108,S,SUSPECT,A,CLEARED BY ARREST,Closed,E TRINITY LN & GALLATIN PIKE,36.20399999996701,-86.73899999984049,,,13,"HIGHWAY, ROAD, ALLEY",3,715,FOUND PROPERTY,HANDGUN,7,No,I,INDIVIDUAL (18 AND OVER),U,U,Unknown,RESIDENT,,,,37216.0,01,1789791360000,1789795140000
930230,20260566108_33,20260566108,S,SUSPECT,A,CLEARED BY ARREST,Closed,E TRINITY LN & GALLATIN PIKE,36.20399999996701,-86.73899999984049,,,13,"HIGHWAY, ROAD, ALLEY",3,715,FOUND PROPERTY,HANDGUN,3,No,I,INDIVIDUAL (18 AND OVER),F,A,Non-Hispanic,NON RESIDENT,,,,37216.0,01,1789791360000,1789795140000
930231,20260566108_41,20260566108,S,SUSPECT,A,CLEARED BY ARREST,Closed,E TRINITY LN & GALLATIN PIKE,36.20399999996701,-86.73899999984049,,,13,"HIGHWAY, ROAD, ALLEY",4,520,"WEAPON OFFENSE, CRIMINAL ATTEMPT",HANDGUN,1,No,S,SOCIETY,,,,,,,,37216.0,01,1789791360000,1789795140000
930232,20260566108_51,20260566108,S,SUSPECT,A,CLEARED BY ARREST,Closed,E TRINITY LN & GALLATIN PIKE,36.20399999996701,-86.73899999984049,,,13,"HIGHWAY, ROAD, ALLEY",5,35B,DRUG PARAPHERNALIA- UNLAWFUL USE,HANDGUN,1,No,S,SOCIETY,,,,,,,,37216.0,01,1789791360000,1789795140000
895683,20260565920_11,20260565920,D,DISPATCHED,O,OPEN,Open,CHEYENNE BLVD,36.25999999986106,-86.68000000035076,,,90,APARTMENT,1,13B,SIMPLE ASSLT,PERSONAL (HANDS),1,Yes,I,INDIVIDUAL (18 AND OVER),F,W,Hispanic,RESIDENT,,,,,09,1789780560000,1789794960000
930196,20260566226_11,20260566226,D,DISPATCHED,U,UNFOUNDED,Closed,2999 2999,36.08699999974394,-86.60400000035337,,,22,"RESIDENCE, HOME",1,740,POLICE INQUIRY,NONE,1,Yes,I,INDIVIDUAL (18 AND OVER),F,U,Unknown,RESIDENT,,,,37217.0,17,1789793580000,1789794600000
930223,20260566215_11,20260566215,S,SUSPECT,A,CLEARED BY ARREST,Closed,3002 3002,36.10799999979577,-86.74300000017132,,,13,"HIGHWAY, ROAD, ALLEY",1,780,"RECOVERY, STOLEN PROPERTY",MOTOR VEHICLE,1,No,I,INDIVIDUAL (18 AND OVER),M,W,Non-Hispanic,NON RESIDENT,,,,37211.0,08,1789791360000,1789794360000
930195,20260566207_11,20260566207,D,DISPATCHED,U,UNFOUNDED,Closed,5731 5731,36.128999999969736,-86.91099999969278,,,90,APARTMENT,1,740,POLICE INQUIRY,NONE,1,Yes,I,INDIVIDUAL (18 AND OVER),F,B,Non-Hispanic,UNKNOWN,,,,37209.0,17,1789788600000,1789794060000
924659,20260565834_11,20260565834,D,DISPATCHED,O,OPEN,Open,BROOKRIDGE TRL,36.080000000195604,-86.72000000006571,,,90,APARTMENT,1,13C,ASSAULT- FEAR OF BODILY INJURY,,1,No,I,INDIVIDUAL (18 AND OVER),F,W,Hispanic,RESIDENT,,,,,,1789777200000,1789793640000
924657,20260566202_11,20260566202,D,DISPATCHED,O,OPEN,Open,MURFREESBORO PIKE,36.080000000195604,-86.6399999997375,,,20,"PARKING LOT, GARAGE",1,13A,"Assault, Aggravated - Deadly Weapon - Int/Kn",MOTOR VEHICLE,1,No,I,INDIVIDUAL (18 AND OVER),F,W,Hispanic,RESIDENT,,,,,08,1789790400000,1789793340000
924658,20260566202_22,20260566202,D,DISPATCHED,O,OPEN,Open,MURFREESBORO PIKE,36.080000000195604,-86.6399999997375,,,20,"PARKING LOT, GARAGE",2,520,"WEAPON OFFENSE, CRIMINAL ATTEMPT",HANDGUN,2,No,S,SOCIETY,,,,,,,,,01,1789790400000,1789793340000
898468,20260565831_11,20260565831,D,DISPATCHED,R,REFUSED TO COOPERATE,Closed,728 728,36.25000000002025,-86.69200000044492,,,22,"RESIDENCE, HOME",1,13C,ASSAULT- FEAR OF BODILY INJURY,,1,Yes,I,INDIVIDUAL (18 AND OVER),F,B,Non-Hispanic,RESIDENT,,,,37115.0,,1789777020000,1789793100000
930194,20260565903_11,20260565903,D,DISPATCHED,U,UNFOUNDED,Closed, & HERMAN ST,36.16399999986469,-86.80099999957834,,,90,APARTMENT,1,740,POLICE INQUIRY,NONE,1,Yes,I,INDIVIDUAL (18 AND OVER),F,U,Unknown,RESIDENT,,,,,17,1789777380000,1789792440000
920939,20260566147_11,20260566147,S,SUSPECT,O,OPEN,Open,CHURCH,36.159999999962295,-86.77999999963816,,,3,"BAR, NIGHT CLUB",1,13B,ASSAULT- OFFENSIVE OR PROVOCATIVE CONTACT,PERSONAL (HANDS),1,No,I,INDIVIDUAL (18 AND OVER),M,W,Non-Hispanic,UNKNOWN,,,,,09,1789788000000,1789791960000
897465,20260566115_11,20260566115,D,DISPATCHED,O,OPEN,Open,CHEYENNE BLVD,36.25999999986106,-86.68000000035076,,,90,APARTMENT,1,13C,ASSAULT- FEAR OF BODILY INJURY,,1,Yes,I,INDIVIDUAL (18 AND OVER),F,W,Non-Hispanic,RESIDENT,,,,,,1789787700000,1789791780000
897454,20260566124_11,20260566124,D,DISPATCHED,O,OPEN,Open,SADLER AVE,36.129999999702626,-86.74999999985195,,,22,"RESIDENCE, HOME",1,13B,SIMPLE ASSLT,PERSONAL (HANDS),1,Yes,I,INDIVIDUAL (18 AND OVER),F,W,Non-Hispanic,RESIDENT,,,,,09,1789786800000,1789791660000
930193,20260566012_11,20260566012,S,SUSPECT,U,UNFOUNDED,Closed,121 121,36.159999999962295,-86.77700000028835,,,13,"HIGHWAY, ROAD, ALLEY",1,740,POLICE INQUIRY,,1,Yes,I,INDIVIDUAL (18 AND OVER),M,W,Non-Hispanic,NON RESIDENT,,,,37203.0,,1789779600000,1789789860000
920931,20260566047_11,20260566047,D,DISPATCHED,O,OPEN,Open,NOLENSVILLE,36.080000000195604,-86.72999999999446,,,23,RESTAURANT,1,13B,SIMPLE ASSLT,PERSONAL (HANDS),1,No,I,INDIVIDUAL (18 AND OVER),M,W,Non-Hispanic,RESIDENT,,,,,09,1789782000000,1789789800000
919822,20260565999_11,20260565999,D,DISPATCHED,O,OPEN,Open,REP JOHN LEWIS,36.15000000024567,-86.76999999970943,,,1,"AIR, BUS, TRAIN TERMINAL",1,35A,MARIJUANA - POSSESS,NONE,1,No,S,SOCIETY,,,,,,,,,17,1789784460000,1789789560000
929631,20260566069_11,20260566069,D,DISPATCHED,O,OPEN,Open,WEDGEWOOD AVE,36.13999999994927,-86.7899999995669,,,13,"HIGHWAY, ROAD, ALLEY",1,35A,MARIJUANA - POSSESS,NONE,1,No,S,SOCIETY,,,,,,,,,17,1789786740000,1789789320000
924847,20260565906_11,20260565906,D,DISPATCHED,U,UNFOUNDED,Closed,4734 4734,36.215000000222425,-86.5920000002592,,,20,"PARKING LOT, GARAGE",1,740,POLICE INQUIRY,NONE,1,No,I,INDIVIDUAL (18 AND OVER),F,W,Non-Hispanic,RESIDENT,,,,37076.0,17,1789778820000,1789789260000
924844,20260566079_11,20260566079,D,DISPATCHED,U,UNFOUNDED,Closed,822 822,36.1629999998043,-86.80499999990916,,,22,"RESIDENCE, HOME",1,740,POLICE INQUIRY,NONE,1,Yes,I,INDIVIDUAL (18 AND OVER),M,B,Non-Hispanic,RESIDENT,,,,37208.0,17,1789786800000,1789788840000
898494,20260565570_11,20260565570,D,DISPATCHED,A,CLEARED BY ARREST,Closed,4040 4040,36.082999999882595,-86.72400000039654,,,8,"DEPARTMENT, DISCOUNT STORE",1,23C,SHOPLIFTING,NONE,1,No,B,BUSINESS,,,,,,,,37211.0,17,1789767000000,1789788660000
924841,20260565437_11,20260565437,D,DISPATCHED,O,OPEN,Open,WHELESS,36.18000000021363,-86.81000000032267,,,13,"HIGHWAY, ROAD, ALLEY",1,90F,CRIMINAL CONTEMPT-VIOLATION OF ORDER OF PROTECTION,NONE,1,No,I,INDIVIDUAL (18 AND OVER),F,B,Non-Hispanic,UNKNOWN,,,,,17,1789762200000,1789788420000
925121,20260566099_11,20260566099,D,DISPATCHED,O,OPEN,Open,GALLATIN PIKE N,36.29000000028829,-86.70000000020825,,,26,SPECIALTY STORE,1,26B,"CREDIT CARD, FRAUDULENT USE - $1,000 OR LESS",NONE,1,No,B,BUSINESS,,,,,,,,,17,1785438000000,1789787940000
932293,20260565986_11,20260565986,D,DISPATCHED,A,CLEARED BY ARREST,Closed, & CLAIBORNE ST,,,,,22,"RESIDENCE, HOME",1,90J,CRIMINAL TRESPASS,NONE,1,No,S,SOCIETY,,,,,,,,,17,1789784040000,1789787340000
928322,20260566009_11,20260566009,D,DISPATCHED,O,OPEN,Open,1ST AVE N,36.16999999991994,-86.77999999963816,,,19,PARK,1,760,OVERDOSE,NONE,1,No,I,INDIVIDUAL (18 AND OVER),M,W,Non-Hispanic,RESIDENT,,,,,17,1789784820000,1789787160000
928323,20260566009_22,20260566009,D,DISPATCHED,O,OPEN,Open,1ST AVE N,36.16999999991994,-86.77999999963816,,,19,PARK,2,35A,POSSESSION OF A CONTROLLED SUBSTANCE,NONE,2,No,S,SOCIETY,,,,,,,,,17,1789784820000,1789787160000
932291,20260566054_11,20260566054,O,,U,UNFOUNDED,Closed,433 433,36.201999999805906,-86.69299999962931,,,28,"OTHER, UNKNOWN",1,740,POLICE INQUIRY,Unarmed,1,No,I,INDIVIDUAL (18 AND OVER),M,W,Non-Hispanic,NON RESIDENT,,,,37214.0,16,1789786140000,1789786140000
894668,20260566016_11,20260566016,S,SUSPECT,O,OPEN,Open, BROADWAY,36.159999999962295,-86.77999999963816,,,3,"BAR, NIGHT CLUB",1,13B,ASSAULT- OFFENSIVE OR PROVOCATIVE CONTACT,PERSONAL (HANDS),1,No,I,INDIVIDUAL (18 AND OVER),M,W,Non-Hispanic,RESIDENT,,,,,09,1789785000000,1789786020000
894667,20260565960_11,20260565960,D,DISPATCHED,A,CLEARED BY ARREST,Closed,8108 8108,36.01000000015755,-86.68700000003139,,,22,"RESIDENCE, HOME",1,13A,INTENTIONAL AGGRAVATED ASSAULT,OTHER,1,Yes,I,INDIVIDUAL (18 AND OVER),F,B,Non-Hispanic,RESIDENT,,,,37013.0,15,1789779600000,1789785960000
932292,20260565962_11,20260565962,D,DISPATCHED,U,UNFOUNDED,Closed,301 301,36.14699999988796,-86.8149999998379,,,90,APARTMENT,1,740,POLICE INQUIRY,NONE,1,No,I,INDIVIDUAL (18 AND OVER),F,W,Non-Hispanic,RESIDENT,,,,37203.0,17,1789779600000,1789785900000
894658,20260565990_11,20260565990,D,DISPATCHED,O,OPEN,Open,HARDING PIKE,36.129999999702626,-86.84000000010889,,,9,HOSPITAL,1,23G,LARC - PARTS FROM VEH,PERSONAL (HANDS),1,No,I,INDIVIDUAL (18 AND OVER),M,W,Hispanic,RESIDENT,,,,,09,1789772400000,1789785840000
928318,20260566007_11,20260566007,D,DISPATCHED,O,OPEN,Open,DICKERSON,36.19000000021294,-86.76999999970943,,,90,APARTMENT,1,23H,LARC - POSTAL,NONE,1,No,I,INDIVIDUAL (18 AND OVER),F,B,Non-Hispanic,RESIDENT,,,,,17,1789778700000,1789785720000
932290,20260565972_11,20260565972,D,DISPATCHED,U,UNFOUNDED,Closed,307 307,36.16099999985248,-86.77600000020564,,,3,"BAR, NIGHT CLUB",1,740,POLICE INQUIRY,,1,No,I,INDIVIDUAL (18 AND OVER),F,W,Non-Hispanic,NON RESIDENT,,,,37201.0,,1789783500000,1789785240000
930235,20260565749_11,20260565749,D,DISPATCHED,A,CLEARED BY ARREST,Closed,26 26,36.13200000012403,-86.85300000028575,,,8,"DEPARTMENT, DISCOUNT STORE",1,23C,SHOPLIFTING,NONE,1,No,B,BUSINESS,,,,,,,,37209.0,17,1789784700000,1789784700000
932289,20260565877_11,20260565877,D,DISPATCHED,U,UNFOUNDED,Closed,13001 13001,36.01699999981536,-86.61999999988002,,,20,"PARKING LOT, GARAGE",1,740,POLICE INQUIRY,NONE,1,No,I,INDIVIDUAL (18 AND OVER),F,W,Non-Hispanic,RESIDENT,,,,37013.0,17,1789779060000,1789784520000
930236,20260565970_11,20260565970,D,DISPATCHED,U,UNFOUNDED,Closed,121 121,36.159999999962295,-86.77700000028835,,,22,"RESIDENCE, HOME",1,810,LOST PROPERTY,NONE,1,No,I,INDIVIDUAL (18 AND OVER),F,W,Non-Hispanic,NON RESIDENT,,,,37203.0,17,1789614000000,1789784340000
932654,20260565810_11,20260565810,D,DISPATCHED,U,UNFOUNDED,Closed,400 400,36.16699999965114,-86.78099999972085,,,1,"AIR, BUS, TRAIN TERMINAL",1,740,TRANSPORT,,1,No,I,INDIVIDUAL (18 AND OVER),F,W,Non-Hispanic,RESIDENT,,,,37219.0,,1789784040000,1789784040000
932288,20260565914_11,20260565914,D,DISPATCHED,U,UNFOUNDED,Closed,5813 5813,36.183000000200536,-86.58799999992839,,,22,"RESIDENCE, HOME",1,740,POLICE INQUIRY,NONE,1,Yes,I,INDIVIDUAL (18 AND OVER),F,B,Non-Hispanic,UNKNOWN,,,,37076.0,17,1789750800000,1789783740000
897907,20260565737_11,20260565737,D,DISPATCHED,U,UNFOUNDED,Closed,225 225,36.18199999967715,-86.59799999985711,,,22,"RESIDENCE, HOME",1,740,POLICE INQUIRY,NONE,1,No,I,INDIVIDUAL (18 AND OVER),F,B,Non-Hispanic,UNKNOWN,,,,37076.0,17,1789772400000,1789783620000
915310,20260565940_11,20260565940,S,SUSPECT,O,OPEN,Open,BROADWAY,36.159999999962295,-86.77999999963816,,,13,"HIGHWAY, ROAD, ALLEY",1,23H,THEFT OF PROPERTY- $500 OR LESS,NONE,1,No,I,INDIVIDUAL (18 AND OVER),M,W,Non-Hispanic,RESIDENT,,,,,17,1789765200000,1789783320000
925080,20260565910_11,20260565910,D,DISPATCHED,A,CLEARED BY ARREST,Closed,32 32,36.1420000001408,-86.7410000000059,,,22,"RESIDENCE, HOME",1,13B,ASSAULT- OFFENSIVE OR PROVOCATIVE CONTACT,PERSONAL (HANDS),1,Yes,I,INDIVIDUAL (18 AND OVER),F,B,Non-Hispanic,RESIDENT,,,,37210.0,09,1789779600000,1789783320000
894493,20260565930_11,20260565930,D,DISPATCHED,U,UNFOUNDED,Closed,567 567,36.01500000033988,-86.65199999983165,,,22,"RESIDENCE, HOME",1,740,POLICE INQUIRY,NONE,1,No,I,INDIVIDUAL (18 AND OVER),M,W,Non-Hispanic,RESIDENT,,,,37013.0,17,1789774440000,1789782540000
897905,20260565711_11,20260565711,D,DISPATCHED,U,UNFOUNDED,Closed,108 108,36.314000000158295,-86.8860000003201,,,22,"RESIDENCE, HOME",1,740,POLICE INQUIRY,NONE,1,Yes,I,INDIVIDUAL (18 AND OVER),F,W,Non-Hispanic,RESIDENT,,,,37080.0,17,1789770360000,1789782480000
894657,20260565739_11,20260565739,D,DISPATCHED,O,OPEN,Open,DOUGLAS AVE,36.19000000021294,-86.76999999970943,,,53,School-Elementary/Secondary,1,23D,LARC - FROM BLDG,NONE,1,No,I,INDIVIDUAL (18 AND OVER),F,B,Non-Hispanic,RESIDENT,,,,,17,1789048800000,1789780800000
925072,20260565879_11,20260565879,D,DISPATCHED,U,UNFOUNDED,Closed,330 330,36.1629999998043,-86.7880000002998,,,20,"PARKING LOT, GARAGE",1,740,POLICE INQUIRY,NONE,1,No,I,INDIVIDUAL (18 AND OVER),F,W,Non-Hispanic,NON RESIDENT,,,,37203.0,17,1789770600000,1789780740000
925074,20260565879_12,20260565879,D,DISPATCHED,U,UNFOUNDED,Closed,330 330,36.1629999998043,-86.7880000002998,,,20,"PARKING LOT, GARAGE",1,740,POLICE INQUIRY,NONE,2,No,I,INDIVIDUAL (18 AND OVER),F,W,Non-Hispanic,NON RESIDENT,,,,37203.0,17,1789770600000,1789780740000
897900,20260565816_11,20260565816,D,DISPATCHED,U,UNFOUNDED,Closed,97 97,36.082999999882595,-86.70200000037366,,,90,APARTMENT,1,740,POLICE INQUIRY,NONE,1,Yes,I,INDIVIDUAL (18 AND OVER),F,W,Non-Hispanic,RESIDENT,,,,37211.0,17,1789775400000,1789780320000
897898,20260565476_11,20260565476,D,DISPATCHED,U,UNFOUNDED,Closed,1608 1608,36.174999999701605,-86.80700000007457,,,22,"RESIDENCE, HOME",1,740,POLICE INQUIRY,NONE,1,Yes,I,INDIVIDUAL (18 AND OVER),M,W,Non-Hispanic,RESIDENT,,,,37208.0,17,1789750320000,1789780080000
918438,20260565798_11,20260565798,D,DISPATCHED,O,OPEN,Open,BRILEY PKWY,36.13999999994927,-86.70000000020825,,,90,APARTMENT,1,740,POLICE INQUIRY,NONE,1,Yes,I,INDIVIDUAL (18 AND OVER),F,W,Non-Hispanic,RESIDENT,,,,,17,1789772400000,1789780020000
918437,20260565813_11,20260565813,D,DISPATCHED,U,UNFOUNDED,Closed,1324 1324,36.04599999979019,-86.59300000034192,,,22,"RESIDENCE, HOME",1,740,POLICE INQUIRY,NONE,1,Yes,I,INDIVIDUAL (18 AND OVER),F,W,Hispanic,RESIDENT,,,,37013.0,17,1789771200000,1789778460000
917461,20260565415_11,20260565415,D,DISPATCHED,A,CLEARED BY ARREST,Closed,608 608,,,,,20,"PARKING LOT, GARAGE",1,90Z,VIOLATION OF CONDITION OF RELEASE,NONE,1,Yes,I,INDIVIDUAL (18 AND OVER),M,B,Non-Hispanic,UNKNOWN,,,,37203.0,17,1789762860000,1789778280000
917464,20260565415_22,20260565415,D,DISPATCHED,A,CLEARED BY ARREST,Closed,608 608,,,,,19,PARK,2,35A,MARIJUANA - POSSESS,NONE,2,No,S,SOCIETY,,,,,,,,37203.0,17,1789762860000,1789778280000
917458,20260565776_11,20260565776,D,DISPATCHED,U,UNFOUNDED,Closed,3101 3101,36.06999999966938,-86.64899999958354,,,22,"RESIDENCE, HOME",1,740,POLICE INQUIRY,NONE,1,Yes,I,INDIVIDUAL (18 AND OVER),M,W,Hispanic,RESIDENT,,,,37013.0,17,1789773960000,1789777680000
898471,20260565169_11,20260565169,D,DISPATCHED,O,OPEN,Open,WESTBORO DR,36.15000000024567,-86.87999999982385,,,6,CONSTRUCTION SITE,1,13A,"Assault, Aggravated - Deadly Weapon - Int/Kn",HANDGUN,1,No,I,INDIVIDUAL (18 AND OVER),M,W,Non-Hispanic,RESIDENT,,,,,01,1789742700000,1789777560000
898472,20260565169_21,20260565169,D,DISPATCHED,O,OPEN,Open,WESTBORO DR,36.15000000024567,-86.87999999982385,,,6,CONSTRUCTION SITE,2,290,"VANDALISM- $2,500 OR > BUT < $10,000",HANDGUN,1,No,I,INDIVIDUAL (18 AND OVER),M,W,Non-Hispanic,RESIDENT,,,,,01,1789742700000,1789777560000
898473,20260565169_32,20260565169,D,DISPATCHED,O,OPEN,Open,WESTBORO DR,36.15000000024567,-86.87999999982385,,,6,CONSTRUCTION SITE,3,520,"WEAPON OFFENSE, CRIMINAL ATTEMPT",HANDGUN,2,No,S,SOCIETY,,,,,,,,,01,1789742700000,1789777560000
924379,20260565759_11,20260565759,D,DISPATCHED,O,OPEN,Open,8TH AVE S,36.15000000024567,-86.77999999963816,,,23,RESTAURANT,1,13B,SIMPLE ASSLT,NONE,1,No,I,INDIVIDUAL (18 AND OVER),M,W,Hispanic,RESIDENT,,,,,17,1789770600000,1789776960000
924176,20260565786_11,20260565786,D,DISPATCHED,O,OPEN,Open,HASKELL DR,36.0200000001374,-86.64999999966624,,,22,"RESIDENCE, HOME",1,23F,BURGLARY- MOTOR VEHICLE,NONE,1,No,I,INDIVIDUAL (18 AND OVER),M,B,Non-Hispanic,RESIDENT,,,,,17,1789682400000,1789776600000
895270,20260565440_11,20260565440,D,DISPATCHED,U,UNFOUNDED,Closed,917 917,36.16699999965114,-86.79900000031124,,,22,"RESIDENCE, HOME",1,740,POLICE INQUIRY,NONE,1,Yes,I,INDIVIDUAL (18 AND OVER),F,B,Non-Hispanic,RESIDENT,,,,37208.0,17,1789756440000,1789776300000
923940,20260565685_11,20260565685,D,DISPATCHED,U,UNFOUNDED,Closed,HARRISON ST & ROSA L PARKS BLVD,36.16900000026128,-86.7880000002998,,,13,"HIGHWAY, ROAD, ALLEY",1,740,POLICE INQUIRY,NONE,1,No,I,INDIVIDUAL (18 AND OVER),F,B,Non-Hispanic,RESIDENT,,,,37219.0,17,1789771140000,1789776240000
920927,20260565704_11,20260565704,D,DISPATCHED,O,OPEN,Open,DICKERSON PIKE,36.22000000011304,-86.75999999978066,,,7,CONVENIENCE STORE,1,13A,INTENTIONAL AGGRAVATED ASSAULT,CLUB,1,No,I,INDIVIDUAL (18 AND OVER),F,B,Non-Hispanic,RESIDENT,,,,,07,1789763400000,1789775220000
931337,20260565538_11,20260565538,D,DISPATCHED,U,UNFOUNDED,Closed,5772 5772,36.17200000011699,-86.60200000018794,,,90,APARTMENT,1,740,TRANSPORT,NONE,1,No,I,INDIVIDUAL (18 AND OVER),M,W,Non-Hispanic,RESIDENT,,,,37076.0,17,1789760700000,1789775220000
894494,20260565555_11,20260565555,D,DISPATCHED,U,UNFOUNDED,Closed,5500 5500,36.151000000010846,-86.85599999963556,,,11,"GOVERNMENT, PUBLIC BUILDING",1,740,POLICE INQUIRY,NONE,1,No,I,INDIVIDUAL (18 AND OVER),M,W,Non-Hispanic,RESIDENT,,,,37209.0,17,1789764840000,1789774740000
920920,20260565769_11,20260565769,S,SUSPECT,A,CLEARED BY ARREST,Closed,409 409,36.16099999985248,-86.77700000028835,,,13,"HIGHWAY, ROAD, ALLEY",1,13B,ASSAULT-LAW ENFORCEMENT OFFICER-OFFENSIVE CONTACT,PERSONAL (HANDS),1,No,P,POLICE OFFICER,M,W,Non-Hispanic,NON RESIDENT,,,,37203.0,09,1789192800000,1789774560000
924656,20260565550_11,20260565550,D,DISPATCHED,U,UNFOUNDED,Closed,1222 1222,36.15499999994384,-86.7870000002171,,,20,"PARKING LOT, GARAGE",1,760,OVERDOSE,NONE,1,No,I,INDIVIDUAL (18 AND OVER),M,W,Non-Hispanic,RESIDENT,,,,37203.0,17,1789766820000,1789774560000
925306,20260565656_11,20260565656,D,DISPATCHED,O,OPEN,Open,AMALIE DR,36.05000000025906,-86.72000000006571,,,90,APARTMENT,1,13B,SIMPLE ASSLT - STRANGULATION (NO LOSS OF CONSCIOUSNESS),PERSONAL (HANDS),1,Yes,I,INDIVIDUAL (18 AND OVER),F,B,Non-Hispanic,UNKNOWN,,,,,09,1789767900000,1789774440000
923938,20260565748_11,20260565748,D,DISPATCHED,U,UNFOUNDED,Closed,6941 6941,36.129999999702626,-86.90199999984675,,,20,"PARKING LOT, GARAGE",1,740,POLICE INQUIRY,NONE,1,No,I,INDIVIDUAL (18 AND OVER),M,W,Non-Hispanic,UNKNOWN,,,,37209.0,17,1789774260000,1789774260000
924175,20260565679_11,20260565679,D,DISPATCHED,O,OPEN,Open,DELLWAY VILLA RD,36.209999999706326,-86.75999999978066,,,20,"PARKING LOT, GARAGE",1,13C,ASSAULT- FEAR OF BODILY INJURY,,1,No,I,INDIVIDUAL (18 AND OVER),F,W,Non-Hispanic,RESIDENT,,,,,,1789770600000,1789774020000
930244,20260565697_11,20260565697,D,DISPATCHED,O,OPEN,Open,HICKORY CLUB DR,36.05000000025906,-86.6399999997375,,,90,APARTMENT,1,23D,LARC - FROM BLDG,NONE,1,No,I,INDIVIDUAL (18 AND OVER),F,B,Non-Hispanic,RESIDENT,,,,,17,1788210000000,1789774020000
926942,20260565745_11,20260565745,D,DISPATCHED,R,REFUSED TO COOPERATE,Closed,300 300,36.13599999969332,-86.70200000037366,,,90,APARTMENT,1,13B,SIMPLE ASSLT,PERSONAL (HANDS),1,Yes,I,INDIVIDUAL (18 AND OVER),M,W,Non-Hispanic,RESIDENT,,,,37217.0,09,1789736400000,1789773840000
924253,20260565520_11,20260565520,D,DISPATCHED,O,OPEN,Open,NOLENSVILLE PIKE,36.06999999966938,-86.72000000006571,,,21,RENTAL STORAGE FACILITY,1,290,"VANDALISM- $1,000 OR LESS",Unarmed,1,No,B,BUSINESS,,,,,,,,,16,1789764600000,1789773540000
930222,20260565746_11,20260565746,S,SUSPECT,O,OPEN,Open,LINBAR DR,36.080000000195604,-86.70000000020825,,,20,"PARKING LOT, GARAGE",1,780,"RECOVERY, STOLEN PROPERTY",NONE,1,No,I,INDIVIDUAL (18 AND OVER),F,W,Non-Hispanic,UNKNOWN,,,,,17,1789771800000,1789773300000
924168,20260565664_11,20260565664,D,DISPATCHED,A,CLEARED BY ARREST,Closed,2050 2050,36.30199999997265,-86.69299999962931,,,8,"DEPARTMENT, DISCOUNT STORE",1,23C,SHOPLIFTING,NONE,1,No,B,BUSINESS,,,,,,,,37072.0,17,1789768380000,1789773060000
923936,20260565607_11,20260565607,D,DISPATCHED,U,UNFOUNDED,Closed,1901 1901,36.098000000018985,-86.65800000032787,,,22,"RESIDENCE, HOME",1,740,POLICE INQUIRY,,1,Yes,I,INDIVIDUAL (18 AND OVER),F,W,Non-Hispanic,RESIDENT,,,,37217.0,,1789772580000,1789772580000
924384,20260565554_11,20260565554,D,DISPATCHED,U,UNFOUNDED,Closed,1411 1411,36.17099999987209,-86.80800000015726,,,22,"RESIDENCE, HOME",1,740,POLICE INQUIRY,NONE,1,No,I,INDIVIDUAL (18 AND OVER),F,B,Non-Hispanic,RESIDENT,,,,37208.0,17,1789765200000,1789772340000
925006,20260565699_11,20260565699,T,,O,OPEN,Open,,36.15000000024567,-86.76999999970943,,,3,"BAR, NIGHT CLUB",1,26A,FRAUD - SWINDLE,NONE,1,No,I,INDIVIDUAL (18 AND OVER),M,W,Non-Hispanic,RESIDENT,,,,,17,1789756200000,1789772220000
924655,20260565574_11,20260565574,D,DISPATCHED,U,UNFOUNDED,Closed,7185 7185,36.008999999703946,-86.64999999966624,,,22,"RESIDENCE, HOME",1,740,TRANSPORT,HANDGUN,1,No,I,INDIVIDUAL (18 AND OVER),M,W,Non-Hispanic,UNKNOWN,,,,37013.0,01,1789767660000,1789771920000
893347,20260565614_11,20260565614,D,DISPATCHED,U,UNFOUNDED,Closed,4080 4080,36.2170000001132,-86.85400000036847,,,22,"RESIDENCE, HOME",1,760,OVERDOSE,NONE,1,No,I,INDIVIDUAL (18 AND OVER),F,B,Unknown,UNKNOWN,,,,37218.0,17,1789771680000,1789771680000
920916,20260565743_22,20260565743,D,DISPATCHED,O,OPEN,Open,SUMMER PL,36.16999999991994,-86.75999999978066,,,20,"PARKING LOT, GARAGE",2,520,"WEAPON OFFENSE, CRIMINAL ATTEMPT",HANDGUN,2,No,S,SOCIETY,,,,,,,,,01,1789772400000,1789771440000
897629,20260565620_11,20260565620,D,DISPATCHED,O,OPEN,Open,OLD HICKORY BLVD,36.19000000021294,-86.61999999988002,,,8,"DEPARTMENT, DISCOUNT STORE",1,23C,SHOPLIFTING,Unarmed,1,No,B,BUSINESS,,,,,,,,,16,1789661700000,1789771320000
919676,20260565559_11,20260565559,D,DISPATCHED,U,UNFOUNDED,Closed,2654 2654,36.2170000001132,-86.7899999995669,,,22,"RESIDENCE, HOME",1,740,POLICE INQUIRY,NONE,1,No,I,INDIVIDUAL (18 AND OVER),F,B,Non-Hispanic,RESIDENT,,,,37207.0,17,1789766100000,1789771320000
926954,20260565624_11,20260565624,D,DISPATCHED,U,UNFOUNDED,Closed, & ,,,,,13,"HIGHWAY, ROAD, ALLEY",1,715,FOUND PROPERTY,,1,No,I,INDIVIDUAL (18 AND OVER),U,U,Unknown,RESIDENT,,,,,,1789769040000,1789770960000
932808,20260565547_11,20260565547,D,DISPATCHED,U,UNFOUNDED,Closed,615 615,36.27100000015447,-86.72599999966364,,,20,"PARKING LOT, GARAGE",1,740,POLICE INQUIRY,NONE,1,No,I,INDIVIDUAL (18 AND OVER),F,B,Non-Hispanic,RESIDENT,,,,37115.0,17,1789761600000,1789770720000
924169,20260565621_11,20260565621,D,DISPATCHED,O,OPEN,Open,DICKERSON PIKE,36.19000000021294,-86.76999999970943,,,17,LIQUOR STORE,1,23C,SHOPLIFTING,NONE,1,No,B,BUSINESS,,,,,,,,,17,1789765740000,1789770300000
925069,20260565586_11,20260565586,D,DISPATCHED,U,UNFOUNDED,Closed,501 501,36.27699999988312,-86.79600000006313,,,20,"PARKING LOT, GARAGE",1,740,POLICE INQUIRY,NONE,1,Yes,I,INDIVIDUAL (18 AND OVER),M,W,Non-Hispanic,RESIDENT,,,,37189.0,17,1789761600000,1789770300000
897903,20260565720_11,20260565720,D,DISPATCHED,U,UNFOUNDED,Closed,2120 2120,36.13200000012403,-86.77899999955544,,,20,"PARKING LOT, GARAGE",1,740,POLICE INQUIRY,NONE,1,Yes,I,INDIVIDUAL (18 AND OVER),F,W,Non-Hispanic,RESIDENT,,,,37204.0,17,1789738200000,1789770060000
897818,20260565237_11,20260565237,D,DISPATCHED,O,OPEN,Open,BAUGH RD,36.06999999966938,-86.9400000002946,,,80,Library,1,290,DAMAGE PROP - PUBLIC,CLUB,1,No,G,GOVERNMENT,,,,,,,,,07,1789721220000,1789770000000
924172,20260565582_11,20260565582,T,,O,OPEN,Open,CHARLOTTE PIKE,36.129999999702626,-86.9099999996101,,,8,"DEPARTMENT, DISCOUNT STORE",1,240,VEHICLE THEFT,NONE,1,No,I,INDIVIDUAL (18 AND OVER),M,B,Non-Hispanic,RESIDENT,,,,,17,1789655880000,1789769880000
924406,20260565619_11,20260565619,D,DISPATCHED,U,UNFOUNDED,Closed,329 329,36.16099999985248,-86.77600000020564,,,3,"BAR, NIGHT CLUB",1,810,LOST PROPERTY,NONE,1,No,I,INDIVIDUAL (18 AND OVER),M,W,Hispanic,NON RESIDENT,,,,37201.0,17,1789707660000,1789769640000
932807,20260565461_11,20260565461,D,DISPATCHED,U,UNFOUNDED,Closed,6500 6500,36.13999999994927,-86.87899999974115,,,20,"PARKING LOT, GARAGE",1,740,POLICE INQUIRY,NONE,1,Yes,I,INDIVIDUAL (18 AND OVER),F,B,Non-Hispanic,UNKNOWN,,,,37209.0,17,1789750800000,1789769580000
931261,20260565587_11,20260565587,D,DISPATCHED,O,OPEN,Open,DICKERSON PIKE,36.25000000002025,-86.75999999978066,,,20,"PARKING LOT, GARAGE",1,26A,FRAUD - SWINDLE,NONE,1,No,I,INDIVIDUAL (18 AND OVER),F,B,Non-Hispanic,RESIDENT,,,,,17,1789763400000,1789769280000
932806,20260565121_11,20260565121,D,DISPATCHED,U,UNFOUNDED,Closed,5772 5772,36.17200000011699,-86.60200000018794,,,14,"HOTEL, MOTEL, ETC.",1,740,POLICE INQUIRY,NONE,1,No,I,INDIVIDUAL (18 AND OVER),M,W,Non-Hispanic,RESIDENT,,,,37076.0,17,1789746660000,1789768800000
919640,20260565163_11,20260565163,D,DISPATCHED,U,UNFOUNDED,Closed,28 28,36.127999999830735,-86.85200000020306,,,20,"PARKING LOT, GARAGE",1,715,FOUND PROPERTY,NONE,1,No,I,INDIVIDUAL (18 AND OVER),M,W,Non-Hispanic,RESIDENT,,,,37209.0,17,1789753080000,1789768680000
932805,20260565255_11,20260565255,D,DISPATCHED,U,UNFOUNDED,Closed,2406 2406,36.18799999983186,-86.8170000000033,,,13,"HIGHWAY, ROAD, ALLEY",1,740,POLICE INQUIRY,NONE,1,Yes,I,INDIVIDUAL (18 AND OVER),M,B,Non-Hispanic,UNKNOWN,,,,37208.0,17,1789751040000,1789768200000
931272,20260565564_11,20260565564,D,DISPATCHED,A,CLEARED BY ARREST,Closed,3926 3926,36.19399999998908,-86.62300000012813,,,7,CONVENIENCE STORE,1,13B,SIMPLE ASSLT,PERSONAL (HANDS),1,No,I,INDIVIDUAL (18 AND OVER),F,B,Non-Hispanic,RESIDENT,,,,37076.0,09,1789765680000,1789767600000
898470,20260565463_11,20260565463,D,DISPATCHED,O,OPEN,Open,STEWARTS FERRY PIKE,36.159999999962295,-86.64999999966624,,,9,HOSPITAL,1,13B,SIMPLE ASSLT,PERSONAL (HANDS),1,No,I,INDIVIDUAL (18 AND OVER),F,W,Unknown,RESIDENT,,,,,09,1789767540000,1789767540000
928316,20260565470_11,20260565470,S,SUSPECT,U,UNFOUNDED,Closed,455 455,36.042000000187876,-86.71799999990031,,,20,"PARKING LOT, GARAGE",1,780,"RECOVERY, STOLEN PROPERTY",NONE,1,No,I,INDIVIDUAL (18 AND OVER),M,U,Unknown,NON RESIDENT,,,,37211.0,17,1789761600000,1789767240000
897798,20260565488_11,20260565488,D,DISPATCHED,U,UNFOUNDED,Closed,2400 2400,36.200999999772336,-86.82699999993206,,,22,"RESIDENCE, HOME",1,740,POLICE INQUIRY,NONE,1,No,I,INDIVIDUAL (18 AND OVER),M,B,Non-Hispanic,RESIDENT,,,,37218.0,17,1789761600000,1789766940000
932804,20260565503_11,20260565503,D,DISPATCHED,U,UNFOUNDED,Closed,2106 2106,36.05300000031543,-86.64899999958354,,,90,APARTMENT,1,740,POLICE INQUIRY,NONE,1,Yes,U,UNKNOWN,F,U,Unknown,NON RESIDENT,,,,37013.0,17,1789748040000,1789766940000
925015,20260565524_11,20260565524,D,DISPATCHED,U,UNFOUNDED,Closed,610 610,36.14100000025182,-86.7399999999232,,,13,"HIGHWAY, ROAD, ALLEY",1,740,POLICE INQUIRY,NONE,1,Yes,I,INDIVIDUAL (18 AND OVER),F,W,Non-Hispanic,UNKNOWN,,,,37210.0,17,1785474000000,1789766760000
924651,20260565471_11,20260565471,D,DISPATCHED,O,OPEN,Open,ILLINOIS AVE,36.159999999962295,-86.81000000032267,,,22,"RESIDENCE, HOME",1,23H,LARC - POSTAL,Unarmed,1,No,I,INDIVIDUAL (18 AND OVER),F,W,Non-Hispanic,RESIDENT,,,,,16,1789734780000,1789766520000
897448,20260565513_11,20260565513,T,,O,OPEN,Open,BEACHMIST WAY,36.059999999965356,-86.59000000009381,,,22,"RESIDENCE, HOME",1,26C,CRIMINAL IMPERSONATION,NONE,1,No,I,INDIVIDUAL (18 AND OVER),F,B,Non-Hispanic,NON RESIDENT,,,,,17,1730437260000,1789766460000
932803,20260565497_11,20260565497,D,DISPATCHED,U,UNFOUNDED,Closed,4045 4045,36.048999999767794,-86.61999999988002,,,22,"RESIDENCE, HOME",1,740,POLICE INQUIRY,NONE,1,No,I,INDIVIDUAL (18 AND OVER),M,B,Non-Hispanic,RESIDENT,,,,37013.0,17,1789766400000,1789766400000
930243,20260565512_11,20260565512,D,DISPATCHED,U,UNFOUNDED,Closed,3035 3035,36.063000000086944,-86.62899999972605,,,26,SPECIALTY STORE,1,810,LOST PROPERTY,NONE,1,No,I,INDIVIDUAL (18 AND OVER),F,B,Non-Hispanic,RESIDENT,,,,37013.0,17,1786716000000,1789766340000
895267,20260565514_11,20260565514,T,,U,UNFOUNDED,Closed,2604 2604,36.048999999767794,-86.62200000004543,,,22,"RESIDENCE, HOME",1,810,LOST PROPERTY,NONE,1,No,I,INDIVIDUAL (18 AND OVER),M,W,Non-Hispanic,RESIDENT,,,,37013.0,17,1784755080000,1789766280000
897795,20260565490_11,20260565490,D,DISPATCHED,O,OPEN,Open,HAMPTON,36.12000000013524,-86.81000000032267,,,22,"RESIDENCE, HOME",1,220,BURGLARY- AGGRAVATED,NONE,1,No,I,INDIVIDUAL (18 AND OVER),M,W,Non-Hispanic,RESIDENT,,,,,17,1789650000000,1789766160000
898469,20260565454_23,20260565454,D,DISPATCHED,O,OPEN,Open,25TH AVE N,36.159999999962295,-86.81000000032267,,,20,"PARKING LOT, GARAGE",2,520,"WEAPON OFFENSE, CRIMINAL ATTEMPT",HANDGUN,3,No,S,SOCIETY,,,,,,,,,01,1789763400000,1789766160000
897816,20260565311_11,20260565311,D,DISPATCHED,O,OPEN,Open,BELL RD,36.080000000195604,-86.62999999980876,,,90,APARTMENT,1,290,"VANDALISM- $1,000 OR LESS",PERSONAL (HANDS),1,No,I,INDIVIDUAL (18 AND OVER),F,B,Non-Hispanic,UNKNOWN,,,,,09,1789766040000,1789766040000
931345,20260565419_11,20260565419,D,DISPATCHED,O,OPEN,Open,SUNNYVALE,36.029999999717916,-86.58000000016507,,,22,"RESIDENCE, HOME",1,13A,AGGRAV ASSLT - NONFAMILY-WEAPON,LETHAL/CUTTING INSTRUMENT,1,No,I,INDIVIDUAL (18 AND OVER),M,W,Non-Hispanic,RESIDENT,,,,,06,1789750800000,1789765920000
932801,20260565445_11,20260565445,D,DISPATCHED,U,UNFOUNDED,Closed,5556 5556,36.0399999997254,-86.78500000005168,,,5,"COMMERCIAL, OFFICE BUILDING",1,740,POLICE INQUIRY,NONE,1,No,I,INDIVIDUAL (18 AND OVER),M,W,Non-Hispanic,RESIDENT,,,,37027.0,17,1789765560000,1789765560000
932802,20260565445_12,20260565445,D,DISPATCHED,U,UNFOUNDED,Closed,5556 5556,36.0399999997254,-86.78500000005168,,,5,"COMMERCIAL, OFFICE BUILDING",1,740,POLICE INQUIRY,NONE,2,No,I,INDIVIDUAL (18 AND OVER),M,W,Non-Hispanic,RESIDENT,,,,37027.0,17,1789765560000,1789765560000
931349,20260565446_11,20260565446,T,,U,UNFOUNDED,Closed,I65  S & LONG HOLLOW PIKE,,,,,13,"HIGHWAY, ROAD, ALLEY",1,810,LOST PROPERTY,NONE,1,No,I,INDIVIDUAL (18 AND OVER),M,W,Non-Hispanic,UNKNOWN,,,,37072.0,17,1789749900000,1789765320000
916950,20260565212_11,20260565212,D,DISPATCHED,A,CLEARED BY ARREST,Closed,2421 2421,36.110999999786046,-86.76700000035962,,,8,"DEPARTMENT, DISCOUNT STORE",1,13B,ASSAULT-LAW ENFORCEMENT OFFICER-OFFENSIVE CONTACT,PERSONAL (HANDS),1,No,I,INDIVIDUAL (18 AND OVER),M,W,Hispanic,UNKNOWN,,,,37204.0,09,1789765200000,1789765200000
916953,20260565212_22,20260565212,D,DISPATCHED,A,CLEARED BY ARREST,Closed,2421 2421,36.110999999786046,-86.76700000035962,,,8,"DEPARTMENT, DISCOUNT STORE",2,23C,"THEFT OF MERCHANDISE- $1,000 OR LESS",NONE,2,No,B,BUSINESS,,,,,,,,37204.0,17,1789765200000,1789765200000
921460,20260565405_11,20260565405,S,SUSPECT,O,OPEN,Open,OPRY MILLS DR,36.20000000001247,-86.69000000027951,,,26,SPECIALTY STORE,1,23C,SHOPLIFTING,NONE,1,No,B,BUSINESS,,,,,,,,,17,1789761600000,1789764600000
932651,20260565447_11,20260565447,S,SUSPECT,U,UNFOUNDED,Closed, & ,36.16800000017144,-86.86899999981242,,,13,"HIGHWAY, ROAD, ALLEY",1,780,"RECOVERY, STOLEN PROPERTY",NONE,1,No,I,INDIVIDUAL (18 AND OVER),F,W,Non-Hispanic,UNKNOWN,,,,37209.0,17,1789763820000,1789764600000
916944,20260565433_11,20260565433,D,DISPATCHED,O,OPEN,Open,DUPONT,36.27000000015372,-86.70000000020825,,,22,"RESIDENCE, HOME",1,13B,SIMPLE ASSLT,PERSONAL (HANDS),1,Yes,I,INDIVIDUAL (18 AND OVER),F,B,Non-Hispanic,RESIDENT,,,,,09,1789750800000,1789764480000
932652,20260565413_11,20260565413,S,SUSPECT,O,OPEN,Open,SWISS AVE,36.0399999997254,-86.72000000006571,,,20,"PARKING LOT, GARAGE",1,23G,LARC - PARTS FROM VEH,NONE,1,No,I,INDIVIDUAL (18 AND OVER),M,B,Non-Hispanic,RESIDENT,,,,,17,1789764480000,1789764480000
932799,20260565240_11,20260565240,D,DISPATCHED,O,OPEN,Open,COUNTRY CLUB LN,,,,,22,"RESIDENCE, HOME",1,90F,CRIMINAL CONTEMPT-VIOLATION OF ORDER OF PROTECTION,NONE,1,Yes,I,INDIVIDUAL (18 AND OVER),M,W,Non-Hispanic,RESIDENT,,,,,17,1789705800000,1789764360000
930351,20260565435_11,20260565435,T,,U,UNFOUNDED,Closed,908 908,36.02500000019836,-86.75600000034818,,,22,"RESIDENCE, HOME",1,810,LOST PROPERTY,NONE,1,No,I,INDIVIDUAL (18 AND OVER),F,B,Non-Hispanic,RESIDENT,,,,37027.0,17,1787058000000,1789764300000
932798,20260565453_11,20260565453,D,DISPATCHED,U,UNFOUNDED,Closed,3701 3701,36.17699999991021,-86.6140000002821,,,20,"PARKING LOT, GARAGE",1,740,POLICE INQUIRY,NONE,1,Yes,I,INDIVIDUAL (18 AND OVER),F,W,Non-Hispanic,RESIDENT,,,,37076.0,17,1789763940000,1789763940000
930242,20260565425_11,20260565425,T,,O,OPEN,Open,BRICK CHURCH PIKE,36.20000000001247,-86.77999999963816,,,22,"RESIDENCE, HOME",1,23F,BURGLARY- MOTOR VEHICLE,CLUB,1,No,I,INDIVIDUAL (18 AND OVER),M,W,Non-Hispanic,RESIDENT,,,,,07,1789696800000,1789763760000
897425,20260565356_11,20260565356,S,SUSPECT,O,OPEN,Open,OPRY MILLS DR,36.20000000001247,-86.69000000027951,,,26,SPECIALTY STORE,1,23C,SHOPLIFTING,NONE,1,No,B,BUSINESS,,,,,,,,,17,1789759800000,1789763700000
919817,20260565339_11,20260565339,D,DISPATCHED,U,UNFOUNDED,Closed,4383 4383,36.28399999979945,-86.7890000003825,,,22,"RESIDENCE, HOME",1,740,POLICE INQUIRY,NONE,1,Yes,I,INDIVIDUAL (18 AND OVER),F,W,Non-Hispanic,RESIDENT,,,,37189.0,17,1789758000000,1789762980000
924378,20260565392_11,20260565392,D,DISPATCHED,O,OPEN,Open,HERRON DR,36.13999999994927,-86.75999999978066,,,20,"PARKING LOT, GARAGE",1,240,VEHICLE THEFT,NONE,1,No,I,INDIVIDUAL (18 AND OVER),M,W,Non-Hispanic,RESIDENT,,,,,17,1789689600000,1789762980000
930241,20260565397_11,20260565397,D,DISPATCHED,U,UNFOUNDED,Closed, & ,,,,,20,"PARKING LOT, GARAGE",1,810,LOST PROPERTY,NONE,1,No,B,BUSINESS,,,,,,,,,17,1789736400000,1789762860000
930221,20260563306_11,20260563306,D,DISPATCHED,O,OPEN,Open,DEMONBREUN ST,36.159999999962295,-86.77999999963816,,,20,"PARKING LOT, GARAGE",1,240,VEHICLE THEFT,NONE,1,No,I,INDIVIDUAL (18 AND OVER),M,W,Non-Hispanic,RESIDENT,,,,,17,1789675200000,1789762800000
911608,20260565383_11,20260565383,D,DISPATCHED,O,OPEN,Open,RISTAU,36.01000000015755,-86.64999999966624,,,13,"HIGHWAY, ROAD, ALLEY",1,23H,THEFT OF PROPERTY- $500 OR LESS,NONE,1,No,I,INDIVIDUAL (18 AND OVER),M,B,Non-Hispanic,RESIDENT,,,,,17,1789705800000,1789762500000
932585,20260565377_11,20260565377,D,DISPATCHED,O,OPEN,Open,CENTURY FARMS CIR,,,,,13,"HIGHWAY, ROAD, ALLEY",1,290,DAMAGE PROP - BUSINESS,MOTOR VEHICLE,1,No,B,BUSINESS,,,,,,,,,08,1789589880000,1789762440000
894840,20260565359_11,20260565359,D,DISPATCHED,O,OPEN,Open,14TH AVE S,36.13999999994927,-86.7899999995669,,,13,"HIGHWAY, ROAD, ALLEY",1,23H,"THEFT OF PROPERTY- > $500 BUT < $1,000",NONE,1,No,G,GOVERNMENT,,,,,,,,,17,1789663560000,1789762020000
932653,20260565109_11,20260565109,D,DISPATCHED,O,OPEN,Open,25TH,36.18000000021363,-86.82000000025143,,,90,APARTMENT,1,13C,THREAT TO BOMB,,1,No,I,INDIVIDUAL (18 AND OVER),F,B,Non-Hispanic,RESIDENT,,,,,,1789750800000,1789761900000
897792,20260565376_11,20260565376,D,DISPATCHED,O,OPEN,Open,SOUTHPOINT PKWY,35.99999999967826,-86.69000000027951,,,23,RESTAURANT,1,13B,SIMPLE ASSLT,PERSONAL (HANDS),1,No,I,INDIVIDUAL (18 AND OVER),F,W,Non-Hispanic,NON RESIDENT,,,,,09,1789695900000,1789761720000
893622,20260564920_11,20260564920,D,DISPATCHED,O,OPEN,Open,DEER LAKE DR,36.080000000195604,-86.93000000036587,,,22,"RESIDENCE, HOME",1,695,UNKNOWN DEATH,NONE,1,No,I,INDIVIDUAL (18 AND OVER),M,W,Non-Hispanic,UNKNOWN,,,,,17,1789740000000,1789761420000
930900,20260565371_11,20260565371,D,DISPATCHED,O,OPEN,Open,CABOT,36.129999999702626,-86.89999999968133,,,90,APARTMENT,1,26A,FRAUD - SWINDLE,NONE,1,No,I,INDIVIDUAL (18 AND OVER),M,W,Non-Hispanic,RESIDENT,,,,,17,1789736400000,1789761360000
897445,20260565345_11,20260565345,D,DISPATCHED,O,OPEN,Open,POWELL,36.10999999969955,-86.76999999970943,,,26,SPECIALTY STORE,1,23C,SHOPLIFTING,Unarmed,1,No,B,BUSINESS,,,,,,,,,16,1789681980000,1789761060000
929627,20260563981_11,20260563981,S,SUSPECT,A,CLEARED BY ARREST,Closed,47 47,36.15200000008144,-86.7650000001942,,,13,"HIGHWAY, ROAD, ALLEY",1,520,"WEAPON OFFENSE, CRIMINAL ATTEMPT",HANDGUN,1,No,S,SOCIETY,,,,,,,,37210.0,01,1789697400000,1789760940000
895219,20260565332_11,20260565332,D,DISPATCHED,O,OPEN,Open,OLD HICKORY BLVD,36.0399999997254,-86.7399999999232,,,7,CONVENIENCE STORE,1,270,EMBEZZLE - BUSINESS PROP,Unarmed,1,No,B,BUSINESS,,,,,,,,,16,1789679820000,1789760820000
923231,20260565348_11,20260565348,D,DISPATCHED,U,UNFOUNDED,Closed,222 222,36.15000000024567,-86.81000000032267,,,13,"HIGHWAY, ROAD, ALLEY",1,810,LOST PROPERTY,NONE,1,No,I,INDIVIDUAL (18 AND OVER),M,W,Non-Hispanic,RESIDENT,,,,37203.0,17,1789758000000,1789760580000
897436,20260565312_11,20260565312,T,,U,UNFOUNDED,Closed, & ,,,,,22,"RESIDENCE, HOME",1,810,LOST PROPERTY,NONE,1,No,I,INDIVIDUAL (18 AND OVER),F,W,Non-Hispanic,UNKNOWN,,,,,17,1789232400000,1789760460000
920912,20260565316_11,20260565316,D,DISPATCHED,O,OPEN,Open,6TH AVE S,36.159999999962295,-86.77999999963816,,,13,"HIGHWAY, ROAD, ALLEY",1,13C,ASSAULT- FEAR OF BODILY INJURY,,1,No,I,INDIVIDUAL (18 AND OVER),F,W,Non-Hispanic,UNKNOWN,,,,,,1789755000000,1789759680000
897451,20260565222_11,20260565222,D,DISPATCHED,O,OPEN,Open,11TH AVE N,36.159999999962295,-86.7899999995669,,,14,"HOTEL, MOTEL, ETC.",1,23D,LARC - FROM BLDG,NONE,1,No,I,INDIVIDUAL (18 AND OVER),F,W,Non-Hispanic,NON RESIDENT,,,,,17,1789687800000,1789759620000
923230,20260565008_11,20260565008,D,DISPATCHED,O,OPEN,Open,LEBANON,36.22000000011304,-86.60000000002253,,,8,"DEPARTMENT, DISCOUNT STORE",1,26A,FRAUD - SWINDLE,NONE,1,No,B,BUSINESS,,,,,,,,,17,1789746960000,1789759560000
932650,20260565099_11,20260565099,D,DISPATCHED,O,OPEN,Open,THOMPSON,36.10999999969955,-86.74999999985195,,,1,"AIR, BUS, TRAIN TERMINAL",1,13B,ASSAULT- OFFENSIVE OR PROVOCATIVE CONTACT,PERSONAL (HANDS),1,No,I,INDIVIDUAL (18 AND OVER),F,W,Non-Hispanic,RESIDENT,,,,,09,1789750800000,1789759500000
921955,20260565085_11,20260565085,D,DISPATCHED,O,OPEN,Open,KOREAN VETERANS BLVD,36.159999999962295,-86.77999999963816,,,22,"RESIDENCE, HOME",1,90F,CRIMINAL CONTEMPT-VIOLATION OF ORDER OF PROTECTION,,1,Yes,I,INDIVIDUAL (18 AND OVER),F,W,Non-Hispanic,UNKNOWN,,,,,,1789740600000,1789758960000
921943,20260564909_11,20260564909,D,DISPATCHED,U,UNFOUNDED,Closed,3607 3607,36.21199999983783,-86.73200000015987,,,20,"PARKING LOT, GARAGE",1,740,POLICE INQUIRY,NONE,1,No,B,BUSINESS,,,,,,,,37216.0,17,1789743600000,1789758780000
924024,20260565292_11,20260565292,D,DISPATCHED,O,OPEN,Open,CLARKSVILLE PIKE,36.19000000021294,-86.83000000018018,,,22,"RESIDENCE, HOME",1,23G,LARC - PARTS FROM VEH,NONE,1,No,I,INDIVIDUAL (18 AND OVER),F,B,Non-Hispanic,RESIDENT,,,,,17,1789758480000,1789758480000
921940,20260565234_11,20260565234,D,DISPATCHED,U,UNFOUNDED,Closed,1345 1345,36.046999999895846,-86.67900000026806,,,22,"RESIDENCE, HOME",1,740,POLICE INQUIRY,NONE,1,Yes,I,INDIVIDUAL (18 AND OVER),F,W,Non-Hispanic,UNKNOWN,,,,37013.0,17,1789748820000,1789758120000
924823,20260565288_11,20260565288,D,DISPATCHED,U,UNFOUNDED,Closed, & ,,,,,22,"RESIDENCE, HOME",1,810,LOST PROPERTY,NONE,1,No,I,INDIVIDUAL (18 AND OVER),F,W,Non-Hispanic,RESIDENT,,,,37215.0,17,1788786000000,1789757880000
924834,20260565231_11,20260565231,D,DISPATCHED,O,OPEN,Open,MCFERRIN AVE,36.18000000021363,-86.75999999978066,,,90,APARTMENT,1,90J,CRIMINAL TRESPASS,NONE,1,No,S,SOCIETY,,,,,,,,,17,1789752600000,1789757820000
927474,20260565238_11,20260565238,D,DISPATCHED,O,OPEN,Open,GALLATIN PIKE N,,,,,20,"PARKING LOT, GARAGE",1,23H,THEFT OF PROPERTY- $500 OR LESS,Unarmed,1,No,B,BUSINESS,,,,,,,,,16,1789725240000,1789757520000
924167,20260565003_11,20260565003,W,WITNESS,O,OPEN,Open,DELVIN DR,36.05000000025906,-86.69000000027951,,,22,"RESIDENCE, HOME",1,26A,"FRAUD, CRIMINAL ATTEMPT",NONE,1,No,I,INDIVIDUAL (18 AND OVER),M,A,Non-Hispanic,RESIDENT,,,,,17,1789757160000,1789757160000
894839,20260565242_11,20260565242,D,DISPATCHED,O,OPEN,Open,22ND AVE N,36.18000000021363,-86.81000000032267,,,22,"RESIDENCE, HOME",1,23H,"THEFT OF PROPERTY- $1,000 OR >  BUT < $10,000",,1,No,I,INDIVIDUAL (18 AND OVER),M,B,Non-Hispanic,RESIDENT,,,,,,1789707660000,1789756560000
894495,20260565218_11,20260565218,D,DISPATCHED,O,OPEN,Open,HADLEY AVE,,,,,20,"PARKING LOT, GARAGE",1,23G,LARC - PARTS FROM VEH,OTHER,1,No,R,RELIGIOUS,,,,,,,,,15,1789189200000,1789756500000
924831,20260565213_11,20260565213,T,,U,UNFOUNDED,Closed,4021 4021,,,,,22,"RESIDENCE, HOME",1,740,POLICE INQUIRY,NONE,1,No,I,INDIVIDUAL (18 AND OVER),F,W,Non-Hispanic,RESIDENT,,,,37211.0,17,1789344000000,1789756140000
930191,20260565176_11,20260565176,D,DISPATCHED,U,UNFOUNDED,Closed,187 187,36.059999999965356,-86.71799999990031,,,22,"RESIDENCE, HOME",1,810,LOST PROPERTY,Unarmed,1,No,I,INDIVIDUAL (18 AND OVER),M,W,Hispanic,UNKNOWN,,,,37211.0,16,1788543840000,1789756020000
927451,20260565183_11,20260565183,D,DISPATCHED,U,UNFOUNDED,Closed,342 342,36.15599999977934,-86.80700000007457,,,28,"OTHER, UNKNOWN",1,740,TRANSPORT,NONE,1,No,I,INDIVIDUAL (18 AND OVER),M,W,Non-Hispanic,NON RESIDENT,,,,37203.0,17,1789752600000,1789755780000
924429,20260565178_11,20260565178,D,DISPATCHED,U,UNFOUNDED,Closed,1005 1005,36.16999999991994,-86.6120000001167,,,90,APARTMENT,1,740,POLICE INQUIRY,NONE,1,Yes,I,INDIVIDUAL (18 AND OVER),F,B,Non-Hispanic,RESIDENT,,,,37076.0,17,1789496280000,1789755480000
927472,20260564967_11,20260564967,D,DISPATCHED,O,OPEN,Open,NOLENSVILLE PIKE,36.10999999969955,-86.7399999999232,,,25,"SERVICE, GAS STATION",1,23C,SHOPLIFTING,NONE,1,No,B,BUSINESS,,,,,,,,,17,1789742100000,1789755420000
932586,20260564205_11,20260564205,T,,O,OPEN,Open,RICHARDS RD,36.06999999966938,-86.68000000035076,,,23,RESTAURANT,1,220,BURGL - FORCED ENTRY-NONRESID,NONE,1,No,B,BUSINESS,,,,,,,,,17,1789696800000,1789755420000
928335,20260565208_12,20260565208,S,SUSPECT,O,OPEN,Open,HICKS RD,36.090000000189825,-86.9400000002946,,,22,"RESIDENCE, HOME",1,90F,CHILD NEGLECT - EXPOSE TO CONTR. SUBST. & CHILD 9-17,,2,No,S,SOCIETY,,,,,,,,,,1788498000000,1789755180000
930908,20260565179_11,20260565179,D,DISPATCHED,O,OPEN,Open,LINBAR DR,36.080000000195604,-86.70000000020825,,,22,"RESIDENCE, HOME",1,210,EXTORTION,Unarmed,1,No,I,INDIVIDUAL (18 AND OVER),F,W,Hispanic,UNKNOWN,,,,,16,1789702200000,1789754760000
924171,20260564972_11,20260564972,D,DISPATCHED,O,OPEN,Open,GALLATIN AVE,36.18000000021363,-86.74999999985195,,,25,"SERVICE, GAS STATION",1,13C,ASSAULT- FEAR OF BODILY INJURY,,1,No,I,INDIVIDUAL (18 AND OVER),F,W,Non-Hispanic,RESIDENT,,,,,,1789149600000,1789754400000
927465,20260565189_11,20260565189,D,DISPATCHED,O,OPEN,Open,CHARLOTTE PIKE,36.15000000024567,-86.85999999996638,,,71,PHARMACY,1,23C,SHOPLIFTING,NONE,1,No,B,BUSINESS,,,,,,,,,17,1789753500000,1789754400000
928333,20260565110_11,20260565110,D,DISPATCHED,A,CLEARED BY ARREST,Closed,1505 1505,36.15299999973159,-86.7890000003825,,,90,APARTMENT,1,90J,CRIMINAL TRESPASS,NONE,1,No,S,SOCIETY,,,,,,,,37203.0,17,1789750980000,1789754220000
928334,20260565110_21,20260565110,D,DISPATCHED,A,CLEARED BY ARREST,Closed,1505 1505,36.15299999973159,-86.7890000003825,,,90,APARTMENT,2,35B,DRUG PARAPHERNALIA- UNLAWFUL USE,NONE,1,No,S,SOCIETY,,,,,,,,37203.0,17,1789750980000,1789754220000
927468,20260565126_11,20260565126,D,DISPATCHED,U,UNFOUNDED,Closed,1914 1914,36.09600000019247,-86.80900000023999,,,22,"RESIDENCE, HOME",1,810,LOST PROPERTY,,1,No,I,INDIVIDUAL (18 AND OVER),F,W,Non-Hispanic,RESIDENT,,,,37215.0,,1789600500000,1789753920000
928332,20260565116_11,20260565116,D,DISPATCHED,O,OPEN,Open,KOREAN VETERANS BLVD,36.159999999962295,-86.77999999963816,,,22,"RESIDENCE, HOME",1,90F,CRIMINAL CONTEMPT-VIOLATION OF ORDER OF PROTECTION,,1,Yes,I,INDIVIDUAL (18 AND OVER),F,W,Non-Hispanic,UNKNOWN,,,,,,1789545180000,1789753380000
895167,20260565098_11,20260565098,D,DISPATCHED,U,UNFOUNDED,Closed,514 514,36.26600000028364,-86.70200000037366,,,22,"RESIDENCE, HOME",1,740,POLICE INQUIRY,NONE,1,Yes,I,INDIVIDUAL (18 AND OVER),F,B,Non-Hispanic,RESIDENT,,,,37115.0,17,1789750500000,1789753260000
923228,20260565080_11,20260565080,D,DISPATCHED,U,UNFOUNDED,Closed,3RD AVE S & DEMONBREUN ST,36.159999999962295,-86.77500000012294,,,13,"HIGHWAY, ROAD, ALLEY",1,740,POLICE INQUIRY,NONE,1,No,I,INDIVIDUAL (18 AND OVER),M,B,Non-Hispanic,RESIDENT,,,,37201.0,17,1789752840000,1789752840000
927448,20260565069_11,20260565069,T,,O,OPEN,Open,GALLATIN,36.29000000028829,-86.70000000020825,,,8,"DEPARTMENT, DISCOUNT STORE",1,23C,SHOPLIFTING,NONE,1,No,B,BUSINESS,,,,,,,,,17,1788389700000,1789752780000
927477,20260565115_11,20260565115,D,DISPATCHED,O,OPEN,Open,N DUPONT AVE,36.27000000015372,-86.70000000020825,,,22,"RESIDENCE, HOME",1,13C,ASSAULT- FEAR OF BODILY INJURY,,1,No,I,INDIVIDUAL (18 AND OVER),F,B,Non-Hispanic,RESIDENT,,,,,,1789651620000,1789752660000
897442,20260565107_11,20260565107,T,,U,UNFOUNDED,Closed,1417 1417,36.162000000041736,-86.85300000028575,,,22,"RESIDENCE, HOME",1,810,LOST PROPERTY,NONE,1,No,I,INDIVIDUAL (18 AND OVER),F,W,Non-Hispanic,RESIDENT,,,,37209.0,17,1783692000000,1789752240000
897416,20260565088_11,20260565088,D,DISPATCHED,O,OPEN,Open,RAINS AVE,36.13999999994927,-86.75999999978066,,,22,"RESIDENCE, HOME",1,240,"THEFT OF VEHICLE-2,500 OR > BUT<$10,000",NONE,1,No,I,INDIVIDUAL (18 AND OVER),F,W,Non-Hispanic,UNKNOWN,,,,,17,1785646860000,1789752120000
924838,20260565047_11,20260565047,O,,O,OPEN,Open,ANTIOCH PIKE,36.099999999750025,-86.72999999999446,,,53,School-Elementary/Secondary,1,90Z,THREAT OF MASS VIOLENCE IN SCHOOL,NONE,1,No,S,SOCIETY,,,,,,,,,17,1789745400000,1789751640000
928331,20260564985_11,20260564985,D,DISPATCHED,U,UNFOUNDED,Closed,26 26,36.14699999988796,-86.68599999994869,,,5,"COMMERCIAL, OFFICE BUILDING",1,740,POLICE INQUIRY,NONE,1,Yes,I,INDIVIDUAL (18 AND OVER),U,U,Unknown,NON RESIDENT,,,,37214.0,17,1789746000000,1789751520000
921363,20260565087_11,20260565087,D,DISPATCHED,U,UNFOUNDED,Closed,1309 1309,36.082999999882595,-86.90900000042568,,,22,"RESIDENCE, HOME",1,740,POLICE INQUIRY,NONE,1,No,I,INDIVIDUAL (18 AND OVER),F,W,Non-Hispanic,RESIDENT,,,,37205.0,17,1789751520000,1789751460000
930190,20260565033_11,20260565033,D,DISPATCHED,O,OPEN,Open,MAUDINA AVE,36.13999999994927,-86.85999999996638,,,22,"RESIDENCE, HOME",1,90Z,HARRASSMENT (NUISANCE),Unarmed,1,No,I,INDIVIDUAL (18 AND OVER),F,B,Non-Hispanic,RESIDENT,,,,,16,1789650000000,1789751100000
931269,20260564868_11,20260564868,D,DISPATCHED,O,OPEN,Open,CHARLOTTE PIKE,36.129999999702626,-86.9099999996101,,,8,"DEPARTMENT, DISCOUNT STORE",1,23D,LARC - FROM BLDG,NONE,1,No,I,INDIVIDUAL (18 AND OVER),F,B,Non-Hispanic,NON RESIDENT,,,,,17,1789735800000,1789751100000
932157,20260565024_11,20260565024,D,DISPATCHED,U,UNFOUNDED,Closed, & LONGVIEW AVE,,,,,5,"COMMERCIAL, OFFICE BUILDING",1,810,LOST PROPERTY,,1,No,B,BUSINESS,,,,,,,,,,1789664400000,1789750920000
917811,20260565039_11,20260565039,D,DISPATCHED,O,OPEN,Open,DICKERSON PIKE,36.19000000021294,-86.76999999970943,,,8,"DEPARTMENT, DISCOUNT STORE",1,23C,SHOPLIFTING,NONE,1,No,B,BUSINESS,,,,,,,,,17,1789745400000,1789750740000
897428,20260565054_11,20260565054,D,DISPATCHED,O,OPEN,Open,STEWARTS LN,36.20000000001247,-86.85999999996638,,,20,"PARKING LOT, GARAGE",1,23F,BURGLARY- MOTOR VEHICLE,NONE,1,No,I,INDIVIDUAL (18 AND OVER),M,W,Non-Hispanic,NON RESIDENT,,,,,17,1786726800000,1789750560000
925289,20260565055_11,20260565055,T,,U,UNFOUNDED,Closed,623 623,36.1629999998043,-86.78299999988627,,,14,"HOTEL, MOTEL, ETC.",1,810,LOST PROPERTY,NONE,1,No,I,INDIVIDUAL (18 AND OVER),M,W,Non-Hispanic,NON RESIDENT,,,,37219.0,17,1789729200000,1789750140000
925012,20260565002_11,20260565002,D,DISPATCHED,U,UNFOUNDED,Closed,401 401,36.162000000041736,-86.77899999955544,,,20,"PARKING LOT, GARAGE",1,740,POLICE INQUIRY,Unarmed,1,No,I,INDIVIDUAL (18 AND OVER),F,W,Non-Hispanic,NON RESIDENT,,,,37219.0,16,1789689600000,1789749900000
927480,20260564730_11,20260564730,D,DISPATCHED,U,UNFOUNDED,Closed,HITTINGER DR & MAXWELL RD,,,,,13,"HIGHWAY, ROAD, ALLEY",1,715,FOUND PROPERTY,NONE,1,No,I,INDIVIDUAL (18 AND OVER),U,U,Non-Hispanic,RESIDENT,,,,37211.0,17,1789736400000,1789749780000
927323,20260564966_11,20260564966,D,DISPATCHED,O,OPEN,Open,4TH AVE S,36.15000000024567,-86.76999999970943,,,90,APARTMENT,1,90Z,HARRASSMENT (NUISANCE),,1,Yes,I,INDIVIDUAL (18 AND OVER),F,B,Non-Hispanic,RESIDENT,,,,,,1789735440000,1789749600000
928330,20260564974_11,20260564974,D,DISPATCHED,U,UNFOUNDED,Closed,215 215,36.174999999701605,-86.75200000001735,,,22,"RESIDENCE, HOME",1,740,POLICE INQUIRY,NONE,1,Yes,I,INDIVIDUAL (18 AND OVER),F,B,Non-Hispanic,UNKNOWN,,,,37206.0,17,1789746120000,1789749420000
927471,20260564969_11,20260564969,D,DISPATCHED,O,OPEN,Open,27TH AVE N,36.159999999962295,-86.82000000025143,,,22,"RESIDENCE, HOME",1,23F,BURGLARY- MOTOR VEHICLE,NONE,1,No,I,INDIVIDUAL (18 AND OVER),M,W,Non-Hispanic,NON RESIDENT,,,,,17,1789167600000,1789749060000
931339,20260564998_11,20260564998,D,DISPATCHED,U,UNFOUNDED,Closed,5150 5150,36.06199999992648,-86.7399999999232,,,22,"RESIDENCE, HOME",1,740,POLICE INQUIRY,,1,Yes,I,INDIVIDUAL (18 AND OVER),F,W,Non-Hispanic,RESIDENT,,,,37211.0,,1789747200000,1789749060000
897814,20260564965_11,20260564965,D,DISPATCHED,O,OPEN,Open,MAUDINA AVE,36.13999999994927,-86.85999999996638,,,90,APARTMENT,1,220,BURGLARY- AGGRAVATED,Unarmed,1,No,I,INDIVIDUAL (18 AND OVER),F,B,Non-Hispanic,RESIDENT,,,,,16,1781800200000,1789749000000
925077,20260564973_11,20260564973,D,DISPATCHED,U,UNFOUNDED,Closed,3878 3878,36.22199999973157,-86.81900000016873,,,22,"RESIDENCE, HOME",1,740,POLICE INQUIRY,NONE,1,Yes,I,INDIVIDUAL (18 AND OVER),F,B,Non-Hispanic,RESIDENT,,,,37207.0,17,1789740000000,1789748880000
928329,20260560684_11,20260560684,S,SUSPECT,U,UNFOUNDED,Closed,2715 2715,36.207999999922265,-86.82599999984934,,,11,"GOVERNMENT, PUBLIC BUILDING",1,740,POLICE INQUIRY,NONE,1,No,I,INDIVIDUAL (18 AND OVER),F,W,Non-Hispanic,RESIDENT,,,,37218.0,17,1789568400000,1789748520000
930903,20260565005_11,20260565005,D,DISPATCHED,O,OPEN,Open,RICHMOND DR,36.229999999876554,-86.72000000006571,,,1,"AIR, BUS, TRAIN TERMINAL",1,26A,FRAUD - SWINDLE,NONE,1,No,B,BUSINESS,,,,,,,,,17,1784610060000,1789748460000
893771,20260564718_11,20260564718,D,DISPATCHED,U,UNFOUNDED,Closed,601 601,36.15499999994384,-86.77700000028835,,,11,"GOVERNMENT, PUBLIC BUILDING",1,740,TRANSPORT,NONE,1,No,I,INDIVIDUAL (18 AND OVER),M,W,Non-Hispanic,RESIDENT,,,,37203.0,17,1789736580000,1789748400000
932814,20260565009_11,20260565009,D,DISPATCHED,U,UNFOUNDED,Closed,3150 3150,36.16600000015136,-86.56900000015362,,,13,"HIGHWAY, ROAD, ALLEY",1,810,LOST PROPERTY,NONE,1,No,I,INDIVIDUAL (18 AND OVER),F,W,Non-Hispanic,RESIDENT,,,,37076.0,17,1789642800000,1789748340000
926934,20260565004_11,20260565004,D,DISPATCHED,O,OPEN,Open,PEPPERWOOD DR,36.0399999997254,-86.58000000016507,,,22,"RESIDENCE, HOME",1,240,VEHICLE THEFT,,1,No,I,INDIVIDUAL (18 AND OVER),F,W,Non-Hispanic,RESIDENT,,,,,,1789448460000,1789747980000
928204,20260564964_11,20260564964,D,DISPATCHED,U,UNFOUNDED,Closed,910 910,36.300000000312835,-86.70100000029095,,,7,CONVENIENCE STORE,1,740,POLICE INQUIRY,Unarmed,1,No,I,INDIVIDUAL (18 AND OVER),F,B,Non-Hispanic,NON RESIDENT,,,,37072.0,16,1788264000000,1789747620000
928203,20260564941_11,20260564941,D,DISPATCHED,U,UNFOUNDED,Closed,633 633,36.0840000002342,-86.75300000010006,,,22,"RESIDENCE, HOME",1,740,POLICE INQUIRY,Unarmed,1,No,I,INDIVIDUAL (18 AND OVER),M,W,Non-Hispanic,NON RESIDENT,,,,37211.0,16,1788447600000,1789747320000
927558,20260564944_11,20260564944,D,DISPATCHED,O,OPEN,Open,CORELAND DR,36.23999999981472,-86.72000000006571,,,90,APARTMENT,1,23D,LARC - FROM BLDG,NONE,1,No,I,INDIVIDUAL (18 AND OVER),F,W,Non-Hispanic,UNKNOWN,,,,,17,1789741440000,1789746780000
925054,20260564945_11,20260564945,D,DISPATCHED,U,UNFOUNDED,Closed,2400 2400,36.14800000018361,-86.80700000007457,,,14,"HOTEL, MOTEL, ETC.",1,740,POLICE INQUIRY,NONE,1,No,I,INDIVIDUAL (18 AND OVER),F,B,Non-Hispanic,NON RESIDENT,,,,37203.0,17,1789653180000,1789746360000
895195,20260564916_11,20260564916,D,DISPATCHED,O,OPEN,Open,BELL RD,36.16999999991994,-86.60999999995128,,,90,APARTMENT,1,13C,ASSAULT- FEAR OF BODILY INJURY,,1,No,I,INDIVIDUAL (18 AND OVER),F,B,Non-Hispanic,RESIDENT,,,,,,1789141440000,1789746240000
920904,20260564903_11,20260564903,D,DISPATCHED,O,OPEN,Open,ANDERSON RD,36.090000000189825,-86.60999999995128,,,20,"PARKING LOT, GARAGE",1,13A,INTENTIONAL AGGRAVATED ASSAULT,CLUB,1,No,I,INDIVIDUAL (18 AND OVER),M,B,Non-Hispanic,RESIDENT,,,,,07,1789740000000,1789746240000
920959,20260564893_11,20260564893,T,,O,OPEN,Open,N 9TH ST,36.18000000021363,-86.75999999978066,,,22,"RESIDENCE, HOME",1,23D,LARC - FROM BLDG,NONE,1,No,B,BUSINESS,,,,,,,,,17,1789315200000,1789745280000
923226,20260564925_11,20260564925,D,DISPATCHED,O,OPEN,Open,CHARLOTTE PIKE,36.129999999702626,-86.9099999996101,,,8,"DEPARTMENT, DISCOUNT STORE",1,26B,FRAUD -  ILLEG USE OF CREDIT CARDS,NONE,1,No,B,BUSINESS,,,,,,,,,17,1789572300000,1789745100000
932813,20260564917_11,20260564917,T,,O,OPEN,Open,SWAN RIDGE DR,36.05000000025906,-86.59000000009381,,,22,"RESIDENCE, HOME",1,23F,BURGLARY- MOTOR VEHICLE,NONE,1,No,I,INDIVIDUAL (18 AND OVER),M,W,Non-Hispanic,UNKNOWN,,,,,17,1789524000000,1789745040000
932816,20260564468_11,20260564468,D,DISPATCHED,U,UNFOUNDED,Closed,1715 1715,36.15299999973159,-86.79399999989771,,,14,"HOTEL, MOTEL, ETC.",1,740,TRANSPORT,,1,No,I,INDIVIDUAL (18 AND OVER),M,W,Non-Hispanic,RESIDENT,,,,37203.0,,1789726320000,1789745040000
924821,20260564891_11,20260564891,D,DISPATCHED,O,OPEN,Open,BRICK CHURCH PIKE,36.20000000001247,-86.77999999963816,,,90,APARTMENT,1,23F,BURGLARY - MOTOR VEHICLE,Unarmed,1,No,I,INDIVIDUAL (18 AND OVER),M,W,Non-Hispanic,RESIDENT,,,,,16,1789702200000,1789744980000
924822,20260564891_12,20260564891,D,DISPATCHED,O,OPEN,Open,BRICK CHURCH PIKE,36.20000000001247,-86.77999999963816,,,90,APARTMENT,1,23F,BURGLARY - MOTOR VEHICLE,Unarmed,2,No,I,INDIVIDUAL (18 AND OVER),M,W,Non-Hispanic,RESIDENT,,,,,16,1789702200000,1789744980000
927483,20260564894_11,20260564894,D,DISPATCHED,O,OPEN,Open,METROPLEX DR,36.090000000189825,-86.70000000020825,,,14,"HOTEL, MOTEL, ETC.",1,240,VEHICLE THEFT,NONE,1,No,I,INDIVIDUAL (18 AND OVER),F,W,Non-Hispanic,UNKNOWN,,,,,17,1789686000000,1789744920000
895882,20260564890_11,20260564890,D,DISPATCHED,U,UNFOUNDED,Closed,929 929,36.17799999972321,-86.75500000026547,,,22,"RESIDENCE, HOME",1,740,POLICE INQUIRY,NONE,1,Yes,I,INDIVIDUAL (18 AND OVER),F,W,Non-Hispanic,RESIDENT,,,,37206.0,17,1789741440000,1789744740000
920957,20260564847_11,20260564847,D,DISPATCHED,A,CLEARED BY ARREST,Closed,635 635,36.24099999988437,-86.67000000042204,,,22,"RESIDENCE, HOME",1,13B,SIMPLE ASSLT,PERSONAL (HANDS),1,Yes,I,INDIVIDUAL (18 AND OVER),F,B,Non-Hispanic,RESIDENT,,,,37115.0,09,1789704000000,1789744740000
926937,20260564918_11,20260564918,D,DISPATCHED,U,UNFOUNDED,Closed,5117 5117,36.090000000189825,-86.68700000003139,,,20,"PARKING LOT, GARAGE",1,810,LOST PROPERTY,NONE,1,No,G,GOVERNMENT,,,,,,,,37211.0,17,1789131600000,1789744560000
930017,20260564888_11,20260564888,D,DISPATCHED,O,OPEN,Open,OLD HICKORY BLVD,36.28000000026564,-86.80000000039394,,,20,"PARKING LOT, GARAGE",1,23F,BURGLARY- MOTOR VEHICLE,Unarmed,1,No,I,INDIVIDUAL (18 AND OVER),M,W,Non-Hispanic,NON RESIDENT,,,,,16,1789689600000,1789744440000
932815,20260564922_11,20260564922,D,DISPATCHED,U,UNFOUNDED,Closed,BELL RD & MURFREESBORO PIKE,36.072000000280795,-86.63600000030499,,,6,CONSTRUCTION SITE,1,810,LOST PROPERTY,,1,No,I,INDIVIDUAL (18 AND OVER),M,W,Hispanic,RESIDENT,,,,37013.0,,1789660800000,1789744440000
897432,20260564886_11,20260564886,D,DISPATCHED,O,OPEN,Open,DICKERSON,36.25000000002025,-86.75999999978066,,,8,"DEPARTMENT, DISCOUNT STORE",1,26B,FRAUD -  ILLEG USE OF CREDIT CARDS,NONE,1,No,B,BUSINESS,,,,,,,,,17,1789744380000,1789744380000
930887,20260564912_11,20260564912,D,DISPATCHED,O,OPEN,Open,MURFREESBORO PIKE,36.13999999994927,-86.72999999999446,,,20,"PARKING LOT, GARAGE",1,13C,ASSAULT- FEAR OF BODILY INJURY,,1,No,I,INDIVIDUAL (18 AND OVER),M,W,Non-Hispanic,RESIDENT,,,,,,1789743600000,1789744320000
897422,20260564861_11,20260564861,D,DISPATCHED,O,OPEN,Open,HIGHWAY 70  S,36.06999999966938,-86.93000000036587,,,90,APARTMENT,1,13C,"HARASSMENT- CAUSE EMOTIONAL DISTRESS, INTIMIDATE, FRIGHTEN",NONE,1,No,I,INDIVIDUAL (18 AND OVER),M,W,Non-Hispanic,RESIDENT,,,,,17,1789732800000,1789744260000
926931,20260564871_11,20260564871,D,DISPATCHED,U,UNFOUNDED,Closed,4040 4040,36.082999999882595,-86.72400000039654,,,26,SPECIALTY STORE,1,810,LOST PROPERTY,NONE,1,No,I,INDIVIDUAL (18 AND OVER),F,B,Non-Hispanic,RESIDENT,,,,37211.0,17,1789398600000,1789744200000
920963,20260564958_11,20260564958,D,DISPATCHED,O,OPEN,Open,ROSA L PARKS,36.16999999991994,-86.7899999995669,,,28,"OTHER, UNKNOWN",1,23H,"THEFT OF PROPERTY- > $500 BUT < $1,000",Unarmed,1,No,I,INDIVIDUAL (18 AND OVER),M,B,Non-Hispanic,RESIDENT,,,,,16,1789581600000,1789743960000
927439,20260564874_11,20260564874,D,DISPATCHED,O,OPEN,Open,NOLENSVILLE PIKE,36.06999999966938,-86.72000000006571,,,20,"PARKING LOT, GARAGE",1,23G,LARC - PARTS FROM VEH,Unarmed,1,No,I,INDIVIDUAL (18 AND OVER),M,B,Non-Hispanic,RESIDENT,,,,,16,1788469200000,1789743960000
923240,20260564830_11,20260564830,D,DISPATCHED,U,UNFOUNDED,Closed,4864 4864,36.039000000057484,-86.57699999991695,,,22,"RESIDENCE, HOME",1,735,CIVIL CASE,NONE,1,No,U,UNKNOWN,U,U,Non-Hispanic,NON RESIDENT,,,,37013.0,17,1789740000000,1789743720000
929431,20260564913_11,20260564913,D,DISPATCHED,O,OPEN,Open,UNIVERSITY CT,36.15000000024567,-86.75999999978066,,,90,APARTMENT,1,13B,SIMPLE ASSLT - STRANGULATION (NO LOSS OF CONSCIOUSNESS),PERSONAL (HANDS),1,No,I,INDIVIDUAL (18 AND OVER),M,W,Non-Hispanic,RESIDENT,,,,,09,1789682400000,1789743720000
932812,20260564879_11,20260564879,S,SUSPECT,O,OPEN,Open,HARDING PL,36.090000000189825,-86.71000000013699,,,20,"PARKING LOT, GARAGE",1,35B,DRUG PARAPHERNALIA- UNLAWFUL USE,NONE,1,No,S,SOCIETY,,,,,,,,,17,1789742280000,1789743660000
928328,20260564814_11,20260564814,D,DISPATCHED,U,UNFOUNDED,Closed,5612 5612,36.14800000018361,-86.85799999980097,,,20,"PARKING LOT, GARAGE",1,740,POLICE INQUIRY,NONE,1,No,I,INDIVIDUAL (18 AND OVER),F,B,Non-Hispanic,NON RESIDENT,,,,37209.0,17,1789720620000,1789743600000
895170,20260564846_11,20260564846,D,DISPATCHED,O,OPEN,Open,MUSIC VALLEY DR,36.22000000011304,-86.70000000020825,,,23,RESTAURANT,1,220,BURGLARY,CLUB,1,No,B,BUSINESS,,,,,,,,,07,1789715700000,1789743300000
895172,20260564846_21,20260564846,D,DISPATCHED,O,OPEN,Open,MUSIC VALLEY DR,36.22000000011304,-86.70000000020825,,,23,RESTAURANT,2,290,DAMAGE PROP - BUSINESS,CLUB,1,No,B,BUSINESS,,,,,,,,,07,1789715700000,1789743300000
930437,20260564876_11,20260564876,T,,U,UNFOUNDED,Closed,755 755,36.13300000008577,-86.77700000028835,,,22,"RESIDENCE, HOME",1,740,POLICE INQUIRY,NONE,1,No,I,INDIVIDUAL (18 AND OVER),F,W,Non-Hispanic,NON RESIDENT,,,,37204.0,17,1789696800000,1789742880000
895879,20260564817_11,20260564817,D,DISPATCHED,U,UNFOUNDED,Closed,300 300,36.13599999969332,-86.70200000037366,,,21,RENTAL STORAGE FACILITY,1,740,POLICE INQUIRY,NONE,1,Yes,I,INDIVIDUAL (18 AND OVER),M,W,Non-Hispanic,RESIDENT,,,,37217.0,17,1789738200000,1789742760000
897413,20260564873_11,20260564873,D,DISPATCHED,O,OPEN,Open,HILLSBORO PIKE,36.059999999965356,-86.85000000003764,,,22,"RESIDENCE, HOME",1,23D,LARC - FROM BLDG,Unarmed,1,No,I,INDIVIDUAL (18 AND OVER),F,W,Non-Hispanic,UNKNOWN,,,,,16,1769954400000,1789742400000
930433,20260564845_11,20260564845,T,,U,UNFOUNDED,Closed,408 408,36.16800000017144,-86.77899999955544,,,20,"PARKING LOT, GARAGE",1,810,LOST PROPERTY,NONE,1,No,I,INDIVIDUAL (18 AND OVER),M,W,Non-Hispanic,RESIDENT,,,,37201.0,17,1789668000000,1789741620000
895876,20260564792_11,20260564792,D,DISPATCHED,O,OPEN,Open,,,,,,22,"RESIDENCE, HOME",1,90J,CRIMINAL TRESPASS,Unarmed,1,No,S,SOCIETY,,,,,,,,,16,1789595520000,1789741200000
930867,20260564839_11,20260564839,D,DISPATCHED,O,OPEN,Open,GALLATIN PIKE N,36.300000000312835,-86.70000000020825,,,7,CONVENIENCE STORE,1,270,EMBEZZLE - BUSINESS PROP,Unarmed,1,No,B,BUSINESS,,,,,,,,,16,1786453200000,1789740840000
924824,20260564810_11,20260564810,D,DISPATCHED,O,OPEN,Open,WATSONWOOD DR,36.06999999966938,-86.7399999999232,,,28,"OTHER, UNKNOWN",1,26C,CRIMINAL IMPERSONATION,NONE,1,No,I,INDIVIDUAL (18 AND OVER),M,A,Non-Hispanic,RESIDENT,,,,,17,1789740780000,1789740780000
925104,20260564823_11,20260564823,D,DISPATCHED,U,UNFOUNDED,Closed,2087 2087,36.05600000004797,-86.60100000010526,,,53,School-Elementary/Secondary,1,810,LOST PROPERTY,NONE,1,No,G,GOVERNMENT,,,,,,,,37013.0,17,1789671600000,1789740660000
930856,20260564755_11,20260564755,D,DISPATCHED,O,OPEN,Open,11TH AVE S,36.13999999994927,-86.7899999995669,,,13,"HIGHWAY, ROAD, ALLEY",1,290,DAMAGE PROP - PRIVATE,HANDGUN,1,No,I,INDIVIDUAL (18 AND OVER),M,B,Non-Hispanic,RESIDENT,,,,,01,1789702200000,1789740540000
930858,20260564755_12,20260564755,D,DISPATCHED,O,OPEN,Open,11TH AVE S,36.13999999994927,-86.7899999995669,,,13,"HIGHWAY, ROAD, ALLEY",1,290,DAMAGE PROP - PRIVATE,HANDGUN,2,No,I,INDIVIDUAL (18 AND OVER),M,B,Unknown,RESIDENT,,,,,01,1789702200000,1789740540000
930861,20260564755_23,20260564755,D,DISPATCHED,O,OPEN,Open,11TH AVE S,36.13999999994927,-86.7899999995669,,,13,"HIGHWAY, ROAD, ALLEY",2,520,"WEAPON OFFENSE, CRIMINAL ATTEMPT",HANDGUN,3,No,S,SOCIETY,,,,,,,,,01,1789702200000,1789740540000
895199,20260564979_11,20260564979,D,DISPATCHED,O,OPEN,Open,OLD FRANKLIN RD,36.0399999997254,-86.6399999997375,,,22,"RESIDENCE, HOME",1,13C,ASSAULT- FEAR OF BODILY INJURY,,1,Yes,I,INDIVIDUAL (18 AND OVER),F,B,Non-Hispanic,RESIDENT,,,,,,1789736400000,1789740300000
932274,20260564801_11,20260564801,D,DISPATCHED,O,OPEN,Open,S 8TH ST,36.16999999991994,-86.75999999978066,,,13,"HIGHWAY, ROAD, ALLEY",1,23F,BURGLARY- MOTOR VEHICLE,Unarmed,1,No,I,INDIVIDUAL (18 AND OVER),F,A,Non-Hispanic,RESIDENT,,,,,16,1789689600000,1789739580000
927454,20260564766_11,20260564766,D,DISPATCHED,O,OPEN,Open,CHURCH ST,36.159999999962295,-86.77999999963816,,,23,RESTAURANT,1,13C,ASSAULT- FEAR OF BODILY INJURY,,1,No,I,INDIVIDUAL (18 AND OVER),F,W,Non-Hispanic,RESIDENT,,,,,,1789650000000,1789739340000
932273,20260564782_11,20260564782,D,DISPATCHED,O,OPEN,Open,LAWRENCE,36.129999999702626,-86.7899999995669,,,13,"HIGHWAY, ROAD, ALLEY",1,13C,ASSAULT- FEAR OF BODILY INJURY,,1,No,I,INDIVIDUAL (18 AND OVER),M,W,Non-Hispanic,UNKNOWN,,,,,,1789693200000,1789739220000
930881,20260564533_11,20260564533,D,DISPATCHED,A,CLEARED BY ARREST,Closed,619 619,36.15499999994384,-86.83499999969537,,,90,APARTMENT,1,13B,SIMPLE ASSLT,PERSONAL (HANDS),1,Yes,I,INDIVIDUAL (18 AND OVER),F,B,Non-Hispanic,RESIDENT,,,,37209.0,09,1789730100000,1789737180000
925292,20260564699_11,20260564699,D,DISPATCHED,O,OPEN,Open,PIPER CT,36.320000000006466,-86.85999999996638,,,22,"RESIDENCE, HOME",1,23F,BURGLARY- MOTOR VEHICLE,Unarmed,1,No,I,INDIVIDUAL (18 AND OVER),M,W,Non-Hispanic,RESIDENT,,,,,16,1789714800000,1789737000000
929896,20260564662_11,20260564662,D,DISPATCHED,A,CLEARED BY ARREST,Closed,220 220,36.043999999968996,-86.64800000039914,,,7,CONVENIENCE STORE,1,35A,MARIJUANA - POSSESS,NONE,1,No,S,SOCIETY,,,,,,,,37013.0,17,1789742640000,1789735020000
926231,20260562742_11,20260562742,S,SUSPECT,U,UNFOUNDED,Closed,455 455,36.078999999789886,-86.63099999989146,,,53,School-Elementary/Secondary,1,810,LOST PROPERTY,NONE,1,No,G,GOVERNMENT,,,,,,,,37217.0,17,1723118400000,1789734960000
928326,20260564587_11,20260564587,D,DISPATCHED,A,CLEARED BY ARREST,Closed,3200 3200,36.19399999998908,-86.83100000026286,,,20,"PARKING LOT, GARAGE",1,90J,CRIMINAL TRESPASS,NONE,1,No,S,SOCIETY,,,,,,,,37218.0,17,1789732800000,1789734780000
928327,20260564587_21,20260564587,D,DISPATCHED,A,CLEARED BY ARREST,Closed,3200 3200,36.19399999998908,-86.83100000026286,,,19,PARK,2,35B,DRUG PARAPHERNALIA- UNLAWFUL USE,NONE,1,No,S,SOCIETY,,,,,,,,37218.0,17,1789732800000,1789734780000
930897,20260564596_11,20260564596,D,DISPATCHED,O,OPEN,Open,CHEYENNE BLVD,36.25999999986106,-86.67000000042204,,,90,APARTMENT,1,23D,LARC - FROM BLDG,NONE,1,No,I,INDIVIDUAL (18 AND OVER),F,W,Hispanic,UNKNOWN,,,,,17,1789282800000,1789734540000
924820,20260564566_11,20260564566,D,DISPATCHED,U,UNFOUNDED,Closed,500 500,36.25900000025185,-86.67900000026806,,,13,"HIGHWAY, ROAD, ALLEY",1,810,LOST PROPERTY,NONE,1,No,I,INDIVIDUAL (18 AND OVER),M,W,Hispanic,UNKNOWN,,,,37115.0,17,1789705800000,1789733640000
895244,20260564473_11,20260564473,D,DISPATCHED,O,OPEN,Open,OLD HICKORY,36.23999999981472,-86.6399999997375,,,22,"RESIDENCE, HOME",1,13B,SIMPLE ASSLT,PERSONAL (HANDS),1,Yes,I,INDIVIDUAL (18 AND OVER),F,W,Non-Hispanic,UNKNOWN,,,,,09,1789718400000,1789731360000
897811,20260564433_11,20260564433,D,DISPATCHED,O,OPEN,Open,HICKORY HOLLOW PKWY,36.0399999997254,-86.64999999966624,,,90,APARTMENT,1,290,"VANDALISM- $1,000 OR LESS",CLUB,1,No,I,INDIVIDUAL (18 AND OVER),F,B,Non-Hispanic,UNKNOWN,,,,,07,1789715400000,1789730820000
923887,20260564426_11,20260564426,D,DISPATCHED,O,OPEN,Open,EDGEHILL AVE,36.13999999994927,-86.7899999995669,,,90,APARTMENT,1,13B,SIMPLE ASSLT - STRANGULATION (NO LOSS OF CONSCIOUSNESS),PERSONAL (HANDS),1,No,I,INDIVIDUAL (18 AND OVER),F,B,Non-Hispanic,RESIDENT,,,,,09,1789722480000,1789728420000
919025,20260564357_11,20260564357,D,DISPATCHED,O,OPEN,Open,FRIST BLVD,36.18000000021363,-86.60999999995128,,,9,HOSPITAL,1,23H,"THEFT OF PROPERTY->$1,000 BUT <$2,500",,1,No,I,INDIVIDUAL (18 AND OVER),M,B,Non-Hispanic,RESIDENT,,,,,,1789714800000,1789724880000
923882,20260564432_11,20260564432,D,DISPATCHED,U,UNFOUNDED,Closed,709 709,36.15200000008144,-86.77299999995753,,,1,"AIR, BUS, TRAIN TERMINAL",1,810,LOST PROPERTY,NONE,1,No,I,INDIVIDUAL (18 AND OVER),M,U,Non-Hispanic,NON RESIDENT,,,,37203.0,17,1789718400000,1789724040000
919012,20260564420_12,20260564420,D,DISPATCHED,U,UNFOUNDED,Closed,600 600,36.1420000001408,-86.7399999999232,,,11,"GOVERNMENT, PUBLIC BUILDING",1,715,FOUND PROPERTY,NONE,2,No,I,INDIVIDUAL (18 AND OVER),U,U,Unknown,NON RESIDENT,,,,37210.0,17,1789032420000,1789723620000
919015,20260564420_11,20260564420,D,DISPATCHED,U,UNFOUNDED,Closed,600 600,36.1420000001408,-86.7399999999232,,,11,"GOVERNMENT, PUBLIC BUILDING",1,715,FOUND PROPERTY,NONE,1,No,I,INDIVIDUAL (18 AND OVER),M,W,Non-Hispanic,NON RESIDENT,,,,37210.0,17,1789032420000,1789723620000
924663,20260564339_11,20260564339,D,DISPATCHED,U,UNFOUNDED,Closed,2141 2141,36.03299999980557,-86.65099999974893,,,22,"RESIDENCE, HOME",1,740,POLICE INQUIRY,NONE,1,Yes,I,INDIVIDUAL (18 AND OVER),F,W,Hispanic,RESIDENT,,,,37013.0,17,1789711200000,1789723380000
897419,20260564360_11,20260564360,D,DISPATCHED,O,OPEN,Open,ENNIS RD,36.10999999969955,-86.72999999999446,,,22,"RESIDENCE, HOME",1,13A,INTENTIONAL AGGRAVATED ASSAULT,OTHER,1,No,I,INDIVIDUAL (18 AND OVER),F,W,Non-Hispanic,UNKNOWN,,,,,15,1789714800000,1789718580000
930429,20260564330_11,20260564330,D,DISPATCHED,U,UNFOUNDED,Closed,5160 5160,36.07099999979706,-86.64199999990291,,,90,APARTMENT,1,740,POLICE INQUIRY,,1,Yes,I,INDIVIDUAL (18 AND OVER),F,B,Non-Hispanic,RESIDENT,,,,37013.0,,1789711440000,1789718520000
895189,20260564311_11,20260564311,D,DISPATCHED,O,OPEN,Open,14TH AVE S,36.13999999994927,-86.7899999995669,,,22,"RESIDENCE, HOME",1,13B,SIMPLE ASSLT,PERSONAL (HANDS),1,Yes,I,INDIVIDUAL (18 AND OVER),F,B,Non-Hispanic,RESIDENT,,,,,09,1789711200000,1789718160000
895192,20260564311_12,20260564311,D,DISPATCHED,O,OPEN,Open,14TH AVE S,36.13999999994927,-86.7899999995669,,,22,"RESIDENCE, HOME",1,13B,SIMPLE ASSLT,PERSONAL (HANDS),2,Yes,I,INDIVIDUAL (18 AND OVER),F,B,Non-Hispanic,RESIDENT,,,,,09,1789711200000,1789718160000
923893,20260564348_11,20260564348,D,DISPATCHED,O,OPEN,Open,MURFREESBORO PIKE,36.12000000013524,-86.70000000020825,,,90,APARTMENT,1,13C,ASSAULT- FEAR OF BODILY INJURY,,1,No,I,INDIVIDUAL (18 AND OVER),F,B,Non-Hispanic,UNKNOWN,,,,,,1789707180000,1789718160000
930444,20260564341_11,20260564341,D,DISPATCHED,U,UNFOUNDED,Closed,825 825,36.133999999638924,-86.72300000031382,,,14,"HOTEL, MOTEL, ETC.",1,740,POLICE INQUIRY,NONE,1,No,I,INDIVIDUAL (18 AND OVER),F,U,Non-Hispanic,RESIDENT,,,,37217.0,17,1789713000000,1789716240000
923904,20260564280_11,20260564280,D,DISPATCHED,O,OPEN,Open,W DUE WEST AVE,36.25000000002025,-86.72000000006571,,,20,"PARKING LOT, GARAGE",1,23H,"THEFT OF PROPERTY-$1,000 OR LESS",,1,No,I,INDIVIDUAL (18 AND OVER),M,W,Hispanic,RESIDENT,,,,,,1789708800000,1789715580000
923905,20260564025_11,20260564025,D,DISPATCHED,O,OPEN,Open,HARDING PL,36.090000000189825,-86.69000000027951,,,20,"PARKING LOT, GARAGE",1,23H,THEFT OF PROPERTY- $500 OR LESS,PERSONAL (HANDS),1,No,I,INDIVIDUAL (18 AND OVER),F,W,Non-Hispanic,UNKNOWN,,,,,09,1789700400000,1789715040000
926908,20260564334_11,20260564334,D,DISPATCHED,O,OPEN,Open,BROADWAY,36.159999999962295,-86.7899999995669,,,13,"HIGHWAY, ROAD, ALLEY",1,13B,SIMPLE ASSLT,PERSONAL (HANDS),1,No,I,INDIVIDUAL (18 AND OVER),F,W,Non-Hispanic,RESIDENT,,,,,09,1789712100000,1789714860000
926940,20260563702_11,20260563702,D,DISPATCHED,O,OPEN,Open,ROSA L PARKS BLVD,36.19000000021294,-86.80000000039394,,,25,"SERVICE, GAS STATION",1,13C,"Assault, health care provider - Fear of Bodily Injury",,1,Yes,I,INDIVIDUAL (18 AND OVER),F,B,Non-Hispanic,RESIDENT,,,,,,1789680780000,1789714560000
897778,20260564284_11,20260564284,D,DISPATCHED,U,UNFOUNDED,Closed,900 900,36.15599999977934,-86.73799999975779,,,90,APARTMENT,1,740,TRANSPORT,NONE,1,No,I,INDIVIDUAL (18 AND OVER),M,B,Non-Hispanic,RESIDENT,,,,37217.0,17,1789710180000,1789714500000
918969,20260564101_11,20260564101,S,SUSPECT,O,OPEN,Open,JAMES,36.159999999962295,-86.86999999989513,,,9,HOSPITAL,1,35A,MARIJUANA - POSSESS,NONE,1,No,S,SOCIETY,,,,,,,,,17,1789704000000,1789714500000
918972,20260564101_21,20260564101,S,SUSPECT,O,OPEN,Open,JAMES,36.159999999962295,-86.86999999989513,,,9,HOSPITAL,2,35B,DRUG PARAPHERNALIA- UNLAWFUL USE,NONE,1,No,S,SOCIETY,,,,,,,,,17,1789704000000,1789714500000
930452,20260564299_11,20260564299,D,DISPATCHED,U,UNFOUNDED,Closed,2258 2258,36.16900000026128,-86.68599999994869,,,90,APARTMENT,1,740,POLICE INQUIRY,PERSONAL (HANDS),1,Yes,I,INDIVIDUAL (18 AND OVER),F,W,Non-Hispanic,RESIDENT,,,,37214.0,09,1789711500000,1789713840000
918979,20260564255_11,20260564255,S,SUSPECT,O,OPEN,Open,SPENCE LN,36.13999999994927,-86.72000000006571,,,20,"PARKING LOT, GARAGE",1,35A,POSSESSION OF A CONTROLLED SUBSTANCE,NONE,1,No,S,SOCIETY,,,,,,,,,17,1789709400000,1789713780000
918981,20260564255_21,20260564255,S,SUSPECT,O,OPEN,Open,SPENCE LN,36.13999999994927,-86.72000000006571,,,20,"PARKING LOT, GARAGE",2,35B,DRUG PARAPHERNALIA- UNLAWFUL USE,NONE,1,No,S,SOCIETY,,,,,,,,,17,1789709400000,1789713780000
930456,20260564298_11,20260564298,D,DISPATCHED,U,UNFOUNDED,Closed,712 712,,,,,13,"HIGHWAY, ROAD, ALLEY",1,740,POLICE INQUIRY,NONE,1,Yes,I,INDIVIDUAL (18 AND OVER),F,B,Non-Hispanic,RESIDENT,,,,37216.0,17,1789711500000,1789713240000
930877,20260564267_11,20260564267,D,DISPATCHED,U,UNFOUNDED,Closed,3458 3458,36.24600000032312,-86.75700000043086,,,20,"PARKING LOT, GARAGE",1,740,POLICE INQUIRY,,1,No,I,INDIVIDUAL (18 AND OVER),M,B,Unknown,NON RESIDENT,,,,37207.0,,1789708500000,1789711320000
918947,20260564235_11,20260564235,D,DISPATCHED,O,OPEN,Open,HAMILTON,36.209999999706326,-86.83000000018018,,,22,"RESIDENCE, HOME",1,220,BURGLARY- AGGRAVATED,Unarmed,1,No,I,INDIVIDUAL (18 AND OVER),F,B,Non-Hispanic,RESIDENT,,,,,16,1789629300000,1789711260000
895182,20260563584_11,20260563584,D,DISPATCHED,P,PROSECUTION DECLINED,Closed,1627 1627,36.174999999701605,-86.8159999999206,,,22,"RESIDENCE, HOME",1,850,CONTEMPT - VIOLATION OF PROTECTION ORDER,NONE,1,Yes,I,INDIVIDUAL (18 AND OVER),M,W,Non-Hispanic,UNKNOWN,,,,37208.0,17,1789531080000,1789711200000
895184,20260563584_21,20260563584,D,DISPATCHED,P,PROSECUTION DECLINED,Closed,1627 1627,36.174999999701605,-86.8159999999206,,,22,"RESIDENCE, HOME",2,13D,STALKING- (VALID ONLY:  7/1/92 - 6/30/95),,1,Yes,I,INDIVIDUAL (18 AND OVER),M,W,Non-Hispanic,UNKNOWN,,,,37208.0,,1789531080000,1789711200000
897439,20260563526_11,20260563526,D,DISPATCHED,O,OPEN,Open,25TH,36.18000000021363,-86.82000000025143,,,22,"RESIDENCE, HOME",1,850,CONTEMPT - VIOLATION OF PROTECTION ORDER,NONE,1,Yes,I,INDIVIDUAL (18 AND OVER),M,W,Non-Hispanic,UNKNOWN,,,,,17,1789630380000,1789710420000
930884,20260564234_11,20260564234,D,DISPATCHED,U,UNFOUNDED,Closed,104 104,36.207999999922265,-86.76700000035962,,,5,"COMMERCIAL, OFFICE BUILDING",1,740,POLICE INQUIRY,Unarmed,1,Yes,I,INDIVIDUAL (18 AND OVER),F,W,Unknown,NON RESIDENT,,,,37207.0,16,1789708140000,1789710240000
930852,20260564224_11,20260564224,D,DISPATCHED,U,UNFOUNDED,Closed,451 451,36.14300000034089,-86.74699999960382,,,90,APARTMENT,1,740,POLICE INQUIRY,NONE,1,No,I,INDIVIDUAL (18 AND OVER),M,B,Non-Hispanic,UNKNOWN,,,,37210.0,17,1789707660000,1789709940000
930879,20260564151_11,20260564151,D,DISPATCHED,U,UNFOUNDED,Closed,212 212,36.13800000028207,-86.6399999997375,,,21,RENTAL STORAGE FACILITY,1,740,POLICE INQUIRY,NONE,1,No,I,INDIVIDUAL (18 AND OVER),F,W,Non-Hispanic,RESIDENT,,,,37214.0,17,1789623540000,1789709940000
928021,20260551779_11,20260551779,D,DISPATCHED,U,UNFOUNDED,Closed, & 12TH AV N,,,,,13,"HIGHWAY, ROAD, ALLEY",1,740,POLICE INQUIRY,NONE,1,No,I,INDIVIDUAL (18 AND OVER),F,B,Non-Hispanic,RESIDENT,,,,37203.0,17,1789162920000,1789709760000
926896,20260564251_11,20260564251,D,DISPATCHED,O,OPEN,Open,PLATFORM,36.159999999962295,-86.7899999995669,,,23,RESTAURANT,1,13B,SIMPLE ASSLT,PERSONAL (HANDS),1,No,I,INDIVIDUAL (18 AND OVER),M,W,Non-Hispanic,UNKNOWN,,,,,09,1789708500000,1789709280000
894666,20260564051_11,20260564051,S,SUSPECT,O,OPEN,Open,AMALIE DR,36.05000000025906,-86.72000000006571,,,90,APARTMENT,1,13B,SIMPLE ASSLT,PERSONAL (HANDS),1,No,I,INDIVIDUAL (18 AND OVER),F,W,Unknown,UNKNOWN,,,,,09,1789696800000,1789708800000
926959,20260563372_11,20260563372,S,SUSPECT,A,CLEARED BY ARREST,Closed,W TRINITY LN & MONTICELLO DR,36.206999999709105,-86.78399999996897,,,13,"HIGHWAY, ROAD, ALLEY",1,35A,POSSESSION OF A CONTROLLED SUBSTANCE,NONE,1,No,S,SOCIETY,,,,,,,,37207.0,17,1789678800000,1789708740000
926961,20260563372_21,20260563372,S,SUSPECT,A,CLEARED BY ARREST,Closed,W TRINITY LN & MONTICELLO DR,36.206999999709105,-86.78399999996897,,,13,"HIGHWAY, ROAD, ALLEY",2,35B,DRUG PARAPHERNALIA- UNLAWFUL USE,NONE,1,No,S,SOCIETY,,,,,,,,37207.0,17,1789678800000,1789708740000
924662,20260564150_11,20260564150,D,DISPATCHED,U,UNFOUNDED,Closed,136 136,,,,,19,PARK,1,740,POLICE INQUIRY,,1,Yes,I,INDIVIDUAL (18 AND OVER),F,B,Non-Hispanic,RESIDENT,,,,37217.0,,1789695000000,1789708440000
897783,20260564070_11,20260564070,D,DISPATCHED,U,UNFOUNDED,Closed,710 710,36.183000000200536,-86.75099999993463,,,90,APARTMENT,1,740,TRANSPORT,NONE,1,No,I,INDIVIDUAL (18 AND OVER),M,W,Non-Hispanic,RESIDENT,,,,37206.0,17,1789701360000,1789707420000
918985,20260564158_11,20260564158,D,DISPATCHED,A,CLEARED BY ARREST,Closed,EDGEHILL & 9TH,36.1420000001408,-86.78099999972085,,,13,"HIGHWAY, ROAD, ALLEY",1,35A,MARIJUANA - POSSESS,HANDGUN - SEMIAUTOMATIC,1,No,S,SOCIETY,,,,,,,,37203.0,01S,1789707060000,1789707060000
918988,20260564158_21,20260564158,D,DISPATCHED,A,CLEARED BY ARREST,Closed,EDGEHILL & 9TH,36.1420000001408,-86.78099999972085,,,13,"HIGHWAY, ROAD, ALLEY",2,520,"WEAPON OFFENSE, CRIMINAL ATTEMPT",HANDGUN - SEMIAUTOMATIC,1,No,S,SOCIETY,,,,,,,,37203.0,01S,1789707060000,1789707060000
927311,20260564075_11,20260564075,D,DISPATCHED,U,UNFOUNDED,Closed,722 722,36.07099999979706,-86.68599999994869,,,22,"RESIDENCE, HOME",1,740,POLICE INQUIRY,NONE,1,No,I,INDIVIDUAL (18 AND OVER),F,W,Non-Hispanic,UNKNOWN,,,,37211.0,17,1789692120000,1789707000000
925048,20260564020_11,20260564020,D,DISPATCHED,U,UNFOUNDED,Closed,1300 1300,36.17699999991021,-86.7880000002998,,,90,APARTMENT,1,740,POLICE INQUIRY,,1,Yes,I,INDIVIDUAL (18 AND OVER),M,W,Non-Hispanic,RESIDENT,,,,37208.0,,1789666200000,1789706940000
895870,20260563925_11,20260563925,D,DISPATCHED,U,UNFOUNDED,Closed,5646 5646,36.048999999767794,-86.72400000039654,,,90,APARTMENT,1,740,POLICE INQUIRY,NONE,1,Yes,I,INDIVIDUAL (18 AND OVER),F,W,Non-Hispanic,RESIDENT,,,,37211.0,17,1789696800000,1789706460000
895174,20260563872_11,20260563872,D,DISPATCHED,A,CLEARED BY ARREST,Closed,1806 1806,36.15899999964666,-86.80099999957834,,,22,"RESIDENCE, HOME",1,220,BURGLARY - AGGRAVATED,NONE,1,No,I,INDIVIDUAL (18 AND OVER),M,W,Non-Hispanic,RESIDENT,,,,37203.0,17,1789693200000,1789705740000
895176,20260563872_12,20260563872,D,DISPATCHED,A,CLEARED BY ARREST,Closed,1806 1806,36.15899999964666,-86.80099999957834,,,22,"RESIDENCE, HOME",1,220,BURGLARY - AGGRAVATED,NONE,2,No,I,INDIVIDUAL (18 AND OVER),M,W,Non-Hispanic,RESIDENT,,,,37203.0,17,1789693200000,1789705740000
895178,20260563872_13,20260563872,D,DISPATCHED,A,CLEARED BY ARREST,Closed,1806 1806,36.15899999964666,-86.80099999957834,,,22,"RESIDENCE, HOME",1,220,BURGLARY - AGGRAVATED,NONE,3,No,I,INDIVIDUAL (18 AND OVER),M,W,Non-Hispanic,RESIDENT,,,,37203.0,17,1789693200000,1789705740000
895180,20260563872_14,20260563872,D,DISPATCHED,A,CLEARED BY ARREST,Closed,1806 1806,36.15899999964666,-86.80099999957834,,,22,"RESIDENCE, HOME",1,220,BURGLARY - AGGRAVATED,NONE,4,No,I,INDIVIDUAL (18 AND OVER),M,W,Non-Hispanic,RESIDENT,,,,37203.0,17,1789693200000,1789705740000
930894,20260563544_11,20260563544,D,DISPATCHED,U,UNFOUNDED,Closed,2312 2312,36.207999999922265,-86.77800000037105,,,25,"SERVICE, GAS STATION",1,740,POLICE INQUIRY,NONE,1,Yes,I,INDIVIDUAL (18 AND OVER),F,B,Non-Hispanic,RESIDENT,,,,37207.0,17,1789704420000,1789704420000
923911,20260563997_11,20260563997,D,DISPATCHED,O,OPEN,Open,RIO VISTA,36.27000000015372,-86.68000000035076,,,20,"PARKING LOT, GARAGE",1,13B,SIMPLE ASSLT,PERSONAL (HANDS),1,Yes,I,INDIVIDUAL (18 AND OVER),F,B,Non-Hispanic,RESIDENT,,,,,09,1789699200000,1789704300000
923912,20260563997_12,20260563997,D,DISPATCHED,O,OPEN,Open,RIO VISTA,36.27000000015372,-86.68000000035076,,,20,"PARKING LOT, GARAGE",1,13B,SIMPLE ASSLT,PERSONAL (HANDS),2,Yes,I,INDIVIDUAL (18 AND OVER),F,B,Non-Hispanic,RESIDENT,,,,,09,1789699200000,1789704300000
919018,20260564090_11,20260564090,D,DISPATCHED,U,UNFOUNDED,Closed,2424 2424,36.12599999978795,-86.80499999990916,,,20,"PARKING LOT, GARAGE",1,715,FOUND PROPERTY,NONE,1,No,I,INDIVIDUAL (18 AND OVER),M,B,Non-Hispanic,RESIDENT,,,,37212.0,17,1789690740000,1789703880000
917455,20260564039_11,20260564039,D,DISPATCHED,O,OPEN,Open,WOODLAND ST,36.16999999991994,-86.75999999978066,,,13,"HIGHWAY, ROAD, ALLEY",1,23F,BURGLARY- MOTOR VEHICLE,NONE,1,No,I,INDIVIDUAL (18 AND OVER),M,W,Non-Hispanic,NON RESIDENT,,,,,17,1789696800000,1789703640000
911595,20260563616_11,20260563616,D,DISPATCHED,A,CLEARED BY ARREST,Closed,780 780,36.04099999976909,-86.77800000037105,,,8,"DEPARTMENT, DISCOUNT STORE",1,23C,"THEFT OF MERCHANDISE- $1,000 OR LESS",NONE,1,No,B,BUSINESS,,,,,,,,37027.0,17,1789682400000,1789703160000
931334,20260563808_11,20260563808,D,DISPATCHED,U,UNFOUNDED,Closed,609 609,36.28399999979945,-86.73799999975779,,,22,"RESIDENCE, HOME",1,740,TRANSPORT,NONE,1,No,I,INDIVIDUAL (18 AND OVER),F,W,Unknown,UNKNOWN,,,,37072.0,17,1789692180000,1789702860000
930843,20260563921_11,20260563921,D,DISPATCHED,U,UNFOUNDED,Closed,919 919,,,,,13,"HIGHWAY, ROAD, ALLEY",1,740,POLICE INQUIRY,NONE,1,Yes,I,INDIVIDUAL (18 AND OVER),F,W,Non-Hispanic,RESIDENT,,,,37207.0,17,1789678800000,1789702680000
931330,20260564024_11,20260564024,D,DISPATCHED,O,OPEN,Open,LINBAR DR,36.080000000195604,-86.70000000020825,,,20,"PARKING LOT, GARAGE",1,13C,ASSAULT- FEAR OF BODILY INJURY,,1,No,I,INDIVIDUAL (18 AND OVER),M,B,Non-Hispanic,RESIDENT,,,,,,1789699200000,1789702020000
925051,20260563993_11,20260563993,D,DISPATCHED,U,UNFOUNDED,Closed,2030 2030,36.18400000028398,-86.8170000000033,,,22,"RESIDENCE, HOME",1,740,POLICE INQUIRY,NONE,1,Yes,I,INDIVIDUAL (18 AND OVER),F,B,Non-Hispanic,RESIDENT,,,,37208.0,17,1789700040000,1789701660000
925045,20260563887_11,20260563887,D,DISPATCHED,U,UNFOUNDED,Closed,4665 4665,36.23999999981472,-86.94199999956172,,,22,"RESIDENCE, HOME",1,740,POLICE INQUIRY,,1,No,I,INDIVIDUAL (18 AND OVER),M,W,Non-Hispanic,UNKNOWN,,,,37218.0,,1789700400000,1789700400000
918953,20260563995_11,20260563995,S,SUSPECT,O,OPEN,Open,GALLATIN PIKE N,36.300000000312835,-86.69000000027951,,,23,RESTAURANT,1,290,"VANDALISM- $1,000 OR LESS",PERSONAL (HANDS),1,No,B,BUSINESS,,,,,,,,,09,1789699860000,1789699860000
931381,20260563953_11,20260563953,S,SUSPECT,U,UNFOUNDED,Closed,4TH AVE N & JUNIOR GILLIAM WAY,36.17299999992894,-86.78500000005168,,,13,"HIGHWAY, ROAD, ALLEY",1,740,POLICE INQUIRY,NONE,1,Yes,I,INDIVIDUAL (18 AND OVER),F,W,Non-Hispanic,RESIDENT,,,,37219.0,17,1789698000000,1789699680000
923907,20260563892_11,20260563892,D,DISPATCHED,O,OPEN,Open,HARRIS HILLS LN,36.0399999997254,-86.68000000035076,,,22,"RESIDENCE, HOME",1,13C,ASSAULT- FEAR OF BODILY INJURY,,1,Yes,I,INDIVIDUAL (18 AND OVER),M,B,Non-Hispanic,RESIDENT,,,,,,1788238860000,1789699200000
931328,20260563888_11,20260563888,D,DISPATCHED,O,OPEN,Open,GALLATIN,36.30999999970611,-86.69000000027951,,,20,"PARKING LOT, GARAGE",1,13C,ASSAULT- FEAR OF BODILY INJURY,,1,No,I,INDIVIDUAL (18 AND OVER),M,B,Non-Hispanic,UNKNOWN,,,,,,1789695900000,1789699200000
897787,20260563784_11,20260563784,D,DISPATCHED,U,UNFOUNDED,Closed,1102 1102,36.19000000021294,-86.77199999987482,,,13,"HIGHWAY, ROAD, ALLEY",1,740,TRANSPORT,NONE,1,No,I,INDIVIDUAL (18 AND OVER),F,W,Non-Hispanic,RESIDENT,,,,37207.0,17,1789691400000,1789699140000
919009,20260563436_11,20260563436,D,DISPATCHED,A,CLEARED BY ARREST,Closed,513 513,36.159999999962295,-86.64500000015101,,,20,"PARKING LOT, GARAGE",1,13B,SIMPLE ASSLT,PERSONAL (HANDS),1,Yes,I,INDIVIDUAL (18 AND OVER),F,B,Non-Hispanic,UNKNOWN,,,,37214.0,09,1789675200000,1789698720000
932648,20260563905_11,20260563905,D,DISPATCHED,O,OPEN,Open,SUNSHINE DR,36.029999999717916,-86.59000000009381,,,22,"RESIDENCE, HOME",1,26A,FRAUD - SWINDLE,NONE,1,No,I,INDIVIDUAL (18 AND OVER),M,B,Hispanic,RESIDENT,,,,,17,1789695900000,1789697700000
918966,20260563803_11,20260563803,D,DISPATCHED,A,CLEARED BY ARREST,Closed,4320 4320,36.21900000033371,-86.62300000012813,,,22,"RESIDENCE, HOME",1,13B,ASSAULT- OFFENSIVE OR PROVOCATIVE CONTACT,PERSONAL (HANDS),1,Yes,I,INDIVIDUAL (18 AND OVER),M,B,Unknown,UNKNOWN,,,,37138.0,09,1789692300000,1789696200000
925018,20260563841_11,20260563841,D,DISPATCHED,U,UNFOUNDED,Closed,5800 5800,36.144000000126155,-86.86100000004909,,,22,"RESIDENCE, HOME",1,740,POLICE INQUIRY,NONE,1,Yes,I,INDIVIDUAL (18 AND OVER),F,U,Unknown,RESIDENT,,,,37209.0,17,1789688880000,1789694580000
924654,20260563612_11,20260563612,D,DISPATCHED,U,UNFOUNDED,Closed,639 639,36.1539999996859,-86.77700000028835,,,20,"PARKING LOT, GARAGE",1,740,TRANSPORT,NONE,1,No,I,INDIVIDUAL (18 AND OVER),M,W,Non-Hispanic,RESIDENT,,,,37203.0,17,1789685760000,1789694280000
895654,20260563458_11,20260563458,D,DISPATCHED,U,UNFOUNDED,Closed,105 105,36.19200000026705,-86.62600000037625,,,22,"RESIDENCE, HOME",1,695,UNKNOWN DEATH,,1,No,I,INDIVIDUAL (18 AND OVER),M,W,Non-Hispanic,RESIDENT,,,,37076.0,,1789681380000,1789694100000
925040,20260551678_11,20260551678,D,DISPATCHED,U,UNFOUNDED,Closed,1221 1221,,,,,90,APARTMENT,1,740,POLICE INQUIRY,Unarmed,1,No,B,BUSINESS,,,,,,,,37203.0,16,1789120800000,1789693920000
925060,20260563649_12,20260563649,D,DISPATCHED,O,OPEN,Open,LENORE ST,36.159999999962295,-86.75999999978066,,,90,APARTMENT,1,90F,FAMILY OFFENSE,NONE,2,No,S,SOCIETY,,,,,,,,,17,1789687800000,1789693800000
931327,20260563698_11,20260563698,D,DISPATCHED,A,CLEARED BY ARREST,Closed,3816 3816,36.27100000015447,-86.7650000001942,,,22,"RESIDENCE, HOME",1,13B,SIMPLE ASSLT,PERSONAL (HANDS),1,Yes,I,INDIVIDUAL (18 AND OVER),M,W,Hispanic,UNKNOWN,,,,37207.0,09,1789684200000,1789693800000
895142,20260563789_11,20260563789,D,DISPATCHED,U,UNFOUNDED,Closed,211 211,36.174999999701605,-86.77400000004023,,,14,"HOTEL, MOTEL, ETC.",1,810,LOST PROPERTY,NONE,1,No,I,INDIVIDUAL (18 AND OVER),F,W,Non-Hispanic,NON RESIDENT,,,,37213.0,17,1789174800000,1789693500000
895095,20260563742_11,20260563742,D,DISPATCHED,U,UNFOUNDED,Closed,170 170,36.21299999994166,-86.76300000002878,,,22,"RESIDENCE, HOME",1,740,POLICE INQUIRY,NONE,1,Yes,I,INDIVIDUAL (18 AND OVER),M,B,Non-Hispanic,UNKNOWN,,,,37207.0,17,1789682400000,1789692720000
925063,20260563788_11,20260563788,D,DISPATCHED,U,UNFOUNDED,Closed,465 465,36.151000000010846,-86.6670000001739,,,3,"BAR, NIGHT CLUB",1,740,POLICE INQUIRY,PERSONAL (HANDS),1,No,U,UNKNOWN,F,W,Non-Hispanic,NON RESIDENT,,,,37214.0,09,1789692360000,1789692360000
926964,20260563751_11,20260563751,D,DISPATCHED,U,UNFOUNDED,Closed,2205 2205,36.06199999992648,-86.64400000006832,,,90,APARTMENT,1,740,POLICE INQUIRY,NONE,1,Yes,U,UNKNOWN,U,U,Unknown,NON RESIDENT,,,,37013.0,17,1789689900000,1789692300000
930870,20260563664_11,20260563664,D,DISPATCHED,U,UNFOUNDED,Closed,153 153,36.21100000000074,-86.83399999961267,,,13,"HIGHWAY, ROAD, ALLEY",1,740,POLICE INQUIRY,NONE,1,No,I,INDIVIDUAL (18 AND OVER),M,B,Non-Hispanic,RESIDENT,,,,37218.0,17,1789687560000,1789692240000
930864,20260563690_11,20260563690,D,DISPATCHED,U,UNFOUNDED,Closed,209 209,36.075000000232,-86.67800000018535,,,22,"RESIDENCE, HOME",1,740,POLICE INQUIRY,NONE,1,Yes,I,INDIVIDUAL (18 AND OVER),F,W,Hispanic,NON RESIDENT,,,,37013.0,17,1789688640000,1789691880000
927314,20260563692_11,20260563692,D,DISPATCHED,O,OPEN,Open,HOBSON PIKE,36.059999999965356,-86.59000000009381,,,22,"RESIDENCE, HOME",1,290,DAMAGE PROP - PRIVATE,OTHER FIREARM,1,No,I,INDIVIDUAL (18 AND OVER),F,W,Non-Hispanic,RESIDENT,,,,,05,1789520400000,1789691640000
927317,20260563692_21,20260563692,D,DISPATCHED,O,OPEN,Open,HOBSON PIKE,36.059999999965356,-86.59000000009381,,,22,"RESIDENCE, HOME",2,13A,INTENTIONAL AGGRAVATED ASSAULT,OTHER FIREARM,1,No,I,INDIVIDUAL (18 AND OVER),F,W,Non-Hispanic,RESIDENT,,,,,05,1789520400000,1789691640000
927320,20260563692_32,20260563692,D,DISPATCHED,O,OPEN,Open,HOBSON PIKE,36.059999999965356,-86.59000000009381,,,22,"RESIDENCE, HOME",3,520,"WEAPON OFFENSE, CRIMINAL ATTEMPT",OTHER FIREARM,2,No,S,SOCIETY,,,,,,,,,05,1789520400000,1789691640000
928317,20260562782_11,20260562782,D,DISPATCHED,O,OPEN,Open,PECAN,36.19000000021294,-86.81000000032267,,,22,"RESIDENCE, HOME",1,90Z,HARRASSMENT (NUISANCE),NONE,1,No,I,INDIVIDUAL (18 AND OVER),F,B,Non-Hispanic,RESIDENT,,,,,17,1789153200000,1789691640000
918929,20260563667_11,20260563667,D,DISPATCHED,O,OPEN,Open,RIO VISTA,36.27000000015372,-86.68000000035076,,,22,"RESIDENCE, HOME",1,13C,ASSAULT- FEAR OF BODILY INJURY,,1,No,I,INDIVIDUAL (18 AND OVER),F,B,Non-Hispanic,RESIDENT,,,,,,1789688040000,1789691400000
895145,20260563737_11,20260563737,T,,O,OPEN,Open,LUKER LN,36.059999999965356,-86.69000000027951,,,22,"RESIDENCE, HOME",1,23G,LARC - PARTS FROM VEH,NONE,1,No,I,INDIVIDUAL (18 AND OVER),M,W,Non-Hispanic,RESIDENT,,,,,17,1789495200000,1789691340000
895098,20260563700_11,20260563700,D,DISPATCHED,U,UNFOUNDED,Closed,3347 3347,36.24499999974243,-86.77800000037105,,,22,"RESIDENCE, HOME",1,740,POLICE INQUIRY,NONE,1,Yes,I,INDIVIDUAL (18 AND OVER),F,B,Non-Hispanic,UNKNOWN,,,,37207.0,17,1789684380000,1789691280000
895186,20260563697_11,20260563697,D,DISPATCHED,O,OPEN,Open,KENDALL DR,36.13999999994927,-86.85000000003764,,,22,"RESIDENCE, HOME",1,695,UNKNOWN DEATH,NONE,1,No,I,INDIVIDUAL (18 AND OVER),F,W,Non-Hispanic,RESIDENT,,,,,17,1789691040000,1789691040000
923910,20260563414_11,20260563414,D,DISPATCHED,O,OPEN,Open,CHARLOTTE PIKE,36.129999999702626,-86.88999999975259,,,20,"PARKING LOT, GARAGE",1,240,VEHICLE THEFT,NONE,1,No,I,INDIVIDUAL (18 AND OVER),F,W,Non-Hispanic,UNKNOWN,,,,,17,1789667400000,1789690860000
918963,20260563607_11,20260563607,D,DISPATCHED,O,OPEN,Open,CUMBERLAND,36.19000000021294,-86.7899999995669,,,5,"COMMERCIAL, OFFICE BUILDING",1,290,"VANDALISM- $1,000 OR LESS",PERSONAL (HANDS),1,No,B,BUSINESS,,,,,,,,,09,1789682400000,1789690440000
895161,20260563713_11,20260563713,D,DISPATCHED,O,OPEN,Open,ELM HILL PIKE,36.13999999994927,-86.6399999997375,,,90,APARTMENT,1,13C,ASSAULT- FEAR OF BODILY INJURY,,1,No,I,INDIVIDUAL (18 AND OVER),F,B,Non-Hispanic,RESIDENT,,,,,,1789602000000,1789690320000
932649,20260563609_11,20260563609,D,DISPATCHED,U,UNFOUNDED,Closed,120 120,36.09200000027282,-86.67399999985453,,,21,RENTAL STORAGE FACILITY,1,740,POLICE INQUIRY,NONE,1,Yes,I,INDIVIDUAL (18 AND OVER),M,W,Non-Hispanic,UNKNOWN,,,,37217.0,17,1789682400000,1789689960000
931332,20260563688_11,20260563688,T,,O,OPEN,Open,HOMESTEAD RD,36.23999999981472,-86.75999999978066,,,18,OUTBUILDING,1,220,BURGLARY,NONE,1,No,I,INDIVIDUAL (18 AND OVER),M,W,Non-Hispanic,UNKNOWN,,,,,17,1789660800000,1789689660000
919006,20260563570_11,20260563570,D,DISPATCHED,U,UNFOUNDED,Closed,101 101,36.043999999968996,-86.71899999998301,,,6,CONSTRUCTION SITE,1,35B,DRUG PARAPHERNALIA- UNLAWFUL USE,NONE,1,No,S,SOCIETY,,,,,,,,37211.0,17,1789686000000,1789689120000
929487,20260563691_11,20260563691,D,DISPATCHED,O,OPEN,Open,BELL RD,36.059999999965356,-86.6399999997375,,,20,"PARKING LOT, GARAGE",1,240,VEHICLE THEFT,NONE,1,No,I,INDIVIDUAL (18 AND OVER),F,B,Non-Hispanic,RESIDENT,,,,,17,1789653600000,1789688940000
925286,20260563553_11,20260563553,D,DISPATCHED,O,OPEN,Open,DELLWAY VILLA RD,36.209999999706326,-86.75999999978066,,,22,"RESIDENCE, HOME",1,90Z,HARRASSMENT (NUISANCE),,1,Yes,I,INDIVIDUAL (18 AND OVER),F,B,Non-Hispanic,RESIDENT,,,,,,1789653600000,1789688820000
923934,20260563613_11,20260563613,T,,O,OPEN,Open,TIMBERWAY DR,36.13999999994927,-86.6399999997375,,,22,"RESIDENCE, HOME",1,90Z,HARRASSMENT (NUISANCE),NONE,1,No,I,INDIVIDUAL (18 AND OVER),F,W,Non-Hispanic,RESIDENT,,,,,17,1789527600000,1789688580000
932584,20260563683_11,20260563683,D,DISPATCHED,U,UNFOUNDED,Closed,3430 3430,36.15299999973159,-86.62799999964334,,,14,"HOTEL, MOTEL, ETC.",1,715,FOUND PROPERTY,NONE,1,No,I,INDIVIDUAL (18 AND OVER),F,B,Non-Hispanic,NON RESIDENT,,,,37214.0,17,1789686840000,1789688580000
926928,20260563559_11,20260563559,S,SUSPECT,U,UNFOUNDED,Closed,101 101,36.043999999968996,-86.71899999998301,,,37,Abandoned/Condemned Structure,1,780,"RECOVERY, STOLEN PROPERTY",NONE,1,No,I,INDIVIDUAL (18 AND OVER),M,W,Unknown,UNKNOWN,,,,37211.0,17,1789684800000,1789688220000
895104,20260563603_11,20260563603,D,DISPATCHED,U,UNFOUNDED,Closed,1716 1716,36.18100000016468,-86.79600000006313,,,54,Shelter-Mission/Homeless,1,740,POLICE INQUIRY,NONE,1,No,I,INDIVIDUAL (18 AND OVER),F,B,Non-Hispanic,NON RESIDENT,,,,37208.0,17,1789641000000,1789688160000
930346,20260563602_11,20260563602,D,DISPATCHED,O,OPEN,Open,JEFFERSON ST,36.16999999991994,-86.81000000032267,,,25,"SERVICE, GAS STATION",1,13A,INTENTIONAL AGGRAVATED ASSAULT,HANDGUN,1,No,I,INDIVIDUAL (18 AND OVER),F,B,Non-Hispanic,RESIDENT,,,,,01,1789682400000,1789687860000
930347,20260563602_22,20260563602,D,DISPATCHED,O,OPEN,Open,JEFFERSON ST,36.16999999991994,-86.81000000032267,,,25,"SERVICE, GAS STATION",2,520,"WEAPON OFFENSE, CRIMINAL ATTEMPT",HANDGUN,2,No,S,SOCIETY,,,,,,,,,01,1789682400000,1789687860000
918922,20260563531_11,20260563531,D,DISPATCHED,O,OPEN,Open,RIO VISTA,36.27000000015372,-86.68000000035076,,,22,"RESIDENCE, HOME",1,13C,ASSAULT- FEAR OF BODILY INJURY,,1,Yes,I,INDIVIDUAL (18 AND OVER),F,B,Non-Hispanic,UNKNOWN,,,,,,1789683600000,1789687620000
918925,20260563531_12,20260563531,D,DISPATCHED,O,OPEN,Open,RIO VISTA,36.27000000015372,-86.68000000035076,,,22,"RESIDENCE, HOME",1,13C,ASSAULT- FEAR OF BODILY INJURY,,2,Yes,I,INDIVIDUAL (18 AND OVER),F,B,Non-Hispanic,RESIDENT,,,,,,1789683600000,1789687620000
895164,20260563329_11,20260563329,D,DISPATCHED,O,OPEN,Open,GEORGIA,36.159999999962295,-86.82000000025143,,,22,"RESIDENCE, HOME",1,13C,ASSAULT- FEAR OF BODILY INJURY,,1,Yes,I,INDIVIDUAL (18 AND OVER),F,B,Non-Hispanic,RESIDENT,,,,,,1789668900000,1789687200000
925000,20260563486_11,20260563486,D,DISPATCHED,R,REFUSED TO COOPERATE,Closed,1017 1017,36.19799999986685,-86.74500000033673,,,22,"RESIDENCE, HOME",1,13D,STALKING- (VALID ONLY:  7/1/92 - 6/30/95),,1,Yes,I,INDIVIDUAL (18 AND OVER),M,W,Non-Hispanic,UNKNOWN,,,,37216.0,,1789394400000,1789687140000
925028,20260563350_11,20260563350,D,DISPATCHED,A,CLEARED BY ARREST,Closed,914 914,36.13500000023381,-86.70499999972346,,,22,"RESIDENCE, HOME",1,90F,CRIMINAL CONTEMPT-VIOLATION OF ORDER OF PROTECTION,NONE,1,Yes,I,INDIVIDUAL (18 AND OVER),F,I,Hispanic,UNKNOWN,,,,37217.0,17,1789675020000,1789686840000
925031,20260563356_11,20260563356,D,DISPATCHED,U,UNFOUNDED,Closed,5655 5655,36.17599999966112,-86.60799999978586,,,9,HOSPITAL,1,90F,CRIMINAL CONTEMPT-VIOLATION OF ORDER OF PROTECTION,,1,Yes,I,INDIVIDUAL (18 AND OVER),F,W,Non-Hispanic,RESIDENT,,,,37076.0,,1789686780000,1789686780000
925021,20260563478_11,20260563478,D,DISPATCHED,U,UNFOUNDED,Closed,914 914,36.13500000023381,-86.70499999972346,,,22,"RESIDENCE, HOME",1,740,POLICE INQUIRY,NONE,1,Yes,I,INDIVIDUAL (18 AND OVER),F,W,Non-Hispanic,RESIDENT,,,,37217.0,17,1789686600000,1789686600000
918919,20260563503_11,20260563503,D,DISPATCHED,O,OPEN,Open,WOODMONT BLVD,36.12000000013524,-86.84000000010889,,,22,"RESIDENCE, HOME",1,13B,SIMPLE ASSLT,PERSONAL (HANDS),1,Yes,I,INDIVIDUAL (18 AND OVER),M,W,Non-Hispanic,RESIDENT,,,,,09,1789650000000,1789686540000
923909,20260563550_11,20260563550,T,,O,OPEN,Open,AIRPARK,36.10999999969955,-86.6399999997375,,,20,"PARKING LOT, GARAGE",1,23F,BURGLARY- MOTOR VEHICLE,NONE,1,No,I,INDIVIDUAL (18 AND OVER),M,B,Non-Hispanic,UNKNOWN,,,,,17,1789511400000,1789685640000
932581,20260563549_11,20260563549,T,,O,OPEN,Open,VANDERHORST DR,36.22000000011304,-86.81000000032267,,,22,"RESIDENCE, HOME",1,23H,LARC - RESID,NONE,1,No,I,INDIVIDUAL (18 AND OVER),M,W,Non-Hispanic,RESIDENT,,,,,17,1789653600000,1789685400000
918960,20260563577_11,20260563577,D,DISPATCHED,A,CLEARED BY ARREST,Closed,MCGAVOCK & 9TH,36.156999999917204,-86.78299999988627,,,13,"HIGHWAY, ROAD, ALLEY",1,290,"VANDALISM- >$1,000 BUT < $2,500",,1,No,I,INDIVIDUAL (18 AND OVER),F,W,Non-Hispanic,NON RESIDENT,,,,37203.0,,1789684800000,1789685220000
924819,20260563516_11,20260563516,S,SUSPECT,U,UNFOUNDED,Closed,6814 6814,36.133999999638924,-86.88999999975259,,,20,"PARKING LOT, GARAGE",1,715,FOUND PROPERTY,NONE,1,No,I,INDIVIDUAL (18 AND OVER),F,U,Unknown,RESIDENT,,,,37209.0,17,1789685040000,1789685040000
895106,20260563481_11,20260563481,D,DISPATCHED,U,UNFOUNDED,Closed,616 616,36.26700000008506,-86.69699999996014,,,90,APARTMENT,1,740,POLICE INQUIRY,NONE,1,No,I,INDIVIDUAL (18 AND OVER),F,B,Non-Hispanic,RESIDENT,,,,37115.0,17,1789680600000,1789684620000
930850,20260563479_11,20260563479,T,,O,OPEN,Open,SCOTT AVE,36.20000000001247,-86.72999999999446,,,22,"RESIDENCE, HOME",1,26A,FRAUD - SWINDLE,NONE,1,No,I,INDIVIDUAL (18 AND OVER),F,B,Unknown,RESIDENT,,,,,17,1789585200000,1789683840000
929894,20260563285_11,20260563285,S,SUSPECT,A,CLEARED BY ARREST,Closed,2403 2403,36.208999999679975,-86.77800000037105,,,20,"PARKING LOT, GARAGE",1,35A,POSSESSION OF A CONTROLLED SUBSTANCE,NONE,1,No,S,SOCIETY,,,,,,,,37207.0,17,1789673400000,1789683420000
929895,20260563285_21,20260563285,S,SUSPECT,A,CLEARED BY ARREST,Closed,2403 2403,36.208999999679975,-86.77800000037105,,,20,"PARKING LOT, GARAGE",2,35B,DRUG PARAPHERNALIA- UNLAWFUL USE,NONE,1,No,S,SOCIETY,,,,,,,,37207.0,17,1789673400000,1789683420000
932156,20260563460_11,20260563460,T,,O,OPEN,Open,ROCKDALE AVE,36.099999999750025,-86.7899999995669,,,22,"RESIDENCE, HOME",1,26A,FRAUD - SWINDLE,NONE,1,No,I,INDIVIDUAL (18 AND OVER),F,A,Non-Hispanic,RESIDENT,,,,,17,1788786000000,1789683060000
931266,20260561858_11,20260561858,D,DISPATCHED,A,CLEARED BY ARREST,Closed,300 300,36.162000000041736,-86.77600000020564,,,3,"BAR, NIGHT CLUB",1,13B,ASSAULT-LAW ENFORCEMENT OFFICER-BODILY INJURY,PERSONAL (HANDS),1,No,P,POLICE OFFICER,M,B,Non-Hispanic,NON RESIDENT,,,,37201.0,09,1789612320000,1789682700000
895656,20260563455_11,20260563455,D,DISPATCHED,U,UNFOUNDED,Closed,4826 4826,36.07799999973529,-86.71499999965219,,,22,"RESIDENCE, HOME",1,740,TRANSPORT,NONE,1,No,I,INDIVIDUAL (18 AND OVER),M,W,Unknown,RESIDENT,,,,37211.0,17,1789680000000,1789682640000
897407,20260563319_11,20260563319,D,DISPATCHED,O,OPEN,Open,CENTENNIAL BLVD,36.16999999991994,-86.85999999996638,,,20,"PARKING LOT, GARAGE",1,240,VEHICLE THEFT,NONE,1,No,I,INDIVIDUAL (18 AND OVER),F,W,Hispanic,RESIDENT,,,,,17,1789671780000,1789682280000
895111,20260563393_11,20260563393,D,DISPATCHED,U,UNFOUNDED,Closed,3474 3474,36.24699999970004,-86.75700000043086,,,90,APARTMENT,1,740,POLICE INQUIRY,NONE,1,Yes,I,INDIVIDUAL (18 AND OVER),F,B,Non-Hispanic,RESIDENT,,,,37207.0,17,1789659000000,1789682160000
894837,20260563397_11,20260563397,D,DISPATCHED,O,OPEN,Open,HAMILTON CHURCH RD,36.059999999965356,-86.62999999980876,,,90,APARTMENT,1,13C,ASSAULT- FEAR OF BODILY INJURY,,1,No,I,INDIVIDUAL (18 AND OVER),F,B,Non-Hispanic,RESIDENT,,,,,,1789588800000,1789681740000
894834,20260563394_11,20260563394,D,DISPATCHED,U,UNFOUNDED,Closed,2318 2318,36.06199999992648,-86.67600000001995,,,5,"COMMERCIAL, OFFICE BUILDING",1,740,POLICE INQUIRY,NONE,1,No,I,INDIVIDUAL (18 AND OVER),F,B,Non-Hispanic,NON RESIDENT,,,,37013.0,17,1788904020000,1789681620000
932154,20260563418_11,20260563418,D,DISPATCHED,O,OPEN,Open,HOBSON PIKE,36.05000000025906,-86.60000000002253,,,53,School-Elementary/Secondary,1,23D,LARC - FROM BLDG,NONE,1,No,G,GOVERNMENT,,,,,,,,,17,1789661400000,1789681140000
924818,20260563424_11,20260563424,D,DISPATCHED,O,OPEN,Open,POLK AVE,36.129999999702626,-86.74999999985195,,,28,"OTHER, UNKNOWN",1,780,"RECOVERY, STOLEN PROPERTY",NONE,1,No,I,INDIVIDUAL (18 AND OVER),M,W,Hispanic,RESIDENT,,,,,17,1789680600000,1789681020000
932153,20260563215_11,20260563215,D,DISPATCHED,O,OPEN,Open,CHARLOTTE,36.15000000024567,-86.84000000010889,,,20,"PARKING LOT, GARAGE",1,780,"RECOVERY, STOLEN PROPERTY",NONE,1,No,I,INDIVIDUAL (18 AND OVER),F,W,Non-Hispanic,RESIDENT,,,,,17,1789660380000,1789680960000
894490,20260563405_11,20260563405,D,DISPATCHED,O,OPEN,Open,MURFREESBORO PIKE,36.129999999702626,-86.71000000013699,,,26,SPECIALTY STORE,1,23C,SHOPLIFTING,NONE,1,No,B,BUSINESS,,,,,,,,,17,1789678200000,1789680720000
927456,20260563374_11,20260563374,D,DISPATCHED,O,OPEN,Open,GALLATIN,36.20000000001247,-86.7399999999232,,,3,"BAR, NIGHT CLUB",1,13B,SIMPLE ASSLT - STRANGULATION (NO LOSS OF CONSCIOUSNESS),NONE,1,No,I,INDIVIDUAL (18 AND OVER),F,W,Non-Hispanic,RESIDENT,,,,,17,1789538400000,1789680300000
897399,20260563317_11,20260563317,CIR,,U,UNFOUNDED,Closed,1200 1200,36.156999999917204,-86.7880000002998,,,13,"HIGHWAY, ROAD, ALLEY",1,740,POLICE INQUIRY,NONE,1,No,I,INDIVIDUAL (18 AND OVER),M,B,Non-Hispanic,RESIDENT,,,,37203.0,17,1789675200000,1789680000000
894472,20260563387_11,20260563387,D,DISPATCHED,O,OPEN,Open,BELL RD,36.059999999965356,-86.6399999997375,,,20,"PARKING LOT, GARAGE",1,240,VEHICLE THEFT,CLUB,1,No,I,INDIVIDUAL (18 AND OVER),M,W,Non-Hispanic,RESIDENT,,,,,07,1789621260000,1789679460000
895151,20260563244_11,20260563244,D,DISPATCHED,O,OPEN,Open,N DUPONT AVE,36.27000000015372,-86.68000000035076,,,90,APARTMENT,1,13B,SIMPLE ASSLT - STRANGULATION (NO LOSS OF CONSCIOUSNESS),PERSONAL (HANDS),1,Yes,I,INDIVIDUAL (18 AND OVER),F,B,Non-Hispanic,RESIDENT,,,,,09,1789672680000,1789679280000
895154,20260563244_12,20260563244,D,DISPATCHED,O,OPEN,Open,N DUPONT AVE,36.27000000015372,-86.68000000035076,,,90,APARTMENT,1,13B,SIMPLE ASSLT - STRANGULATION (NO LOSS OF CONSCIOUSNESS),PERSONAL (HANDS),2,Yes,I,INDIVIDUAL (18 AND OVER),M,B,Non-Hispanic,RESIDENT,,,,,09,1789672680000,1789679280000
894426,20260563322_11,20260563322,D,DISPATCHED,U,UNFOUNDED,Closed,346 346,36.05099999966719,-86.67600000001995,,,90,APARTMENT,1,740,POLICE INQUIRY,NONE,1,Yes,I,INDIVIDUAL (18 AND OVER),F,B,Non-Hispanic,RESIDENT,,,,37013.0,17,1789673760000,1789679160000
894481,20260563365_11,20260563365,T,,O,OPEN,Open,LEBANON,36.16999999991994,-86.69000000027951,,,2,"BANK, SAVINGS AND LOAN",1,26A,FRAUD - SWINDLE,NONE,1,No,I,INDIVIDUAL (18 AND OVER),F,W,Non-Hispanic,RESIDENT,,,,,17,1789650000000,1789679040000
897789,20260563259_11,20260563259,D,DISPATCHED,O,OPEN,Open,CHARLOTTE PIKE,36.129999999702626,-86.9099999996101,,,12,"GROCERY, SUPERMARKET",1,13C,ASSAULT- FEAR OF BODILY INJURY,,1,No,I,INDIVIDUAL (18 AND OVER),F,B,Non-Hispanic,UNKNOWN,,,,,,1788037200000,1789678740000
930349,20260563247_11,20260563247,D,DISPATCHED,O,OPEN,Open,SANDSTONE DR,36.05000000025906,-86.61999999988002,,,20,"PARKING LOT, GARAGE",1,23F,BURGLARY- MOTOR VEHICLE,NONE,1,No,I,INDIVIDUAL (18 AND OVER),F,W,Hispanic,RESIDENT,,,,,17,1789624800000,1789678680000
930350,20260563247_12,20260563247,D,DISPATCHED,O,OPEN,Open,SANDSTONE DR,36.05000000025906,-86.61999999988002,,,20,"PARKING LOT, GARAGE",1,23F,BURGLARY- MOTOR VEHICLE,NONE,2,No,I,INDIVIDUAL (18 AND OVER),M,W,Hispanic,RESIDENT,,,,,17,1789624800000,1789678680000
897411,20260563351_11,20260563351,D,DISPATCHED,O,OPEN,Open,CENTENNIAL BLVD,36.16999999991994,-86.85999999996638,,,10,"FIELD, WOODS",1,240,VEHICLE THEFT,NONE,1,No,I,INDIVIDUAL (18 AND OVER),M,W,Non-Hispanic,NON RESIDENT,,,,,17,1789673400000,1789678260000
897414,20260563314_11,20260563314,T,,O,OPEN,Open,MADISON SQ,36.25999999986106,-86.71000000013699,,,82,Pawn Shop,1,240,VEHICLE THEFT,NONE,1,No,B,BUSINESS,,,,,,,,,17,1789671900000,1789677960000
895114,20260563086_11,20260563086,D,DISPATCHED,U,UNFOUNDED,Closed,1500 1500,36.04300000025468,-86.69000000027951,,,22,"RESIDENCE, HOME",1,740,POLICE INQUIRY,NONE,1,No,I,INDIVIDUAL (18 AND OVER),F,B,Non-Hispanic,RESIDENT,,,,37013.0,17,1789677240000,1789677240000
894475,20260563315_11,20260563315,T,,O,OPEN,Open,ELKINS AVE,36.15000000024567,-86.85000000003764,,,22,"RESIDENCE, HOME",1,23F,BURGLARY- MOTOR VEHICLE,NONE,1,No,I,INDIVIDUAL (18 AND OVER),M,W,Non-Hispanic,UNKNOWN,,,,,17,1789596000000,1789677120000
897393,20260563291_11,20260563291,D,DISPATCHED,O,OPEN,Open,GAINES DR,36.25000000002025,-86.72999999999446,,,22,"RESIDENCE, HOME",1,23H,LARC - POSTAL,NONE,1,No,I,INDIVIDUAL (18 AND OVER),F,W,Non-Hispanic,RESIDENT,,,,,17,1788616800000,1789676760000
932518,20260563205_11,20260563205,D,DISPATCHED,O,OPEN,Open,NOLENSVILLE PIKE,36.10999999969955,-86.7399999999232,,,25,"SERVICE, GAS STATION",1,35A,DRUG FREE SCH.ZONE-CONT.SUB.-SCH. IV,DRUGS,1,No,S,SOCIETY,,,,,,,,,13,1789671600000,1789676580000
932811,20260563205_21,20260563205,D,DISPATCHED,O,OPEN,Open,NOLENSVILLE PIKE,36.10999999969955,-86.7399999999232,,,25,"SERVICE, GAS STATION",2,35B,DRUG PARAPHERNALIA- UNLAWFUL USE,DRUGS,1,No,S,SOCIETY,,,,,,,,,13,1789671600000,1789676580000
893031,20260563288_11,20260563288,T,,O,OPEN,Open,BROOKS MILL CIR,36.16999999991994,-86.60999999995128,,,90,APARTMENT,1,23D,LARC - FROM BLDG,NONE,1,No,I,INDIVIDUAL (18 AND OVER),M,W,Non-Hispanic,RESIDENT,,,,,17,1789560000000,1789676340000
932582,20260563290_11,20260563290,D,DISPATCHED,O,OPEN,Open,CENTENNIAL BLVD,36.16999999991994,-86.85999999996638,,,20,"PARKING LOT, GARAGE",1,23F,BURGLARY- MOTOR VEHICLE,NONE,1,No,I,INDIVIDUAL (18 AND OVER),F,W,Non-Hispanic,RESIDENT,,,,,17,1789650000000,1789676100000
897402,20260563278_11,20260563278,D,DISPATCHED,O,OPEN,Open,ARLINGTON,36.059999999965356,-86.92000000043713,,,13,"HIGHWAY, ROAD, ALLEY",1,26B,"CREDIT CARD, FRAUDULENT USE - >$1,000 BUT < $2,500",NONE,1,No,B,BUSINESS,,,,,,,,,17,1789675920000,1789675920000
893035,20260563271_11,20260563271,D,DISPATCHED,O,OPEN,Open,HARDING PL,36.090000000189825,-86.69000000027951,,,20,"PARKING LOT, GARAGE",1,23F,BURGLARY - MOTOR VEHICLE,NONE,1,No,I,INDIVIDUAL (18 AND OVER),F,W,Non-Hispanic,RESIDENT,,,,,17,1789672680000,1789675560000
897418,20260563235_11,20260563235,D,DISPATCHED,O,OPEN,Open,BELL RD,36.15000000024567,-86.61999999988002,,,20,"PARKING LOT, GARAGE",1,13C,ASSAULT- FEAR OF BODILY INJURY,,1,No,I,INDIVIDUAL (18 AND OVER),M,B,Non-Hispanic,RESIDENT,,,,,,1789672980000,1789675020000
893039,20260563253_11,20260563253,D,DISPATCHED,O,OPEN,Open,DIVISION,36.15000000024567,-86.77999999963816,,,20,"PARKING LOT, GARAGE",1,23G,LARC - PARTS FROM VEH,NONE,1,No,I,INDIVIDUAL (18 AND OVER),M,A,Non-Hispanic,RESIDENT,,,,,17,1788354000000,1789674540000
894656,20260563203_11,20260563203,W,WITNESS,O,OPEN,Open,CROUCH DR,36.22000000011304,-86.82000000025143,,,22,"RESIDENCE, HOME",1,23D,LARC - FROM BLDG,NONE,1,No,I,INDIVIDUAL (18 AND OVER),F,B,Non-Hispanic,RESIDENT,,,,,17,1789156800000,1789674300000
926925,20260563104_11,20260563104,D,DISPATCHED,O,OPEN,Open,CHARLOTTE AVE,36.15000000024567,-86.84000000010889,,,26,SPECIALTY STORE,1,290,"VANDALISM- $1,000 OR LESS",NONE,1,No,I,INDIVIDUAL (18 AND OVER),M,W,Non-Hispanic,RESIDENT,,,,,17,1789667100000,1789674240000
895129,20260563224_11,20260563224,D,DISPATCHED,O,OPEN,Open,CLARKSVILLE PIKE,36.209999999706326,-86.84000000010889,,,20,"PARKING LOT, GARAGE",1,13A,INTENTIONAL AGGRAVATED ASSAULT,HANDGUN,1,No,I,INDIVIDUAL (18 AND OVER),M,W,Unknown,UNKNOWN,,,,,01,1789671600000,1789674120000
895131,20260563224_22,20260563224,D,DISPATCHED,O,OPEN,Open,CLARKSVILLE PIKE,36.209999999706326,-86.84000000010889,,,20,"PARKING LOT, GARAGE",2,520,"WEAPON OFFENSE, CRIMINAL ATTEMPT",HANDGUN,2,No,S,SOCIETY,,,,,,,,,01,1789671600000,1789674120000
925024,20260562393_11,20260562393,D,DISPATCHED,A,CLEARED BY ARREST,Closed,2037 2037,36.13099999975425,-86.78199999980357,,,22,"RESIDENCE, HOME",1,90J,CRIMINAL TRESPASS,NONE,1,No,S,SOCIETY,,,,,,,,37204.0,17,1789642080000,1789674120000
893053,20260563243_11,20260563243,W,WITNESS,O,OPEN,Open,CHARLOTTE AVE,36.159999999962295,-86.80000000039394,,,20,"PARKING LOT, GARAGE",1,23F,BURGLARY- MOTOR VEHICLE,NONE,1,No,I,INDIVIDUAL (18 AND OVER),F,B,Non-Hispanic,RESIDENT,,,,,17,1789585200000,1789674060000
927306,20260563226_11,20260563226,T,,O,OPEN,Open,PARK DR,,,,,22,"RESIDENCE, HOME",1,26A,FRAUD - SWINDLE,NONE,1,No,I,INDIVIDUAL (18 AND OVER),F,W,Non-Hispanic,RESIDENT,,,,,17,1789646400000,1789673820000
893056,20260563156_11,20260563156,D,DISPATCHED,O,OPEN,Open,HERMITAGE PARK DR,36.16999999991994,-86.60000000002253,,,20,"PARKING LOT, GARAGE",1,23F,BURGLARY- MOTOR VEHICLE,NONE,1,No,I,INDIVIDUAL (18 AND OVER),M,B,Non-Hispanic,RESIDENT,,,,,17,1789587000000,1789673580000
925066,20260562855_11,20260562855,D,DISPATCHED,U,UNFOUNDED,Closed,1928 1928,36.18899999988174,-86.735000000408,,,53,School-Elementary/Secondary,1,740,POLICE INQUIRY,NONE,1,No,B,BUSINESS,,,,,,,,37206.0,17,1789658100000,1789673400000
925034,20260563139_11,20260563139,D,DISPATCHED,U,UNFOUNDED,Closed,1324 1324,36.23799999969856,-86.67099999960641,,,22,"RESIDENCE, HOME",1,740,POLICE INQUIRY,NONE,1,Yes,I,INDIVIDUAL (18 AND OVER),F,W,Non-Hispanic,UNKNOWN,,,,37115.0,17,1789662600000,1789673280000
927303,20260563187_11,20260563187,T,,O,OPEN,Open,MORTON MILL CT,,,,,22,"RESIDENCE, HOME",1,26C,CRIMINAL IMPERSONATION,NONE,1,No,I,INDIVIDUAL (18 AND OVER),F,W,Non-Hispanic,RESIDENT,,,,,17,1789668000000,1789672980000
930448,20260563106_11,20260563106,D,DISPATCHED,O,OPEN,Open,STONERS GLEN DR,36.19000000021294,-86.60999999995128,,,22,"RESIDENCE, HOME",1,26A,FRAUD - SWINDLE,PERSONAL (HANDS),1,No,I,INDIVIDUAL (18 AND OVER),F,W,Unknown,RESIDENT,,,,,09,1785502800000,1789672860000
924170,20260562969_11,20260562969,D,DISPATCHED,O,OPEN,Open,S 4TH ST,36.16999999991994,-86.75999999978066,,,90,APARTMENT,1,220,BURGLARY- AGGRAVATED,NONE,1,No,I,INDIVIDUAL (18 AND OVER),F,B,Non-Hispanic,UNKNOWN,,,,,17,1789660800000,1789672800000
926922,20260563138_11,20260563138,D,DISPATCHED,U,UNFOUNDED,Closed,597 597,36.26300000010404,-86.7399999999232,,,22,"RESIDENCE, HOME",1,695,UNKNOWN DEATH,NONE,1,No,I,INDIVIDUAL (18 AND OVER),M,W,Non-Hispanic,UNKNOWN,,,,37115.0,17,1789650000000,1789672740000
914901,20260563201_11,20260563201,D,DISPATCHED,U,UNFOUNDED,Closed,2901 2901,36.04099999976909,-86.63300000005688,,,22,"RESIDENCE, HOME",1,810,LOST PROPERTY,NONE,1,No,I,INDIVIDUAL (18 AND OVER),F,B,Non-Hispanic,RESIDENT,,,,37013.0,17,1788094800000,1789672680000
925042,20260563076_11,20260563076,D,DISPATCHED,U,UNFOUNDED,Closed,4121 4121,36.215000000222425,-86.84499999962411,,,22,"RESIDENCE, HOME",1,740,POLICE INQUIRY,NONE,1,No,I,INDIVIDUAL (18 AND OVER),F,B,Non-Hispanic,RESIDENT,,,,37218.0,17,1789405200000,1789671960000
918435,20260563145_11,20260563145,D,DISPATCHED,O,OPEN,Open,MOORMANS ARM,36.22000000011304,-86.81000000032267,,,22,"RESIDENCE, HOME",1,13C,ASSAULT- FEAR OF BODILY INJURY,,1,No,I,INDIVIDUAL (18 AND OVER),F,B,Non-Hispanic,RESIDENT,,,,,,1789595940000,1789671660000
894838,20260563116_11,20260563116,D,DISPATCHED,U,UNFOUNDED,Closed,440 440,36.16900000026128,-86.77999999963816,,,13,"HIGHWAY, ROAD, ALLEY",1,740,POLICE INQUIRY,NONE,1,No,I,INDIVIDUAL (18 AND OVER),M,B,Non-Hispanic,RESIDENT,,,,37201.0,17,1789671420000,1789671420000
895220,20260563126_11,20260563126,T,,O,OPEN,Open,ELIZABETH JORDAN,36.159999999962295,-86.83000000018018,,,22,"RESIDENCE, HOME",1,23H,"THEFT OF PROPERTY-$1,000 OR LESS",NONE,1,No,I,INDIVIDUAL (18 AND OVER),M,B,Non-Hispanic,RESIDENT,,,,,17,1789563600000,1789671300000
924817,20260563034_11,20260563034,D,DISPATCHED,O,OPEN,Open,CHARLOTTE,36.15000000024567,-86.84000000010889,,,20,"PARKING LOT, GARAGE",1,240,VEHICLE THEFT,Unarmed,1,No,I,INDIVIDUAL (18 AND OVER),F,W,Non-Hispanic,UNKNOWN,,,,,16,1789657200000,1789671300000
893936,20260563146_11,20260563146,D,DISPATCHED,O,OPEN,Open,RIO VISTA,36.27000000015372,-86.68000000035076,,,6,CONSTRUCTION SITE,1,23H,LARCENY - (FREE TEXT),Unarmed,1,No,B,BUSINESS,,,,,,,,,16,1789506000000,1789670640000
893944,20260563146_21,20260563146,D,DISPATCHED,O,OPEN,Open,RIO VISTA,36.27000000015372,-86.68000000035076,,,6,CONSTRUCTION SITE,2,290,"DAMAGE TO PROPERTY, CRIMINAL ATTEMPT",Unarmed,1,No,B,BUSINESS,,,,,,,,,16,1789506000000,1789670640000
893952,20260563147_11,20260563147,D,DISPATCHED,O,OPEN,Open,PEABODY,36.159999999962295,-86.76999999970943,,,6,CONSTRUCTION SITE,1,23H,"THEFT OF PROPERTY-$1,000 OR LESS",NONE,1,No,B,BUSINESS,,,,,,,,,17,1787000400000,1789670640000
893091,20260562934_11,20260562934,D,DISPATCHED,A,CLEARED BY ARREST,Closed,606 606,36.26700000008506,-86.69699999996014,,,90,APARTMENT,1,13B,SIMPLE ASSLT,PERSONAL (HANDS),1,Yes,I,INDIVIDUAL (18 AND OVER),F,B,Non-Hispanic,NON RESIDENT,,,,37115.0,09,1789659420000,1789670460000
930441,20260563161_11,20260563161,W,WITNESS,O,OPEN,Open,HICKORY CLUB DR,36.05000000025906,-86.6399999997375,,,22,"RESIDENCE, HOME",1,26A,FRAUD - SWINDLE,PERSONAL (HANDS),1,No,I,INDIVIDUAL (18 AND OVER),M,B,Non-Hispanic,NON RESIDENT,,,,,09,1787266800000,1789670340000
893948,20260563071_11,20260563071,T,,U,UNFOUNDED,Closed,301 301,36.16500000022236,-86.78399999996897,,,5,"COMMERCIAL, OFFICE BUILDING",1,810,LOST PROPERTY,NONE,1,No,I,INDIVIDUAL (18 AND OVER),M,W,Non-Hispanic,UNKNOWN,,,,37219.0,17,1789662600000,1789670280000
932583,20260563094_11,20260563094,T,,O,OPEN,Open,S NEW HOPE RD,36.15000000024567,-86.58000000016507,,,22,"RESIDENCE, HOME",1,23H,LARC - POSTAL,NONE,1,No,I,INDIVIDUAL (18 AND OVER),F,W,Non-Hispanic,RESIDENT,,,,,17,1789567200000,1789670040000
895117,20260562935_11,20260562935,D,DISPATCHED,U,UNFOUNDED,Closed,213 213,,,,,20,"PARKING LOT, GARAGE",1,740,POLICE INQUIRY,NONE,1,Yes,I,INDIVIDUAL (18 AND OVER),F,W,Non-Hispanic,RESIDENT,,,,37206.0,17,1789570800000,1789669800000
926967,20260562902_11,20260562902,D,DISPATCHED,U,UNFOUNDED,Closed,5612 5612,36.14800000018361,-86.85799999980097,,,14,"HOTEL, MOTEL, ETC.",1,740,POLICE INQUIRY,NONE,1,Yes,I,INDIVIDUAL (18 AND OVER),F,W,Non-Hispanic,RESIDENT,,,,37209.0,17,1789669500000,1789669500000
918669,20260563021_11,20260563021,D,DISPATCHED,U,UNFOUNDED,Closed,600 600,36.156999999917204,-86.63500000022228,,,90,APARTMENT,1,740,POLICE INQUIRY,NONE,1,No,I,INDIVIDUAL (18 AND OVER),U,U,Unknown,NON RESIDENT,,,,37214.0,17,1789668720000,1789668720000
895120,20260563079_11,20260563079,D,DISPATCHED,U,UNFOUNDED,Closed,87 87,36.29899999971295,-86.69299999962931,,,22,"RESIDENCE, HOME",1,740,POLICE INQUIRY,Unarmed,1,No,I,INDIVIDUAL (18 AND OVER),F,B,Non-Hispanic,RESIDENT,,,,37115.0,16,1767276000000,1789667940000
914903,20260561073_11,20260561073,D,DISPATCHED,U,UNFOUNDED,Closed,28 28,36.127999999830735,-86.85200000020306,,,5,"COMMERCIAL, OFFICE BUILDING",1,740,POLICE INQUIRY,NONE,1,No,I,INDIVIDUAL (18 AND OVER),F,W,Non-Hispanic,NON RESIDENT,,,,37209.0,17,1789582500000,1789667760000
897387,20260563064_11,20260563064,T,,U,UNFOUNDED,Closed,900 900,36.25300000035104,-86.71699999981759,,,3,"BAR, NIGHT CLUB",1,740,POLICE INQUIRY,NONE,1,No,I,INDIVIDUAL (18 AND OVER),M,W,Non-Hispanic,RESIDENT,,,,37115.0,17,1789665600000,1789667640000
918436,20260563014_11,20260563014,D,DISPATCHED,U,UNFOUNDED,Closed,1126 1126,36.19500000026771,-86.74200000008861,,,22,"RESIDENCE, HOME",1,740,POLICE INQUIRY,NONE,1,Yes,I,INDIVIDUAL (18 AND OVER),F,B,Unknown,RESIDENT,,,,37206.0,17,1789664340000,1789667580000
931378,20260562964_11,20260562964,W,WITNESS,O,OPEN,Open,BRUIN DR,36.06999999966938,-86.62999999980876,,,22,"RESIDENCE, HOME",1,90F,CRIMINAL CONTEMPT-VIOLATION OF ORDER OF PROTECTION,NONE,1,Yes,I,INDIVIDUAL (18 AND OVER),F,B,Non-Hispanic,UNKNOWN,,,,,17,1789249440000,1789667400000
892891,20260563049_11,20260563049,T,,U,UNFOUNDED,Closed,8628 8628,36.01100000027918,-86.65099999974893,,,22,"RESIDENCE, HOME",1,810,LOST PROPERTY,NONE,1,No,I,INDIVIDUAL (18 AND OVER),M,W,Non-Hispanic,RESIDENT,,,,37013.0,17,1789491600000,1789666980000
895123,20260562903_11,20260562903,D,DISPATCHED,U,UNFOUNDED,Closed,3700 3700,36.24699999970004,-86.77400000004023,,,22,"RESIDENCE, HOME",1,740,POLICE INQUIRY,NONE,1,Yes,I,INDIVIDUAL (18 AND OVER),F,B,Non-Hispanic,RESIDENT,,,,37207.0,17,1789655400000,1789666740000
893926,20260563038_11,20260563038,D,DISPATCHED,U,UNFOUNDED,Closed,235 235,,,,,22,"RESIDENCE, HOME",1,740,POLICE INQUIRY,NONE,1,No,I,INDIVIDUAL (18 AND OVER),F,W,Non-Hispanic,RESIDENT,,,,37214.0,17,1789570800000,1789666560000
927294,20260563005_11,20260563005,D,DISPATCHED,O,OPEN,Open,HOBBS,36.099999999750025,-86.82000000025143,,,2,"BANK, SAVINGS AND LOAN",1,26C,CRIMINAL IMPERSONATION,Unarmed,1,No,I,INDIVIDUAL (18 AND OVER),M,W,Non-Hispanic,NON RESIDENT,,,,,16,1789480800000,1789666440000
927297,20260563005_22,20260563005,D,DISPATCHED,O,OPEN,Open,HOBBS,36.099999999750025,-86.82000000025143,,,2,"BANK, SAVINGS AND LOAN",2,26A,"FRAUD, CRIMINAL ATTEMPT",Unarmed,2,No,F,FINANCIAL INSTITUTION,,,,,,,,,16,1789480800000,1789666440000
893931,20260563000_11,20260563000,D,DISPATCHED,U,UNFOUNDED,Closed,615 615,36.12000000013524,-86.76800000044231,,,72,DOCTORS'S OFFICE,1,740,TRANSPORT,NONE,1,No,I,INDIVIDUAL (18 AND OVER),M,W,Hispanic,RESIDENT,,,,37204.0,17,1789664160000,1789666020000
893988,20260563041_11,20260563041,D,DISPATCHED,U,UNFOUNDED,Closed,1200 1200,36.17099999987209,-86.8170000000033,,,22,"RESIDENCE, HOME",1,740,POLICE INQUIRY,NONE,1,No,I,INDIVIDUAL (18 AND OVER),M,B,Non-Hispanic,RESIDENT,,,,37208.0,17,1789666020000,1789666020000
897396,20260562879_11,20260562879,D,DISPATCHED,U,UNFOUNDED,Closed,2409 2409,36.25599999995099,-86.76999999970943,,,22,"RESIDENCE, HOME",1,740,POLICE INQUIRY,NONE,1,No,I,INDIVIDUAL (18 AND OVER),F,W,Unknown,RESIDENT,,,,37207.0,17,1788282000000,1789666020000
895124,20260562959_11,20260562959,D,DISPATCHED,U,UNFOUNDED,Closed,7332 7332,,,,,22,"RESIDENCE, HOME",1,740,POLICE INQUIRY,NONE,1,Yes,I,INDIVIDUAL (18 AND OVER),F,W,Non-Hispanic,RESIDENT,,,,37013.0,17,1789665840000,1789665840000
893897,20260563016_11,20260563016,D,DISPATCHED,O,OPEN,Open,ANTIOCH,36.090000000189825,-86.70000000020825,,,26,SPECIALTY STORE,1,13C,ASSAULT- FEAR OF BODILY INJURY,,1,No,I,INDIVIDUAL (18 AND OVER),M,W,Non-Hispanic,RESIDENT,,,,,,1789661640000,1789665420000
927287,20260562968_11,20260562968,D,DISPATCHED,O,OPEN,Open,GALLATIN AVE,36.18000000021363,-86.74999999985195,,,2,"BANK, SAVINGS AND LOAN",1,26C,CRIMINAL IMPERSONATION,Unarmed,1,No,I,INDIVIDUAL (18 AND OVER),M,W,Non-Hispanic,NON RESIDENT,,,,,16,1789480800000,1789665120000
927292,20260562968_22,20260562968,D,DISPATCHED,O,OPEN,Open,GALLATIN AVE,36.18000000021363,-86.74999999985195,,,2,"BANK, SAVINGS AND LOAN",2,26A,"FRAUD, CRIMINAL ATTEMPT",Unarmed,2,No,F,FINANCIAL INSTITUTION,,,,,,,,,16,1789480800000,1789665120000
892895,20260522901_11,20260522901,D,DISPATCHED,O,OPEN,Open,E THOMPSON LN,36.129999999702626,-86.71000000013699,,,7,CONVENIENCE STORE,1,23C,SHOPLIFTING,NONE,1,No,B,BUSINESS,,,,,,,,,17,1787916000000,1789664760000
892899,20260522901_22,20260522901,D,DISPATCHED,O,OPEN,Open,E THOMPSON LN,36.129999999702626,-86.71000000013699,,,7,CONVENIENCE STORE,2,90J,CRIMINAL TRESPASS,NONE,2,No,S,SOCIETY,,,,,,,,,17,1787916000000,1789664760000
924816,20260562994_11,20260562994,S,SUSPECT,U,UNFOUNDED,Closed,942 942,36.20399999996701,-86.74699999960382,,,11,"GOVERNMENT, PUBLIC BUILDING",1,715,FOUND PROPERTY,NONE,1,No,I,INDIVIDUAL (18 AND OVER),U,U,Unknown,NON RESIDENT,,,,37207.0,17,1789567200000,1789664580000
893889,20260562974_11,20260562974,D,DISPATCHED,O,OPEN,Open,MURFREESBORO PIKE,36.080000000195604,-86.6399999997375,,,90,APARTMENT,1,23F,BURGLARY- MOTOR VEHICLE,NONE,1,No,I,INDIVIDUAL (18 AND OVER),F,W,Hispanic,RESIDENT,,,,,17,1789630200000,1789664400000
892887,20260562962_11,20260562962,D,DISPATCHED,U,UNFOUNDED,Closed,257 257,36.078999999789886,-86.71000000013699,,,22,"RESIDENCE, HOME",1,715,FOUND PROPERTY,NONE,1,No,I,INDIVIDUAL (18 AND OVER),U,U,Unknown,NON RESIDENT,,,,37211.0,17,1789662660000,1789664040000
892307,20260562972_11,20260562972,W,WITNESS,U,UNFOUNDED,Closed,468 468,36.191000000099926,-86.80499999990916,,,22,"RESIDENCE, HOME",1,740,POLICE INQUIRY,NONE,1,No,I,INDIVIDUAL (18 AND OVER),F,B,Non-Hispanic,RESIDENT,,,,37228.0,17,1789596000000,1789663440000
928315,20260562886_11,20260562886,D,DISPATCHED,O,OPEN,Open,SADDLE TREE CT,36.22000000011304,-86.60000000002253,,,5,"COMMERCIAL, OFFICE BUILDING",1,220,BURGLARY (NON HABITATION),PERSONAL (HANDS),1,No,B,BUSINESS,,,,,,,,,09,1788260400000,1789663320000
927283,20260562956_11,20260562956,T,,O,OPEN,Open,ANTIOCH PIKE,36.090000000189825,-86.69000000027951,,,26,SPECIALTY STORE,1,26B,FRAUD -  ILLEG USE OF CREDIT CARDS,NONE,1,No,B,BUSINESS,,,,,,,,,17,1788793200000,1789663140000
893348,20260562942_11,20260562942,T,,U,UNFOUNDED,Closed,701 701,36.1539999996859,-86.72100000014842,,,13,"HIGHWAY, ROAD, ALLEY",1,810,LOST PROPERTY,NONE,1,No,I,INDIVIDUAL (18 AND OVER),F,B,Non-Hispanic,RESIDENT,,,,37210.0,17,1789610400000,1789662960000
927280,20260562928_11,20260562928,D,DISPATCHED,O,OPEN,Open,CRYSTAL SPRING LN,36.16999999991994,-86.60999999995128,,,22,"RESIDENCE, HOME",1,26A,FRAUD - SWINDLE,NONE,1,No,I,INDIVIDUAL (18 AND OVER),M,B,Non-Hispanic,UNKNOWN,,,,,17,1780318800000,1789662540000
894435,20260562663_11,20260562663,W,WITNESS,O,OPEN,Open,RURAL HILL,36.080000000195604,-86.61999999988002,,,28,"OTHER, UNKNOWN",1,23D,LARC - FROM BLDG,HANDGUN,1,No,I,INDIVIDUAL (18 AND OVER),M,B,Non-Hispanic,RESIDENT,,,,,01,1789662480000,1789662480000
895127,20260562738_11,20260562738,W,WITNESS,U,UNFOUNDED,Closed,417 417,36.201999999805906,-86.59300000034192,,,22,"RESIDENCE, HOME",1,740,POLICE INQUIRY,NONE,1,Yes,I,INDIVIDUAL (18 AND OVER),F,W,Non-Hispanic,RESIDENT,,,,37076.0,17,1789662360000,1789662360000
893789,20260562877_11,20260562877,D,DISPATCHED,U,UNFOUNDED,Closed,88 88,36.14900000006129,-86.76199999994608,,,20,"PARKING LOT, GARAGE",1,740,POLICE INQUIRY,NONE,1,Yes,I,INDIVIDUAL (18 AND OVER),F,B,Non-Hispanic,RESIDENT,,,,37210.0,17,1789659900000,1789662000000
897420,20260562678_11,20260562678,W,WITNESS,O,OPEN,Open,CENTURY FARMS,36.029999999717916,-86.64999999966624,,,22,"RESIDENCE, HOME",1,90Z,HARRASSMENT (NUISANCE),NONE,1,No,I,INDIVIDUAL (18 AND OVER),M,B,Non-Hispanic,RESIDENT,,,,,17,1789661940000,1789661940000
897426,20260562677_11,20260562677,W,WITNESS,O,OPEN,Open,CENTURY FARMS,36.029999999717916,-86.64999999966624,,,22,"RESIDENCE, HOME",1,90Z,HARRASSMENT (NUISANCE),NONE,1,No,I,INDIVIDUAL (18 AND OVER),F,B,Non-Hispanic,RESIDENT,,,,,17,1789661940000,1789661940000
893339,20260562851_11,20260562851,D,DISPATCHED,O,OPEN,Open,EZELL PIKE,36.080000000195604,-86.69000000027951,,,20,"PARKING LOT, GARAGE",1,240,VEHICLE THEFT,NONE,1,No,I,INDIVIDUAL (18 AND OVER),M,W,Hispanic,RESIDENT,,,,,17,1788973200000,1789661880000
892903,20260562869_11,20260562869,D,DISPATCHED,O,OPEN,Open,DELK AVE,36.18000000021363,-86.82000000025143,,,90,APARTMENT,1,23H,THEFT OF PROPERTY- $500 OR LESS,NONE,1,No,I,INDIVIDUAL (18 AND OVER),M,W,Non-Hispanic,RESIDENT,,,,,17,1789591920000,1789660980000
925037,20260562824_11,20260562824,D,DISPATCHED,U,UNFOUNDED,Closed,3524 3524,36.05900000016603,-86.59799999985711,,,21,RENTAL STORAGE FACILITY,1,740,POLICE INQUIRY,NONE,1,No,I,INDIVIDUAL (18 AND OVER),M,W,Non-Hispanic,NON RESIDENT,,,,37013.0,17,1787576400000,1789659840000
927462,20260562777_11,20260562777,D,DISPATCHED,O,OPEN,Open,CHARLOTTE AVE,36.159999999962295,-86.81000000032267,,,22,"RESIDENCE, HOME",1,290,DAMAGE PROP - BUSINESS,HANDGUN,1,No,B,BUSINESS,,,,,,,,,01,1789650000000,1789658940000
892347,20260562811_11,20260562811,D,DISPATCHED,O,OPEN,Open,UNIVERSITY PARK,36.10999999969955,-86.80000000039394,,,22,"RESIDENCE, HOME",1,13C,ASSAULT- FEAR OF BODILY INJURY,,1,No,I,INDIVIDUAL (18 AND OVER),F,W,Non-Hispanic,RESIDENT,,,,,,1789016400000,1789658880000
893352,20260562814_11,20260562814,D,DISPATCHED,O,OPEN,Open,AIR LANE,36.15000000024567,-86.70000000020825,,,28,"OTHER, UNKNOWN",1,23H,LARC - POSTAL,HANDGUN,1,No,I,INDIVIDUAL (18 AND OVER),M,U,Unknown,NON RESIDENT,,,,,01,1788872400000,1789658700000
895437,20260561601_11,20260561601,D,DISPATCHED,O,OPEN,Open,OPRY MILLS DR,36.20000000001247,-86.69000000027951,,,55,Shopping Mall,1,90Z,HARRASSMENT (NUISANCE),NONE,1,No,I,INDIVIDUAL (18 AND OVER),F,B,Unknown,RESIDENT,,,,,17,1789578000000,1789657620000
892915,20260562780_11,20260562780,D,DISPATCHED,O,OPEN,Open,LEBANON PIKE,36.16999999991994,-86.65999999959497,,,25,"SERVICE, GAS STATION",1,13C,ASSAULT- FEAR OF BODILY INJURY,,1,No,I,INDIVIDUAL (18 AND OVER),M,W,Unknown,UNKNOWN,,,,,,1789655400000,1789657320000
897438,20260562770_11,20260562770,T,,U,UNFOUNDED,Closed,700 700,36.133999999638924,-86.77299999995753,,,8,"DEPARTMENT, DISCOUNT STORE",1,740,POLICE INQUIRY,OTHER,1,No,B,BUSINESS,,,,,,,,37203.0,15,1789570800000,1789657020000
893095,20260562727_11,20260562727,D,DISPATCHED,O,OPEN,Open,HIGHWAY 70  S,36.080000000195604,-86.95000000022335,,,23,RESTAURANT,1,220,BURGLARY (NON HABITATION),CLUB,1,No,B,BUSINESS,,,,,,,,,07,1789621260000,1789656720000
893099,20260562727_21,20260562727,D,DISPATCHED,O,OPEN,Open,HIGHWAY 70  S,36.080000000195604,-86.95000000022335,,,23,RESTAURANT,2,290,DAMAGE PROP - BUSINESS,CLUB,1,No,B,BUSINESS,,,,,,,,,07,1789621260000,1789656720000
927277,20260562733_11,20260562733,D,DISPATCHED,O,OPEN,Open,FRANKLIN AVE,36.18000000021363,-86.7399999999232,,,28,"OTHER, UNKNOWN",1,26B,"CREDIT CARD, FRAUDULENT USE - $1,000 OR LESS",NONE,1,No,B,BUSINESS,,,,,,,,,17,1789362060000,1789656540000
892344,20260562726_11,20260562726,D,DISPATCHED,U,UNFOUNDED,Closed,235 235,,,,,22,"RESIDENCE, HOME",1,740,POLICE INQUIRY,Unarmed,1,No,I,INDIVIDUAL (18 AND OVER),F,W,Non-Hispanic,RESIDENT,,,,37214.0,16,1789646400000,1789656120000
895435,20260562688_11,20260562688,D,DISPATCHED,O,OPEN,Open,MUSIC VALLEY,36.22000000011304,-86.69000000027951,,,14,"HOTEL, MOTEL, ETC.",1,23F,BURGLARY- MOTOR VEHICLE,CLUB,1,No,I,INDIVIDUAL (18 AND OVER),M,W,Non-Hispanic,NON RESIDENT,,,,,07,1789639200000,1789655220000
892345,20260562392_11,20260562392,D,DISPATCHED,U,UNFOUNDED,Closed,417 417,36.201999999805906,-86.59300000034192,,,22,"RESIDENCE, HOME",1,740,POLICE INQUIRY,NONE,1,Yes,I,INDIVIDUAL (18 AND OVER),M,B,Non-Hispanic,RESIDENT,,,,37076.0,17,1789643400000,1789655160000
892744,20260562673_11,20260562673,D,DISPATCHED,O,OPEN,Open,SOUTHWOOD PARK,36.13999999994927,-86.70000000020825,,,90,APARTMENT,1,220,BURGLARY- AGGRAVATED,NONE,1,No,I,INDIVIDUAL (18 AND OVER),M,B,Non-Hispanic,RESIDENT,,,,,17,1787835600000,1789654620000
892747,20260562673_21,20260562673,D,DISPATCHED,O,OPEN,Open,SOUTHWOOD PARK,36.13999999994927,-86.70000000020825,,,90,APARTMENT,2,290,DAMAGE PROP - PRIVATE,,1,No,I,INDIVIDUAL (18 AND OVER),M,B,Non-Hispanic,RESIDENT,,,,,,1787835600000,1789654620000
897435,20260562592_11,20260562592,D,DISPATCHED,O,OPEN,Open,EASTLAND AVE,36.18000000021363,-86.71000000013699,,,13,"HIGHWAY, ROAD, ALLEY",1,13A,AGGRAV ASSLT - FAMILY-WEAPON,MOTOR VEHICLE,1,Yes,I,INDIVIDUAL (18 AND OVER),F,B,Non-Hispanic,RESIDENT,,,,,08,1789650480000,1789654260000
892343,20260562797_11,20260562797,S,SUSPECT,U,UNFOUNDED,Closed,1800 1800,36.18100000016468,-86.80099999957834,,,53,School-Elementary/Secondary,1,740,POLICE INQUIRY,NONE,1,No,I,INDIVIDUAL (18 AND OVER),F,B,Unknown,RESIDENT,,,,37208.0,17,1789654200000,1789654200000
925025,20260562668_11,20260562668,D,DISPATCHED,O,OPEN,Open,,36.28000000026564,-86.86999999989513,,,20,"PARKING LOT, GARAGE",1,90J,CRIMINAL TRESPASS,NONE,1,No,S,SOCIETY,,,,,,,,,17,1789652400000,1789654080000
892306,20260562618_11,20260562618,D,DISPATCHED,A,CLEARED BY ARREST,Closed,405 405,36.15800000035669,-86.79900000031124,,,90,APARTMENT,1,290,DAMAGE PROP - PRIVATE,PERSONAL (HANDS),1,No,I,INDIVIDUAL (18 AND OVER),M,B,Non-Hispanic,RESIDENT,,,,37203.0,09,1789648200000,1789653840000
892346,20260562644_11,20260562644,D,DISPATCHED,U,UNFOUNDED,Closed,1222 1222,36.16099999985248,-86.57599999983424,,,28,"OTHER, UNKNOWN",1,740,POLICE INQUIRY,Unarmed,1,No,I,INDIVIDUAL (18 AND OVER),F,W,Non-Hispanic,RESIDENT,,,,37076.0,16,1789509600000,1789652760000
895443,20260562525_11,20260562525,D,DISPATCHED,O,OPEN,Open,PENNINGTON CENTRE,36.22000000011304,-86.69000000027951,,,90,APARTMENT,1,23F,BURGLARY- MOTOR VEHICLE,CLUB,1,No,I,INDIVIDUAL (18 AND OVER),M,W,Hispanic,RESIDENT,,,,,07,1789621200000,1789651920000
895446,20260562525_12,20260562525,D,DISPATCHED,O,OPEN,Open,PENNINGTON CENTRE,36.22000000011304,-86.69000000027951,,,90,APARTMENT,1,23F,BURGLARY- MOTOR VEHICLE,CLUB,2,No,I,INDIVIDUAL (18 AND OVER),M,W,Non-Hispanic,RESIDENT,,,,,07,1789621200000,1789651920000
895451,20260562525_13,20260562525,D,DISPATCHED,O,OPEN,Open,PENNINGTON CENTRE,36.22000000011304,-86.69000000027951,,,90,APARTMENT,1,23F,BURGLARY- MOTOR VEHICLE,CLUB,3,No,I,INDIVIDUAL (18 AND OVER),M,W,Non-Hispanic,RESIDENT,,,,,07,1789621200000,1789651920000
895454,20260562525_14,20260562525,D,DISPATCHED,O,OPEN,Open,PENNINGTON CENTRE,36.22000000011304,-86.69000000027951,,,90,APARTMENT,1,23F,BURGLARY- MOTOR VEHICLE,CLUB,4,No,I,INDIVIDUAL (18 AND OVER),M,W,Non-Hispanic,UNKNOWN,,,,,07,1789621200000,1789651920000
930339,20260562620_11,20260562620,D,DISPATCHED,O,OPEN,Open,TRINITY,36.209999999706326,-86.81000000032267,,,90,APARTMENT,1,290,"VANDALISM- $1,000 OR LESS",PERSONAL (HANDS),1,No,I,INDIVIDUAL (18 AND OVER),M,B,Non-Hispanic,RESIDENT,,,,,09,1789174620000,1789651800000
892911,20260558448_11,20260558448,S,SUSPECT,A,CLEARED BY ARREST,Closed,5306 5306,36.046999999895846,-86.65500000007975,,,20,"PARKING LOT, GARAGE",1,35B,DRUG PARAPHERNALIA- UNLAWFUL USE,NONE,1,No,S,SOCIETY,,,,,,,,37013.0,17,1789482600000,1789651680000
892916,20260558448_21,20260558448,S,SUSPECT,A,CLEARED BY ARREST,Closed,5306 5306,36.046999999895846,-86.65500000007975,,,20,"PARKING LOT, GARAGE",2,35A,"DISPENSE PRESCRIPTION DRUG, VOID REGIS. NUMBER",NONE,1,No,S,SOCIETY,,,,,,,,37013.0,17,1789482600000,1789651680000
892921,20260558448_31,20260558448,S,SUSPECT,A,CLEARED BY ARREST,Closed,5306 5306,36.046999999895846,-86.65500000007975,,,20,"PARKING LOT, GARAGE",3,90Z,TEST ONLY,NONE,1,No,S,SOCIETY,,,,,,,,37013.0,17,1789482600000,1789651680000
927275,20260562535_11,20260562535,D,DISPATCHED,O,OPEN,Open,MEDICAL CENTER DR,36.13999999994927,-86.80000000039394,,,9,HOSPITAL,1,26E,FRAUD BY WIRE,NONE,1,No,I,INDIVIDUAL (18 AND OVER),M,W,Non-Hispanic,RESIDENT,,,,,17,1787806800000,1789650900000
894835,20260562455_11,20260562455,D,DISPATCHED,O,OPEN,Open,BRADY,36.029999999717916,-86.58000000016507,,,22,"RESIDENCE, HOME",1,240,VEHICLE THEFT,NONE,1,No,I,INDIVIDUAL (18 AND OVER),M,B,Non-Hispanic,UNKNOWN,,,,,17,1789608600000,1789650180000
893937,20260562397_11,20260562397,D,DISPATCHED,U,UNFOUNDED,Closed,3417 3417,36.18899999988174,-86.62799999964334,,,22,"RESIDENCE, HOME",1,740,POLICE INQUIRY,NONE,1,Yes,I,INDIVIDUAL (18 AND OVER),M,W,Non-Hispanic,UNKNOWN,,,,37076.0,17,1789639200000,1789647360000
892696,20260562428_11,20260562428,D,DISPATCHED,U,UNFOUNDED,Closed,146 146,36.0270000001627,-86.66399999992578,,,22,"RESIDENCE, HOME",1,810,LOST PROPERTY,NONE,1,No,I,INDIVIDUAL (18 AND OVER),F,A,Non-Hispanic,RESIDENT,,,,37013.0,17,1789477200000,1789647180000
892317,20260562366_11,20260562366,D,DISPATCHED,O,OPEN,Open,GALLATIN PIKE S,36.25999999986106,-86.71000000013699,,,23,RESTAURANT,1,220,BURGL - FORCED ENTRY-NONRESID,CLUB,1,No,B,BUSINESS,,,,,,,,,07,1789630860000,1789647120000
893942,20260562429_11,20260562429,D,DISPATCHED,U,UNFOUNDED,Closed,3753 3753,36.317000000267825,-86.87999999982385,,,22,"RESIDENCE, HOME",1,740,POLICE INQUIRY,NONE,1,Yes,I,INDIVIDUAL (18 AND OVER),F,U,Unknown,NON RESIDENT,,,,37080.0,17,1789646340000,1789646340000
898467,20260561305_11,20260561305,W,WITNESS,O,OPEN,Open,BROADWAY,36.159999999962295,-86.77999999963816,,,3,"BAR, NIGHT CLUB",1,23D,LARC - FROM BLDG,NONE,1,No,I,INDIVIDUAL (18 AND OVER),M,W,Non-Hispanic,RESIDENT,,,,,17,1789645560000,1789645560000
892697,20260562407_11,20260562407,D,DISPATCHED,O,OPEN,Open,DICKERSON PIKE,36.25000000002025,-86.75999999978066,,,90,APARTMENT,1,23F,BURGLARY- MOTOR VEHICLE,NONE,1,No,I,INDIVIDUAL (18 AND OVER),F,B,Non-Hispanic,RESIDENT,,,,,17,1789584600000,1789645140000
897618,20260562283_11,20260562283,D,DISPATCHED,A,CLEARED BY ARREST,Closed,3003 3003,36.0399999997254,-86.72100000014842,,,22,"RESIDENCE, HOME",1,13B,SIMPLE ASSLT,PERSONAL (HANDS),1,Yes,I,INDIVIDUAL (18 AND OVER),F,B,Non-Hispanic,RESIDENT,,,,37211.0,09,1789632000000,1789643460000
892337,20260562191_11,20260562191,S,SUSPECT,A,CLEARED BY ARREST,Closed,4343 4343,36.2170000001132,-86.62400000021083,,,20,"PARKING LOT, GARAGE",1,35A,POSSESSION OF A CONTROLLED SUBSTANCE,NONE,1,No,S,SOCIETY,,,,,,,,37138.0,17,1789628040000,1789643400000
892338,20260562191_21,20260562191,S,SUSPECT,A,CLEARED BY ARREST,Closed,4343 4343,36.2170000001132,-86.62400000021083,,,20,"PARKING LOT, GARAGE",2,35B,DRUG PARAPHERNALIA- UNLAWFUL USE,NONE,1,No,S,SOCIETY,,,,,,,,37138.0,17,1789628040000,1789643400000
892702,20260562308_11,20260562308,D,DISPATCHED,O,OPEN,Open,GAY,36.16999999991994,-86.77999999963816,,,13,"HIGHWAY, ROAD, ALLEY",1,23H,"THEFT OF PROPERTY-$1,000 OR LESS",NONE,1,No,I,INDIVIDUAL (18 AND OVER),F,B,Non-Hispanic,RESIDENT,,,,,17,1789635600000,1789640520000
892706,20260562308_12,20260562308,D,DISPATCHED,O,OPEN,Open,GAY,36.16999999991994,-86.77999999963816,,,13,"HIGHWAY, ROAD, ALLEY",1,23H,"THEFT OF PROPERTY-$1,000 OR LESS",NONE,2,No,I,INDIVIDUAL (18 AND OVER),F,B,Non-Hispanic,RESIDENT,,,,,17,1789635600000,1789640520000
895361,20260562219_11,20260562219,D,DISPATCHED,O,OPEN,Open,LISCHEY AVE,36.19000000021294,-86.75999999978066,,,22,"RESIDENCE, HOME",1,13C,ASSAULT- FEAR OF BODILY INJURY,,1,Yes,I,INDIVIDUAL (18 AND OVER),F,B,Non-Hispanic,RESIDENT,,,,,,1789624800000,1789639320000
928338,20260562238_11,20260562238,CIR,,O,OPEN,Open,LISCHEY AVE,36.19000000021294,-86.75999999978066,,,22,"RESIDENCE, HOME",1,290,"VANDALISM- $1,000 OR LESS",Unarmed,1,No,I,INDIVIDUAL (18 AND OVER),F,B,Non-Hispanic,RESIDENT,,,,,16,1789437600000,1789639320000
928339,20260562238_21,20260562238,CIR,,O,OPEN,Open,LISCHEY AVE,36.19000000021294,-86.75999999978066,,,22,"RESIDENCE, HOME",2,23D,LARC - FROM BLDG,NONE,1,No,I,INDIVIDUAL (18 AND OVER),F,B,Non-Hispanic,RESIDENT,,,,,17,1789437600000,1789639320000
893892,20260562305_11,20260562305,D,DISPATCHED,U,UNFOUNDED,Closed,2940 2940,36.22399999966719,-86.76099999986339,,,28,"OTHER, UNKNOWN",1,740,POLICE INQUIRY,NONE,1,Yes,I,INDIVIDUAL (18 AND OVER),F,U,Unknown,NON RESIDENT,,,,37207.0,17,1789636620000,1789639080000
892710,20260562263_11,20260562263,D,DISPATCHED,O,OPEN,Open,MCKENDREE,36.209999999706326,-86.60999999995128,,,20,"PARKING LOT, GARAGE",1,23F,BURGLARY- MOTOR VEHICLE,NONE,1,No,I,INDIVIDUAL (18 AND OVER),F,B,Non-Hispanic,NON RESIDENT,,,,,17,1789617600000,1789638480000
892311,20260562280_11,20260562280,D,DISPATCHED,R,REFUSED TO COOPERATE,Closed,3209 3209,36.102000000106344,-86.73200000015987,,,22,"RESIDENCE, HOME",1,90Z,HARRASSMENT (NUISANCE),NONE,1,Yes,I,INDIVIDUAL (18 AND OVER),F,A,Non-Hispanic,RESIDENT,,,,37211.0,17,1789612500000,1789637640000
895236,20260562248_11,20260562248,D,DISPATCHED,A,CLEARED BY ARREST,Closed,765 765,36.054000000101695,-86.74200000008861,,,90,APARTMENT,1,13A,"Assault, Aggravated - Deadly Weapon - Int/Kn",CLUB,1,No,I,INDIVIDUAL (18 AND OVER),F,W,Non-Hispanic,UNKNOWN,,,,37211.0,07,1789630800000,1789637280000
895239,20260562248_22,20260562248,D,DISPATCHED,A,CLEARED BY ARREST,Closed,765 765,36.054000000101695,-86.74200000008861,,,90,APARTMENT,2,13B,ASSAULT- OFFENSIVE OR PROVOCATIVE CONTACT,PERSONAL (HANDS),2,No,I,INDIVIDUAL (18 AND OVER),M,W,Non-Hispanic,RESIDENT,,,,37211.0,09,1789630800000,1789637280000
895242,20260562248_33,20260562248,D,DISPATCHED,A,CLEARED BY ARREST,Closed,765 765,36.054000000101695,-86.74200000008861,,,90,APARTMENT,3,35B,DRUG PARAPHERNALIA- UNLAWFUL USE,CLUB,3,No,S,SOCIETY,,,,,,,,37211.0,07,1789630800000,1789637280000
919673,20260562256_11,20260562256,D,DISPATCHED,O,OPEN,Open,WELCH RD,36.080000000195604,-86.72000000006571,,,22,"RESIDENCE, HOME",1,695,UNKNOWN DEATH,NONE,1,No,I,INDIVIDUAL (18 AND OVER),F,W,Hispanic,UNKNOWN,,,,,17,1789623000000,1789636860000
924652,20260562135_11,20260562135,D,DISPATCHED,O,OPEN,Open,MURFREESBORO PIKE,36.15000000024567,-86.74999999985195,,,5,"COMMERCIAL, OFFICE BUILDING",1,90J,CRIMINAL TRESPASS,NONE,1,No,S,SOCIETY,,,,,,,,,17,1789610400000,1789634340000
893444,20260562251_11,20260562251,D,DISPATCHED,U,UNFOUNDED,Closed,1612 1612,36.174000000032436,-86.80800000015726,,,90,APARTMENT,1,290,DAMAGE PROP - PRIVATE,PERSONAL (HANDS),1,No,I,INDIVIDUAL (18 AND OVER),F,B,Non-Hispanic,RESIDENT,,,,37208.0,09,1789630200000,1789633740000
918434,20260562254_11,20260562254,D,DISPATCHED,U,UNFOUNDED,Closed,639 639,36.1539999996859,-86.77700000028835,,,54,Shelter-Mission/Homeless,1,740,TRANSPORT,NONE,1,No,I,INDIVIDUAL (18 AND OVER),M,B,Non-Hispanic,UNKNOWN,,,,37203.0,17,1789633500000,1789633500000
892713,20260562216_12,20260562216,D,DISPATCHED,O,OPEN,Open,VALLEY RD,36.129999999702626,-86.84000000010889,,,22,"RESIDENCE, HOME",1,23F,BURGLARY- MOTOR VEHICLE,NONE,2,Yes,I,INDIVIDUAL (18 AND OVER),F,W,Non-Hispanic,RESIDENT,,,,,17,1789629000000,1789632660000
892717,20260562216_11,20260562216,D,DISPATCHED,O,OPEN,Open,VALLEY RD,36.129999999702626,-86.84000000010889,,,22,"RESIDENCE, HOME",1,23F,BURGLARY- MOTOR VEHICLE,NONE,1,No,I,INDIVIDUAL (18 AND OVER),M,W,Non-Hispanic,RESIDENT,,,,,17,1789629000000,1789632660000
892349,20260562185_11,20260562185,D,DISPATCHED,O,OPEN,Open,LENORE ST,36.159999999962295,-86.75999999978066,,,90,APARTMENT,1,13A,INTENTIONAL AGGRAVATED ASSAULT,HANDGUN,1,No,I,INDIVIDUAL (18 AND OVER),F,B,Non-Hispanic,RESIDENT,,,,,01,1789624800000,1789632420000
892350,20260562185_12,20260562185,D,DISPATCHED,O,OPEN,Open,LENORE ST,36.159999999962295,-86.75999999978066,,,90,APARTMENT,1,13A,INTENTIONAL AGGRAVATED ASSAULT,HANDGUN,2,No,I,INDIVIDUAL (18 AND OVER),M,B,Non-Hispanic,UNKNOWN,,,,,01,1789624800000,1789632420000
892351,20260562185_13,20260562185,D,DISPATCHED,O,OPEN,Open,LENORE ST,36.159999999962295,-86.75999999978066,,,90,APARTMENT,1,13A,INTENTIONAL AGGRAVATED ASSAULT,HANDGUN,3,No,I,INDIVIDUAL (18 AND OVER),F,B,Non-Hispanic,RESIDENT,,,,,01,1789624800000,1789632420000
892352,20260562185_14,20260562185,D,DISPATCHED,O,OPEN,Open,LENORE ST,36.159999999962295,-86.75999999978066,,,90,APARTMENT,1,13A,INTENTIONAL AGGRAVATED ASSAULT,HANDGUN,4,No,I,INDIVIDUAL (18 AND OVER),F,B,Non-Hispanic,RESIDENT,,,,,01,1789624800000,1789632420000
892353,20260562185_21,20260562185,D,DISPATCHED,O,OPEN,Open,LENORE ST,36.159999999962295,-86.75999999978066,,,90,APARTMENT,2,290,DAMAGE PROP - PRIVATE,HANDGUN,1,No,I,INDIVIDUAL (18 AND OVER),F,B,Non-Hispanic,RESIDENT,,,,,01,1789624800000,1789632420000
892354,20260562185_35,20260562185,D,DISPATCHED,O,OPEN,Open,LENORE ST,36.159999999962295,-86.75999999978066,,,90,APARTMENT,3,520,"WEAPON OFFENSE, CRIMINAL ATTEMPT",HANDGUN,5,No,S,SOCIETY,,,,,,,,,01,1789624800000,1789632420000
895371,20260562115_11,20260562115,D,DISPATCHED,A,CLEARED BY ARREST,Closed,615 615,36.183000000200536,-86.74899999976923,,,12,"GROCERY, SUPERMARKET",1,290,"Vandalism- $250,000 or more",NONE,1,No,B,BUSINESS,,,,,,,,37206.0,17,1789622100000,1789632180000
895373,20260562115_12,20260562115,D,DISPATCHED,A,CLEARED BY ARREST,Closed,615 615,36.183000000200536,-86.74899999976923,,,12,"GROCERY, SUPERMARKET",1,290,"Vandalism- $250,000 or more",NONE,2,No,B,BUSINESS,,,,,,,,37206.0,17,1789622100000,1789632180000
892883,20260562164_11,20260562164,D,DISPATCHED,U,UNFOUNDED,Closed,623 623,36.16800000017144,-86.75899999969798,,,90,APARTMENT,1,740,POLICE INQUIRY,NONE,1,Yes,I,INDIVIDUAL (18 AND OVER),F,B,Non-Hispanic,RESIDENT,,,,37206.0,17,1789624800000,1789631880000
892721,20260562230_11,20260562230,D,DISPATCHED,O,OPEN,Open,HIGHWAY 70,36.080000000195604,-86.95000000022335,,,25,"SERVICE, GAS STATION",1,23C,"THEFT OF MERCHANDISE- $1,000 OR LESS",NONE,1,No,B,BUSINESS,,,,,,,,,17,1789629600000,1789631820000
895364,20260562207_11,20260562207,D,DISPATCHED,O,OPEN,Open,BROADWAY,36.159999999962295,-86.77999999963816,,,3,"BAR, NIGHT CLUB",1,13B,SIMPLE ASSLT,NONE,1,No,I,INDIVIDUAL (18 AND OVER),M,W,Non-Hispanic,UNKNOWN,,,,,17,1789627500000,1789631520000
892308,20260562201_11,20260562201,D,DISPATCHED,A,CLEARED BY ARREST,Closed,2400 2400,36.20000000001247,-86.82499999976665,,,90,APARTMENT,1,13B,SIMPLE ASSLT - STRANGULATION (NO LOSS OF CONSCIOUSNESS),PERSONAL (HANDS),1,Yes,I,INDIVIDUAL (18 AND OVER),F,B,Non-Hispanic,RESIDENT,,,,37218.0,09,1788757200000,1789631160000
892879,20260562192_11,20260562192,D,DISPATCHED,U,UNFOUNDED,Closed,506 506,36.035000000070724,-86.72799999982904,,,90,APARTMENT,1,740,POLICE INQUIRY,NONE,1,No,I,INDIVIDUAL (18 AND OVER),F,W,Non-Hispanic,RESIDENT,,,,37211.0,17,1789627200000,1789630500000
893785,20260562148_11,20260562148,D,DISPATCHED,U,UNFOUNDED,Closed,6 6,36.14699999988796,-86.76199999994608,,,22,"RESIDENCE, HOME",1,740,POLICE INQUIRY,NONE,1,Yes,I,INDIVIDUAL (18 AND OVER),F,B,Non-Hispanic,RESIDENT,,,,37210.0,17,1789613640000,1789630320000
926899,20260562059_11,20260562059,D,DISPATCHED,O,OPEN,Open,CHARLOTTE AVE,36.159999999962295,-86.81000000032267,,,90,APARTMENT,1,290,DAMAGE PROP - PRIVATE,HANDGUN,1,No,I,INDIVIDUAL (18 AND OVER),F,B,Non-Hispanic,RESIDENT,,,,,01,1789614000000,1789626660000
926901,20260562059_13,20260562059,D,DISPATCHED,O,OPEN,Open,CHARLOTTE AVE,36.159999999962295,-86.81000000032267,,,90,APARTMENT,1,290,DAMAGE PROP - PRIVATE,HANDGUN,3,No,B,BUSINESS,,,,,,,,,01,1789614000000,1789626660000
926904,20260562059_22,20260562059,D,DISPATCHED,O,OPEN,Open,CHARLOTTE AVE,36.159999999962295,-86.81000000032267,,,90,APARTMENT,2,520,"WEAPON OFFENSE, CRIMINAL ATTEMPT",HANDGUN,2,No,S,SOCIETY,,,,,,,,,01,1789614000000,1789626660000
926907,20260562059_31,20260562059,D,DISPATCHED,O,OPEN,Open,CHARLOTTE AVE,36.159999999962295,-86.81000000032267,,,90,APARTMENT,3,13A,INTENTIONAL AGGRAVATED ASSAULT,HANDGUN,1,No,I,INDIVIDUAL (18 AND OVER),F,B,Non-Hispanic,RESIDENT,,,,,01,1789614000000,1789626660000
892335,20260561837_11,20260561837,D,DISPATCHED,U,UNFOUNDED,Closed,506 506,,,,,22,"RESIDENCE, HOME",1,740,TRANSPORT,NONE,1,No,I,INDIVIDUAL (18 AND OVER),M,B,Non-Hispanic,UNKNOWN,,,,37115.0,17,1789611480000,1789625400000
892655,20260562116_11,20260562116,D,DISPATCHED,O,OPEN,Open,TARGET,36.0399999997254,-86.65999999959497,,,20,"PARKING LOT, GARAGE",1,240,VEHICLE THEFT,NONE,1,No,I,INDIVIDUAL (18 AND OVER),M,B,Non-Hispanic,RESIDENT,,,,,17,1789362000000,1789625220000
895433,20260562079_11,20260562079,D,DISPATCHED,O,OPEN,Open,CREATIVE,36.23999999981472,-86.7399999999232,,,90,APARTMENT,1,13C,ASSAULT- FEAR OF BODILY INJURY,,1,No,I,INDIVIDUAL (18 AND OVER),M,W,Non-Hispanic,RESIDENT,,,,,,1789617660000,1789624740000
892913,20260561821_11,20260561821,D,DISPATCHED,U,UNFOUNDED,Closed,808 808,36.248999999911504,-86.74799999968653,,,90,APARTMENT,1,740,TRANSPORT,NONE,1,No,I,INDIVIDUAL (18 AND OVER),F,B,Non-Hispanic,RESIDENT,,,,37115.0,17,1789609260000,1789624560000
892751,20260562078_11,20260562078,D,DISPATCHED,O,OPEN,Open,S 7TH ST,36.16999999991994,-86.75999999978066,,,90,APARTMENT,1,13C,"HARASSMENT- CAUSE EMOTIONAL DISTRESS, INTIMIDATE, FRIGHTEN",NONE,1,Yes,I,INDIVIDUAL (18 AND OVER),M,B,Non-Hispanic,UNKNOWN,,,,,17,1789588800000,1789624140000
892725,20260562106_11,20260562106,D,DISPATCHED,O,OPEN,Open,DUE WEST,36.25000000002025,-86.7399999999232,,,90,APARTMENT,1,220,BURGLARY- AGGRAVATED,NONE,1,No,I,INDIVIDUAL (18 AND OVER),F,W,Non-Hispanic,RESIDENT,,,,,17,1789614000000,1789623960000
893919,20260561975_12,20260561975,D,DISPATCHED,O,OPEN,Open,21ST,36.16999999991994,-86.81000000032267,,,22,"RESIDENCE, HOME",1,520,"WEAPON OFFENSE, CRIMINAL ATTEMPT",HANDGUN,2,No,S,SOCIETY,,,,,,,,,01,1789608900000,1789623960000
893923,20260561975_21,20260561975,D,DISPATCHED,O,OPEN,Open,21ST,36.16999999991994,-86.81000000032267,,,22,"RESIDENCE, HOME",2,13A,INTENTIONAL AGGRAVATED ASSAULT,HANDGUN,1,Yes,I,INDIVIDUAL (18 AND OVER),F,B,Non-Hispanic,RESIDENT,,,,,01,1789608900000,1789623960000
893762,20260562093_11,20260562093,D,DISPATCHED,U,UNFOUNDED,Closed,625 625,36.13200000012403,-86.77099999979211,,,22,"RESIDENCE, HOME",1,685,DEATH NATURAL,,1,No,I,INDIVIDUAL (18 AND OVER),F,B,Non-Hispanic,RESIDENT,,,,37204.0,,1789620780000,1789623600000
892755,20260562063_11,20260562063,D,DISPATCHED,U,UNFOUNDED,Closed,2421 2421,36.110999999786046,-86.76700000035962,,,20,"PARKING LOT, GARAGE",1,810,LOST PROPERTY,NONE,1,No,I,INDIVIDUAL (18 AND OVER),M,W,Non-Hispanic,RESIDENT,,,,37204.0,17,1789617600000,1789620960000
892232,20260562031_11,20260562031,D,DISPATCHED,O,OPEN,Open,CLIFF DR,36.20000000001247,-86.83000000018018,,,90,APARTMENT,1,220,BURGLARY- AGGRAVATED,NONE,1,No,I,INDIVIDUAL (18 AND OVER),F,B,Non-Hispanic,RESIDENT,,,,,17,1782882060000,1789620540000
892233,20260562031_21,20260562031,D,DISPATCHED,O,OPEN,Open,CLIFF DR,36.20000000001247,-86.83000000018018,,,90,APARTMENT,2,290,DAMAGE PROP - PRIVATE,NONE,1,No,I,INDIVIDUAL (18 AND OVER),F,B,Non-Hispanic,RESIDENT,,,,,17,1782882060000,1789620540000
893885,20260561944_11,20260561944,D,DISPATCHED,U,UNFOUNDED,Closed,145 145,36.2140000003117,-86.7640000001115,,,90,APARTMENT,1,740,POLICE INQUIRY,NONE,1,Yes,I,INDIVIDUAL (18 AND OVER),F,B,Non-Hispanic,RESIDENT,,,,37207.0,17,1789609200000,1789620300000
919637,20260561843_11,20260561843,D,DISPATCHED,U,UNFOUNDED,Closed,MM 52 6 I24 E1 & ,36.12499999988536,-86.72799999982904,,,13,"HIGHWAY, ROAD, ALLEY",1,715,FOUND PROPERTY,NONE,1,No,I,INDIVIDUAL (18 AND OVER),M,B,Non-Hispanic,UNKNOWN,,,,37210.0,17,1789611840000,1789619820000
897610,20260561859_11,20260561859,D,DISPATCHED,A,CLEARED BY ARREST,Closed,1380 1380,36.05200000017039,-86.60300000027065,,,22,"RESIDENCE, HOME",1,13C,ASSAULT- FEAR OF BODILY INJURY,,1,Yes,I,INDIVIDUAL (18 AND OVER),F,B,Non-Hispanic,RESIDENT,,,,37013.0,,1789606800000,1789619280000
892904,20260561921_11,20260561921,D,DISPATCHED,O,OPEN,Open,BELCOURT AVE,36.13999999994927,-86.80000000039394,,,26,SPECIALTY STORE,1,23D,LARC - FROM BLDG,NONE,1,No,I,INDIVIDUAL (18 AND OVER),F,U,Unknown,RESIDENT,,,,,17,1789606800000,1789618140000
931341,20260561899_11,20260561899,D,DISPATCHED,U,UNFOUNDED,Closed,365 365,36.27100000015447,-86.68399999978328,,,90,APARTMENT,1,740,POLICE INQUIRY,NONE,1,Yes,I,INDIVIDUAL (18 AND OVER),F,B,Non-Hispanic,UNKNOWN,,,,37115.0,17,1789610280000,1789618080000
893435,20260561775_11,20260561775,D,DISPATCHED,O,OPEN,Open,SMITH SPRINGS RD,36.090000000189825,-86.60000000002253,,,90,APARTMENT,1,13A,INTENTIONAL AGGRAVATED ASSAULT,LETHAL/CUTTING INSTRUMENT,1,No,I,INDIVIDUAL (18 AND OVER),F,B,Non-Hispanic,RESIDENT,,,,,06,1789607400000,1789617840000
893940,20260561979_11,20260561979,D,DISPATCHED,U,UNFOUNDED,Closed,2945 2945,36.22599999991484,-86.78199999980357,,,90,APARTMENT,1,740,POLICE INQUIRY,NONE,1,Yes,I,INDIVIDUAL (18 AND OVER),M,B,Non-Hispanic,RESIDENT,,,,37207.0,17,1789610400000,1789617720000
892884,20260561956_11,20260561956,D,DISPATCHED,O,OPEN,Open,SUNNYWOOD DR,36.0200000001374,-86.70000000020825,,,22,"RESIDENCE, HOME",1,220,BURGLARY,Unarmed,1,No,I,INDIVIDUAL (18 AND OVER),M,W,Non-Hispanic,UNKNOWN,,,,,16,1788893040000,1789617300000
930873,20260561854_11,20260561854,D,DISPATCHED,U,UNFOUNDED,Closed,727 727,36.05500000025484,-86.6429999999856,,,90,APARTMENT,1,740,POLICE INQUIRY,NONE,1,Yes,I,INDIVIDUAL (18 AND OVER),M,B,Non-Hispanic,UNKNOWN,,,,37013.0,17,1789609980000,1789617180000
893909,20260561660_11,20260561660,D,DISPATCHED,O,OPEN,Open,LEBANON,36.16999999991994,-86.69000000027951,,,22,"RESIDENCE, HOME",1,13B,SIMPLE ASSLT,PERSONAL (HANDS),1,Yes,I,INDIVIDUAL (18 AND OVER),F,W,Non-Hispanic,RESIDENT,,,,,09,1789599600000,1789617000000
930342,20260561659_11,20260561659,D,DISPATCHED,U,UNFOUNDED,Closed,730 730,36.0840000002342,-86.6140000002821,,,22,"RESIDENCE, HOME",1,740,POLICE INQUIRY,NONE,1,No,I,INDIVIDUAL (18 AND OVER),F,B,Non-Hispanic,RESIDENT,,,,37217.0,17,1789590000000,1789616760000
893751,20260561865_11,20260561865,D,DISPATCHED,O,OPEN,Open,FAIRFAX AVE,36.129999999702626,-86.80000000039394,,,22,"RESIDENCE, HOME",1,13B,ASSAULT- OFFENSIVE OR PROVOCATIVE CONTACT,PERSONAL (HANDS),1,Yes,I,INDIVIDUAL (18 AND OVER),F,W,Hispanic,RESIDENT,,,,,09,1789610400000,1789616700000
897605,20260561849_11,20260561849,D,DISPATCHED,O,OPEN,Open,CHARLES E DAVIS BLVD,36.15000000024567,-86.75999999978066,,,22,"RESIDENCE, HOME",1,13C,ASSAULT- FEAR OF BODILY INJURY,,1,Yes,I,INDIVIDUAL (18 AND OVER),F,B,Non-Hispanic,RESIDENT,,,,,,1789607700000,1789616580000
893881,20260561834_11,20260561834,D,DISPATCHED,O,OPEN,Open,BUNTINGWAY DR,36.159999999962295,-86.57000000023632,,,22,"RESIDENCE, HOME",1,740,POLICE INQUIRY,NONE,1,Yes,I,INDIVIDUAL (18 AND OVER),F,W,Non-Hispanic,RESIDENT,,,,,17,1789584120000,1789616520000
897433,20260561853_11,20260561853,D,DISPATCHED,U,UNFOUNDED,Closed,206 206,36.14699999988796,-86.83100000026286,,,90,APARTMENT,1,740,POLICE INQUIRY,NONE,1,Yes,I,INDIVIDUAL (18 AND OVER),F,B,Non-Hispanic,UNKNOWN,,,,37209.0,17,1789609800000,1789615980000
893040,20260561595_11,20260561595,D,DISPATCHED,U,UNFOUNDED,Closed,239 239,,,,,22,"RESIDENCE, HOME",1,740,TRANSPORT,NONE,1,No,I,INDIVIDUAL (18 AND OVER),F,U,Non-Hispanic,RESIDENT,,,,37115.0,17,1789601580000,1789615680000
893440,20260561851_11,20260561851,D,DISPATCHED,O,OPEN,Open,BUENA VISTA PIKE,36.23999999981472,-86.83000000018018,,,22,"RESIDENCE, HOME",1,13B,SIMPLE ASSLT,PERSONAL (HANDS),1,No,I,INDIVIDUAL (18 AND OVER),F,B,Unknown,RESIDENT,,,,,09,1789606800000,1789614960000
892907,20260561551_11,20260561551,D,DISPATCHED,O,OPEN,Open,MONROE ST,36.18000000021363,-86.7899999995669,,,12,"GROCERY, SUPERMARKET",1,23D,LARC - FROM BLDG,NONE,1,No,I,INDIVIDUAL (18 AND OVER),M,B,Non-Hispanic,RESIDENT,,,,,17,1789584600000,1789614900000
892909,20260561885_11,20260561885,D,DISPATCHED,O,OPEN,Open,GALLATIN AVE,36.18000000021363,-86.74999999985195,,,26,SPECIALTY STORE,1,23C,SHOPLIFTING,NONE,1,No,B,BUSINESS,,,,,,,,,17,1789597080000,1789614240000
923908,20260561447_11,20260561447,D,DISPATCHED,U,UNFOUNDED,Closed,3110 3110,36.1420000001408,-86.64099999982021,,,22,"RESIDENCE, HOME",1,740,POLICE INQUIRY,CLUB,1,No,I,INDIVIDUAL (18 AND OVER),F,W,Non-Hispanic,RESIDENT,,,,37214.0,07,1789521300000,1789614060000
892323,20260561358_11,20260561358,D,DISPATCHED,O,OPEN,Open,RICHARDS RD,36.06999999966938,-86.67000000042204,,,22,"RESIDENCE, HOME",1,290,DAMAGE PROP - PRIVATE,PERSONAL (HANDS),1,No,I,INDIVIDUAL (18 AND OVER),F,B,Non-Hispanic,UNKNOWN,,,,,09,1789592400000,1789614000000
893081,20260561820_11,20260561820,D,DISPATCHED,O,OPEN,Open,MILL TREE,36.080000000195604,-86.99999999986703,,,22,"RESIDENCE, HOME",1,13C,ASSAULT- FEAR OF BODILY INJURY,,1,No,I,INDIVIDUAL (18 AND OVER),M,W,Non-Hispanic,RESIDENT,,,,,,1789596000000,1789613460000
893084,20260561820_12,20260561820,D,DISPATCHED,O,OPEN,Open,MILL TREE,36.080000000195604,-86.99999999986703,,,22,"RESIDENCE, HOME",1,13C,ASSAULT- FEAR OF BODILY INJURY,,2,No,I,INDIVIDUAL (18 AND OVER),F,W,Hispanic,RESIDENT,,,,,,1789596000000,1789613460000
923906,20260561835_11,20260561835,D,DISPATCHED,U,UNFOUNDED,Closed,700 700,36.1539999996859,-86.77099999979211,,,7,CONVENIENCE STORE,1,740,POLICE INQUIRY,,1,No,B,BUSINESS,,,,,,,,37210.0,,1789613220000,1789613220000
923902,20260561577_11,20260561577,D,DISPATCHED,U,UNFOUNDED,Closed,3129 3129,36.23500000031618,-86.7909999996496,,,22,"RESIDENCE, HOME",1,90F,FAMILY OFFENSE,NONE,1,Yes,I,INDIVIDUAL (18 AND OVER),F,B,Non-Hispanic,RESIDENT,,,,37207.0,17,1789509600000,1789613040000
923903,20260561577_12,20260561577,D,DISPATCHED,U,UNFOUNDED,Closed,3129 3129,36.23500000031618,-86.7909999996496,,,22,"RESIDENCE, HOME",1,90F,FAMILY OFFENSE,NONE,2,No,S,SOCIETY,,,,,,,,37207.0,17,1789509600000,1789613040000
927300,20260561838_11,20260561838,D,DISPATCHED,O,OPEN,Open,FAIRFIELD AVE,36.15000000024567,-86.75999999978066,,,7,CONVENIENCE STORE,1,26B,"CREDIT CARD, FRAUDULENT USE - $1,000 OR LESS",,1,No,B,BUSINESS,,,,,,,,,,1789430400000,1789612560000
914904,20260561850_11,20260561850,D,DISPATCHED,U,UNFOUNDED,Closed,207 207,36.24600000032312,-86.63799999957207,,,22,"RESIDENCE, HOME",1,740,POLICE INQUIRY,NONE,1,Yes,I,INDIVIDUAL (18 AND OVER),F,W,Hispanic,RESIDENT,,,,37138.0,17,1789605900000,1789612440000
932155,20260561674_11,20260561674,D,DISPATCHED,U,UNFOUNDED,Closed,675 675,36.24400000013209,-86.79499999998043,,,22,"RESIDENCE, HOME",1,740,TRANSPORT,NONE,1,No,I,INDIVIDUAL (18 AND OVER),M,W,Non-Hispanic,UNKNOWN,,,,37189.0,17,1789604100000,1789611480000
923901,20260561744_11,20260561744,D,DISPATCHED,U,UNFOUNDED,Closed,5028 5028,36.17200000011699,-86.62300000012813,,,22,"RESIDENCE, HOME",1,740,POLICE INQUIRY,,1,Yes,I,INDIVIDUAL (18 AND OVER),F,W,Non-Hispanic,RESIDENT,,,,37076.0,,1788930000000,1789611420000
917449,20260561698_11,20260561698,D,DISPATCHED,O,OPEN,Open,DICKERSON,36.209999999706326,-86.75999999978066,,,52,School-College/University,1,13C,ASSAULT- FEAR OF BODILY INJURY,,1,No,I,INDIVIDUAL (18 AND OVER),F,B,Non-Hispanic,RESIDENT,,,,,,1789598040000,1789610340000
892316,20260561696_11,20260561696,D,DISPATCHED,O,OPEN,Open,BELL,36.0399999997254,-86.69000000027951,,,8,"DEPARTMENT, DISCOUNT STORE",1,13B,ASSAULT- OFFENSIVE OR PROVOCATIVE CONTACT,PERSONAL (HANDS),1,No,I,INDIVIDUAL (18 AND OVER),M,W,Hispanic,RESIDENT,,,,,09,1789604940000,1789610280000
923900,20260561704_11,20260561704,D,DISPATCHED,U,UNFOUNDED,Closed,5028 5028,36.17200000011699,-86.62300000012813,,,22,"RESIDENCE, HOME",1,740,POLICE INQUIRY,,1,Yes,I,INDIVIDUAL (18 AND OVER),F,W,Non-Hispanic,RESIDENT,,,,37076.0,,1789491600000,1789609860000
931255,20260561701_11,20260561701,D,DISPATCHED,U,UNFOUNDED,Closed,185 185,36.2140000003117,-86.76300000002878,,,90,APARTMENT,1,740,TRANSPORT,NONE,1,No,I,INDIVIDUAL (18 AND OVER),F,B,Non-Hispanic,RESIDENT,,,,37207.0,17,1789601460000,1789609740000
929429,20260561707_11,20260561707,D,DISPATCHED,U,UNFOUNDED,Closed,504 504,36.04500000005651,-86.72000000006571,,,90,APARTMENT,1,740,POLICE INQUIRY,NONE,1,Yes,I,INDIVIDUAL (18 AND OVER),F,B,Non-Hispanic,UNKNOWN,,,,37211.0,17,1789594980000,1789609500000
924814,20260561616_11,20260561616,D,DISPATCHED,U,UNFOUNDED,Closed,3111 3111,36.145999999900255,-86.81800000008602,,,13,"HIGHWAY, ROAD, ALLEY",1,740,POLICE INQUIRY,NONE,1,Yes,I,INDIVIDUAL (18 AND OVER),M,B,Non-Hispanic,UNKNOWN,,,,37203.0,17,1789597680000,1789609260000
923899,20260561453_11,20260561453,S,SUSPECT,U,UNFOUNDED,Closed,5021 5021,36.07099999979706,-86.73599999959238,,,22,"RESIDENCE, HOME",1,740,POLICE INQUIRY,,1,Yes,I,INDIVIDUAL (18 AND OVER),F,W,Non-Hispanic,RESIDENT,,,,37211.0,,1789329600000,1789608180000
895224,20260561688_13,20260561688,D,DISPATCHED,O,OPEN,Open,EZELL PIKE,36.080000000195604,-86.69000000027951,,,20,"PARKING LOT, GARAGE",1,13B,SIMPLE ASSLT,PERSONAL (HANDS),3,No,I,INDIVIDUAL (18 AND OVER),M,W,Hispanic,UNKNOWN,,,,,09,1789602600000,1789607880000
895227,20260561688_21,20260561688,D,DISPATCHED,O,OPEN,Open,EZELL PIKE,36.080000000195604,-86.69000000027951,,,20,"PARKING LOT, GARAGE",2,26A,"THEFT OF SERVICES- $1,000 OR > BUT < $10,000",NONE,1,No,B,BUSINESS,,,,,,,,,17,1789602600000,1789607880000
895233,20260561688_32,20260561688,D,DISPATCHED,O,OPEN,Open,EZELL PIKE,36.080000000195604,-86.69000000027951,,,20,"PARKING LOT, GARAGE",3,13C,ASSAULT- FEAR OF BODILY INJURY,,2,No,I,INDIVIDUAL (18 AND OVER),M,W,Hispanic,RESIDENT,,,,,,1789602600000,1789607880000
895440,20260561572_11,20260561572,D,DISPATCHED,O,OPEN,Open,ANTIOCH PIKE,36.080000000195604,-86.68000000035076,,,22,"RESIDENCE, HOME",1,23H,THEFT OF PROPERTY- $500 OR LESS,NONE,1,No,I,INDIVIDUAL (18 AND OVER),M,W,Hispanic,RESIDENT,,,,,17,1789586400000,1789607580000
892692,20260561599_11,20260561599,D,DISPATCHED,U,UNFOUNDED,Closed,4345 4345,36.06999999966938,-86.58799999992839,,,13,"HIGHWAY, ROAD, ALLEY",1,715,FOUND PROPERTY,NONE,1,No,U,UNKNOWN,U,U,Unknown,NON RESIDENT,,,,37013.0,17,1789567200000,1789607280000
892659,20260561569_11,20260561569,S,SUSPECT,O,OPEN,Open,ZERMATT,36.0399999997254,-86.72000000006571,,,37,Abandoned/Condemned Structure,1,780,"RECOVERY, STOLEN PROPERTY",NONE,1,No,I,INDIVIDUAL (18 AND OVER),M,W,Hispanic,RESIDENT,,,,,17,1789600740000,1789606980000
916935,20260561697_11,20260561697,D,DISPATCHED,O,OPEN,Open,SHELBY AVE,36.159999999962295,-86.76999999970943,,,13,"HIGHWAY, ROAD, ALLEY",1,13B,ASSAULT- OFFENSIVE OR PROVOCATIVE CONTACT,PERSONAL (HANDS),1,No,I,INDIVIDUAL (18 AND OVER),M,W,Non-Hispanic,UNKNOWN,,,,,09,1789604460000,1789606440000
892663,20260561671_11,20260561671,D,DISPATCHED,O,OPEN,Open,KAEDEN POINTE CT,36.06999999966938,-86.62999999980876,,,13,"HIGHWAY, ROAD, ALLEY",1,240,VEHICLE THEFT,NONE,1,No,I,INDIVIDUAL (18 AND OVER),M,W,Non-Hispanic,RESIDENT,,,,,17,1789538400000,1789605960000
919250,20260561612_11,20260561612,D,DISPATCHED,U,UNFOUNDED,Closed,985 985,36.128999999969736,-86.71499999965219,,,90,APARTMENT,1,740,POLICE INQUIRY,NONE,1,Yes,I,INDIVIDUAL (18 AND OVER),F,W,Non-Hispanic,RESIDENT,,,,37217.0,17,1789563600000,1789605360000
923897,20260561542_11,20260561542,D,DISPATCHED,U,UNFOUNDED,Closed,206 206,36.14699999988796,-86.83100000026286,,,90,APARTMENT,1,740,POLICE INQUIRY,NONE,1,Yes,I,INDIVIDUAL (18 AND OVER),F,B,Non-Hispanic,UNKNOWN,,,,37209.0,17,1789585200000,1789605180000
919789,20260561553_11,20260561553,D,DISPATCHED,U,UNFOUNDED,Closed,804 804,36.21599999967333,-86.81900000016873,,,22,"RESIDENCE, HOME",1,740,POLICE INQUIRY,NONE,1,Yes,I,INDIVIDUAL (18 AND OVER),M,B,Non-Hispanic,RESIDENT,,,,37218.0,17,1789599600000,1789604940000
925563,20260561675_11,20260561675,T,,O,OPEN,Open,MILL TREE CT,,,,,22,"RESIDENCE, HOME",1,13C,ASSAULT- FEAR OF BODILY INJURY,,1,No,I,INDIVIDUAL (18 AND OVER),F,W,Hispanic,RESIDENT,,,,,,1789601400000,1789604940000
928202,20260561549_11,20260561549,D,DISPATCHED,U,UNFOUNDED,Closed,717 717,36.137000000193275,-86.72400000039654,,,14,"HOTEL, MOTEL, ETC.",1,740,POLICE INQUIRY,NONE,1,No,I,INDIVIDUAL (18 AND OVER),M,W,Non-Hispanic,RESIDENT,,,,37217.0,17,1789491600000,1789604940000
892671,20260561564_11,20260561564,D,DISPATCHED,U,UNFOUNDED,Closed,5700 5700,36.039000000057484,-86.64600000023373,,,90,APARTMENT,1,780,"RECOVERY, STOLEN PROPERTY",NONE,1,No,I,INDIVIDUAL (18 AND OVER),M,W,Hispanic,RESIDENT,,,,37013.0,17,1788454800000,1789604280000
916941,20260561232_11,20260561232,D,DISPATCHED,O,OPEN,Open,11TH AVE N,36.159999999962295,-86.7899999995669,,,90,APARTMENT,1,695,UNKNOWN DEATH,,1,No,I,INDIVIDUAL (18 AND OVER),M,W,Non-Hispanic,UNKNOWN,,,,,,1789588500000,1789603860000
932152,20260561652_11,20260561652,D,DISPATCHED,U,UNFOUNDED,Closed,1286 1286,36.11699999997279,-86.69800000004282,,,25,"SERVICE, GAS STATION",1,740,POLICE INQUIRY,NONE,1,No,I,INDIVIDUAL (18 AND OVER),F,B,Non-Hispanic,RESIDENT,,,,37217.0,17,1789576200000,1789603740000
927260,20260561596_11,20260561596,D,DISPATCHED,U,UNFOUNDED,Closed,3601 3601,36.098000000018985,-86.73899999984049,,,41,Auto Dealership New/Used,1,740,POLICE INQUIRY,NONE,1,No,I,INDIVIDUAL (18 AND OVER),M,B,Non-Hispanic,RESIDENT,,,,37211.0,17,1789602780000,1789602780000
923895,20260561462_11,20260561462,D,DISPATCHED,U,UNFOUNDED,Closed,2790 2790,36.085999999802475,-86.62400000021083,,,22,"RESIDENCE, HOME",1,740,POLICE INQUIRY,NONE,1,Yes,I,INDIVIDUAL (18 AND OVER),F,W,Hispanic,UNKNOWN,,,,37217.0,17,1789602540000,1789602540000
925566,20260561480_11,20260561480,D,DISPATCHED,O,OPEN,Open,DELLWAY VILLA RD,36.209999999706326,-86.75999999978066,,,90,APARTMENT,1,13B,SIMPLE ASSLT,PERSONAL (HANDS),1,Yes,I,INDIVIDUAL (18 AND OVER),F,B,Non-Hispanic,RESIDENT,,,,,09,1789597800000,1789602240000
923891,20260561356_12,20260561356,D,DISPATCHED,U,UNFOUNDED,Closed,3500 3500,36.21100000000074,-86.73300000024258,,,26,SPECIALTY STORE,1,90F,FAMILY OFFENSE,,2,No,S,SOCIETY,,,,,,,,37216.0,,1789485600000,1789602000000
894890,20260561359_11,20260561359,D,DISPATCHED,U,UNFOUNDED,Closed,1211 1211,36.19600000009902,-86.77600000020564,,,20,"PARKING LOT, GARAGE",1,740,POLICE INQUIRY,,1,No,I,INDIVIDUAL (18 AND OVER),M,B,Non-Hispanic,RESIDENT,,,,37207.0,,1788478620000,1789601820000
925560,20260561552_11,20260561552,T,,O,OPEN,Open,MONTGOMERY AVE,36.19000000021294,-86.75999999978066,,,20,"PARKING LOT, GARAGE",1,23F,BURGLARY- MOTOR VEHICLE,NONE,1,No,I,INDIVIDUAL (18 AND OVER),M,W,Hispanic,RESIDENT,,,,,17,1789592400000,1789601640000
892342,20260561267_11,20260561267,D,DISPATCHED,O,OPEN,Open,CHARLOTTE PIKE,36.12000000013524,-86.9099999996101,,,22,"RESIDENCE, HOME",1,13B,SIMPLE ASSLT,PERSONAL (HANDS),1,Yes,I,INDIVIDUAL (18 AND OVER),F,B,Non-Hispanic,RESIDENT,,,,,09,1789584000000,1789601160000
923889,20260561363_11,20260561363,D,DISPATCHED,U,UNFOUNDED,Closed,2760 2760,36.068999999898516,-86.63300000005688,,,90,APARTMENT,1,740,POLICE INQUIRY,NONE,1,Yes,I,INDIVIDUAL (18 AND OVER),M,W,Hispanic,RESIDENT,,,,37013.0,17,1789578000000,1789601160000
892341,20260561296_11,20260561296,D,DISPATCHED,A,CLEARED BY ARREST,Closed,1220 1220,36.13999999994927,-86.77700000028835,,,53,School-Elementary/Secondary,1,13B,SIMPLE ASSLT,PERSONAL (HANDS),1,No,I,INDIVIDUAL (18 AND OVER),M,B,Non-Hispanic,RESIDENT,,,,37203.0,09,1789583400000,1789601100000
893933,20260561545_11,20260561545,D,DISPATCHED,U,UNFOUNDED,Closed,5040 5040,36.08100000022568,-86.70100000029095,,,90,APARTMENT,1,740,POLICE INQUIRY,NONE,1,No,I,INDIVIDUAL (18 AND OVER),M,B,Non-Hispanic,RESIDENT,,,,37211.0,17,1789557000000,1789600740000
932647,20260561500_11,20260561500,S,SUSPECT,O,OPEN,Open,DOUGLAS AVE,36.19000000021294,-86.75999999978066,,,22,"RESIDENCE, HOME",1,26A,FRAUD - SWINDLE,NONE,1,No,I,INDIVIDUAL (18 AND OVER),F,W,Non-Hispanic,RESIDENT,,,,,17,1789059600000,1789600200000
923885,20260561302_11,20260561302,D,DISPATCHED,U,UNFOUNDED,Closed,1203 1203,36.207999999922265,-86.72899999991176,,,22,"RESIDENCE, HOME",1,90F,FAMILY OFFENSE,,1,Yes,I,INDIVIDUAL (18 AND OVER),F,W,Non-Hispanic,RESIDENT,,,,37216.0,,1789589880000,1789599720000
923886,20260561302_13,20260561302,D,DISPATCHED,U,UNFOUNDED,Closed,1203 1203,36.207999999922265,-86.72899999991176,,,22,"RESIDENCE, HOME",1,90F,FAMILY OFFENSE,,3,No,S,SOCIETY,,,,,,,,37216.0,,1789589880000,1789599720000
892339,20260561338_11,20260561338,D,DISPATCHED,O,OPEN,Open,SLAYTON CT,36.29000000028829,-86.72000000006571,,,22,"RESIDENCE, HOME",1,13B,SIMPLE ASSLT,PERSONAL (HANDS),1,Yes,I,INDIVIDUAL (18 AND OVER),M,W,Hispanic,UNKNOWN,,,,,09,1789592580000,1789599600000
892340,20260561338_12,20260561338,D,DISPATCHED,O,OPEN,Open,SLAYTON CT,36.29000000028829,-86.72000000006571,,,22,"RESIDENCE, HOME",1,13B,SIMPLE ASSLT,PERSONAL (HANDS),2,Yes,I,INDIVIDUAL (18 AND OVER),F,W,Hispanic,RESIDENT,,,,,09,1789592580000,1789599600000
917808,20260561510_11,20260561510,T,,O,OPEN,Open,REP JOHN LEWIS,36.159999999962295,-86.77999999963816,,,20,"PARKING LOT, GARAGE",1,23F,BURGLARY- MOTOR VEHICLE,NONE,1,No,I,INDIVIDUAL (18 AND OVER),M,W,Non-Hispanic,RESIDENT,,,,,17,1789566000000,1789599540000
923884,20260561459_11,20260561459,D,DISPATCHED,U,UNFOUNDED,Closed,1505 1505,,,,,22,"RESIDENCE, HOME",1,90F,FAMILY OFFENSE,NONE,1,No,S,SOCIETY,,,,,,,,37076.0,17,1789592400000,1789599540000
897417,20260561445_11,20260561445,D,DISPATCHED,U,UNFOUNDED,Closed,3711 3711,36.260999999706584,-86.75700000043086,,,90,APARTMENT,1,740,POLICE INQUIRY,NONE,1,No,I,INDIVIDUAL (18 AND OVER),F,B,Non-Hispanic,RESIDENT,,,,37207.0,17,1789595580000,1789599420000
932774,20260549476_11,20260549476,D,DISPATCHED,A,CLEARED BY ARREST,Closed,5610 5610,36.17599999966112,-86.60300000027065,,,20,"PARKING LOT, GARAGE",1,240,VEHICLE THEFT,NONE,1,No,I,INDIVIDUAL (18 AND OVER),M,W,Hispanic,RESIDENT,,,,37076.0,17,1789080900000,1789599300000
932769,20260561507_11,20260561507,T,,O,OPEN,Open,8TH,36.129999999702626,-86.77999999963816,,,12,"GROCERY, SUPERMARKET",1,23C,SHOPLIFTING,NONE,1,No,B,BUSINESS,,,,,,,,,17,1789569000000,1789599240000
921430,20260561396_11,20260561396,D,DISPATCHED,O,OPEN,Open,HARDING PL,36.090000000189825,-86.70000000020825,,,7,CONVENIENCE STORE,1,23C,"THEFT OF MERCHANDISE- $1,000 OR LESS",NONE,1,No,B,BUSINESS,,,,,,,,,17,1789584360000,1789599180000
923880,20260561429_11,20260561429,S,SUSPECT,U,UNFOUNDED,Closed,200 200,36.159999999962295,-86.7880000002998,,,90,APARTMENT,1,735,CIVIL CASE,,1,No,B,BUSINESS,,,,,,,,37203.0,,1789596420000,1789598520000
925569,20260561449_11,20260561449,D,DISPATCHED,O,OPEN,Open,BURNING TREE DR,36.16999999991994,-86.60000000002253,,,90,APARTMENT,1,23H,THEFT OF PROPERTY- $500 OR LESS,NONE,1,No,I,INDIVIDUAL (18 AND OVER),F,W,Non-Hispanic,RESIDENT,,,,,17,1789581600000,1789598460000
927267,20260561335_11,20260561335,D,DISPATCHED,U,UNFOUNDED,Closed,8157 8157,36.36900000008446,-86.8860000003201,,,22,"RESIDENCE, HOME",1,740,POLICE INQUIRY,NONE,1,Yes,I,INDIVIDUAL (18 AND OVER),M,W,Non-Hispanic,RESIDENT,,,,37080.0,17,1789589400000,1789598280000
932776,20260561472_11,20260561472,D,DISPATCHED,O,OPEN,Open,CORELAND DR,36.23999999981472,-86.72000000006571,,,20,"PARKING LOT, GARAGE",1,13C,ASSAULT- FEAR OF BODILY INJURY,,1,No,I,INDIVIDUAL (18 AND OVER),F,B,Non-Hispanic,RESIDENT,,,,,,1789594620000,1789598100000
892384,20260561297_11,20260561297,D,DISPATCHED,U,UNFOUNDED,Closed,3004 3004,36.228999999682664,-86.82900000009747,,,22,"RESIDENCE, HOME",1,740,POLICE INQUIRY,NONE,1,Yes,I,INDIVIDUAL (18 AND OVER),F,B,Non-Hispanic,UNKNOWN,,,,37218.0,17,1789585200000,1789597800000
932272,20260561368_11,20260561368,D,DISPATCHED,A,CLEARED BY ARREST,Closed,6814 6814,36.133999999638924,-86.88999999975259,,,8,"DEPARTMENT, DISCOUNT STORE",1,23C,SHOPLIFTING,NONE,1,No,B,BUSINESS,,,,,,,,37209.0,17,1789591260000,1789597800000
895221,20260561333_11,20260561333,D,DISPATCHED,O,OPEN,Open,E WEBSTER ST,36.25000000002025,-86.71000000013699,,,90,APARTMENT,1,13C,ASSAULT- FEAR OF BODILY INJURY,,1,Yes,I,INDIVIDUAL (18 AND OVER),F,B,Non-Hispanic,UNKNOWN,,,,,,1789550040000,1789597740000
932770,20260561443_11,20260561443,T,,U,UNFOUNDED,Closed,2353 2353,36.30899999992182,-86.68000000035076,,,41,Auto Dealership New/Used,1,810,LOST PROPERTY,NONE,1,No,B,BUSINESS,,,,,,,,37115.0,17,1789570800000,1789597740000
932755,20260561413_11,20260561413,D,DISPATCHED,U,UNFOUNDED,Closed,505 505,,,,,53,School-Elementary/Secondary,1,810,LOST PROPERTY,NONE,1,No,B,BUSINESS,,,,,,,,37013.0,17,1789491600000,1789596840000
924968,20260560970_11,20260560970,D,DISPATCHED,O,OPEN,Open,GRANNY WHITE PIKE,36.080000000195604,-86.81000000032267,,,5,"COMMERCIAL, OFFICE BUILDING",1,26A,FRAUD - SWINDLE,NONE,1,No,I,INDIVIDUAL (18 AND OVER),F,W,Non-Hispanic,UNKNOWN,,,,,17,1789578360000,1789596720000
932765,20260561405_11,20260561405,T,,O,OPEN,Open,E THOMPSON LN,36.10999999969955,-86.72000000006571,,,7,CONVENIENCE STORE,1,23C,SHOPLIFTING,NONE,1,No,B,BUSINESS,,,,,,,,,17,1789583400000,1789596540000
932771,20260561390_11,20260561390,T,,O,OPEN,Open,SADDLECREEK,36.0399999997254,-86.61999999988002,,,22,"RESIDENCE, HOME",1,23D,LARC - FROM BLDG,NONE,1,No,I,INDIVIDUAL (18 AND OVER),M,B,Non-Hispanic,RESIDENT,,,,,17,1787504400000,1789596060000
932778,20260561230_11,20260561230,D,DISPATCHED,O,OPEN,Open,WOODLAND ST,36.18000000021363,-86.74999999985195,,,3,"BAR, NIGHT CLUB",1,13A,INTENTIONAL AGGRAVATED ASSAULT,DRUGS,1,No,I,INDIVIDUAL (18 AND OVER),F,B,Non-Hispanic,RESIDENT,,,,,13,1789450200000,1789595580000
892336,20260561316_11,20260561316,D,DISPATCHED,O,OPEN,Open,ALABAMA AVE,36.15000000024567,-86.84000000010889,,,25,"SERVICE, GAS STATION",1,13B,SIMPLE ASSLT,OTHER,1,No,I,INDIVIDUAL (18 AND OVER),M,B,Non-Hispanic,UNKNOWN,,,,,15,1789591500000,1789595520000
932772,20260561379_11,20260561379,T,,U,UNFOUNDED,Closed,734 734,36.1420000001408,-86.70000000020825,,,41,Auto Dealership New/Used,1,810,LOST PROPERTY,NONE,1,No,I,INDIVIDUAL (18 AND OVER),M,W,Non-Hispanic,UNKNOWN,,,,37217.0,17,1783958400000,1789595460000
892675,20260561357_11,20260561357,D,DISPATCHED,U,UNFOUNDED,Closed,4301 4301,,,,,22,"RESIDENCE, HOME",1,715,FOUND PROPERTY,NONE,1,No,I,INDIVIDUAL (18 AND OVER),M,W,Unknown,UNKNOWN,,,,37209.0,17,1789592400000,1789595100000
921434,20260561343_11,20260561343,T,,O,OPEN,Open,E WEBSTER ST,36.25000000002025,-86.72000000006571,,,22,"RESIDENCE, HOME",1,26E,FRAUD BY WIRE,NONE,1,No,I,INDIVIDUAL (18 AND OVER),F,B,Non-Hispanic,RESIDENT,,,,,17,1789563600000,1789594920000
927272,20260561373_11,20260561373,D,DISPATCHED,O,OPEN,Open,WHITNEY PARK DR,36.22000000011304,-86.74999999985195,,,22,"RESIDENCE, HOME",1,26C,CRIMINAL IMPERSONATION,NONE,1,No,I,INDIVIDUAL (18 AND OVER),F,B,Non-Hispanic,RESIDENT,,,,,17,1789579560000,1789594920000
930499,20260561286_11,20260561286,S,SUSPECT,A,CLEARED BY ARREST,Closed,4060 4060,36.03299999980557,-86.64500000015101,,,13,"HIGHWAY, ROAD, ALLEY",1,35A,MARIJUANA - POSSESS,NONE,1,No,S,SOCIETY,,,,,,,,37013.0,17,1789590600000,1789594860000
930500,20260561286_21,20260561286,S,SUSPECT,A,CLEARED BY ARREST,Closed,4060 4060,36.03299999980557,-86.64500000015101,,,13,"HIGHWAY, ROAD, ALLEY",2,35B,DRUG PARAPHERNALIA- UNLAWFUL USE,NONE,1,No,S,SOCIETY,,,,,,,,37013.0,17,1789590600000,1789594860000
932773,20260561352_11,20260561352,D,DISPATCHED,O,OPEN,Open,HIGHWAY 70  S,36.06999999966938,-86.92000000043713,,,20,"PARKING LOT, GARAGE",1,23G,LARC - PARTS FROM VEH,NONE,1,No,I,INDIVIDUAL (18 AND OVER),F,W,Non-Hispanic,RESIDENT,,,,,17,1789588740000,1789594620000
892679,20260561250_11,20260561250,D,DISPATCHED,U,UNFOUNDED,Closed,616 616,36.145999999900255,-86.67000000042204,,,20,"PARKING LOT, GARAGE",1,780,"RECOVERY, STOLEN PROPERTY",NONE,1,No,I,INDIVIDUAL (18 AND OVER),M,U,Unknown,NON RESIDENT,,,,37214.0,17,1789585200000,1789594560000
932777,20260561351_11,20260561351,D,DISPATCHED,O,OPEN,Open,,,,,,22,"RESIDENCE, HOME",1,26A,FRAUD - SWINDLE,NONE,1,No,I,INDIVIDUAL (18 AND OVER),F,W,Non-Hispanic,RESIDENT,,,,,17,1789591560000,1789594500000
892688,20260561319_11,20260561319,D,DISPATCHED,O,OPEN,Open,GLASTONBURY RD,36.129999999702626,-86.70000000020825,,,90,APARTMENT,1,240,VEHICLE THEFT,Unarmed,1,No,I,INDIVIDUAL (18 AND OVER),M,W,Hispanic,UNKNOWN,,,,,16,1789242300000,1789594080000
893065,20260561339_11,20260561339,D,DISPATCHED,O,OPEN,Open,CENTRAL PIKE,36.19000000021294,-86.62999999980876,,,20,"PARKING LOT, GARAGE",1,23H,LARCENY - (FREE TEXT),NONE,1,No,B,BUSINESS,,,,,,,,,17,1789334820000,1789594020000
894972,20260561325_11,20260561325,D,DISPATCHED,U,UNFOUNDED,Closed,328 328,,,,,82,Pawn Shop,1,780,"RECOVERY, STOLEN PROPERTY",SHOTGUN,1,No,G,GOVERNMENT,,,,,,,,37115.0,03,1789594020000,1789594020000
924981,20260561290_11,20260561290,D,DISPATCHED,O,OPEN,Open,GALLATIN PIKE,36.209999999706326,-86.72999999999446,,,28,"OTHER, UNKNOWN",1,290,DAMAGE PROP - PRIVATE,OTHER,1,No,B,BUSINESS,,,,,,,,,15,1789577400000,1789594020000
924693,20260561271_11,20260561271,D,DISPATCHED,O,OPEN,Open,POST PL,36.129999999702626,-86.85000000003764,,,20,"PARKING LOT, GARAGE",1,23H,"THEFT OF PROPERTY- $10,000 OR >  BUT  < $60,000",Unarmed,1,No,I,INDIVIDUAL (18 AND OVER),M,W,Hispanic,RESIDENT,,,,,16,1789412400000,1789593480000
892647,20260561315_11,20260561315,S,SUSPECT,O,OPEN,Open,4TH AVE S,36.159999999962295,-86.76999999970943,,,13,"HIGHWAY, ROAD, ALLEY",1,35B,DRUG PARAPHERNALIA- UNLAWFUL USE,NONE,1,No,S,SOCIETY,,,,,,,,,17,1789593300000,1789593300000
928199,20260561201_11,20260561201,D,DISPATCHED,O,OPEN,Open,MONROE ST,36.18000000021363,-86.7899999995669,,,20,"PARKING LOT, GARAGE",1,23G,LARC - PARTS FROM VEH,Unarmed,1,No,I,INDIVIDUAL (18 AND OVER),M,B,Non-Hispanic,RESIDENT,,,,,16,1789072200000,1789592460000
927459,20260561240_11,20260561240,T,,O,OPEN,Open,RIO VISTA,36.27000000015372,-86.68000000035076,,,90,APARTMENT,1,220,BURGLARY- AGGRAVATED,NONE,1,No,I,INDIVIDUAL (18 AND OVER),F,B,Non-Hispanic,RESIDENT,,,,,17,1789585200000,1789592400000
924661,20260561312_11,20260561312,S,SUSPECT,O,OPEN,Open,I24  W,,,,,48,Industrial Site,1,90Z,DRAG RACING,NONE,1,No,S,SOCIETY,,,,,,,,,17,1788627600000,1789592220000
923878,20260560829_11,20260560829,D,DISPATCHED,A,CLEARED BY ARREST,Closed,198 198,36.06999999966938,-86.69399999971202,,,20,"PARKING LOT, GARAGE",1,90F,CRIMINAL CONTEMPT-VIOLATION OF ORDER OF PROTECTION,NONE,1,Yes,I,INDIVIDUAL (18 AND OVER),F,W,Hispanic,RESIDENT,,,,37211.0,17,1789575060000,1789591800000
932767,20260561274_11,20260561274,D,DISPATCHED,O,OPEN,Open,MURFREESBORO PIKE,36.129999999702626,-86.72000000006571,,,20,"PARKING LOT, GARAGE",1,23F,BURGLARY- MOTOR VEHICLE,NONE,1,No,I,INDIVIDUAL (18 AND OVER),F,B,Non-Hispanic,RESIDENT,,,,,17,1787005800000,1789591680000
892309,20260561067_11,20260561067,D,DISPATCHED,O,OPEN,Open,CHURCH ST,36.159999999962295,-86.7899999995669,,,26,SPECIALTY STORE,1,13B,ASSAULT- OFFENSIVE OR PROVOCATIVE CONTACT,PERSONAL (HANDS),1,No,I,INDIVIDUAL (18 AND OVER),F,W,Non-Hispanic,UNKNOWN,,,,,09,1789527000000,1789591560000
928577,20260561279_11,20260561279,T,,O,OPEN,Open,CHARLOTTE,36.15000000024567,-86.84000000010889,,,40,ATM Separate from Bank,1,26B,FRAUD -  ILLEG USE OF CREDIT CARDS,NONE,1,No,F,FINANCIAL INSTITUTION,,,,,,,,,17,1789563600000,1789591500000
893069,20260561257_11,20260561257,W,WITNESS,U,UNFOUNDED,Closed,1716 1716,36.18100000016468,-86.79600000006313,,,54,Shelter-Mission/Homeless,1,810,LOST PROPERTY,NONE,1,No,I,INDIVIDUAL (18 AND OVER),F,W,Non-Hispanic,RESIDENT,,,,37208.0,17,1789574400000,1789591380000
932779,20260561291_11,20260561291,S,SUSPECT,U,UNFOUNDED,Closed,1638 1638,36.04500000005651,-86.70100000029095,,,20,"PARKING LOT, GARAGE",1,740,POLICE INQUIRY,,1,Yes,I,INDIVIDUAL (18 AND OVER),F,W,Hispanic,RESIDENT,,,,37013.0,,1788987600000,1789591200000
923877,20260561275_11,20260561275,W,WITNESS,U,UNFOUNDED,Closed,5101 5101,36.08899999993821,-86.68700000003139,,,13,"HIGHWAY, ROAD, ALLEY",1,740,POLICE INQUIRY,,1,No,I,INDIVIDUAL (18 AND OVER),M,B,Non-Hispanic,RESIDENT,,,,37211.0,,1788640560000,1789590960000
924939,20260561212_11,20260561212,T,,O,OPEN,Open,MT VIEW RD,36.05000000025906,-86.64999999966624,,,26,SPECIALTY STORE,1,23D,LARC - FROM BLDG,NONE,1,No,I,INDIVIDUAL (18 AND OVER),F,B,Non-Hispanic,RESIDENT,,,,,17,1789327800000,1789590840000
898466,20260561238_11,20260561238,D,DISPATCHED,U,UNFOUNDED,Closed,417 417,36.201999999805906,-86.59300000034192,,,22,"RESIDENCE, HOME",1,740,POLICE INQUIRY,,1,Yes,I,INDIVIDUAL (18 AND OVER),F,W,Non-Hispanic,RESIDENT,,,,37076.0,,1789588620000,1789590780000
893073,20260561229_11,20260561229,W,WITNESS,U,UNFOUNDED,Closed,1716 1716,36.18100000016468,-86.79600000006313,,,54,Shelter-Mission/Homeless,1,810,LOST PROPERTY,NONE,1,No,I,INDIVIDUAL (18 AND OVER),F,W,Non-Hispanic,RESIDENT,,,,37208.0,17,1789070400000,1789590720000
921412,20260561184_11,20260561184,D,DISPATCHED,U,UNFOUNDED,Closed,MEHARRY BLVD & CLIFTON AVE,,,,,13,"HIGHWAY, ROAD, ALLEY",1,715,FOUND PROPERTY,NONE,1,No,I,INDIVIDUAL (18 AND OVER),U,U,Unknown,RESIDENT,,,,37212.0,17,1789495200000,1789590720000
894431,20260561118_11,20260561118,D,DISPATCHED,U,UNFOUNDED,Closed,2760 2760,36.068999999898516,-86.63300000005688,,,22,"RESIDENCE, HOME",1,740,POLICE INQUIRY,NONE,1,No,I,INDIVIDUAL (18 AND OVER),F,B,Non-Hispanic,RESIDENT,,,,37013.0,17,1789340400000,1789590120000
932780,20260560974_11,20260560974,D,DISPATCHED,O,OPEN,Open,ANTIOCH PIKE,36.090000000189825,-86.69000000027951,,,22,"RESIDENCE, HOME",1,13B,SIMPLE ASSLT - STRANGULATION (NO LOSS OF CONSCIOUSNESS),PERSONAL (HANDS),1,Yes,I,INDIVIDUAL (18 AND OVER),F,W,Non-Hispanic,RESIDENT,,,,,09,1779628020000,1789590000000
928485,20260561226_11,20260561226,D,DISPATCHED,O,OPEN,Open,DR MARTIN L KING JR,36.16999999991994,-86.77999999963816,,,1,"AIR, BUS, TRAIN TERMINAL",1,23H,THEFT OF PROPERTY- $500 OR LESS,NONE,1,No,I,INDIVIDUAL (18 AND OVER),M,B,Non-Hispanic,RESIDENT,,,,,17,1789232400000,1789589640000
892385,20260561217_11,20260561217,D,DISPATCHED,O,OPEN,Open,EATHERLY DR,36.059999999965356,-86.75999999978066,,,20,"PARKING LOT, GARAGE",1,23F,BURGLARY- MOTOR VEHICLE,NONE,1,No,I,INDIVIDUAL (18 AND OVER),M,W,Non-Hispanic,RESIDENT,,,,,17,1789499700000,1789589340000
932782,20260560922_11,20260560922,D,DISPATCHED,A,CLEARED BY ARREST,Closed,205 205,36.04500000005651,-86.71899999998301,,,20,"PARKING LOT, GARAGE",1,13B,"ASSAULT, (NO INJURY, ON OFFICER/PUBLIC OFFICIAL)",PERSONAL (HANDS),1,No,I,INDIVIDUAL (18 AND OVER),M,W,Non-Hispanic,NON RESIDENT,,,,37211.0,09,1789574400000,1789589280000
932783,20260560975_11,20260560975,D,DISPATCHED,O,OPEN,Open,ANTIOCH PIKE,36.090000000189825,-86.69000000027951,,,22,"RESIDENCE, HOME",1,13A,ASSAULT,PERSONAL (HANDS),1,Yes,I,INDIVIDUAL (18 AND OVER),F,W,Non-Hispanic,RESIDENT,,,,,09,1767407400000,1789589100000
924912,20260561202_11,20260561202,D,DISPATCHED,U,UNFOUNDED,Closed,1322 1322,36.17699999991021,-86.7899999995669,,,3,"BAR, NIGHT CLUB",1,810,LOST PROPERTY,Unarmed,1,No,I,INDIVIDUAL (18 AND OVER),M,W,Non-Hispanic,UNKNOWN,,,,37208.0,16,1788735600000,1789588860000
932580,20260561166_11,20260561166,T,,O,OPEN,Open,OLD HICKORY BLVD,36.090000000189825,-86.92000000043713,,,22,"RESIDENCE, HOME",1,26A,FRAUD - SWINDLE,NONE,1,No,I,INDIVIDUAL (18 AND OVER),M,W,Non-Hispanic,RESIDENT,,,,,17,1789503300000,1789587960000
924921,20260561193_11,20260561193,D,DISPATCHED,O,OPEN,Open,CENTURY BLVD,36.15000000024567,-86.69000000027951,,,22,"RESIDENCE, HOME",1,23G,LARC - PARTS FROM VEH,NONE,1,No,I,INDIVIDUAL (18 AND OVER),F,B,Non-Hispanic,RESIDENT,,,,,17,1789421400000,1789587900000
928201,20260561181_11,20260561181,D,DISPATCHED,O,OPEN,Open,OLD HICKORY BLVD,36.209999999706326,-86.93000000036587,,,22,"RESIDENCE, HOME",1,23G,LARC - PARTS FROM VEH,NONE,1,No,I,INDIVIDUAL (18 AND OVER),F,W,Non-Hispanic,RESIDENT,,,,,17,1694754000000,1789587900000
927442,20260561104_11,20260561104,D,DISPATCHED,O,OPEN,Open,DICKERSON PIKE,36.229999999876554,-86.75999999978066,,,23,RESTAURANT,1,220,BURGL - NO FORCED ENTRY-NONRESID,NONE,1,No,B,BUSINESS,,,,,,,,,17,1789546020000,1789587720000
917333,20260561177_11,20260561177,D,DISPATCHED,O,OPEN,Open,8TH,36.159999999962295,-86.77999999963816,,,14,"HOTEL, MOTEL, ETC.",1,23D,LARC - FROM BLDG,NONE,1,No,I,INDIVIDUAL (18 AND OVER),M,W,Non-Hispanic,NON RESIDENT,,,,,17,1788361200000,1789587660000
924956,20260560768_11,20260560768,D,DISPATCHED,O,OPEN,Open,ANTIOCH PIKE,36.090000000189825,-86.69000000027951,,,22,"RESIDENCE, HOME",1,13C,ASSAULT- FEAR OF BODILY INJURY,,1,Yes,I,INDIVIDUAL (18 AND OVER),F,W,Non-Hispanic,RESIDENT,,,,,,1789567920000,1789587600000
930013,20260561168_11,20260561168,D,DISPATCHED,U,UNFOUNDED,Closed,11TH AVE N & HARRISON ST,,,,,13,"HIGHWAY, ROAD, ALLEY",1,715,FOUND PROPERTY,NONE,1,No,I,INDIVIDUAL (18 AND OVER),M,B,Non-Hispanic,UNKNOWN,,,,37203.0,17,1789587600000,1789587600000
928489,20260561163_11,20260561163,T,,O,OPEN,Open,MCGAVOCK,36.22000000011304,-86.70000000020825,,,14,"HOTEL, MOTEL, ETC.",1,26B,"CREDIT CARD, FRAUDULENT USE - $2,500 OR > BUT <$10,000",NONE,1,No,B,BUSINESS,,,,,,,,,17,1788267600000,1789587420000
923913,20260561056_11,20260561056,S,SUSPECT,O,OPEN,Open,DICKERSON PIKE,36.229999999876554,-86.75999999978066,,,26,SPECIALTY STORE,1,220,BURGL - FORCED ENTRY-NONRESID,Unarmed,1,No,B,BUSINESS,,,,,,,,,16,1789545600000,1789586580000
923914,20260561056_21,20260561056,S,SUSPECT,O,OPEN,Open,DICKERSON PIKE,36.229999999876554,-86.75999999978066,,,26,SPECIALTY STORE,2,290,"VANDALISM- $2,500 OR > BUT < $10,000",Unarmed,1,No,B,BUSINESS,,,,,,,,,16,1789545600000,1789586580000
924942,20260561025_11,20260561025,D,DISPATCHED,O,OPEN,Open,12TH AVE S,36.15000000024567,-86.7899999995669,,,22,"RESIDENCE, HOME",1,23D,LARC - FROM BLDG,NONE,1,No,B,BUSINESS,,,,,,,,,17,1789329600000,1789586280000
924905,20260561131_11,20260561131,D,DISPATCHED,U,UNFOUNDED,Closed,400 400,36.16699999965114,-86.78099999972085,,,1,"AIR, BUS, TRAIN TERMINAL",1,810,LOST PROPERTY,NONE,1,No,I,INDIVIDUAL (18 AND OVER),M,B,Non-Hispanic,UNKNOWN,,,,37219.0,17,1789583400000,1789586220000
924953,20260561060_11,20260561060,D,DISPATCHED,O,OPEN,Open,S 5TH ST,36.16999999991994,-86.75999999978066,,,90,APARTMENT,1,90Z,HARRASSMENT (NUISANCE),NONE,1,No,I,INDIVIDUAL (18 AND OVER),M,B,Non-Hispanic,RESIDENT,,,,,17,1789581360000,1789585980000
919028,20260561115_11,20260561115,D,DISPATCHED,U,UNFOUNDED,Closed,155 155,,,,,7,CONVENIENCE STORE,1,740,POLICE INQUIRY,,1,No,B,BUSINESS,,,,,,,,37228.0,,1789583100000,1789585860000
928197,20260557609_11,20260557609,D,DISPATCHED,U,UNFOUNDED,Closed,1400 1400,36.20399999996701,-86.77700000028835,,,90,APARTMENT,1,760,OVERDOSE,DRUGS,1,No,I,INDIVIDUAL (18 AND OVER),F,W,Non-Hispanic,RESIDENT,,,,37207.0,13,1789439400000,1789585860000
897423,20260561100_11,20260561100,W,WITNESS,U,UNFOUNDED,Closed,100 100,36.23599999985893,-86.63300000005688,,,13,"HIGHWAY, ROAD, ALLEY",1,740,POLICE INQUIRY,NONE,1,Yes,I,INDIVIDUAL (18 AND OVER),M,B,Non-Hispanic,RESIDENT,,,,37138.0,17,1789585560000,1789585560000
921442,20260561105_11,20260561105,D,DISPATCHED,O,OPEN,Open,CLARKSVILLE PIKE,36.19000000021294,-86.82000000025143,,,26,SPECIALTY STORE,1,13B,SIMPLE ASSLT,OTHER,1,No,I,INDIVIDUAL (18 AND OVER),M,U,Unknown,RESIDENT,,,,,15,1789584000000,1789585500000
921446,20260561105_12,20260561105,D,DISPATCHED,O,OPEN,Open,CLARKSVILLE PIKE,36.19000000021294,-86.82000000025143,,,26,SPECIALTY STORE,1,13B,SIMPLE ASSLT,OTHER,2,No,I,INDIVIDUAL (18 AND OVER),F,B,Non-Hispanic,RESIDENT,,,,,15,1789584000000,1789585500000
930003,20260560995_11,20260560995,D,DISPATCHED,O,OPEN,Open,CROSSINGS PL,36.0399999997254,-86.64999999966624,,,14,"HOTEL, MOTEL, ETC.",1,23D,LARC - FROM BLDG,PERSONAL (HANDS),1,No,I,INDIVIDUAL (18 AND OVER),F,W,Non-Hispanic,RESIDENT,,,,,09,1789578300000,1789585320000
927264,20260561019_11,20260561019,D,DISPATCHED,O,OPEN,Open,DICKERSON PIKE,36.229999999876554,-86.75999999978066,,,20,"PARKING LOT, GARAGE",1,23F,BURGLARY- MOTOR VEHICLE,Unarmed,1,No,I,INDIVIDUAL (18 AND OVER),M,W,Hispanic,RESIDENT,,,,,16,1789544700000,1789585140000
917336,20260561074_11,20260561074,D,DISPATCHED,U,UNFOUNDED,Closed,1900 1900,36.151000000010846,-86.79600000006313,,,13,"HIGHWAY, ROAD, ALLEY",1,810,LOST PROPERTY,NONE,1,No,I,INDIVIDUAL (18 AND OVER),F,W,Non-Hispanic,RESIDENT,,,,37203.0,17,1789583100000,1789585080000
893758,20260560941_11,20260560941,D,DISPATCHED,O,OPEN,Open,MURFREESBORO PIKE,36.129999999702626,-86.72000000006571,,,90,APARTMENT,1,695,UNKNOWN DEATH,NONE,1,No,I,INDIVIDUAL (18 AND OVER),M,B,Non-Hispanic,RESIDENT,,,,,17,1789578900000,1789585020000
932775,20260561082_11,20260561082,S,SUSPECT,A,CLEARED BY ARREST,Closed,625 625,36.151000000010846,-86.77600000020564,,,20,"PARKING LOT, GARAGE",1,35B,DRUG PARAPHERNALIA- UNLAWFUL USE,NONE,1,No,S,SOCIETY,,,,,,,,37203.0,17,1789584780000,1789584780000
918916,20260561068_11,20260561068,T,,O,OPEN,Open,ROSA L PARKS BLVD,36.19000000021294,-86.80000000039394,,,40,ATM Separate from Bank,1,26B,FRAUD -  ILLEG USE OF CREDIT CARDS,NONE,1,No,F,FINANCIAL INSTITUTION,,,,,,,,,17,1789499340000,1789584360000
921454,20260561023_11,20260561023,D,DISPATCHED,O,OPEN,Open,WEST END AVE,36.15000000024567,-86.7899999995669,,,5,"COMMERCIAL, OFFICE BUILDING",1,270,"EMBEZZLEMENT, CRIMINAL ATTEMPT",Unarmed,1,No,B,BUSINESS,,,,,,,,,16,1788267600000,1789583940000
924974,20260561030_11,20260561030,D,DISPATCHED,U,UNFOUNDED,Closed,2425 2425,36.159999999962295,-86.69000000027951,,,22,"RESIDENCE, HOME",1,740,POLICE INQUIRY,NONE,1,Yes,I,INDIVIDUAL (18 AND OVER),M,B,Non-Hispanic,RESIDENT,,,,37214.0,17,1789574400000,1789583880000
925625,20260561044_11,20260561044,D,DISPATCHED,U,UNFOUNDED,Closed,1422 1422,36.282999999763824,-86.70699999988885,,,13,"HIGHWAY, ROAD, ALLEY",1,810,LOST PROPERTY,NONE,1,No,B,BUSINESS,,,,,,,,37115.0,17,1787662800000,1789583280000
930839,20260561038_11,20260561038,D,DISPATCHED,U,UNFOUNDED,Closed,3440 3440,36.144000000126155,-86.63600000030499,,,22,"RESIDENCE, HOME",1,810,LOST PROPERTY,,1,No,I,INDIVIDUAL (18 AND OVER),M,B,Non-Hispanic,RESIDENT,,,,37214.0,,1786904520000,1789582920000
919021,20260561022_11,20260561022,T,,U,UNFOUNDED,Closed,1717 1717,36.04099999976909,-86.60899999986857,,,90,APARTMENT,1,740,POLICE INQUIRY,NONE,1,No,I,INDIVIDUAL (18 AND OVER),F,W,Non-Hispanic,NON RESIDENT,,,,37013.0,17,1789297200000,1789582740000
928195,20260561021_11,20260561021,T,,U,UNFOUNDED,Closed,1455 1455,,,,,13,"HIGHWAY, ROAD, ALLEY",1,810,LOST PROPERTY,NONE,1,No,I,INDIVIDUAL (18 AND OVER),M,W,Non-Hispanic,RESIDENT,,,,37013.0,17,1789509600000,1789582740000
932768,20260560983_11,20260560983,T,,O,OPEN,Open,,36.15000000024567,-86.82000000025143,,,22,"RESIDENCE, HOME",1,26C,CRIMINAL IMPERSONATION,NONE,1,No,I,INDIVIDUAL (18 AND OVER),F,W,Non-Hispanic,RESIDENT,,,,,17,1780290060000,1789582500000
924918,20260561039_11,20260561039,D,DISPATCHED,O,OPEN,Open,4TH AVE S,36.159999999962295,-86.76999999970943,,,20,"PARKING LOT, GARAGE",1,23F,BURGLARY- MOTOR VEHICLE,NONE,1,No,I,INDIVIDUAL (18 AND OVER),M,W,Non-Hispanic,NON RESIDENT,,,,,17,1789448400000,1789582380000
932784,20260560967_11,20260560967,D,DISPATCHED,O,OPEN,Open,BRICK CHURCH PIKE,36.23999999981472,-86.77999999963816,,,22,"RESIDENCE, HOME",1,26A,FRAUD - SWINDLE,NONE,1,No,I,INDIVIDUAL (18 AND OVER),F,B,Non-Hispanic,RESIDENT,,,,,17,1784610000000,1789582200000
897430,20260560891_11,20260560891,D,DISPATCHED,U,UNFOUNDED,Closed,929 929,36.159999999962295,-86.8390000000262,,,90,APARTMENT,1,715,FOUND PROPERTY,NONE,1,No,I,INDIVIDUAL (18 AND OVER),U,U,Unknown,NON RESIDENT,,,,37209.0,17,1789570800000,1789581960000
921438,20260560963_11,20260560963,D,DISPATCHED,O,OPEN,Open,HERMITAGE PLZ,36.18000000021363,-86.87999999982385,,,4,"CHURCH, SYNAGOGUE, TEMPLE",1,13B,SIMPLE ASSLT,PERSONAL (HANDS),1,No,I,INDIVIDUAL (18 AND OVER),M,W,Non-Hispanic,NON RESIDENT,,,,,09,1789579740000,1789581960000
892386,20260561026_11,20260561026,D,DISPATCHED,O,OPEN,Open,MADISON SQ,36.25999999986106,-86.71000000013699,,,20,"PARKING LOT, GARAGE",1,23F,BURGLARY- MOTOR VEHICLE,NONE,1,No,I,INDIVIDUAL (18 AND OVER),M,B,Non-Hispanic,RESIDENT,,,,,17,1789578900000,1789581900000
898465,20260560810_11,20260560810,D,DISPATCHED,U,UNFOUNDED,Closed,7221 7221,36.07400000013588,-86.92700000011774,,,90,APARTMENT,1,740,POLICE INQUIRY,NONE,1,Yes,I,INDIVIDUAL (18 AND OVER),F,W,Non-Hispanic,RESIDENT,,,,37221.0,17,1789565400000,1789581840000
919007,20260560913_11,20260560913,D,DISPATCHED,U,UNFOUNDED,Closed,383 383,36.075999999955705,-86.64400000006832,,,90,APARTMENT,1,740,POLICE INQUIRY,NONE,1,Yes,I,INDIVIDUAL (18 AND OVER),M,B,Non-Hispanic,RESIDENT,,,,37013.0,17,1789581480000,1789581480000
921455,20260560952_11,20260560952,D,DISPATCHED,O,OPEN,Open,HAVENHILL DR,36.129999999702626,-86.72000000006571,,,5,"COMMERCIAL, OFFICE BUILDING",1,270,"Theft of Trade Secrets- $250,000 or more",NONE,1,No,B,BUSINESS,,,,,,,,,17,1601571600000,1789581300000
924962,20260560674_11,20260560674,D,DISPATCHED,U,UNFOUNDED,Closed,205 205,36.04500000005651,-86.71899999998301,,,22,"RESIDENCE, HOME",1,740,POLICE INQUIRY,NONE,1,Yes,I,INDIVIDUAL (18 AND OVER),M,B,Non-Hispanic,RESIDENT,,,,37211.0,17,1789568460000,1789581300000
928191,20260560954_11,20260560954,D,DISPATCHED,O,OPEN,Open,GALLATIN PIKE S,36.25999999986106,-86.71000000013699,,,8,"DEPARTMENT, DISCOUNT STORE",1,23C,SHOPLIFTING,NONE,1,No,B,BUSINESS,,,,,,,,,17,1789573080000,1789581120000
924909,20260560956_11,20260560956,D,DISPATCHED,O,OPEN,Open,KEELEY DR,36.059999999965356,-86.70000000020825,,,20,"PARKING LOT, GARAGE",1,23F,BURGLARY- MOTOR VEHICLE,,1,No,I,INDIVIDUAL (18 AND OVER),M,W,Non-Hispanic,RESIDENT,,,,,,1789534800000,1789580400000
924915,20260560977_11,20260560977,T,,U,UNFOUNDED,Closed,DICKERSON PIKE & HANCOCK ST,36.18499999992697,-86.77400000004023,,,13,"HIGHWAY, ROAD, ALLEY",1,810,LOST PROPERTY,NONE,1,No,I,INDIVIDUAL (18 AND OVER),M,B,Non-Hispanic,RESIDENT,,,,37207.0,17,1788577200000,1789580400000
932641,20260560953_11,20260560953,T,,U,UNFOUNDED,Closed,903 903,36.187000000064074,-86.77299999995753,,,26,SPECIALTY STORE,1,740,POLICE INQUIRY,NONE,1,No,I,INDIVIDUAL (18 AND OVER),F,W,Non-Hispanic,RESIDENT,,,,37207.0,17,1789572600000,1789580400000
892919,20260560844_11,20260560844,D,DISPATCHED,O,OPEN,Open,BUENA VISTA PIKE,36.20000000001247,-86.83000000018018,,,22,"RESIDENCE, HOME",1,120,ROBBERY,HANDGUN,1,No,I,INDIVIDUAL (18 AND OVER),F,W,Non-Hispanic,RESIDENT,,,,,01,1789569480000,1789580280000
892927,20260560844_12,20260560844,D,DISPATCHED,O,OPEN,Open,BUENA VISTA PIKE,36.20000000001247,-86.83000000018018,,,22,"RESIDENCE, HOME",1,120,ROBBERY,HANDGUN,2,Yes,I,INDIVIDUAL (18 AND OVER),M,B,Non-Hispanic,RESIDENT,,,,,01,1789569480000,1789580280000
892931,20260560844_23,20260560844,D,DISPATCHED,O,OPEN,Open,BUENA VISTA PIKE,36.20000000001247,-86.83000000018018,,,22,"RESIDENCE, HOME",2,520,CARRYING CONCEALED WEAPON,HANDGUN,3,No,S,SOCIETY,,,,,,,,,01,1789569480000,1789580280000
892935,20260560844_31,20260560844,D,DISPATCHED,O,OPEN,Open,BUENA VISTA PIKE,36.20000000001247,-86.83000000018018,,,22,"RESIDENCE, HOME",3,220,BURGLARY,NONE,1,No,I,INDIVIDUAL (18 AND OVER),F,W,Non-Hispanic,RESIDENT,,,,,17,1789569480000,1789580280000
892944,20260560844_32,20260560844,D,DISPATCHED,O,OPEN,Open,BUENA VISTA PIKE,36.20000000001247,-86.83000000018018,,,22,"RESIDENCE, HOME",3,220,BURGLARY,NONE,2,Yes,I,INDIVIDUAL (18 AND OVER),M,B,Non-Hispanic,RESIDENT,,,,,17,1789569480000,1789580280000
923874,20260560951_11,20260560951,S,SUSPECT,U,UNFOUNDED,Closed,12848 12848,36.02500000019836,-86.6160000004475,,,53,School-Elementary/Secondary,1,810,LOST PROPERTY,,1,No,G,GOVERNMENT,,,,,,,,37013.0,,1789580040000,1789580040000
893061,20260560864_11,20260560864,D,DISPATCHED,O,OPEN,Open,MUSIC VALLEY,36.229999999876554,-86.70000000020825,,,42,Camp/Campground,1,13C,THREAT TO BURN,,1,No,I,INDIVIDUAL (18 AND OVER),M,W,Non-Hispanic,RESIDENT,,,,,,1789512300000,1789579500000
924813,20260560904_11,20260560904,D,DISPATCHED,O,OPEN,Open,MAGNOLIA,36.129999999702626,-86.80000000039394,,,13,"HIGHWAY, ROAD, ALLEY",1,23F,BURGLARY- MOTOR VEHICLE,Unarmed,1,No,I,INDIVIDUAL (18 AND OVER),M,W,Hispanic,UNKNOWN,,,,,16,1789218000000,1789579500000
928186,20260560925_11,20260560925,D,DISPATCHED,O,OPEN,Open,MURPHY,36.13999999994927,-86.84000000010889,,,13,"HIGHWAY, ROAD, ALLEY",1,23F,BURGLARY- MOTOR VEHICLE,NONE,1,No,I,INDIVIDUAL (18 AND OVER),F,W,Non-Hispanic,RESIDENT,,,,,17,1789513200000,1789579500000
919003,20260560587_11,20260560587,D,DISPATCHED,U,UNFOUNDED,Closed,504 504,36.04500000005651,-86.72000000006571,,,22,"RESIDENCE, HOME",1,740,POLICE INQUIRY,NONE,1,Yes,I,INDIVIDUAL (18 AND OVER),F,W,Non-Hispanic,RESIDENT,,,,37211.0,17,1789579320000,1789579320000
918998,20260560926_11,20260560926,D,DISPATCHED,U,UNFOUNDED,Closed, & ,,,,,13,"HIGHWAY, ROAD, ALLEY",1,740,POLICE INQUIRY,NONE,1,No,I,INDIVIDUAL (18 AND OVER),F,B,Non-Hispanic,NON RESIDENT,,,,37115.0,17,1789510080000,1789579020000
919001,20260560926_12,20260560926,D,DISPATCHED,U,UNFOUNDED,Closed, & ,,,,,13,"HIGHWAY, ROAD, ALLEY",1,740,POLICE INQUIRY,NONE,2,No,I,INDIVIDUAL (18 AND OVER),M,B,Non-Hispanic,NON RESIDENT,,,,37115.0,17,1789510080000,1789579020000
927057,20260560935_11,20260560935,S,SUSPECT,U,UNFOUNDED,Closed,3441 3441,36.24499999974243,-86.74999999985195,,,9,HOSPITAL,1,740,POLICE INQUIRY,NONE,1,No,I,INDIVIDUAL (18 AND OVER),F,U,Unknown,RESIDENT,,,,37115.0,17,1789534800000,1789578900000
926917,20260560931_11,20260560931,D,DISPATCHED,U,UNFOUNDED,Closed,4808 4808,36.085999999802475,-86.70699999988885,,,22,"RESIDENCE, HOME",1,810,LOST PROPERTY,NONE,1,No,I,INDIVIDUAL (18 AND OVER),F,W,Unknown,RESIDENT,,,,37211.0,17,1789477200000,1789578660000
928488,20260560905_11,20260560905,D,DISPATCHED,U,UNFOUNDED,Closed,HARDING & ANTIOCH,36.08699999974394,-86.69200000044492,,,20,"PARKING LOT, GARAGE",1,740,POLICE INQUIRY,NONE,1,No,I,INDIVIDUAL (18 AND OVER),M,W,Hispanic,NON RESIDENT,,,,37211.0,17,1787331600000,1789578660000
926810,20260560889_11,20260560889,T,,O,OPEN,Open,PICCADILLY ROW,36.080000000195604,-86.65999999959497,,,28,"OTHER, UNKNOWN",1,23D,LARC - FROM BLDG,NONE,1,No,I,INDIVIDUAL (18 AND OVER),F,B,Non-Hispanic,RESIDENT,,,,,17,1789508820000,1789578420000
897632,20260561002_11,20260561002,S,SUSPECT,U,UNFOUNDED,Closed,2333 2333,36.19399999998908,-86.81000000032267,,,22,"RESIDENCE, HOME",1,740,POLICE INQUIRY,NONE,1,No,I,INDIVIDUAL (18 AND OVER),F,U,Unknown,RESIDENT,,,,37228.0,17,1789362000000,1789578360000
928198,20260560890_11,20260560890,T,,O,OPEN,Open,W,,,,,13,"HIGHWAY, ROAD, ALLEY",1,23G,LARC - PARTS FROM VEH,NONE,1,No,I,INDIVIDUAL (18 AND OVER),F,W,Unknown,UNKNOWN,,,,,17,1789407000000,1789578360000
892732,20260560102_11,20260560102,D,DISPATCHED,A,CLEARED BY ARREST,Closed,2303 2303,36.16600000015136,-86.8110000004054,,,90,APARTMENT,1,13B,SIMPLE ASSLT - STRANGULATION (NO LOSS OF CONSCIOUSNESS),PERSONAL (HANDS),1,Yes,I,INDIVIDUAL (18 AND OVER),F,B,Non-Hispanic,RESIDENT,,,,37208.0,09,1789452900000,1789578060000
892736,20260560102_21,20260560102,D,DISPATCHED,A,CLEARED BY ARREST,Closed,2303 2303,36.16600000015136,-86.8110000004054,,,90,APARTMENT,2,240,VEHICLE THEFT,PERSONAL (HANDS),1,Yes,I,INDIVIDUAL (18 AND OVER),F,B,Non-Hispanic,RESIDENT,,,,37208.0,09,1789452900000,1789578060000
892740,20260560102_31,20260560102,D,DISPATCHED,A,CLEARED BY ARREST,Closed,2303 2303,36.16600000015136,-86.8110000004054,,,90,APARTMENT,3,90F,CRIMINAL CONTEMPT-VIOLATION OF ORDER OF PROTECTION,PERSONAL (HANDS),1,Yes,I,INDIVIDUAL (18 AND OVER),F,B,Non-Hispanic,RESIDENT,,,,37208.0,09,1789452900000,1789578060000
928200,20260560847_11,20260560847,D,DISPATCHED,U,UNFOUNDED,Closed,1611 1611,36.23999999981472,-86.73200000015987,,,22,"RESIDENCE, HOME",1,740,POLICE INQUIRY,NONE,1,No,I,INDIVIDUAL (18 AND OVER),F,A,Non-Hispanic,RESIDENT,,,,37115.0,17,1787576400000,1789578060000
918995,20260560887_11,20260560887,T,,U,UNFOUNDED,Closed,615 615,36.162000000041736,-86.78199999980357,,,11,"GOVERNMENT, PUBLIC BUILDING",1,740,POLICE INQUIRY,NONE,1,No,G,GOVERNMENT,,,,,,,,37219.0,17,1789571220000,1789578000000
932517,20260560892_11,20260560892,W,WITNESS,U,UNFOUNDED,Closed,814 814,36.174000000032436,-86.75799999961527,,,5,"COMMERCIAL, OFFICE BUILDING",1,740,POLICE INQUIRY,,1,No,I,INDIVIDUAL (18 AND OVER),M,W,Non-Hispanic,UNKNOWN,,,,37206.0,,1788037200000,1789577820000
924653,20260560898_11,20260560898,S,SUSPECT,U,UNFOUNDED,Closed,6617 6617,36.13999999994927,-86.88999999975259,,,22,"RESIDENCE, HOME",1,740,POLICE INQUIRY,NONE,1,No,I,INDIVIDUAL (18 AND OVER),F,U,Unknown,RESIDENT,,,,37209.0,17,1789362000000,1789577760000
932579,20260560858_11,20260560858,T,,O,OPEN,Open,MIRANDA,36.029999999717916,-86.57000000023632,,,22,"RESIDENCE, HOME",1,240,VEHICLE THEFT,Unarmed,1,No,I,INDIVIDUAL (18 AND OVER),M,W,Non-Hispanic,RESIDENT,,,,,16,1789426800000,1789577640000
924959,20260560784_11,20260560784,D,DISPATCHED,O,OPEN,Open,MUSIC SQ E,36.15000000024567,-86.7899999995669,,,22,"RESIDENCE, HOME",1,90Z,HARRASSMENT (NUISANCE),NONE,1,No,I,INDIVIDUAL (18 AND OVER),F,W,Non-Hispanic,RESIDENT,,,,,17,1789509300000,1789577580000
919635,20260560880_11,20260560880,S,SUSPECT,O,OPEN,Open,HICKORY HOLLOW,36.05000000025906,-86.65999999959497,,,20,"PARKING LOT, GARAGE",1,240,"VEHICLE OFFENSE, CRIMINAL ATTEMPT",NONE,1,No,B,BUSINESS,,,,,,,,,17,1787749200000,1789577340000
918992,20260560743_11,20260560743,D,DISPATCHED,U,UNFOUNDED,Closed,5772 5772,36.17200000011699,-86.60200000018794,,,90,APARTMENT,1,740,POLICE INQUIRY,NONE,1,No,I,INDIVIDUAL (18 AND OVER),M,W,Non-Hispanic,RESIDENT,,,,37076.0,17,1789576680000,1789576680000
920886,20260560831_11,20260560831,D,DISPATCHED,O,OPEN,Open,CLARKSVILLE PIKE,36.25000000002025,-86.85000000003764,,,22,"RESIDENCE, HOME",1,23H,LARC - POSTAL,NONE,1,No,I,INDIVIDUAL (18 AND OVER),M,W,Non-Hispanic,RESIDENT,,,,,17,1789488000000,1789576680000
918983,20260560789_11,20260560789,D,DISPATCHED,U,UNFOUNDED,Closed,6010 6010,36.16999999991994,-86.58599999976298,,,4,"CHURCH, SYNAGOGUE, TEMPLE",1,740,POLICE INQUIRY,NONE,1,Yes,U,UNKNOWN,U,U,Unknown,NON RESIDENT,,,,37076.0,17,1789574400000,1789576500000
918977,20260560837_11,20260560837,D,DISPATCHED,U,UNFOUNDED,Closed,2915 2915,36.08100000022568,-86.60300000027065,,,22,"RESIDENCE, HOME",1,740,POLICE INQUIRY,NONE,1,No,I,INDIVIDUAL (18 AND OVER),F,B,Non-Hispanic,RESIDENT,,,,37013.0,17,1789489800000,1789576200000
924983,20260560651_11,20260560651,D,DISPATCHED,O,OPEN,Open,JO JOHNSTON,36.16999999991994,-86.77999999963816,,,90,APARTMENT,1,290,DAMAGE PROP - PRIVATE,OTHER,1,No,B,BUSINESS,,,,,,,,,15,1789545600000,1789575900000
927053,20260560700_11,20260560700,D,DISPATCHED,A,CLEARED BY ARREST,Closed,6814 6814,36.133999999638924,-86.88999999975259,,,26,SPECIALTY STORE,1,23C,SHOPLIFTING,PERSONAL (HANDS),1,No,B,BUSINESS,,,,,,,,37209.0,09,1789568400000,1789575780000
917320,20260560756_11,20260560756,D,DISPATCHED,A,CLEARED BY ARREST,Closed,1808 1808,36.16999999991994,-86.80700000007457,,,7,CONVENIENCE STORE,1,100,"KIDNAPPING, CRIMINAL ATTEMPT",NONE,1,No,I,INDIVIDUAL (18 AND OVER),F,W,Non-Hispanic,RESIDENT,,,,37208.0,17,1789524000000,1789575600000
917330,20260560756_21,20260560756,D,DISPATCHED,A,CLEARED BY ARREST,Closed,1808 1808,36.16999999991994,-86.80700000007457,,,7,CONVENIENCE STORE,2,23H,THEFT OF PROPERTY- $500 OR LESS,NONE,1,No,I,INDIVIDUAL (18 AND OVER),F,W,Non-Hispanic,RESIDENT,,,,37208.0,17,1789524000000,1789575600000
918956,20260560206_11,20260560206,S,SUSPECT,A,CLEARED BY ARREST,Closed,1019 1019,36.128999999969736,-86.70699999988885,,,20,"PARKING LOT, GARAGE",1,90Z,"TOBACCO, VAPE, NICOTINE OR SMOKING HEMP-POSS. IF <21",NONE,1,No,S,SOCIETY,,,,,,,,37217.0,17,1789547400000,1789575540000
926813,20260560659_11,20260560659,D,DISPATCHED,O,OPEN,Open,BRUIN DR,36.06999999966938,-86.62999999980876,,,22,"RESIDENCE, HOME",1,850,CONTEMPT - VIOLATION OF PROTECTION ORDER,NONE,1,Yes,I,INDIVIDUAL (18 AND OVER),F,B,Non-Hispanic,UNKNOWN,,,,,17,1789575300000,1789575300000
927055,20260561047_11,20260561047,S,SUSPECT,U,UNFOUNDED,Closed,201 201,36.187000000064074,-86.66800000025661,,,22,"RESIDENCE, HOME",1,740,POLICE INQUIRY,NONE,1,No,I,INDIVIDUAL (18 AND OVER),M,U,Unknown,RESIDENT,,,,37214.0,17,1789448400000,1789575180000
924927,20260560809_11,20260560809,W,WITNESS,O,OPEN,Open,S 7TH ST,36.16999999991994,-86.75999999978066,,,13,"HIGHWAY, ROAD, ALLEY",1,240,VEHICLE THEFT,NONE,1,No,I,INDIVIDUAL (18 AND OVER),F,B,Non-Hispanic,RESIDENT,,,,,17,1783702800000,1789574760000
918950,20260560736_11,20260560736,D,DISPATCHED,U,UNFOUNDED,Closed,306 306,36.248999999911504,-86.72699999974635,,,90,APARTMENT,1,740,POLICE INQUIRY,NONE,1,Yes,I,INDIVIDUAL (18 AND OVER),M,B,Non-Hispanic,UNKNOWN,,,,37115.0,17,1789570800000,1789574520000
928192,20260560598_11,20260560598,D,DISPATCHED,O,OPEN,Open,BRADY,36.029999999717916,-86.57000000023632,,,13,"HIGHWAY, ROAD, ALLEY",1,240,VEHICLE THEFT,NONE,1,No,I,INDIVIDUAL (18 AND OVER),M,W,Non-Hispanic,UNKNOWN,,,,,17,1789549200000,1789574520000
928193,20260560598_12,20260560598,D,DISPATCHED,O,OPEN,Open,BRADY,36.029999999717916,-86.57000000023632,,,13,"HIGHWAY, ROAD, ALLEY",1,240,VEHICLE THEFT,NONE,2,No,I,INDIVIDUAL (18 AND OVER),F,W,Non-Hispanic,RESIDENT,,,,,17,1789549200000,1789574520000
926403,20260560422_11,20260560422,D,DISPATCHED,U,UNFOUNDED,Closed,760 760,36.04099999976909,-86.77600000020564,,,14,"HOTEL, MOTEL, ETC.",1,685,DEATH NATURAL,NONE,1,No,I,INDIVIDUAL (18 AND OVER),M,W,Non-Hispanic,NON RESIDENT,,,,37027.0,17,1789527600000,1789574460000
918944,20260560712_11,20260560712,D,DISPATCHED,U,UNFOUNDED,Closed,1184 1184,36.05099999966719,-86.59699999977443,,,22,"RESIDENCE, HOME",1,740,POLICE INQUIRY,Unarmed,1,Yes,I,INDIVIDUAL (18 AND OVER),M,B,Non-Hispanic,RESIDENT,,,,37013.0,16,1788440400000,1789574340000
931346,20260561043_11,20260561043,S,SUSPECT,U,UNFOUNDED,Closed,6850 6850,35.99199999993744,-86.65900000041057,,,22,"RESIDENCE, HOME",1,740,POLICE INQUIRY,NONE,1,No,I,INDIVIDUAL (18 AND OVER),F,U,Unknown,RESIDENT,,,,37013.0,17,1789362000000,1789574280000
926407,20260560786_11,20260560786,D,DISPATCHED,U,UNFOUNDED,Closed,3150 3150,36.18499999992697,-86.67900000026806,,,53,School-Elementary/Secondary,1,810,LOST PROPERTY,NONE,1,No,G,GOVERNMENT,,,,,,,,37214.0,17,1787202000000,1789574160000
926409,20260560770_11,20260560770,D,DISPATCHED,O,OPEN,Open,RED FEATHER LN,36.029999999717916,-86.74999999985195,,,22,"RESIDENCE, HOME",1,23F,BURGLARY- MOTOR VEHICLE,Unarmed,1,No,I,INDIVIDUAL (18 AND OVER),M,W,Non-Hispanic,UNKNOWN,,,,,16,1789525800000,1789573800000
926411,20260560770_12,20260560770,D,DISPATCHED,O,OPEN,Open,RED FEATHER LN,36.029999999717916,-86.74999999985195,,,22,"RESIDENCE, HOME",1,23F,BURGLARY- MOTOR VEHICLE,Unarmed,2,No,I,INDIVIDUAL (18 AND OVER),F,W,Unknown,UNKNOWN,,,,,16,1789525800000,1789573800000
927261,20260560771_11,20260560771,D,DISPATCHED,O,OPEN,Open,FRANKLIN,36.0399999997254,-86.7899999995669,,,4,"CHURCH, SYNAGOGUE, TEMPLE",1,290,DAMAGE PROP - PRIVATE,,1,No,R,RELIGIOUS,,,,,,,,,,1787992200000,1789573800000
931343,20260561018_11,20260561018,S,SUSPECT,U,UNFOUNDED,Closed,121 121,36.03699999967207,-86.77899999955544,,,22,"RESIDENCE, HOME",1,740,POLICE INQUIRY,NONE,1,No,I,INDIVIDUAL (18 AND OVER),M,U,Unknown,RESIDENT,,,,37027.0,17,1789448400000,1789573740000
932642,20260560769_11,20260560769,D,DISPATCHED,U,UNFOUNDED,Closed,2929 2929,36.209999999706326,-86.81299999967248,,,22,"RESIDENCE, HOME",1,740,POLICE INQUIRY,NONE,1,No,I,INDIVIDUAL (18 AND OVER),F,B,Non-Hispanic,RESIDENT,,,,37207.0,17,1789495200000,1789573620000
926815,20260560721_11,20260560721,D,DISPATCHED,A,CLEARED BY ARREST,Closed,3171 3171,36.18400000028398,-86.63799999957207,,,7,CONVENIENCE STORE,1,23C,SHOPLIFTING,NONE,1,No,B,BUSINESS,,,,,,,,37214.0,17,1789569000000,1789573500000
918942,20260560785_11,20260560785,,,U,UNFOUNDED,Closed,3934 3934,36.21299999994166,-86.83200000034557,,,22,"RESIDENCE, HOME",1,740,POLICE INQUIRY,NONE,1,No,I,INDIVIDUAL (18 AND OVER),F,B,Non-Hispanic,RESIDENT,,,,37218.0,17,1788714900000,1789573440000
893077,20260560759_11,20260560759,W,WITNESS,O,OPEN,Open,40TH AVE N,36.159999999962295,-86.84000000010889,,,22,"RESIDENCE, HOME",1,23D,LARC - FROM BLDG,NONE,1,No,I,INDIVIDUAL (18 AND OVER),F,B,Non-Hispanic,UNKNOWN,,,,,17,1787742000000,1789573200000
918431,20260560748_11,20260560748,D,DISPATCHED,O,OPEN,Open,AMALIE,36.05000000025906,-86.72000000006571,,,13,"HIGHWAY, ROAD, ALLEY",1,240,VEHICLE THEFT,NONE,1,No,I,INDIVIDUAL (18 AND OVER),M,W,Non-Hispanic,UNKNOWN,,,,,17,1789491600000,1789572600000
928479,20260560723_11,20260560723,T,,O,OPEN,Open,OAKLEY,36.059999999965356,-86.75999999978066,,,22,"RESIDENCE, HOME",1,220,BURGLARY- AGGRAVATED,Unarmed,1,No,I,INDIVIDUAL (18 AND OVER),M,W,Non-Hispanic,RESIDENT,,,,,16,1789498800000,1789572600000
932271,20260560676_11,20260560676,D,DISPATCHED,U,UNFOUNDED,Closed,2714 2714,36.18400000028398,-86.82200000041685,,,22,"RESIDENCE, HOME",1,740,TRANSPORT,NONE,1,No,I,INDIVIDUAL (18 AND OVER),F,W,Non-Hispanic,RESIDENT,,,,37208.0,17,1789565640000,1789572240000
921747,20260560713_11,20260560713,D,DISPATCHED,O,OPEN,Open,21ST AVE S,36.129999999702626,-86.80000000039394,,,22,"RESIDENCE, HOME",1,13C,"HARASSMENT- CAUSE EMOTIONAL DISTRESS, INTIMIDATE, FRIGHTEN",NONE,1,No,I,INDIVIDUAL (18 AND OVER),F,W,Non-Hispanic,RESIDENT,,,,,17,1763396400000,1789572000000
924902,20260560751_11,20260560751,S,SUSPECT,U,UNFOUNDED,Closed,500 500,36.05300000031543,-86.64899999958354,,,22,"RESIDENCE, HOME",1,740,POLICE INQUIRY,NONE,1,No,I,INDIVIDUAL (18 AND OVER),F,U,Unknown,RESIDENT,,,,37013.0,17,1789362000000,1789571880000
926819,20260560731_11,20260560731,D,DISPATCHED,U,UNFOUNDED,Closed,315 315,,,,,22,"RESIDENCE, HOME",1,810,LOST PROPERTY,Unarmed,1,No,I,INDIVIDUAL (18 AND OVER),M,W,Non-Hispanic,RESIDENT,,,,37205.0,16,1782478800000,1789571580000
894468,20260560725_11,20260560725,T,,U,UNFOUNDED,Closed,97 97,36.082999999882595,-86.70200000037366,,,90,APARTMENT,1,740,POLICE INQUIRY,NONE,1,No,I,INDIVIDUAL (18 AND OVER),F,B,Non-Hispanic,UNKNOWN,,,,37211.0,17,1789563600000,1789571400000
924971,20260560319_11,20260560319,S,SUSPECT,A,CLEARED BY ARREST,Closed,1200 1200,36.156999999917204,-86.7880000002998,,,90,APARTMENT,1,13B,ASSAULT- OFFENSIVE OR PROVOCATIVE CONTACT,PERSONAL (HANDS),1,Yes,I,INDIVIDUAL (18 AND OVER),M,U,Non-Hispanic,UNKNOWN,,,,37203.0,09,1789558380000,1789571040000
918429,20260560724_11,20260560724,D,DISPATCHED,U,UNFOUNDED,Closed,818 818,,,,,22,"RESIDENCE, HOME",1,810,LOST PROPERTY,NONE,1,No,I,INDIVIDUAL (18 AND OVER),F,W,Non-Hispanic,RESIDENT,,,,37027.0,17,1788238800000,1789570920000
930875,20260561014_11,20260561014,S,SUSPECT,U,UNFOUNDED,Closed,6850 6850,35.99199999993744,-86.65600000016246,,,22,"RESIDENCE, HOME",1,740,POLICE INQUIRY,NONE,1,No,I,INDIVIDUAL (18 AND OVER),F,U,Unknown,RESIDENT,,,,37013.0,17,1789362000000,1789570920000
918430,20260560649_11,20260560649,D,DISPATCHED,O,OPEN,Open,WALLACE RD,36.080000000195604,-86.72000000006571,,,20,"PARKING LOT, GARAGE",1,23G,LARC - PARTS FROM VEH,NONE,1,No,I,INDIVIDUAL (18 AND OVER),M,W,Hispanic,RESIDENT,,,,,17,1789304400000,1789570800000
932639,20260560572_11,20260560572,D,DISPATCHED,O,OPEN,Open,CHARLES E DAVIS BLVD,36.15000000024567,-86.75999999978066,,,90,APARTMENT,1,13A,INTENTIONAL AGGRAVATED ASSAULT,LETHAL/CUTTING INSTRUMENT,1,No,I,INDIVIDUAL (18 AND OVER),M,B,Non-Hispanic,RESIDENT,,,,,06,1789564800000,1789570740000
928308,20260560691_11,20260560691,D,DISPATCHED,U,UNFOUNDED,Closed, & COVENTRY DR,,,,,22,"RESIDENCE, HOME",1,740,POLICE INQUIRY,NONE,1,No,I,INDIVIDUAL (18 AND OVER),F,W,Non-Hispanic,RESIDENT,,,,,17,1767282540000,1789570140000
918939,20260560672_11,20260560672,D,DISPATCHED,U,UNFOUNDED,Closed,516 516,36.12400000030478,-86.75899999969798,,,13,"HIGHWAY, ROAD, ALLEY",1,740,POLICE INQUIRY,OTHER,1,No,U,UNKNOWN,F,B,Unknown,NON RESIDENT,,,,37211.0,15,1789567140000,1789569960000
927050,20260560658_11,20260560658,D,DISPATCHED,O,OPEN,Open,3RD,36.18000000021363,-86.7899999995669,,,90,APARTMENT,1,13C,"HARASSMENT- CAUSE EMOTIONAL DISTRESS, INTIMIDATE, FRIGHTEN",,1,No,I,INDIVIDUAL (18 AND OVER),F,W,Non-Hispanic,RESIDENT,,,,,,1789556400000,1789569840000
928480,20260560675_11,20260560675,D,DISPATCHED,O,OPEN,Open,27TH AVE N,36.159999999962295,-86.82000000025143,,,22,"RESIDENCE, HOME",1,270,"EMBEZZLEMENT, CRIMINAL ATTEMPT",Unarmed,1,No,B,BUSINESS,,,,,,,,,16,1788699600000,1789569840000
918936,20260560465_11,20260560465,D,DISPATCHED,U,UNFOUNDED,Closed,8121 8121,36.075000000232,-87.01700000037472,,,90,APARTMENT,1,740,POLICE INQUIRY,NONE,1,Yes,I,INDIVIDUAL (18 AND OVER),F,B,Non-Hispanic,RESIDENT,,,,37221.0,17,1789560000000,1789569360000
932361,20260560657_11,20260560657,T,,U,UNFOUNDED,Closed,204 204,36.09600000019247,-86.92600000003506,,,22,"RESIDENCE, HOME",1,810,LOST PROPERTY,NONE,1,No,I,INDIVIDUAL (18 AND OVER),M,W,Non-Hispanic,RESIDENT,,,,37221.0,17,1785848400000,1789569300000
894892,20260560650_11,20260560650,D,DISPATCHED,U,UNFOUNDED,Closed,1715 1715,36.17899999982454,-86.80499999990916,,,90,APARTMENT,1,740,POLICE INQUIRY,NONE,1,No,I,INDIVIDUAL (18 AND OVER),M,W,Non-Hispanic,UNKNOWN,,,,37208.0,17,1789569180000,1789569180000
918432,20260560639_11,20260560639,D,DISPATCHED,U,UNFOUNDED,Closed,330 330,36.1629999998043,-86.77700000028835,,,13,"HIGHWAY, ROAD, ALLEY",1,715,FOUND PROPERTY,NONE,1,No,U,UNKNOWN,U,U,Unknown,NON RESIDENT,,,,37201.0,17,1789569120000,1789569120000
917444,20260560485_11,20260560485,S,SUSPECT,U,UNFOUNDED,Closed,1ST AVE N & GAY ST,36.16900000026128,-86.77899999955544,,,19,PARK,1,715,FOUND PROPERTY,NONE,1,No,I,INDIVIDUAL (18 AND OVER),M,W,Non-Hispanic,RESIDENT,,,,37201.0,17,1789562820000,1789567740000
918933,20260559199_11,20260559199,D,DISPATCHED,U,UNFOUNDED,Closed,1128 1128,36.27000000015372,-86.76199999994608,,,53,School-Elementary/Secondary,1,740,POLICE INQUIRY,NONE,1,No,U,UNKNOWN,U,U,Unknown,RESIDENT,,,,37207.0,17,1789566960000,1789566960000
932362,20260560551_11,20260560551,D,DISPATCHED,O,OPEN,Open,COLORADO,36.13999999994927,-86.84000000010889,,,13,"HIGHWAY, ROAD, ALLEY",1,23F,BURGLARY- MOTOR VEHICLE,,1,No,I,INDIVIDUAL (18 AND OVER),M,W,Non-Hispanic,RESIDENT,,,,,,1789549200000,1789566480000
932640,20260560481_11,20260560481,D,DISPATCHED,O,OPEN,Open,DICKERSON PIKE,36.28000000026564,-86.74999999985195,,,13,"HIGHWAY, ROAD, ALLEY",1,13A,INTENTIONAL AGGRAVATED ASSAULT,MOTOR VEHICLE,1,No,I,INDIVIDUAL (18 AND OVER),F,B,Non-Hispanic,RESIDENT,,,,,08,1789562640000,1789566300000
932363,20260560584_11,20260560584,D,DISPATCHED,U,UNFOUNDED,Closed,6408 6408,36.14900000006129,-86.87699999957573,,,22,"RESIDENCE, HOME",1,810,LOST PROPERTY,NONE,1,No,B,BUSINESS,,,,,,,,37209.0,17,1789422300000,1789566120000
918667,20260560534_11,20260560534,O,,U,UNFOUNDED,Closed,2030 2030,36.20399999996701,-86.77199999987482,,,20,"PARKING LOT, GARAGE",1,780,"RECOVERY, STOLEN PROPERTY",NONE,1,No,I,INDIVIDUAL (18 AND OVER),F,W,Non-Hispanic,RESIDENT,,,,37207.0,17,1789565040000,1789565040000
918668,20260560534_22,20260560534,O,,U,UNFOUNDED,Closed,2030 2030,36.20399999996701,-86.77199999987482,,,20,"PARKING LOT, GARAGE",2,26A,FRAUD - SWINDLE,NONE,2,No,B,BUSINESS,,,,,,,,37207.0,17,1789565040000,1789565040000
931235,20260560279_11,20260560279,D,DISPATCHED,O,OPEN,Open,HARPER RIDGE,36.05000000025906,-86.67000000042204,,,90,APARTMENT,1,290,"VANDALISM- $2,500 OR > BUT < $10,000",NONE,1,No,I,INDIVIDUAL (18 AND OVER),F,W,Non-Hispanic,RESIDENT,,,,,17,1789484400000,1789563540000
931238,20260560279_12,20260560279,D,DISPATCHED,O,OPEN,Open,HARPER RIDGE,36.05000000025906,-86.67000000042204,,,90,APARTMENT,1,290,"VANDALISM- $2,500 OR > BUT < $10,000",NONE,2,No,B,BUSINESS,,,,,,,,,17,1789484400000,1789563540000
897626,20260560396_11,20260560396,T,,O,OPEN,Open,COWAN,36.19000000021294,-86.77999999963816,,,13,"HIGHWAY, ROAD, ALLEY",1,90Z,LITTERING - AGGRAVATED- TIRES >8,Unarmed,1,No,S,SOCIETY,,,,,,,,,16,1789518420000,1789563120000
928484,20260560370_11,20260560370,D,DISPATCHED,O,OPEN,Open,FIELDSTONE DR,36.06999999966938,-86.61999999988002,,,20,"PARKING LOT, GARAGE",1,240,VEHICLE THEFT,Unarmed,1,No,I,INDIVIDUAL (18 AND OVER),F,W,Hispanic,UNKNOWN,,,,,16,1789542900000,1789562700000
893901,20260560282_11,20260560282,D,DISPATCHED,O,OPEN,Open,CREEKWOOD DR,36.23999999981472,-86.76999999970943,,,90,APARTMENT,1,13A,"ASSAULT, AGGRAVATED - DEADLY WEAPON - INT/KN FROM MOT VEH IN CONC",REVOLVER,1,Yes,I,INDIVIDUAL (18 AND OVER),F,B,Non-Hispanic,RESIDENT,,,,,04,1789554600000,1789562040000
893905,20260560282_33,20260560282,D,DISPATCHED,O,OPEN,Open,CREEKWOOD DR,36.23999999981472,-86.76999999970943,,,90,APARTMENT,3,520,"WEAPON OFFENSE, CRIMINAL ATTEMPT",REVOLVER,3,No,S,SOCIETY,,,,,,,,,04,1789554600000,1789562040000
922420,20260560453_11,20260560453,O,,A,CLEARED BY ARREST,Closed,3150 3150,36.18499999992697,-86.67900000026806,,,53,School-Elementary/Secondary,1,35A,POSSESSION OF A CONTROLLED SUBSTANCE,NONE,1,No,S,SOCIETY,,,,,,,,37214.0,17,1789561800000,1789562040000
922424,20260560453_21,20260560453,O,,A,CLEARED BY ARREST,Closed,3150 3150,36.18499999992697,-86.67900000026806,,,53,School-Elementary/Secondary,2,35B,DRUG PARAPHERNALIA- UNLAWFUL USE,NONE,1,No,S,SOCIETY,,,,,,,,37214.0,17,1789561800000,1789562040000
927108,20260560342_11,20260560342,D,DISPATCHED,O,OPEN,Open,UTAH,36.13999999994927,-86.84000000010889,,,20,"PARKING LOT, GARAGE",1,23F,BURGLARY- MOTOR VEHICLE,NONE,1,No,I,INDIVIDUAL (18 AND OVER),M,W,Non-Hispanic,RESIDENT,,,,,17,1789549200000,1789561800000
897624,20260560256_11,20260560256,D,DISPATCHED,U,UNFOUNDED,Closed,717 717,36.137000000193275,-86.72400000039654,,,14,"HOTEL, MOTEL, ETC.",1,740,POLICE INQUIRY,Unarmed,1,No,I,INDIVIDUAL (18 AND OVER),F,U,Unknown,RESIDENT,,,,37217.0,16,1789553520000,1789560420000
897621,20260560171_11,20260560171,D,DISPATCHED,U,UNFOUNDED,Closed,1667 1667,36.18000000021363,-86.79600000006313,,,22,"RESIDENCE, HOME",1,740,POLICE INQUIRY,NONE,1,Yes,I,INDIVIDUAL (18 AND OVER),M,W,Hispanic,RESIDENT,,,,37208.0,17,1789540200000,1789560120000
926951,20260560341_11,20260560341,D,DISPATCHED,O,OPEN,Open,GALLATIN AVE,36.19000000021294,-86.7399999999232,,,7,CONVENIENCE STORE,1,39C,GAMBLING DEVICE OR RECORD- POSSESSION,NONE,1,No,S,SOCIETY,,,,,,,,,17,1789559700000,1789559700000
894439,20260560285_11,20260560285,D,DISPATCHED,O,OPEN,Open,ALBION ST,36.16999999991994,-86.81000000032267,,,5,"COMMERCIAL, OFFICE BUILDING",1,740,POLICE INQUIRY,NONE,1,No,I,INDIVIDUAL (18 AND OVER),F,B,Non-Hispanic,RESIDENT,,,,,17,1789318800000,1789559280000
897615,20260559662_11,20260559662,D,DISPATCHED,U,UNFOUNDED,Closed,612 612,36.06699999997734,-86.62899999972605,,,22,"RESIDENCE, HOME",1,740,POLICE INQUIRY,,1,No,O,OTHER,,,,,,,,37013.0,,1789527600000,1789559100000
927098,20260560320_11,20260560320,D,DISPATCHED,O,OPEN,Open,NEBRASKA AVE,36.13999999994927,-86.84000000010889,,,22,"RESIDENCE, HOME",1,23F,BURGLARY- MOTOR VEHICLE,,1,No,I,INDIVIDUAL (18 AND OVER),F,W,Non-Hispanic,NON RESIDENT,,,,,,1789525500000,1789558620000
926822,20260560208_11,20260560208,S,SUSPECT,O,OPEN,Open,LAFAYETTE ST,36.15000000024567,-86.75999999978066,,,13,"HIGHWAY, ROAD, ALLEY",1,13B,SIMPLE ASSLT - STRANGULATION (NO LOSS OF CONSCIOUSNESS),PERSONAL (HANDS),1,No,I,INDIVIDUAL (18 AND OVER),F,B,Non-Hispanic,RESIDENT,,,,,09,1789545600000,1789557480000
892900,20260560177_11,20260560177,D,DISPATCHED,O,OPEN,Open,26TH AVE N,36.159999999962295,-86.82000000025143,,,53,School-Elementary/Secondary,1,13B,SIMPLE ASSLT,OTHER,1,Yes,I,INDIVIDUAL (18 AND OVER),F,B,Non-Hispanic,RESIDENT,,,,,15,1789513200000,1789557180000
897612,20260560005_11,20260560005,D,DISPATCHED,U,UNFOUNDED,Closed,209 209,36.054000000101695,-86.69800000004282,,,22,"RESIDENCE, HOME",1,740,POLICE INQUIRY,,1,Yes,I,INDIVIDUAL (18 AND OVER),M,W,Hispanic,RESIDENT,,,,37211.0,,1789531380000,1789556580000
921743,20260560140_11,20260560140,D,DISPATCHED,O,OPEN,Open,MURFREESBORO,36.13999999994927,-86.72000000006571,,,25,"SERVICE, GAS STATION",1,240,VEHICLE THEFT,NONE,1,No,I,INDIVIDUAL (18 AND OVER),M,B,Non-Hispanic,UNKNOWN,,,,,17,1789544700000,1789556520000
897608,20260560247_11,20260560247,D,DISPATCHED,U,UNFOUNDED,Closed,110 110,36.22000000011304,-86.80299999974373,,,22,"RESIDENCE, HOME",1,740,POLICE INQUIRY,,1,Yes,I,INDIVIDUAL (18 AND OVER),F,B,Non-Hispanic,RESIDENT,,,,37207.0,,1789552800000,1789556460000
914902,20260560261_11,20260560261,D,DISPATCHED,U,UNFOUNDED,Closed,MM 3 0 I440 E & ,,,,,13,"HIGHWAY, ROAD, ALLEY",1,780,"RECOVERY, STOLEN PROPERTY",NONE,1,No,I,INDIVIDUAL (18 AND OVER),M,W,Non-Hispanic,UNKNOWN,,,,37215.0,17,1789555980000,1789555980000
892321,20260560148_11,20260560148,D,DISPATCHED,O,OPEN,Open,HICKORY HIGHLANDS DR,36.059999999965356,-86.6399999997375,,,20,"PARKING LOT, GARAGE",1,13A,INTENTIONAL AGGRAVATED ASSAULT,HANDGUN,1,No,I,INDIVIDUAL (18 AND OVER),M,B,Non-Hispanic,RESIDENT,,,,,01,1789546260000,1789555800000
892322,20260560148_22,20260560148,D,DISPATCHED,O,OPEN,Open,HICKORY HIGHLANDS DR,36.059999999965356,-86.6399999997375,,,20,"PARKING LOT, GARAGE",2,520,"WEAPON OFFENSE, CRIMINAL ATTEMPT",HANDGUN,2,No,S,SOCIETY,,,,,,,,,01,1789546260000,1789555800000
897602,20260560147_11,20260560147,D,DISPATCHED,U,UNFOUNDED,Closed,5800 5800,36.144000000126155,-86.86100000004909,,,90,APARTMENT,1,740,POLICE INQUIRY,NONE,1,Yes,I,INDIVIDUAL (18 AND OVER),F,U,Unknown,RESIDENT,,,,37209.0,17,1789546260000,1789554660000
922409,20260560189_11,20260560189,D,DISPATCHED,O,OPEN,Open,ROBINSON,36.25999999986106,-86.64999999966624,,,7,CONVENIENCE STORE,1,23C,SHOPLIFTING,NONE,1,No,B,BUSINESS,,,,,,,,,17,1789549200000,1789553580000
924945,20260560186_12,20260560186,S,SUSPECT,U,UNFOUNDED,Closed,DICKERSON PIKE & OAK VALLEY DR,36.231000000325814,-86.75899999969798,,,13,"HIGHWAY, ROAD, ALLEY",1,715,FOUND PROPERTY,NONE,2,No,I,INDIVIDUAL (18 AND OVER),M,U,Unknown,NON RESIDENT,,,,37207.0,17,1789549740000,1789553040000
924947,20260560186_13,20260560186,S,SUSPECT,U,UNFOUNDED,Closed,DICKERSON PIKE & OAK VALLEY DR,36.231000000325814,-86.75899999969798,,,13,"HIGHWAY, ROAD, ALLEY",1,715,FOUND PROPERTY,NONE,3,No,I,INDIVIDUAL (18 AND OVER),M,U,Unknown,NON RESIDENT,,,,37207.0,17,1789549740000,1789553040000
924950,20260560186_21,20260560186,S,SUSPECT,U,UNFOUNDED,Closed,DICKERSON PIKE & OAK VALLEY DR,36.231000000325814,-86.75899999969798,,,13,"HIGHWAY, ROAD, ALLEY",2,35B,DRUG PARAPHERNALIA- UNLAWFUL USE,NONE,1,No,S,SOCIETY,,,,,,,,37207.0,17,1789549740000,1789553040000
892685,20260559964_11,20260559964,D,DISPATCHED,A,CLEARED BY ARREST,Closed,1706 1706,36.04099999976909,-86.72499999958093,,,90,APARTMENT,1,13B,ASSAULT- OFFENSIVE OR PROVOCATIVE CONTACT,PERSONAL (HANDS),1,Yes,I,INDIVIDUAL (18 AND OVER),F,W,Non-Hispanic,RESIDENT,,,,37211.0,09,1789533660000,1789552080000
892333,20260560163_11,20260560163,D,DISPATCHED,O,OPEN,Open,N DUPONT AVE,36.27000000015372,-86.70000000020825,,,90,APARTMENT,1,13B,SIMPLE ASSLT,PERSONAL (HANDS),1,Yes,I,INDIVIDUAL (18 AND OVER),F,W,Non-Hispanic,UNKNOWN,,,,,09,1789542000000,1789550940000
892334,20260560163_12,20260560163,D,DISPATCHED,O,OPEN,Open,N DUPONT AVE,36.27000000015372,-86.70000000020825,,,90,APARTMENT,1,13B,SIMPLE ASSLT,PERSONAL (HANDS),2,Yes,I,INDIVIDUAL (18 AND OVER),M,W,Non-Hispanic,RESIDENT,,,,,09,1789542000000,1789550940000
931252,20260560162_11,20260560162,D,DISPATCHED,U,UNFOUNDED,Closed,500 500,36.14100000025182,-86.78199999980357,,,22,"RESIDENCE, HOME",1,740,POLICE INQUIRY,NONE,1,Yes,I,INDIVIDUAL (18 AND OVER),F,W,Non-Hispanic,RESIDENT,,,,37203.0,17,1789538400000,1789549380000
924876,20260560008_11,20260560008,D,DISPATCHED,A,CLEARED BY ARREST,Closed,3612 3612,36.21100000000074,-86.72100000014842,,,22,"RESIDENCE, HOME",1,220,BURGLARY - AGGRAVATED,PERSONAL (HANDS),1,No,I,INDIVIDUAL (18 AND OVER),M,W,Non-Hispanic,RESIDENT,,,,37216.0,09,1789535940000,1789546740000
924879,20260560008_12,20260560008,D,DISPATCHED,A,CLEARED BY ARREST,Closed,3612 3612,36.21100000000074,-86.72100000014842,,,22,"RESIDENCE, HOME",1,220,BURGLARY - AGGRAVATED,PERSONAL (HANDS),2,No,I,INDIVIDUAL (18 AND OVER),F,W,Non-Hispanic,UNKNOWN,,,,37216.0,09,1789535940000,1789546740000
924882,20260560008_13,20260560008,D,DISPATCHED,A,CLEARED BY ARREST,Closed,3612 3612,36.21100000000074,-86.72100000014842,,,22,"RESIDENCE, HOME",1,220,BURGLARY - AGGRAVATED,PERSONAL (HANDS),3,No,I,INDIVIDUAL (18 AND OVER),M,W,Non-Hispanic,RESIDENT,,,,37216.0,09,1789535940000,1789546740000
924885,20260560008_23,20260560008,D,DISPATCHED,A,CLEARED BY ARREST,Closed,3612 3612,36.21100000000074,-86.72100000014842,,,22,"RESIDENCE, HOME",2,290,DAMAGE PROP - PRIVATE,PERSONAL (HANDS),3,No,I,INDIVIDUAL (18 AND OVER),M,W,Non-Hispanic,RESIDENT,,,,37216.0,09,1789535940000,1789546740000
895088,20260559557_11,20260559557,D,DISPATCHED,U,UNFOUNDED,Closed,1714 1714,36.18499999992697,-86.81299999967248,,,22,"RESIDENCE, HOME",1,740,POLICE INQUIRY,NONE,1,Yes,I,INDIVIDUAL (18 AND OVER),F,B,Non-Hispanic,UNKNOWN,,,,37208.0,17,1789517580000,1789546080000
932233,20260560031_11,20260560031,D,DISPATCHED,O,OPEN,Open,26TH AVE N,36.159999999962295,-86.82000000025143,,,53,School-Elementary/Secondary,1,90F,FAMILY OFFENSE,NONE,1,No,S,SOCIETY,,,,,,,,,17,1789513200000,1789545840000
894665,20260559990_11,20260559990,D,DISPATCHED,A,CLEARED BY ARREST,Closed,501 501,36.15899999964666,-86.80099999957834,,,22,"RESIDENCE, HOME",1,13B,SIMPLE ASSLT,PERSONAL (HANDS),1,Yes,I,INDIVIDUAL (18 AND OVER),M,B,Non-Hispanic,RESIDENT,,,,37203.0,09,1789480800000,1789544580000
930496,20260559810_11,20260559810,S,SUSPECT,O,OPEN,Open,CITY PL,36.15000000024567,-86.82000000025143,,,20,"PARKING LOT, GARAGE",1,780,"RECOVERY, STOLEN PROPERTY",NONE,1,No,I,INDIVIDUAL (18 AND OVER),F,B,Non-Hispanic,UNKNOWN,,,,,17,1789500600000,1789544160000
926481,20260559960_11,20260559960,S,SUSPECT,A,CLEARED BY ARREST,Closed,12TH AVE S & LAUREL ST,36.1539999996859,-86.7860000001344,,,13,"HIGHWAY, ROAD, ALLEY",1,520,"WEAPON OFFENSE, CRIMINAL ATTEMPT",HANDGUN,1,No,S,SOCIETY,,,,,,,,37203.0,01,1789533600000,1789543920000
926482,20260559960_21,20260559960,S,SUSPECT,A,CLEARED BY ARREST,Closed,12TH AVE S & LAUREL ST,36.1539999996859,-86.7860000001344,,,13,"HIGHWAY, ROAD, ALLEY",2,35A,MARIJUANA - POSSESS,HANDGUN,1,No,S,SOCIETY,,,,,,,,37203.0,01,1789533600000,1789543920000
926483,20260559960_31,20260559960,S,SUSPECT,A,CLEARED BY ARREST,Closed,12TH AVE S & LAUREL ST,36.1539999996859,-86.7860000001344,,,13,"HIGHWAY, ROAD, ALLEY",3,35B,DRUG PARAPHERNALIA- UNLAWFUL USE,HANDGUN,1,No,S,SOCIETY,,,,,,,,37203.0,01,1789533600000,1789543920000
929414,20260560079_11,20260560079,D,DISPATCHED,U,UNFOUNDED,Closed,901 901,36.16500000022236,-86.80000000039394,,,90,APARTMENT,1,780,"RECOVERY, STOLEN PROPERTY",,1,No,I,INDIVIDUAL (18 AND OVER),M,B,Non-Hispanic,RESIDENT,,,,37208.0,,1789542420000,1789542420000
922416,20260560080_11,20260560080,D,DISPATCHED,O,OPEN,Open,BROADWAY,36.159999999962295,-86.77999999963816,,,3,"BAR, NIGHT CLUB",1,13B,SIMPLE ASSLT,PERSONAL (HANDS),1,No,I,INDIVIDUAL (18 AND OVER),F,W,Non-Hispanic,NON RESIDENT,,,,,09,1789538400000,1789542300000
927066,20260560019_11,20260560019,D,DISPATCHED,O,OPEN,Open,PLUS PARK BLVD,36.129999999702626,-86.72000000006571,,,20,"PARKING LOT, GARAGE",1,13C,ASSAULT- FEAR OF BODILY INJURY,,1,No,I,INDIVIDUAL (18 AND OVER),F,B,Non-Hispanic,RESIDENT,,,,,,1789531200000,1789542240000
927086,20260560035_11,20260560035,D,DISPATCHED,O,OPEN,Open,25TH AVE N,36.18000000021363,-86.82000000025143,,,90,APARTMENT,1,13A,"Assault, Aggravated - Deadly Weapon - Int/Kn",LETHAL/CUTTING INSTRUMENT,1,Yes,I,INDIVIDUAL (18 AND OVER),F,B,Non-Hispanic,RESIDENT,,,,,06,1789518600000,1789540620000
895380,20260559807_11,20260559807,D,DISPATCHED,A,CLEARED BY ARREST,Closed,501 501,36.15899999964666,-86.80099999957834,,,22,"RESIDENCE, HOME",1,13A,"Assault, Aggravated - Deadly Weapon - Int/Kn",LETHAL/CUTTING INSTRUMENT,1,Yes,I,INDIVIDUAL (18 AND OVER),M,B,Non-Hispanic,RESIDENT,,,,37203.0,06,1789520400000,1789540260000
895383,20260559807_22,20260559807,D,DISPATCHED,A,CLEARED BY ARREST,Closed,501 501,36.15899999964666,-86.80099999957834,,,22,"RESIDENCE, HOME",2,290,"VANDALISM- $1,000 OR LESS",PERSONAL (HANDS),2,Yes,I,INDIVIDUAL (18 AND OVER),F,B,Non-Hispanic,RESIDENT,,,,37203.0,09,1789520400000,1789540260000
930507,20260560036_11,20260560036,D,DISPATCHED,U,UNFOUNDED,Closed,801 801,36.12499999988536,-86.77700000028835,,,22,"RESIDENCE, HOME",1,740,POLICE INQUIRY,NONE,1,No,U,UNKNOWN,U,U,Unknown,NON RESIDENT,,,,37204.0,17,1789537500000,1789540200000
932232,20260560028_11,20260560028,D,DISPATCHED,U,UNFOUNDED,Closed,901 901,36.16500000022236,-86.80000000039394,,,90,APARTMENT,1,740,POLICE INQUIRY,,1,Yes,I,INDIVIDUAL (18 AND OVER),M,B,Non-Hispanic,RESIDENT,,,,37208.0,,1789533000000,1789539840000
924989,20260559700_11,20260559700,D,DISPATCHED,A,CLEARED BY ARREST,Closed,3111 3111,36.145999999900255,-86.81800000008602,,,13,"HIGHWAY, ROAD, ALLEY",1,290,"VANDALISM- >$1,000 BUT < $2,500",OTHER,1,Yes,I,INDIVIDUAL (18 AND OVER),M,B,Non-Hispanic,RESIDENT,,,,37203.0,15,1789516800000,1789539180000
892348,20260559916_11,20260559916,D,DISPATCHED,O,OPEN,Open,HUMMINGBIRD,36.22000000011304,-86.83000000018018,,,22,"RESIDENCE, HOME",1,850,CONTEMPT - VIOLATION OF PROTECTION ORDER,NONE,1,Yes,I,INDIVIDUAL (18 AND OVER),F,B,Non-Hispanic,RESIDENT,,,,,17,1789530900000,1789538940000
932763,20260559832_11,20260559832,D,DISPATCHED,A,CLEARED BY ARREST,Closed,145 145,36.11399999985069,-86.73699999967509,,,22,"RESIDENCE, HOME",1,13B,SIMPLE ASSLT,PERSONAL (HANDS),1,Yes,I,INDIVIDUAL (18 AND OVER),M,W,Non-Hispanic,RESIDENT,,,,37210.0,09,1789526700000,1789538700000
894486,20260559979_11,20260559979,D,DISPATCHED,U,UNFOUNDED,Closed,1938 1938,36.37200000008298,-86.73899999984049,,,22,"RESIDENCE, HOME",1,740,POLICE INQUIRY,NONE,1,Yes,I,INDIVIDUAL (18 AND OVER),F,W,Unknown,UNKNOWN,,,,37072.0,17,1789532340000,1789538580000
930338,20260560014_11,20260560014,D,DISPATCHED,U,UNFOUNDED,Closed,15180 15180,36.04500000005651,-86.72000000006571,,,90,APARTMENT,1,740,TRANSPORT,LETHAL/CUTTING INSTRUMENT,1,No,I,INDIVIDUAL (18 AND OVER),F,W,Non-Hispanic,RESIDENT,,,,37211.0,06,1789536360000,1789538160000
932229,20260559773_11,20260559773,D,DISPATCHED,O,OPEN,Open,WEST END AVE,36.15000000024567,-86.80000000039394,,,23,RESTAURANT,1,90Z,VIOLATION OF CONDITION OF RELEASE,NONE,1,Yes,I,INDIVIDUAL (18 AND OVER),M,B,Non-Hispanic,RESIDENT,,,,,17,1789516260000,1789538040000
927079,20260559950_11,20260559950,D,DISPATCHED,O,OPEN,Open,MURFREESBORO PIKE,36.090000000189825,-86.64999999966624,,,20,"PARKING LOT, GARAGE",1,13A,"Assault, Aggravated - Deadly Weapon - Int/Kn",HANDGUN,1,No,I,INDIVIDUAL (18 AND OVER),M,B,Unknown,RESIDENT,,,,,01,1789532100000,1789537260000
927082,20260559950_22,20260559950,D,DISPATCHED,O,OPEN,Open,MURFREESBORO PIKE,36.090000000189825,-86.64999999966624,,,20,"PARKING LOT, GARAGE",2,520,"WEAPON OFFENSE, CRIMINAL ATTEMPT",HANDGUN,2,No,S,SOCIETY,,,,,,,,,01,1789532100000,1789537260000
918905,20260559605_11,20260559605,S,SUSPECT,U,UNFOUNDED,Closed,610 610,36.14100000025182,-86.7399999999232,,,11,"GOVERNMENT, PUBLIC BUILDING",1,740,TRANSPORT,,1,No,I,INDIVIDUAL (18 AND OVER),M,W,Non-Hispanic,RESIDENT,,,,37210.0,,1789518060000,1789536180000
927073,20260559793_11,20260559793,D,DISPATCHED,A,CLEARED BY ARREST,Closed,6TH AVE S & KOREAN VETERANS BLVD,36.15599999977934,-86.77700000028835,,,13,"HIGHWAY, ROAD, ALLEY",1,13B,SIMPLE ASSLT,PERSONAL (HANDS),1,Yes,I,INDIVIDUAL (18 AND OVER),F,W,Non-Hispanic,NON RESIDENT,,,,37203.0,09,1789526100000,1789536180000
927076,20260559793_21,20260559793,D,DISPATCHED,A,CLEARED BY ARREST,Closed,6TH AVE S & KOREAN VETERANS BLVD,36.15599999977934,-86.77700000028835,,,13,"HIGHWAY, ROAD, ALLEY",2,290,DAMAGE PROP - PRIVATE,PERSONAL (HANDS),1,Yes,I,INDIVIDUAL (18 AND OVER),F,W,Non-Hispanic,NON RESIDENT,,,,37203.0,09,1789526100000,1789536180000
932228,20260559738_12,20260559738,D,DISPATCHED,A,CLEARED BY ARREST,Closed,946 946,36.068999999898516,-86.68199999961786,,,13,"HIGHWAY, ROAD, ALLEY",1,90F,CHILD NEGLECT - IMMINENT DANGER & CHILD 8 OR LESS,MOTOR VEHICLE,2,No,S,SOCIETY,,,,,,,,37013.0,08,1789523640000,1789536120000
928478,20260559962_11,20260559962,D,DISPATCHED,O,OPEN,Open,MARGARET ROBERTSON,36.18000000021363,-86.60000000002253,,,22,"RESIDENCE, HOME",1,26A,FRAUD - SWINDLE,NONE,1,No,I,INDIVIDUAL (18 AND OVER),F,W,Non-Hispanic,RESIDENT,,,,,17,1789523580000,1789536000000
921416,20260559672_11,20260559672,D,DISPATCHED,A,CLEARED BY ARREST,Closed,5272 5272,36.04599999979019,-86.66199999976038,,,7,CONVENIENCE STORE,1,780,"RECOVERY, STOLEN PROPERTY",HANDGUN,1,No,I,INDIVIDUAL (18 AND OVER),F,B,Non-Hispanic,RESIDENT,,,,37013.0,01,1789520400000,1789535640000
921420,20260559672_22,20260559672,D,DISPATCHED,A,CLEARED BY ARREST,Closed,5272 5272,36.04599999979019,-86.66199999976038,,,7,CONVENIENCE STORE,2,35A,POSSESSION OF A CONTROLLED SUBSTANCE,NONE,2,No,S,SOCIETY,,,,,,,,37013.0,17,1789520400000,1789535640000
921426,20260559767_11,20260559767,D,DISPATCHED,O,OPEN,Open,KINSEY BLVD,36.25000000002025,-86.69000000027951,,,22,"RESIDENCE, HOME",1,240,"THEFT OF VEHICLE-2,500 OR > BUT<$10,000",NONE,1,No,I,INDIVIDUAL (18 AND OVER),F,B,Non-Hispanic,RESIDENT,,,,,17,1788541200000,1789535040000
932227,20260560051_11,20260560051,D,DISPATCHED,U,UNFOUNDED,Closed,257 257,36.174000000032436,-86.59899999993983,,,90,APARTMENT,1,740,POLICE INQUIRY,NONE,1,Yes,U,UNKNOWN,M,U,Unknown,NON RESIDENT,,,,37076.0,17,1789534200000,1789534800000
926945,20260559655_11,20260559655,D,DISPATCHED,A,CLEARED BY ARREST,Closed,256 256,36.078999999789886,-86.71000000013699,,,13,"HIGHWAY, ROAD, ALLEY",1,35A,POSSESSION OF A CONTROLLED SUBSTANCE,NONE,1,No,S,SOCIETY,,,,,,,,37211.0,17,1789534500000,1789534500000
926948,20260559655_21,20260559655,D,DISPATCHED,A,CLEARED BY ARREST,Closed,256 256,36.078999999789886,-86.71000000013699,,,13,"HIGHWAY, ROAD, ALLEY",2,520,Weapon - Dangerous Felony - w/prior conviction,HANDGUN,1,No,S,SOCIETY,,,,,,,,37211.0,01,1789534500000,1789534500000
924815,20260559673_11,20260559673,D,DISPATCHED,U,UNFOUNDED,Closed,3217 3217,36.2170000001132,-86.82800000001475,,,22,"RESIDENCE, HOME",1,740,POLICE INQUIRY,NONE,1,Yes,I,INDIVIDUAL (18 AND OVER),F,B,Non-Hispanic,RESIDENT,,,,37218.0,17,1789516800000,1789534260000
929418,20260559937_11,20260559937,D,DISPATCHED,U,UNFOUNDED,Closed,4372 4372,36.20500000009323,-86.60400000035337,,,22,"RESIDENCE, HOME",1,810,LOST PROPERTY,NONE,1,No,I,INDIVIDUAL (18 AND OVER),F,W,Non-Hispanic,RESIDENT,,,,37076.0,17,1789516800000,1789533300000
926919,20260559910_11,20260559910,D,DISPATCHED,O,OPEN,Open,BASSWOOD AVE,36.159999999962295,-86.87999999982385,,,90,APARTMENT,1,240,VEHICLE THEFT,NONE,1,No,I,INDIVIDUAL (18 AND OVER),M,W,Non-Hispanic,UNKNOWN,,,,,17,1789495200000,1789533180000
929423,20260559914_11,20260559914,D,DISPATCHED,O,OPEN,Open,BELL RD,36.15000000024567,-86.61999999988002,,,25,"SERVICE, GAS STATION",1,23H,"THEFT OF PROPERTY- $1,000 OR >  BUT < $10,000",NONE,1,No,I,INDIVIDUAL (18 AND OVER),M,W,Non-Hispanic,RESIDENT,,,,,17,1789524000000,1789533000000
932226,20260559899_11,20260559899,D,DISPATCHED,U,UNFOUNDED,Closed,6 6,36.14699999988796,-86.76199999994608,,,22,"RESIDENCE, HOME",1,740,POLICE INQUIRY,NONE,1,No,I,INDIVIDUAL (18 AND OVER),F,B,Non-Hispanic,UNKNOWN,,,,37210.0,17,1789530780000,1789532880000
919627,20260559904_11,20260559904,D,DISPATCHED,U,UNFOUNDED,Closed,1614 1614,36.19299999998862,-86.84300000035704,,,22,"RESIDENCE, HOME",1,780,"RECOVERY, STOLEN PROPERTY",Unarmed,1,No,I,INDIVIDUAL (18 AND OVER),M,B,Non-Hispanic,RESIDENT,,,,37218.0,16,1789530300000,1789532160000
919630,20260559904_12,20260559904,D,DISPATCHED,U,UNFOUNDED,Closed,1614 1614,36.19299999998862,-86.84300000035704,,,22,"RESIDENCE, HOME",1,780,"RECOVERY, STOLEN PROPERTY",Unarmed,2,No,I,INDIVIDUAL (18 AND OVER),F,W,Non-Hispanic,NON RESIDENT,,,,37218.0,16,1789530300000,1789532160000
924670,20260559868_11,20260559868,D,DISPATCHED,O,OPEN,Open,E STEWARTS LN,36.19000000021294,-86.84000000010889,,,22,"RESIDENCE, HOME",1,13A,"Assault, Aggravated - Deadly Weapon - Int/Kn",RIFLE,1,No,I,INDIVIDUAL (18 AND OVER),F,W,Non-Hispanic,UNKNOWN,,,,,02,1789532100000,1789532100000
924671,20260559868_22,20260559868,D,DISPATCHED,O,OPEN,Open,E STEWARTS LN,36.19000000021294,-86.84000000010889,,,22,"RESIDENCE, HOME",2,520,"WEAPON OFFENSE, CRIMINAL ATTEMPT",RIFLE,2,No,S,SOCIETY,,,,,,,,,02,1789532100000,1789532100000
932225,20260559701_11,20260559701,D,DISPATCHED,U,UNFOUNDED,Closed,823 823,36.17799999972321,-86.79600000006313,,,90,APARTMENT,1,740,POLICE INQUIRY,NONE,1,Yes,I,INDIVIDUAL (18 AND OVER),F,B,Non-Hispanic,UNKNOWN,,,,37208.0,17,1789521060000,1789531320000
929410,20260559806_11,20260559806,S,SUSPECT,A,CLEARED BY ARREST,Closed,2400 2400,36.18499999992697,-86.8159999999206,,,13,"HIGHWAY, ROAD, ALLEY",1,520,"WEAPON OFFENSE, CRIMINAL ATTEMPT",HANDGUN,1,No,S,SOCIETY,,,,,,,,37208.0,01,1789527480000,1789531200000
928467,20260559796_11,20260559796,S,SUSPECT,U,UNFOUNDED,Closed,523 523,36.1629999998043,-86.78099999972085,,,4,"CHURCH, SYNAGOGUE, TEMPLE",1,715,FOUND PROPERTY,NONE,1,No,I,INDIVIDUAL (18 AND OVER),M,W,Hispanic,RESIDENT,,,,37219.0,17,1789526880000,1789531140000
924965,20260559800_11,20260559800,D,DISPATCHED,U,UNFOUNDED,Closed,2424 2424,36.201999999805906,-86.72499999958093,,,22,"RESIDENCE, HOME",1,740,POLICE INQUIRY,NONE,1,Yes,I,INDIVIDUAL (18 AND OVER),M,W,Non-Hispanic,UNKNOWN,,,,37216.0,17,1789526700000,1789530900000
923932,20260559782_11,20260559782,D,DISPATCHED,O,OPEN,Open,CLARKSVILLE PIKE,36.23999999981472,-86.83000000018018,,,22,"RESIDENCE, HOME",1,23H,"THEFT OF PROPERTY- $1,000 OR >  BUT < $10,000",NONE,1,No,I,INDIVIDUAL (18 AND OVER),M,W,Non-Hispanic,RESIDENT,,,,,17,1789401600000,1789530420000
932224,20260559813_11,20260559813,D,DISPATCHED,U,UNFOUNDED,Closed,212 212,36.13800000028207,-86.6399999997375,,,90,APARTMENT,1,740,POLICE INQUIRY,,1,No,I,INDIVIDUAL (18 AND OVER),F,W,Non-Hispanic,RESIDENT,,,,37214.0,,1789493400000,1789530180000
925557,20260559795_11,20260559795,D,DISPATCHED,U,UNFOUNDED,Closed,1938 1938,36.37200000008298,-86.73899999984049,,,22,"RESIDENCE, HOME",1,740,POLICE INQUIRY,NONE,1,No,I,INDIVIDUAL (18 AND OVER),F,W,Unknown,UNKNOWN,,,,37072.0,17,1789524000000,1789529820000
932762,20260559861_11,20260559861,D,DISPATCHED,U,UNFOUNDED,Closed,1717 1717,36.04099999976909,-86.60899999986857,,,13,"HIGHWAY, ROAD, ALLEY",1,740,POLICE INQUIRY,NONE,1,Yes,I,INDIVIDUAL (18 AND OVER),M,B,Non-Hispanic,RESIDENT,,,,37013.0,17,1789525800000,1789529460000
932223,20260559777_11,20260559777,D,DISPATCHED,U,UNFOUNDED,Closed,2425 2425,36.159999999962295,-86.69000000027951,,,90,APARTMENT,1,740,POLICE INQUIRY,NONE,1,Yes,I,INDIVIDUAL (18 AND OVER),F,W,Non-Hispanic,RESIDENT,,,,37214.0,17,1789524780000,1789529280000
928468,20260559788_11,20260559788,D,DISPATCHED,O,OPEN,Open,40TH,36.15000000024567,-86.83000000018018,,,20,"PARKING LOT, GARAGE",1,240,"THEFT OF VEHICLE-2,500 OR > BUT<$10,000",Unarmed,1,No,I,INDIVIDUAL (18 AND OVER),M,B,Non-Hispanic,RESIDENT,,,,,16,1789498800000,1789528920000
928469,20260559788_12,20260559788,D,DISPATCHED,O,OPEN,Open,40TH,36.15000000024567,-86.83000000018018,,,20,"PARKING LOT, GARAGE",1,240,"THEFT OF VEHICLE-2,500 OR > BUT<$10,000",Unarmed,2,No,I,INDIVIDUAL (18 AND OVER),F,A,Non-Hispanic,RESIDENT,,,,,16,1789498800000,1789528920000
927070,20260559608_11,20260559608,D,DISPATCHED,A,CLEARED BY ARREST,Closed,3111 3111,36.145999999900255,-86.81800000008602,,,13,"HIGHWAY, ROAD, ALLEY",1,13B,ASSAULT- OFFENSIVE OR PROVOCATIVE CONTACT,PERSONAL (HANDS),1,Yes,I,INDIVIDUAL (18 AND OVER),F,B,Non-Hispanic,RESIDENT,,,,37203.0,09,1789516800000,1789528680000
930217,20260559696_11,20260559696,D,DISPATCHED,U,UNFOUNDED,Closed,1717 1717,36.17899999982454,-86.80199999966105,,,22,"RESIDENCE, HOME",1,740,TRANSPORT,NONE,1,No,I,INDIVIDUAL (18 AND OVER),M,B,Non-Hispanic,UNKNOWN,,,,37208.0,17,1789511400000,1789528440000
922067,20260559765_11,20260559765,D,DISPATCHED,O,OPEN,Open,MITCHELL RD,36.18000000021363,-86.71000000013699,,,22,"RESIDENCE, HOME",1,13B,SIMPLE ASSLT,PERSONAL (HANDS),1,Yes,I,INDIVIDUAL (18 AND OVER),F,B,Non-Hispanic,RESIDENT,,,,,09,1789522080000,1789527600000
919247,20260559772_11,20260559772,D,DISPATCHED,O,OPEN,Open,CITY PL,36.15000000024567,-86.82000000025143,,,20,"PARKING LOT, GARAGE",1,240,VEHICLE THEFT,Unarmed,1,No,I,INDIVIDUAL (18 AND OVER),M,W,Non-Hispanic,UNKNOWN,,,,,16,1789500600000,1789527180000
919248,20260559772_12,20260559772,D,DISPATCHED,O,OPEN,Open,CITY PL,36.15000000024567,-86.82000000025143,,,20,"PARKING LOT, GARAGE",1,240,VEHICLE THEFT,Unarmed,2,No,I,INDIVIDUAL (18 AND OVER),F,B,Non-Hispanic,RESIDENT,,,,,16,1789500600000,1789527180000
932222,20260559781_11,20260559781,D,DISPATCHED,U,UNFOUNDED,Closed,2938 2938,36.15800000035669,-86.82100000033412,,,90,APARTMENT,1,740,POLICE INQUIRY,Unarmed,1,Yes,I,INDIVIDUAL (18 AND OVER),F,B,Unknown,NON RESIDENT,,,,37209.0,16,1789518420000,1789527060000
918907,20260559560_11,20260559560,D,DISPATCHED,U,UNFOUNDED,Closed,328 328,36.046999999895846,-86.84799999987223,,,22,"RESIDENCE, HOME",1,740,TRANSPORT,OTHER,1,Yes,I,INDIVIDUAL (18 AND OVER),M,A,Non-Hispanic,RESIDENT,,,,37215.0,15,1789515000000,1789526940000
927051,20260559375_11,20260559375,D,DISPATCHED,O,OPEN,Open,BURNING TREE DR,36.16999999991994,-86.60000000002253,,,90,APARTMENT,1,13C,ASSAULT- FEAR OF BODILY INJURY,,1,No,I,INDIVIDUAL (18 AND OVER),F,W,Non-Hispanic,RESIDENT,,,,,,1789507800000,1789526700000
923872,20260559729_11,20260559729,D,DISPATCHED,A,CLEARED BY ARREST,Closed,6814 6814,36.133999999638924,-86.88999999975259,,,8,"DEPARTMENT, DISCOUNT STORE",1,23C,SHOPLIFTING,NONE,1,No,B,BUSINESS,,,,,,,,37209.0,17,1789526460000,1789526460000
926480,20260559552_11,20260559552,D,DISPATCHED,R,REFUSED TO COOPERATE,Closed,1217 1217,36.072000000280795,-86.59699999977443,,,22,"RESIDENCE, HOME",1,290,"VANDALISM- $1,000 OR LESS",NONE,1,No,I,INDIVIDUAL (18 AND OVER),F,W,Non-Hispanic,RESIDENT,,,,37013.0,17,1788945240000,1789526460000
898489,20260559222_11,20260559222,D,DISPATCHED,O,OPEN,Open,MUSIC VALLEY,36.22000000011304,-86.69000000027951,,,20,"PARKING LOT, GARAGE",1,240,VEHICLE THEFT,NONE,1,No,I,INDIVIDUAL (18 AND OVER),F,W,Non-Hispanic,NON RESIDENT,,,,,17,1788728400000,1789526160000
898490,20260559222_12,20260559222,D,DISPATCHED,O,OPEN,Open,MUSIC VALLEY,36.22000000011304,-86.69000000027951,,,20,"PARKING LOT, GARAGE",1,240,VEHICLE THEFT,NONE,2,No,G,GOVERNMENT,,,,,,,,,17,1788728400000,1789526160000
932764,20260559653_11,20260559653,D,DISPATCHED,U,UNFOUNDED,Closed,124 124,36.174000000032436,-86.60200000018794,,,90,APARTMENT,1,740,POLICE INQUIRY,NONE,1,No,I,INDIVIDUAL (18 AND OVER),M,B,Non-Hispanic,RESIDENT,,,,37076.0,17,1789524000000,1789526160000
893943,20260559524_11,20260559524,D,DISPATCHED,U,UNFOUNDED,Closed,2231 2231,36.18799999983186,-86.81900000016873,,,7,CONVENIENCE STORE,1,740,POLICE INQUIRY,NONE,1,No,I,INDIVIDUAL (18 AND OVER),F,W,Non-Hispanic,UNKNOWN,,,,37228.0,17,1789525860000,1789525860000
932221,20260559736_11,20260559736,D,DISPATCHED,U,UNFOUNDED,Closed,1045 1045,36.227999999744775,-86.77500000012294,,,90,APARTMENT,1,740,POLICE INQUIRY,NONE,1,Yes,I,INDIVIDUAL (18 AND OVER),F,B,Non-Hispanic,RESIDENT,,,,37207.0,17,1789512000000,1789525860000
930835,20260559751_11,20260559751,D,DISPATCHED,O,OPEN,Open,PACKARD DR,36.059999999965356,-86.69000000027951,,,20,"PARKING LOT, GARAGE",1,23G,LARC - PARTS FROM VEH,NONE,1,No,I,INDIVIDUAL (18 AND OVER),M,W,Hispanic,RESIDENT,,,,,17,1789525380000,1789525380000
929425,20260559746_11,20260559746,D,DISPATCHED,O,OPEN,Open,GALLATIN,36.30999999970611,-86.69000000027951,,,8,"DEPARTMENT, DISCOUNT STORE",1,23C,SHOPLIFTING,,1,No,B,BUSINESS,,,,,,,,,,1789515780000,1789525320000
930240,20260559745_11,20260559745,D,DISPATCHED,O,OPEN,Open,DICKERSON PIKE,36.25000000002025,-86.75999999978066,,,8,"DEPARTMENT, DISCOUNT STORE",1,23C,SHOPLIFTING,PERSONAL (HANDS),1,No,B,BUSINESS,,,,,,,,,09,1789491600000,1789525200000
930837,20260559521_11,20260559521,D,DISPATCHED,A,CLEARED BY ARREST,Closed,5824 5824,36.042000000187876,-86.71300000038511,,,12,"GROCERY, SUPERMARKET",1,23C,SHOPLIFTING,NONE,1,No,B,BUSINESS,,,,,,,,37013.0,17,1789514400000,1789525080000
932165,20260559527_11,20260559527,D,DISPATCHED,O,OPEN,Open,I440  E,36.12000000013524,-86.74999999985195,,,13,"HIGHWAY, ROAD, ALLEY",1,13B,SIMPLE ASSLT,PERSONAL (HANDS),1,Yes,I,INDIVIDUAL (18 AND OVER),F,B,Non-Hispanic,RESIDENT,,,,,09,1788936600000,1789524840000
932220,20260559242_11,20260559242,D,DISPATCHED,U,UNFOUNDED,Closed,726 726,36.21599999967333,-86.81299999967248,,,13,"HIGHWAY, ROAD, ALLEY",1,740,POLICE INQUIRY,NONE,1,No,I,INDIVIDUAL (18 AND OVER),F,B,Non-Hispanic,RESIDENT,,,,37207.0,17,1789505100000,1789524720000
926914,20260559675_11,20260559675,D,DISPATCHED,O,OPEN,Open,CENTURY,36.13999999994927,-86.69000000027951,,,20,"PARKING LOT, GARAGE",1,23F,BURGLARY- MOTOR VEHICLE,NONE,1,No,I,INDIVIDUAL (18 AND OVER),M,W,Non-Hispanic,NON RESIDENT,,,,,17,1789084800000,1789524660000
916938,20260559717_11,20260559717,D,DISPATCHED,U,UNFOUNDED,Closed,570 570,36.05500000025484,-86.72799999982904,,,90,APARTMENT,1,740,POLICE INQUIRY,NONE,1,No,I,INDIVIDUAL (18 AND OVER),F,W,Non-Hispanic,RESIDENT,,,,37211.0,17,1789524600000,1789524600000
927555,20260559562_11,20260559562,D,DISPATCHED,U,UNFOUNDED,Closed,660 660,36.14800000018361,-86.67299999977183,,,22,"RESIDENCE, HOME",1,740,POLICE INQUIRY,,1,No,I,INDIVIDUAL (18 AND OVER),F,W,Non-Hispanic,UNKNOWN,,,,37076.0,,1789516560000,1789524180000
930188,20260559429_11,20260559429,D,DISPATCHED,U,UNFOUNDED,Closed,6828 6828,36.014000000099166,-86.69900000012554,,,22,"RESIDENCE, HOME",1,740,TRANSPORT,NONE,1,No,I,INDIVIDUAL (18 AND OVER),M,W,Non-Hispanic,RESIDENT,,,,37013.0,17,1789512000000,1789524180000
932756,20260559695_11,20260559695,D,DISPATCHED,U,UNFOUNDED,Closed,1009 1009,36.25499999984463,-86.75099999993463,,,22,"RESIDENCE, HOME",1,740,POLICE INQUIRY,NONE,1,Yes,I,INDIVIDUAL (18 AND OVER),M,W,Hispanic,RESIDENT,,,,37115.0,17,1789521540000,1789524060000
932758,20260559591_11,20260559591,D,DISPATCHED,O,OPEN,Open,LEBANON PIKE,36.16999999991994,-86.68000000035076,,,13,"HIGHWAY, ROAD, ALLEY",1,13A,"ASSAULT, VEHICULAR, AGGRAVATED",MOTOR VEHICLE,1,No,I,INDIVIDUAL (18 AND OVER),F,W,Non-Hispanic,RESIDENT,,,,,08,1789397100000,1789523760000
932759,20260559591_12,20260559591,D,DISPATCHED,O,OPEN,Open,LEBANON PIKE,36.16999999991994,-86.68000000035076,,,13,"HIGHWAY, ROAD, ALLEY",1,13A,"ASSAULT, VEHICULAR, AGGRAVATED",MOTOR VEHICLE,2,No,I,INDIVIDUAL (18 AND OVER),M,W,Non-Hispanic,RESIDENT,,,,,08,1789397100000,1789523760000
932760,20260559591_13,20260559591,D,DISPATCHED,O,OPEN,Open,LEBANON PIKE,36.16999999991994,-86.68000000035076,,,13,"HIGHWAY, ROAD, ALLEY",1,13A,"ASSAULT, VEHICULAR, AGGRAVATED",MOTOR VEHICLE,3,No,I,INDIVIDUAL (18 AND OVER),F,W,Non-Hispanic,RESIDENT,,,,,08,1789397100000,1789523760000
928945,20260559515_11,20260559515,D,DISPATCHED,U,UNFOUNDED,Closed, & ,,,,,90,APARTMENT,1,740,TRANSPORT,NONE,1,No,I,INDIVIDUAL (18 AND OVER),M,W,Non-Hispanic,RESIDENT,,,,,17,1789523400000,1789523400000
932646,20260559648_11,20260559648,D,DISPATCHED,U,UNFOUNDED,Closed,801 801,36.17899999982454,-86.71399999956948,,,22,"RESIDENCE, HOME",1,740,POLICE INQUIRY,NONE,1,Yes,I,INDIVIDUAL (18 AND OVER),F,B,Non-Hispanic,RESIDENT,,,,37206.0,17,1789516800000,1789523040000
919670,20260559656_11,20260559656,D,DISPATCHED,O,OPEN,Open,CHEYENNE BLVD,36.25999999986106,-86.68000000035076,,,90,APARTMENT,1,220,BURGLARY - AGGRAVATED,PERSONAL (HANDS),1,No,I,INDIVIDUAL (18 AND OVER),F,B,Non-Hispanic,RESIDENT,,,,,09,1789519800000,1789522260000
930345,20260559666_11,20260559666,S,SUSPECT,U,UNFOUNDED,Closed,1441 1441,36.137000000193275,-86.7890000003825,,,28,"OTHER, UNKNOWN",1,740,POLICE INQUIRY,NONE,1,No,G,GOVERNMENT,,,,,,,,37212.0,17,1767321060000,1789522260000
932757,20260559599_11,20260559599,S,SUSPECT,O,OPEN,Open,N DUPONT AVE,36.27000000015372,-86.70000000020825,,,90,APARTMENT,1,13C,ASSAULT- FEAR OF BODILY INJURY,,1,No,I,INDIVIDUAL (18 AND OVER),F,B,Non-Hispanic,RESIDENT,,,,,,1789516800000,1789522200000
930189,20260559541_11,20260559541,D,DISPATCHED,U,UNFOUNDED,Closed,6501 6501,36.090000000189825,-86.89099999983532,,,90,APARTMENT,1,740,TRANSPORT,NONE,1,No,I,INDIVIDUAL (18 AND OVER),F,W,Non-Hispanic,RESIDENT,,,,37205.0,17,1789514880000,1789522020000
927044,20260559454_11,20260559454,D,DISPATCHED,A,CLEARED BY ARREST,Closed,7048 7048,36.006999999983236,-86.69299999962931,,,22,"RESIDENCE, HOME",1,13C,ASSAULT- FEAR OF BODILY INJURY,,1,Yes,I,INDIVIDUAL (18 AND OVER),F,W,Non-Hispanic,RESIDENT,,,,37013.0,,1789513500000,1789521900000
930493,20260559550_11,20260559550,D,DISPATCHED,O,OPEN,Open,NOLENSVILLE PIKE,36.06999999966938,-86.72000000006571,,,21,RENTAL STORAGE FACILITY,1,220,BURGL - NO FORCED ENTRY-NONRESID,NONE,1,No,B,BUSINESS,,,,,,,,,17,1784653200000,1789521120000
930494,20260559550_12,20260559550,D,DISPATCHED,O,OPEN,Open,NOLENSVILLE PIKE,36.06999999966938,-86.72000000006571,,,21,RENTAL STORAGE FACILITY,1,220,BURGL - NO FORCED ENTRY-NONRESID,NONE,2,No,I,INDIVIDUAL (18 AND OVER),F,B,Non-Hispanic,UNKNOWN,,,,,17,1784653200000,1789521120000
932150,20260559627_11,20260559627,S,SUSPECT,P,PROSECUTION DECLINED,Closed,S 4TH ST & SHELBY AVE,36.16699999965114,-86.7640000001115,,,13,"HIGHWAY, ROAD, ALLEY",1,35A,MARIJUANA - POSSESS,NONE,1,No,S,SOCIETY,,,,,,,,37206.0,17,1789518840000,1789520580000
932575,20260559413_11,20260559413,D,DISPATCHED,U,UNFOUNDED,Closed,409 409,36.229999999876554,-86.80199999966105,,,22,"RESIDENCE, HOME",1,740,TRANSPORT,NONE,1,No,I,INDIVIDUAL (18 AND OVER),M,B,Non-Hispanic,RESIDENT,,,,37207.0,17,1789507800000,1789520460000
931241,20260559193_11,20260559193,D,DISPATCHED,O,OPEN,Open,TONEY RD,36.209999999706326,-86.7899999995669,,,22,"RESIDENCE, HOME",1,13B,SIMPLE ASSLT,PERSONAL (HANDS),1,Yes,I,INDIVIDUAL (18 AND OVER),F,W,Non-Hispanic,UNKNOWN,,,,,09,1789502400000,1789520340000
931244,20260559193_12,20260559193,D,DISPATCHED,O,OPEN,Open,TONEY RD,36.209999999706326,-86.7899999995669,,,22,"RESIDENCE, HOME",1,13B,SIMPLE ASSLT,PERSONAL (HANDS),2,Yes,I,INDIVIDUAL (18 AND OVER),M,W,Non-Hispanic,RESIDENT,,,,,09,1789502400000,1789520340000
931249,20260559193_13,20260559193,D,DISPATCHED,O,OPEN,Open,TONEY RD,36.209999999706326,-86.7899999995669,,,22,"RESIDENCE, HOME",1,13B,SIMPLE ASSLT,PERSONAL (HANDS),3,Yes,I,INDIVIDUAL (18 AND OVER),F,W,Non-Hispanic,RESIDENT,,,,,09,1789502400000,1789520340000
917805,20260559451_11,20260559451,D,DISPATCHED,O,OPEN,Open,MEDICAL CENTER DR,36.13999999994927,-86.80000000039394,,,13,"HIGHWAY, ROAD, ALLEY",1,13C,ASSAULT- FEAR OF BODILY INJURY,,1,Yes,I,INDIVIDUAL (18 AND OVER),F,B,Non-Hispanic,RESIDENT,,,,,,1789507800000,1789519980000
932638,20260559601_11,20260559601,D,DISPATCHED,U,UNFOUNDED,Closed,412 412,36.18100000016468,-86.75799999961527,,,22,"RESIDENCE, HOME",1,740,POLICE INQUIRY,NONE,1,Yes,I,INDIVIDUAL (18 AND OVER),M,B,Unknown,UNKNOWN,,,,37206.0,17,1789515000000,1789519980000
930838,20260559613_11,20260559613,D,DISPATCHED,O,OPEN,Open,SIGLER ST,36.15000000024567,-86.7899999995669,,,22,"RESIDENCE, HOME",1,23F,BURGLARY- MOTOR VEHICLE,NONE,1,No,I,INDIVIDUAL (18 AND OVER),F,W,Non-Hispanic,RESIDENT,,,,,17,1789507800000,1789519860000
932637,20260559638_11,20260559638,D,DISPATCHED,O,OPEN,Open,GLASTONBURY RD,36.13999999994927,-86.70000000020825,,,20,"PARKING LOT, GARAGE",1,23F,BURGLARY- MOTOR VEHICLE,Unarmed,1,No,I,INDIVIDUAL (18 AND OVER),M,W,Non-Hispanic,RESIDENT,,,,,16,1789511400000,1789519620000
932761,20260559538_11,20260559538,D,DISPATCHED,U,UNFOUNDED,Closed,2901 2901,36.04099999976909,-86.63300000005688,,,22,"RESIDENCE, HOME",1,740,POLICE INQUIRY,NONE,1,No,I,INDIVIDUAL (18 AND OVER),M,W,Non-Hispanic,RESIDENT,,,,37013.0,17,1789493820000,1789519080000
924809,20260559574_11,20260559574,D,DISPATCHED,U,UNFOUNDED,Closed,GALLATIN AVE & MAIN ST,36.17799999972321,-86.75200000001735,,,13,"HIGHWAY, ROAD, ALLEY",1,715,FOUND PROPERTY,NONE,1,No,U,UNKNOWN,U,U,Unknown,NON RESIDENT,,,,37206.0,17,1789515600000,1789519020000
927095,20260559558_11,20260559558,D,DISPATCHED,O,OPEN,Open,DICKERSON PIKE,36.19000000021294,-86.76999999970943,,,12,"GROCERY, SUPERMARKET",1,23C,"THEFT OF MERCHANDISE- $1,000 OR LESS",,1,No,B,BUSINESS,,,,,,,,,,1789515000000,1789518420000
928573,20260559586_11,20260559586,D,DISPATCHED,O,OPEN,Open,GLASTONBURY RD,36.129999999702626,-86.70000000020825,,,90,APARTMENT,1,240,VEHICLE THEFT,Unarmed,1,No,I,INDIVIDUAL (18 AND OVER),F,B,Non-Hispanic,RESIDENT,,,,,16,1789428600000,1789518360000
928187,20260559504_11,20260559504,D,DISPATCHED,O,OPEN,Open,LIBERTY,36.30999999970611,-86.69000000027951,,,8,"DEPARTMENT, DISCOUNT STORE",1,26A,FRAUD - SWINDLE,PERSONAL (HANDS),1,No,I,INDIVIDUAL (18 AND OVER),F,B,Non-Hispanic,RESIDENT,,,,,09,1789406100000,1789517700000
930833,20260559273_11,20260559273,D,DISPATCHED,U,UNFOUNDED,Closed,3117 3117,36.16099999985248,-86.82299999960124,,,22,"RESIDENCE, HOME",1,740,TRANSPORT,NONE,1,No,I,INDIVIDUAL (18 AND OVER),F,W,Non-Hispanic,RESIDENT,,,,37209.0,17,1789507800000,1789516800000
930836,20260559512_11,20260559512,D,DISPATCHED,U,UNFOUNDED,Closed,831 831,36.133999999638924,-86.70200000037366,,,90,APARTMENT,1,740,POLICE INQUIRY,NONE,1,Yes,I,INDIVIDUAL (18 AND OVER),F,W,Non-Hispanic,UNKNOWN,,,,37217.0,17,1789515240000,1789516320000
928941,20260559470_11,20260559470,D,DISPATCHED,U,UNFOUNDED,Closed,819 819,36.25499999984463,-86.71499999965219,,,7,CONVENIENCE STORE,1,740,POLICE INQUIRY,NONE,1,No,I,INDIVIDUAL (18 AND OVER),F,W,Non-Hispanic,RESIDENT,,,,37115.0,17,1789515060000,1789515060000
930495,20260559321_11,20260559321,D,DISPATCHED,P,PROSECUTION DECLINED,Closed,336 336,36.23500000031618,-86.75999999978066,,,5,"COMMERCIAL, OFFICE BUILDING",1,220,BURGL - NO FORCED ENTRY-NONRESID,NONE,1,No,B,BUSINESS,,,,,,,,37207.0,17,1789434720000,1789515060000
925618,20260559397_11,20260559397,D,DISPATCHED,U,UNFOUNDED,Closed,3711 3711,36.260999999706584,-86.75700000043086,,,22,"RESIDENCE, HOME",1,740,POLICE INQUIRY,NONE,1,No,I,INDIVIDUAL (18 AND OVER),M,W,Non-Hispanic,UNKNOWN,,,,37207.0,17,1756731600000,1789515000000
917339,20260559436_11,20260559436,D,DISPATCHED,O,OPEN,Open,8TH,36.18000000021363,-86.75999999978066,,,90,APARTMENT,1,90F,CRIMINAL CONTEMPT-VIOLATION OF ORDER OF PROTECTION,NONE,1,Yes,I,INDIVIDUAL (18 AND OVER),F,B,Non-Hispanic,UNKNOWN,,,,,17,1789508400000,1789514760000
893947,20260559275_11,20260559275,D,DISPATCHED,U,UNFOUNDED,Closed,922 922,36.129999999702626,-86.63799999957207,,,22,"RESIDENCE, HOME",1,740,POLICE INQUIRY,NONE,1,Yes,I,INDIVIDUAL (18 AND OVER),F,B,Non-Hispanic,UNKNOWN,,,,37214.0,17,1789505940000,1789514700000
922411,20260559295_11,20260559295,D,DISPATCHED,O,OPEN,Open,BRICK CHURCH PIKE,36.22000000011304,-86.77999999963816,,,52,School-College/University,1,13B,SIMPLE ASSLT,PERSONAL (HANDS),1,No,I,INDIVIDUAL (18 AND OVER),M,W,Non-Hispanic,NON RESIDENT,,,,,09,1789507800000,1789514040000
928574,20260559437_11,20260559437,D,DISPATCHED,O,OPEN,Open,TRAVIS DR,36.080000000195604,-86.72999999999446,,,20,"PARKING LOT, GARAGE",1,240,"THEFT OF VEHICLE-2,500 OR > BUT<$10,000",NONE,1,No,I,INDIVIDUAL (18 AND OVER),M,W,Non-Hispanic,RESIDENT,,,,,17,1789459200000,1789514040000
919238,20260559377_11,20260559377,D,DISPATCHED,O,OPEN,Open,ROBINSON RD,36.25999999986106,-86.65999999959497,,,90,APARTMENT,1,23F,BURGLARY- MOTOR VEHICLE,,1,No,I,INDIVIDUAL (18 AND OVER),F,B,Non-Hispanic,RESIDENT,,,,,,1789426800000,1789512900000
921731,20260559202_11,20260559202,D,DISPATCHED,U,UNFOUNDED,Closed,808 808,36.16399999986469,-86.75799999961527,,,90,APARTMENT,1,740,POLICE INQUIRY,NONE,1,Yes,I,INDIVIDUAL (18 AND OVER),F,B,Non-Hispanic,RESIDENT,,,,37206.0,17,1789477200000,1789512060000
895681,20260559346_11,20260559346,D,DISPATCHED,U,UNFOUNDED,Closed,5500 5500,36.151000000010846,-86.85599999963556,,,13,"HIGHWAY, ROAD, ALLEY",1,740,POLICE INQUIRY,NONE,1,No,I,INDIVIDUAL (18 AND OVER),M,W,Non-Hispanic,RESIDENT,,,,37209.0,17,1789511820000,1789511820000
930344,20260559219_11,20260559219,D,DISPATCHED,U,UNFOUNDED,Closed,4808 4808,36.23999999981472,-86.87200000006052,,,22,"RESIDENCE, HOME",1,740,POLICE INQUIRY,NONE,1,No,I,INDIVIDUAL (18 AND OVER),M,W,Non-Hispanic,UNKNOWN,,,,37218.0,17,1789500000000,1789511160000
928566,20260559315_11,20260559315,D,DISPATCHED,U,UNFOUNDED,Closed,81 81,36.145999999900255,-86.75799999961527,,,20,"PARKING LOT, GARAGE",1,780,"RECOVERY, STOLEN PROPERTY",NONE,1,No,B,BUSINESS,,,,,,,,37210.0,17,1789510740000,1789510740000
928943,20260559345_11,20260559345,D,DISPATCHED,U,UNFOUNDED,Closed,500 500,36.16099999985248,-86.77899999955544,,,26,SPECIALTY STORE,1,740,POLICE INQUIRY,NONE,1,No,I,INDIVIDUAL (18 AND OVER),M,W,Non-Hispanic,NON RESIDENT,,,,37203.0,17,1789506120000,1789510560000
928486,20260559165_11,20260559165,D,DISPATCHED,U,UNFOUNDED,Closed,101 101,36.04500000005651,-86.72000000006571,,,6,CONSTRUCTION SITE,1,780,"RECOVERY, STOLEN PROPERTY",NONE,1,No,B,BUSINESS,,,,,,,,37211.0,17,1789502400000,1789510380000
928487,20260559165_22,20260559165,D,DISPATCHED,U,UNFOUNDED,Closed,101 101,36.04500000005651,-86.72000000006571,,,6,CONSTRUCTION SITE,2,715,FOUND PROPERTY,NONE,2,No,I,INDIVIDUAL (18 AND OVER),U,U,Unknown,NON RESIDENT,,,,37211.0,17,1789502400000,1789510380000
925621,20260559300_11,20260559300,D,DISPATCHED,O,OPEN,Open,RODNEY DR,36.12000000013524,-86.9099999996101,,,22,"RESIDENCE, HOME",1,26A,FRAUD - SWINDLE,NONE,1,No,I,INDIVIDUAL (18 AND OVER),M,W,Unknown,RESIDENT,,,,,17,1787763600000,1789510320000
928944,20260559267_11,20260559267,D,DISPATCHED,R,REFUSED TO COOPERATE,Closed,101 101,36.20000000001247,-86.76999999970943,,,90,APARTMENT,1,740,POLICE INQUIRY,NONE,1,Yes,I,INDIVIDUAL (18 AND OVER),F,U,Unknown,RESIDENT,,,,37207.0,17,1789504200000,1789509480000
928309,20260558991_11,20260558991,D,DISPATCHED,O,OPEN,Open,SUGAR CREEK,36.159999999962295,-86.64999999966624,,,90,APARTMENT,1,13A,INTENTIONAL AGGRAVATED ASSAULT,LETHAL/CUTTING INSTRUMENT,1,Yes,I,INDIVIDUAL (18 AND OVER),F,B,Non-Hispanic,RESIDENT,,,,,06,1789488780000,1789509360000
928310,20260558991_21,20260558991,D,DISPATCHED,O,OPEN,Open,SUGAR CREEK,36.159999999962295,-86.64999999966624,,,90,APARTMENT,2,290,"VANDALISM- $1,000 OR LESS",PERSONAL (HANDS),1,Yes,I,INDIVIDUAL (18 AND OVER),F,B,Non-Hispanic,RESIDENT,,,,,09,1789488780000,1789509360000
924802,20260559285_11,20260559285,D,DISPATCHED,O,OPEN,Open,PATTERSON ST,36.159999999962295,-86.80000000039394,,,20,"PARKING LOT, GARAGE",1,240,VEHICLE THEFT,NONE,1,No,I,INDIVIDUAL (18 AND OVER),F,B,Non-Hispanic,UNKNOWN,,,,,17,1789479000000,1789509240000
915307,20260559223_11,20260559223,D,DISPATCHED,U,UNFOUNDED,Closed,740 740,,,,,22,"RESIDENCE, HOME",1,740,POLICE INQUIRY,NONE,1,No,I,INDIVIDUAL (18 AND OVER),M,W,Unknown,RESIDENT,,,,37221.0,17,1788440400000,1789509120000
917439,20260559218_12,20260559218,D,DISPATCHED,O,OPEN,Open,RIVERSIDE DR,36.19000000021294,-86.72000000006571,,,22,"RESIDENCE, HOME",1,13B,SIMPLE ASSLT - STRANGULATION (NO LOSS OF CONSCIOUSNESS),PERSONAL (HANDS),2,Yes,I,INDIVIDUAL (18 AND OVER),M,W,Non-Hispanic,RESIDENT,,,,,09,1789505520000,1789509120000
932145,20260559137_11,20260559137,D,DISPATCHED,O,OPEN,Open,DIVISION,36.15000000024567,-86.77999999963816,,,90,APARTMENT,1,220,BURGLARY,NONE,1,No,I,INDIVIDUAL (18 AND OVER),M,W,Non-Hispanic,RESIDENT,,,,,17,1789495200000,1789508940000
932617,20260559269_11,20260559269,D,DISPATCHED,O,OPEN,Open,ELM HILL PIKE,36.13999999994927,-86.6399999997375,,,53,School-Elementary/Secondary,1,23D,LARC - FROM BLDG,NONE,1,No,B,BUSINESS,,,,,,,,,17,1789480800000,1789508820000
932622,20260559244_11,20260559244,D,DISPATCHED,O,OPEN,Open,FOXTON LN,36.059999999965356,-86.60000000002253,,,22,"RESIDENCE, HOME",1,290,DAMAGE PROP - PRIVATE,,1,No,I,INDIVIDUAL (18 AND OVER),F,B,Non-Hispanic,UNKNOWN,,,,,,1789504200000,1789508760000
932573,20260559259_11,20260559259,D,DISPATCHED,O,OPEN,Open,OLD HICKORY BLVD,36.080000000195604,-86.92000000043713,,,40,ATM Separate from Bank,1,26A,FRAUD - SWINDLE,PERSONAL (HANDS),1,No,I,INDIVIDUAL (18 AND OVER),M,B,Non-Hispanic,RESIDENT,,,,,09,1789495200000,1789508640000
895679,20260559261_11,20260559261,D,DISPATCHED,U,UNFOUNDED,Closed,2060 2060,36.129999999702626,-86.7909999996496,,,11,"GOVERNMENT, PUBLIC BUILDING",1,740,POLICE INQUIRY,,1,No,U,UNKNOWN,U,U,Unknown,NON RESIDENT,,,,37212.0,,1789508400000,1789508400000
895677,20260558781_11,20260558781,D,DISPATCHED,U,UNFOUNDED,Closed,2205 2205,36.05900000016603,-86.59799999985711,,,7,CONVENIENCE STORE,1,740,POLICE INQUIRY,NONE,1,No,B,BUSINESS,,,,,,,,37013.0,17,1789484700000,1789508340000
929412,20260558983_11,20260558983,D,DISPATCHED,O,OPEN,Open,SHAUNA DR,36.15000000024567,-86.65999999959497,,,22,"RESIDENCE, HOME",1,13C,ASSAULT- FEAR OF BODILY INJURY,,1,No,I,INDIVIDUAL (18 AND OVER),M,W,Non-Hispanic,RESIDENT,,,,,,1789489800000,1789508340000
915303,20260559230_11,20260559230,D,DISPATCHED,U,UNFOUNDED,Closed,8322 8322,36.200999999772336,-86.6160000004475,,,22,"RESIDENCE, HOME",1,740,POLICE INQUIRY,NONE,1,No,I,INDIVIDUAL (18 AND OVER),F,W,Non-Hispanic,UNKNOWN,,,,37076.0,17,1789502580000,1789508040000
928575,20260559281_11,20260559281,S,SUSPECT,U,UNFOUNDED,Closed,5655 5655,36.17599999966112,-86.60799999978586,,,9,HOSPITAL,1,715,FOUND PROPERTY,NONE,1,No,I,INDIVIDUAL (18 AND OVER),M,W,Non-Hispanic,UNKNOWN,,,,37076.0,17,1789507980000,1789507980000
931796,20260559245_11,20260559245,D,DISPATCHED,U,UNFOUNDED,Closed,5709 5709,36.03299999980557,-86.68199999961786,,,13,"HIGHWAY, ROAD, ALLEY",1,810,LOST PROPERTY,NONE,1,No,I,INDIVIDUAL (18 AND OVER),M,W,Non-Hispanic,UNKNOWN,,,,37013.0,17,1789405200000,1789507980000
924803,20260559234_11,20260559234,D,DISPATCHED,O,OPEN,Open,WEST END AVE,36.129999999702626,-86.83000000018018,,,4,"CHURCH, SYNAGOGUE, TEMPLE",1,240,VEHICLE THEFT,NONE,1,No,I,INDIVIDUAL (18 AND OVER),M,W,Non-Hispanic,UNKNOWN,,,,,17,1789492200000,1789507800000
932148,20260559134_11,20260559134,D,DISPATCHED,O,OPEN,Open,BRANTLEY,36.06999999966938,-86.61999999988002,,,22,"RESIDENCE, HOME",1,90Z,HARRASSMENT (NUISANCE),NONE,1,Yes,I,INDIVIDUAL (18 AND OVER),F,B,Non-Hispanic,UNKNOWN,,,,,17,1789479780000,1789507260000
932149,20260559134_12,20260559134,D,DISPATCHED,O,OPEN,Open,BRANTLEY,36.06999999966938,-86.61999999988002,,,22,"RESIDENCE, HOME",1,90Z,HARRASSMENT (NUISANCE),NONE,2,No,I,INDIVIDUAL (18 AND OVER),M,B,Non-Hispanic,RESIDENT,,,,,17,1789479780000,1789507260000
932572,20260559152_11,20260559152,D,DISPATCHED,O,OPEN,Open,10TH AVE N,36.18000000021363,-86.80000000039394,,,22,"RESIDENCE, HOME",1,13A,INTENTIONAL AGGRAVATED ASSAULT,CLUB,1,No,I,INDIVIDUAL (18 AND OVER),M,B,Non-Hispanic,UNKNOWN,,,,,07,1789507260000,1789507260000
917802,20260559184_11,20260559184,D,DISPATCHED,O,OPEN,Open,JAMES KAY LN,36.18000000021363,-86.60999999995128,,,22,"RESIDENCE, HOME",1,26A,FRAUD - SWINDLE,NONE,1,No,I,INDIVIDUAL (18 AND OVER),F,W,Unknown,RESIDENT,,,,,17,1788886800000,1789507200000
894887,20260559208_11,20260559208,D,DISPATCHED,O,OPEN,Open,WHITE BRIDGE,36.15000000024567,-86.85999999996638,,,7,CONVENIENCE STORE,1,13B,SIMPLE ASSLT,PERSONAL (HANDS),1,No,I,INDIVIDUAL (18 AND OVER),M,W,Unknown,RESIDENT,,,,,09,1789504980000,1789506960000
924804,20260559164_11,20260559164,D,DISPATCHED,O,OPEN,Open,ANTIOCH,36.080000000195604,-86.68000000035076,,,20,"PARKING LOT, GARAGE",1,240,VEHICLE THEFT,NONE,1,No,I,INDIVIDUAL (18 AND OVER),M,W,Non-Hispanic,UNKNOWN,,,,,17,1789232400000,1789506360000
931811,20260559186_11,20260559186,D,DISPATCHED,U,UNFOUNDED,Closed,727 727,36.05500000025484,-86.6429999999856,,,90,APARTMENT,1,810,LOST PROPERTY,NONE,1,No,I,INDIVIDUAL (18 AND OVER),F,B,Non-Hispanic,UNKNOWN,,,,37013.0,17,1782925200000,1789505880000
932608,20260559034_11,20260559034,D,DISPATCHED,U,UNFOUNDED,Closed,144 144,36.22500000002406,-86.59699999977443,,,22,"RESIDENCE, HOME",1,740,TRANSPORT,NONE,1,No,I,INDIVIDUAL (18 AND OVER),F,W,Non-Hispanic,RESIDENT,,,,37076.0,17,1789495200000,1789505580000
932216,20260559185_11,20260559185,D,DISPATCHED,O,OPEN,Open,VAUGHT DR,36.13999999994927,-86.85999999996638,,,22,"RESIDENCE, HOME",1,23F,BURGLARY- MOTOR VEHICLE,NONE,1,No,I,INDIVIDUAL (18 AND OVER),F,W,Non-Hispanic,RESIDENT,,,,,17,1789349400000,1789505520000
932600,20260559114_11,20260559114,D,DISPATCHED,O,OPEN,Open,HILLSBORO PIKE,36.129999999702626,-86.81000000032267,,,90,APARTMENT,1,26A,FRAUD - SWINDLE,NONE,1,No,I,INDIVIDUAL (18 AND OVER),M,W,Non-Hispanic,RESIDENT,,,,,17,1789500600000,1789505520000
919942,20260559139_11,20260559139,D,DISPATCHED,O,OPEN,Open,GALLATIN,36.25000000002025,-86.72000000006571,,,20,"PARKING LOT, GARAGE",1,240,VEHICLE THEFT,NONE,1,No,I,INDIVIDUAL (18 AND OVER),M,B,Non-Hispanic,RESIDENT,,,,,17,1789343280000,1789505160000
923234,20260558989_11,20260558989,D,DISPATCHED,O,OPEN,Open,CHARLOTTE PIKE,36.15000000024567,-86.85999999996638,,,13,"HIGHWAY, ROAD, ALLEY",1,13B,SIMPLE ASSLT - STRANGULATION (NO LOSS OF CONSCIOUSNESS),PERSONAL (HANDS),1,Yes,I,INDIVIDUAL (18 AND OVER),F,B,Non-Hispanic,NON RESIDENT,,,,,09,1789495200000,1789505160000
923235,20260558989_21,20260558989,D,DISPATCHED,O,OPEN,Open,CHARLOTTE PIKE,36.15000000024567,-86.85999999996638,,,13,"HIGHWAY, ROAD, ALLEY",2,290,DAMAGE PROP - PRIVATE,PERSONAL (HANDS),1,Yes,I,INDIVIDUAL (18 AND OVER),F,B,Non-Hispanic,NON RESIDENT,,,,,09,1789495200000,1789505160000
931818,20260559141_11,20260559141,D,DISPATCHED,O,OPEN,Open,LEBANON,36.22000000011304,-86.60000000002253,,,8,"DEPARTMENT, DISCOUNT STORE",1,23C,"THEFT OF MERCHANDISE 5TH - $1,000 OR LESS",NONE,1,No,B,BUSINESS,,,,,,,,,17,1789419600000,1789505100000
932215,20260559120_11,20260559120,D,DISPATCHED,O,OPEN,Open,DEMONBREUN,36.159999999962295,-86.76999999970943,,,14,"HOTEL, MOTEL, ETC.",1,810,LOST PROPERTY,PERSONAL (HANDS),1,No,I,INDIVIDUAL (18 AND OVER),F,I,Hispanic,NON RESIDENT,,,,,09,1789232400000,1789505100000
932577,20260559094_11,20260559094,D,DISPATCHED,A,CLEARED BY ARREST,Closed,21ST AVE S & W LINDEN AVE,36.127999999830735,-86.80399999982646,,,13,"HIGHWAY, ROAD, ALLEY",1,13B,SIMPLE ASSLT,OTHER,1,No,I,INDIVIDUAL (18 AND OVER),M,W,Non-Hispanic,RESIDENT,,,,37212.0,15,1789501500000,1789504980000
924660,20260559098_11,20260559098,D,DISPATCHED,U,UNFOUNDED,Closed,N GRAYCROFT AVE & E CAMPBELL RD,36.27599999996436,-86.72999999999446,,,13,"HIGHWAY, ROAD, ALLEY",1,740,POLICE INQUIRY,NONE,1,No,I,INDIVIDUAL (18 AND OVER),M,B,Non-Hispanic,UNKNOWN,,,,37115.0,17,1789502400000,1789504680000
931826,20260558973_11,20260558973,S,SUSPECT,A,CLEARED BY ARREST,Closed,2500 2500,36.14699999988796,-86.80900000023999,,,19,PARK,1,35B,DRUG PARAPHERNALIA- UNLAWFUL USE,NONE,1,No,S,SOCIETY,,,,,,,,37203.0,17,1789496580000,1789504500000
932578,20260559078_11,20260559078,D,DISPATCHED,O,OPEN,Open,I24,36.05000000025906,-86.65999999959497,,,13,"HIGHWAY, ROAD, ALLEY",1,13B,SIMPLE ASSLT,PERSONAL (HANDS),1,Yes,I,INDIVIDUAL (18 AND OVER),M,B,Non-Hispanic,UNKNOWN,,,,,09,1789488000000,1789504080000
932620,20260559117_11,20260559117,D,DISPATCHED,O,OPEN,Open,CENTRAL CT,36.16999999991994,-86.60000000002253,,,21,RENTAL STORAGE FACILITY,1,220,BURGLARY- AGGRAVATED,NONE,1,No,B,BUSINESS,,,,,,,,,17,1780333200000,1789503720000
932621,20260559117_12,20260559117,D,DISPATCHED,O,OPEN,Open,CENTRAL CT,36.16999999991994,-86.60000000002253,,,21,RENTAL STORAGE FACILITY,1,220,BURGLARY- AGGRAVATED,NONE,2,No,I,INDIVIDUAL (18 AND OVER),F,B,Non-Hispanic,RESIDENT,,,,,17,1780333200000,1789503720000
932568,20260559054_11,20260559054,D,DISPATCHED,O,OPEN,Open,EUGENIA AVE,36.12000000013524,-86.74999999985195,,,13,"HIGHWAY, ROAD, ALLEY",1,120,"ROBBERY, AGGRAVATED, HANDGUN",HANDGUN,1,No,I,INDIVIDUAL (18 AND OVER),M,W,Hispanic,RESIDENT,,,,,01,1789498920000,1789503660000
932569,20260559054_12,20260559054,D,DISPATCHED,O,OPEN,Open,EUGENIA AVE,36.12000000013524,-86.74999999985195,,,13,"HIGHWAY, ROAD, ALLEY",1,120,"ROBBERY, AGGRAVATED, HANDGUN",HANDGUN,2,No,I,INDIVIDUAL (18 AND OVER),M,W,Hispanic,RESIDENT,,,,,01,1789498920000,1789503660000
932570,20260559054_13,20260559054,D,DISPATCHED,O,OPEN,Open,EUGENIA AVE,36.12000000013524,-86.74999999985195,,,13,"HIGHWAY, ROAD, ALLEY",1,120,"ROBBERY, AGGRAVATED, HANDGUN",HANDGUN,3,No,I,INDIVIDUAL (18 AND OVER),M,W,Hispanic,RESIDENT,,,,,01,1789498920000,1789503660000
932571,20260559054_24,20260559054,D,DISPATCHED,O,OPEN,Open,EUGENIA AVE,36.12000000013524,-86.74999999985195,,,13,"HIGHWAY, ROAD, ALLEY",2,520,"WEAPON OFFENSE, CRIMINAL ATTEMPT",HANDGUN,4,No,S,SOCIETY,,,,,,,,,01,1789498920000,1789503660000
923870,20260559111_11,20260559111,D,DISPATCHED,U,UNFOUNDED,Closed,529 529,36.0840000002342,-86.6160000004475,,,22,"RESIDENCE, HOME",1,740,POLICE INQUIRY,NONE,1,No,I,INDIVIDUAL (18 AND OVER),M,B,Non-Hispanic,RESIDENT,,,,37217.0,17,1789503600000,1789503600000
932628,20260559077_11,20260559077,D,DISPATCHED,O,OPEN,Open,DICKERSON,36.25000000002025,-86.75999999978066,,,20,"PARKING LOT, GARAGE",1,290,DAMAGE PROP - PRIVATE,,1,No,I,INDIVIDUAL (18 AND OVER),F,W,Hispanic,UNKNOWN,,,,,,1789471800000,1789503420000
924924,20260558827_11,20260558827,D,DISPATCHED,A,CLEARED BY ARREST,Closed,4040 4040,36.082999999882595,-86.72400000039654,,,12,"GROCERY, SUPERMARKET",1,23C,SHOPLIFTING,NONE,1,No,B,BUSINESS,,,,,,,,37211.0,17,1789490520000,1789503360000
895674,20260559101_11,20260559101,S,SUSPECT,U,UNFOUNDED,Closed,300 300,36.26399999993038,-86.71699999981759,,,53,School-Elementary/Secondary,1,740,POLICE INQUIRY,NONE,1,No,G,GOVERNMENT,,,,,,,,37115.0,17,1789498800000,1789503240000
924805,20260559116_11,20260559116,D,DISPATCHED,U,UNFOUNDED,Closed,4424 4424,36.215000000222425,-86.60300000027065,,,12,"GROCERY, SUPERMARKET",1,740,POLICE INQUIRY,,1,No,I,INDIVIDUAL (18 AND OVER),F,A,Non-Hispanic,NON RESIDENT,,,,37076.0,,1789503180000,1789503180000
924708,20260558966_11,20260558966,D,DISPATCHED,O,OPEN,Open,BLANK,36.16999999991994,-86.80000000039394,,,22,"RESIDENCE, HOME",1,120,ROBBERY,PERSONAL (HANDS),1,No,I,INDIVIDUAL (18 AND OVER),M,B,Non-Hispanic,UNKNOWN,,,,,09,1789492800000,1789502820000
924709,20260558966_22,20260558966,D,DISPATCHED,O,OPEN,Open,BLANK,36.16999999991994,-86.80000000039394,,,22,"RESIDENCE, HOME",2,23D,LARC - FROM BLDG,NONE,2,No,I,INDIVIDUAL (18 AND OVER),F,B,Non-Hispanic,RESIDENT,,,,,17,1789492800000,1789502820000
924710,20260558966_32,20260558966,D,DISPATCHED,O,OPEN,Open,BLANK,36.16999999991994,-86.80000000039394,,,90,APARTMENT,3,290,"VANDALISM- $1,000 OR LESS",PERSONAL (HANDS),2,No,I,INDIVIDUAL (18 AND OVER),F,B,Non-Hispanic,RESIDENT,,,,,09,1789492800000,1789502820000
930337,20260559107_11,20260559107,S,SUSPECT,U,UNFOUNDED,Closed,306 306,36.248999999911504,-86.72699999974635,,,22,"RESIDENCE, HOME",1,740,POLICE INQUIRY,NONE,1,No,I,INDIVIDUAL (18 AND OVER),F,U,Unknown,RESIDENT,,,,37115.0,17,1789448400000,1789502580000
932266,20260559002_11,20260559002,D,DISPATCHED,U,UNFOUNDED,Closed,107 107,36.15899999964666,-86.62999999980876,,,90,APARTMENT,1,780,"RECOVERY, STOLEN PROPERTY",NONE,1,No,I,INDIVIDUAL (18 AND OVER),F,B,Non-Hispanic,RESIDENT,,,,37214.0,17,1789484700000,1789502580000
932214,20260559085_11,20260559085,D,DISPATCHED,O,OPEN,Open,STROUSE AVE,36.19000000021294,-86.74999999985195,,,22,"RESIDENCE, HOME",1,26A,FRAUD - SWINDLE,NONE,1,No,I,INDIVIDUAL (18 AND OVER),F,B,Non-Hispanic,UNKNOWN,,,,,17,1789405200000,1789502160000
895672,20260559099_11,20260559099,S,SUSPECT,U,UNFOUNDED,Closed,6850 6850,35.99199999993744,-86.65900000041057,,,22,"RESIDENCE, HOME",1,740,POLICE INQUIRY,NONE,1,No,I,INDIVIDUAL (18 AND OVER),F,U,Unknown,RESIDENT,,,,37013.0,17,1789362000000,1789502100000
921739,20260559036_11,20260559036,D,DISPATCHED,A,CLEARED BY ARREST,Closed,3435 3435,36.19000000021294,-86.62699999956064,,,7,CONVENIENCE STORE,1,35A,POSSESSION OF A CONTROLLED SUBSTANCE,NONE,1,No,S,SOCIETY,,,,,,,,37076.0,17,1789502100000,1789502100000
924812,20260559076_11,20260559076,D,DISPATCHED,O,OPEN,Open,W GREENWOOD AVE,36.19000000021294,-86.74999999985195,,,22,"RESIDENCE, HOME",1,90Z,INTERFERENCE WITH AGRICULTURE,NONE,1,No,S,SOCIETY,,,,,,,,,17,1789493040000,1789502100000
930832,20260559086_11,20260559086,T,,O,OPEN,Open,TITANS WAY,36.16999999991994,-86.76999999970943,,,13,"HIGHWAY, ROAD, ALLEY",1,240,VEHICLE THEFT,Unarmed,1,No,I,INDIVIDUAL (18 AND OVER),M,W,Non-Hispanic,RESIDENT,,,,,16,1789317000000,1789502100000
928476,20260558941_11,20260558941,D,DISPATCHED,A,CLEARED BY ARREST,Closed,200 200,36.16800000017144,-86.77899999955544,,,15,"JAIL, PRISON",1,35A,"DISPENSE PRESCRIPTION DRUG, VOID REGIS. NUMBER",NONE,1,No,S,SOCIETY,,,,,,,,37201.0,17,1789502040000,1789502040000
924936,20260558923_11,20260558923,D,DISPATCHED,J,"JUVENILE, NO CUSTODY",Closed,1128 1128,36.27000000015372,-86.76199999994608,,,53,School-Elementary/Secondary,1,13C,ASSAULT- FEAR OF BODILY INJURY,,1,No,I,INDIVIDUAL (18 AND OVER),F,B,Non-Hispanic,RESIDENT,,,,37207.0,,1789492680000,1789501620000
932633,20260559040_11,20260559040,S,SUSPECT,O,OPEN,Open,SUGAR CREEK,36.159999999962295,-86.64999999966624,,,90,APARTMENT,1,13B,"ASSAULT, DOMESTIC, BODILY INJURY 2ND OFFENSE",PERSONAL (HANDS),1,Yes,I,INDIVIDUAL (18 AND OVER),F,B,Non-Hispanic,RESIDENT,,,,,09,1789351200000,1789501500000
932634,20260559040_21,20260559040,S,SUSPECT,O,OPEN,Open,SUGAR CREEK,36.159999999962295,-86.64999999966624,,,90,APARTMENT,2,290,DAMAGE PROP - PRIVATE,PERSONAL (HANDS),1,Yes,I,INDIVIDUAL (18 AND OVER),F,B,Non-Hispanic,RESIDENT,,,,,09,1789351200000,1789501500000
932635,20260559040_31,20260559040,S,SUSPECT,O,OPEN,Open,SUGAR CREEK,36.159999999962295,-86.64999999966624,,,90,APARTMENT,3,100,"KIDNAPPING, CRIMINAL ATTEMPT",PERSONAL (HANDS),1,Yes,I,INDIVIDUAL (18 AND OVER),F,B,Non-Hispanic,RESIDENT,,,,,09,1789351200000,1789501500000
927270,20260559074_11,20260559074,S,SUSPECT,U,UNFOUNDED,Closed,421 421,36.05000000025906,-86.71699999981759,,,22,"RESIDENCE, HOME",1,740,POLICE INQUIRY,NONE,1,No,I,INDIVIDUAL (18 AND OVER),M,U,Unknown,RESIDENT,,,,37211.0,17,1789016400000,1789501320000
903054,20260558749_11,20260558749,D,DISPATCHED,O,OPEN,Open,MURFREESBORO PIKE,36.090000000189825,-86.64999999966624,,,26,SPECIALTY STORE,1,23C,"THEFT OF MERCHANDISE- $1,000 OR LESS",NONE,1,No,B,BUSINESS,,,,,,,,,17,1789483080000,1789501200000
932212,20260559073_11,20260559073,W,WITNESS,O,OPEN,Open,PULLEY,36.12000000013524,-86.6399999997375,,,22,"RESIDENCE, HOME",1,23D,LARC - FROM BLDG,,1,No,I,INDIVIDUAL (18 AND OVER),F,W,Non-Hispanic,RESIDENT,,,,,,1777860000000,1789500960000
924684,20260558844_11,20260558844,D,DISPATCHED,O,OPEN,Open,E THOMPSON LN,36.10999999969955,-86.72999999999446,,,20,"PARKING LOT, GARAGE",1,23F,BURGLARY- MOTOR VEHICLE,NONE,1,No,I,INDIVIDUAL (18 AND OVER),F,B,Unknown,UNKNOWN,,,,,17,1789490700000,1789500840000
932268,20260559065_11,20260559065,,,O,OPEN,Open,S HILLVIEW DR,36.0399999997254,-86.7899999995669,,,22,"RESIDENCE, HOME",1,26E,FRAUD BY WIRE,PERSONAL (HANDS),1,No,I,INDIVIDUAL (18 AND OVER),M,W,Unknown,UNKNOWN,,,,,09,1789499940000,1789499940000
930184,20260559025_11,20260559025,D,DISPATCHED,O,OPEN,Open,EMERY DR,36.15000000024567,-86.68000000035076,,,6,CONSTRUCTION SITE,1,26A,FRAUD - CONFIDENCE GAME,NONE,1,No,I,INDIVIDUAL (18 AND OVER),M,W,Unknown,RESIDENT,,,,,17,1789491600000,1789499760000
895148,20260559018_11,20260559018,D,DISPATCHED,U,UNFOUNDED,Closed,1060 1060,36.15299999973159,-86.70000000020825,,,5,"COMMERCIAL, OFFICE BUILDING",1,740,POLICE INQUIRY,NONE,1,No,B,BUSINESS,,,,,,,,37210.0,17,1781748000000,1789499700000
932766,20260559067_11,20260559067,S,SUSPECT,U,UNFOUNDED,Closed,1209 1209,36.06999999966938,-86.96599999975001,,,22,"RESIDENCE, HOME",1,740,POLICE INQUIRY,NONE,1,No,I,INDIVIDUAL (18 AND OVER),M,U,Unknown,RESIDENT,,,,37221.0,17,1788930000000,1789499700000
928190,20260558959_11,20260558959,D,DISPATCHED,U,UNFOUNDED,Closed,6445 6445,36.1130000002251,-86.89400000008342,,,22,"RESIDENCE, HOME",1,715,FOUND PROPERTY,,1,No,I,INDIVIDUAL (18 AND OVER),F,W,Non-Hispanic,RESIDENT,,,,37205.0,,1789494300000,1789499400000
918903,20260557248_11,20260557248,D,DISPATCHED,A,CLEARED BY ARREST,Closed,400 400,36.16699999965114,-86.78099999972085,,,1,"AIR, BUS, TRAIN TERMINAL",1,13C,ASSAULT- FEAR OF BODILY INJURY,,1,No,I,INDIVIDUAL (18 AND OVER),M,B,Non-Hispanic,UNKNOWN,,,,37219.0,,1789425000000,1789499340000
924799,20260559017_11,20260559017,D,DISPATCHED,O,OPEN,Open,PATTERSON ST,36.159999999962295,-86.80000000039394,,,13,"HIGHWAY, ROAD, ALLEY",1,13B,SIMPLE ASSLT,OTHER,1,No,I,INDIVIDUAL (18 AND OVER),F,B,Non-Hispanic,RESIDENT,,,,,15,1789401180000,1789499340000
917430,20260559045_11,20260559045,T,,U,UNFOUNDED,Closed,4320 4320,36.18599999985385,-86.58399999959757,,,22,"RESIDENCE, HOME",1,810,LOST PROPERTY,NONE,1,No,I,INDIVIDUAL (18 AND OVER),F,B,Non-Hispanic,RESIDENT,,,,37076.0,17,1788282000000,1789499040000
930341,20260558988_11,20260558988,D,DISPATCHED,U,UNFOUNDED,Closed,1633 1633,36.17899999982454,-86.79600000006313,,,90,APARTMENT,1,740,POLICE INQUIRY,NONE,1,No,U,UNKNOWN,U,U,Unknown,NON RESIDENT,,,,37208.0,17,1789497000000,1789499040000
928942,20260558952_11,20260558952,D,DISPATCHED,U,UNFOUNDED,Closed,2165 2165,36.127999999830735,-86.75400000018276,,,90,APARTMENT,1,740,POLICE INQUIRY,NONE,1,No,I,INDIVIDUAL (18 AND OVER),F,W,Non-Hispanic,RESIDENT,,,,37211.0,17,1789495560000,1789498680000
932632,20260559035_11,20260559035,D,DISPATCHED,O,OPEN,Open,21ST,36.159999999962295,-86.81000000032267,,,90,APARTMENT,1,13C,ASSAULT- FEAR OF BODILY INJURY,,1,No,I,INDIVIDUAL (18 AND OVER),M,B,Non-Hispanic,RESIDENT,,,,,,1788474600000,1789498320000
930841,20260558943_11,20260558943,D,DISPATCHED,O,OPEN,Open,CHARLOTTE AVE,36.159999999962295,-86.81000000032267,,,20,"PARKING LOT, GARAGE",1,240,VEHICLE THEFT,,1,No,I,INDIVIDUAL (18 AND OVER),M,W,Non-Hispanic,RESIDENT,,,,,,1789428600000,1789498260000
930340,20260558940_11,20260558940,D,DISPATCHED,U,UNFOUNDED,Closed,3301 3301,36.23500000031618,-86.76600000027692,,,22,"RESIDENCE, HOME",1,740,POLICE INQUIRY,NONE,1,Yes,I,INDIVIDUAL (18 AND OVER),F,B,Non-Hispanic,RESIDENT,,,,37207.0,17,1789441200000,1789498140000
932636,20260558785_11,20260558785,D,DISPATCHED,O,OPEN,Open,OWENDALE DR,36.080000000195604,-86.61999999988002,,,20,"PARKING LOT, GARAGE",1,290,DAMAGE PROP - PRIVATE,OTHER,1,No,I,INDIVIDUAL (18 AND OVER),M,W,Hispanic,RESIDENT,,,,,15,1789455900000,1789498140000
895640,20260558995_11,20260558995,D,DISPATCHED,U,UNFOUNDED,Closed,2103 2103,36.25099999964721,-86.63899999965479,,,22,"RESIDENCE, HOME",1,740,POLICE INQUIRY,NONE,1,No,I,INDIVIDUAL (18 AND OVER),M,B,Unknown,RESIDENT,,,,37138.0,17,1789491600000,1789497420000
928189,20260558984_11,20260558984,D,DISPATCHED,O,OPEN,Open,GLASTONBURY RD,36.159999999962295,-86.7399999999232,,,20,"PARKING LOT, GARAGE",1,240,VEHICLE THEFT,,1,No,I,INDIVIDUAL (18 AND OVER),F,W,Non-Hispanic,RESIDENT,,,,,,1789408800000,1789497240000
932627,20260558928_11,20260558928,T,,U,UNFOUNDED,Closed,3895 3895,36.281999999949946,-86.88500000023738,,,22,"RESIDENCE, HOME",1,740,POLICE INQUIRY,NONE,1,No,I,INDIVIDUAL (18 AND OVER),F,W,Non-Hispanic,RESIDENT,,,,37080.0,17,1786798800000,1789497240000
922405,20260558876_11,20260558876,D,DISPATCHED,U,UNFOUNDED,Closed,3458 3458,36.21100000000074,-86.73300000024258,,,20,"PARKING LOT, GARAGE",1,740,POLICE INQUIRY,NONE,1,Yes,I,INDIVIDUAL (18 AND OVER),M,W,Non-Hispanic,RESIDENT,,,,37216.0,17,1789492740000,1789496760000
918896,20260558975_11,20260558975,S,SUSPECT,U,UNFOUNDED,Closed,500 500,36.05300000031543,-86.64899999958354,,,22,"RESIDENCE, HOME",1,740,POLICE INQUIRY,NONE,1,No,I,INDIVIDUAL (18 AND OVER),F,U,Unknown,RESIDENT,,,,37013.0,17,1789102800000,1789496700000
928475,20260558967_11,20260558967,S,SUSPECT,O,OPEN,Open,MURFREESBORO,36.13999999994927,-86.7399999999232,,,22,"RESIDENCE, HOME",1,370,OBSCENE MATERIAL - POSSESS,NONE,1,No,S,SOCIETY,,,,,,,,,17,1789496520000,1789496520000
928474,20260549357_11,20260549357,S,SUSPECT,O,OPEN,Open,MURFREESBORO,36.13999999994927,-86.7399999999232,,,22,"RESIDENCE, HOME",1,370,OBSCENE MATERIAL - POSSESS,NONE,1,No,S,SOCIETY,,,,,,,,,17,1789496340000,1789496340000
928188,20260558962_11,20260558962,S,SUSPECT,U,UNFOUNDED,Closed,600 600,36.1420000001408,-86.7399999999232,,,11,"GOVERNMENT, PUBLIC BUILDING",1,715,FOUND PROPERTY,NONE,1,No,I,INDIVIDUAL (18 AND OVER),M,W,Non-Hispanic,UNKNOWN,,,,37210.0,17,1789496160000,1789496160000
925003,20260558925_11,20260558925,D,DISPATCHED,U,UNFOUNDED,Closed,1229 1229,36.28399999979945,-86.6890000001968,,,5,"COMMERCIAL, OFFICE BUILDING",1,740,POLICE INQUIRY,NONE,1,No,B,BUSINESS,,,,,,,,37115.0,17,1787677200000,1789495980000
927089,20260558926_11,20260558926,T,,O,OPEN,Open,AVONDALE,36.209999999706326,-86.77999999963816,,,90,APARTMENT,1,220,BURGLARY- AGGRAVATED,Unarmed,1,No,I,INDIVIDUAL (18 AND OVER),F,B,Non-Hispanic,RESIDENT,,,,,16,1789299000000,1789495680000
927092,20260558926_12,20260558926,T,,O,OPEN,Open,AVONDALE,36.209999999706326,-86.77999999963816,,,90,APARTMENT,1,220,BURGLARY- AGGRAVATED,Unarmed,2,No,B,BUSINESS,,,,,,,,,16,1789299000000,1789495680000
930185,20260558946_11,20260558946,S,SUSPECT,O,OPEN,Open,ANTIOCH PIKE,36.090000000189825,-86.69000000027951,,,12,"GROCERY, SUPERMARKET",1,26C,CRIMINAL IMPERSONATION,NONE,1,No,I,INDIVIDUAL (18 AND OVER),F,B,Non-Hispanic,RESIDENT,,,,,17,1781983260000,1789495440000
921362,20260558881_11,20260558881,D,DISPATCHED,U,UNFOUNDED,Closed,13761 13761,,,,,77,Auto Salvage/Junkyard,1,780,"RECOVERY, STOLEN PROPERTY",NONE,1,No,U,UNKNOWN,M,U,Unknown,NON RESIDENT,,,,37013.0,17,1789495200000,1789495200000
917433,20260558931_11,20260558931,T,,U,UNFOUNDED,Closed,619 619,36.33100000018281,-86.7159999997349,,,22,"RESIDENCE, HOME",1,810,LOST PROPERTY,NONE,1,No,I,INDIVIDUAL (18 AND OVER),F,B,Non-Hispanic,UNKNOWN,,,,37072.0,17,1786813200000,1789494960000
926226,20260558900_11,20260558900,D,DISPATCHED,O,OPEN,Open,WHARF AVE,36.15000000024567,-86.75999999978066,,,22,"RESIDENCE, HOME",1,220,BURGLARY,Unarmed,1,No,I,INDIVIDUAL (18 AND OVER),M,W,Non-Hispanic,NON RESIDENT,,,,,16,1786813200000,1789494960000
895156,20260558736_11,20260558736,D,DISPATCHED,U,UNFOUNDED,Closed,101 101,36.20000000001247,-86.76999999970943,,,22,"RESIDENCE, HOME",1,740,POLICE INQUIRY,,1,Yes,I,INDIVIDUAL (18 AND OVER),F,B,Non-Hispanic,RESIDENT,,,,37207.0,,1789482720000,1789494480000
895624,20260558831_11,20260558831,D,DISPATCHED,O,OPEN,Open,DICKERSON PIKE,36.229999999876554,-86.75999999978066,,,13,"HIGHWAY, ROAD, ALLEY",1,240,"THEFT OF VEHICLE-2,500 OR > BUT<$10,000",NONE,1,No,I,INDIVIDUAL (18 AND OVER),M,W,Non-Hispanic,RESIDENT,,,,,17,1789490940000,1789494360000
932599,20260558919_11,20260558919,W,WITNESS,O,OPEN,Open,CHARLOTTE PIKE,36.12000000013524,-86.9099999996101,,,90,APARTMENT,1,26A,FRAUD - SWINDLE,NONE,1,No,I,INDIVIDUAL (18 AND OVER),M,B,Non-Hispanic,RESIDENT,,,,,17,1789480800000,1789494360000
932619,20260558868_11,20260558868,D,DISPATCHED,O,OPEN,Open,ALBION ST,36.16999999991994,-86.81000000032267,,,9,HOSPITAL,1,13B,"Assault, health care provider - Bodily Injury",PERSONAL (HANDS),1,No,I,INDIVIDUAL (18 AND OVER),F,W,Non-Hispanic,RESIDENT,,,,,09,1789318800000,1789494240000
932602,20260558887_11,20260558887,T,,O,OPEN,Open,MAIN ST,36.16999999991994,-86.75999999978066,,,5,"COMMERCIAL, OFFICE BUILDING",1,26A,FRAUD - SWINDLE,NONE,1,No,B,BUSINESS,,,,,,,,,17,1787585400000,1789494120000
917436,20260558886_11,20260558886,D,DISPATCHED,U,UNFOUNDED,Closed,5050 5050,36.05900000016603,-86.67199999968912,,,53,School-Elementary/Secondary,1,810,LOST PROPERTY,NONE,1,No,G,GOVERNMENT,,,,,,,,37013.0,17,1787677200000,1789494000000
919244,20260558898_11,20260558898,T,,U,UNFOUNDED,Closed,1121 1121,36.281999999949946,-86.71799999990031,,,22,"RESIDENCE, HOME",1,740,POLICE INQUIRY,Unarmed,1,No,I,INDIVIDUAL (18 AND OVER),F,B,Non-Hispanic,RESIDENT,,,,37115.0,16,1787241600000,1789493940000
921365,20260558842_11,20260558842,D,DISPATCHED,U,UNFOUNDED,Closed,4919 4919,36.28899999965998,-86.84200000027431,,,22,"RESIDENCE, HOME",1,810,LOST PROPERTY,PERSONAL (HANDS),1,No,I,INDIVIDUAL (18 AND OVER),M,B,Non-Hispanic,RESIDENT,,,,37189.0,09,1743526800000,1789493940000
932753,20260558807_11,20260558807,D,DISPATCHED,U,UNFOUNDED,Closed,2719 2719,36.1539999996859,-86.67000000042204,,,22,"RESIDENCE, HOME",1,740,POLICE INQUIRY,NONE,1,No,I,INDIVIDUAL (18 AND OVER),F,W,Non-Hispanic,RESIDENT,,,,37214.0,17,1789437600000,1789493760000
931823,20260558690_11,20260558690,D,DISPATCHED,A,CLEARED BY ARREST,Closed,3458 3458,36.24600000032312,-86.75700000043086,,,8,"DEPARTMENT, DISCOUNT STORE",1,23C,"THEFT OF MERCHANDISE 5TH - $1,000 OR LESS",NONE,1,No,B,BUSINESS,,,,,,,,37207.0,17,1789486200000,1789493580000
921450,20260558870_11,20260558870,D,DISPATCHED,O,OPEN,Open,HIGHWAY 70  S,36.080000000195604,-86.92000000043713,,,2,"BANK, SAVINGS AND LOAN",1,26B,FRAUD -  ILLEG USE OF CREDIT CARDS,NONE,1,No,F,FINANCIAL INSTITUTION,,,,,,,,,17,1789417800000,1789493400000
895631,20260558681_11,20260558681,D,DISPATCHED,O,OPEN,Open,PERCY PRIEST DR,36.15000000024567,-86.62999999980876,,,20,"PARKING LOT, GARAGE",1,23F,BURGLARY - MOTOR VEHICLE,NONE,1,No,I,INDIVIDUAL (18 AND OVER),M,W,Non-Hispanic,RESIDENT,,,,,17,1789454820000,1789493340000
895634,20260558681_12,20260558681,D,DISPATCHED,O,OPEN,Open,PERCY PRIEST DR,36.15000000024567,-86.62999999980876,,,20,"PARKING LOT, GARAGE",1,23F,BURGLARY - MOTOR VEHICLE,NONE,2,No,I,INDIVIDUAL (18 AND OVER),M,W,Non-Hispanic,RESIDENT,,,,,17,1789454820000,1789493340000
895637,20260558681_13,20260558681,D,DISPATCHED,O,OPEN,Open,PERCY PRIEST DR,36.15000000024567,-86.62999999980876,,,20,"PARKING LOT, GARAGE",1,23F,BURGLARY - MOTOR VEHICLE,NONE,3,No,I,INDIVIDUAL (18 AND OVER),F,W,Non-Hispanic,RESIDENT,,,,,17,1789454820000,1789493340000
926225,20260558760_11,20260558760,D,DISPATCHED,O,OPEN,Open,CHARLOTTE PIKE,36.129999999702626,-86.9099999996101,,,8,"DEPARTMENT, DISCOUNT STORE",1,23C,"THEFT OF MERCHANDISE- $1,000 OR LESS",NONE,1,No,B,BUSINESS,,,,,,,,,17,1789487400000,1789493280000
932574,20260558833_11,20260558833,D,DISPATCHED,O,OPEN,Open,7TH AVE S,36.15000000024567,-86.77999999963816,,,90,APARTMENT,1,13B,SIMPLE ASSLT,PERSONAL (HANDS),1,Yes,I,INDIVIDUAL (18 AND OVER),F,B,Non-Hispanic,RESIDENT,,,,,09,1789480800000,1789493280000
894477,20260558863_11,20260558863,W,WITNESS,O,OPEN,Open,OAKWOOD TERRACE DR,36.06999999966938,-86.67000000042204,,,22,"RESIDENCE, HOME",1,23H,"THEFT OF PROPERTY->$1,000 BUT <$2,500",NONE,1,No,I,INDIVIDUAL (18 AND OVER),F,W,Non-Hispanic,RESIDENT,,,,,17,1789492560000,1789492560000
926978,20260558840_11,20260558840,T,,O,OPEN,Open,HARLIN DR,36.10999999969955,-86.74999999985195,,,13,"HIGHWAY, ROAD, ALLEY",1,23G,LARC - PARTS FROM VEH,Unarmed,1,No,I,INDIVIDUAL (18 AND OVER),F,W,Non-Hispanic,RESIDENT,,,,,16,1789477200000,1789492560000
931213,20260558838_11,20260558838,D,DISPATCHED,O,OPEN,Open,32ND ST,36.25000000002025,-86.6399999997375,,,90,APARTMENT,1,760,OVERDOSE,NONE,1,No,I,INDIVIDUAL (18 AND OVER),M,W,Non-Hispanic,RESIDENT,,,,,17,1789490100000,1789492500000
932606,20260558843_11,20260558843,T,,O,OPEN,Open,INTERSTATE BLVD S,36.129999999702626,-86.75999999978066,,,41,Auto Dealership New/Used,1,270,EMBEZZLE - BUSINESS PROP,NONE,1,No,B,BUSINESS,,,,,,,,,17,1709316000000,1789492440000
932604,20260558848_11,20260558848,D,DISPATCHED,O,OPEN,Open,ASHLAND CITY HWY,36.209999999706326,-86.85999999996638,,,22,"RESIDENCE, HOME",1,26C,CRIMINAL IMPERSONATION,NONE,1,No,I,INDIVIDUAL (18 AND OVER),F,B,Non-Hispanic,UNKNOWN,,,,,17,1748797200000,1789492320000
895158,20260558860_11,20260558860,T,,U,UNFOUNDED,Closed,3607 3607,36.21199999983783,-86.73200000015987,,,72,DOCTORS'S OFFICE,1,740,POLICE INQUIRY,NONE,1,No,B,BUSINESS,,,,,,,,37216.0,17,1789491600000,1789492200000
921092,20260558841_11,20260558841,T,,U,UNFOUNDED,Closed,2400 2400,36.30899999992182,-86.67800000018535,,,41,Auto Dealership New/Used,1,810,LOST PROPERTY,NONE,1,No,I,INDIVIDUAL (18 AND OVER),F,B,Non-Hispanic,RESIDENT,,,,37115.0,17,1789228200000,1789491960000
926992,20260558816_11,20260558816,T,,O,OPEN,Open,FOSTER AVE,36.12000000013524,-86.7399999999232,,,22,"RESIDENCE, HOME",1,26A,FRAUD - SWINDLE,NONE,1,No,I,INDIVIDUAL (18 AND OVER),F,W,Non-Hispanic,RESIDENT,,,,,17,1789489620000,1789491480000
930343,20260558715_11,20260558715,D,DISPATCHED,U,UNFOUNDED,Closed,126 126,36.06199999992648,-86.69200000044492,,,22,"RESIDENCE, HOME",1,740,POLICE INQUIRY,NONE,1,No,I,INDIVIDUAL (18 AND OVER),M,W,Hispanic,UNKNOWN,,,,37013.0,17,1789491120000,1789491120000
918901,20260558823_11,20260558823,S,SUSPECT,O,OPEN,Open,STRATFORD AVE,36.20000000001247,-86.72000000006571,,,53,School-Elementary/Secondary,1,35A,MARIJUANA - POSSESS,NONE,1,No,S,SOCIETY,,,,,,,,,17,1789485300000,1789491000000
922403,20260558821_11,20260558821,T,,O,OPEN,Open,VILLA GREEN DR,36.090000000189825,-86.82000000025143,,,22,"RESIDENCE, HOME",1,90Z,HARRASSMENT (NUISANCE),Unarmed,1,No,I,INDIVIDUAL (18 AND OVER),M,W,Non-Hispanic,RESIDENT,,,,,16,1787587200000,1789490760000
924648,20260558747_11,20260558747,W,WITNESS,U,UNFOUNDED,Closed,4027 4027,36.20000000001247,-86.85000000003764,,,22,"RESIDENCE, HOME",1,740,POLICE INQUIRY,NONE,1,No,I,INDIVIDUAL (18 AND OVER),M,B,Non-Hispanic,RESIDENT,,,,37218.0,17,1789422960000,1789490760000
930187,20260558802_11,20260558802,D,DISPATCHED,U,UNFOUNDED,Closed,400 400,36.271999999660345,-86.69000000027951,,,11,"GOVERNMENT, PUBLIC BUILDING",1,740,POLICE INQUIRY,Unarmed,1,Yes,I,INDIVIDUAL (18 AND OVER),F,U,Unknown,NON RESIDENT,,,,37115.0,16,1789489800000,1789490640000
932603,20260558769_11,20260558769,D,DISPATCHED,O,OPEN,Open,ABBOTT MARTIN,36.10999999969955,-86.82000000025143,,,26,SPECIALTY STORE,1,26B,FRAUD -  ILLEG USE OF CREDIT CARDS,NONE,1,No,B,BUSINESS,,,,,,,,,17,1788982200000,1789490580000
927001,20260558811_11,20260558811,D,DISPATCHED,O,OPEN,Open,WHITE BRIDGE PIKE,36.129999999702626,-86.85000000003764,,,20,"PARKING LOT, GARAGE",1,13C,ASSAULT- FEAR OF BODILY INJURY,,1,No,I,INDIVIDUAL (18 AND OVER),F,W,Non-Hispanic,NON RESIDENT,,,,,,1789488000000,1789490520000
926980,20260558805_11,20260558805,W,WITNESS,U,UNFOUNDED,Closed,5101 5101,36.08899999993821,-86.68700000003139,,,22,"RESIDENCE, HOME",1,810,LOST PROPERTY,,1,No,I,INDIVIDUAL (18 AND OVER),F,U,Hispanic,RESIDENT,,,,37211.0,,1786795200000,1789490280000
932611,20260558859_11,20260558859,D,DISPATCHED,U,UNFOUNDED,Closed,211 211,36.16600000015136,-86.77800000037105,,,90,APARTMENT,1,740,POLICE INQUIRY,NONE,1,Yes,I,INDIVIDUAL (18 AND OVER),F,W,Hispanic,RESIDENT,,,,37201.0,17,1789165980000,1789490040000
928473,20260558776_11,20260558776,S,SUSPECT,O,OPEN,Open,MURFREESBORO,36.13999999994927,-86.7399999999232,,,22,"RESIDENCE, HOME",1,370,OBSCENE MATERIAL - POSSESS,NONE,1,No,S,SOCIETY,,,,,,,,,17,1787171340000,1789489920000
928940,20260558789_11,20260558789,D,DISPATCHED,U,UNFOUNDED,Closed,717 717,36.21900000033371,-86.60200000018794,,,22,"RESIDENCE, HOME",1,740,POLICE INQUIRY,PERSONAL (HANDS),1,No,I,INDIVIDUAL (18 AND OVER),F,W,Non-Hispanic,UNKNOWN,,,,37076.0,09,1786791600000,1789489740000
932781,20260558703_11,20260558703,S,SUSPECT,O,OPEN,Open,FRANKLIN PIKE,36.080000000195604,-86.76999999970943,,,53,School-Elementary/Secondary,1,26E,FRAUD BY WIRE,NONE,1,No,I,INDIVIDUAL (18 AND OVER),F,W,Hispanic,RESIDENT,,,,,17,1789477200000,1789489380000
924932,20260558584_11,20260558584,D,DISPATCHED,O,OPEN,Open,MURFREESBORO PIKE,36.06999999966938,-86.6399999997375,,,26,SPECIALTY STORE,1,23C,"THEFT OF MERCHANDISE- $1,000 OR LESS",NONE,1,No,B,BUSINESS,,,,,,,,,17,1789479000000,1789489320000
926976,20260558777_11,20260558777,D,DISPATCHED,O,OPEN,Open,HILLSBORO,36.10999999969955,-86.81000000032267,,,8,"DEPARTMENT, DISCOUNT STORE",1,23C,SHOPLIFTING,NONE,1,No,B,BUSINESS,,,,,,,,,17,1789488600000,1789489320000
930183,20260558742_11,20260558742,D,DISPATCHED,O,OPEN,Open,SIGNAL,36.159999999962295,-86.77999999963816,,,5,"COMMERCIAL, OFFICE BUILDING",1,23D,LARC - FROM BLDG,NONE,1,No,I,INDIVIDUAL (18 AND OVER),M,W,Non-Hispanic,RESIDENT,,,,,17,1788980400000,1789489200000
930215,20260558758_11,20260558758,T,,O,OPEN,Open,GALLATIN PIKE S,36.25999999986106,-86.71000000013699,,,26,SPECIALTY STORE,1,23C,"THEFT OF MERCHANDISE- $1,000 OR LESS",NONE,1,No,B,BUSINESS,,,,,,,,,17,1789487280000,1789488960000
924806,20260558640_11,20260558640,D,DISPATCHED,U,UNFOUNDED,Closed,600 600,36.1420000001408,-86.7399999999232,,,11,"GOVERNMENT, PUBLIC BUILDING",1,715,FOUND PROPERTY,NONE,1,No,I,INDIVIDUAL (18 AND OVER),F,B,Non-Hispanic,NON RESIDENT,,,,37210.0,17,1789488840000,1789488840000
917421,20260558734_11,20260558734,D,DISPATCHED,U,UNFOUNDED,Closed,601 601,36.14100000025182,-86.7410000000059,,,28,"OTHER, UNKNOWN",1,740,POLICE INQUIRY,NONE,1,Yes,I,INDIVIDUAL (18 AND OVER),F,W,Non-Hispanic,RESIDENT,,,,37210.0,17,1789470000000,1789488720000
921095,20260558725_11,20260558725,T,,O,OPEN,Open,E CAMPBELL RD,36.28000000026564,-86.71000000013699,,,8,"DEPARTMENT, DISCOUNT STORE",1,23C,SHOPLIFTING,NONE,1,No,B,BUSINESS,,,,,,,,,17,1788110520000,1789488540000
924371,20260558753_11,20260558753,T,,O,OPEN,Open,BUCHANAN ST,36.18000000021363,-86.80000000039394,,,3,"BAR, NIGHT CLUB",1,13B,ASSAULT- OFFENSIVE OR PROVOCATIVE CONTACT,PERSONAL (HANDS),1,No,I,INDIVIDUAL (18 AND OVER),M,B,Non-Hispanic,RESIDENT,,,,,09,1789275900000,1789488480000
927436,20260558553_11,20260558553,D,DISPATCHED,O,OPEN,Open,HOMESTEAD RD,36.23999999981472,-86.75999999978066,,,5,"COMMERCIAL, OFFICE BUILDING",1,220,BURGL - FORCED ENTRY-NONRESID,CLUB,1,No,B,BUSINESS,,,,,,,,,07,1789439820000,1789488120000
927438,20260558553_21,20260558553,D,DISPATCHED,O,OPEN,Open,HOMESTEAD RD,36.23999999981472,-86.75999999978066,,,5,"COMMERCIAL, OFFICE BUILDING",2,290,DAMAGE PROP - BUSINESS,CLUB,1,No,B,BUSINESS,,,,,,,,,07,1789439820000,1789488120000
927554,20260558686_11,20260558686,T,,U,UNFOUNDED,Closed,CANE RIDGE PKWY & CENTURY FARMS PKWY,36.03400000011159,-86.64700000031644,,,13,"HIGHWAY, ROAD, ALLEY",1,740,POLICE INQUIRY,Unarmed,1,No,I,INDIVIDUAL (18 AND OVER),M,W,Hispanic,RESIDENT,,,,37013.0,16,1789476600000,1789488120000
919232,20260558678_11,20260558678,D,DISPATCHED,U,UNFOUNDED,Closed,5360 5360,36.085999999802475,-86.83200000034557,,,22,"RESIDENCE, HOME",1,740,POLICE INQUIRY,OTHER,1,No,I,INDIVIDUAL (18 AND OVER),F,B,Non-Hispanic,NON RESIDENT,,,,37215.0,15,1789426800000,1789487520000
895137,20260558677_11,20260558677,W,WITNESS,U,UNFOUNDED,Closed,4100 4100,36.17200000011699,-86.59400000042461,,,90,APARTMENT,1,740,POLICE INQUIRY,NONE,1,No,I,INDIVIDUAL (18 AND OVER),F,W,Non-Hispanic,RESIDENT,,,,37076.0,17,1788876000000,1789487400000
932643,20260558662_11,20260558662,D,DISPATCHED,U,UNFOUNDED,Closed,808 808,36.16399999986469,-86.75799999961527,,,22,"RESIDENCE, HOME",1,740,POLICE INQUIRY,,1,No,I,INDIVIDUAL (18 AND OVER),U,U,Unknown,NON RESIDENT,,,,37206.0,,1789479240000,1789487280000
893754,20260558487_11,20260558487,D,DISPATCHED,U,UNFOUNDED,Closed,2912 2912,36.0840000002342,-86.60699999970316,,,22,"RESIDENCE, HOME",1,685,DEATH NATURAL,NONE,1,No,I,INDIVIDUAL (18 AND OVER),M,B,Non-Hispanic,RESIDENT,,,,37217.0,17,1789479420000,1789487100000
932612,20260558673_11,20260558673,D,DISPATCHED,O,OPEN,Open,OLD HARDING PIKE,36.099999999750025,-86.86999999989513,,,22,"RESIDENCE, HOME",1,290,DAMAGE PROP - PRIVATE,NONE,1,No,I,INDIVIDUAL (18 AND OVER),F,W,Unknown,RESIDENT,,,,,17,1744297200000,1789486440000
932629,20260558505_11,20260558505,D,DISPATCHED,A,CLEARED BY ARREST,Closed,518 518,36.16699999965114,-86.76199999994608,,,90,APARTMENT,1,13B,SIMPLE ASSLT,PERSONAL (HANDS),1,No,I,INDIVIDUAL (18 AND OVER),F,B,Non-Hispanic,RESIDENT,,,,37206.0,09,1789479840000,1789486440000
932630,20260558505_12,20260558505,D,DISPATCHED,A,CLEARED BY ARREST,Closed,518 518,36.16699999965114,-86.76199999994608,,,90,APARTMENT,1,13B,SIMPLE ASSLT,PERSONAL (HANDS),2,No,I,INDIVIDUAL (18 AND OVER),F,B,Non-Hispanic,RESIDENT,,,,37206.0,09,1789479840000,1789486440000
897410,20260558630_11,20260558630,D,DISPATCHED,U,UNFOUNDED,Closed,2131 2131,36.15000000024567,-86.69599999987742,,,90,APARTMENT,1,740,POLICE INQUIRY,NONE,1,No,I,INDIVIDUAL (18 AND OVER),M,B,Non-Hispanic,UNKNOWN,,,,37210.0,17,1789477200000,1789486200000
923868,20260558648_11,20260558648,T,,O,OPEN,Open,NOLENSVILLE PIKE,36.129999999702626,-86.74999999985195,,,25,"SERVICE, GAS STATION",1,23C,SHOPLIFTING,NONE,1,No,B,BUSINESS,,,,,,,,,17,1789484220000,1789486200000
923869,20260558634_11,20260558634,D,DISPATCHED,O,OPEN,Open,ASHLAND CITY HWY,36.209999999706326,-86.9099999996101,,,6,CONSTRUCTION SITE,1,23H,"THEFT OF PROPERTY- $10,000 OR >  BUT  < $60,000",NONE,1,No,B,BUSINESS,,,,,,,,,17,1767290400000,1789485780000
894894,20260558559_11,20260558559,D,DISPATCHED,O,OPEN,Open,MURFREESBORO PIKE,36.129999999702626,-86.71000000013699,,,20,"PARKING LOT, GARAGE",1,290,"VANDALISM- $2,500 OR > BUT < $10,000",MOTOR VEHICLE,1,No,G,GOVERNMENT,,,,,,,,,08,1789473600000,1789485420000
895667,20260558629_11,20260558629,D,DISPATCHED,U,UNFOUNDED,Closed,797 797,36.090000000189825,-86.76899999962671,,,22,"RESIDENCE, HOME",1,740,POLICE INQUIRY,NONE,1,No,B,BUSINESS,,,,,,,,37204.0,17,1787234400000,1789485240000
921359,20260558610_11,20260558610,D,DISPATCHED,O,OPEN,Open,OLD MATTHEWS RD,36.209999999706326,-86.7899999995669,,,90,APARTMENT,1,23D,LARC - FROM BLDG,NONE,1,No,I,INDIVIDUAL (18 AND OVER),F,B,Non-Hispanic,RESIDENT,,,,,17,1789442040000,1789484400000
917317,20260559172_11,20260559172,W,WITNESS,U,UNFOUNDED,Closed,600 600,36.15599999977934,-86.77899999955544,,,11,"GOVERNMENT, PUBLIC BUILDING",1,715,FOUND PROPERTY,NONE,1,No,I,INDIVIDUAL (18 AND OVER),U,U,Unknown,NON RESIDENT,,,,37203.0,17,1789483920000,1789483920000
930216,20260558605_11,20260558605,S,SUSPECT,U,UNFOUNDED,Closed,2647 2647,36.18000000021363,-86.82200000041685,,,22,"RESIDENCE, HOME",1,740,POLICE INQUIRY,NONE,1,No,I,INDIVIDUAL (18 AND OVER),M,U,Unknown,RESIDENT,,,,37208.0,17,1789102800000,1789483800000
932607,20260558574_11,20260558574,T,,O,OPEN,Open,FOSTER AVE,36.10999999969955,-86.7399999999232,,,5,"COMMERCIAL, OFFICE BUILDING",1,270,EMBEZZLE - BUSINESS PROP,NONE,1,No,B,BUSINESS,,,,,,,,,17,1788282000000,1789483680000
918899,20260558535_11,20260558535,D,DISPATCHED,U,UNFOUNDED,Closed,1755 1755,36.18000000021363,-86.8110000004054,,,7,CONVENIENCE STORE,1,740,POLICE INQUIRY,NONE,1,No,I,INDIVIDUAL (18 AND OVER),F,B,Non-Hispanic,UNKNOWN,,,,37208.0,17,1789477200000,1789483440000
927007,20260558414_11,20260558414,S,SUSPECT,O,OPEN,Open,FATHERLAND ST,36.16999999991994,-86.72999999999446,,,19,PARK,1,13A,INTENTIONAL AGGRAVATED ASSAULT,CLUB,1,No,I,INDIVIDUAL (18 AND OVER),M,B,Non-Hispanic,RESIDENT,,,,,07,1789477200000,1789482960000
927011,20260558414_12,20260558414,S,SUSPECT,O,OPEN,Open,FATHERLAND ST,36.16999999991994,-86.72999999999446,,,19,PARK,1,13A,INTENTIONAL AGGRAVATED ASSAULT,CLUB,2,No,I,INDIVIDUAL (18 AND OVER),M,W,Non-Hispanic,RESIDENT,,,,,07,1789477200000,1789482960000
927014,20260558414_12,20260558414,S,SUSPECT,O,OPEN,Open,FATHERLAND ST,36.16999999991994,-86.72999999999446,,,19,PARK,1,13A,INTENTIONAL AGGRAVATED ASSAULT,CLUB,2,No,I,INDIVIDUAL (18 AND OVER),M,W,Non-Hispanic,RESIDENT,,,,,07,1789477200000,1789482960000
929178,20260558470_11,20260558470,D,DISPATCHED,O,OPEN,Open,GLASTONBURY,36.129999999702626,-86.70000000020825,,,20,"PARKING LOT, GARAGE",1,240,VEHICLE THEFT,PERSONAL (HANDS),1,No,I,INDIVIDUAL (18 AND OVER),F,B,Non-Hispanic,RESIDENT,,,,,09,1789444800000,1789482900000
895085,20260558481_11,20260558481,D,DISPATCHED,U,UNFOUNDED,Closed,933 933,36.16699999965114,-86.79900000031124,,,22,"RESIDENCE, HOME",1,740,POLICE INQUIRY,NONE,1,Yes,I,INDIVIDUAL (18 AND OVER),F,B,Non-Hispanic,RESIDENT,,,,37208.0,17,1789471800000,1789481880000
930182,20260558502_11,20260558502,D,DISPATCHED,U,UNFOUNDED,Closed,6206 6206,36.16399999986469,-86.86500000037991,,,20,"PARKING LOT, GARAGE",1,810,LOST PROPERTY,NONE,1,No,I,INDIVIDUAL (18 AND OVER),F,W,Non-Hispanic,RESIDENT,,,,37209.0,17,1789354800000,1789481580000
932213,20260558443_11,20260558443,T,,O,OPEN,Open,RICHARDS RD,36.06999999966938,-86.68000000035076,,,20,"PARKING LOT, GARAGE",1,23F,BURGLARY- MOTOR VEHICLE,NONE,1,No,I,INDIVIDUAL (18 AND OVER),M,W,Hispanic,NON RESIDENT,,,,,17,1789393800000,1789480920000
926986,20260558503_11,20260558503,D,DISPATCHED,O,OPEN,Open,GENERAL JACKSON LN,36.22000000011304,-86.60000000002253,,,22,"RESIDENCE, HOME",1,26A,FRAUD - SWINDLE,NONE,1,No,I,INDIVIDUAL (18 AND OVER),F,W,Non-Hispanic,UNKNOWN,,,,,17,1788267600000,1789480860000
932151,20260558468_11,20260558468,T,,U,UNFOUNDED,Closed,3956 3956,36.26300000010404,-86.82200000041685,,,22,"RESIDENCE, HOME",1,740,POLICE INQUIRY,NONE,1,No,I,INDIVIDUAL (18 AND OVER),M,W,Unknown,UNKNOWN,,,,37189.0,17,1717606800000,1789480560000
926983,20260558513_11,20260558513,S,SUSPECT,O,OPEN,Open,SPEARS,36.23999999981472,-86.76999999970943,,,22,"RESIDENCE, HOME",1,26A,FRAUD - SWINDLE,Unarmed,1,No,I,INDIVIDUAL (18 AND OVER),F,B,Non-Hispanic,UNKNOWN,,,,,16,1789445700000,1789480380000
932559,20260558344_11,20260558344,D,DISPATCHED,O,OPEN,Open,FATHERLAND,36.16999999991994,-86.75999999978066,,,22,"RESIDENCE, HOME",1,23F,BURGLARY- MOTOR VEHICLE,PERSONAL (HANDS),1,No,I,INDIVIDUAL (18 AND OVER),F,W,Non-Hispanic,RESIDENT,,,,,09,1789434000000,1789480140000
932560,20260558344_21,20260558344,D,DISPATCHED,O,OPEN,Open,FATHERLAND,36.16999999991994,-86.75999999978066,,,22,"RESIDENCE, HOME",2,290,DAMAGE PROP - PRIVATE,PERSONAL (HANDS),1,No,I,INDIVIDUAL (18 AND OVER),F,W,Non-Hispanic,RESIDENT,,,,,09,1789434000000,1789480140000
924650,20260558401_11,20260558401,D,DISPATCHED,U,UNFOUNDED,Closed,3960 3960,36.16500000022236,-86.60300000027065,,,22,"RESIDENCE, HOME",1,740,POLICE INQUIRY,NONE,1,Yes,I,INDIVIDUAL (18 AND OVER),M,B,Non-Hispanic,RESIDENT,,,,37076.0,17,1789480080000,1789480080000
932566,20260558284_11,20260558284,D,DISPATCHED,U,UNFOUNDED,Closed,5633 5633,,,,,22,"RESIDENCE, HOME",1,685,DEATH NATURAL,NONE,1,No,I,INDIVIDUAL (18 AND OVER),M,A,Non-Hispanic,RESIDENT,,,,37221.0,17,1789472400000,1789479720000
932601,20260558432_11,20260558432,T,,O,OPEN,Open,GALLATIN,36.300000000312835,-86.69000000027951,,,26,SPECIALTY STORE,1,270,"EMBEZZLEMENT, CRIMINAL ATTEMPT",Unarmed,1,No,B,BUSINESS,,,,,,,,,16,1780578000000,1789479120000
892221,20260558398_11,20260558398,D,DISPATCHED,O,OPEN,Open,UNION ST,36.159999999962295,-86.77999999963816,,,13,"HIGHWAY, ROAD, ALLEY",1,13B,SIMPLE ASSLT,PERSONAL (HANDS),1,No,I,INDIVIDUAL (18 AND OVER),M,W,Non-Hispanic,UNKNOWN,,,,,09,1789476600000,1789477320000
921367,20260558316_11,20260558316,D,DISPATCHED,R,REFUSED TO COOPERATE,Closed,2311 2311,36.207999999922265,-86.77800000037105,,,13,"HIGHWAY, ROAD, ALLEY",1,13A,INTENTIONAL AGGRAVATED ASSAULT,CLUB,1,Yes,I,INDIVIDUAL (18 AND OVER),M,B,Unknown,RESIDENT,,,,37207.0,07,1789473600000,1789477260000
921371,20260558316_21,20260558316,D,DISPATCHED,R,REFUSED TO COOPERATE,Closed,2311 2311,36.207999999922265,-86.77800000037105,,,13,"HIGHWAY, ROAD, ALLEY",2,290,DAMAGE PROP - PRIVATE,NONE,1,Yes,I,INDIVIDUAL (18 AND OVER),M,B,Unknown,RESIDENT,,,,37207.0,17,1789473600000,1789477260000
922404,20260558396_11,20260558396,T,,O,OPEN,Open,PRINCETON PL,36.16999999991994,-86.60000000002253,,,20,"PARKING LOT, GARAGE",1,23F,BURGLARY- MOTOR VEHICLE,Unarmed,1,No,I,INDIVIDUAL (18 AND OVER),F,B,Non-Hispanic,UNKNOWN,,,,,16,1789437600000,1789476660000
917796,20260558267_11,20260558267,D,DISPATCHED,O,OPEN,Open,REDD,36.090000000189825,-86.72999999999446,,,90,APARTMENT,1,13B,SIMPLE ASSLT,PERSONAL (HANDS),1,Yes,I,INDIVIDUAL (18 AND OVER),F,W,Hispanic,RESIDENT,,,,,09,1789471800000,1789476000000
930497,20260558107_11,20260558107,D,DISPATCHED,A,CLEARED BY ARREST,Closed,1647 1647,36.18000000021363,-86.79600000006313,,,22,"RESIDENCE, HOME",1,13C,ASSAULT- FEAR OF BODILY INJURY,,1,Yes,I,INDIVIDUAL (18 AND OVER),F,B,Non-Hispanic,RESIDENT,,,,37208.0,,1789464300000,1789475460000
932561,20260558521_11,20260558521,D,DISPATCHED,U,UNFOUNDED,Closed,810 810,36.1629999998043,-86.80099999957834,,,22,"RESIDENCE, HOME",1,810,LOST PROPERTY,NONE,1,No,I,INDIVIDUAL (18 AND OVER),M,B,Non-Hispanic,RESIDENT,,,,37203.0,17,1785587280000,1789475280000
895665,20260558183_11,20260558183,D,DISPATCHED,U,UNFOUNDED,Closed,1124 1124,,,,,22,"RESIDENCE, HOME",1,740,POLICE INQUIRY,NONE,1,Yes,I,INDIVIDUAL (18 AND OVER),M,W,Hispanic,RESIDENT,,,,37013.0,17,1789474800000,1789474800000
932541,20260548851_11,20260548851,S,SUSPECT,A,CLEARED BY ARREST,Closed,617 617,36.13099999975425,-86.71399999956948,,,20,"PARKING LOT, GARAGE",1,13B,SIMPLE ASSLT,PERSONAL (HANDS),1,Yes,I,INDIVIDUAL (18 AND OVER),F,W,Hispanic,RESIDENT,,,,37217.0,09,1789474740000,1789474740000
911599,20260558251_11,20260558251,D,DISPATCHED,O,OPEN,Open,PRINCETON PL,36.16999999991994,-86.60000000002253,,,20,"PARKING LOT, GARAGE",1,23F,BURGLARY- MOTOR VEHICLE,CLUB,1,No,I,INDIVIDUAL (18 AND OVER),M,W,Hispanic,NON RESIDENT,,,,,07,1789444800000,1789474260000
911602,20260558251_12,20260558251,D,DISPATCHED,O,OPEN,Open,PRINCETON PL,36.16999999991994,-86.60000000002253,,,20,"PARKING LOT, GARAGE",1,23F,BURGLARY- MOTOR VEHICLE,CLUB,2,No,I,INDIVIDUAL (18 AND OVER),M,W,Hispanic,UNKNOWN,,,,,07,1789444800000,1789474260000
911605,20260558251_13,20260558251,D,DISPATCHED,O,OPEN,Open,PRINCETON PL,36.16999999991994,-86.60000000002253,,,20,"PARKING LOT, GARAGE",1,23F,BURGLARY- MOTOR VEHICLE,CLUB,3,No,I,INDIVIDUAL (18 AND OVER),M,W,Hispanic,NON RESIDENT,,,,,07,1789444800000,1789474260000
895661,20260558066_11,20260558066,D,DISPATCHED,A,CLEARED BY ARREST,Closed,1592 1592,36.17899999982454,-86.79700000014583,,,22,"RESIDENCE, HOME",1,220,BURGLARY - AGGRAVATED,NONE,1,Yes,I,INDIVIDUAL (18 AND OVER),F,W,Non-Hispanic,RESIDENT,,,,37208.0,17,1789460100000,1789472160000
923232,20260557840_11,20260557840,D,DISPATCHED,A,CLEARED BY ARREST,Closed,5515 5515,36.048999999767794,-86.70599999980617,,,22,"RESIDENCE, HOME",1,13B,SIMPLE ASSLT,PERSONAL (HANDS),1,Yes,I,INDIVIDUAL (18 AND OVER),F,W,Hispanic,RESIDENT,,,,37211.0,09,1789443000000,1789471320000
932625,20260557686_11,20260557686,D,DISPATCHED,O,OPEN,Open,CABIN HILL RD,36.209999999706326,-86.69000000027951,,,22,"RESIDENCE, HOME",1,13B,SIMPLE ASSLT,PERSONAL (HANDS),1,Yes,I,INDIVIDUAL (18 AND OVER),M,W,Non-Hispanic,RESIDENT,,,,,09,1789444800000,1789471020000
932626,20260557686_12,20260557686,D,DISPATCHED,O,OPEN,Open,CABIN HILL RD,36.209999999706326,-86.69000000027951,,,22,"RESIDENCE, HOME",1,13B,SIMPLE ASSLT,PERSONAL (HANDS),2,Yes,I,INDIVIDUAL (18 AND OVER),F,W,Non-Hispanic,RESIDENT,,,,,09,1789444800000,1789471020000
895101,20260558116_11,20260558116,D,DISPATCHED,O,OPEN,Open,OLD HICKORY,36.01000000015755,-86.67000000042204,,,22,"RESIDENCE, HOME",1,740,POLICE INQUIRY,NONE,1,Yes,I,INDIVIDUAL (18 AND OVER),F,W,Non-Hispanic,RESIDENT,,,,,17,1789448400000,1789466880000
920986,20260558095_11,20260558095,D,DISPATCHED,U,UNFOUNDED,Closed,400 400,36.16699999965114,-86.78099999972085,,,11,"GOVERNMENT, PUBLIC BUILDING",1,740,TRANSPORT,NONE,1,No,I,INDIVIDUAL (18 AND OVER),M,B,Non-Hispanic,RESIDENT,,,,37219.0,17,1789462980000,1789466100000
921028,20260557950_11,20260557950,D,DISPATCHED,P,PROSECUTION DECLINED,Closed,28TH AVE N & ALAMEDA ST,36.16600000015136,-86.82000000025143,,,13,"HIGHWAY, ROAD, ALLEY",1,35A,POSSESSION OF A CONTROLLED SUBSTANCE,,1,No,S,SOCIETY,,,,,,,,37209.0,,1789452300000,1789465860000
921032,20260557950_21,20260557950,D,DISPATCHED,P,PROSECUTION DECLINED,Closed,28TH AVE N & ALAMEDA ST,36.16600000015136,-86.82000000025143,,,13,"HIGHWAY, ROAD, ALLEY",2,35B,DRUG PARAPHERNALIA- UNLAWFUL USE,,1,No,S,SOCIETY,,,,,,,,37209.0,,1789452300000,1789465860000
930213,20260558043_11,20260558043,D,DISPATCHED,O,OPEN,Open,METROPLEX,36.090000000189825,-86.70000000020825,,,14,"HOTEL, MOTEL, ETC.",1,13A,INTENTIONAL AGGRAVATED ASSAULT,SHOTGUN,1,No,I,INDIVIDUAL (18 AND OVER),M,B,Non-Hispanic,RESIDENT,,,,,03,1789457400000,1789464600000
930214,20260558043_22,20260558043,D,DISPATCHED,O,OPEN,Open,METROPLEX,36.090000000189825,-86.70000000020825,,,14,"HOTEL, MOTEL, ETC.",2,520,"WEAPON OFFENSE, CRIMINAL ATTEMPT",SHOTGUN,2,No,S,SOCIETY,,,,,,,,,03,1789457400000,1789464600000
932366,20260558021_11,20260558021,D,DISPATCHED,U,UNFOUNDED,Closed,733 733,36.14100000025182,-86.70000000020825,,,14,"HOTEL, MOTEL, ETC.",1,740,POLICE INQUIRY,NONE,1,No,I,INDIVIDUAL (18 AND OVER),F,B,Non-Hispanic,UNKNOWN,,,,37217.0,17,1789453800000,1789464420000
921080,20260558003_11,20260558003,D,DISPATCHED,O,OPEN,Open,RURAL HILL RD,36.059999999965356,-86.64999999966624,,,20,"PARKING LOT, GARAGE",1,240,VEHICLE THEFT,Unarmed,1,No,I,INDIVIDUAL (18 AND OVER),M,W,Non-Hispanic,RESIDENT,,,,,16,1789455600000,1789463940000
903071,20260557892_11,20260557892,D,DISPATCHED,U,UNFOUNDED,Closed,830 830,36.133999999638924,-86.70200000037366,,,20,"PARKING LOT, GARAGE",1,740,POLICE INQUIRY,NONE,1,Yes,I,INDIVIDUAL (18 AND OVER),F,B,Non-Hispanic,RESIDENT,,,,37217.0,17,1789353900000,1789463340000
921084,20260558064_11,20260558064,D,DISPATCHED,O,OPEN,Open,OLD HICKORY BLVD,36.22000000011304,-86.61999999988002,,,25,"SERVICE, GAS STATION",1,240,VEHICLE THEFT,NONE,1,No,I,INDIVIDUAL (18 AND OVER),M,W,Non-Hispanic,RESIDENT,,,,,17,1789459200000,1789463160000
895092,20260557973_11,20260557973,D,DISPATCHED,A,CLEARED BY ARREST,Closed,1617 1617,36.1539999996859,-86.71899999998301,,,90,APARTMENT,1,90Z,TEST ONLY,NONE,1,No,I,INDIVIDUAL (18 AND OVER),M,W,Unknown,RESIDENT,,,,37210.0,17,1789142400000,1789462620000
921088,20260558036_11,20260558036,D,DISPATCHED,O,OPEN,Open,HICKORY HOLLOW,36.05000000025906,-86.65999999959497,,,90,APARTMENT,1,240,VEHICLE THEFT,NONE,1,No,I,INDIVIDUAL (18 AND OVER),F,W,Hispanic,RESIDENT,,,,,17,1789458900000,1789462500000
926970,20260557605_11,20260557605,D,DISPATCHED,A,CLEARED BY ARREST,Closed,612 612,36.06699999997734,-86.62899999972605,,,22,"RESIDENCE, HOME",1,13B,SIMPLE ASSLT,PERSONAL (HANDS),1,Yes,I,INDIVIDUAL (18 AND OVER),F,W,Non-Hispanic,UNKNOWN,,,,37013.0,09,1789437780000,1789462320000
926973,20260557605_21,20260557605,D,DISPATCHED,A,CLEARED BY ARREST,Closed,612 612,36.06699999997734,-86.62899999972605,,,22,"RESIDENCE, HOME",2,290,"VANDALISM- $1,000 OR LESS",,1,Yes,I,INDIVIDUAL (18 AND OVER),F,W,Non-Hispanic,UNKNOWN,,,,37013.0,,1789437780000,1789462320000
924997,20260558017_11,20260558017,D,DISPATCHED,U,UNFOUNDED,Closed,3611 3611,36.17200000011699,-86.62799999964334,,,22,"RESIDENCE, HOME",1,740,POLICE INQUIRY,NONE,1,Yes,I,INDIVIDUAL (18 AND OVER),M,W,Non-Hispanic,UNKNOWN,,,,37076.0,17,1789421400000,1789462020000
928325,20260557775_12,20260557775,D,DISPATCHED,A,CLEARED BY ARREST,Closed,420 420,36.08800000003139,-86.69599999987742,,,14,"HOTEL, MOTEL, ETC.",1,90F,CHILD ABUSE/NEGLECT - EXPOSE TO CONTR. SUBST. & CHILD 8 OR LESS,NONE,2,No,S,SOCIETY,,,,,,,,37211.0,17,1789443780000,1789460760000
931982,20260557975_11,20260557975,D,DISPATCHED,O,OPEN,Open,CHARLOTTE PIKE,36.129999999702626,-86.89999999968133,,,14,"HOTEL, MOTEL, ETC.",1,23D,LARC - FROM BLDG,NONE,1,No,I,INDIVIDUAL (18 AND OVER),M,W,Non-Hispanic,RESIDENT,,,,,17,1789430400000,1789460160000
931986,20260558026_11,20260558026,D,DISPATCHED,U,UNFOUNDED,Closed,1100 1100,36.278999999672266,-86.70900000005427,,,13,"HIGHWAY, ROAD, ALLEY",1,810,LOST PROPERTY,NONE,1,No,B,BUSINESS,,,,,,,,37115.0,17,1789441200000,1789459920000
893168,20260557679_11,20260557679,D,DISPATCHED,O,OPEN,Open,APACHE TRL,36.06999999966938,-86.69000000027951,,,20,"PARKING LOT, GARAGE",1,13C,ASSAULT- FEAR OF BODILY INJURY,,1,No,I,INDIVIDUAL (18 AND OVER),M,B,Non-Hispanic,RESIDENT,,,,,,1789427520000,1789459140000
918433,20260557652_11,20260557652,D,DISPATCHED,U,UNFOUNDED,Closed,2467 2467,36.080000000195604,-86.64600000023373,,,22,"RESIDENCE, HOME",1,740,POLICE INQUIRY,NONE,1,Yes,I,INDIVIDUAL (18 AND OVER),F,W,Non-Hispanic,RESIDENT,,,,37217.0,17,1789437300000,1789458900000
919815,20260557599_11,20260557599,D,DISPATCHED,U,UNFOUNDED,Closed,100 100,36.05200000017039,-86.64999999966624,,,90,APARTMENT,1,740,POLICE INQUIRY,NONE,1,No,I,INDIVIDUAL (18 AND OVER),M,B,Non-Hispanic,RESIDENT,,,,37013.0,17,1789432440000,1789458840000
920989,20260557966_11,20260557966,D,DISPATCHED,U,UNFOUNDED,Closed, & ,,,,,90,APARTMENT,1,740,TRANSPORT,LETHAL/CUTTING INSTRUMENT,1,No,I,INDIVIDUAL (18 AND OVER),M,W,Non-Hispanic,RESIDENT,,,,37217.0,06,1789453680000,1789458600000
920992,20260557966_21,20260557966,D,DISPATCHED,U,UNFOUNDED,Closed, & ,,,,,90,APARTMENT,2,735,CIVIL CASE,PERSONAL (HANDS),1,No,I,INDIVIDUAL (18 AND OVER),M,W,Non-Hispanic,RESIDENT,,,,37217.0,09,1789453680000,1789458600000
919813,20260557785_11,20260557785,D,DISPATCHED,A,CLEARED BY ARREST,Closed,3219 3219,36.19500000026771,-86.83300000042829,,,20,"PARKING LOT, GARAGE",1,90D,DRIVING UNDER THE INFLUENCE,NONE,1,No,S,SOCIETY,,,,,,,,37218.0,17,1789444800000,1789457400000
919814,20260557785_21,20260557785,D,DISPATCHED,A,CLEARED BY ARREST,Closed,3219 3219,36.19500000026771,-86.83300000042829,,,20,"PARKING LOT, GARAGE",2,90Z,IMPLIED CONSENT - CIVIL,NONE,1,No,S,SOCIETY,,,,,,,,37218.0,17,1789444800000,1789457400000
931987,20260557987_11,20260557987,D,DISPATCHED,A,CLEARED BY ARREST,Closed,910 910,36.26399999993038,-86.6629999998431,,,90,APARTMENT,1,23H,THEFT OF PROPERTY- $500 OR LESS,NONE,1,No,I,INDIVIDUAL (18 AND OVER),F,W,Unknown,RESIDENT,,,,37138.0,17,1789454700000,1789457280000
930501,20260557968_11,20260557968,D,DISPATCHED,U,UNFOUNDED,Closed,2113 2113,36.24699999970004,-86.68000000035076,,,22,"RESIDENCE, HOME",1,740,POLICE INQUIRY,NONE,1,Yes,I,INDIVIDUAL (18 AND OVER),F,B,Non-Hispanic,RESIDENT,,,,37115.0,17,1789453500000,1789456740000
932539,20260557947_11,20260557947,D,DISPATCHED,O,OPEN,Open,STEWARTS FERRY PIKE,36.159999999962295,-86.62999999980876,,,90,APARTMENT,1,13B,SIMPLE ASSLT,NONE,1,No,I,INDIVIDUAL (18 AND OVER),M,W,Non-Hispanic,RESIDENT,,,,,17,1789448400000,1789454820000
931985,20260557723_11,20260557723,D,DISPATCHED,A,CLEARED BY ARREST,Closed,113 113,36.151000000010846,-86.7640000001115,,,90,APARTMENT,1,13B,SIMPLE ASSLT,PERSONAL (HANDS),1,Yes,I,INDIVIDUAL (18 AND OVER),M,B,Non-Hispanic,RESIDENT,,,,37210.0,09,1789443000000,1789453260000
932562,20260557897_11,20260557897,D,DISPATCHED,O,OPEN,Open,PEABODY,36.159999999962295,-86.76999999970943,,,13,"HIGHWAY, ROAD, ALLEY",1,23H,"THEFT OF PROPERTY-$1,000 OR LESS",NONE,1,No,I,INDIVIDUAL (18 AND OVER),M,W,Non-Hispanic,NON RESIDENT,,,,,17,1789450020000,1789452960000
919812,20260557871_11,20260557871,D,DISPATCHED,U,UNFOUNDED,Closed,110 110,36.042000000187876,-86.72000000006571,,,90,APARTMENT,1,740,POLICE INQUIRY,NONE,1,Yes,I,INDIVIDUAL (18 AND OVER),F,B,Non-Hispanic,RESIDENT,,,,37211.0,17,1789448640000,1789452300000
920900,20260557632_11,20260557632,D,DISPATCHED,A,CLEARED BY ARREST,Closed,412 412,36.042000000187876,-86.70599999980617,,,22,"RESIDENCE, HOME",1,90Z,HARRASSMENT (NUISANCE),NONE,1,Yes,I,INDIVIDUAL (18 AND OVER),F,W,Hispanic,UNKNOWN,,,,37013.0,17,1789383600000,1789452180000
924685,20260557634_11,20260557634,D,DISPATCHED,U,UNFOUNDED,Closed, & WHITE DUTCH LN,,,,,22,"RESIDENCE, HOME",1,740,POLICE INQUIRY,NONE,1,Yes,I,INDIVIDUAL (18 AND OVER),F,W,Non-Hispanic,RESIDENT,,,,37013.0,17,1789434000000,1789452000000
930205,20260557906_11,20260557906,D,DISPATCHED,O,OPEN,Open,CENTURY,36.13999999994927,-86.69000000027951,,,20,"PARKING LOT, GARAGE",1,23F,BURGLARY- MOTOR VEHICLE,NONE,1,No,I,INDIVIDUAL (18 AND OVER),M,W,Non-Hispanic,RESIDENT,,,,,17,1789045200000,1789451580000
920995,20260557808_11,20260557808,CIR,,O,OPEN,Open,LEBANON PIKE,36.16999999991994,-86.65999999959497,,,25,"SERVICE, GAS STATION",1,760,OVERDOSE,NONE,1,No,I,INDIVIDUAL (18 AND OVER),M,W,Non-Hispanic,NON RESIDENT,,,,,17,1789444800000,1789450740000
930206,20260557882_11,20260557882,D,DISPATCHED,O,OPEN,Open,BROADWAY,36.159999999962295,-86.77999999963816,,,20,"PARKING LOT, GARAGE",1,23F,BURGLARY- MOTOR VEHICLE,NONE,1,No,I,INDIVIDUAL (18 AND OVER),F,W,Non-Hispanic,UNKNOWN,,,,,17,1789403400000,1789450320000
932542,20260557719_11,20260557719,D,DISPATCHED,O,OPEN,Open,APACHE TRL,36.06999999966938,-86.69000000027951,,,12,"GROCERY, SUPERMARKET",1,13A,INTENTIONAL AGGRAVATED ASSAULT,LETHAL/CUTTING INSTRUMENT,1,No,I,INDIVIDUAL (18 AND OVER),M,W,Non-Hispanic,NON RESIDENT,,,,,06,1788569400000,1789449900000
932543,20260557719_12,20260557719,D,DISPATCHED,O,OPEN,Open,APACHE TRL,36.06999999966938,-86.69000000027951,,,12,"GROCERY, SUPERMARKET",1,13A,INTENTIONAL AGGRAVATED ASSAULT,LETHAL/CUTTING INSTRUMENT,2,No,I,INDIVIDUAL (18 AND OVER),M,W,Non-Hispanic,UNKNOWN,,,,,06,1788569400000,1789449900000
926995,20260557809_11,20260557809,D,DISPATCHED,O,OPEN,Open,BAYWIND DR E,36.05000000025906,-86.59000000009381,,,22,"RESIDENCE, HOME",1,26A,FRAUD - SWINDLE,NONE,1,No,I,INDIVIDUAL (18 AND OVER),M,W,Hispanic,RESIDENT,,,,,17,1780322400000,1789449420000
931279,20260557765_11,20260557765,D,DISPATCHED,O,OPEN,Open,SAXONY LAKE DR,36.05000000025906,-86.67000000042204,,,90,APARTMENT,1,13C,ASSAULT- FEAR OF BODILY INJURY,,1,Yes,I,INDIVIDUAL (18 AND OVER),F,B,Non-Hispanic,RESIDENT,,,,,,1789444500000,1789449180000
931282,20260557765_12,20260557765,D,DISPATCHED,O,OPEN,Open,SAXONY LAKE DR,36.05000000025906,-86.67000000042204,,,90,APARTMENT,1,13C,ASSAULT- FEAR OF BODILY INJURY,,2,No,I,INDIVIDUAL (18 AND OVER),M,B,Non-Hispanic,RESIDENT,,,,,,1789444500000,1789449180000
924686,20260557842_11,20260557842,D,DISPATCHED,U,UNFOUNDED,Closed,422 422,36.16699999965114,-86.7640000001115,,,90,APARTMENT,1,740,POLICE INQUIRY,NONE,1,Yes,I,INDIVIDUAL (18 AND OVER),M,B,Non-Hispanic,RESIDENT,,,,37206.0,17,1789444800000,1789449000000
924692,20260557546_11,20260557546,D,DISPATCHED,A,CLEARED BY ARREST,Closed,800 800,36.174999999701605,-86.79299999981502,,,12,"GROCERY, SUPERMARKET",1,23C,"THEFT OF MERCHANDISE- $1,000 OR LESS",NONE,1,No,B,BUSINESS,,,,,,,,37208.0,17,1789422060000,1789448640000
903067,20260557872_11,20260557872,S,SUSPECT,O,OPEN,Open,HOGGETT FORD,36.16999999991994,-86.62999999980876,,,22,"RESIDENCE, HOME",1,13B,SIMPLE ASSLT,PERSONAL (HANDS),1,Yes,I,INDIVIDUAL (18 AND OVER),M,W,Non-Hispanic,RESIDENT,,,,,09,1789430400000,1789448400000
919810,20260557756_11,20260557756,D,DISPATCHED,U,UNFOUNDED,Closed,2000 2000,36.1539999996859,-86.80199999966105,,,9,HOSPITAL,1,740,POLICE INQUIRY,NONE,1,No,I,INDIVIDUAL (18 AND OVER),F,W,Non-Hispanic,UNKNOWN,,,,37203.0,17,1789443900000,1789448400000
919811,20260557839_11,20260557839,D,DISPATCHED,U,UNFOUNDED,Closed,2112 2112,36.156999999917204,-86.80700000007457,,,20,"PARKING LOT, GARAGE",1,740,POLICE INQUIRY,NONE,1,Yes,I,INDIVIDUAL (18 AND OVER),F,B,Non-Hispanic,RESIDENT,,,,37203.0,17,1789446360000,1789448400000
919809,20260557591_11,20260557591,D,DISPATCHED,U,UNFOUNDED,Closed,3037 3037,36.229999999876554,-86.79299999981502,,,13,"HIGHWAY, ROAD, ALLEY",1,740,POLICE INQUIRY,NONE,1,No,I,INDIVIDUAL (18 AND OVER),M,B,Non-Hispanic,UNKNOWN,,,,37207.0,17,1789437660000,1789447440000
932567,20260557789_11,20260557789,D,DISPATCHED,U,UNFOUNDED,Closed,2311 2311,36.127999999830735,-86.54499999996531,,,22,"RESIDENCE, HOME",1,715,FOUND PROPERTY,NONE,1,No,U,UNKNOWN,U,U,Unknown,NON RESIDENT,,,,37076.0,17,1789423200000,1789447080000
919804,20260557603_11,20260557603,D,DISPATCHED,A,CLEARED BY ARREST,Closed,824 824,36.137000000193275,-86.78099999972085,,,50,Park/Playground,1,35A,"DRUGS, COCAINE, POSSESS",NONE,1,No,S,SOCIETY,,,,,,,,37203.0,17,1789439280000,1789445520000
919807,20260557603_21,20260557603,D,DISPATCHED,A,CLEARED BY ARREST,Closed,824 824,36.137000000193275,-86.78099999972085,,,50,Park/Playground,2,35B,DRUG PARAPHERNALIA- UNLAWFUL USE,NONE,1,No,S,SOCIETY,,,,,,,,37203.0,17,1789439280000,1789445520000
924810,20260557608_11,20260557608,D,DISPATCHED,U,UNFOUNDED,Closed,211 211,36.16600000015136,-86.77800000037105,,,90,APARTMENT,1,740,POLICE INQUIRY,NONE,1,Yes,I,INDIVIDUAL (18 AND OVER),F,A,Non-Hispanic,RESIDENT,,,,37201.0,17,1789437840000,1789445460000
921041,20260557736_11,20260557736,S,SUSPECT,P,PROSECUTION DECLINED,Closed,3181 3181,36.24400000013209,-86.77199999987482,,,13,"HIGHWAY, ROAD, ALLEY",1,35A,POSSESSION OF A CONTROLLED SUBSTANCE,NONE,1,No,S,SOCIETY,,,,,,,,37207.0,17,1789444260000,1789445340000
919801,20260557669_11,20260557669,D,DISPATCHED,U,UNFOUNDED,Closed,421 421,36.24600000032312,-86.70900000005427,,,90,APARTMENT,1,740,POLICE INQUIRY,NONE,1,Yes,I,INDIVIDUAL (18 AND OVER),M,W,Non-Hispanic,RESIDENT,,,,37115.0,17,1789440600000,1789444860000
932556,20260557721_11,20260557721,D,DISPATCHED,U,UNFOUNDED,Closed,6670 6670,36.137000000193275,-86.88300000007199,,,20,"PARKING LOT, GARAGE",1,780,"RECOVERY, STOLEN PROPERTY",NONE,1,No,I,INDIVIDUAL (18 AND OVER),M,W,Non-Hispanic,RESIDENT,,,,37209.0,17,1789410600000,1789444860000
920999,20260557556_11,20260557556,D,DISPATCHED,U,UNFOUNDED,Closed,7734 7734,,,,,23,RESTAURANT,1,740,TRANSPORT,NONE,1,No,I,INDIVIDUAL (18 AND OVER),M,W,Non-Hispanic,RESIDENT,,,,37221.0,17,1789437780000,1789444740000
920974,20260557653_11,20260557653,D,DISPATCHED,O,OPEN,Open,RICHARDS,36.12000000013524,-86.80000000039394,,,22,"RESIDENCE, HOME",1,220,BURGLARY - AGGRAVATED,NONE,1,No,I,INDIVIDUAL (18 AND OVER),F,W,Non-Hispanic,RESIDENT,,,,,17,1789383600000,1789444560000
932544,20260557528_11,20260557528,D,DISPATCHED,O,OPEN,Open,GATEWOOD AVE,36.20000000001247,-86.76999999970943,,,22,"RESIDENCE, HOME",1,13B,SIMPLE ASSLT,PERSONAL (HANDS),1,No,I,INDIVIDUAL (18 AND OVER),M,W,Non-Hispanic,RESIDENT,,,,,09,1789433100000,1789444320000
924647,20260557682_11,20260557682,D,DISPATCHED,U,UNFOUNDED,Closed,GALLATIN AVE & EASTLAND AVE,36.18400000028398,-86.74799999968653,,,13,"HIGHWAY, ROAD, ALLEY",1,740,POLICE INQUIRY,NONE,1,Yes,I,INDIVIDUAL (18 AND OVER),F,W,Unknown,RESIDENT,,,,37206.0,17,1789442100000,1789444200000
924807,20260557623_11,20260557623,D,DISPATCHED,O,OPEN,Open,SHELBY AVE,36.16999999991994,-86.75999999978066,,,90,APARTMENT,1,13A,INTENTIONAL AGGRAVATED ASSAULT,OTHER,1,No,I,INDIVIDUAL (18 AND OVER),F,B,Non-Hispanic,RESIDENT,,,,,15,1789426800000,1789444140000
932545,20260557501_11,20260557501,D,DISPATCHED,O,OPEN,Open,LINBAR DR,36.080000000195604,-86.70000000020825,,,20,"PARKING LOT, GARAGE",1,13B,SIMPLE ASSLT,PERSONAL (HANDS),1,Yes,I,INDIVIDUAL (18 AND OVER),M,W,Hispanic,RESIDENT,,,,,09,1789430400000,1789443840000
917314,20260557681_11,20260557681,D,DISPATCHED,O,OPEN,Open,CHARLOTTE PIKE,36.13999999994927,-86.87999999982385,,,20,"PARKING LOT, GARAGE",1,240,VEHICLE THEFT,NONE,1,No,I,INDIVIDUAL (18 AND OVER),M,W,Non-Hispanic,RESIDENT,,,,,17,1789410600000,1789443600000
915305,20260557626_11,20260557626,D,DISPATCHED,U,UNFOUNDED,Closed,1271 1271,36.08800000003139,-86.69299999962931,,,90,APARTMENT,1,740,POLICE INQUIRY,NONE,1,Yes,I,INDIVIDUAL (18 AND OVER),M,W,Non-Hispanic,RESIDENT,,,,37211.0,17,1789437600000,1789442880000
921656,20260557637_11,20260557637,D,DISPATCHED,U,UNFOUNDED,Closed,111 111,36.072999999667886,-86.92099999962153,,,22,"RESIDENCE, HOME",1,740,TRANSPORT,NONE,1,No,I,INDIVIDUAL (18 AND OVER),M,W,Non-Hispanic,RESIDENT,,,,37221.0,17,1789441200000,1789442640000
921008,20260557491_11,20260557491,D,DISPATCHED,U,UNFOUNDED,Closed,1003 1003,36.16500000022236,-86.82000000025143,,,19,PARK,1,740,TRANSPORT,NONE,1,No,I,INDIVIDUAL (18 AND OVER),F,B,Non-Hispanic,RESIDENT,,,,37209.0,17,1789430400000,1789442580000
919795,20260557587_11,20260557587,D,DISPATCHED,U,UNFOUNDED,Closed,616 616,36.24200000020241,-86.66900000033932,,,22,"RESIDENCE, HOME",1,740,POLICE INQUIRY,NONE,1,Yes,I,INDIVIDUAL (18 AND OVER),F,W,Unknown,RESIDENT,,,,37115.0,17,1789437240000,1789442340000
932546,20260557655_11,20260557655,D,DISPATCHED,O,OPEN,Open,STEWARTS FERRY PIKE,36.159999999962295,-86.64999999966624,,,57,Community Center,1,13C,ASSAULT- FEAR OF BODILY INJURY,,1,No,I,INDIVIDUAL (18 AND OVER),F,B,Non-Hispanic,RESIDENT,,,,,,1789411200000,1789441740000
917452,20260557613_11,20260557613,S,SUSPECT,U,UNFOUNDED,Closed,2311 2311,36.207999999922265,-86.77800000037105,,,20,"PARKING LOT, GARAGE",1,740,POLICE INQUIRY,,1,No,I,INDIVIDUAL (18 AND OVER),F,W,Non-Hispanic,RESIDENT,,,,37207.0,,1789439400000,1789441680000
919792,20260557563_11,20260557563,D,DISPATCHED,U,UNFOUNDED,Closed,5406 5406,36.043999999968996,-86.66099999967767,,,41,Auto Dealership New/Used,1,740,POLICE INQUIRY,NONE,1,No,I,INDIVIDUAL (18 AND OVER),F,B,Non-Hispanic,RESIDENT,,,,37013.0,17,1788613200000,1789441560000
924372,20260557169_11,20260557169,D,DISPATCHED,A,CLEARED BY ARREST,Closed,200 200,36.27300000011916,-86.71100000021968,,,22,"RESIDENCE, HOME",1,220,BURGLARY - ESPECIALLY AGGRAVATED,CLUB,1,Yes,I,INDIVIDUAL (18 AND OVER),F,W,Non-Hispanic,RESIDENT,,,,37115.0,07,1789422840000,1789441440000
924373,20260557169_22,20260557169,D,DISPATCHED,A,CLEARED BY ARREST,Closed,200 200,36.27300000011916,-86.71100000021968,,,22,"RESIDENCE, HOME",2,35A,AMPHETAMINE - POSSESS,NONE,2,No,S,SOCIETY,,,,,,,,37115.0,17,1789422840000,1789441440000
924374,20260557169_31,20260557169,D,DISPATCHED,A,CLEARED BY ARREST,Closed,200 200,36.27300000011916,-86.71100000021968,,,22,"RESIDENCE, HOME",3,13A,INTENTIONAL AGGRAVATED ASSAULT,CLUB,1,Yes,I,INDIVIDUAL (18 AND OVER),F,W,Non-Hispanic,RESIDENT,,,,37115.0,07,1789422840000,1789441440000
921049,20260557566_11,20260557566,S,SUSPECT,A,CLEARED BY ARREST,Closed,CHESAPEAKE & MOOREWOOD,36.24600000032312,-86.77299999995753,,,13,"HIGHWAY, ROAD, ALLEY",1,35A,POSSESSION OF A CONTROLLED SUBSTANCE,NONE,1,No,S,SOCIETY,,,,,,,,37207.0,17,1789437660000,1789441260000
921058,20260557566_21,20260557566,S,SUSPECT,A,CLEARED BY ARREST,Closed,CHESAPEAKE & MOOREWOOD,36.24600000032312,-86.77299999995753,,,13,"HIGHWAY, ROAD, ALLEY",2,35B,DRUG PARAPHERNALIA- UNLAWFUL USE,NONE,1,No,S,SOCIETY,,,,,,,,37207.0,17,1789437660000,1789441260000
932547,20260557537_11,20260557537,D,DISPATCHED,R,REFUSED TO COOPERATE,Closed,2400 2400,36.20000000001247,-86.82499999976665,,,22,"RESIDENCE, HOME",1,13B,ASSAULT- OFFENSIVE OR PROVOCATIVE CONTACT,OTHER,1,Yes,I,INDIVIDUAL (18 AND OVER),F,B,Non-Hispanic,RESIDENT,,,,37218.0,15,1788834600000,1789441020000
932210,20260557581_11,20260557581,D,DISPATCHED,U,UNFOUNDED,Closed,3317 3317,36.06699999997734,-86.62400000021083,,,13,"HIGHWAY, ROAD, ALLEY",1,780,"RECOVERY, STOLEN PROPERTY",NONE,1,No,I,INDIVIDUAL (18 AND OVER),U,U,Unknown,NON RESIDENT,,,,37013.0,17,1789367400000,1789440960000
921651,20260557590_11,20260557590,D,DISPATCHED,U,UNFOUNDED,Closed,604 604,36.05099999966719,-86.95399999965585,,,22,"RESIDENCE, HOME",1,740,TRANSPORT,NONE,1,No,I,INDIVIDUAL (18 AND OVER),M,W,Non-Hispanic,UNKNOWN,,,,37221.0,17,1789437600000,1789440720000
930491,20260557266_11,20260557266,D,DISPATCHED,A,CLEARED BY ARREST,Closed,811 811,36.05200000017039,-86.67600000001995,,,90,APARTMENT,1,13A,"Assault, Aggravated - Strangulation - Int/Kn",PERSONAL (HANDS),1,Yes,I,INDIVIDUAL (18 AND OVER),F,B,Non-Hispanic,RESIDENT,,,,37013.0,09,1789423200000,1789440660000
917424,20260557585_11,20260557585,D,DISPATCHED,U,UNFOUNDED,Closed,5140 5140,36.01100000027918,-86.62899999972605,,,22,"RESIDENCE, HOME",1,740,POLICE INQUIRY,NONE,1,Yes,I,INDIVIDUAL (18 AND OVER),F,B,Non-Hispanic,RESIDENT,,,,37013.0,17,1789437600000,1789440600000
921886,20260557292_11,20260557292,D,DISPATCHED,O,OPEN,Open,NEESE DR,36.10999999969955,-86.72999999999446,,,90,APARTMENT,1,100,"KIDNAPPING, CRIMINAL ATTEMPT",PERSONAL (HANDS),1,Yes,I,INDIVIDUAL (18 AND OVER),F,B,Non-Hispanic,UNKNOWN,,,,,09,1789426800000,1789440540000
921890,20260557292_21,20260557292,D,DISPATCHED,O,OPEN,Open,NEESE DR,36.10999999969955,-86.72999999999446,,,90,APARTMENT,2,13B,SIMPLE ASSLT - STRANGULATION (NO LOSS OF CONSCIOUSNESS),PERSONAL (HANDS),1,Yes,I,INDIVIDUAL (18 AND OVER),F,B,Non-Hispanic,UNKNOWN,,,,,09,1789426800000,1789440540000
921895,20260557292_22,20260557292,D,DISPATCHED,O,OPEN,Open,NEESE DR,36.10999999969955,-86.72999999999446,,,90,APARTMENT,2,13B,SIMPLE ASSLT - STRANGULATION (NO LOSS OF CONSCIOUSNESS),PERSONAL (HANDS),2,Yes,I,INDIVIDUAL (18 AND OVER),M,B,Non-Hispanic,RESIDENT,,,,,09,1789426800000,1789440540000
924697,20260557562_11,20260557562,D,DISPATCHED,D,DEATH OF OFFENDER,Closed,200 200,36.26300000010404,-86.66399999992578,,,22,"RESIDENCE, HOME",1,100,"KIDNAPPING, CRIMINAL ATTEMPT",REVOLVER,1,Yes,I,INDIVIDUAL (18 AND OVER),F,W,Non-Hispanic,RESIDENT,,,,37138.0,04,1789428600000,1789438560000
924698,20260557562_21,20260557562,D,DISPATCHED,D,DEATH OF OFFENDER,Closed,200 200,36.26300000010404,-86.66399999992578,,,22,"RESIDENCE, HOME",2,220,BURGLARY - AGGRAVATED,REVOLVER,1,Yes,I,INDIVIDUAL (18 AND OVER),F,W,Non-Hispanic,RESIDENT,,,,37138.0,04,1789428600000,1789438560000
924699,20260557562_31,20260557562,D,DISPATCHED,D,DEATH OF OFFENDER,Closed,200 200,36.26300000010404,-86.66399999992578,,,22,"RESIDENCE, HOME",3,850,CONTEMPT - VIOLATION OF PROTECTION ORDER,REVOLVER,1,Yes,I,INDIVIDUAL (18 AND OVER),F,W,Non-Hispanic,RESIDENT,,,,37138.0,04,1789428600000,1789438560000
924700,20260557562_42,20260557562,D,DISPATCHED,D,DEATH OF OFFENDER,Closed,200 200,36.26300000010404,-86.66399999992578,,,22,"RESIDENCE, HOME",4,520,"WEAPON OFFENSE, CRIMINAL ATTEMPT",REVOLVER,2,No,S,SOCIETY,,,,,,,,37138.0,04,1789428600000,1789438560000
924701,20260557562_51,20260557562,D,DISPATCHED,D,DEATH OF OFFENDER,Closed,200 200,36.26300000010404,-86.66399999992578,,,22,"RESIDENCE, HOME",5,13A,"Assault, Aggravated - Deadly Weapon - Int/Kn",REVOLVER,1,Yes,I,INDIVIDUAL (18 AND OVER),F,W,Non-Hispanic,RESIDENT,,,,37138.0,04,1789428600000,1789438560000
921668,20260555292_11,20260555292,S,SUSPECT,U,UNFOUNDED,Closed,97 97,36.082999999882595,-86.70200000037366,,,15,"JAIL, PRISON",1,715,FOUND PROPERTY,NONE,1,No,I,INDIVIDUAL (18 AND OVER),F,W,Non-Hispanic,RESIDENT,,,,37211.0,17,1789438440000,1789438440000
919786,20260557523_11,20260557523,D,DISPATCHED,U,UNFOUNDED,Closed,700 700,36.16500000022236,-86.75600000034818,,,90,APARTMENT,1,740,POLICE INQUIRY,NONE,1,Yes,I,INDIVIDUAL (18 AND OVER),F,B,Non-Hispanic,RESIDENT,,,,37206.0,17,1789428600000,1789438320000
924637,20260557564_11,20260557564,D,DISPATCHED,O,OPEN,Open,SPRUCEDALE,36.0399999997254,-86.60999999995128,,,22,"RESIDENCE, HOME",1,26A,FRAUD - SWINDLE,NONE,1,No,I,INDIVIDUAL (18 AND OVER),F,B,Non-Hispanic,RESIDENT,,,,,17,1789052400000,1789438320000
929441,20260569097_11,20260569097,D,DISPATCHED,O,OPEN,Open,26TH AVE N,36.19000000021294,-86.82000000025143,,,19,PARK,1,13B,SIMPLE ASSLT,PERSONAL (HANDS),1,Yes,I,INDIVIDUAL (18 AND OVER),F,B,Non-Hispanic,RESIDENT,,,,,09,1789436400000,1789438020000
921065,20260557466_11,20260557466,D,DISPATCHED,O,OPEN,Open,REP JOHN LEWIS WAY S,36.159999999962295,-86.77999999963816,,,13,"HIGHWAY, ROAD, ALLEY",1,13B,SIMPLE ASSLT,PERSONAL (HANDS),1,No,I,INDIVIDUAL (18 AND OVER),F,W,Non-Hispanic,RESIDENT,,,,,09,1789365600000,1789437660000
924645,20260557402_11,20260557402,D,DISPATCHED,U,UNFOUNDED,Closed,916 916,36.26399999993038,-86.6650000000085,,,22,"RESIDENCE, HOME",1,695,UNKNOWN DEATH,HANDGUN,1,No,I,INDIVIDUAL (18 AND OVER),M,W,Non-Hispanic,RESIDENT,,,,37138.0,01,1789429500000,1789436760000
921597,20260557327_11,20260557327,D,DISPATCHED,A,CLEARED BY ARREST,Closed, & PRITCHETT DR,36.05600000004797,-86.75700000043086,,,22,"RESIDENCE, HOME",1,13B,SIMPLE ASSLT,PERSONAL (HANDS),1,Yes,I,INDIVIDUAL (18 AND OVER),M,W,Non-Hispanic,RESIDENT,,,,,09,1789424820000,1789436700000
897408,20260557348_11,20260557348,D,DISPATCHED,O,OPEN,Open,HAMILTON CHURCH RD,36.059999999965356,-86.62999999980876,,,28,"OTHER, UNKNOWN",1,26B,FRAUD -  ILLEG USE OF CREDIT CARDS,NONE,1,No,F,FINANCIAL INSTITUTION,,,,,,,,,17,1789383600000,1789436460000
924644,20260557510_11,20260557510,D,DISPATCHED,U,UNFOUNDED,Closed,200 200,36.260999999706584,-86.71300000038511,,,20,"PARKING LOT, GARAGE",1,740,POLICE INQUIRY,NONE,1,No,I,INDIVIDUAL (18 AND OVER),F,W,Non-Hispanic,NON RESIDENT,,,,37115.0,17,1789353000000,1789436340000
928563,20260557205_11,20260557205,D,DISPATCHED,O,OPEN,Open,MOUNTAIN VALLEY,36.099999999750025,-86.93000000036587,,,90,APARTMENT,1,220,BURGLARY,NONE,1,No,I,INDIVIDUAL (18 AND OVER),F,W,Hispanic,RESIDENT,,,,,17,1789380000000,1789436340000
928564,20260557205_21,20260557205,D,DISPATCHED,O,OPEN,Open,MOUNTAIN VALLEY,36.099999999750025,-86.93000000036587,,,90,APARTMENT,2,290,DAMAGE PROP - PRIVATE,NONE,1,No,I,INDIVIDUAL (18 AND OVER),F,W,Hispanic,RESIDENT,,,,,17,1789380000000,1789436340000
921541,20260557465_11,20260557465,D,DISPATCHED,U,UNFOUNDED,Closed,2901 2901,36.04099999976909,-86.63300000005688,,,90,APARTMENT,1,740,POLICE INQUIRY,NONE,1,Yes,I,INDIVIDUAL (18 AND OVER),M,W,Non-Hispanic,UNKNOWN,,,,37013.0,17,1789415100000,1789436160000
895237,20260557213_11,20260557213,D,DISPATCHED,U,UNFOUNDED,Closed,311 311,36.09600000019247,-86.72000000006571,,,22,"RESIDENCE, HOME",1,740,POLICE INQUIRY,,1,No,I,INDIVIDUAL (18 AND OVER),F,W,Hispanic,RESIDENT,,,,37211.0,,1789408800000,1789435440000
918894,20260557495_11,20260557495,D,DISPATCHED,U,UNFOUNDED,Closed,10TH AVE N & BROADWAY,36.15800000035669,-86.78399999996897,,,13,"HIGHWAY, ROAD, ALLEY",1,715,FOUND PROPERTY,NONE,1,No,I,INDIVIDUAL (18 AND OVER),U,U,Unknown,NON RESIDENT,,,,37203.0,17,1789428360000,1789435140000
921638,20260557354_11,20260557354,D,DISPATCHED,U,UNFOUNDED,Closed,161 161,36.13500000023381,-86.76600000027692,,,20,"PARKING LOT, GARAGE",1,740,POLICE INQUIRY,NONE,1,No,I,INDIVIDUAL (18 AND OVER),F,W,Non-Hispanic,RESIDENT,,,,37203.0,17,1789432380000,1789434660000
921642,20260557354_21,20260557354,D,DISPATCHED,U,UNFOUNDED,Closed,161 161,36.13500000023381,-86.76600000027692,,,20,"PARKING LOT, GARAGE",2,715,FOUND PROPERTY,NONE,1,No,I,INDIVIDUAL (18 AND OVER),F,W,Non-Hispanic,RESIDENT,,,,37203.0,17,1789432380000,1789434660000
924370,20260557474_11,20260557474,D,DISPATCHED,O,OPEN,Open,BUENA VISTA PIKE,36.20000000001247,-86.83000000018018,,,20,"PARKING LOT, GARAGE",1,13C,ASSAULT- FEAR OF BODILY INJURY,,1,No,I,INDIVIDUAL (18 AND OVER),F,B,Non-Hispanic,RESIDENT,,,,,,1789423200000,1789434540000
895234,20260556804_11,20260556804,D,DISPATCHED,U,UNFOUNDED,Closed,1708 1708,36.13800000028207,-86.8110000004054,,,22,"RESIDENCE, HOME",1,740,POLICE INQUIRY,NONE,1,No,I,INDIVIDUAL (18 AND OVER),F,W,Unknown,RESIDENT,,,,37212.0,17,1768500000000,1789433940000
897405,20260557320_11,20260557320,D,DISPATCHED,O,OPEN,Open,BELL RD,36.0399999997254,-86.65999999959497,,,7,CONVENIENCE STORE,1,26B,FRAUD -  ILLEG USE OF CREDIT CARDS,NONE,1,No,F,FINANCIAL INSTITUTION,,,,,,,,,17,1789358400000,1789433460000
921523,20260557455_11,20260557455,D,DISPATCHED,O,OPEN,Open,HYNES ST,36.159999999962295,-86.7899999995669,,,20,"PARKING LOT, GARAGE",1,290,DAMAGE PROP - PRIVATE,,1,No,I,INDIVIDUAL (18 AND OVER),M,W,Non-Hispanic,UNKNOWN,,,,,,1789369200000,1789433160000
921504,20260557463_11,20260557463,D,DISPATCHED,U,UNFOUNDED,Closed,720 720,36.18400000028398,-86.75899999969798,,,90,APARTMENT,1,810,LOST PROPERTY,NONE,1,No,I,INDIVIDUAL (18 AND OVER),F,B,Non-Hispanic,UNKNOWN,,,,37206.0,17,1789059600000,1789433100000
921573,20260557462_11,20260557462,D,DISPATCHED,O,OPEN,Open,DICKERSON PIKE,36.229999999876554,-86.75999999978066,,,8,"DEPARTMENT, DISCOUNT STORE",1,23C,SHOPLIFTING,,1,No,B,BUSINESS,,,,,,,,,,1789431300000,1789432740000
921630,20260557428_11,20260557428,D,DISPATCHED,O,OPEN,Open,RIO VISTA,36.27000000015372,-86.68000000035076,,,22,"RESIDENCE, HOME",1,23H,LARC - POSTAL,NONE,1,No,I,INDIVIDUAL (18 AND OVER),M,B,Non-Hispanic,RESIDENT,,,,,17,1789428900000,1789432560000
921565,20260557382_11,20260557382,D,DISPATCHED,U,UNFOUNDED,Closed,4697 4697,36.08100000022568,-86.75799999961527,,,14,"HOTEL, MOTEL, ETC.",1,740,POLICE INQUIRY,NONE,1,No,I,INDIVIDUAL (18 AND OVER),M,W,Non-Hispanic,RESIDENT,,,,37220.0,17,1789405200000,1789432320000
923918,20260557331_11,20260557331,D,DISPATCHED,O,OPEN,Open,OLD FRANKLIN RD,36.0399999997254,-86.62999999980876,,,22,"RESIDENCE, HOME",1,13C,ASSAULT- FEAR OF BODILY INJURY,,1,Yes,I,INDIVIDUAL (18 AND OVER),F,W,Non-Hispanic,NON RESIDENT,,,,,,1789428360000,1789431960000
923919,20260557331_21,20260557331,D,DISPATCHED,O,OPEN,Open,OLD FRANKLIN RD,36.0399999997254,-86.62999999980876,,,22,"RESIDENCE, HOME",2,23G,LARC - PARTS FROM VEH,PERSONAL (HANDS),1,Yes,I,INDIVIDUAL (18 AND OVER),F,W,Non-Hispanic,NON RESIDENT,,,,,09,1789428360000,1789431960000
924646,20260557362_11,20260557362,D,DISPATCHED,U,UNFOUNDED,Closed,727 727,36.05500000025484,-86.6429999999856,,,90,APARTMENT,1,740,POLICE INQUIRY,NONE,1,Yes,I,INDIVIDUAL (18 AND OVER),M,B,Non-Hispanic,RESIDENT,,,,37013.0,17,1789427700000,1789431600000
895231,20260557091_11,20260557091,D,DISPATCHED,U,UNFOUNDED,Closed,2131 2131,36.15000000024567,-86.69599999987742,,,22,"RESIDENCE, HOME",1,740,POLICE INQUIRY,NONE,1,Yes,U,UNKNOWN,U,U,Unknown,NON RESIDENT,,,,37210.0,17,1789419600000,1789431540000
921076,20260557179_11,20260557179,D,DISPATCHED,O,OPEN,Open,PADDLE WHEEL,36.229999999876554,-86.70000000020825,,,22,"RESIDENCE, HOME",1,13B,SIMPLE ASSLT,PERSONAL (HANDS),1,Yes,I,INDIVIDUAL (18 AND OVER),F,W,Non-Hispanic,RESIDENT,,,,,09,1789419240000,1789431540000
921695,20260557290_11,20260557290,D,DISPATCHED,U,UNFOUNDED,Closed,2202 2202,36.20599999976586,-86.76899999962671,,,7,CONVENIENCE STORE,1,740,POLICE INQUIRY,NONE,1,No,I,INDIVIDUAL (18 AND OVER),M,B,Non-Hispanic,UNKNOWN,,,,37207.0,17,1785603600000,1789431360000
927199,20260557195_11,20260557195,D,DISPATCHED,O,OPEN,Open,CROWE DR,36.18000000021363,-86.84000000010889,,,13,"HIGHWAY, ROAD, ALLEY",1,13A,"Assault, Aggravated - Deadly Weapon - Int/Kn",HANDGUN,1,No,I,INDIVIDUAL (18 AND OVER),M,B,Unknown,RESIDENT,,,,,01,1789422540000,1789430400000
927202,20260557195_22,20260557195,D,DISPATCHED,O,OPEN,Open,CROWE DR,36.18000000021363,-86.84000000010889,,,13,"HIGHWAY, ROAD, ALLEY",2,520,"WEAPON OFFENSE, CRIMINAL ATTEMPT",HANDGUN,2,No,S,SOCIETY,,,,,,,,,01,1789422540000,1789430400000
925118,20260557281_11,20260557281,D,DISPATCHED,O,OPEN,Open,NOLENSVILLE PIKE,36.06999999966938,-86.72000000006571,,,90,APARTMENT,1,26A,THEFT OF SERVICES-  $500 OR LESS,NONE,1,No,I,INDIVIDUAL (18 AND OVER),F,W,Hispanic,RESIDENT,,,,,17,1789353600000,1789430220000
927205,20260557230_11,20260557230,D,DISPATCHED,O,OPEN,Open,ELLISTON PL,36.15000000024567,-86.81000000032267,,,23,RESTAURANT,1,13C,"HARASSMENT- CAUSE EMOTIONAL DISTRESS, INTIMIDATE, FRIGHTEN",NONE,1,No,I,INDIVIDUAL (18 AND OVER),M,W,Non-Hispanic,RESIDENT,,,,,17,1789408800000,1789429620000
932549,20260557027_11,20260557027,D,DISPATCHED,O,OPEN,Open,SUMMER SHADE DR,36.05000000025906,-86.59000000009381,,,22,"RESIDENCE, HOME",1,90Z,HARRASSMENT (NUISANCE),NONE,1,Yes,I,INDIVIDUAL (18 AND OVER),M,W,Non-Hispanic,RESIDENT,,,,,17,1789113600000,1789428720000
921611,20260557236_11,20260557236,D,DISPATCHED,U,UNFOUNDED,Closed,499 499,36.039000000057484,-86.72000000006571,,,90,APARTMENT,1,740,POLICE INQUIRY,NONE,1,No,I,INDIVIDUAL (18 AND OVER),F,B,Non-Hispanic,RESIDENT,,,,37211.0,17,1788109200000,1789428420000
923871,20260557225_11,20260557225,D,DISPATCHED,U,UNFOUNDED,Closed,345 345,36.17299999992894,-86.60000000002253,,,20,"PARKING LOT, GARAGE",1,760,OVERDOSE,NONE,1,No,I,INDIVIDUAL (18 AND OVER),M,B,Non-Hispanic,RESIDENT,,,,37076.0,17,1789423200000,1789427820000
921672,20260556521_11,20260556521,D,DISPATCHED,U,UNFOUNDED,Closed, & RUSSELL ST,,,,,20,"PARKING LOT, GARAGE",1,780,"RECOVERY, STOLEN PROPERTY",NONE,1,No,I,INDIVIDUAL (18 AND OVER),U,U,Unknown,NON RESIDENT,,,,37206.0,17,1789397520000,1789427760000
921495,20260557265_11,20260557265,D,DISPATCHED,U,UNFOUNDED,Closed,500 500,36.14100000025182,-86.78199999980357,,,90,APARTMENT,1,740,POLICE INQUIRY,,1,No,I,INDIVIDUAL (18 AND OVER),M,B,Non-Hispanic,RESIDENT,,,,37203.0,,1735690500000,1789427700000
924682,20260557239_11,20260557239,D,DISPATCHED,U,UNFOUNDED,Closed,4009 4009,36.144000000126155,-86.83300000042829,,,22,"RESIDENCE, HOME",1,780,"RECOVERY, STOLEN PROPERTY",NONE,1,No,I,INDIVIDUAL (18 AND OVER),M,W,Non-Hispanic,RESIDENT,,,,37209.0,17,1789427160000,1789427160000
927211,20260557240_11,20260557240,D,DISPATCHED,O,OPEN,Open,PLUS PARK BLVD,36.129999999702626,-86.72000000006571,,,90,APARTMENT,1,13C,ASSAULT- FEAR OF BODILY INJURY,,1,No,I,INDIVIDUAL (18 AND OVER),M,W,Non-Hispanic,RESIDENT,,,,,,1789418640000,1789427160000
924641,20260557166_11,20260557166,D,DISPATCHED,U,UNFOUNDED,Closed,905 905,36.18799999983186,-86.75400000018276,,,22,"RESIDENCE, HOME",1,740,POLICE INQUIRY,NONE,1,Yes,I,INDIVIDUAL (18 AND OVER),M,W,Non-Hispanic,RESIDENT,,,,37206.0,17,1789421400000,1789426860000
927216,20260556988_11,20260556988,D,DISPATCHED,A,CLEARED BY ARREST,Closed,336 336,36.20500000009323,-86.76300000002878,,,7,CONVENIENCE STORE,1,13B,ASSAULT- OFFENSIVE OR PROVOCATIVE CONTACT,PERSONAL (HANDS),1,Yes,I,INDIVIDUAL (18 AND OVER),F,W,Non-Hispanic,UNKNOWN,,,,37207.0,09,1789417320000,1789426260000
895230,20260557219_11,20260557219,D,DISPATCHED,U,UNFOUNDED,Closed,3240 3240,36.07099999979706,-86.60200000018794,,,22,"RESIDENCE, HOME",1,735,CIVIL CASE,,1,No,I,INDIVIDUAL (18 AND OVER),F,B,Non-Hispanic,RESIDENT,,,,37013.0,,1789424280000,1789426200000
924683,20260555300_11,20260555300,S,SUSPECT,U,UNFOUNDED,Closed,2802 2802,36.15899999964666,-86.81900000016873,,,20,"PARKING LOT, GARAGE",1,715,FOUND PROPERTY,,1,No,I,INDIVIDUAL (18 AND OVER),F,W,Unknown,UNKNOWN,,,,37209.0,,1789327080000,1789426200000
918886,20260557256_11,20260557256,S,SUSPECT,O,OPEN,Open,MONROE ST,36.18000000021363,-86.7899999995669,,,12,"GROCERY, SUPERMARKET",1,23C,SHOPLIFTING,NONE,1,No,B,BUSINESS,,,,,,,,,17,1789422060000,1789425840000
931708,20260557106_22,20260557106,D,DISPATCHED,O,OPEN,Open,37TH AVE N,36.15000000024567,-86.83000000018018,,,13,"HIGHWAY, ROAD, ALLEY",2,520,"WEAPON OFFENSE, CRIMINAL ATTEMPT",HANDGUN,2,No,S,SOCIETY,,,,,,,,,01,1789416000000,1789425600000
926990,20260557133_11,20260557133,S,SUSPECT,O,OPEN,Open,4TH,36.159999999962295,-86.77999999963816,,,3,"BAR, NIGHT CLUB",1,26B,FRAUD -  ILLEG USE OF CREDIT CARDS,,1,No,B,BUSINESS,,,,,,,,,,1789425300000,1789425300000
921679,20260557203_11,20260557203,D,DISPATCHED,U,UNFOUNDED,Closed,2240 2240,36.12199999993516,-86.75500000026547,,,13,"HIGHWAY, ROAD, ALLEY",1,780,"RECOVERY, STOLEN PROPERTY",NONE,1,No,B,BUSINESS,,,,,,,,37211.0,17,1789423200000,1789425240000
921490,20260557202_11,20260557202,S,SUSPECT,O,OPEN,Open,8TH AVE S,36.159999999962295,-86.84000000010889,,,13,"HIGHWAY, ROAD, ALLEY",1,35B,DRUG PARAPHERNALIA- UNLAWFUL USE,NONE,1,No,S,SOCIETY,,,,,,,,,17,1789423860000,1789425060000
921480,20260557197_11,20260557197,D,DISPATCHED,O,OPEN,Open,MAUDINA AVE,36.13999999994927,-86.85999999996638,,,22,"RESIDENCE, HOME",1,23D,LARC - FROM BLDG,,1,No,I,INDIVIDUAL (18 AND OVER),F,W,Non-Hispanic,RESIDENT,,,,,,1788958800000,1789424400000
921603,20260557172_11,20260557172,D,DISPATCHED,O,OPEN,Open,MONROE ST,36.18000000021363,-86.7899999995669,,,12,"GROCERY, SUPERMARKET",1,290,DAMAGE PROP - BUSINESS,PERSONAL (HANDS),1,No,B,BUSINESS,,,,,,,,,09,1789421640000,1789424340000
927522,20260557128_11,20260557128,D,DISPATCHED,U,UNFOUNDED,Closed,117 117,36.16699999965114,-86.77700000028835,,,20,"PARKING LOT, GARAGE",1,715,FOUND PROPERTY,NONE,1,No,I,INDIVIDUAL (18 AND OVER),M,W,Non-Hispanic,RESIDENT,,,,37201.0,17,1789419600000,1789424160000
932264,20260557122_11,20260557122,D,DISPATCHED,O,OPEN,Open,OAKWELL FARMS LN,36.16999999991994,-86.60999999995128,,,90,APARTMENT,1,210,EXTORTION,NONE,1,No,I,INDIVIDUAL (18 AND OVER),M,W,Non-Hispanic,RESIDENT,,,,,17,1788811200000,1789424040000
893744,20260549517_11,20260549517,D,DISPATCHED,O,OPEN,Open,HERMITAGE PARK DR,36.16999999991994,-86.59000000009381,,,90,APARTMENT,1,220,BURGLARY- AGGRAVATED,NONE,1,No,I,INDIVIDUAL (18 AND OVER),F,W,Non-Hispanic,RESIDENT,,,,,17,1789040700000,1789423920000
921589,20260557132_11,20260557132,S,SUSPECT,O,OPEN,Open,BROADWAY,36.159999999962295,-86.77999999963816,,,23,RESTAURANT,1,26B,FRAUD -  ILLEG USE OF CREDIT CARDS,,1,No,B,BUSINESS,,,,,,,,,,1788732720000,1789423920000
894464,20260556938_23,20260556938,S,SUSPECT,A,CLEARED BY ARREST,Closed,345 345,36.17299999992894,-86.60000000002253,,,13,"HIGHWAY, ROAD, ALLEY",2,520,"WEAPON OFFENSE, CRIMINAL ATTEMPT",HANDGUN - SEMIAUTOMATIC,3,No,S,SOCIETY,,,,,,,,37076.0,01S,1789423680000,1789423680000
894491,20260556938_11,20260556938,S,SUSPECT,A,CLEARED BY ARREST,Closed,345 345,36.17299999992894,-86.60000000002253,,,13,"HIGHWAY, ROAD, ALLEY",1,780,"RECOVERY, STOLEN PROPERTY",HANDGUN - SEMIAUTOMATIC,1,No,I,INDIVIDUAL (18 AND OVER),F,B,Non-Hispanic,RESIDENT,,,,37076.0,01S,1789423680000,1789423680000
894492,20260556938_12,20260556938,S,SUSPECT,A,CLEARED BY ARREST,Closed,345 345,36.17299999992894,-86.60000000002253,,,13,"HIGHWAY, ROAD, ALLEY",1,780,"RECOVERY, STOLEN PROPERTY",HANDGUN - SEMIAUTOMATIC,2,No,I,INDIVIDUAL (18 AND OVER),F,W,Non-Hispanic,NON RESIDENT,,,,37076.0,01S,1789423680000,1789423680000
926912,20260557073_11,20260557073,D,DISPATCHED,U,UNFOUNDED,Closed,4040 4040,36.082999999882595,-86.72400000039654,,,20,"PARKING LOT, GARAGE",1,740,POLICE INQUIRY,NONE,1,No,I,INDIVIDUAL (18 AND OVER),M,B,Non-Hispanic,RESIDENT,,,,37211.0,17,1789411800000,1789423680000
924643,20260557143_11,20260557143,D,DISPATCHED,O,OPEN,Open,INTERSTATE,36.16999999991994,-86.76999999970943,,,14,"HOTEL, MOTEL, ETC.",1,220,BURGLARY- AGGRAVATED,PERSONAL (HANDS),1,No,I,INDIVIDUAL (18 AND OVER),M,W,Non-Hispanic,NON RESIDENT,,,,,09,1789369800000,1789423560000
