OBJECTID,MSLINK,ID_NUMBER,BLM,RELATIONTO,RELATIONT2,URBANRURAL,NBR_TENN_C,NBR_RT2,SPCL_CSE,CNTY_SEQ,CASENO,TDOTLOC,YEAROFCRAS,DATEOFCRAS,TIMEOFCRAS,TYPEOFCRAS,TOTALKILLE,TOTALINJUR,TOTAL_INCA,TOTAL_OTHE,TOTALVEHIC,FIRSTHARMF,MANNEROFCO,WEATHERCON,LIGHTCONDI,LOCATE_TYP,Longitude,Latitude
459413,267545,19SR100001,6.5,UNKNOWN,Unknown,Urban,DAVIDSON,SR100,0-NONE,1,8163626,Along Roadway,2025,1759795200000,1630,Prop Damage (over),0,0,0,0,2,--,REAR-END,Clear,Daylight,--,-86.94279749155059,36.04728256162026
233976,42078,19SR254001,14.805000000000001,NON_JUNCTION,On Roadway,--,DAVIDSON,SR254,0-NONE,1,400210636,Along Roadway,2025,1737504000000,121,Prop Damage (over),0,0,0,0,3,Vehicle in Transport,"SIDESWIPE, OPP DIR",Clear,Dark-Lighted,Automatic,-86.65966215134895,36.04489492639337
295193,103297,190A417001,2.013,NON_JUNCTION,Roadside -- Right,--,DAVIDSON,0A417,0-NONE,1,400210638,Along Roadway,2025,1737504000000,130,Possible Injury,0,1,0,1,5,Parked Motor Vehicle,"SIDESWIPE, SAME DIR",Clear,Dark-Lighted,Automatic,-86.71273651405474,36.28464808004093
318040,126151,19I0024001,19.237000000000002,NON_JUNCTION,14,--,DAVIDSON,I0024,0-NONE,1,400210649,Along Roadway,2025,1737504000000,451,Suspected Minor Injury,0,1,0,1,1,Concrete Traffic Barrier,NO COLLISION W/ VEHICLE,Clear,Dark-Lighted,Automatic,-86.71004131201391,36.098282181079206
194019,2113,1901008001,1.185,NON_JUNCTION,On Roadway,--,DAVIDSON,01008,0-NONE,1,400210349,Along Roadway,2025,1737417600000,939,Prop Damage (over),0,0,0,0,2,Vehicle in Transport,ANGLE,Clear,Daylight,Automatic,-86.66276123070709,35.99104064280089
199097,7195,1904886001,1.736,NON_JUNCTION,On Roadway,--,DAVIDSON,04886,0-NONE,1,400210334,Along Roadway,2025,1737417600000,800,Suspected Minor Injury,0,1,0,1,1,Overturn,NO COLLISION W/ VEHICLE,Clear,Daylight,Automatic,-86.73020471676625,36.07044084123116
199099,7197,1904886001,1.824,NON_JUNCTION,On Roadway,--,DAVIDSON,04886,0-NONE,1,400210307,Along Roadway,2025,1737417600000,730,Prop Damage (over),0,0,0,0,2,Vehicle in Transport,REAR-END,Clear,Daylight,Automatic,-86.7299054689506,36.06922338291432
200062,8160,1904938001,2.649,NON_JUNCTION,On Roadway,--,DAVIDSON,04938,0-NONE,1,400210455,Along Roadway,2025,1737417600000,1415,Prop Damage (over),0,0,0,0,2,Vehicle in Transport,REAR-END,Clear,Daylight,Automatic,-86.67609289959164,36.186024324942444
200652,8750,1904958001,3.6670000000000003,NON_JUNCTION,On Roadway,--,DAVIDSON,04958,0-NONE,1,400210593,Along Roadway,2025,1737417600000,1803,Prop Damage (over),0,0,0,0,2,Vehicle in Transport,REAR TO REAR,Clear,Dark-Lighted,Automatic,-86.62034631243394,36.05313948074681
203838,11936,190D152001,0.001,NON_JUNCTION,On Roadway,--,DAVIDSON,0D152,0-NONE,1,400210528,Along Roadway,2025,1737417600000,1501,Prop Damage (over),0,0,0,0,2,Vehicle in Transport in other Roadway,REAR-END,Clear,Daylight,Automatic,-86.84617526342497,36.155462920708324
213387,21489,19I0040001,19.26,NON_JUNCTION,On Roadway,--,DAVIDSON,I0040,0-NONE,1,400210303,Along Roadway,2025,1737417600000,747,Suspected Minor Injury,0,1,0,1,3,Vehicle in Transport,REAR-END,Clear,Daylight,Automatic,-86.76473806638438,36.15311021421849
218465,26567,19I0065001,13.585,NON_JUNCTION,On Roadway,--,DAVIDSON,I0065,0-NONE,1,400210257,Along Roadway,2025,1737417600000,603,Suspected Minor Injury,0,1,0,1,2,Vehicle in Transport,"SIDESWIPE, SAME DIR",Clear,Dawn,Automatic,-86.7691573315046,36.23238362118701
218944,27046,19I0065001,16.802,NON_JUNCTION,On Roadway,--,DAVIDSON,I0065,0-NONE,1,400210570,Along Roadway,2025,1737417600000,1645,Suspected Minor Injury,0,1,0,1,2,Vehicle in Transport,REAR-END,Clear,Dusk,Automatic,-86.73704055194722,36.2668906487107
219007,27109,19I0065001,17.253,NON_JUNCTION,On Roadway,--,DAVIDSON,I0065,0-NONE,1,400210264,Along Roadway,2025,1737417600000,638,Prop Damage (over),0,0,0,0,2,Vehicle in Transport,REAR-END,Clear,Dawn,Automatic,-86.73572553886156,36.27335060468917
219460,27562,19I0440001,0.38,NON_JUNCTION,On Roadway,--,DAVIDSON,I0440,0-NONE,1,400210493,Along Roadway,2025,1737417600000,1525,Prop Damage (over),0,0,0,0,2,Vehicle in Transport,REAR-END,Clear,Daylight,Automatic,-86.82279685890997,36.15297116185856
219837,27939,19I0440001,6.33,NON_JUNCTION,On Roadway,--,DAVIDSON,I0440,0-NONE,1,400210498,Along Roadway,2025,1737417600000,1515,Prop Damage (over),0,0,0,0,2,Vehicle in Transport,"SIDESWIPE, SAME DIR",Clear,Daylight,Automatic,-86.75110687123036,36.1228587336641
221169,29271,19SR001001,22.182000000000002,NON_JUNCTION,On Roadway,--,DAVIDSON,SR001,0-NONE,1,400210606,Along Roadway,2025,1737417600000,2200,Prop Damage (over),0,0,0,0,2,Vehicle in Transport,REAR-END,Clear,Dark-Lighted,Automatic,-86.7117152910695,36.12714296132015
223763,31865,19SR006001,16.772000000000002,NON_JUNCTION,On Roadway,--,DAVIDSON,SR006,0-NONE,1,400210597,Along Roadway,2025,1737417600000,1715,Prop Damage (over),0,0,0,0,3,Vehicle in Transport,REAR-END,Clear,Daylight,Automatic,-86.7238005720482,36.2391307079106
224300,32402,19SR006001,19.771,NON_JUNCTION,On Roadway,--,DAVIDSON,SR006,0-NONE,1,400210585,Along Roadway,2025,1737417600000,1700,Prop Damage (under),0,0,0,0,2,Other Object (not fixed),NO COLLISION W/ VEHICLE,Clear,Daylight,Automatic,-86.70843976222697,36.28014316509675
227885,35987,19SR024001,10.823,NON_JUNCTION,On Roadway,--,DAVIDSON,SR024,0-NONE,1,400210377,Along Roadway,2025,1737417600000,843,Suspected Minor Injury,0,1,0,1,2,Vehicle in Transport in other Roadway,ANGLE,Clear,--,Automatic,-86.81036036516103,36.155614190341225
232935,41037,19SR254001,3.918,NON_JUNCTION,On Roadway,--,DAVIDSON,SR254,0-NONE,1,400210550,Along Roadway,2025,1737417600000,1729,Prop Damage (over),0,0,0,0,3,Vehicle in Transport,REAR-END,Clear,Dark-Not Lighted,Automatic,-86.84299207981579,36.04317749897824
233580,41682,19SR254001,13.225000000000001,NON_JUNCTION,On Roadway,--,DAVIDSON,SR254,0-NONE,1,400210523,Along Roadway,2025,1737417600000,1618,Prop Damage (over),0,0,0,0,2,Vehicle in Transport,REAR-END,Clear,Daylight,Automatic,-86.68667571749663,36.044712306174816
298196,106302,19SR155001,6.667000000000001,NON_JUNCTION,Roadside -- Right,--,DAVIDSON,SR155,0-NONE,1,400210623,Along Roadway,2025,1737417600000,0,Prop Damage (over),0,0,0,0,1,Concrete Traffic Barrier,NO COLLISION W/ VEHICLE,Clear,Dark-Lighted,Automatic,-86.69358286553113,36.147132742481446
311673,119781,1904927001,2.2680000000000002,NON_JUNCTION,Off Roadway -- Location Unknown,--,DAVIDSON,04927,0-NONE,1,400210325,Along Roadway,2025,1737417600000,800,Prop Damage (over),0,0,0,0,1,Guardrail Face,NO COLLISION W/ VEHICLE,Clear,Daylight,Automatic,-86.8065406579241,36.30351160343278
324404,132515,1901011001,6.8740000000000006,NON_JUNCTION,--,--,DAVIDSON,01011,0-NONE,1,400210234,Along Roadway,2025,1737417600000,40,Prop Damage (over),0,0,0,0,1,Guardrail End,NO COLLISION W/ VEHICLE,Clear,Dark-Not Lighted,Automatic,-86.61344331035954,36.16242805931836
324464,132575,1901017001,2.228,NON_JUNCTION,--,--,DAVIDSON,01017,0-NONE,1,400210539,Along Roadway,2025,1737417600000,1553,Prop Damage (over),0,0,0,0,2,Vehicle in Transport,REAR-END,Clear,Daylight,Automatic,-86.69733589347,36.29474137845381
325234,133345,1903256001,2.3440000000000003,NON_JUNCTION,--,--,DAVIDSON,03256,0-NONE,1,400210405,Along Roadway,2025,1737417600000,1102,Prop Damage (over),0,0,0,0,3,Vehicle in Transport,ANGLE,Cloudy,Daylight,Automatic,-86.79224256447864,36.136040171833955
325439,133551,1903262001,0.757,NON_JUNCTION,--,--,DAVIDSON,03262,0-NONE,1,400210379,Along Roadway,2025,1737417600000,843,Prop Damage (over),0,0,0,0,2,Vehicle in Transport,"SIDESWIPE, SAME DIR",Clear,Daylight,Automatic,-86.784846594372,36.17528311636132
326167,134279,1904170001,1.6820000000000002,NON_JUNCTION,--,--,DAVIDSON,04170,0-NONE,1,400210561,Along Roadway,2025,1737417600000,1753,Prop Damage (over),0,0,0,0,2,Vehicle in Transport,REAR-END,Clear,Dark-Lighted,Automatic,-86.69102918836359,36.06907645954008
329460,137572,190E374001,0.24600000000000002,NON_JUNCTION,--,--,DAVIDSON,0E374,0-NONE,1,400210610,Along Roadway,2025,1737417600000,1930,Prop Damage (over),0,0,0,0,3,Work Vehicle,HEAD-ON,Clear,Dark-Lighted,Automatic,-86.58706129730487,36.17452348940687
329473,137585,190E432001,0.157,NON_JUNCTION,--,--,DAVIDSON,0E432,0-NONE,1,400210484,Along Roadway,2025,1737417600000,1530,Prop Damage (over),0,0,0,0,2,Vehicle in Transport,ANGLE,Clear,Daylight,Automatic,-86.69046635868114,36.197000640922376
331028,139143,19I0024001,13.805000000000001,NON_JUNCTION,--,--,DAVIDSON,I0024,0-NONE,1,400210414,Along Roadway,2025,1737417600000,1216,Prop Damage (over),0,0,0,0,2,Vehicle in Transport,"SIDESWIPE, SAME DIR",Clear,Daylight,Automatic,-86.77431899069514,36.18001424025489
332019,140134,19I0024001,20.464000000000002,NON_JUNCTION,--,--,DAVIDSON,I0024,0-NONE,1,400210415,Along Roadway,2025,1737417600000,1230,Prop Damage (over),0,0,0,0,1,Thrown or Falling Object,NO COLLISION W/ VEHICLE,Clear,Daylight,Automatic,-86.6984203002299,36.083182416510205
337475,145590,19SR001001,30.592000000000002,NON_JUNCTION,--,--,DAVIDSON,SR001,0-NONE,1,400210619,Along Roadway,2025,1737417600000,1900,Prop Damage (over),0,0,0,0,2,Vehicle in Transport,"SIDESWIPE, SAME DIR",Clear,Dark-Lighted,Automatic,-86.60728251864154,36.04362967794995
338571,146686,19SR011001,7.101,NON_JUNCTION,--,--,DAVIDSON,SR011,0-NONE,1,400210544,Along Roadway,2025,1737417600000,1631,Prop Damage (over),0,0,0,0,2,Vehicle in Transport,ANGLE,Clear,Dusk,Automatic,-86.72668586138352,36.0807022429995
338663,146778,19SR011001,8.63,NON_JUNCTION,--,--,DAVIDSON,SR011,0-NONE,1,400210572,Along Roadway,2025,1737417600000,1758,Prop Damage (over),0,0,0,0,2,Vehicle in Transport,REAR-END,Clear,Dark-Lighted,Automatic,-86.73962531726798,36.09991030499946
341191,149306,19SR155001,23.462,NON_JUNCTION,--,--,DAVIDSON,SR155,0-NONE,1,400210595,Along Roadway,2025,1737417600000,0,Prop Damage (over),0,0,0,0,2,Vehicle in Transport,"SIDESWIPE, SAME DIR",Clear,Dark-Not Lighted,Automatic,-86.86990988487328,36.203628875615344
341353,149468,19SR171001,0.18,NON_JUNCTION,--,--,DAVIDSON,SR171,0-NONE,1,400210406,Along Roadway,2025,1737417600000,1152,Prop Damage (over),0,0,0,0,2,Vehicle in Transport,ANGLE,Clear,Daylight,Automatic,-86.61985632449867,36.016873718249805
381812,189930,1901011001,1.44,INTERSECTION,On Roadway,--,DAVIDSON,01011,0-NONE,1,400210560,At an Intersection,2025,1737417600000,1743,Prop Damage (over),0,0,0,0,2,Vehicle in Transport,ANGLE,Clear,Dusk,Automatic,-86.62642794141271,36.09035140954347
382955,191073,1903252001,4.532,INTERSECTION,On Roadway,--,DAVIDSON,03252,0-NONE,1,400210529,At an Intersection,2025,1737417600000,1639,Suspected Minor Injury,0,1,0,1,2,Vehicle in Transport,ANGLE,Clear,Dusk,Automatic,-86.7253771610568,36.22647371364366
383133,191251,1903257001,0.0,INTERSECTION,On Roadway,--,DAVIDSON,03257,0-NONE,1,400210386,At an Intersection,2025,1737417600000,1032,Suspected Serious Injury,0,4,1,3,2,Vehicle in Transport,ANGLE,Clear,Daylight,Automatic,-86.82260539254206,36.17382660373105
383140,191258,1903257001,2.182,INTERSECTION,On Roadway,--,DAVIDSON,03257,0-NONE,1,400210545,At an Intersection,2025,1737417600000,1747,Possible Injury,0,1,0,1,2,Vehicle in Transport,ANGLE,Clear,Dark-Lighted,Automatic,-86.85416346655285,36.16534758640727
384730,192848,1904898001,1.022,INTERSECTION,On Roadway,--,DAVIDSON,04898,0-NONE,1,400210364,At an Intersection,2025,1737417600000,1022,Prop Damage (over),0,0,0,0,2,Vehicle in Transport,ANGLE,Clear,Daylight,Automatic,-86.88648754677057,36.10795046208636
386126,194244,190C047001,0.202,INTERSECTION,On Roadway,--,DAVIDSON,0C047,0-NONE,1,400210242,At an Intersection,2025,1737417600000,505,Prop Damage (over),0,0,0,0,2,Vehicle in Transport,ANGLE,Clear,Dark-Lighted,Automatic,-86.74108320756697,36.10763945338446
390096,198214,19SR011001,17.492,INTERSECTION,On Roadway,--,DAVIDSON,SR011,0-NONE,1,400210224,At an Intersection,2025,1737417600000,43,Suspected Minor Injury,0,2,0,2,2,Vehicle in Transport,ANGLE,Clear,Dark-Lighted,Automatic,-86.75703836373981,36.241938882725115
391099,199217,19SR024001,14.14,INTERSECTION,On Roadway,--,DAVIDSON,SR024,0-NONE,1,400210276,At an Intersection,2025,1737417600000,635,Possible Injury,0,1,0,1,2,Vehicle in Transport,REAR-END,Clear,Daylight,Automatic,-86.75359023273758,36.15359355511661
392866,200984,19SR155001,29.228,INTERSECTION,On Roadway,--,DAVIDSON,SR155,0-NONE,1,400210500,At an Intersection,2025,1737417600000,1425,Possible Injury,0,2,0,2,2,Vehicle in Transport,ANGLE,Clear,Daylight,Automatic,-86.85453847036068,36.12946550777492
393465,201583,19SR254001,14.700000000000001,INTERSECTION,On Roadway,--,DAVIDSON,SR254,0-NONE,1,400210640,At an Intersection,2025,1737417600000,2206,Prop Damage (over),0,0,0,0,2,Vehicle in Transport,ANGLE,Clear,Dark-Lighted,Automatic,-86.66156302690585,36.04476431104796
413491,221615,19SR001001,9.679,INTERSECTION,Roadside -- Right,--,DAVIDSON,SR001,0-NONE,1,400210295,At an Intersection,2025,1737417600000,705,Prop Damage (over),0,0,0,0,1,Ditch,NO COLLISION W/ VEHICLE,Cloudy,Daylight,Automatic,-86.89014820011326,36.0902094904906
415503,223628,1903268001,2.177,INTERSECTION,--,--,DAVIDSON,03268,0-NONE,1,400210553,At an Intersection,2025,1737417600000,1902,Prop Damage (over),0,0,0,0,2,Vehicle in Transport,REAR-END,Clear,Dark-Lighted,Automatic,-86.78097398746993,36.23731674022728
416385,224510,19SR001001,9.679,INTERSECTION,--,--,DAVIDSON,SR001,0-NONE,1,400210305,At an Intersection,2025,1737417600000,710,Prop Damage (over),0,0,0,0,2,Vehicle in Transport,ANGLE,Cloudy,Daylight,Automatic,-86.89014820011326,36.0902094904906
416621,224746,19SR001001,20.26,INTERSECTION,--,--,DAVIDSON,SR001,0-NONE,1,400210627,At an Intersection,2025,1737417600000,1921,Prop Damage (over),0,0,0,0,2,Vehicle in Transport,"SIDESWIPE, SAME DIR",Clear,Dark-Lighted,Automatic,-86.74060220312091,36.14155652841851
417995,226120,19SR254001,9.700000000000001,INTERSECTION,--,--,DAVIDSON,SR254,0-NONE,1,400210509,At an Intersection,2025,1737417600000,1524,Prop Damage (over),0,0,0,0,2,Vehicle in Transport,REAR-END,Clear,Daylight,Automatic,-86.74347221820676,36.0400143048366
429722,237848,19SR254001,11.292,INTERSECTION RELATED,On Roadway,--,DAVIDSON,SR254,0-NONE,1,400210407,At an Intersection,2025,1737417600000,1210,Suspected Minor Injury,0,1,0,1,2,Vehicle in Transport,REAR-END,Cloudy,Daylight,Automatic,-86.71976516315922,36.045602316167574
439218,247346,19SR011001,9.46,INTERSECTION RELATED,--,--,DAVIDSON,SR011,0-NONE,1,400210403,At an Intersection,2025,1737417600000,1132,Prop Damage (over),0,0,0,0,2,Vehicle in Transport,REAR-END,Clear,Daylight,Automatic,-86.7452282163622,36.11093646101174
447990,256120,19I0024001,18.314,ENTRENCE/EXIT RAMP RELATED,Roadside -- Left,--,DAVIDSON,I0024,0-NONE,1,400210311,Ramp,2025,1737417600000,821,Suspected Minor Injury,0,1,0,1,1,Guardrail Face,NO COLLISION W/ VEHICLE,Clear,Daylight,Automatic,-86.72084719373223,36.108309071509225
203803,11901,190D105001,0.007,NON_JUNCTION,On Roadway,--,DAVIDSON,0D105,0-NONE,1,400210078,Along Roadway,2025,1737331200000,1334,Possible Injury,0,1,0,1,2,Vehicle in Transport,ANGLE,Clear,Daylight,Automatic,-86.87374148458262,36.14648616891819
205997,14098,190F718001,0.635,NON_JUNCTION,On Roadway,--,DAVIDSON,0F718,0-NONE,1,400209908,Along Roadway,2025,1737331200000,25,Prop Damage (under),0,0,0,0,2,Vehicle in Transport,REAR-END,Clear,Dark-Lighted,Automatic,-86.77847469033087,36.16054097245432
208593,16695,19I0024001,16.303,NON_JUNCTION,On Roadway,--,DAVIDSON,I0024,0-NONE,1,400209979,Along Roadway,2025,1737331200000,825,Suspected Serious Injury,0,2,1,1,1,Overturn,NO COLLISION W/ VEHICLE,Clear,Daylight,Automatic,-86.72713013680888,36.136239322606386
211116,19218,19I0024001,24.276,NON_JUNCTION,On Roadway,--,DAVIDSON,I0024,0-NONE,1,400210216,Along Roadway,2025,1737331200000,1655,Prop Damage (over),0,0,0,0,2,Vehicle in Transport,"SIDESWIPE, SAME DIR",Clear,Daylight,Automatic,-86.65406934589942,36.04239543596243
214279,22381,19I0040001,20.931,NON_JUNCTION,On Roadway,--,DAVIDSON,I0040,0-NONE,1,400210207,Along Roadway,2025,1737331200000,2040,Prop Damage (over),0,0,0,0,2,Vehicle in Transport,ANGLE,Clear,Dark-Lighted,Automatic,-86.73853145474503,36.143932532730624
222320,30422,19SR001001,28.366,NON_JUNCTION,On Roadway,--,DAVIDSON,SR001,0-NONE,1,400210037,Along Roadway,2025,1737331200000,1224,Suspected Minor Injury,0,3,0,3,2,Vehicle in Transport,REAR-END,Clear,Daylight,Automatic,-86.63248524628146,36.06853515283283
223937,32039,19SR006001,17.718,NON_JUNCTION,On Roadway,--,DAVIDSON,SR006,0-NONE,1,400210174,Along Roadway,2025,1737331200000,1730,Prop Damage (over),0,0,0,0,2,Vehicle in Transport,REAR-END,Clear,Dark-Lighted,Automatic,-86.71781698309927,36.251718770023125
227183,35285,19SR012001,3.9410000000000003,NON_JUNCTION,On Roadway,--,DAVIDSON,SR012,0-NONE,1,400210053,Along Roadway,2025,1737331200000,1216,Prop Damage (over),0,0,0,0,2,Vehicle in Transport,REAR-END,Clear,Daylight,Automatic,-86.83176716314358,36.19402994278248
231685,39787,19SR155001,12.437000000000001,NON_JUNCTION,On Roadway,--,DAVIDSON,SR155,0-NONE,1,400210104,Along Roadway,2025,1737331200000,1440,Prop Damage (under),0,0,0,0,2,Vehicle in Transport,"SIDESWIPE, SAME DIR",Clear,Daylight,Automatic,-86.69415634303496,36.224038305732066
231701,39803,19SR155001,12.927000000000001,NON_JUNCTION,On Roadway,--,DAVIDSON,SR155,0-NONE,1,400210189,Along Roadway,2025,1737331200000,2010,Prop Damage (over),0,0,0,0,2,Vehicle in Transport,REAR-END,Clear,Dark-Lighted,Automatic,-86.6988455179116,36.230005842683475
233567,41669,19SR254001,13.194,NON_JUNCTION,On Roadway,--,DAVIDSON,SR254,0-NONE,1,400210212,Along Roadway,2025,1737331200000,2245,Prop Damage (over),0,0,0,0,2,Vehicle in Transport,REAR-END,Clear,Dark-Lighted,Automatic,-86.68712913762903,36.04445312169464
235247,43349,19SR255001,9.415000000000001,NON_JUNCTION,On Roadway,--,DAVIDSON,SR255,0-NONE,1,400210161,Along Roadway,2025,1737331200000,1855,Prop Damage (over),0,0,0,0,2,Vehicle in Transport,REAR-END,Clear,Dark-Lighted,Automatic,-86.66669038653185,36.14408986159039
284298,92402,19I0024001,16.279,NON_JUNCTION,Roadside -- Left,--,DAVIDSON,I0024,0-NONE,1,400209922,Along Roadway,2025,1737331200000,315,Suspected Minor Injury,0,3,0,3,1,Embankment Rock/Stone/Concrete,NO COLLISION W/ VEHICLE,Clear,Dark-Lighted,Automatic,-86.72717837328184,36.13658538180836
311917,120025,19I0024001,21.557000000000002,NON_JUNCTION,Off Roadway -- Location Unknown,--,DAVIDSON,I0024,0-NONE,1,400210202,Along Roadway,2025,1737331200000,2210,Possible Injury,0,1,0,1,1,Earth Embankment,NO COLLISION W/ VEHICLE,Clear,Dark-Not Lighted,Automatic,-86.68937282664803,36.06912963132458
312942,121050,1903246001,0.8230000000000001,NON_JUNCTION,In Parking Lane,--,DAVIDSON,03246,0-NONE,1,400210181,Along Roadway,2025,1737331200000,1955,Prop Damage (over),0,0,0,0,2,Parked Motor Vehicle,REAR-END,Clear,Dark-Lighted,Automatic,-86.77466298642346,36.161177851816674
313168,121277,19SR001001,16.726,NON_JUNCTION,In Parking Lane,--,DAVIDSON,SR001,0-NONE,1,400210054,Along Roadway,2025,1737331200000,0,Prop Damage (over),0,0,0,0,2,Parked Motor Vehicle,UNKNOWN,Clear,Daylight,Automatic,-86.7952296135046,36.15337250589135
321777,129888,190B307001,0.272,NON_JUNCTION,Unknown,--,DAVIDSON,0B307,0-NONE,1,400209913,Along Roadway,2025,1737331200000,120,Suspected Minor Injury,0,1,0,1,1,Shrubbery,NO COLLISION W/ VEHICLE,Clear,Dark-Lighted,Automatic,-86.60420988209523,36.03548973125318
325004,133115,1903252001,1.6400000000000001,NON_JUNCTION,--,--,DAVIDSON,03252,0-NONE,1,400210205,Along Roadway,2025,1737331200000,1815,Prop Damage (over),0,0,0,0,2,Vehicle in Transport,ANGLE,Clear,Daylight,Automatic,-86.7462904557734,36.18856901837748
325466,133578,1903264001,0.496,NON_JUNCTION,--,--,DAVIDSON,03264,0-NONE,1,400210010,Along Roadway,2025,1737331200000,1000,Prop Damage (over),0,0,0,0,1,Utility Pole,NO COLLISION W/ VEHICLE,Clear,Daylight,Automatic,-86.80125004458468,36.150487951230126
326413,134525,1904876001,3.096,NON_JUNCTION,--,--,DAVIDSON,04876,0-NONE,1,400210106,Along Roadway,2025,1737331200000,1517,Prop Damage (over),0,0,0,0,2,Vehicle in Transport,ANGLE,Clear,Daylight,Automatic,-86.58857367407491,36.21529450405156
327798,135910,190A901001,0.528,NON_JUNCTION,--,--,DAVIDSON,0A901,0-NONE,1,400210221,Along Roadway,2025,1737331200000,1746,Prop Damage (over),0,0,0,0,2,Vehicle in Transport,ANGLE,Clear,Dark-Lighted,Automatic,-86.60247287538455,36.206061662624464
329647,137759,190F106001,0.281,NON_JUNCTION,--,--,DAVIDSON,0F106,0-NONE,1,400210059,Along Roadway,2025,1737331200000,0,Prop Damage (over),0,0,0,0,2,Parked Motor Vehicle,"SIDESWIPE, OPP DIR",Clear,Dark-Lighted,Automatic,-86.8106446290189,36.13384928879439
330476,138591,190H855001,0.16,NON_JUNCTION,--,--,DAVIDSON,0H855,0-NONE,1,400210039,Along Roadway,2025,1737331200000,1141,Prop Damage (over),0,0,0,0,2,Vehicle in Transport,REAR-END,Clear,Daylight,Automatic,-86.64162266392735,36.07048523478888
334363,142478,19I0040001,23.004,NON_JUNCTION,--,--,DAVIDSON,I0040,0-NONE,1,400210052,Along Roadway,2025,1737331200000,1200,Prop Damage (over),0,0,0,0,2,Vehicle in Transport,"SIDESWIPE, SAME DIR",Clear,Daylight,Automatic,-86.70311944544629,36.143384451001786
337338,145453,19SR001001,28.319000000000003,NON_JUNCTION,--,--,DAVIDSON,SR001,0-NONE,1,400210051,Along Roadway,2025,1737331200000,1316,Prop Damage (over),0,0,0,0,2,Vehicle in Transport,ANGLE,Clear,Daylight,Automatic,-86.63302942345561,36.06903033004813
338742,146857,19SR011001,10.498000000000001,NON_JUNCTION,--,--,DAVIDSON,SR011,0-NONE,1,400209959,Along Roadway,2025,1737331200000,0,Prop Damage (over),0,0,0,0,2,Vehicle in Transport,ANGLE,Clear,Daylight,Automatic,-86.75212116956315,36.1249140224856
339205,147320,19SR012001,5.231,NON_JUNCTION,--,--,DAVIDSON,SR012,0-NONE,1,400210000,Along Roadway,2025,1737331200000,747,Prop Damage (over),0,0,0,0,2,Vehicle in Transport,REAR-END,Clear,Daylight,Automatic,-86.85082539017478,36.20348188888129
342414,150529,19SR255001,8.528,NON_JUNCTION,--,--,DAVIDSON,SR255,0-NONE,1,400209982,Along Roadway,2025,1737331200000,815,Prop Damage (over),0,0,0,0,2,Vehicle in Transport,"SIDESWIPE, SAME DIR",Clear,Daylight,Automatic,-86.6644170289803,36.13195373402408
385325,193443,1904960001,2.238,INTERSECTION,On Roadway,--,DAVIDSON,04960,0-NONE,1,400209995,At an Intersection,2025,1737331200000,830,Prop Damage (over),0,0,0,0,2,Vehicle in Transport,ANGLE,Clear,Daylight,Automatic,-86.63835543391507,36.035080303919976
386148,194266,190C304001,0.17,INTERSECTION,On Roadway,--,DAVIDSON,0C304,0-NONE,1,400210199,At an Intersection,2025,1737331200000,1902,Suspected Minor Injury,0,1,0,1,2,Vehicle in Transport,ANGLE,Clear,Dark-Lighted,Automatic,-86.72446424217266,36.08317578892824
386748,194866,190G685001,0.055,INTERSECTION,On Roadway,--,DAVIDSON,0G685,0-NONE,1,400210191,At an Intersection,2025,1737331200000,1948,Prop Damage (over),0,0,0,0,2,Vehicle in Transport,ANGLE,Clear,Dark-Lighted,Automatic,-86.59835887960202,36.052796325248565
388466,196584,19SR006001,6.019,INTERSECTION,On Roadway,--,DAVIDSON,SR006,0-NONE,1,400210140,At an Intersection,2025,1737331200000,0,Prop Damage (over),0,0,0,0,2,Vehicle in Transport,ANGLE,Clear,Dark-Lighted,Automatic,-86.774965285835,36.12013148327358
389535,197653,19SR011001,6.8500000000000005,INTERSECTION,On Roadway,--,DAVIDSON,SR011,0-NONE,1,400210214,At an Intersection,2025,1737331200000,514,Suspected Minor Injury,0,3,0,3,2,Vehicle in Transport,ANGLE,Clear,Dark-Lighted,Automatic,-86.72559317315604,36.07711938577365
389828,197946,19SR011001,11.233,INTERSECTION,On Roadway,--,DAVIDSON,SR011,0-NONE,1,400210143,At an Intersection,2025,1737331200000,1825,Prop Damage (over),0,0,0,0,3,Vehicle in Transport,ANGLE,Clear,Dark-Lighted,Automatic,-86.75888924650846,36.13392551272837
390937,199055,19SR024001,11.83,INTERSECTION,On Roadway,--,DAVIDSON,SR024,0-NONE,1,400210091,At an Intersection,2025,1737331200000,0,Prop Damage (over),0,0,0,0,2,Vehicle in Transport,"SIDESWIPE, SAME DIR",Clear,Daylight,Automatic,-86.79365632600403,36.16073557322363
391871,199989,19SR045001,16.269000000000002,INTERSECTION,On Roadway,--,DAVIDSON,SR045,0-NONE,1,400210162,At an Intersection,2025,1737331200000,1936,Prop Damage (over),0,0,0,0,2,Vehicle in Transport,ANGLE,Clear,Dark-Lighted,Automatic,-86.615424927865,36.19090622198236
427740,235866,190B301001,1.8940000000000001,INTERSECTION RELATED,On Roadway,--,DAVIDSON,0B301,0-NONE,1,400209972,At an Intersection,2025,1737331200000,700,Suspected Minor Injury,0,1,0,1,2,Vehicle in Transport,ANGLE,Clear,Daylight,Automatic,-86.59279786419445,36.070318363021876
428002,236128,19SR001001,15.370000000000001,INTERSECTION RELATED,On Roadway,--,DAVIDSON,SR001,0-NONE,1,400210204,At an Intersection,2025,1737331200000,1942,Prop Damage (over),0,0,0,0,2,Vehicle in Transport,ANGLE,Clear,Dark-Lighted,Automatic,-86.81547237776422,36.1425325340543
428566,236692,19SR006001,21.63,INTERSECTION RELATED,On Roadway,--,DAVIDSON,SR006,0-NONE,1,400210133,At an Intersection,2025,1737331200000,1635,Prop Damage (over),0,0,0,0,2,Vehicle in Transport,ANGLE,Clear,Daylight,Automatic,-86.69179907634289,36.3027788801444
438230,246358,19SR001001,16.47,INTERSECTION RELATED,15,--,DAVIDSON,SR001,0-NONE,1,400209914,At an Intersection,2025,1737331200000,156,Prop Damage (over),0,0,0,0,1,Utility Pole,NO COLLISION W/ VEHICLE,Clear,Dark-Lighted,Automatic,-86.79934233964694,36.1513775528722
460408,268540,1903252001,1.482,--,--,--,DAVIDSON,03252,0-NONE,1,400209956,Along Roadway,2025,1737331200000,725,Prop Damage (under),0,0,0,0,1,--,--,--,--,Automatic,-86.74723084003568,36.18642196150816
461188,269322,190A648001,0.018000000000000002,--,--,--,DAVIDSON,0A648,0-NONE,1,400210042,Along Roadway,2025,1737331200000,1140,Prop Damage (under),0,0,0,0,2,--,--,--,--,Automatic,-86.70506342011733,36.2868466802413
461543,269677,190E165001,1.092,--,--,--,DAVIDSON,0E165,0-NONE,1,400210401,Along Roadway,2025,1737331200000,0,Prop Damage (under),0,0,0,0,2,--,--,--,--,Automatic,-86.7531779154525,36.17380121341385
464663,272797,19SR112001,0.9710000000000001,--,--,--,DAVIDSON,SR112,0-NONE,1,400210130,Along Roadway,2025,1737331200000,1719,Prop Damage (under),0,0,0,0,2,--,--,--,--,Automatic,-86.83890919052733,36.21099957542916
198846,6943,1904836001,0.20600000000000002,NON_JUNCTION,On Roadway,--,DAVIDSON,04836,0-NONE,1,400209826,Along Roadway,2025,1737244800000,1625,Prop Damage (over),0,0,0,0,2,Vehicle in Transport,"SIDESWIPE, OPP DIR",Cloudy,Daylight,Automatic,-86.74047015240043,36.01530626829247
208235,16337,19I0024001,15.219000000000001,NON_JUNCTION,On Roadway,--,DAVIDSON,I0024,0-NONE,1,400209842,Along Roadway,2025,1737244800000,1735,Prop Damage (over),0,0,0,0,2,Vehicle in Transport,"SIDESWIPE, SAME DIR",Clear,Dark-Lighted,Automatic,-86.76133746441796,36.16251297787598
210523,18625,19I0024001,22.311,NON_JUNCTION,On Roadway,--,DAVIDSON,I0024,0-NONE,1,400209636,Along Roadway,2025,1737244800000,331,Suspected Minor Injury,0,2,0,2,9,Vehicle in Transport,REAR-END,11,Dark-Lighted,Automatic,-86.68068862521072,36.06075111715712
211159,19261,19I0024001,24.39,NON_JUNCTION,On Roadway,--,DAVIDSON,I0024,0-NONE,1,400209724,Along Roadway,2025,1737244800000,953,Prop Damage (over),0,0,0,0,2,Vehicle in Transport,ANGLE,Blowing Snow,Daylight,Automatic,-86.65240870634554,36.041434965596714
211855,19957,19I0040001,4.139,NON_JUNCTION,On Roadway,--,DAVIDSON,I0040,0-NONE,1,400209593,Along Roadway,2025,1737244800000,30,Prop Damage (over),0,0,0,0,3,Vehicle in Transport,ANGLE,Snow,Dark-Lighted,Automatic,-86.9778656013638,36.074452197035
213243,21345,19I0040001,18.912000000000003,NON_JUNCTION,On Roadway,--,DAVIDSON,I0040,0-NONE,1,400209719,Along Roadway,2025,1737244800000,1048,Suspected Minor Injury,0,3,0,3,2,Vehicle in Transport,ANGLE,Cloudy,Daylight,Automatic,-86.77044747223988,36.15065488158044
221493,29595,19SR001001,25.009,NON_JUNCTION,On Roadway,--,DAVIDSON,SR001,0-NONE,1,400209866,Along Roadway,2025,1737244800000,0,Suspected Minor Injury,0,1,0,1,2,Vehicle in Transport,REAR-END,Clear,Dark-Lighted,Automatic,-86.670110328444,36.10491936629197
223265,31367,19SR006001,8.448,NON_JUNCTION,On Roadway,--,DAVIDSON,SR006,0-NONE,1,400209653,Along Roadway,2025,1737244800000,722,Suspected Minor Injury,0,1,0,1,1,Pedestrian,NO COLLISION W/ VEHICLE,Snow,Daylight,Automatic,-86.78220775374078,36.159121861698395
224002,32104,19SR006001,17.971,NON_JUNCTION,On Roadway,--,DAVIDSON,SR006,0-NONE,1,400209764,Along Roadway,2025,1737244800000,1310,Suspected Serious Injury,0,3,2,1,3,Vehicle in Transport,ANGLE,Cloudy,Daylight,Automatic,-86.71540846133814,36.254836711338555
226352,34454,19SR011001,16.757,NON_JUNCTION,On Roadway,--,DAVIDSON,SR011,0-NONE,1,400209833,Along Roadway,2025,1737244800000,1635,Prop Damage (under),0,0,0,0,2,Vehicle in Transport,"SIDESWIPE, SAME DIR",Clear,Daylight,Automatic,-86.75894190517816,36.23128283907903
230748,38850,19SR112001,2.161,NON_JUNCTION,On Roadway,--,DAVIDSON,SR112,0-NONE,1,400209814,Along Roadway,2025,1737244800000,1610,Prop Damage (over),0,0,0,0,2,Vehicle in Transport,ANGLE,Clear,Daylight,Automatic,-86.83556035254874,36.227291718176886
233118,41220,19SR254001,8.171000000000001,NON_JUNCTION,On Roadway,--,DAVIDSON,SR254,0-NONE,1,400209882,Along Roadway,2025,1737244800000,1936,Suspected Minor Injury,0,1,0,1,3,Vehicle in Transport,ANGLE,Cloudy,Dark-Lighted,Automatic,-86.76948166195068,36.040431508573015
284763,92867,19I0065001,13.027000000000001,NON_JUNCTION,Roadside -- Left,--,DAVIDSON,I0065,0-NONE,1,400209644,Along Roadway,2025,1737244800000,722,Possible Injury,0,1,0,1,1,Other Traffic Barrier,NO COLLISION W/ VEHICLE,Snow,Daylight,Automatic,-86.77300627560473,36.22511857871811
318073,126184,19I0040001,8.132,NON_JUNCTION,14,--,DAVIDSON,I0040,0-NONE,1,400209727,Along Roadway,2025,1737244800000,919,Prop Damage (over),0,0,0,0,1,Concrete Traffic Barrier,NO COLLISION W/ VEHICLE,Snow,Daylight,Automatic,-86.92324382077464,36.110821748692715
318222,126333,19SR155001,6.541,NON_JUNCTION,14,--,DAVIDSON,SR155,0-NONE,1,400209877,Along Roadway,2025,1737244800000,2130,Prop Damage (over),0,0,0,0,1,Wall,NO COLLISION W/ VEHICLE,Clear,Dark-Lighted,Automatic,-86.69516028156632,36.1458296267532
319339,127450,19I0040001,9.584,NON_JUNCTION,15,--,DAVIDSON,I0040,0-NONE,1,400209717,Along Roadway,2025,1737244800000,821,Suspected Minor Injury,0,1,0,1,1,Guardrail Face,NO COLLISION W/ VEHICLE,Snow,Daylight,Automatic,-86.90376694849576,36.12607505644354
319591,127702,19SR255001,2.908,NON_JUNCTION,15,--,DAVIDSON,SR255,0-NONE,1,400209598,Along Roadway,2025,1737244800000,50,Suspected Serious Injury,0,1,1,0,1,Ditch,NO COLLISION W/ VEHICLE,Clear,Dark-Lighted,Automatic,-86.72396921129481,36.08023006895794
329459,137571,190E369001,0.24,NON_JUNCTION,--,--,DAVIDSON,0E369,0-NONE,1,400209924,Along Roadway,2025,1737244800000,2300,Prop Damage (over),0,0,0,0,2,Vehicle in Transport,ANGLE,Clear,Dark-Lighted,Automatic,-86.6636580062321,36.14395296651001
330493,138608,190H895001,0.15,NON_JUNCTION,--,--,DAVIDSON,0H895,0-NONE,1,400209889,Along Roadway,2025,1737244800000,1240,Prop Damage (over),0,0,0,0,2,Parked Motor Vehicle,REAR TO SIDE,Clear,Daylight,Automatic,-86.65664882220366,36.084498826193915
334940,143055,19I0065001,5.3,NON_JUNCTION,--,--,DAVIDSON,I0065,0-NONE,1,400210093,Along Roadway,2025,1737244800000,1601,Prop Damage (over),0,0,0,0,2,Vehicle in Transport,"SIDESWIPE, SAME DIR",Clear,Daylight,Automatic,-86.76811535991041,36.10685250680048
340899,149014,19SR155001,5.995,NON_JUNCTION,--,--,DAVIDSON,SR155,0-NONE,1,400209896,Along Roadway,2025,1737244800000,2218,Prop Damage (over),0,0,0,0,2,Vehicle in Transport,REAR-END,Clear,Dark-Lighted,Automatic,-86.70018258752154,36.139339941024254
381907,190025,1901011001,7.586,INTERSECTION,On Roadway,--,DAVIDSON,01011,0-NONE,1,400209679,At an Intersection,2025,1737244800000,830,Suspected Minor Injury,0,1,0,1,2,Vehicle in Transport,HEAD-ON,Cloudy,Daylight,Automatic,-86.60276187981239,36.1651555727993
387587,195705,19SR001001,19.013,INTERSECTION,On Roadway,--,DAVIDSON,SR001,0-NONE,1,400209615,At an Intersection,2025,1737244800000,315,Suspected Serious Injury,0,1,1,0,2,Vehicle in Transport,ANGLE,Snow,Dark-Lighted,Automatic,-86.76117425109462,36.14842054485213
393645,201763,19SR254001,16.033,INTERSECTION,On Roadway,--,DAVIDSON,SR254,0-NONE,1,400209904,At an Intersection,2025,1737244800000,2329,Suspected Minor Injury,0,3,0,3,3,Vehicle in Transport,REAR-END,Clear,Dark-Lighted,Automatic,-86.64233998123493,36.05501733236238
426955,235081,1903248001,5.26,INTERSECTION RELATED,On Roadway,--,DAVIDSON,03248,0-NONE,1,400209687,At an Intersection,2025,1737244800000,902,Prop Damage (over),0,0,0,0,2,Vehicle in Transport,ANGLE,Clear,Daylight,Automatic,-86.79258632697675,36.111612465206
444545,252675,19I0024001,24.748,ENTRENCE/EXIT RAMP RELATED,On Roadway,--,DAVIDSON,I0024,0-NONE,1,400209870,Ramp,2025,1737244800000,1800,Possible Injury,0,1,0,1,2,Vehicle in Transport,"SIDESWIPE, SAME DIR",Clear,Dark-Not Lighted,Automatic,-86.6473247845419,36.03828418699481
445386,253516,19SR011001,17.514,ENTRENCE/EXIT RAMP RELATED,On Roadway,--,DAVIDSON,SR011,0-NONE,1,400209725,Ramp,2025,1737244800000,1040,Suspected Minor Injury,0,1,0,1,2,Vehicle in Transport,ANGLE,Clear,Daylight,Automatic,-86.75696182162864,36.242251169849986
447974,256104,19I0024001,16.279,ENTRENCE/EXIT RAMP RELATED,Roadside -- Left,--,DAVIDSON,I0024,0-NONE,1,400209881,Ramp,2025,1737244800000,2214,Possible Injury,0,1,0,1,1,Embankment Rock/Stone/Concrete,NO COLLISION W/ VEHICLE,Clear,Dark-Lighted,Automatic,-86.72717837328184,36.13658538180836
448756,256886,19I0040001,29.069000000000003,ENTRENCE/EXIT RAMP RELATED,Outside Trafficway,--,DAVIDSON,I0040,0-NONE,1,400209681,Ramp,2025,1737244800000,840,Prop Damage (over),0,0,0,0,1,Earth Embankment,NO COLLISION W/ VEHICLE,Snow,Daylight,Automatic,-86.6062270154395,36.16911953214397
452135,260265,1903252001,1.379,"DRIVEWAY, ALLEY ACCESS, ETC.",On Roadway,--,DAVIDSON,03252,0-NONE,1,400209806,Along Roadway,2025,1737244800000,1546,Prop Damage (over),0,0,0,0,2,Vehicle in Transport,ANGLE,Clear,Daylight,Automatic,-86.74783761094882,36.18502911833221
196151,4245,1903256001,2.261,NON_JUNCTION,On Roadway,--,DAVIDSON,03256,0-NONE,1,400209228,Along Roadway,2025,1737158400000,0,Possible Injury,0,2,0,2,3,Vehicle in Transport,OTHER,Rain,Dark-Lighted,Automatic,-86.7936390906862,36.136194701332
196219,4313,1903256001,3.0780000000000003,NON_JUNCTION,On Roadway,--,DAVIDSON,03256,0-NONE,1,400209344,Along Roadway,2025,1737158400000,1138,Suspected Minor Injury,0,1,0,1,2,Vehicle in Transport,REAR-END,Clear,Daylight,Automatic,-86.77965242135186,36.13423126081696
200660,8758,1904958001,3.79,NON_JUNCTION,On Roadway,--,DAVIDSON,04958,0-NONE,1,400209351,Along Roadway,2025,1737158400000,1030,Prop Damage (over),0,0,0,0,3,Vehicle in Transport,REAR-END,Clear,Daylight,Automatic,-86.6187389260362,36.05433432968052
201149,9247,1904968001,0.448,NON_JUNCTION,On Roadway,--,DAVIDSON,04968,0-NONE,1,400209469,Along Roadway,2025,1737158400000,1735,Suspected Minor Injury,0,1,0,1,2,Vehicle in Transport,REAR-END,Clear,Dark-Lighted,Automatic,-86.67579680861617,36.06858625348975
201377,9475,1905344001,0.254,NON_JUNCTION,On Roadway,--,DAVIDSON,05344,0-NONE,1,400209500,Along Roadway,2025,1737158400000,1844,Prop Damage (over),0,0,0,0,3,Vehicle in Transport,REAR-END,Clear,Dark-Lighted,Automatic,-86.77806731740688,36.16476747005611
202194,10292,190A715001,0.138,NON_JUNCTION,On Roadway,--,DAVIDSON,0A715,0-NONE,1,400209329,Along Roadway,2025,1737158400000,753,Suspected Minor Injury,0,1,0,1,2,Vehicle in Transport,REAR-END,Unknown,Dark-Lighted,Automatic,-86.64619354178623,36.2651622002295
202762,10860,190B428001,4.1690000000000005,NON_JUNCTION,On Roadway,--,DAVIDSON,0B428,0-NONE,1,400209524,Along Roadway,2025,1737158400000,1600,Prop Damage (over),0,0,0,0,2,Vehicle in Transport,REAR-END,Clear,Daylight,Automatic,-86.69588874768246,36.21700598528464
208163,16265,19I0024001,15.149000000000001,NON_JUNCTION,On Roadway,--,DAVIDSON,I0024,0-NONE,1,400209385,Along Roadway,2025,1737158400000,1233,Prop Damage (over),0,0,0,0,2,Vehicle in Transport,ANGLE,Cloudy,Daylight,Automatic,-86.76212044993494,36.16330564692017
208706,16808,19I0024001,16.43,NON_JUNCTION,On Roadway,--,DAVIDSON,I0024,0-NONE,1,400209560,Along Roadway,2025,1737158400000,1809,Prop Damage (over),0,0,0,0,3,Vehicle in Transport,REAR-END,Clear,Dark-Lighted,Automatic,-86.7270912111048,36.13439708576213
219485,27587,19I0440001,1.032,NON_JUNCTION,On Roadway,--,DAVIDSON,I0440,0-NONE,1,400209243,Along Roadway,2025,1737158400000,15,Prop Damage (over),0,0,0,0,2,Vehicle in Transport,"SIDESWIPE, SAME DIR",Rain,Dark-Lighted,Automatic,-86.82264711466289,36.14355876930173
221295,29397,19SR001001,23.198,NON_JUNCTION,On Roadway,--,DAVIDSON,SR001,0-NONE,1,400209221,Along Roadway,2025,1737158400000,55,Suspected Serious Injury,0,1,1,0,1,Pedestrian,NO COLLISION W/ VEHICLE,Rain,Dark-Lighted,Automatic,-86.6986727267121,36.117101523181255
226362,34464,19SR011001,16.832,NON_JUNCTION,On Roadway,--,DAVIDSON,SR011,0-NONE,1,400209486,Along Roadway,2025,1737158400000,1436,Prop Damage (over),0,0,0,0,2,Vehicle in Transport,"SIDESWIPE, SAME DIR",Cloudy,Daylight,Automatic,-86.75874547652145,36.23244117920761
227467,35569,19SR024001,6.273000000000001,NON_JUNCTION,On Roadway,--,DAVIDSON,SR024,0-NONE,1,400209445,Along Roadway,2025,1737158400000,1400,Prop Damage (over),0,0,0,0,2,Vehicle in Transport,REAR-END,Cloudy,Daylight,Automatic,-86.88496138172941,36.135907692046096
228721,36823,19SR024001,24.438000000000002,NON_JUNCTION,On Roadway,--,DAVIDSON,SR024,0-NONE,1,400209421,Along Roadway,2025,1737158400000,1448,Possible Injury,0,1,0,1,2,Vehicle in Transport,ANGLE,Cloudy,Daylight,Automatic,-86.60464199168653,36.21460168563759
229136,37238,19SR045001,7.146,NON_JUNCTION,On Roadway,--,DAVIDSON,SR045,0-NONE,1,400209555,Along Roadway,2025,1737158400000,2145,Suspected Minor Injury,0,2,0,2,2,Vehicle in Transport,REAR-END,Clear,Dark-Lighted,Automatic,-86.71303354048466,36.263223225548444
229816,37918,19SR065001,0.195,NON_JUNCTION,On Roadway,--,DAVIDSON,SR065,0-NONE,1,400209846,Along Roadway,2025,1737158400000,1855,Prop Damage (over),0,0,0,0,2,Vehicle in Transport,ANGLE,Clear,Dark-Lighted,Automatic,-86.77208128810763,36.20620229125374
233261,41363,19SR254001,11.009,NON_JUNCTION,On Roadway,--,DAVIDSON,SR254,0-NONE,1,400209564,Along Roadway,2025,1737158400000,2150,Suspected Minor Injury,0,1,0,1,2,Vehicle in Transport,REAR-END,Clear,Dark-Lighted,Automatic,-86.72458042538901,36.04485324328667
284242,92346,19I0024001,9.279,NON_JUNCTION,Roadside -- Left,--,DAVIDSON,I0024,0-NONE,1,400209302,Along Roadway,2025,1737158400000,719,Prop Damage (over),0,0,0,0,1,Cable Barrier,NO COLLISION W/ VEHICLE,Cloudy,Dawn,Automatic,-86.79262199978365,36.267903625430264
297243,105349,19I0040001,21.111,NON_JUNCTION,Roadside -- Right,--,DAVIDSON,I0040,0-NONE,1,400209220,Along Roadway,2025,1737158400000,220,Suspected Minor Injury,0,1,0,1,1,Earth Embankment,NO COLLISION W/ VEHICLE,Rain,Dark-Lighted,Automatic,-86.73583537135111,36.142464479256454
311681,119789,1904946001,1.497,NON_JUNCTION,Off Roadway -- Location Unknown,--,DAVIDSON,04946,0-NONE,1,400209321,Along Roadway,2025,1737158400000,0,Prop Damage (over),0,0,0,0,1,Ditch,NO COLLISION W/ VEHICLE,Rain,Unknown,Automatic,-86.718765882667,36.118254139532056
314555,122665,190F746001,1.359,NON_JUNCTION,Outside Trafficway,--,DAVIDSON,0F746,0-NONE,1,400209256,Along Roadway,2025,1737158400000,524,Prop Damage (over),0,0,0,0,1,Ditch,NO COLLISION W/ VEHICLE,Rain,Dark-Lighted,Automatic,-86.63745549100685,36.11281989819521
314734,122845,19I0024001,22.11,NON_JUNCTION,Outside Trafficway,--,DAVIDSON,I0024,0-NONE,1,400209198,Along Roadway,2025,1737158400000,28,Suspected Minor Injury,0,1,0,1,1,Ditch,NO COLLISION W/ VEHICLE,Rain,Dark-Lighted,Automatic,-86.68300763833629,36.062981965422885
318153,126264,19I0065001,12.781,NON_JUNCTION,14,--,DAVIDSON,I0065,0-NONE,1,400209553,Along Roadway,2025,1737158400000,2033,Prop Damage (over),0,0,0,0,1,Guardrail Face,NO COLLISION W/ VEHICLE,Clear,Dark-Lighted,Automatic,-86.77369055433591,36.221591924844134
318178,126289,19I0440001,0.9770000000000001,NON_JUNCTION,14,--,DAVIDSON,I0440,0-NONE,1,400209477,Along Roadway,2025,1737158400000,1145,Prop Damage (over),0,0,0,0,2,Concrete Traffic Barrier,NO COLLISION W/ VEHICLE,Cloudy,Daylight,Automatic,-86.82250625285171,36.14434746143115
319395,127506,19I0065001,5.969,NON_JUNCTION,15,--,DAVIDSON,I0065,0-NONE,1,400209266,Along Roadway,2025,1737158400000,0,Prop Damage (over),0,0,0,0,1,Wall,NO COLLISION W/ VEHICLE,Rain,Dark-Not Lighted,Automatic,-86.7730887112235,36.115623568087486
327604,135716,190A511001,1.2770000000000001,NON_JUNCTION,--,--,DAVIDSON,0A511,0-NONE,1,400209452,Along Roadway,2025,1737158400000,1630,Prop Damage (over),0,0,0,0,2,Vehicle in Transport,ANGLE,Clear,Daylight,Automatic,-86.7151343507615,36.254964745722745
328649,136761,190D290001,0.327,NON_JUNCTION,--,--,DAVIDSON,0D290,0-NONE,1,400209533,Along Roadway,2025,1737158400000,0,Prop Damage (over),0,0,0,0,2,Vehicle in Transport,ANGLE,Clear,Dark-Lighted,Automatic,-86.83456094371584,36.155042867191725
329829,137942,190F353001,0.161,NON_JUNCTION,--,--,DAVIDSON,0F353,0-NONE,1,400209485,Along Roadway,2025,1737158400000,1643,Prop Damage (over),0,0,0,0,2,Vehicle in Transport,ANGLE,Clear,Daylight,Automatic,-86.79834958918147,36.15179028573013
329863,137976,190F369001,0.136,NON_JUNCTION,--,--,DAVIDSON,0F369,0-NONE,1,400209506,Along Roadway,2025,1737158400000,1908,Prop Damage (over),0,0,0,0,2,Vehicle in Transport,ANGLE,Clear,Dark-Lighted,Automatic,-86.79200496137643,36.15004914706331
336650,144765,19SR001001,15.707,NON_JUNCTION,--,--,DAVIDSON,SR001,0-NONE,1,400209358,Along Roadway,2025,1737158400000,1145,Prop Damage (over),0,0,0,0,2,Vehicle in Transport,ANGLE,Cloudy,Daylight,Automatic,-86.81083927611597,36.14578545130525
337531,145646,19SR006001,0.002,NON_JUNCTION,--,--,DAVIDSON,SR006,0-NONE,1,400209362,Along Roadway,2025,1737158400000,1220,Prop Damage (over),0,0,0,0,2,Vehicle in Transport,ANGLE,Cloudy,Daylight,Automatic,-86.7870558260402,36.03624705274019
341442,149557,19SR171001,6.234,NON_JUNCTION,--,--,DAVIDSON,SR171,0-NONE,1,400209274,Along Roadway,2025,1737158400000,430,Prop Damage (over),0,0,0,0,1,Guardrail End,NO COLLISION W/ VEHICLE,Rain,Dark-Not Lighted,Automatic,-86.56367268333244,36.0863628885225
384769,192887,1904906001,0.996,INTERSECTION,On Roadway,--,DAVIDSON,04906,0-NONE,1,400209515,At an Intersection,2025,1737158400000,1733,Prop Damage (over),0,0,0,0,2,Vehicle in Transport,ANGLE,Clear,Dark-Lighted,Automatic,-86.86009448107271,36.15474356385924
386321,194439,190D630001,1.7160000000000002,INTERSECTION,On Roadway,--,DAVIDSON,0D630,0-NONE,1,400209601,At an Intersection,2025,1737158400000,2240,Suspected Minor Injury,0,1,0,1,2,Vehicle in Transport,ANGLE,Clear,Dark-Lighted,Automatic,-86.76152724659327,36.203317665574055
388549,196667,19SR006001,7.03,INTERSECTION,On Roadway,--,DAVIDSON,SR006,0-NONE,1,400209563,At an Intersection,2025,1737158400000,2205,Suspected Minor Injury,0,1,0,1,1,Pedestrian,NO COLLISION W/ VEHICLE,Clear,Dark-Lighted,Automatic,-86.77905629326237,36.134234514195086
389348,197466,19SR011001,4.909,INTERSECTION,On Roadway,--,DAVIDSON,SR011,0-NONE,1,400209345,At an Intersection,2025,1737158400000,0,Possible Injury,0,1,0,1,2,Vehicle in Transport,REAR-END,Cloudy,Daylight,Automatic,-86.7142351323275,36.051551839895076
389534,197652,19SR011001,6.8500000000000005,INTERSECTION,On Roadway,--,DAVIDSON,SR011,0-NONE,1,400209535,At an Intersection,2025,1737158400000,1947,Suspected Minor Injury,0,1,0,1,4,Vehicle in Transport,ANGLE,Clear,Dark-Lighted,Automatic,-86.72559317315604,36.07711938577365
389690,197808,19SR011001,9.120000000000001,INTERSECTION,On Roadway,--,DAVIDSON,SR011,0-NONE,1,400209406,At an Intersection,2025,1737158400000,0,Suspected Minor Injury,0,1,0,1,2,Vehicle in Transport,REAR-END,Cloudy,Daylight,Automatic,-86.74290021108473,36.10637545111365
414216,222340,190H833001,0.081,INTERSECTION,Outside Trafficway,--,DAVIDSON,0H833,0-NONE,1,400209286,At an Intersection,2025,1737158400000,0,Prop Damage (over),0,0,0,0,1,Curb,NO COLLISION W/ VEHICLE,Rain,Dark-Lighted,Automatic,-86.640954250286,36.05520360129424
415936,224061,1904960001,0.084,INTERSECTION,--,--,DAVIDSON,04960,0-NONE,1,400209433,At an Intersection,2025,1737158400000,0,Prop Damage (over),0,0,0,0,2,Vehicle in Transport,ANGLE,Cloudy,Daylight,Automatic,-86.6616258588056,36.043531487585476
417922,226047,19SR171001,1.223,INTERSECTION,--,--,DAVIDSON,SR171,0-NONE,1,400209239,At an Intersection,2025,1737158400000,0,Prop Damage (over),0,0,0,0,2,Vehicle in Transport,"SIDESWIPE, OPP DIR",Rain,Dark-Lighted,Automatic,-86.6125909143632,36.030234276519465
426881,235007,1903244001,0.1,INTERSECTION RELATED,On Roadway,--,DAVIDSON,03244,0-NONE,1,400209324,At an Intersection,2025,1737158400000,955,Prop Damage (over),0,0,0,0,2,Vehicle in Transport,ANGLE,Cloudy,Daylight,Automatic,-86.75144722625781,36.17700460660546
429141,237267,19SR024001,21.134,INTERSECTION RELATED,On Roadway,--,DAVIDSON,SR024,0-NONE,1,400209183,At an Intersection,2025,1737158400000,2,Suspected Minor Injury,0,1,0,1,2,Vehicle in Transport,ANGLE,Rain,Dark-Not Lighted,Automatic,-86.64375397400542,36.17992360731685
429752,237878,19SR254001,13.967,INTERSECTION RELATED,On Roadway,--,DAVIDSON,SR254,0-NONE,1,400209235,At an Intersection,2025,1737158400000,245,Prop Damage (over),0,0,0,0,2,Vehicle in Transport,ANGLE,Rain,Dark-Lighted,Automatic,-86.6743820565382,36.045724314313034
458629,266761,19SR155001,5.0840000000000005,OTHER,--,--,DAVIDSON,SR155,0-NONE,1,400209238,Along Roadway,2025,1737158400000,330,Prop Damage (over),0,0,0,0,1,Ditch,NO COLLISION W/ VEHICLE,Rain,Dark-Lighted,Automatic,-86.69586663907627,36.12723680244186
459544,267676,190D267001,0.275,UNKNOWN,--,--,DAVIDSON,0D267,0-NONE,1,400209352,Along Roadway,2025,1737158400000,300,Prop Damage (over),0,0,0,0,2,Unknown Harmful Event,UNKNOWN,Unknown,Unknown,Automatic,-86.84496180621151,36.1588972664309
461532,269666,190E124001,0.06,--,--,--,DAVIDSON,0E124,0-NONE,1,400209519,Along Roadway,2025,1737158400000,1400,Prop Damage (under),0,0,0,0,2,--,--,--,--,Automatic,-86.76328040495484,36.17459916824726
464480,272614,19SR045001,15.622,--,--,--,DAVIDSON,SR045,0-NONE,1,400209311,Along Roadway,2025,1737158400000,921,Prop Damage (under),0,0,0,0,2,--,--,--,--,Automatic,-86.62045628277414,36.19897993096886
195434,3528,1903251001,2.556,NON_JUNCTION,On Roadway,--,DAVIDSON,03251,0-NONE,1,400209251,Along Roadway,2025,1737072000000,2320,Possible Injury,0,1,0,1,2,Vehicle in Transport,HEAD-ON,Rain,Dark-Lighted,Automatic,-86.8309244865701,36.19393334143863
195819,3913,1903252001,3.321,NON_JUNCTION,On Roadway,--,DAVIDSON,03252,0-NONE,1,400209167,Along Roadway,2025,1737072000000,0,Prop Damage (over),0,0,0,0,2,Vehicle in Transport,ANGLE,Clear,Dark-Lighted,Automatic,-86.73342508052109,36.21043908002353
199903,8001,1904931001,0.8130000000000001,NON_JUNCTION,On Roadway,--,DAVIDSON,04931,0-NONE,1,400208936,Along Roadway,2025,1737072000000,1259,Prop Damage (over),0,0,0,0,2,Vehicle in Transport,REAR-END,Cloudy,Daylight,Automatic,-86.6957353549143,36.27263854658923
199964,8062,1904933001,0.9790000000000001,NON_JUNCTION,On Roadway,--,DAVIDSON,04933,0-NONE,1,400209144,Along Roadway,2025,1737072000000,1833,Prop Damage (over),0,0,0,0,2,Vehicle in Transport,ANGLE,Clear,Dark-Not Lighted,Automatic,-86.74308584536499,36.25171653054129
202109,10207,190A607001,0.923,NON_JUNCTION,On Roadway,--,DAVIDSON,0A607,0-NONE,1,400208875,Along Roadway,2025,1737072000000,1050,Possible Injury,0,1,0,1,2,Vehicle in Transport,REAR-END,Clear,Daylight,Automatic,-86.69010805902195,36.266549307884986
202311,10409,190B039001,0.017,NON_JUNCTION,On Roadway,--,DAVIDSON,0B039,0-NONE,1,400209142,Along Roadway,2025,1737072000000,0,Prop Damage (over),0,0,0,0,3,Vehicle in Transport,REAR-END,Clear,Dark-Lighted,Automatic,-86.62530921549497,36.15225645631501
202636,10734,190B329001,0.52,NON_JUNCTION,On Roadway,--,DAVIDSON,0B329,0-NONE,1,400208751,Along Roadway,2025,1737072000000,635,Prop Damage (over),0,0,0,0,2,Vehicle in Transport,ANGLE,Clear,Daylight,Automatic,-86.66163627816232,36.03163775232292
205651,13750,190F366001,0.023,NON_JUNCTION,On Roadway,--,DAVIDSON,0F366,0-NONE,1,400209268,Along Roadway,2025,1737072000000,2335,Prop Damage (over),0,0,0,0,2,Vehicle in Transport,"SIDESWIPE, SAME DIR",Rain,Dark-Lighted,Automatic,-86.78953120530802,36.155349254176464
206548,14650,190H974001,0.336,NON_JUNCTION,On Roadway,--,DAVIDSON,0H974,0-NONE,1,400209030,Along Roadway,2025,1737072000000,1520,Prop Damage (over),0,0,0,0,2,Vehicle in Transport,"SIDESWIPE, SAME DIR",Clear,Daylight,Automatic,-86.58491682434554,36.08685554360216
208204,16306,19I0024001,15.183000000000002,NON_JUNCTION,On Roadway,--,DAVIDSON,I0024,0-NONE,1,400209209,Along Roadway,2025,1737072000000,2225,Prop Damage (over),0,0,0,0,2,Vehicle in Transport,"SIDESWIPE, SAME DIR",Rain,Dark-Lighted,Automatic,-86.76171871254974,36.16293403144667
208394,16496,19I0024001,15.543000000000001,NON_JUNCTION,On Roadway,--,DAVIDSON,I0024,0-NONE,1,400208775,Along Roadway,2025,1737072000000,744,Prop Damage (over),0,0,0,0,2,Vehicle in Transport,REAR-END,Clear,Daylight,Automatic,-86.76044491387516,36.157942021576524
208666,16768,19I0024001,16.421,NON_JUNCTION,On Roadway,--,DAVIDSON,I0024,0-NONE,1,400208764,Along Roadway,2025,1737072000000,0,Prop Damage (over),0,0,0,0,4,Vehicle in Transport,REAR-END,Clear,Daylight,Automatic,-86.7270895772047,36.13452778826661
209155,17257,19I0024001,17.641000000000002,NON_JUNCTION,On Roadway,--,DAVIDSON,I0024,0-NONE,1,400209065,Along Roadway,2025,1737072000000,1738,Possible Injury,0,1,0,1,2,Vehicle in Transport,REAR-END,Clear,Dark-Lighted,Automatic,-86.72579655188515,36.11719545737315
209671,17773,19I0024001,19.335,NON_JUNCTION,On Roadway,--,DAVIDSON,I0024,0-NONE,1,400208996,Along Roadway,2025,1737072000000,1607,Prop Damage (over),0,0,0,0,3,Vehicle in Transport,REAR-END,Clear,Daylight,Automatic,-86.70907589597671,36.097094007373094
209849,17951,19I0024001,19.931,NON_JUNCTION,On Roadway,--,DAVIDSON,I0024,0-NONE,1,400209058,Along Roadway,2025,1737072000000,1756,Suspected Minor Injury,0,1,0,1,2,Vehicle in Transport,"SIDESWIPE, SAME DIR",Clear,Dark-Lighted,Automatic,-86.70320458709098,36.089867585085635
212019,20121,19I0040001,8.744,NON_JUNCTION,On Roadway,--,DAVIDSON,I0040,0-NONE,1,400208752,Along Roadway,2025,1737072000000,647,Possible Injury,0,2,0,2,2,Vehicle in Transport,"SIDESWIPE, SAME DIR",Clear,Dawn,Automatic,-86.91480946763299,36.117140579496564
213561,21663,19I0040001,19.684,NON_JUNCTION,On Roadway,--,DAVIDSON,I0040,0-NONE,1,400208990,Along Roadway,2025,1737072000000,1440,Prop Damage (over),0,0,0,0,2,Vehicle in Transport,REAR-END,Clear,Daylight,Automatic,-86.75745198339138,36.15367365362183
213964,22066,19I0040001,20.399,NON_JUNCTION,On Roadway,--,DAVIDSON,I0040,0-NONE,1,400208894,Along Roadway,2025,1737072000000,1236,Possible Injury,0,1,0,1,2,Vehicle in Transport,REAR-END,Clear,Daylight,Automatic,-86.7461537005652,36.14866646137069
214573,22675,19I0040001,21.836000000000002,NON_JUNCTION,On Roadway,--,DAVIDSON,I0040,0-NONE,1,400208904,Along Roadway,2025,1737072000000,1254,Prop Damage (over),0,0,0,0,2,Vehicle in Transport,REAR-END,Clear,Daylight,Automatic,-86.72359864981176,36.14009023083306
216740,24842,19I0065001,5.394,NON_JUNCTION,On Roadway,--,DAVIDSON,I0065,0-NONE,1,400209075,Along Roadway,2025,1737072000000,1740,Suspected Minor Injury,0,2,0,2,3,Vehicle in Transport,REAR-END,Clear,Dark-Lighted,Automatic,-86.76893361862099,36.10804275824085
218236,26338,19I0065001,12.117,NON_JUNCTION,On Roadway,--,DAVIDSON,I0065,0-NONE,1,400209078,Along Roadway,2025,1737072000000,1835,Possible Injury,0,1,0,1,2,Vehicle in Transport,REAR-END,Clear,Dark-Lighted,Automatic,-86.77555005536526,36.21209683180133
222041,30143,19SR001001,27.913,NON_JUNCTION,On Roadway,--,DAVIDSON,SR001,0-NONE,1,400209063,Along Roadway,2025,1737072000000,1749,Suspected Minor Injury,0,1,0,1,2,Vehicle in Transport,ANGLE,Clear,Dark-Lighted,Automatic,-86.63767712307437,36.07345295944472
223298,31400,19SR006001,9.139000000000001,NON_JUNCTION,On Roadway,--,DAVIDSON,SR006,0-NONE,1,400208984,Along Roadway,2025,1737072000000,1502,Suspected Minor Injury,0,1,0,1,2,Vehicle in Transport,REAR-END,Clear,Daylight,Automatic,-86.78653610277541,36.16767881355585
230266,38368,19SR100001,4.509,NON_JUNCTION,On Roadway,--,DAVIDSON,SR100,0-NONE,1,400209018,Along Roadway,2025,1737072000000,1634,Prop Damage (over),0,0,0,0,2,Vehicle in Transport,ANGLE,Clear,Dusk,Automatic,-86.97293125299333,36.034610359238656
233306,41408,19SR254001,11.482000000000001,NON_JUNCTION,On Roadway,--,DAVIDSON,SR254,0-NONE,1,400208745,Along Roadway,2025,1737072000000,617,Suspected Minor Injury,0,1,0,1,1,Pedestrian,NO COLLISION W/ VEHICLE,Clear,Dark-Not Lighted,Automatic,-86.71640090535689,36.045213302819135
234270,42372,19SR254001,17.158,NON_JUNCTION,On Roadway,--,DAVIDSON,SR254,0-NONE,1,400209182,Along Roadway,2025,1737072000000,2036,Possible Injury,0,1,0,1,2,Vehicle in Transport,ANGLE,Clear,Dark-Lighted,Automatic,-86.63680956034955,36.07003488211295
234597,42699,19SR255001,3.242,NON_JUNCTION,On Roadway,--,DAVIDSON,SR255,0-NONE,1,400209124,Along Roadway,2025,1737072000000,1809,Prop Damage (under),0,0,0,0,2,Vehicle in Transport,REAR-END,Clear,Daylight,Automatic,-86.71806033610429,36.08036801254621
296577,104681,190F336001,0.17400000000000002,NON_JUNCTION,Roadside -- Right,--,DAVIDSON,0F336,0-NONE,1,400209248,Along Roadway,2025,1737072000000,0,Prop Damage (over),0,0,0,0,2,Parked Motor Vehicle,UNKNOWN,Unknown,Unknown,Automatic,-86.81381656632334,36.14596977014729
296914,105020,19I0024001,5.984,NON_JUNCTION,Roadside -- Right,--,DAVIDSON,I0024,0-NONE,1,400208921,Along Roadway,2025,1737072000000,1320,Suspected Minor Injury,0,1,0,1,2,Vehicle in Transport,"SIDESWIPE, SAME DIR",Clear,Daylight,Automatic,-86.82078416776935,36.307657468425724
313352,121461,19SR254001,14.701,NON_JUNCTION,Gore,--,DAVIDSON,SR254,0-NONE,1,400208953,Along Roadway,2025,1737072000000,0,Prop Damage (over),0,0,0,0,2,Vehicle in Transport,ANGLE,Clear,Daylight,Automatic,-86.6615446840904,36.04476376642285
314029,122139,190A236001,0.89,NON_JUNCTION,Outside Trafficway,--,DAVIDSON,0A236,0-NONE,1,400209145,Along Roadway,2025,1737072000000,2120,Suspected Minor Injury,0,1,0,1,1,Ditch,NO COLLISION W/ VEHICLE,Rain,Dark-Not Lighted,Automatic,-86.79595750002566,36.24452539714023
314467,122577,190E283001,0.315,NON_JUNCTION,Outside Trafficway,--,DAVIDSON,0E283,0-NONE,1,400209027,Along Roadway,2025,1737072000000,1615,Prop Damage (over),0,0,0,0,2,Parked Motor Vehicle,UNKNOWN,Clear,Daylight,Automatic,-86.80071572172086,36.16621806547257
319382,127493,19I0040001,26.641000000000002,NON_JUNCTION,15,--,DAVIDSON,I0040,0-NONE,1,400208747,Along Roadway,2025,1737072000000,640,Prop Damage (over),0,0,0,0,1,Guardrail Face,NO COLLISION W/ VEHICLE,Clear,Daylight,Automatic,-86.64111494066593,36.14825236297162
319480,127591,19SR011001,12.338000000000001,NON_JUNCTION,15,--,DAVIDSON,SR011,0-NONE,1,400209573,Along Roadway,2025,1737072000000,2300,Prop Damage (over),0,0,0,0,2,Parked Motor Vehicle,"SIDESWIPE, OPP DIR",Clear,Dark-Lighted,Automatic,-86.76637454644671,36.1483475549109
325654,133766,1903287001,0.313,NON_JUNCTION,--,--,DAVIDSON,03287,0-NONE,1,400209133,Along Roadway,2025,1737072000000,2009,Prop Damage (over),0,0,0,0,2,Vehicle in Transport,"SIDESWIPE, SAME DIR",Clear,Dark-Not Lighted,Automatic,-86.60669184053604,36.19229653091173
326474,134586,1904885001,3.399,NON_JUNCTION,--,--,DAVIDSON,04885,0-NONE,1,400208812,Along Roadway,2025,1737072000000,850,Prop Damage (over),0,0,0,0,2,Vehicle in Transport,ANGLE,Clear,Daylight,Automatic,-86.7496295072025,36.09460097921323
328325,136437,190C156001,0.252,NON_JUNCTION,--,--,DAVIDSON,0C156,0-NONE,1,400209003,Along Roadway,2025,1737072000000,1449,Prop Damage (over),0,0,0,0,2,Vehicle in Transport,ANGLE,Clear,Daylight,Automatic,-86.72212614041798,36.07022322178868
329245,137357,190E263001,0.29700000000000004,NON_JUNCTION,--,--,DAVIDSON,0E263,0-NONE,1,400209103,Along Roadway,2025,1737072000000,1800,Prop Damage (over),0,0,0,0,2,Vehicle in Transport,REAR-END,Clear,Dusk,Automatic,-86.77895166391629,36.16371296037158
331883,139998,19I0024001,19.133000000000003,NON_JUNCTION,--,--,DAVIDSON,I0024,0-NONE,1,400209134,Along Roadway,2025,1737072000000,1845,Prop Damage (over),0,0,0,0,4,Vehicle in Transport,REAR-END,Clear,Dark-Lighted,Automatic,-86.71106583605244,36.09954308042362
332985,141100,19I0040001,12.624,NON_JUNCTION,--,--,DAVIDSON,I0040,0-NONE,1,400208994,Along Roadway,2025,1737072000000,0,Prop Damage (over),0,0,0,0,2,Vehicle in Transport,REAR-END,Cloudy,Daylight,Automatic,-86.85875323854512,36.15201990167247
333268,141383,19I0040001,17.282,NON_JUNCTION,--,--,DAVIDSON,I0040,0-NONE,1,400208823,Along Roadway,2025,1737072000000,910,Prop Damage (over),0,0,0,0,2,Set In Motion By Motor Vehicle,ANGLE,Clear,Daylight,Automatic,-86.79225202883484,36.159389194182005
333862,141977,19I0040001,20.400000000000002,NON_JUNCTION,--,--,DAVIDSON,I0040,0-NONE,1,400208892,Along Roadway,2025,1737072000000,0,Prop Damage (over),0,0,0,0,2,Vehicle in Transport,REAR-END,Clear,Daylight,Automatic,-86.74613949495804,36.148657432857576
334110,142225,19I0040001,21.332,NON_JUNCTION,--,--,DAVIDSON,I0040,0-NONE,1,400208818,Along Roadway,2025,1737072000000,0,Prop Damage (over),0,0,0,0,2,Vehicle in Transport,ANGLE,Clear,Daylight,Automatic,-86.73241007625828,36.14081553429947
335552,143667,19I0065001,11.828000000000001,NON_JUNCTION,--,--,DAVIDSON,I0065,0-NONE,1,400208834,Along Roadway,2025,1737072000000,940,Prop Damage (over),0,0,0,0,2,Vehicle in Transport,"SIDESWIPE, SAME DIR",Clear,Daylight,Automatic,-86.77606568913868,36.20791903200713
337073,145188,19SR001001,24.907,NON_JUNCTION,--,--,DAVIDSON,SR001,0-NONE,1,400208768,Along Roadway,2025,1737072000000,730,Prop Damage (over),0,0,0,0,2,Vehicle in Transport,ANGLE,Clear,Daylight,Automatic,-86.67174015297647,36.10561723651438
337150,145265,19SR001001,26.47,NON_JUNCTION,--,--,DAVIDSON,SR001,0-NONE,1,400208906,Along Roadway,2025,1737072000000,1300,Prop Damage (over),0,0,0,0,2,Vehicle in Transport,ANGLE,Clear,Daylight,Automatic,-86.65106656469237,36.09084220399398
338507,146622,19SR011001,6.529,NON_JUNCTION,--,--,DAVIDSON,SR011,0-NONE,1,400208968,Along Roadway,2025,1737072000000,1517,Prop Damage (over),0,0,0,0,2,Vehicle in Transport,ANGLE,Clear,Daylight,Automatic,-86.72419880693883,36.07257664819525
338766,146881,19SR011001,11.669,NON_JUNCTION,--,--,DAVIDSON,SR011,0-NONE,1,400208841,Along Roadway,2025,1737072000000,0,Prop Damage (over),0,0,0,0,2,Vehicle in Transport,HEAD-ON,Clear,Daylight,Automatic,-86.76089139365429,36.1397560965396
341604,149719,19SR254001,5.517,NON_JUNCTION,--,--,DAVIDSON,SR254,0-NONE,1,400209119,Along Roadway,2025,1737072000000,2106,Prop Damage (over),0,0,0,0,4,Vehicle in Transport,OTHER,Clear,Dusk,Automatic,-86.8150922178025,36.03988629269482
341714,149829,19SR254001,9.370000000000001,NON_JUNCTION,--,--,DAVIDSON,SR254,0-NONE,1,400208822,Along Roadway,2025,1737072000000,930,Prop Damage (over),0,0,0,0,2,Vehicle in Transport,REAR-END,Clear,Daylight,Automatic,-86.74865513156155,36.04172119690173
342280,150395,19SR255001,4.555000000000001,NON_JUNCTION,--,--,DAVIDSON,SR255,0-NONE,1,400209252,Along Roadway,2025,1737072000000,1258,Prop Damage (over),0,0,0,0,2,Vehicle in Transport,ANGLE,Clear,Daylight,Automatic,-86.69617949513565,36.08684605444781
383846,191964,1903295001,2.89,INTERSECTION,On Roadway,--,DAVIDSON,03295,0-NONE,1,400208769,At an Intersection,2025,1737072000000,742,Possible Injury,0,1,0,1,2,Vehicle in Transport,ANGLE,Clear,Daylight,Automatic,-86.82157138802265,36.18804163439413
385655,193773,1905501001,0.35100000000000003,INTERSECTION,On Roadway,--,DAVIDSON,05501,0-NONE,1,400208898,At an Intersection,2025,1737072000000,1218,Suspected Minor Injury,0,1,0,1,2,Vehicle in Transport,ANGLE,Clear,Daylight,Automatic,-86.85559047298803,36.12462749699358
385747,193865,190A417001,0.611,INTERSECTION,On Roadway,--,DAVIDSON,0A417,0-NONE,1,400209017,At an Intersection,2025,1737072000000,1158,Prop Damage (over),0,0,0,0,2,Vehicle in Transport,ANGLE,Clear,Daylight,Automatic,-86.72975416682736,36.27295881617924
386982,195100,19SR001001,9.615,INTERSECTION,On Roadway,--,DAVIDSON,SR001,0-NONE,1,400208814,At an Intersection,2025,1737072000000,804,Prop Damage (over),0,0,0,0,3,Vehicle in Transport,REAR-END,Clear,Daylight,Automatic,-86.89103255862675,36.08961542211054
389902,198020,19SR011001,13.58,INTERSECTION,On Roadway,--,DAVIDSON,SR011,0-NONE,1,400209213,At an Intersection,2025,1737072000000,2255,Suspected Minor Injury,0,1,0,1,1,Pedestrian,NO COLLISION W/ VEHICLE,Rain,Dark-Lighted,Automatic,-86.77335327596855,36.18745863079034
391071,199189,19SR024001,13.404,INTERSECTION,On Roadway,--,DAVIDSON,SR024,0-NONE,1,400209102,At an Intersection,2025,1737072000000,1854,Suspected Minor Injury,0,1,0,1,2,Vehicle in Transport,ANGLE,Clear,Dark-Lighted,Automatic,-86.76618226152664,36.155592560639704
392041,200159,19SR065001,0.319,INTERSECTION,On Roadway,--,DAVIDSON,SR065,0-NONE,1,400208736,At an Intersection,2025,1737072000000,539,Suspected Minor Injury,0,1,0,1,2,Vehicle in Transport,ANGLE,Clear,Dark-Lighted,Automatic,-86.77427161551519,36.20639935902177
393775,201893,19SR255001,0.89,INTERSECTION,On Roadway,--,DAVIDSON,SR255,0-NONE,1,400209258,At an Intersection,2025,1737072000000,2320,Possible Injury,0,1,0,1,2,Vehicle in Transport,ANGLE,Rain,Dark-Lighted,Automatic,-86.75832424950048,36.08107139586829
414081,222205,19SR255001,4.79,INTERSECTION,Off Roadway -- Location Unknown,--,DAVIDSON,SR255,0-NONE,1,400209137,At an Intersection,2025,1737072000000,2132,Suspected Minor Injury,0,1,0,1,1,Utility Pole,NO COLLISION W/ VEHICLE,Rain,Dark-Lighted,Automatic,-86.69222509483164,36.08742540652
414569,222693,190F152001,0.216,INTERSECTION,OTHER,--,DAVIDSON,0F152,0-NONE,1,400208886,At an Intersection,2025,1737072000000,1008,Suspected Serious Injury,0,1,1,0,1,Curb,NO COLLISION W/ VEHICLE,Clear,Daylight,Automatic,-86.8026553059001,36.143378174676045
417125,225250,19SR011001,9.46,INTERSECTION,--,--,DAVIDSON,SR011,0-NONE,1,400209139,At an Intersection,2025,1737072000000,1625,Prop Damage (over),0,0,0,0,2,Vehicle in Transport,ANGLE,Clear,Daylight,Automatic,-86.7452282163622,36.11093646101174
427580,235706,1904948001,1.389,INTERSECTION RELATED,On Roadway,--,DAVIDSON,04948,0-NONE,1,400209094,At an Intersection,2025,1737072000000,1813,Suspected Minor Injury,0,1,0,1,2,Vehicle in Transport,ANGLE,Clear,Dark-Lighted,Automatic,-86.73004318084284,36.1194274788915
428524,236650,19SR006001,18.57,INTERSECTION RELATED,On Roadway,--,DAVIDSON,SR006,0-NONE,1,400208793,At an Intersection,2025,1737072000000,820,Suspected Minor Injury,0,1,0,1,2,Vehicle in Transport,ANGLE,Clear,Daylight,Automatic,-86.71190412660125,36.26311279427134
439020,247148,19SR001001,17.434,INTERSECTION RELATED,--,--,DAVIDSON,SR001,0-NONE,1,400209025,At an Intersection,2025,1737072000000,1530,Prop Damage (over),0,0,0,0,2,Vehicle in Transport,REAR-END,Clear,Daylight,Automatic,-86.78418930422013,36.15801756637595
445141,253271,19I0065001,12.656,ENTRENCE/EXIT RAMP RELATED,On Roadway,--,DAVIDSON,I0065,0-NONE,1,400208863,Ramp,2025,1737072000000,1037,Suspected Minor Injury,0,1,0,1,2,Vehicle in Transport,"SIDESWIPE, SAME DIR",Clear,Daylight,Automatic,-86.77431875362007,36.21985091229471
448883,257013,19SR155001,17.066000000000003,ENTRENCE/EXIT RAMP RELATED,14,--,DAVIDSON,SR155,0-NONE,1,400208815,Ramp,2025,1737072000000,609,Suspected Minor Injury,0,1,0,1,1,Overturn,NO COLLISION W/ VEHICLE,Clear,Dawn,Automatic,-86.78459906443885,36.23815747044966
449527,257657,19I0065001,9.697000000000001,ENTRENCE/EXIT RAMP RELATED,--,--,DAVIDSON,I0065,0-NONE,1,400208884,Ramp,2025,1737072000000,1200,Prop Damage (over),0,0,0,0,2,Vehicle in Transport,"SIDESWIPE, SAME DIR",Clear,Daylight,Automatic,-86.79384655213498,36.188112368019176
461000,269134,1904946001,0.664,--,--,--,DAVIDSON,04946,0-NONE,1,400209035,Along Roadway,2025,1737072000000,1701,Prop Damage (under),0,0,0,0,2,--,--,--,--,Automatic,-86.7276166439808,36.10983892789197
461252,269386,190B331001,0.322,--,--,--,DAVIDSON,0B331,0-NONE,1,400209249,Along Roadway,2025,1737072000000,2210,Prop Damage (under),0,0,0,0,2,--,--,--,--,Automatic,-86.64683279002203,36.05074691719887
461548,269682,190E194001,0.007,--,--,--,DAVIDSON,0E194,0-NONE,1,400208928,Along Roadway,2025,1737072000000,1204,Prop Damage (under),0,0,0,0,2,--,--,--,--,Automatic,-86.76027521168248,36.16827050661032
462497,270631,19I0040001,14.695,--,--,--,DAVIDSON,I0040,0-NONE,1,400209111,Along Roadway,2025,1737072000000,2001,Prop Damage (under),0,0,0,0,2,--,--,--,--,Automatic,-86.82189388913133,36.158798472030085
463313,271447,19SR001001,16.447,--,--,--,DAVIDSON,SR001,0-NONE,1,400209070,Along Roadway,2025,1737072000000,1817,Prop Damage (under),0,0,0,0,2,--,--,--,--,Automatic,-86.79967354016013,36.15121089222764
464098,272232,19SR012001,3.365,--,--,--,DAVIDSON,SR012,0-NONE,1,400208832,Along Roadway,2025,1737072000000,830,Prop Damage (under),0,0,0,0,2,--,--,--,--,Automatic,-86.82372301625784,36.18933959422185
197367,5464,1903292001,0.9790000000000001,NON_JUNCTION,On Roadway,--,DAVIDSON,03292,0-NONE,1,400208284,Along Roadway,2025,1736985600000,802,Suspected Minor Injury,0,3,0,3,3,Vehicle in Transport,REAR-END,Clear,Daylight,Automatic,-86.64508391902605,36.16093036477376
197514,5611,1903295001,2.968,NON_JUNCTION,On Roadway,--,DAVIDSON,03295,0-NONE,1,400208260,Along Roadway,2025,1736985600000,750,Suspected Minor Injury,0,2,0,2,2,Vehicle in Transport,ANGLE,Clear,Daylight,Automatic,-86.82296993147057,36.188901978335274
198273,6370,1904169001,5.196000000000001,NON_JUNCTION,On Roadway,--,DAVIDSON,04169,0-NONE,1,400208290,Along Roadway,2025,1736985600000,848,Suspected Serious Injury,0,1,1,0,3,Vehicle in Transport,REAR-END,Clear,Daylight,Automatic,-86.69962194711553,36.0940984811686
198572,6669,1904435001,0.169,NON_JUNCTION,On Roadway,--,DAVIDSON,04435,0-NONE,1,400208301,Along Roadway,2025,1736985600000,840,Possible Injury,0,2,0,2,2,Vehicle in Transport,ANGLE,Clear,Daylight,Automatic,-86.82243430319026,36.18700735852382
199219,7317,1904896001,1.58,NON_JUNCTION,On Roadway,--,DAVIDSON,04896,0-NONE,1,400208650,Along Roadway,2025,1736985600000,2030,Possible Injury,0,1,0,1,2,Vehicle in Transport,REAR-END,Clear,Dark-Lighted,Automatic,-86.92633008614283,36.07818912109984
201266,9364,1905333001,1.421,NON_JUNCTION,On Roadway,--,DAVIDSON,05333,0-NONE,1,400208433,Along Roadway,2025,1736985600000,849,Suspected Minor Injury,0,2,0,2,2,Vehicle in Transport,REAR-END,Clear,Daylight,Automatic,-86.76753034594947,36.1653147342658
206165,14266,190F985001,0.0,NON_JUNCTION,On Roadway,--,DAVIDSON,0F985,0-NONE,1,400208648,Along Roadway,2025,1736985600000,2059,Possible Injury,0,2,0,2,2,Vehicle in Transport,ANGLE,Clear,Dark-Lighted,Automatic,-86.6896190733592,36.27603382123272
206429,14530,190H833001,0.8390000000000001,NON_JUNCTION,On Roadway,--,DAVIDSON,0H833,0-NONE,1,400208546,Along Roadway,2025,1736985600000,1745,Prop Damage (over),0,0,0,0,1,Deer (Animal),NO COLLISION W/ VEHICLE,Clear,Dark-Lighted,Automatic,-86.63231475294698,36.06116319725664
209184,17286,19I0024001,17.755000000000003,NON_JUNCTION,On Roadway,--,DAVIDSON,I0024,0-NONE,1,400208564,Along Roadway,2025,1736985600000,0,Prop Damage (over),0,0,0,0,2,Vehicle in Transport,ANGLE,Clear,Dark-Lighted,Automatic,-86.72511020560937,36.115636636260284
209918,18020,19I0024001,20.078,NON_JUNCTION,On Roadway,--,DAVIDSON,I0024,0-NONE,1,400208263,Along Roadway,2025,1736985600000,739,Suspected Minor Injury,0,1,0,1,2,Vehicle in Transport,REAR-END,Clear,Daylight,Automatic,-86.70175646267978,36.0880851271594
210331,18433,19I0024001,21.532,NON_JUNCTION,On Roadway,--,DAVIDSON,I0024,0-NONE,1,400208610,Along Roadway,2025,1736985600000,1809,Prop Damage (over),0,0,0,0,1,Fire/Explosion,NO COLLISION W/ VEHICLE,Clear,Dark-Lighted,Automatic,-86.6896461948942,36.069416995259715
211111,19213,19I0024001,24.255000000000003,NON_JUNCTION,On Roadway,--,DAVIDSON,I0024,0-NONE,1,400208230,Along Roadway,2025,1736985600000,616,Prop Damage (over),0,0,0,0,3,Vehicle in Transport,REAR-END,Clear,Dawn,Automatic,-86.65437525385869,36.04257236273663
212884,20986,19I0040001,17.297,NON_JUNCTION,On Roadway,--,DAVIDSON,I0040,0-NONE,1,400208475,Along Roadway,2025,1736985600000,0,Prop Damage (over),0,0,0,0,2,Vehicle in Transport,"SIDESWIPE, SAME DIR",Clear,Daylight,Automatic,-86.79210343385597,36.15921276148371
218091,26193,19I0065001,11.767000000000001,NON_JUNCTION,On Roadway,--,DAVIDSON,I0065,0-NONE,1,400208387,Along Roadway,2025,1736985600000,1225,Prop Damage (over),0,0,0,0,3,Vehicle in Transport,REAR-END,Clear,Daylight,Automatic,-86.77617451287372,36.20703723079466
219191,27293,19I0065001,18.926000000000002,NON_JUNCTION,On Roadway,--,DAVIDSON,I0065,0-NONE,1,400208406,Along Roadway,2025,1736985600000,1332,Prop Damage (over),0,0,0,0,2,Vehicle in Transport,REAR-END,Clear,Daylight,Automatic,-86.71938726130958,36.2930717843543
219705,27807,19I0440001,4.406000000000001,NON_JUNCTION,On Roadway,--,DAVIDSON,I0440,0-NONE,1,400208678,Along Roadway,2025,1736985600000,1947,Prop Damage (over),0,0,0,0,2,Vehicle in Transport,REAR-END,Clear,Dark-Lighted,Automatic,-86.78292748188585,36.11586905087743
219707,27809,19I0440001,4.407,NON_JUNCTION,On Roadway,--,DAVIDSON,I0440,0-NONE,1,400208631,Along Roadway,2025,1736985600000,1838,Prop Damage (over),0,0,0,0,3,Vehicle in Transport,REAR-END,Clear,Dark-Not Lighted,Automatic,-86.78290959239477,36.115868482925315
219774,27876,19I0440001,5.811,NON_JUNCTION,On Roadway,--,DAVIDSON,I0440,0-NONE,1,400208515,Along Roadway,2025,1736985600000,1617,Suspected Minor Injury,0,2,0,2,2,Vehicle in Transport,REAR-END,Clear,Daylight,Automatic,-86.7604434841624,36.1217793544396
219978,28080,19SR001001,3.539,NON_JUNCTION,On Roadway,--,DAVIDSON,SR001,0-NONE,1,400208210,Along Roadway,2025,1736985600000,555,Prop Damage (over),0,0,0,0,1,Deer (Animal),NO COLLISION W/ VEHICLE,Clear,Dark-Lighted,Automatic,-86.98168376222404,36.09167652946547
221310,29412,19SR001001,23.309,NON_JUNCTION,On Roadway,--,DAVIDSON,SR001,0-NONE,1,400208266,Along Roadway,2025,1736985600000,736,Suspected Minor Injury,0,1,0,1,3,Vehicle in Transport,REAR-END,Clear,Daylight,Automatic,-86.69699538418247,36.116208511386425
223477,31579,19SR006001,11.064,NON_JUNCTION,On Roadway,--,DAVIDSON,SR006,0-NONE,1,400208541,Along Roadway,2025,1736985600000,1725,Prop Damage (over),0,0,0,0,2,Vehicle in Transport,REAR-END,Clear,Dark-Not Lighted,Automatic,-86.762609975278,36.18001436006845
225550,33652,19SR011001,7.937,NON_JUNCTION,On Roadway,--,DAVIDSON,SR011,0-NONE,1,400208589,Along Roadway,2025,1736985600000,1843,Suspected Minor Injury,0,2,0,2,2,Vehicle in Transport,REAR-END,Clear,Dark-Not Lighted,Automatic,-86.73433819264743,36.09065968259852
226155,34257,19SR011001,14.892000000000001,NON_JUNCTION,On Roadway,--,DAVIDSON,SR011,0-NONE,1,400208661,Along Roadway,2025,1736985600000,2045,Possible Injury,0,2,0,2,2,Vehicle in Transport,"SIDESWIPE, SAME DIR",Clear,Dark-Lighted,Automatic,-86.76862461490222,36.2057649253352
226855,34957,19SR011701,0.323,NON_JUNCTION,On Roadway,--,DAVIDSON,SR011,7-SOUTHBOUND/ S,1,400208410,Along Roadway,2025,1736985600000,1350,Prop Damage (under),0,0,0,0,2,Vehicle in Transport,"SIDESWIPE, SAME DIR",Clear,Daylight,Automatic,-86.76845936950663,36.14769397243547
227819,35921,19SR024001,9.484,NON_JUNCTION,On Roadway,--,DAVIDSON,SR024,0-NONE,1,400208582,Along Roadway,2025,1736985600000,0,Prop Damage (over),0,0,0,0,2,Vehicle in Transport,REAR-END,Clear,Dark-Lighted,Automatic,-86.83387259845642,36.15245637860286
228634,36736,19SR024001,22.915000000000003,NON_JUNCTION,On Roadway,--,DAVIDSON,SR024,0-NONE,1,400208663,Along Roadway,2025,1736985600000,1641,Possible Injury,0,1,0,1,2,Vehicle in Transport,ANGLE,Clear,Daylight,Automatic,-86.62096888122245,36.19702816294918
228782,36884,19SR024001,24.971,NON_JUNCTION,On Roadway,--,DAVIDSON,SR024,0-NONE,1,400208342,Along Roadway,2025,1736985600000,1100,Prop Damage (under),0,0,0,0,2,Vehicle in Transport,REAR-END,Clear,Daylight,Automatic,-86.59512639856959,36.21504219452923
229660,37762,19SR045001,17.203,NON_JUNCTION,On Roadway,--,DAVIDSON,SR045,0-NONE,1,400208668,Along Roadway,2025,1736985600000,1737,Prop Damage (over),0,0,0,0,2,Vehicle in Transport,REAR-END,Clear,Dark-Lighted,Automatic,-86.60625993953266,36.17999532530836
230235,38337,19SR100001,0.737,NON_JUNCTION,On Roadway,--,DAVIDSON,SR100,0-NONE,1,400208525,Along Roadway,2025,1736985600000,1627,Prop Damage (over),0,0,0,0,2,Vehicle in Transport,REAR-END,Clear,Dusk,Automatic,-87.03318974479969,36.01653220454206
233775,41877,19SR254001,14.387,NON_JUNCTION,On Roadway,--,DAVIDSON,SR254,0-NONE,1,400208241,Along Roadway,2025,1736985600000,710,Suspected Minor Injury,0,1,0,1,2,Vehicle in Transport,REAR-END,Clear,Daylight,Automatic,-86.66707997306942,36.04490908119437
234742,42844,19SR255001,4.023000000000001,NON_JUNCTION,On Roadway,--,DAVIDSON,SR255,0-NONE,1,400208590,Along Roadway,2025,1736985600000,1812,Prop Damage (over),0,0,0,0,2,Vehicle in Transport,REAR-END,Clear,Dark-Lighted,Automatic,-86.70512369081499,36.08438322922697
234844,42946,19SR255001,4.455,NON_JUNCTION,On Roadway,--,DAVIDSON,SR255,0-NONE,1,400208304,Along Roadway,2025,1736985600000,853,Prop Damage (over),0,0,0,0,2,Vehicle in Transport,"SIDESWIPE, SAME DIR",Clear,Daylight,Automatic,-86.69793267276876,36.086679626773936
296271,104375,190E165001,0.89,NON_JUNCTION,Roadside -- Right,--,DAVIDSON,0E165,0-NONE,1,400208692,Along Roadway,2025,1736985600000,2220,Prop Damage (over),0,0,0,0,2,Parked Motor Vehicle,"SIDESWIPE, SAME DIR",Cloudy,Dark-Lighted,Automatic,-86.74965829954523,36.17408396135006
317977,126088,190D746001,0.045000000000000005,NON_JUNCTION,14,--,DAVIDSON,0D746,0-NONE,1,400208183,Along Roadway,2025,1736985600000,155,Prop Damage (over),0,0,0,0,1,Utility Pole,NO COLLISION W/ VEHICLE,Clear,Dark-Lighted,Automatic,-86.76707026366795,36.231826369357734
318007,126118,19I0024001,11.427000000000001,NON_JUNCTION,14,--,DAVIDSON,I0024,0-NONE,1,400208228,Along Roadway,2025,1736985600000,618,Suspected Minor Injury,0,2,0,2,1,Concrete Traffic Barrier,NO COLLISION W/ VEHICLE,Clear,Dark-Lighted,Automatic,-86.78627312102181,36.23810550016021
319024,127135,1904896001,2.3080000000000003,NON_JUNCTION,15,--,DAVIDSON,04896,0-NONE,1,400208642,Along Roadway,2025,1736985600000,2040,Prop Damage (over),0,0,0,0,1,Ditch,NO COLLISION W/ VEHICLE,Clear,Dark-Not Lighted,Automatic,-86.93453825432675,36.08571131635978
319280,127391,19I0024001,15.137,NON_JUNCTION,15,--,DAVIDSON,I0024,0-NONE,1,400208653,Along Roadway,2025,1736985600000,2133,Prop Damage (over),0,0,0,0,1,Guardrail Face,NO COLLISION W/ VEHICLE,Clear,Dark-Lighted,Automatic,-86.7622622397739,36.163436804415916
325371,133483,1903258001,1.288,NON_JUNCTION,--,--,DAVIDSON,03258,0-NONE,1,400208434,Along Roadway,2025,1736985600000,1347,Prop Damage (over),0,0,0,0,2,Vehicle in Transport,REAR-END,Clear,Daylight,Automatic,-86.79308614978024,36.17287868708516
325377,133489,1903258001,1.389,NON_JUNCTION,--,--,DAVIDSON,03258,0-NONE,1,400208436,Along Roadway,2025,1736985600000,1446,Prop Damage (over),0,0,0,0,2,Vehicle in Transport,REAR-END,Clear,Daylight,Automatic,-86.79480562539976,36.17244830078234
326035,134147,1904169001,1.093,NON_JUNCTION,--,--,DAVIDSON,04169,0-NONE,1,400208689,Along Roadway,2025,1736985600000,2230,Prop Damage (over),0,0,0,0,2,Vehicle in Transport,"SIDESWIPE, SAME DIR",Clear,Dark-Lighted,Automatic,-86.66176020364631,36.04919715609751
330983,139098,19I0024001,13.282,NON_JUNCTION,--,--,DAVIDSON,I0024,0-NONE,1,400208251,Along Roadway,2025,1736985600000,800,Prop Damage (over),0,0,0,0,2,Vehicle in Transport,"SIDESWIPE, SAME DIR",Clear,Daylight,Automatic,-86.77609968947655,36.187458230722605
331166,139281,19I0024001,14.752,NON_JUNCTION,--,--,DAVIDSON,I0024,0-NONE,1,400208585,Along Roadway,2025,1736985600000,1733,Prop Damage (over),0,0,0,0,2,Vehicle in Transport,"SIDESWIPE, SAME DIR",Clear,Dark-Lighted,Automatic,-86.76593801086571,36.16813363572721
336270,144385,19I0440001,4.409,NON_JUNCTION,--,--,DAVIDSON,I0440,0-NONE,1,400208576,Along Roadway,2025,1736985600000,1748,Prop Damage (over),0,0,0,0,2,Vehicle in Transport,REAR-END,Clear,Dark-Lighted,Automatic,-86.78287381343117,36.115867348815584
336426,144541,19SR001001,7.5040000000000004,NON_JUNCTION,--,--,DAVIDSON,SR001,0-NONE,1,400208572,Along Roadway,2025,1736985600000,1635,Prop Damage (over),0,0,0,0,2,Vehicle in Transport,ANGLE,Clear,Dusk,Automatic,-86.92171007804829,36.07422402076727
338211,146326,19SR006001,20.623,NON_JUNCTION,--,--,DAVIDSON,SR006,0-NONE,1,400208652,Along Roadway,2025,1736985600000,1743,Prop Damage (over),0,0,0,0,1,Wall,NO COLLISION W/ VEHICLE,Clear,Daylight,Automatic,-86.70313660840817,36.29174306400116
338216,146331,19SR006001,20.714000000000002,NON_JUNCTION,--,--,DAVIDSON,SR006,0-NONE,1,400208641,Along Roadway,2025,1736985600000,1824,Prop Damage (over),0,0,0,0,2,Vehicle in Transport,REAR-END,Clear,Dark-Lighted,Automatic,-86.70249919902922,36.29294329511242
338365,146480,19SR011001,2.0220000000000002,NON_JUNCTION,--,--,DAVIDSON,SR011,0-NONE,1,400208265,Along Roadway,2025,1736985600000,748,Prop Damage (over),0,0,0,0,2,Vehicle in Transport,REAR-END,Clear,Daylight,Automatic,-86.70352748749842,36.0122986029027
338828,146943,19SR011001,14.899000000000001,NON_JUNCTION,--,--,DAVIDSON,SR011,0-NONE,1,400208556,Along Roadway,2025,1736985600000,1725,Prop Damage (over),0,0,0,0,2,Vehicle in Transport,REAR-END,Clear,Dark-Lighted,Automatic,-86.76859805703972,36.20586445269762
340967,149082,19SR155001,7.897,NON_JUNCTION,--,--,DAVIDSON,SR155,0-NONE,1,400209105,Along Roadway,2025,1736985600000,1652,Prop Damage (over),0,0,0,0,2,Vehicle in Transport,"SIDESWIPE, SAME DIR",Clear,Daylight,Automatic,-86.68947889802793,36.16336776301789
341557,149672,19SR254001,0.03,NON_JUNCTION,--,--,DAVIDSON,SR254,0-NONE,1,400208643,Along Roadway,2025,1736985600000,1928,Prop Damage (over),0,0,0,0,2,Vehicle in Transport,REAR-END,Clear,Dark-Not Lighted,Automatic,-86.9044102623534,36.061916365519664
381890,190008,1901011001,5.87,INTERSECTION,On Roadway,--,DAVIDSON,01011,0-NONE,1,400208297,At an Intersection,2025,1736985600000,918,Suspected Minor Injury,0,1,0,1,2,Vehicle in Transport,ANGLE,Clear,Daylight,Automatic,-86.62499793239968,36.15227354539486
382015,190133,1901395001,0.251,INTERSECTION,On Roadway,--,DAVIDSON,01395,0-NONE,1,400208435,At an Intersection,2025,1736985600000,1443,Suspected Minor Injury,0,1,0,1,2,Vehicle in Transport,"SIDESWIPE, SAME DIR",Clear,Daylight,Automatic,-86.62713985143905,36.155100494692206
382471,190589,1903246001,0.386,INTERSECTION,On Roadway,--,DAVIDSON,03246,0-NONE,1,400208374,At an Intersection,2025,1736985600000,0,Prop Damage (over),0,0,0,0,2,Vehicle in Transport,"SIDESWIPE, SAME DIR",Clear,Daylight,Automatic,-86.7711052730721,36.15558256069878
383337,191455,1903262001,0.651,INTERSECTION,On Roadway,--,DAVIDSON,03262,0-NONE,1,400208638,At an Intersection,2025,1736985600000,2107,Prop Damage (over),0,0,0,0,2,Vehicle in Transport,ANGLE,Clear,Dark-Lighted,Automatic,-86.78402130201671,36.173970601623765
384077,192195,1904169001,0.324,INTERSECTION,On Roadway,--,DAVIDSON,04169,0-NONE,1,400208208,At an Intersection,2025,1736985600000,530,Suspected Minor Injury,0,1,0,1,2,Vehicle in Transport,ANGLE,Clear,Dark-Lighted,Automatic,-86.65052339526385,36.044076195245104
384369,192487,1904451001,0.117,INTERSECTION,On Roadway,--,DAVIDSON,04451,0-NONE,1,400208408,At an Intersection,2025,1736985600000,1323,Prop Damage (over),0,0,0,0,2,Vehicle in Transport,ANGLE,Clear,Daylight,Automatic,-86.70108909569554,36.32352092562963
384708,192826,1904896001,1.405,INTERSECTION,On Roadway,--,DAVIDSON,04896,0-NONE,1,400208300,At an Intersection,2025,1736985600000,844,Prop Damage (over),0,0,0,0,2,Vehicle in Transport,ANGLE,Clear,Daylight,Automatic,-86.92597831298463,36.075671620558644
384764,192882,1904906001,0.562,INTERSECTION,On Roadway,--,DAVIDSON,04906,0-NONE,1,400208607,At an Intersection,2025,1736985600000,1820,Prop Damage (over),0,0,0,0,2,Vehicle in Transport,ANGLE,Clear,Dark-Lighted,Automatic,-86.86728149728243,36.15677156855953
385001,193119,1904930001,1.094,INTERSECTION,On Roadway,--,DAVIDSON,04930,0-NONE,1,400208609,At an Intersection,2025,1736985600000,1755,Possible Injury,0,1,0,1,2,Vehicle in Transport,ANGLE,Clear,Dark-Lighted,Automatic,-86.70526910853681,36.29448986279544
385785,193903,190A541001,0.516,INTERSECTION,On Roadway,--,DAVIDSON,0A541,0-NONE,1,400208657,At an Intersection,2025,1736985600000,1804,Prop Damage (over),0,0,0,0,2,Vehicle in Transport,ANGLE,Clear,Dark-Not Lighted,Automatic,-86.70339310597606,36.262876792455664
387410,195528,19SR001001,17.22,INTERSECTION,On Roadway,--,DAVIDSON,SR001,0-NONE,1,400208474,At an Intersection,2025,1736985600000,1548,Suspected Minor Injury,0,2,0,2,2,Vehicle in Transport,ANGLE,Clear,Daylight,Automatic,-86.78750931202521,36.15661056395169
388359,196477,19SR001001,32.18,INTERSECTION,On Roadway,--,DAVIDSON,SR001,0-NONE,1,400208431,At an Intersection,2025,1736985600000,1429,Suspected Minor Injury,0,4,0,4,2,Vehicle in Transport,ANGLE,Clear,Daylight,Automatic,-86.58840485808373,36.02641626616673
388905,197023,19SR006001,18.438000000000002,INTERSECTION,On Roadway,--,DAVIDSON,SR006,0-NONE,1,400208613,At an Intersection,2025,1736985600000,1651,Suspected Minor Injury,0,1,0,1,2,Vehicle in Transport,ANGLE,Clear,Daylight,Automatic,-86.7125391284545,36.261261789754
391081,199199,19SR024001,13.566,INTERSECTION,On Roadway,--,DAVIDSON,SR024,0-NONE,1,400208545,At an Intersection,2025,1736985600000,1743,Suspected Minor Injury,0,1,0,1,1,Pedestrian,NO COLLISION W/ VEHICLE,Clear,Dark-Lighted,Automatic,-86.76335625576372,36.15487755849571
393064,201182,19SR254001,6.33,INTERSECTION,On Roadway,--,DAVIDSON,SR254,0-NONE,1,400208549,At an Intersection,2025,1736985600000,1423,Prop Damage (over),0,0,0,0,2,Vehicle in Transport,ANGLE,Clear,Daylight,Automatic,-86.80085535221704,36.03816230459447
393164,201282,19SR254001,7.793,INTERSECTION,On Roadway,--,DAVIDSON,SR254,0-NONE,1,400208286,At an Intersection,2025,1736985600000,845,Prop Damage (over),0,0,0,0,2,Vehicle in Transport,ANGLE,Clear,Daylight,Automatic,-86.7761672950113,36.041116309492224
415419,223544,1903257001,2.182,INTERSECTION,--,--,DAVIDSON,03257,0-NONE,1,400208215,At an Intersection,2025,1736985600000,558,Prop Damage (over),0,0,0,0,2,Vehicle in Transport,ANGLE,Clear,Dark-Lighted,Automatic,-86.85416346655285,36.16534758640727
416777,224902,19SR006001,4.529,INTERSECTION,--,--,DAVIDSON,SR006,0-NONE,1,400208619,At an Intersection,2025,1736985600000,1919,Prop Damage (over),0,0,0,0,2,Vehicle in Transport,ANGLE,Clear,Dark-Lighted,Automatic,-86.77201527994039,36.09874743603428
427453,235579,1904885001,1.7670000000000001,INTERSECTION RELATED,On Roadway,--,DAVIDSON,04885,0-NONE,1,400208246,At an Intersection,2025,1736985600000,653,Prop Damage (under),0,0,0,0,2,Vehicle in Transport,REAR-END,Clear,Daylight,Automatic,-86.75914425222221,36.07340137968593
429586,237712,19SR155001,27.828000000000003,INTERSECTION RELATED,On Roadway,--,DAVIDSON,SR155,0-NONE,1,400208452,At an Intersection,2025,1736985600000,1450,Suspected Minor Injury,0,1,0,1,2,Vehicle in Transport,ANGLE,Clear,Daylight,Automatic,-86.85791747675864,36.14841054953779
429890,238016,19SR255001,4.79,INTERSECTION RELATED,On Roadway,--,DAVIDSON,SR255,0-NONE,1,400208639,At an Intersection,2025,1736985600000,0,Prop Damage (over),0,0,0,0,2,Vehicle in Transport,REAR-END,Clear,Dark-Lighted,Automatic,-86.69222509483164,36.08742540652
439570,247698,19SR254001,14.928,INTERSECTION RELATED,--,--,DAVIDSON,SR254,0-NONE,1,400208618,At an Intersection,2025,1736985600000,1744,Prop Damage (over),0,0,0,0,2,Vehicle in Transport,REAR-END,Clear,Dark-Lighted,Automatic,-86.65786113878038,36.04597499520826
444174,252304,1904170001,1.715,ENTRENCE/EXIT RAMP RELATED,On Roadway,--,DAVIDSON,04170,0-NONE,1,400208606,Ramp,2025,1736985600000,1905,Possible Injury,0,1,0,1,2,Vehicle in Transport,REAR-END,Clear,Dark-Lighted,Automatic,-86.69045145161988,36.069107689166316
452413,260543,19SR012001,3.744,"DRIVEWAY, ALLEY ACCESS, ETC.",On Roadway,--,DAVIDSON,SR012,0-NONE,1,400208466,Along Roadway,2025,1736985600000,1445,Prop Damage (over),0,0,0,0,2,Vehicle in Transport,ANGLE,Clear,Daylight,Automatic,-86.8290674057832,36.192400759128255
457647,265778,19SR106001,6.206,OTHER,On Roadway,--,DAVIDSON,SR106,0-NONE,1,400208444,Along Roadway,2025,1736985600000,1444,Suspected Minor Injury,0,1,0,1,3,Vehicle in Transport,REAR-END,Clear,Daylight,Automatic,-86.80798359144084,36.12066875132931
460361,268493,1903248001,3.5500000000000003,--,--,--,DAVIDSON,03248,0-NONE,1,400208552,Along Roadway,2025,1736985600000,1432,Prop Damage (under),0,0,0,0,2,--,--,--,--,Automatic,-86.80286335242211,36.08934841657244
460809,268943,1904435001,1.425,--,--,--,DAVIDSON,04435,0-NONE,1,400208306,Along Roadway,2025,1736985600000,930,Prop Damage (under),0,0,0,0,2,--,--,--,--,Automatic,-86.82129345644245,36.16965819447822
461131,269265,190A301001,2.016,--,--,--,DAVIDSON,0A301,0-NONE,1,400208307,Along Roadway,2025,1736985600000,820,Prop Damage (under),0,0,0,0,2,--,--,--,--,Automatic,-86.85917633523871,36.36894451218393
462592,270726,19I0040001,18.606,--,--,--,DAVIDSON,I0040,0-NONE,1,400208575,Along Roadway,2025,1736985600000,1625,Prop Damage (under),0,0,0,0,2,--,--,--,--,Automatic,-86.77556318696136,36.14866793547077
463594,271728,19SR006001,6.113,--,--,--,DAVIDSON,SR006,0-NONE,1,400208289,Along Roadway,2025,1736985600000,810,Prop Damage (under),0,0,0,0,2,--,--,--,--,Automatic,-86.77543671138204,36.12144232145102
463614,271748,19SR006001,7.351,--,--,--,DAVIDSON,SR006,0-NONE,1,400208553,Along Roadway,2025,1736985600000,1733,Prop Damage (under),0,0,0,0,2,--,--,--,--,Automatic,-86.77840143488238,36.13885524020147
464873,273007,19SR253001,0.17800000000000002,--,--,--,DAVIDSON,SR253,0-NONE,1,400208608,Along Roadway,2025,1736985600000,1821,Prop Damage (under),0,0,0,0,2,--,--,--,--,Automatic,-86.69012564790819,35.99662168996015
194564,2658,1901017001,2.077,NON_JUNCTION,On Roadway,--,DAVIDSON,01017,0-NONE,1,400208043,Along Roadway,2025,1736899200000,1755,Possible Injury,0,2,0,2,3,Vehicle in Transport,REAR-END,Clear,Dark-Lighted,Automatic,-86.69560909930583,36.29307293254293
195652,3746,1903252001,1.949,NON_JUNCTION,On Roadway,--,DAVIDSON,03252,0-NONE,1,400208077,Along Roadway,2025,1736899200000,1748,Suspected Minor Injury,0,1,0,1,4,Vehicle in Transport,HEAD-ON,Clear,Dark-Lighted,Automatic,-86.74435314417762,36.19272168852513
195726,3820,1903252001,2.471,NON_JUNCTION,On Roadway,--,DAVIDSON,03252,0-NONE,1,400207959,Along Roadway,2025,1736899200000,1455,Possible Injury,0,1,0,1,2,Vehicle in Transport in other Roadway,ANGLE,Clear,Daylight,Automatic,-86.74061622749221,36.199629741752624
196835,4932,1903269001,0.004,NON_JUNCTION,On Roadway,--,DAVIDSON,03269,0-NONE,1,400208061,Along Roadway,2025,1736899200000,1645,Prop Damage (over),0,0,0,0,2,Vehicle in Transport,"SIDESWIPE, SAME DIR",Clear,Unknown,Automatic,-86.74217184934874,36.1542767902088
197365,5462,1903292001,0.934,NON_JUNCTION,On Roadway,--,DAVIDSON,03292,0-NONE,1,400208085,Along Roadway,2025,1736899200000,1849,Prop Damage (over),0,0,0,0,2,Vehicle in Transport,HEAD-ON,Clear,Dark-Lighted,Automatic,-86.64444139900353,36.16054093133125
199170,7268,1904892001,2.698,NON_JUNCTION,On Roadway,--,DAVIDSON,04892,0-NONE,1,400208150,Along Roadway,2025,1736899200000,1535,Prop Damage (over),0,0,0,0,2,Vehicle in Transport,ANGLE,Clear,Daylight,Automatic,-86.81459653722035,36.106043708966276
201369,9467,1905344001,0.112,NON_JUNCTION,On Roadway,--,DAVIDSON,05344,0-NONE,1,400208154,Along Roadway,2025,1736899200000,0,Prop Damage (over),0,0,0,0,2,Vehicle in Transport,"SIDESWIPE, SAME DIR",Clear,Dark-Lighted,Automatic,-86.77686831455117,36.16291080552554
204298,12396,190D611001,1.329,NON_JUNCTION,On Roadway,--,DAVIDSON,0D611,0-NONE,1,400207939,Along Roadway,2025,1736899200000,1423,Prop Damage (over),0,0,0,0,2,Vehicle in Transport in other Roadway,HEAD-ON,Clear,Daylight,Automatic,-86.77797139725536,36.20561464622458
204938,13036,190E263001,0.522,NON_JUNCTION,On Roadway,--,DAVIDSON,0E263,0-NONE,1,400207721,Along Roadway,2025,1736899200000,57,Prop Damage (over),0,0,0,0,2,Vehicle in Transport,HEAD-ON,Clear,Dark-Lighted,Automatic,-86.77718709115327,36.161045158930754
206859,14961,19I0024001,4.365,NON_JUNCTION,On Roadway,--,DAVIDSON,I0024,0-NONE,1,400207767,Along Roadway,2025,1736899200000,615,Suspected Minor Injury,0,2,0,2,7,Vehicle in Transport,REAR-END,Clear,Dawn,Automatic,-86.84499680910413,36.318472352206015
211836,19938,19I0040001,3.032,NON_JUNCTION,On Roadway,--,DAVIDSON,I0040,0-NONE,1,400207861,Along Roadway,2025,1736899200000,637,Prop Damage (over),0,0,0,0,2,Vehicle in Transport,"SIDESWIPE, SAME DIR",Clear,Daylight,Automatic,-86.99782112081053,36.077651146451714
212493,20595,19I0040001,14.108,NON_JUNCTION,On Roadway,--,DAVIDSON,I0040,0-NONE,1,400208164,Along Roadway,2025,1736899200000,2230,Suspected Serious Injury,0,1,1,0,2,Vehicle in Transport,"SIDESWIPE, SAME DIR",Clear,Dark-Lighted,Automatic,-86.8312212107589,36.1547065184826
215070,23172,19I0040001,22.682000000000002,NON_JUNCTION,On Roadway,--,DAVIDSON,I0040,0-NONE,1,400207831,Along Roadway,2025,1736899200000,910,Prop Damage (over),0,0,0,0,2,Vehicle in Transport,"SIDESWIPE, SAME DIR",Clear,Daylight,Automatic,-86.7087610319666,36.142457966790126
215356,23458,19I0040001,23.468,NON_JUNCTION,On Roadway,--,DAVIDSON,I0040,0-NONE,1,400209014,Along Roadway,2025,1736899200000,1309,Prop Damage (over),0,0,0,0,2,Vehicle in Transport,REAR-END,Clear,Daylight,Automatic,-86.69491470516328,36.14423013680315
216958,25060,19I0065001,7.07,NON_JUNCTION,On Roadway,--,DAVIDSON,I0065,0-NONE,1,400208044,Along Roadway,2025,1736899200000,1700,Prop Damage (under),0,0,0,0,2,Vehicle in Transport,"SIDESWIPE, SAME DIR",Clear,Dark-Lighted,Automatic,-86.77384479927855,36.13137851178911
219490,27592,19I0440001,1.085,NON_JUNCTION,On Roadway,--,DAVIDSON,I0440,0-NONE,1,400207827,Along Roadway,2025,1736899200000,750,Prop Damage (over),0,0,0,0,2,Vehicle in Transport,"SIDESWIPE, SAME DIR",Clear,Daylight,Automatic,-86.82278285497407,36.142798748949964
219532,27634,19I0440001,2.153,NON_JUNCTION,On Roadway,--,DAVIDSON,I0440,0-NONE,1,400208042,Along Roadway,2025,1736899200000,1711,Prop Damage (over),0,0,0,0,3,Vehicle in Transport,REAR-END,Clear,Dark-Lighted,Automatic,-86.81619672995365,36.12871032641176
219534,27636,19I0440001,2.182,NON_JUNCTION,On Roadway,--,DAVIDSON,I0440,0-NONE,1,400208033,Along Roadway,2025,1736899200000,1711,Prop Damage (over),0,0,0,0,2,Vehicle in Transport,REAR-END,Clear,Dark-Lighted,Automatic,-86.81595475677588,36.128343340454755
220687,28789,19SR001001,18.04,NON_JUNCTION,On Roadway,--,DAVIDSON,SR001,0-NONE,1,400208066,Along Roadway,2025,1736899200000,1820,Prop Damage (over),0,0,0,0,2,Vehicle in Transport,"SIDESWIPE, SAME DIR",Clear,Dark-Lighted,Automatic,-86.77722758966316,36.15389278312791
221269,29371,19SR001001,22.944000000000003,NON_JUNCTION,On Roadway,--,DAVIDSON,SR001,0-NONE,1,400207956,Along Roadway,2025,1736899200000,0,Prop Damage (over),0,0,0,0,4,Vehicle in Transport,REAR-END,Clear,Daylight,Automatic,-86.70196941109343,36.11953880591993
221937,30039,19SR001001,27.623,NON_JUNCTION,On Roadway,--,DAVIDSON,SR001,0-NONE,1,400208059,Along Roadway,2025,1736899200000,1715,Suspected Minor Injury,0,1,0,1,2,Vehicle in Transport,REAR-END,Clear,Dark-Lighted,Automatic,-86.6409205650328,36.076717686590015
223001,31103,19SR001001,32.173,NON_JUNCTION,On Roadway,--,DAVIDSON,SR001,0-NONE,1,400208131,Along Roadway,2025,1736899200000,1820,Prop Damage (over),0,0,0,0,2,Vehicle in Transport,REAR-END,Clear,Dark-Not Lighted,Automatic,-86.58848653866649,36.02649194762227
227772,35874,19SR024001,8.988,NON_JUNCTION,On Roadway,--,DAVIDSON,SR024,0-NONE,1,400208040,Along Roadway,2025,1736899200000,1725,Prop Damage (over),0,0,0,0,2,Vehicle in Transport,REAR-END,Clear,Dark-Lighted,Automatic,-86.84279071640502,36.15215875994851
228002,36104,19SR024001,12.05,NON_JUNCTION,On Roadway,--,DAVIDSON,SR024,0-NONE,1,400208174,Along Roadway,2025,1736899200000,2358,Suspected Minor Injury,0,1,0,1,3,Vehicle in Transport,ANGLE,Clear,Dark-Lighted,Automatic,-86.7915823211446,36.15793256706244
229106,37208,19SR045001,6.914000000000001,NON_JUNCTION,On Roadway,--,DAVIDSON,SR045,0-NONE,1,400208111,Along Roadway,2025,1736899200000,1834,Prop Damage (over),0,0,0,0,2,Vehicle in Transport,REAR-END,Clear,Dark-Lighted,Automatic,-86.71714163800674,36.263659295012005
229514,37616,19SR045001,15.620000000000001,NON_JUNCTION,On Roadway,--,DAVIDSON,SR045,0-NONE,1,400208027,Along Roadway,2025,1736899200000,1646,Possible Injury,0,1,0,1,2,Vehicle in Transport,REAR-END,Clear,Dusk,Automatic,-86.62046403049636,36.1990094539711
230692,38794,19SR112001,0.076,NON_JUNCTION,On Roadway,--,DAVIDSON,SR112,0-NONE,1,400208013,Along Roadway,2025,1736899200000,1634,Suspected Minor Injury,0,1,0,1,2,Vehicle in Transport,ANGLE,Clear,Daylight,Automatic,-86.8380962439384,36.198547888187505
232533,40635,19SR171001,4.284,NON_JUNCTION,On Roadway,--,DAVIDSON,SR171,0-NONE,1,400207954,Along Roadway,2025,1736899200000,1425,Possible Injury,0,3,0,3,2,Vehicle in Transport,REAR-END,Clear,Daylight,Automatic,-86.58779568707229,36.06719952073794
233166,41268,19SR254001,9.284,NON_JUNCTION,On Roadway,--,DAVIDSON,SR254,0-NONE,1,400208110,Along Roadway,2025,1736899200000,1833,Suspected Minor Injury,0,2,0,2,2,Vehicle in Transport,ANGLE,Clear,Dark-Not Lighted,Automatic,-86.75008273137858,36.04132670999114
233167,41269,19SR254001,9.305,NON_JUNCTION,On Roadway,--,DAVIDSON,SR254,0-NONE,1,400207812,Along Roadway,2025,1736899200000,735,Prop Damage (over),0,0,0,0,2,Vehicle in Transport,ANGLE,Clear,Daylight,Automatic,-86.74973728441914,36.041458254179396
233423,41525,19SR254001,11.802000000000001,NON_JUNCTION,On Roadway,--,DAVIDSON,SR254,0-NONE,1,400208125,Along Roadway,2025,1736899200000,0,Suspected Minor Injury,0,2,0,2,2,Vehicle in Transport,ANGLE,Clear,Dark-Lighted,Automatic,-86.71078283421866,36.045578449358786
233627,41729,19SR254001,13.702,NON_JUNCTION,On Roadway,--,DAVIDSON,SR254,0-NONE,1,400208030,Along Roadway,2025,1736899200000,1530,Possible Injury,0,2,0,2,2,Pedestrian,NO COLLISION W/ VEHICLE,Clear,Daylight,Automatic,-86.67897055449494,36.04678250963351
233755,41857,19SR254001,14.313,NON_JUNCTION,On Roadway,--,DAVIDSON,SR254,0-NONE,1,400208028,Along Roadway,2025,1736899200000,1720,Prop Damage (over),0,0,0,0,2,Vehicle in Transport,ANGLE,Clear,Dark-Lighted,Automatic,-86.6683834504291,36.04482558437426
235368,43470,19SR265001,0.171,NON_JUNCTION,On Roadway,--,DAVIDSON,SR265,0-NONE,1,400207844,Along Roadway,2025,1736899200000,804,Prop Damage (under),0,0,0,0,2,Vehicle in Transport,REAR-END,Clear,Daylight,Automatic,-86.5994402312,36.17253352374784
295479,103583,190B574001,0.403,NON_JUNCTION,Roadside -- Right,--,DAVIDSON,0B574,0-NONE,1,400208238,Along Roadway,2025,1736899200000,1659,Prop Damage (over),0,0,0,0,2,Parked Motor Vehicle,"SIDESWIPE, SAME DIR",Clear,Dusk,Automatic,-86.70469624735355,36.16047167188226
295540,103644,190B763001,0.769,NON_JUNCTION,Roadside -- Right,--,DAVIDSON,0B763,0-NONE,1,400208157,Along Roadway,2025,1736899200000,2245,Suspected Minor Injury,0,1,0,1,2,Parked Motor Vehicle,ANGLE,Clear,Dark-Lighted,Automatic,-86.66635287481287,36.06497000715125
297924,106030,19SR024001,9.555,NON_JUNCTION,Roadside -- Right,--,DAVIDSON,SR024,0-NONE,1,400207896,Along Roadway,2025,1736899200000,1218,Prop Damage (over),0,0,0,0,1,Utility Pole,NO COLLISION W/ VEHICLE,Clear,Daylight,Automatic,-86.83260088185845,36.15250051045591
298305,106411,19SR171001,0.509,NON_JUNCTION,Roadside -- Right,--,DAVIDSON,SR171,0-NONE,1,400207860,Along Roadway,2025,1736899200000,1041,Suspected Minor Injury,0,1,0,1,1,Utility Pole,NO COLLISION W/ VEHICLE,Clear,Daylight,Automatic,-86.61704143726963,36.02082956496454
314452,122562,190E210001,0.5890000000000001,NON_JUNCTION,Outside Trafficway,--,DAVIDSON,0E210,0-NONE,1,400208137,Along Roadway,2025,1736899200000,2113,Prop Damage (over),0,0,0,0,1,Other Fixed Object,NO COLLISION W/ VEHICLE,Clear,Dark-Not Lighted,Automatic,-86.77245579964213,36.16448559186553
318956,127067,1903243001,0.40900000000000003,NON_JUNCTION,15,--,DAVIDSON,03243,0-NONE,1,400208018,Along Roadway,2025,1736899200000,1634,Prop Damage (under),0,0,0,0,2,Parked Motor Vehicle,REAR-END,Clear,Daylight,Automatic,-86.77718507700497,36.16273785388536
318962,127073,1903248001,6.577,NON_JUNCTION,15,--,DAVIDSON,03248,0-NONE,1,400208000,Along Roadway,2025,1736899200000,1639,Prop Damage (over),0,0,0,0,1,Utility Pole,NO COLLISION W/ VEHICLE,Clear,Daylight,Automatic,-86.78880694983846,36.13039890350705
320821,128932,1903248001,6.816000000000001,NON_JUNCTION,OTHER,--,DAVIDSON,03248,0-NONE,1,400207863,Along Roadway,2025,1736899200000,1010,Prop Damage (over),0,0,0,0,2,Parked Motor Vehicle,"SIDESWIPE, SAME DIR",Clear,Daylight,Automatic,-86.78882864161257,36.133850739000685
328092,136204,190B608001,0.007,NON_JUNCTION,--,--,DAVIDSON,0B608,0-NONE,1,400208135,Along Roadway,2025,1736899200000,0,Prop Damage (over),0,0,0,0,2,Vehicle in Transport,ANGLE,Clear,Dark-Lighted,Automatic,-86.69776899548543,36.15027403592455
328284,136396,190B949001,0.468,NON_JUNCTION,--,--,DAVIDSON,0B949,0-NONE,1,400208084,Along Roadway,2025,1736899200000,1638,Prop Damage (over),0,0,0,0,2,Vehicle in Transport,"SIDESWIPE, SAME DIR",Clear,Dusk,Automatic,-86.70594483217718,36.03058359307645
329813,137926,190F338001,0.35600000000000004,NON_JUNCTION,--,--,DAVIDSON,0F338,0-NONE,1,400207974,Along Roadway,2025,1736899200000,1328,Prop Damage (over),0,0,0,0,2,Parked Motor Vehicle,"SIDESWIPE, SAME DIR",Clear,Daylight,Automatic,-86.8156983072611,36.14942175121549
330400,138515,190H099001,0.8340000000000001,NON_JUNCTION,--,--,DAVIDSON,0H099,0-NONE,1,400207833,Along Roadway,2025,1736899200000,816,Prop Damage (over),0,0,0,0,2,Vehicle in Transport,ANGLE,Clear,Daylight,Automatic,-86.70108456740556,36.016080378372
332770,140885,19I0040001,3.248,NON_JUNCTION,--,--,DAVIDSON,I0040,0-NONE,1,400208421,Along Roadway,2025,1736899200000,633,Prop Damage (over),0,0,0,0,2,Vehicle in Transport,REAR-END,Cloudy,Daylight,Automatic,-86.99377744444291,36.07783596346875
333813,141928,19I0040001,20.331,NON_JUNCTION,--,--,DAVIDSON,I0040,0-NONE,1,400208146,Along Roadway,2025,1736899200000,1755,Prop Damage (over),0,0,0,0,2,Vehicle in Transport,"SIDESWIPE, SAME DIR",Clear,Dark-Lighted,Automatic,-86.7471540104341,36.14924269273041
333929,142044,19I0040001,20.576,NON_JUNCTION,--,--,DAVIDSON,I0040,0-NONE,1,400207951,Along Roadway,2025,1736899200000,1430,Prop Damage (over),0,0,0,0,2,Vehicle in Transport,REAR-END,Clear,Daylight,Automatic,-86.74363927159796,36.147068370674944
335092,143207,19I0065001,7.839,NON_JUNCTION,--,--,DAVIDSON,I0065,0-NONE,1,400207949,Along Roadway,2025,1736899200000,1351,Prop Damage (over),0,0,0,0,2,Vehicle in Transport,"SIDESWIPE, SAME DIR",Clear,Daylight,Automatic,-86.77672632906079,36.142235466937855
335452,143567,19I0065001,11.43,NON_JUNCTION,--,--,DAVIDSON,I0065,0-NONE,1,400208050,Along Roadway,2025,1736899200000,1745,Prop Damage (over),0,0,0,0,2,Vehicle in Transport,"SIDESWIPE, SAME DIR",Clear,Dark-Lighted,Automatic,-86.77658060670879,36.202158718405585
335515,143630,19I0065001,11.631,NON_JUNCTION,--,--,DAVIDSON,I0065,0-NONE,1,400207717,Along Roadway,2025,1736899200000,0,Prop Damage (over),0,0,0,0,2,Vehicle in Transport,"SIDESWIPE, SAME DIR",Clear,Dark-Lighted,Automatic,-86.77641712708837,36.20507125496069
335638,143753,19I0065001,12.402000000000001,NON_JUNCTION,--,--,DAVIDSON,I0065,0-NONE,1,400208980,Along Roadway,2025,1736899200000,942,Prop Damage (over),0,0,0,0,2,Vehicle in Transport,REAR-END,Clear,Daylight,Automatic,-86.77504153848297,36.216216669132926
336275,144390,19I0440001,4.573,NON_JUNCTION,--,--,DAVIDSON,I0440,0-NONE,1,400207924,Along Roadway,2025,1736899200000,1302,Prop Damage (over),0,0,0,0,2,Vehicle in Transport,"SIDESWIPE, SAME DIR",Clear,Daylight,Automatic,-86.77993988519317,36.115774310657464
339449,147564,19SR024001,9.539,NON_JUNCTION,--,--,DAVIDSON,SR024,0-NONE,1,400207907,Along Roadway,2025,1736899200000,0,Prop Damage (over),0,0,0,0,1,Utility Pole,NO COLLISION W/ VEHICLE,Clear,Daylight,Automatic,-86.83288479039338,36.1524897196486
340655,148770,19SR106001,8.129,NON_JUNCTION,--,--,DAVIDSON,SR106,0-NONE,1,400207893,Along Roadway,2025,1736899200000,1140,Prop Damage (over),0,0,0,0,2,Vehicle in Transport,"SIDESWIPE, SAME DIR",Clear,Daylight,Automatic,-86.79941110852529,36.1469151776129
342144,150259,19SR255001,1.669,NON_JUNCTION,--,--,DAVIDSON,SR255,0-NONE,1,400207990,Along Roadway,2025,1736899200000,1512,Prop Damage (over),0,0,0,0,3,Vehicle in Transport,ANGLE,Clear,Daylight,Automatic,-86.74523934589482,36.07860534186991
342297,150412,19SR255001,4.644,NON_JUNCTION,--,--,DAVIDSON,SR255,0-NONE,1,400207906,Along Roadway,2025,1736899200000,1248,Prop Damage (over),0,0,0,0,2,Vehicle in Transport,ANGLE,Clear,Daylight,Automatic,-86.69462083409655,36.086769449336735
381826,189944,1901011001,3.035,INTERSECTION,On Roadway,--,DAVIDSON,01011,0-NONE,1,400208145,At an Intersection,2025,1736899200000,1837,Suspected Minor Injury,0,1,0,1,2,Vehicle in Transport,ANGLE,Clear,Dark-Not Lighted,Automatic,-86.63022694839574,36.11206945756226
385107,193225,1904939001,0.194,INTERSECTION,On Roadway,--,DAVIDSON,04939,0-NONE,1,400207905,At an Intersection,2025,1736899200000,1240,Possible Injury,0,1,0,1,1,Pedestrian,NO COLLISION W/ VEHICLE,Clear,Daylight,Automatic,-86.74500020971793,36.183473620442705
387204,195322,19SR001001,16.009,INTERSECTION,On Roadway,--,DAVIDSON,SR001,0-NONE,1,400207941,At an Intersection,2025,1736899200000,1418,Prop Damage (under),0,0,0,0,2,Vehicle in Transport,ANGLE,Clear,Daylight,Automatic,-86.80643635627018,36.14789054607046
387488,195606,19SR001001,17.905,INTERSECTION,On Roadway,--,DAVIDSON,SR001,0-NONE,1,400207763,At an Intersection,2025,1736899200000,720,Prop Damage (under),0,0,0,0,2,Vehicle in Transport,ANGLE,Clear,Daylight,Automatic,-86.7794262928898,36.15453055862358
391143,199261,19SR024001,15.96,INTERSECTION,On Roadway,--,DAVIDSON,SR024,0-NONE,1,400207972,At an Intersection,2025,1736899200000,1504,Suspected Minor Injury,0,2,0,2,3,Vehicle in Transport,ANGLE,Clear,Daylight,Automatic,-86.72155915815496,36.15369155387828
391591,199709,19SR045001,6.07,INTERSECTION,On Roadway,--,DAVIDSON,SR045,0-NONE,1,400208032,At an Intersection,2025,1736899200000,1745,Prop Damage (over),0,0,0,0,2,Vehicle in Transport,ANGLE,Clear,Dark-Lighted,Automatic,-86.73224717424493,36.264496797635076
392287,200405,19SR106001,4.322,INTERSECTION,On Roadway,--,DAVIDSON,SR106,0-NONE,1,400208076,At an Intersection,2025,1736899200000,1850,Suspected Minor Injury,0,2,0,2,2,Vehicle in Transport,ANGLE,Clear,Dark-Lighted,Automatic,-86.82345739967845,36.09746543572177
393180,201298,19SR254001,7.948,INTERSECTION,On Roadway,--,DAVIDSON,SR254,0-NONE,1,400207801,At an Intersection,2025,1736899200000,639,Suspected Minor Injury,0,1,0,1,3,Vehicle in Transport,ANGLE,Clear,Daylight,Automatic,-86.77343528798103,36.04082830835355
393216,201334,19SR254001,8.554,INTERSECTION,On Roadway,--,DAVIDSON,SR254,0-NONE,1,400207976,At an Intersection,2025,1736899200000,1515,Suspected Minor Injury,0,1,0,1,2,Vehicle in Transport,ANGLE,Clear,Daylight,Automatic,-86.76269726323267,36.039723305312094
393262,201380,19SR254001,10.41,INTERSECTION,On Roadway,--,DAVIDSON,SR254,0-NONE,1,400207853,At an Intersection,2025,1736899200000,915,Prop Damage (over),0,0,0,0,2,Vehicle in Transport,ANGLE,Clear,Daylight,Automatic,-86.73093518972446,36.03869230143991
393660,201778,19SR254001,16.69,INTERSECTION,On Roadway,--,DAVIDSON,SR254,0-NONE,1,400207783,At an Intersection,2025,1736899200000,647,Suspected Minor Injury,0,1,0,1,2,Vehicle in Transport,ANGLE,Clear,Daylight,Automatic,-86.63729696924163,36.06335635094793
393774,201892,19SR255001,0.89,INTERSECTION,On Roadway,--,DAVIDSON,SR255,0-NONE,1,400208038,At an Intersection,2025,1736899200000,1734,Prop Damage (over),0,0,0,0,2,Vehicle in Transport,"SIDESWIPE, SAME DIR",Clear,Dusk,Automatic,-86.75832424950048,36.08107139586829
416092,224217,190B878001,1.542,INTERSECTION,--,--,DAVIDSON,0B878,0-NONE,1,400207794,At an Intersection,2025,1736899200000,739,Prop Damage (over),0,0,0,0,2,Vehicle in Transport,ANGLE,Clear,Daylight,Automatic,-86.68436907918026,36.063721354121824
417579,225704,19SR024001,24.44,INTERSECTION,--,--,DAVIDSON,SR024,0-NONE,1,400207769,At an Intersection,2025,1736899200000,654,Prop Damage (over),0,0,0,0,2,Vehicle in Transport,REAR-END,Clear,Daylight,Automatic,-86.60461288010329,36.214618681067456
427454,235580,1904885001,2.625,INTERSECTION RELATED,On Roadway,--,DAVIDSON,04885,0-NONE,1,400207880,At an Intersection,2025,1736899200000,947,Possible Injury,0,1,0,1,2,Vehicle in Transport,REAR-END,Clear,Daylight,Automatic,-86.75540324251784,36.08521240513756
428574,236700,19SR006001,22.34,INTERSECTION RELATED,On Roadway,--,DAVIDSON,SR006,0-NONE,1,400208142,At an Intersection,2025,1736899200000,0,Suspected Minor Injury,0,1,0,1,2,Vehicle in Transport,REAR-END,Clear,Dark-Lighted,Automatic,-86.68155605131268,36.308619892149544
428749,236875,19SR011001,11.15,INTERSECTION RELATED,On Roadway,--,DAVIDSON,SR011,0-NONE,1,400208004,At an Intersection,2025,1736899200000,0,Prop Damage (over),0,0,0,0,2,Vehicle in Transport,"SIDESWIPE, SAME DIR",Clear,Dark-Not Lighted,Automatic,-86.75790535603461,36.132935685906624
429590,237716,19SR155001,28.566000000000003,INTERSECTION RELATED,On Roadway,--,DAVIDSON,SR155,0-NONE,1,400207937,At an Intersection,2025,1736899200000,1350,Prop Damage (over),0,0,0,0,2,Vehicle in Transport,ANGLE,Clear,Daylight,Automatic,-86.85777547650456,36.13780952584432
429949,238075,19SR265001,0.41000000000000003,INTERSECTION RELATED,On Roadway,--,DAVIDSON,SR265,0-NONE,1,400208152,At an Intersection,2025,1736899200000,2113,Prop Damage (over),0,0,0,0,2,Vehicle in Transport,REAR-END,Clear,Dark-Lighted,Automatic,-86.5951428609739,36.17251558846798
438225,246353,1904898001,1.373,INTERSECTION RELATED,15,--,DAVIDSON,04898,0-NONE,1,400207732,At an Intersection,2025,1736899200000,229,Prop Damage (over),0,0,0,0,1,Mail Box,NO COLLISION W/ VEHICLE,Clear,Dark-Lighted,Automatic,-86.8884135506912,36.112232471629596
438640,246768,1903268001,0.084,INTERSECTION RELATED,--,--,DAVIDSON,03268,0-NONE,1,400208006,At an Intersection,2025,1736899200000,1518,Prop Damage (over),0,0,0,0,1,Traffic Signal Support,NO COLLISION W/ VEHICLE,Clear,Daylight,Automatic,-86.77772468350696,36.20783914507735
439388,247516,19SR045001,6.07,INTERSECTION RELATED,--,--,DAVIDSON,SR045,0-NONE,1,400208054,At an Intersection,2025,1736899200000,1800,Prop Damage (over),0,0,0,0,2,Vehicle in Transport,ANGLE,Clear,Dark-Lighted,Automatic,-86.73224717424493,36.264496797635076
445451,253581,19SR012001,6.58,ENTRENCE/EXIT RAMP RELATED,On Roadway,--,DAVIDSON,SR012,0-NONE,1,400208070,Ramp,2025,1736899200000,1839,Suspected Minor Injury,0,1,0,1,2,Vehicle in Transport,REAR-END,Clear,Dark-Lighted,Automatic,-86.87289914675434,36.21013013423705
445611,253741,19SR065001,11.126000000000001,ENTRENCE/EXIT RAMP RELATED,On Roadway,--,DAVIDSON,SR065,0-NONE,1,400207940,Ramp,2025,1736899200000,1410,Suspected Minor Injury,0,2,0,2,2,Vehicle in Transport,REAR-END,Clear,Daylight,Automatic,-86.86879977128923,36.325620505032795
457320,265451,19SR011001,2.704,9,--,--,DAVIDSON,SR011,0-NONE,1,400207892,Along Roadway,2025,1736899200000,1155,Prop Damage (over),0,0,0,0,2,Vehicle in Transport,REAR-END,Clear,Daylight,Automatic,-86.71035499975106,36.02033593199304
461870,270004,190F692001,0.037000000000000005,--,--,--,DAVIDSON,0F692,0-NONE,1,400207922,Along Roadway,2025,1736899200000,1025,Prop Damage (under),0,0,0,0,2,--,--,--,--,Automatic,-86.77175215020473,36.141353456461026
462525,270659,19I0040001,16.615000000000002,--,--,--,DAVIDSON,I0040,0-NONE,1,400208139,Along Roadway,2025,1736899200000,1740,Prop Damage (under),0,0,0,0,2,--,--,--,--,Automatic,-86.7964552977925,36.16814833191311
462616,270750,19I0040001,18.981,--,--,--,DAVIDSON,I0040,0-NONE,1,400208057,Along Roadway,2025,1736899200000,1713,Prop Damage (under),0,0,0,0,2,--,--,--,--,Automatic,-86.76931543509534,36.15114172122021
462842,270976,19I0040001,25.053,--,--,--,DAVIDSON,I0040,0-NONE,1,400208053,Along Roadway,2025,1736899200000,1700,Prop Damage (under),0,0,0,0,2,--,--,--,--,Automatic,-86.66685099935425,36.141252931486676
198742,6839,1904451001,1.346,NON_JUNCTION,On Roadway,--,DAVIDSON,04451,0-NONE,1,400207407,Along Roadway,2025,1736812800000,1059,Possible Injury,0,1,0,1,2,Vehicle in Transport,"SIDESWIPE, SAME DIR",Clear,Daylight,Automatic,-86.6948751266914,36.30760302478453
199329,7427,1904909001,0.201,NON_JUNCTION,On Roadway,--,DAVIDSON,04909,0-NONE,1,400207575,Along Roadway,2025,1736812800000,1619,Suspected Minor Injury,0,1,0,1,2,Vehicle in Transport,REAR-END,Clear,Daylight,Automatic,-86.83085353778442,36.15733283124515
199938,8036,1904932001,0.87,NON_JUNCTION,On Roadway,--,DAVIDSON,04932,0-NONE,1,400207408,Along Roadway,2025,1736812800000,1110,Possible Injury,0,1,0,1,2,Vehicle in Transport,REAR-END,Clear,Daylight,Automatic,-86.73443618057314,36.24919776474232
200082,8180,1904938001,3.74,NON_JUNCTION,On Roadway,--,DAVIDSON,04938,0-NONE,1,400207697,Along Roadway,2025,1736812800000,1815,Possible Injury,0,1,0,1,2,Vehicle in Transport,REAR-END,Clear,Dark-Lighted,Automatic,-86.67969700705038,36.17049921206002
200120,8218,1904939001,0.053000000000000005,NON_JUNCTION,On Roadway,--,DAVIDSON,04939,0-NONE,1,400207464,Along Roadway,2025,1736812800000,1232,Suspected Minor Injury,0,1,0,1,2,Vehicle in Transport,ANGLE,Clear,Daylight,Automatic,-86.74744447404474,36.183730363878304
201279,9377,1905333001,1.677,NON_JUNCTION,On Roadway,--,DAVIDSON,05333,0-NONE,1,400207628,Along Roadway,2025,1736812800000,1714,Suspected Minor Injury,0,1,0,1,3,Vehicle in Transport,REAR-END,Clear,Dark-Lighted,Automatic,-86.76916551007598,36.161853644015565
204866,12964,190E237001,0.435,NON_JUNCTION,On Roadway,--,DAVIDSON,0E237,0-NONE,1,400207432,Along Roadway,2025,1736812800000,1155,Prop Damage (over),0,0,0,0,2,Vehicle in Transport,ANGLE,Clear,Daylight,Automatic,-86.7906738597354,36.17407008889643
205607,13706,190F346001,0.553,NON_JUNCTION,On Roadway,--,DAVIDSON,0F346,0-NONE,1,400207707,Along Roadway,2025,1736812800000,2303,Prop Damage (under),0,0,0,0,2,Vehicle in Transport,"SIDESWIPE, SAME DIR",Clear,Dark-Lighted,Automatic,-86.79616792866968,36.1505937625751
205862,13961,190F619001,0.008,NON_JUNCTION,On Roadway,--,DAVIDSON,0F619,0-NONE,1,400207321,Along Roadway,2025,1736812800000,753,Possible Injury,0,1,0,1,2,Vehicle in Transport,ANGLE,Clear,Daylight,Automatic,-86.75384681821396,36.14609427475448
206253,14354,190G561001,0.7220000000000001,NON_JUNCTION,On Roadway,--,DAVIDSON,0G561,0-NONE,1,400207643,Along Roadway,2025,1736812800000,2000,Suspected Minor Injury,0,3,0,3,2,Vehicle in Transport,ANGLE,Clear,Dark-Lighted,Automatic,-86.61476385796834,36.050404366827664
207113,15215,19I0024001,8.033000000000001,NON_JUNCTION,On Roadway,--,DAVIDSON,I0024,0-NONE,1,400207456,Along Roadway,2025,1736812800000,552,Possible Injury,0,1,0,1,2,Vehicle in Transport,REAR-END,Clear,Dawn,Automatic,-86.80567981834727,36.28250444417325
207977,16079,19I0024001,14.872,NON_JUNCTION,On Roadway,--,DAVIDSON,I0024,0-NONE,1,400207272,Along Roadway,2025,1736812800000,456,Prop Damage (over),0,0,0,0,4,Vehicle in Transport,REAR-END,Clear,Dark-Lighted,Automatic,-86.76495957226444,36.166580331604976
208267,16369,19I0024001,15.277000000000001,NON_JUNCTION,On Roadway,--,DAVIDSON,I0024,0-NONE,1,400207303,Along Roadway,2025,1736812800000,724,Suspected Minor Injury,0,1,0,1,2,Vehicle in Transport,REAR-END,Clear,Daylight,Automatic,-86.76084388788071,36.161776971863446
208450,16552,19I0024001,15.620000000000001,NON_JUNCTION,On Roadway,--,DAVIDSON,I0024,0-NONE,1,400207302,Along Roadway,2025,1736812800000,725,Prop Damage (over),0,0,0,0,2,Vehicle in Transport,REAR-END,Clear,Daylight,Automatic,-86.76036874163069,36.156824702754626
208813,16915,19I0024001,16.551000000000002,NON_JUNCTION,On Roadway,--,DAVIDSON,I0024,0-NONE,1,400207608,Along Roadway,2025,1736812800000,1805,Suspected Minor Injury,0,1,0,1,2,Vehicle in Transport,REAR-END,Clear,Dark-Not Lighted,Automatic,-86.72711317002573,36.13263983257305
209322,17424,19I0024001,18.322,NON_JUNCTION,On Roadway,--,DAVIDSON,I0024,0-NONE,1,400207676,Along Roadway,2025,1736812800000,2040,Prop Damage (over),0,0,0,0,2,Vehicle in Transport,"SIDESWIPE, SAME DIR",Clear,Dark-Lighted,Automatic,-86.72076682228935,36.108212914091105
209820,17922,19I0024001,19.877000000000002,NON_JUNCTION,On Roadway,--,DAVIDSON,I0024,0-NONE,1,400207667,Along Roadway,2025,1736812800000,1700,Possible Injury,0,1,0,1,2,Vehicle in Transport,REAR-END,Clear,Dark-Lighted,Automatic,-86.70373655206875,36.09052235548336
210916,19018,19I0024001,23.715,NON_JUNCTION,On Roadway,--,DAVIDSON,I0024,0-NONE,1,400207285,Along Roadway,2025,1736812800000,636,Suspected Minor Injury,0,1,0,1,2,Vehicle in Transport,REAR-END,Clear,Daylight,Automatic,-86.66224147749462,36.047121777182845
211973,20075,19I0040001,8.027000000000001,NON_JUNCTION,On Roadway,--,DAVIDSON,I0040,0-NONE,1,400207324,Along Roadway,2025,1736812800000,700,Possible Injury,0,2,0,2,3,Vehicle in Transport,REAR-END,Clear,Daylight,Automatic,-86.9246918425238,36.10973834588758
213614,21716,19I0040001,19.754,NON_JUNCTION,On Roadway,--,DAVIDSON,I0040,0-NONE,1,400207500,Along Roadway,2025,1736812800000,1415,Possible Injury,0,1,0,1,3,Vehicle in Transport,ANGLE,Clear,Daylight,Automatic,-86.75629944462493,36.153254507590994
214338,22440,19I0040001,21.111,NON_JUNCTION,On Roadway,--,DAVIDSON,I0040,0-NONE,1,400207477,Along Roadway,2025,1736812800000,827,Prop Damage (over),0,0,0,0,3,Vehicle in Transport,ANGLE,Clear,Daylight,Automatic,-86.73583537135111,36.142464479256454
214831,22933,19I0040001,22.323,NON_JUNCTION,On Roadway,--,DAVIDSON,I0040,0-NONE,1,400207322,Along Roadway,2025,1736812800000,800,Prop Damage (over),0,0,0,0,2,Vehicle in Transport,REAR-END,Clear,Daylight,Automatic,-86.71505087506618,36.14142501149012
214865,22967,19I0040001,22.393,NON_JUNCTION,On Roadway,--,DAVIDSON,I0040,0-NONE,1,400207393,Along Roadway,2025,1736812800000,1010,Possible Injury,0,2,0,2,3,Vehicle in Transport,ANGLE,Clear,Daylight,Automatic,-86.71382444399282,36.14162642421162
214876,22978,19I0040001,22.409000000000002,NON_JUNCTION,On Roadway,--,DAVIDSON,I0040,0-NONE,1,400207586,Along Roadway,2025,1736812800000,1717,Prop Damage (over),0,0,0,0,2,Vehicle in Transport,REAR-END,Clear,Dark-Lighted,Automatic,-86.71354411670237,36.14167246178659
214918,23020,19I0040001,22.411,NON_JUNCTION,On Roadway,--,DAVIDSON,I0040,0-NONE,1,400207606,Along Roadway,2025,1736812800000,1800,Prop Damage (under),0,0,0,0,2,Vehicle in Transport,REAR-END,Clear,Dark-Lighted,Automatic,-86.71350907479496,36.141678216330725
218914,27016,19I0065001,16.392,NON_JUNCTION,On Roadway,--,DAVIDSON,I0065,0-NONE,1,400207287,Along Roadway,2025,1736812800000,613,Suspected Minor Injury,0,2,0,2,2,Vehicle in Transport,"SIDESWIPE, OPP DIR",Clear,Dawn,Automatic,-86.73814797088431,36.26100854741966
219690,27792,19I0440001,4.301,NON_JUNCTION,On Roadway,--,DAVIDSON,I0440,0-NONE,1,400207376,Along Roadway,2025,1736812800000,925,Prop Damage (over),0,0,0,0,2,Vehicle in Transport,REAR-END,Clear,Daylight,Automatic,-86.78480591155844,36.11592861770255
222949,31051,19SR001001,31.715,NON_JUNCTION,On Roadway,--,DAVIDSON,SR001,0-NONE,1,400208011,Along Roadway,2025,1736812800000,2304,Fatal,1,0,0,0,1,Pedestrian,NO COLLISION W/ VEHICLE,Clear,Dark-Not Lighted,Automatic,-86.5939884510907,36.031449246997795
224451,32553,19SR006001,21.267,NON_JUNCTION,On Roadway,--,DAVIDSON,SR006,0-NONE,1,400207634,Along Roadway,2025,1736812800000,1220,Prop Damage (over),0,0,0,0,2,Vehicle in Transport,"SIDESWIPE, SAME DIR",Clear,Daylight,Automatic,-86.69681972952232,36.29955658022385
225614,33716,19SR011001,8.36,NON_JUNCTION,On Roadway,--,DAVIDSON,SR011,0-NONE,1,400207538,Along Roadway,2025,1736812800000,1501,Suspected Minor Injury,0,2,0,2,2,Vehicle in Transport,REAR-END,Clear,Daylight,Automatic,-86.73772869640081,36.09624380163748
232427,40529,19SR171001,2.047,NON_JUNCTION,On Roadway,--,DAVIDSON,SR171,0-NONE,1,400207320,Along Roadway,2025,1736812800000,745,Prop Damage (under),0,0,0,0,2,Vehicle in Transport,ANGLE,Clear,Daylight,Automatic,-86.60879512223381,36.041567335549196
233597,41699,19SR254001,13.446000000000002,NON_JUNCTION,On Roadway,--,DAVIDSON,SR254,0-NONE,1,400207299,Along Roadway,2025,1736812800000,706,Prop Damage (over),0,0,0,0,2,Vehicle in Transport,"SIDESWIPE, SAME DIR",Clear,Daylight,Automatic,-86.68340746076886,36.04651375549469
233912,42014,19SR254001,14.668000000000001,NON_JUNCTION,On Roadway,--,DAVIDSON,SR254,0-NONE,1,400207629,Along Roadway,2025,1736812800000,1839,Prop Damage (over),0,0,0,0,2,Vehicle in Transport,REAR-END,Clear,Dark-Lighted,Automatic,-86.66212717523948,36.044795056031624
234983,43085,19SR255001,4.808,NON_JUNCTION,On Roadway,--,DAVIDSON,SR255,0-NONE,1,400207428,Along Roadway,2025,1736812800000,1121,Prop Damage (over),0,0,0,0,2,Vehicle in Transport,ANGLE,Clear,Daylight,Automatic,-86.69194211538056,36.08755610506675
235292,43394,19SR255001,10.16,NON_JUNCTION,On Roadway,--,DAVIDSON,SR255,0-NONE,1,400207397,Along Roadway,2025,1736812800000,1028,Suspected Minor Injury,0,2,0,2,2,Vehicle in Transport,REAR-END,Clear,Daylight,Automatic,-86.66528082081335,36.15469330343732
298095,106201,19SR065001,9.948,NON_JUNCTION,Roadside -- Right,--,DAVIDSON,SR065,0-NONE,1,400207289,Along Roadway,2025,1736812800000,635,Suspected Serious Injury,0,1,1,0,1,Ditch,NO COLLISION W/ VEHICLE,Clear,Daylight,Automatic,-86.8604565207119,36.312065688970804
313012,121120,190D386001,0.023,NON_JUNCTION,In Parking Lane,--,DAVIDSON,0D386,0-NONE,1,400207396,Along Roadway,2025,1736812800000,0,Prop Damage (over),0,0,0,0,2,Parked Motor Vehicle,UNKNOWN,Unknown,Unknown,Automatic,-86.81182883523658,36.18752204115876
313333,121442,19SR001001,9.838000000000001,NON_JUNCTION,Gore,--,DAVIDSON,SR001,0-NONE,1,400207578,Along Roadway,2025,1736812800000,1728,Suspected Minor Injury,0,1,0,1,1,Ditch,NO COLLISION W/ VEHICLE,Clear,Dark-Not Lighted,Automatic,-86.88772813004387,36.091436641922364
313970,122080,1905333001,1.409,NON_JUNCTION,Outside Trafficway,--,DAVIDSON,05333,0-NONE,1,400207659,Along Roadway,2025,1736812800000,0,Prop Damage (over),0,0,0,0,1,Utility Pole,NO COLLISION W/ VEHICLE,Clear,Dark-Lighted,Automatic,-86.76737522220489,36.16543385979142
318110,126221,19I0040001,23.309,NON_JUNCTION,14,--,DAVIDSON,I0040,0-NONE,1,400207240,Along Roadway,2025,1736812800000,28,Prop Damage (over),0,0,0,0,1,Concrete Traffic Barrier,NO COLLISION W/ VEHICLE,Clear,Dark-Lighted,Automatic,-86.69775320496977,36.1441558223074
319458,127569,19SR006001,10.541,NON_JUNCTION,15,--,DAVIDSON,SR006,0-NONE,1,400207708,Along Roadway,2025,1736812800000,2328,Suspected Minor Injury,0,1,0,1,1,Guardrail Face,NO COLLISION W/ VEHICLE,Clear,Dark-Lighted,Automatic,-86.76573599381503,36.17365541805178
324407,132518,1901011001,6.95,NON_JUNCTION,--,--,DAVIDSON,01011,0-NONE,1,400207314,Along Roadway,2025,1736812800000,0,Prop Damage (over),0,0,0,0,2,Vehicle in Transport,REAR-END,Fog,Dark-Not Lighted,Automatic,-86.61307085679589,36.16347250188704
325655,133767,1903287001,0.5850000000000001,NON_JUNCTION,--,--,DAVIDSON,03287,0-NONE,1,400207625,Along Roadway,2025,1736812800000,1751,Prop Damage (over),0,0,0,0,2,Vehicle in Transport,HEAD-ON,Clear,Dark-Not Lighted,Automatic,-86.60841701734658,36.195909328085904
328704,136816,190D350001,0.04,NON_JUNCTION,--,--,DAVIDSON,0D350,0-NONE,1,400207535,Along Roadway,2025,1736812800000,1542,Prop Damage (over),0,0,0,0,2,Vehicle in Transport,"SIDESWIPE, SAME DIR",Clear,Daylight,Automatic,-86.81518786966932,36.17702216286851
330189,138302,190F753001,0.192,NON_JUNCTION,--,--,DAVIDSON,0F753,0-NONE,1,400207627,Along Roadway,2025,1736812800000,1730,Prop Damage (over),0,0,0,0,2,Vehicle in Transport,REAR-END,Clear,Dusk,Automatic,-86.78067857936936,36.16152186935398
330682,138797,19I0024001,4.087000000000001,NON_JUNCTION,--,--,DAVIDSON,I0024,0-NONE,1,400208787,Along Roadway,2025,1736812800000,829,Prop Damage (over),0,0,0,0,3,Vehicle in Transport,REAR-END,Clear,Daylight,Automatic,-86.84962525639094,36.31992095681828
330807,138922,19I0024001,8.01,NON_JUNCTION,--,--,DAVIDSON,I0024,0-NONE,1,400207305,Along Roadway,2025,1736812800000,615,Prop Damage (over),0,0,0,0,2,Vehicle in Transport,REAR-END,Clear,Daylight,Automatic,-86.80594330986327,36.28276122838621
331206,139321,19I0024001,14.859,NON_JUNCTION,--,--,DAVIDSON,I0024,0-NONE,1,400207367,Along Roadway,2025,1736812800000,845,Prop Damage (over),0,0,0,0,2,Vehicle in Transport,REAR-END,Clear,Daylight,Automatic,-86.76506556976555,36.1667486078001
331331,139446,19I0024001,15.249,NON_JUNCTION,--,--,DAVIDSON,I0024,0-NONE,1,400207340,Along Roadway,2025,1736812800000,750,Prop Damage (over),0,0,0,0,2,Vehicle in Transport,"SIDESWIPE, SAME DIR",Clear,Daylight,Automatic,-86.76103656766469,36.1621515914241
331813,139928,19I0024001,18.511,NON_JUNCTION,--,--,DAVIDSON,I0024,0-NONE,1,400206578,Along Roadway,2025,1736812800000,1541,Prop Damage (over),0,0,0,0,2,Vehicle in Transport,"SIDESWIPE, SAME DIR",Cloudy,Daylight,Automatic,-86.71866335881039,36.10606824045417
332516,140631,19I0024001,24.784000000000002,NON_JUNCTION,--,--,DAVIDSON,I0024,0-NONE,1,400207701,Along Roadway,2025,1736812800000,1615,Prop Damage (over),0,0,0,0,2,Vehicle in Transport,REAR-END,Clear,Daylight,Automatic,-86.64686885414189,36.03791571727459
332887,141002,19I0040001,9.931000000000001,NON_JUNCTION,--,--,DAVIDSON,I0040,0-NONE,1,400207671,Along Roadway,2025,1736812800000,2041,Prop Damage (over),0,0,0,0,2,Vehicle in Transport,"SIDESWIPE, SAME DIR",Clear,Dark-Not Lighted,Automatic,-86.8993135090775,36.129849329123886
335637,143752,19I0065001,12.402000000000001,NON_JUNCTION,--,--,DAVIDSON,I0065,0-NONE,1,400207600,Along Roadway,2025,1736812800000,0,Prop Damage (over),0,0,0,0,2,Vehicle in Transport,"SIDESWIPE, SAME DIR",Clear,Dark-Lighted,Automatic,-86.77504153848297,36.216216669132926
336982,145097,19SR001001,22.001,NON_JUNCTION,--,--,DAVIDSON,SR001,0-NONE,1,400207436,Along Roadway,2025,1736812800000,1032,Prop Damage (over),0,0,0,0,2,Vehicle in Transport,REAR-END,Clear,Daylight,Automatic,-86.71407479930933,36.128991703632856
338344,146459,19SR011001,0.519,NON_JUNCTION,--,--,DAVIDSON,SR011,0-NONE,1,400207584,Along Roadway,2025,1736812800000,1539,Prop Damage (over),0,0,0,0,2,Vehicle in Transport,REAR-END,Clear,Dusk,Automatic,-86.68764425656963,35.99532163185147
342353,150468,19SR255001,4.974,NON_JUNCTION,--,--,DAVIDSON,SR255,0-NONE,1,400207650,Along Roadway,2025,1736812800000,1540,Prop Damage (over),0,0,0,0,2,Vehicle in Transport,REAR-END,Clear,Daylight,Automatic,-86.68949293591164,36.0889515004505
385033,193151,1904932001,0.87,INTERSECTION,On Roadway,--,DAVIDSON,04932,0-NONE,1,400207660,At an Intersection,2025,1736812800000,1953,Suspected Minor Injury,0,1,0,1,2,Vehicle in Transport,ANGLE,Clear,Dark-Lighted,Automatic,-86.73443618057314,36.24919776474232
388548,196666,19SR006001,7.03,INTERSECTION,On Roadway,--,DAVIDSON,SR006,0-NONE,1,400207604,At an Intersection,2025,1736812800000,1730,Prop Damage (over),0,0,0,0,2,Vehicle in Transport,REAR-END,Clear,Dark-Lighted,Automatic,-86.77905629326237,36.134234514195086
389577,197695,19SR011001,7.0200000000000005,INTERSECTION,On Roadway,--,DAVIDSON,SR011,0-NONE,1,400207675,At an Intersection,2025,1736812800000,1840,Suspected Serious Injury,0,1,1,0,3,Vehicle in Transport,ANGLE,Clear,Dark-Lighted,Automatic,-86.72634817521305,36.079583391304006
392249,200367,19SR106001,0.19,INTERSECTION,On Roadway,--,DAVIDSON,SR106,0-NONE,1,400207276,At an Intersection,2025,1736812800000,530,Suspected Serious Injury,0,2,2,0,2,Vehicle in Transport,ANGLE,Clear,Dark-Not Lighted,Automatic,-86.86272249530664,36.04730732751377
393302,201420,19SR254001,11.292,INTERSECTION,On Roadway,--,DAVIDSON,SR254,0-NONE,1,400207448,At an Intersection,2025,1736812800000,1042,Prop Damage (over),0,0,0,0,2,Vehicle in Transport,ANGLE,Clear,Daylight,Automatic,-86.71976516315922,36.045602316167574
415400,223525,1903256001,1.605,INTERSECTION,--,--,DAVIDSON,03256,0-NONE,1,400207371,At an Intersection,2025,1736812800000,710,Prop Damage (over),0,0,0,0,2,Vehicle in Transport,ANGLE,Clear,Daylight,Automatic,-86.80503635431621,36.13801452410001
416779,224904,19SR006001,5.533,INTERSECTION,--,--,DAVIDSON,SR006,0-NONE,1,400207488,At an Intersection,2025,1736812800000,1320,Prop Damage (over),0,0,0,0,2,Vehicle in Transport,ANGLE,Clear,Daylight,Automatic,-86.77337913140882,36.11321540782054
417010,225135,19SR011001,0.16,INTERSECTION,--,--,DAVIDSON,SR011,0-NONE,1,400207441,At an Intersection,2025,1736812800000,1220,Prop Damage (over),0,0,0,0,2,Vehicle in Transport,REAR-END,Clear,Daylight,Automatic,-86.6834950829112,35.99123219430759
429503,237629,19SR112001,1.5,INTERSECTION RELATED,On Roadway,--,DAVIDSON,SR112,0-NONE,1,400207463,At an Intersection,2025,1736812800000,1252,Possible Injury,0,1,0,1,2,Vehicle in Transport,REAR-END,Clear,Daylight,Automatic,-86.83705442220304,36.21851770296286
439569,247697,19SR254001,14.700000000000001,INTERSECTION RELATED,--,--,DAVIDSON,SR254,0-NONE,1,400207354,At an Intersection,2025,1736812800000,832,Prop Damage (over),0,0,0,0,2,Vehicle in Transport,REAR-END,Clear,Daylight,Automatic,-86.66156302690585,36.04476431104796
444456,252586,19I0024001,17.962,ENTRENCE/EXIT RAMP RELATED,On Roadway,--,DAVIDSON,I0024,0-NONE,1,400207388,Ramp,2025,1736812800000,739,Suspected Minor Injury,0,1,0,1,2,Vehicle in Transport,"SIDESWIPE, SAME DIR",Clear,Daylight,Automatic,-86.72371838171699,36.11285224037344
445796,253926,19SR155001,27.503,ENTRENCE/EXIT RAMP RELATED,On Roadway,--,DAVIDSON,SR155,0-NONE,1,400207327,Ramp,2025,1736812800000,814,Prop Damage (over),0,0,0,0,2,Vehicle in Transport,ANGLE,Clear,Daylight,Automatic,-86.85766614297347,36.15302954433318
449159,257289,19I0024001,14.17,ENTRENCE/EXIT RAMP RELATED,--,--,DAVIDSON,I0024,0-NONE,1,400207252,Ramp,2025,1736812800000,300,Prop Damage (over),0,0,0,0,2,Vehicle in Transport,"SIDESWIPE, SAME DIR",Clear,Dark-Lighted,Automatic,-86.77160977456043,36.17520169035076
449784,257914,19SR155001,7.067,ENTRENCE/EXIT RAMP RELATED,--,--,DAVIDSON,SR155,0-NONE,1,400207686,Ramp,2025,1736812800000,0,Prop Damage (over),0,0,0,0,2,Vehicle in Transport,ANGLE,Clear,Dark-Lighted,Automatic,-86.69067972409975,36.152119425641345
449842,257972,19SR171001,0.09,ENTRENCE/EXIT RAMP RELATED,--,--,DAVIDSON,SR171,0-NONE,1,400207344,Ramp,2025,1736812800000,820,Prop Damage (over),0,0,0,0,2,Vehicle in Transport,"SIDESWIPE, SAME DIR",Clear,Daylight,Automatic,-86.62016846147787,36.015528716787415
454405,262536,19SR006001,18.657,"DRIVEWAY, ALLEY ACCESS, ETC.",--,--,DAVIDSON,SR006,0-NONE,1,400207551,Along Roadway,2025,1736812800000,1301,Prop Damage (over),0,0,0,0,2,Vehicle in Transport,REAR TO SIDE,Clear,Daylight,Automatic,-86.71147171162195,36.26430729734776
460436,268568,1903252001,3.41,--,--,--,DAVIDSON,03252,0-NONE,1,400207678,Along Roadway,2025,1736812800000,1930,Prop Damage (under),0,0,0,0,2,--,--,--,--,Automatic,-86.73258117888973,36.21163068213168
461151,269285,190A459001,0.007,--,--,--,DAVIDSON,0A459,0-NONE,1,400207598,Along Roadway,2025,1736812800000,1544,Prop Damage (under),0,0,0,0,2,--,--,--,--,Automatic,-86.727144598448,36.26411243153482
462933,271067,19I0065001,5.2940000000000005,--,--,--,DAVIDSON,I0065,0-NONE,1,400207648,Along Roadway,2025,1736812800000,1807,Prop Damage (under),0,0,0,0,2,--,--,--,--,Automatic,-86.76806312988245,36.1067765333056
195388,3482,1903251001,0.923,NON_JUNCTION,On Roadway,--,DAVIDSON,03251,0-NONE,1,400207011,Along Roadway,2025,1736726400000,1208,Suspected Minor Injury,0,2,0,2,2,Vehicle in Transport,OTHER,Clear,Daylight,Automatic,-86.80794869379456,36.2069706382329
195510,3604,1903252001,0.595,NON_JUNCTION,On Roadway,--,DAVIDSON,03252,0-NONE,1,400206937,Along Roadway,2025,1736726400000,840,Prop Damage (over),0,0,0,0,2,Vehicle in Transport,ANGLE,Clear,Daylight,Automatic,-86.75571710087466,36.17654517314201
208708,16810,19I0024001,16.439,NON_JUNCTION,On Roadway,--,DAVIDSON,I0024,0-NONE,1,400206990,Along Roadway,2025,1736726400000,1005,Possible Injury,0,1,0,1,3,Vehicle in Transport,REAR-END,Clear,Daylight,Automatic,-86.72709284388036,36.134266382358675
208830,16932,19I0024001,16.573,NON_JUNCTION,On Roadway,--,DAVIDSON,I0024,0-NONE,1,400206967,Along Roadway,2025,1736726400000,904,Possible Injury,0,1,0,1,4,Vehicle in Transport,REAR-END,Cloudy,Daylight,Automatic,-86.72711716322354,36.13232032788772
210065,18167,19I0024001,20.546,NON_JUNCTION,On Roadway,--,DAVIDSON,I0024,0-NONE,1,400207126,Along Roadway,2025,1736726400000,1550,Prop Damage (under),0,0,0,0,2,Vehicle in Transport,REAR-END,Clear,Daylight,Automatic,-86.69776683671883,36.082116203896625
210439,18541,19I0024001,21.900000000000002,NON_JUNCTION,On Roadway,--,DAVIDSON,I0024,0-NONE,1,400207233,Along Roadway,2025,1736726400000,2345,Suspected Minor Injury,0,1,0,1,2,Vehicle in Transport,REAR-END,Clear,Dark-Not Lighted,Automatic,-86.68543068583745,36.065312660509086
212219,20321,19I0040001,11.176,NON_JUNCTION,On Roadway,--,DAVIDSON,I0040,0-NONE,1,400207045,Along Roadway,2025,1736726400000,1347,Prop Damage (over),0,0,0,0,2,Vehicle in Transport,REAR-END,Clear,Daylight,Automatic,-86.88287380980833,36.14323769128804
212958,21060,19I0040001,17.662000000000003,NON_JUNCTION,On Roadway,--,DAVIDSON,I0040,0-NONE,1,400207187,Along Roadway,2025,1736726400000,1657,Prop Damage (over),0,0,0,0,2,Vehicle in Transport,REAR-END,Clear,Dusk,Automatic,-86.78872199513128,36.154804064824845
213814,21916,19I0040001,20.177,NON_JUNCTION,On Roadway,--,DAVIDSON,I0040,0-NONE,1,400207084,Along Roadway,2025,1736726400000,1000,Prop Damage (over),0,0,0,0,3,Vehicle in Transport,ANGLE,Clear,Daylight,Automatic,-86.7494896785768,36.150460596664644
214096,22198,19I0040001,20.580000000000002,NON_JUNCTION,On Roadway,--,DAVIDSON,I0040,0-NONE,1,400206938,Along Roadway,2025,1736726400000,805,Prop Damage (over),0,0,0,0,2,Vehicle in Transport,REAR-END,Clear,Daylight,Automatic,-86.74358245035724,36.14703225451875
214325,22427,19I0040001,21.075,NON_JUNCTION,On Roadway,--,DAVIDSON,I0040,0-NONE,1,400206883,Along Roadway,2025,1736726400000,143,Suspected Minor Injury,0,3,0,3,4,Vehicle in Transport,ANGLE,Clear,Dark-Lighted,Automatic,-86.73638090754352,36.14275064756759
220302,28404,19SR001001,14.705,NON_JUNCTION,On Roadway,--,DAVIDSON,SR001,0-NONE,1,400207221,Along Roadway,2025,1736726400000,2142,Suspected Minor Injury,0,1,0,1,2,Vehicle in Transport,ANGLE,Clear,Dark-Lighted,Automatic,-86.82343554310465,36.13530988172706
220679,28781,19SR001001,17.92,NON_JUNCTION,On Roadway,--,DAVIDSON,SR001,0-NONE,1,400207224,Along Roadway,2025,1736726400000,1830,Prop Damage (over),0,0,0,0,2,Vehicle in Transport,HEAD-ON,Clear,Dark-Lighted,Automatic,-86.77917956599732,36.1546090998044
221534,29636,19SR001001,25.272000000000002,NON_JUNCTION,On Roadway,--,DAVIDSON,SR001,0-NONE,1,400207127,Along Roadway,2025,1736726400000,1645,Possible Injury,0,1,0,1,2,Vehicle in Transport,REAR-END,Clear,Dusk,Automatic,-86.6660369050245,36.102946379784434
223064,31166,19SR006001,3.714,NON_JUNCTION,On Roadway,--,DAVIDSON,SR006,0-NONE,1,400207106,Along Roadway,2025,1736726400000,1549,Suspected Minor Injury,0,1,0,1,3,Vehicle in Transport,ANGLE,Clear,Daylight,Automatic,-86.77189727025754,36.08695536117055
224541,32643,19SR006001,22.031000000000002,NON_JUNCTION,On Roadway,--,DAVIDSON,SR006,0-NONE,1,400207185,Along Roadway,2025,1736726400000,1600,Prop Damage (over),0,0,0,0,2,Vehicle in Transport,ANGLE,Clear,Dusk,Automatic,-86.68631298766415,36.306462073211655
224883,32985,19SR011001,4.71,NON_JUNCTION,On Roadway,--,DAVIDSON,SR011,0-NONE,1,400207174,Along Roadway,2025,1736726400000,1623,Suspected Serious Injury,0,3,1,2,2,Vehicle in Transport,ANGLE,Clear,Daylight,Automatic,-86.7136158124418,36.048674429022626
225628,33730,19SR011001,8.471,NON_JUNCTION,On Roadway,--,DAVIDSON,SR011,0-NONE,1,400206999,Along Roadway,2025,1736726400000,0,Suspected Minor Injury,0,2,0,2,2,Vehicle in Transport,ANGLE,Clear,Daylight,Automatic,-86.7385112026582,36.09774643223044
226988,35090,19SR012001,1.4440000000000002,NON_JUNCTION,On Roadway,--,DAVIDSON,SR012,0-NONE,1,400206945,Along Roadway,2025,1736726400000,912,Possible Injury,0,2,0,2,2,Vehicle in Transport,REAR-END,Cloudy,Daylight,Automatic,-86.79829179537526,36.185870064786386
227226,35328,19SR012001,5.288,NON_JUNCTION,On Roadway,--,DAVIDSON,SR012,0-NONE,1,400209269,Along Roadway,2025,1736726400000,1344,Suspected Minor Injury,0,2,0,2,2,Vehicle in Transport,ANGLE,Clear,Daylight,Automatic,-86.85154891526707,36.20406453167025
227860,35962,19SR024001,10.457,NON_JUNCTION,On Roadway,--,DAVIDSON,SR024,0-NONE,1,400207102,Along Roadway,2025,1736726400000,1545,Prop Damage (over),0,0,0,0,2,Vehicle in Transport,HEAD-ON,Clear,Daylight,Automatic,-86.81669849049558,36.15428452874188
228021,36123,19SR024001,12.265,NON_JUNCTION,On Roadway,--,DAVIDSON,SR024,0-NONE,1,400207115,Along Roadway,2025,1736726400000,1610,Suspected Minor Injury,0,1,0,1,3,Vehicle in Transport,REAR-END,Clear,Daylight,Automatic,-86.78168636906824,36.15907935531521
229611,37713,19SR045001,16.863,NON_JUNCTION,On Roadway,--,DAVIDSON,SR045,0-NONE,1,400207183,Along Roadway,2025,1736726400000,1700,Prop Damage (over),0,0,0,0,2,Vehicle in Transport,ANGLE,Clear,Dark-Lighted,Automatic,-86.61055251068345,36.18341360121045
230008,38110,19SR065001,1.1500000000000001,NON_JUNCTION,On Roadway,--,DAVIDSON,SR065,0-NONE,1,400207074,Along Roadway,2025,1736726400000,1457,Prop Damage (over),0,0,0,0,2,Vehicle in Transport,REAR-END,Clear,Daylight,Automatic,-86.78886852280817,36.20831425109427
233255,41357,19SR254001,10.963000000000001,NON_JUNCTION,On Roadway,--,DAVIDSON,SR254,0-NONE,1,400206935,Along Roadway,2025,1736726400000,717,Prop Damage (under),0,0,0,0,2,Vehicle in Transport,REAR-END,Clear,Daylight,Automatic,-86.72520237355606,36.04442499332331
233956,42058,19SR254001,14.734,NON_JUNCTION,On Roadway,--,DAVIDSON,SR254,0-NONE,1,400206929,Along Roadway,2025,1736726400000,737,Prop Damage (over),0,0,0,0,2,Vehicle in Transport,"SIDESWIPE, SAME DIR",Clear,Daylight,Automatic,-86.66093937801021,36.044745795796786
314952,123063,19SR011001,8.644,NON_JUNCTION,Outside Trafficway,--,DAVIDSON,SR011,0-NONE,1,400207225,Along Roadway,2025,1736726400000,2143,Suspected Minor Injury,0,1,0,1,1,Fire Hydrant,NO COLLISION W/ VEHICLE,Clear,Dark-Lighted,Automatic,-86.7397167142521,36.100088343239236
318001,126112,19I0024001,8.033000000000001,NON_JUNCTION,14,--,DAVIDSON,I0024,0-NONE,1,400209016,Along Roadway,2025,1736726400000,2026,Prop Damage (over),0,0,0,0,1,Ditch,NO COLLISION W/ VEHICLE,Clear,Dark-Not Lighted,Automatic,-86.80567981834727,36.28250444417325
319528,127639,19SR100001,0.036000000000000004,NON_JUNCTION,15,--,DAVIDSON,SR100,0-NONE,1,400206871,Along Roadway,2025,1736726400000,141,Suspected Minor Injury,0,1,0,1,1,Overturn,NO COLLISION W/ VEHICLE,Clear,Dark-Not Lighted,Automatic,-87.04483720574339,36.012924885484374
324227,132338,1901002001,0.8410000000000001,NON_JUNCTION,--,--,DAVIDSON,01002,0-NONE,1,400206944,Along Roadway,2025,1736726400000,748,Prop Damage (over),0,0,0,0,2,Vehicle in Transport,REAR-END,Clear,Daylight,Automatic,-86.8588735038538,36.09584541825939
325691,133803,1903289001,1.947,NON_JUNCTION,--,--,DAVIDSON,03289,0-NONE,1,400207146,Along Roadway,2025,1736726400000,1719,Prop Damage (over),0,0,0,0,2,Vehicle in Transport,ANGLE,Clear,Dusk,Automatic,-86.74368022438885,36.040982183318505
330173,138286,190F751001,0.41300000000000003,NON_JUNCTION,--,--,DAVIDSON,0F751,0-NONE,1,400207119,Along Roadway,2025,1736726400000,0,Prop Damage (over),0,0,0,0,2,Vehicle in Transport,REAR-END,Clear,Daylight,Automatic,-86.7863186218267,36.147426356601414
331108,139223,19I0024001,14.438,NON_JUNCTION,--,--,DAVIDSON,I0024,0-NONE,1,400207227,Along Roadway,2025,1736726400000,2207,Prop Damage (over),0,0,0,0,1,Other Object (not fixed),NO COLLISION W/ VEHICLE,Clear,Dark-Lighted,Automatic,-86.76877845924375,36.17206045507186
331112,139227,19I0024001,14.455,NON_JUNCTION,--,--,DAVIDSON,I0024,0-NONE,1,400207229,Along Roadway,2025,1736726400000,2230,Prop Damage (over),0,0,0,0,1,Other Object (not fixed),NO COLLISION W/ VEHICLE,Clear,Dark-Lighted,Automatic,-86.768589238596,36.17186676026556
336253,144368,19I0440001,4.061,NON_JUNCTION,--,--,DAVIDSON,I0440,0-NONE,1,400208999,Along Roadway,2025,1736726400000,1811,Prop Damage (over),0,0,0,0,2,Vehicle in Transport,REAR-END,Clear,Dark-Lighted,Automatic,-86.78908625626525,36.11606103096461
336376,144491,19SR001001,5.585,NON_JUNCTION,--,--,DAVIDSON,SR001,0-NONE,1,400207132,Along Roadway,2025,1736726400000,1323,Prop Damage (over),0,0,0,0,2,Vehicle in Transport,REAR-END,Clear,Daylight,Automatic,-86.9544814556761,36.08004604934703
337868,145983,19SR006001,12.195,NON_JUNCTION,--,--,DAVIDSON,SR006,0-NONE,1,400206912,Along Roadway,2025,1736726400000,725,Prop Damage (over),0,0,0,0,2,Vehicle in Transport,REAR-END,Clear,Daylight,Automatic,-86.75268105706323,36.19349108163637
338820,146935,19SR011001,14.525,NON_JUNCTION,--,--,DAVIDSON,SR011,0-NONE,1,400206905,Along Roadway,2025,1736726400000,650,Prop Damage (over),0,0,0,0,2,Vehicle in Transport,REAR-END,Clear,Daylight,Automatic,-86.76979594062175,36.20051320779942
339130,147245,19SR012001,1.957,NON_JUNCTION,--,--,DAVIDSON,SR012,0-NONE,1,400207199,Along Roadway,2025,1736726400000,600,Prop Damage (over),0,0,0,0,4,Vehicle in Transport,REAR-END,Clear,Daylight,Automatic,-86.80061380997216,36.192611589631674
339148,147263,19SR012001,3.403,NON_JUNCTION,--,--,DAVIDSON,SR012,0-NONE,1,400206894,Along Roadway,2025,1736726400000,614,Prop Damage (over),0,0,0,0,2,Vehicle in Transport,"SIDESWIPE, SAME DIR",Clear,Dark-Lighted,Automatic,-86.82426812505449,36.18963592798142
340971,149086,19SR155001,7.974,NON_JUNCTION,--,--,DAVIDSON,SR155,0-NONE,1,400207175,Along Roadway,2025,1736726400000,1751,Prop Damage (over),0,0,0,0,2,Vehicle in Transport,ANGLE,Clear,Dark-Lighted,Automatic,-86.6887907907654,36.164334002328985
341856,149971,19SR254001,13.847000000000001,NON_JUNCTION,--,--,DAVIDSON,SR254,0-NONE,1,400207157,Along Roadway,2025,1736726400000,1821,Prop Damage (over),0,0,0,0,2,Vehicle in Transport,REAR-END,Clear,Dark-Lighted,Automatic,-86.67645986511536,36.04620350166168
341990,150105,19SR254001,15.006,NON_JUNCTION,--,--,DAVIDSON,SR254,0-NONE,1,400207112,Along Roadway,2025,1736726400000,1505,Prop Damage (over),0,0,0,0,2,Vehicle in Transport,ANGLE,Clear,Daylight,Automatic,-86.6567901984223,36.046758307250435
385956,194074,190B327001,1.006,INTERSECTION,On Roadway,--,DAVIDSON,0B327,0-NONE,1,400206913,At an Intersection,2025,1736726400000,640,Prop Damage (over),0,0,0,0,2,Vehicle in Transport,ANGLE,Clear,Daylight,Automatic,-86.66474803640334,36.02521826825472
388154,196272,19SR001001,28.472,INTERSECTION,On Roadway,--,DAVIDSON,SR001,0-NONE,1,400206968,At an Intersection,2025,1736726400000,1000,Suspected Minor Injury,0,1,0,1,2,Vehicle in Transport,ANGLE,Cloudy,Daylight,Automatic,-86.63125795411149,36.06741835951662
416348,224473,19SR001001,5.558,INTERSECTION,--,--,DAVIDSON,SR001,0-NONE,1,400207040,At an Intersection,2025,1736726400000,1240,Prop Damage (over),0,0,0,0,2,Vehicle in Transport,ANGLE,Clear,Daylight,Automatic,-86.95485002989291,36.08026840062499
429335,237461,19SR045001,17.94,INTERSECTION RELATED,On Roadway,--,DAVIDSON,SR045,0-NONE,1,400207228,At an Intersection,2025,1736726400000,1753,Prop Damage (over),0,0,0,0,2,Vehicle in Transport,"SIDESWIPE, SAME DIR",Clear,Dark-Lighted,Automatic,-86.60127287634917,36.17020358323604
429348,237474,19SR065001,0.32,INTERSECTION RELATED,On Roadway,--,DAVIDSON,SR065,0-NONE,1,400206933,At an Intersection,2025,1736726400000,750,Prop Damage (over),0,0,0,0,2,Vehicle in Transport,REAR-END,Cloudy,Dawn,Automatic,-86.77428933068106,36.20640060453223
438555,246683,1903242001,1.7,INTERSECTION RELATED,--,--,DAVIDSON,03242,0-NONE,1,400207173,At an Intersection,2025,1736726400000,1545,Prop Damage (over),0,0,0,0,2,Vehicle in Transport,"SIDESWIPE, SAME DIR",Clear,Daylight,Automatic,-86.78452730456921,36.16130957404126
445662,253792,19SR155001,4.272,ENTRENCE/EXIT RAMP RELATED,On Roadway,--,DAVIDSON,SR155,0-NONE,1,400207056,Ramp,2025,1736726400000,1329,Prop Damage (over),0,0,0,0,2,Vehicle in Transport,ANGLE,Clear,Daylight,Automatic,-86.7014068465248,36.117664402491684
455614,263745,1904946001,1.437,ACCEL/DECEL LANE,On Roadway,--,DAVIDSON,04946,0-NONE,1,400207168,Along Roadway,2025,1736726400000,1610,Suspected Minor Injury,0,3,0,3,2,Vehicle in Transport,ANGLE,Clear,Daylight,Automatic,-86.71905015501932,36.11740947367248
194042,2136,1901008001,3.87,NON_JUNCTION,On Roadway,--,DAVIDSON,01008,0-NONE,1,400206770,Along Roadway,2025,1736640000000,1530,Possible Injury,0,4,0,4,2,Vehicle in Transport,REAR-END,Clear,Daylight,Automatic,-86.62381050293111,35.99817475292538
195558,3652,1903252001,1.107,NON_JUNCTION,On Roadway,--,DAVIDSON,03252,0-NONE,1,400206721,Along Roadway,2025,1736640000000,1148,Prop Damage (over),0,0,0,0,2,Vehicle in Transport,ANGLE,Clear,Daylight,Automatic,-86.74942422086302,36.18133161575182
196051,4145,1903255001,1.8800000000000001,NON_JUNCTION,On Roadway,--,DAVIDSON,03255,0-NONE,1,400206759,Along Roadway,2025,1736640000000,1313,Prop Damage (over),0,0,0,0,2,Vehicle in Transport,REAR-END,Clear,Daylight,Automatic,-86.82375177528594,36.1397944289389
201425,9523,1905502001,0.112,NON_JUNCTION,On Roadway,--,DAVIDSON,05502,0-NONE,1,400206800,Along Roadway,2025,1736640000000,1614,Prop Damage (over),0,0,0,0,2,Vehicle in Transport,"SIDESWIPE, OPP DIR",Clear,Daylight,Automatic,-86.60470948119006,36.21620565447875
204954,13052,190E268001,1.24,NON_JUNCTION,On Roadway,--,DAVIDSON,0E268,0-NONE,1,400206757,Along Roadway,2025,1736640000000,1433,Possible Injury,0,1,0,1,1,Pedestrian,NO COLLISION W/ VEHICLE,Clear,Daylight,Automatic,-86.77430704730011,36.15901588569058
212855,20957,19I0040001,17.07,NON_JUNCTION,On Roadway,--,DAVIDSON,I0040,0-NONE,1,400206626,Along Roadway,2025,1736640000000,220,Prop Damage (over),0,0,0,0,2,Vehicle in Transport,"SIDESWIPE, SAME DIR",Clear,Dark-Lighted,Automatic,-86.79352749693834,36.162188583492316
215409,23511,19I0040001,23.648,NON_JUNCTION,On Roadway,--,DAVIDSON,I0040,0-NONE,1,400206692,Along Roadway,2025,1736640000000,942,Prop Damage (over),0,0,0,0,1,Fire/Explosion,NO COLLISION W/ VEHICLE,Clear,Daylight,Automatic,-86.69172312574156,36.14392413085901
222586,30688,19SR001001,29.995,NON_JUNCTION,On Roadway,--,DAVIDSON,SR001,0-NONE,1,400206789,Along Roadway,2025,1736640000000,1730,Prop Damage (over),0,0,0,0,2,Vehicle in Transport,REAR-END,Clear,Dark-Lighted,Automatic,-86.61439626073805,36.05013132898185
226503,34605,19SR011001,17.647000000000002,NON_JUNCTION,On Roadway,--,DAVIDSON,SR011,0-NONE,1,400206787,Along Roadway,2025,1736640000000,1600,Prop Damage (over),0,0,0,0,2,Vehicle in Transport,"SIDESWIPE, SAME DIR",Clear,Daylight,Automatic,-86.75652887152737,36.24414192561312
228019,36121,19SR024001,12.239,NON_JUNCTION,On Roadway,--,DAVIDSON,SR024,0-NONE,1,400206829,Along Roadway,2025,1736640000000,2015,Prop Damage (over),0,0,0,0,2,Vehicle in Transport,REAR-END,Clear,Dark-Lighted,Automatic,-86.78972920146725,36.155656690335185
283985,92089,190D455001,0.7050000000000001,NON_JUNCTION,Roadside -- Left,--,DAVIDSON,0D455,0-NONE,1,400206781,Along Roadway,2025,1736640000000,1600,Prop Damage (over),0,0,0,0,1,Earth Embankment,NO COLLISION W/ VEHICLE,Clear,Daylight,Automatic,-86.75354271397092,36.381828575453284
284032,92136,190D867001,0.559,NON_JUNCTION,Roadside -- Left,--,DAVIDSON,0D867,0-NONE,1,400206688,Along Roadway,2025,1736640000000,835,Prop Damage (over),0,0,0,0,1,Fence,NO COLLISION W/ VEHICLE,Clear,Daylight,Automatic,-86.71272513326062,36.20258647778489
296009,104113,190D499001,0.266,NON_JUNCTION,Roadside -- Right,--,DAVIDSON,0D499,0-NONE,1,400207845,Along Roadway,2025,1736640000000,0,Prop Damage (over),0,0,0,0,1,Mail Box,NO COLLISION W/ VEHICLE,Clear,--,Automatic,-86.76784578145933,36.24499120033903
314869,122980,19SR001001,2.761,NON_JUNCTION,Outside Trafficway,--,DAVIDSON,SR001,0-NONE,1,400206849,Along Roadway,2025,1736640000000,2220,Prop Damage (over),0,0,0,0,1,Ditch,NO COLLISION W/ VEHICLE,Clear,Dark-Not Lighted,Automatic,-86.99555865032391,36.091717692821994
318057,126168,19I0024001,26.413,NON_JUNCTION,14,--,DAVIDSON,I0024,0-NONE,1,400206645,Along Roadway,2025,1736640000000,526,Prop Damage (over),0,0,0,0,1,Guardrail Face,NO COLLISION W/ VEHICLE,Clear,Dark-Lighted,Automatic,-86.62732072319827,36.02037684327496
319149,127260,190C377001,0.182,NON_JUNCTION,15,--,DAVIDSON,0C377,0-NONE,1,400206836,Along Roadway,2025,1736640000000,2120,Suspected Minor Injury,0,1,0,1,1,Standing Tree,NO COLLISION W/ VEHICLE,Clear,Dark-Lighted,Automatic,-86.69372186015363,36.084836710228814
319211,127322,190E814001,0.222,NON_JUNCTION,15,--,DAVIDSON,0E814,0-NONE,1,400206669,Along Roadway,2025,1736640000000,158,Prop Damage (over),0,0,0,0,1,Standing Tree,NO COLLISION W/ VEHICLE,Snow,Dark-Lighted,Automatic,-86.66530314653923,36.077077854023116
321037,129148,190F296001,0.35300000000000004,NON_JUNCTION,OTHER,--,DAVIDSON,0F296,0-NONE,1,400206778,Along Roadway,2025,1736640000000,1332,Prop Damage (over),0,0,0,0,2,Parked Motor Vehicle,"SIDESWIPE, OPP DIR",Clear,Daylight,Automatic,-86.85089718653715,36.147913371404854
330032,138145,190F624001,0.319,NON_JUNCTION,--,--,DAVIDSON,0F624,0-NONE,1,400206851,Along Roadway,2025,1736640000000,2327,Prop Damage (over),0,0,0,0,2,Parked Motor Vehicle,REAR-END,Clear,Dark-Lighted,Automatic,-86.76099544044114,36.14954948440401
330502,138617,190H927001,0.272,NON_JUNCTION,--,--,DAVIDSON,0H927,0-NONE,1,400206706,Along Roadway,2025,1736640000000,40,Prop Damage (over),0,0,0,0,2,Parked Motor Vehicle,REAR-END,Clear,Dark-Not Lighted,Automatic,-86.64868299473808,36.06993036615144
384504,192622,1904876001,2.222,INTERSECTION,On Roadway,--,DAVIDSON,04876,0-NONE,1,400206723,At an Intersection,2025,1736640000000,1208,Possible Injury,0,1,0,1,2,Vehicle in Transport,ANGLE,Clear,Daylight,Automatic,-86.59166085007455,36.20311465506228
385332,193450,1904961001,0.899,INTERSECTION,On Roadway,--,DAVIDSON,04961,0-NONE,1,400206671,At an Intersection,2025,1736640000000,737,Prop Damage (over),0,0,0,0,2,Vehicle in Transport,HEAD-ON,Clear,Daylight,Automatic,-86.64487698735395,36.06175334708766
386115,194233,190B949001,2.128,INTERSECTION,On Roadway,--,DAVIDSON,0B949,0-NONE,1,400206872,At an Intersection,2025,1736640000000,2240,Suspected Minor Injury,0,1,0,1,2,Vehicle in Transport,REAR-END,Clear,Dark-Lighted,Automatic,-86.68197867803752,36.022782199577165
416032,224157,190A265001,0.447,INTERSECTION,--,--,DAVIDSON,0A265,0-NONE,1,400206815,At an Intersection,2025,1736640000000,1859,Prop Damage (over),0,0,0,0,2,Vehicle in Transport,ANGLE,Clear,Dark-Lighted,Automatic,-86.71568013584829,36.2476397598311
428679,236805,19SR011001,7.0200000000000005,INTERSECTION RELATED,On Roadway,--,DAVIDSON,SR011,0-NONE,1,400206716,At an Intersection,2025,1736640000000,554,Possible Injury,0,1,0,1,2,Vehicle in Transport,REAR-END,Clear,Dawn,Automatic,-86.72634817521305,36.079583391304006
449865,257995,19SR254001,7.487,ENTRENCE/EXIT RAMP RELATED,--,--,DAVIDSON,SR254,0-NONE,1,400206699,Ramp,2025,1736640000000,1023,Prop Damage (over),0,0,0,0,2,Vehicle in Transport,REAR-END,Clear,Daylight,Automatic,-86.78111544089788,36.039857066615994
464654,272788,19SR106001,8.483,--,--,--,DAVIDSON,SR106,0-NONE,1,400206824,Along Roadway,2025,1736640000000,2040,Prop Damage (under),0,0,0,0,2,--,--,--,--,Automatic,-86.79634004054321,36.151159980559456
199019,7117,1904883001,1.82,NON_JUNCTION,On Roadway,--,DAVIDSON,04883,0-NONE,1,400206625,Along Roadway,2025,1736553600000,2248,Possible Injury,0,1,0,1,2,Vehicle in Transport,ANGLE,Clear,Dark-Lighted,Automatic,-86.79505033197707,36.120729485388026
199976,8074,1904933001,1.4260000000000002,NON_JUNCTION,On Roadway,--,DAVIDSON,04933,0-NONE,1,400206593,Along Roadway,2025,1736553600000,1900,Prop Damage (over),0,0,0,0,2,Vehicle in Transport,"SIDESWIPE, OPP DIR",Clear,Dark-Lighted,Automatic,-86.7362909908749,36.24940157152321
200245,8343,1904946001,1.342,NON_JUNCTION,On Roadway,--,DAVIDSON,04946,0-NONE,1,400206561,Along Roadway,2025,1736553600000,1640,Suspected Minor Injury,0,2,0,2,6,Vehicle in Transport,ANGLE,Clear,Dusk,Automatic,-86.71934177048958,36.11604920599983
202419,10517,190B123001,0.0,NON_JUNCTION,On Roadway,--,DAVIDSON,0B123,0-NONE,1,400206581,Along Roadway,2025,1736553600000,1917,Suspected Minor Injury,0,1,0,1,2,Vehicle in Transport,ANGLE,Clear,Dark-Not Lighted,Automatic,-86.60949090258157,36.08838940387626
203372,11470,190B949001,2.103,NON_JUNCTION,On Roadway,--,DAVIDSON,0B949,0-NONE,1,400206683,Along Roadway,2025,1736553600000,0,Prop Damage (over),0,0,0,0,2,Vehicle in Transport,REAR-END,Unknown,Unknown,Automatic,-86.68242176597336,36.022827859277704
205274,13373,190E683001,0.14600000000000002,NON_JUNCTION,On Roadway,--,DAVIDSON,0E683,0-NONE,1,400206636,Along Roadway,2025,1736553600000,1900,Prop Damage (over),0,0,0,0,3,Vehicle in Transport,REAR-END,Clear,Dark-Not Lighted,Automatic,-86.692103120536,36.05609211080869
220758,28860,19SR001001,18.987000000000002,NON_JUNCTION,On Roadway,--,DAVIDSON,SR001,0-NONE,1,400206562,Along Roadway,2025,1736553600000,1300,Prop Damage (over),0,0,0,0,2,Vehicle in Transport,"SIDESWIPE, SAME DIR",Snow,Daylight,Automatic,-86.7615689506096,36.148553364169125
221304,29406,19SR001001,23.27,NON_JUNCTION,On Roadway,--,DAVIDSON,SR001,0-NONE,1,400206621,Along Roadway,2025,1736553600000,2356,Prop Damage (over),0,0,0,0,3,Vehicle in Transport,REAR-END,Clear,Dark-Lighted,Automatic,-86.6976484979444,36.11649816725073
224540,32642,19SR006001,22.03,NON_JUNCTION,On Roadway,--,DAVIDSON,SR006,0-NONE,1,400206565,Along Roadway,2025,1736553600000,1520,Prop Damage (under),0,0,0,0,2,Vehicle in Transport,"SIDESWIPE, SAME DIR",Clear,Daylight,Automatic,-86.68632690494468,36.30645321537473
227678,35780,19SR024001,8.188,NON_JUNCTION,On Roadway,--,DAVIDSON,SR024,0-NONE,1,400206540,Along Roadway,2025,1736553600000,1540,Prop Damage (over),0,0,0,0,2,Vehicle in Transport in other Roadway,ANGLE,Clear,Daylight,Automatic,-86.85690731352979,36.15036354977087
233758,41860,19SR254001,14.314,NON_JUNCTION,On Roadway,--,DAVIDSON,SR254,0-NONE,1,400206574,Along Roadway,2025,1736553600000,1845,Possible Injury,0,3,0,3,2,Vehicle in Transport,ANGLE,Clear,Dark-Lighted,Automatic,-86.66836583632622,36.044826713142264
234843,42945,19SR255001,4.446000000000001,NON_JUNCTION,On Roadway,--,DAVIDSON,SR255,0-NONE,1,400206640,Along Roadway,2025,1736553600000,50,Suspected Serious Injury,0,1,1,0,1,Pedestrian,NO COLLISION W/ VEHICLE,Clear,Dark-Lighted,Automatic,-86.69808224944403,36.08663186627019
235409,43511,19SR386001,0.554,NON_JUNCTION,On Roadway,--,DAVIDSON,SR386,0-NONE,1,400206527,Along Roadway,2025,1736553600000,825,Suspected Minor Injury,0,1,0,1,3,Vehicle in Transport,REAR-END,Cloudy,Daylight,Automatic,-86.70383318804242,36.30550836210162
284293,92397,19I0024001,16.196,NON_JUNCTION,Roadside -- Left,--,DAVIDSON,I0024,0-NONE,1,400206426,Along Roadway,2025,1736553600000,755,Prop Damage (over),0,0,0,0,1,Concrete Traffic Barrier,NO COLLISION W/ VEHICLE,Snow,Daylight,Automatic,-86.72755663510924,36.137749635894096
284509,92613,19I0040001,16.082,NON_JUNCTION,Roadside -- Left,--,DAVIDSON,I0040,0-NONE,1,400206552,Along Roadway,2025,1736553600000,1545,Prop Damage (over),0,0,0,0,1,Earth Embankment,NO COLLISION W/ VEHICLE,Snow,Daylight,Automatic,-86.80326002609294,36.17118494653181
285306,93410,19SR386001,0.465,NON_JUNCTION,Roadside -- Left,--,DAVIDSON,SR386,0-NONE,1,400206451,Along Roadway,2025,1736553600000,826,Prop Damage (over),0,0,0,0,1,Concrete Traffic Barrier,NO COLLISION W/ VEHICLE,Cloudy,Daylight,Automatic,-86.70530715100178,36.30497669263068
285307,93411,19SR386001,0.56,NON_JUNCTION,Roadside -- Left,--,DAVIDSON,SR386,0-NONE,1,400206445,Along Roadway,2025,1736553600000,731,Prop Damage (over),0,0,0,0,1,Concrete Traffic Barrier,NO COLLISION W/ VEHICLE,Snow,Daylight,Automatic,-86.70373079759958,36.30553836962669
294756,102860,1904924001,4.505,NON_JUNCTION,Roadside -- Right,--,DAVIDSON,04924,0-NONE,1,400206456,Along Roadway,2025,1736553600000,1025,Prop Damage (over),0,0,0,0,1,"Other Post, Pole, Supports",NO COLLISION W/ VEHICLE,Snow,Daylight,Automatic,-86.73472018218251,36.229822721873
295470,103574,190B565001,1.351,NON_JUNCTION,Roadside -- Right,--,DAVIDSON,0B565,0-NONE,1,400206429,Along Roadway,2025,1736553600000,743,Prop Damage (over),0,0,0,0,1,Fence,NO COLLISION W/ VEHICLE,Snow,Daylight,Automatic,-86.70273078003586,36.2335775298754
297105,105211,19I0024001,26.595000000000002,NON_JUNCTION,Roadside -- Right,--,DAVIDSON,I0024,0-NONE,1,400206435,Along Roadway,2025,1736553600000,805,Prop Damage (over),0,0,0,0,1,Fence,NO COLLISION W/ VEHICLE,Snow,Daylight,Automatic,-86.62519370475927,36.018376477098
314173,122283,190B611001,0.157,NON_JUNCTION,Outside Trafficway,--,DAVIDSON,0B611,0-NONE,1,400206609,Along Roadway,2025,1736553600000,2323,Prop Damage (over),0,0,0,0,1,Fence,NO COLLISION W/ VEHICLE,Snow,Dark-Not Lighted,Automatic,-86.70165996226368,36.13578683806128
318137,126248,19I0065001,1.582,NON_JUNCTION,14,--,DAVIDSON,I0065,0-NONE,1,400206610,Along Roadway,2025,1736553600000,2321,Possible Injury,0,2,0,2,1,Concrete Traffic Barrier,NO COLLISION W/ VEHICLE,Snow,Dark-Not Lighted,Automatic,-86.77466702405958,36.055717388214084
318154,126265,19I0065001,12.805000000000001,NON_JUNCTION,14,--,DAVIDSON,I0065,0-NONE,1,400206385,Along Roadway,2025,1736553600000,425,Prop Damage (over),0,0,0,0,1,Guardrail Face,NO COLLISION W/ VEHICLE,Snow,Dark-Lighted,Automatic,-86.77359432130446,36.22193150401147
318155,126266,19I0065001,12.91,NON_JUNCTION,14,--,DAVIDSON,I0065,0-NONE,1,400206411,Along Roadway,2025,1736553600000,613,Possible Injury,0,1,0,1,1,Concrete Traffic Barrier,NO COLLISION W/ VEHICLE,Snow,Dark-Lighted,Automatic,-86.77330947195249,36.2234378965544
319022,127133,1904886001,2.258,NON_JUNCTION,15,--,DAVIDSON,04886,0-NONE,1,400206379,Along Roadway,2025,1736553600000,227,Prop Damage (over),0,0,0,0,1,Mail Box,NO COLLISION W/ VEHICLE,Snow,Dark-Lighted,Automatic,-86.72637546615003,36.06475360212107
319336,127447,19I0040001,8.75,NON_JUNCTION,15,--,DAVIDSON,I0040,0-NONE,1,400206514,Along Roadway,2025,1736553600000,1332,Prop Damage (over),0,0,0,0,1,Earth Embankment,NO COLLISION W/ VEHICLE,Snow,Daylight,Automatic,-86.91473441074851,36.11720863741907
319411,127522,19I0065001,13.014000000000001,NON_JUNCTION,15,--,DAVIDSON,I0065,0-NONE,1,400206388,Along Roadway,2025,1736553600000,430,Prop Damage (over),0,0,0,0,1,Jackknife,NO COLLISION W/ VEHICLE,Snow,Dark-Lighted,Automatic,-86.7730399639956,36.224931837839705
319549,127660,19SR155001,7.138,NON_JUNCTION,15,--,DAVIDSON,SR155,0-NONE,1,400206415,Along Roadway,2025,1736553600000,710,Prop Damage (over),0,0,0,0,1,Concrete Traffic Barrier,NO COLLISION W/ VEHICLE,Snow,Dawn,Automatic,-86.6910221354178,36.153108366812106
319585,127696,19SR254001,14.887,NON_JUNCTION,15,--,DAVIDSON,SR254,0-NONE,1,400206613,Along Roadway,2025,1736553600000,2340,Prop Damage (over),0,0,0,0,1,Other Fixed Object,NO COLLISION W/ VEHICLE,Clear,Dark-Lighted,Automatic,-86.65841420791574,36.045560533223274
319598,127709,19SR386001,1.284,NON_JUNCTION,15,--,DAVIDSON,SR386,0-NONE,1,400206418,Along Roadway,2025,1736553600000,720,Prop Damage (over),0,0,0,0,1,Concrete Traffic Barrier,NO COLLISION W/ VEHICLE,Snow,Daylight,Automatic,-86.69121341179589,36.30862428730563
324584,132695,1903241001,0.367,NON_JUNCTION,--,--,DAVIDSON,03241,0-NONE,1,400206515,Along Roadway,2025,1736553600000,1410,Prop Damage (over),0,0,0,0,2,Vehicle in Transport,REAR-END,Clear,Daylight,Automatic,-86.78688437978897,36.163687579282765
329121,137233,190E201001,0.323,NON_JUNCTION,--,--,DAVIDSON,0E201,0-NONE,1,400206756,Along Roadway,2025,1736553600000,0,Prop Damage (over),0,0,0,0,2,Vehicle in Transport,"SIDESWIPE, SAME DIR",Unknown,Dark-Lighted,Automatic,-86.75623432182053,36.17124530737717
330924,139039,19I0024001,12.599,NON_JUNCTION,--,--,DAVIDSON,I0024,0-NONE,1,400206398,Along Roadway,2025,1736553600000,500,Prop Damage (over),0,0,0,0,1,Guardrail Face,NO COLLISION W/ VEHICLE,11,Dark-Lighted,Automatic,-86.77549304131806,36.22384712476961
334853,142968,19I0065001,2.799,NON_JUNCTION,--,--,DAVIDSON,I0065,0-NONE,1,400206373,Along Roadway,2025,1736553600000,123,Prop Damage (over),0,0,0,0,1,Ditch,NO COLLISION W/ VEHICLE,Snow,Dark-Lighted,Automatic,-86.76924152441639,36.0727202169704
336393,144508,19SR001001,5.851,NON_JUNCTION,--,--,DAVIDSON,SR001,0-NONE,1,400206507,Along Roadway,2025,1736553600000,1329,Prop Damage (over),0,0,0,0,2,Vehicle in Transport,ANGLE,Clear,Daylight,Automatic,-86.95029814188696,36.07830256994171
382029,190147,1901952001,1.061,INTERSECTION,On Roadway,--,DAVIDSON,01952,0-NONE,1,400206476,At an Intersection,2025,1736553600000,1210,Suspected Minor Injury,0,1,0,1,2,Vehicle in Transport,ANGLE,Snow,Daylight,Automatic,-86.61378090462158,36.17804560103549
382965,191083,1903252001,4.72,INTERSECTION,On Roadway,--,DAVIDSON,03252,0-NONE,1,400206487,At an Intersection,2025,1736553600000,1250,Prop Damage (over),0,0,0,0,2,Vehicle in Transport,ANGLE,Clear,Daylight,Automatic,-86.72510416011903,36.229137719929156
385219,193337,1904954001,0.223,INTERSECTION,On Roadway,--,DAVIDSON,04954,0-NONE,1,400206555,At an Intersection,2025,1736553600000,1529,Prop Damage (over),0,0,0,0,2,Vehicle in Transport,ANGLE,Clear,Daylight,Automatic,-86.74565421991676,36.077679388541725
388772,196890,19SR006001,17.32,INTERSECTION,On Roadway,--,DAVIDSON,SR006,0-NONE,1,400206594,At an Intersection,2025,1736553600000,2009,Suspected Minor Injury,0,1,0,1,1,Pedestrian,NO COLLISION W/ VEHICLE,Clear,Dark-Lighted,Automatic,-86.72117414970589,36.24669675811894
392098,200216,19SR065001,0.52,INTERSECTION,On Roadway,--,DAVIDSON,SR065,0-NONE,1,400206478,At an Intersection,2025,1736553600000,1220,Suspected Minor Injury,0,2,0,2,2,Vehicle in Transport,ANGLE,Clear,Daylight,Automatic,-86.77783228514568,36.20664967298601
392393,200511,19SR106001,6.5600000000000005,INTERSECTION,On Roadway,--,DAVIDSON,SR106,0-NONE,1,400206603,At an Intersection,2025,1736553600000,2240,Possible Injury,0,1,0,1,2,Vehicle in Transport,ANGLE,Clear,Dark-Lighted,Automatic,-86.80554535653431,36.125338496374006
444510,252640,19I0024001,23.771,ENTRENCE/EXIT RAMP RELATED,On Roadway,--,DAVIDSON,I0024,0-NONE,1,400206615,Ramp,2025,1736553600000,2339,Prop Damage (over),0,0,0,0,2,Vehicle in Transport,ANGLE,Clear,Dark-Lighted,Automatic,-86.66142568977095,36.04665000701845
445260,253390,19I0440001,7.517,ENTRENCE/EXIT RAMP RELATED,On Roadway,--,DAVIDSON,I0440,0-NONE,1,400206410,Ramp,2025,1736553600000,0,Possible Injury,0,1,0,1,1,Overturn,NO COLLISION W/ VEHICLE,Snow,Dark-Lighted,Automatic,-86.73060603912268,36.12591470619532
452507,260637,19SR254001,13.199,"DRIVEWAY, ALLEY ACCESS, ETC.",On Roadway,--,DAVIDSON,SR254,0-NONE,1,400206572,Along Roadway,2025,1736553600000,1803,Suspected Serious Injury,0,4,1,3,2,Vehicle in Transport,ANGLE,Clear,Dark-Lighted,Automatic,-86.6870560050855,36.044494925907514
455641,263772,19SR001001,22.699,ACCEL/DECEL LANE,On Roadway,--,DAVIDSON,SR001,0-NONE,1,400206605,Along Roadway,2025,1736553600000,1500,Prop Damage (over),0,0,0,0,3,Vehicle in Transport,HEAD-ON,Clear,Daylight,Automatic,-86.70512236753979,36.121988343240425
461029,269163,1904963001,3.7840000000000003,--,--,--,DAVIDSON,04963,0-NONE,1,400206568,Along Roadway,2025,1736553600000,1800,Prop Damage (under),0,0,0,0,2,--,--,--,--,Automatic,-86.62927341670118,36.08951962194087
461600,269734,190E263001,0.49100000000000005,--,--,--,DAVIDSON,0E263,0-NONE,1,400206618,Along Roadway,2025,1736553600000,2339,Prop Damage (under),0,0,0,0,2,--,--,--,--,Automatic,-86.77746386360316,36.16140765247339
194020,2114,1901008001,1.196,NON_JUNCTION,On Roadway,--,DAVIDSON,01008,0-NONE,1,400205954,Along Roadway,2025,1736467200000,850,Suspected Minor Injury,0,1,0,1,2,Vehicle in Transport,HEAD-ON,Snow,Daylight,Automatic,-86.66256564623286,35.991035637083186
198863,6960,1904844001,1.131,NON_JUNCTION,On Roadway,--,DAVIDSON,04844,0-NONE,1,400206294,Along Roadway,2025,1736467200000,1813,Prop Damage (over),0,0,0,0,2,Vehicle in Transport,ANGLE,Snow,Dark-Lighted,Automatic,-86.75749493747388,36.032273509179475
200650,8748,1904958001,3.612,NON_JUNCTION,On Roadway,--,DAVIDSON,04958,0-NONE,1,400206268,Along Roadway,2025,1736467200000,1521,Possible Injury,0,1,0,1,2,Vehicle in Transport,ANGLE,Snow,Daylight,Automatic,-86.62106506289295,36.05260519307866
200721,8819,1904960001,0.7010000000000001,NON_JUNCTION,On Roadway,--,DAVIDSON,04960,0-NONE,1,400205897,Along Roadway,2025,1736467200000,815,Prop Damage (over),0,0,0,0,2,Vehicle in Transport,ANGLE,Snow,Daylight,Automatic,-86.65704329957312,36.0358294367511
200869,8967,1904963001,3.007,NON_JUNCTION,On Roadway,--,DAVIDSON,04963,0-NONE,1,400205875,Along Roadway,2025,1736467200000,757,Prop Damage (over),0,0,0,0,2,Vehicle in Transport,REAR-END,Snow,Daylight,Automatic,-86.64263023564222,36.089455140207185
202413,10511,190B121001,0.001,NON_JUNCTION,On Roadway,--,DAVIDSON,0B121,0-NONE,1,400206321,Along Roadway,2025,1736467200000,2107,Suspected Minor Injury,0,3,0,3,2,Vehicle in Transport,REAR-END,Snow,Dark-Not Lighted,Automatic,-86.61706861956687,36.089272096266484
209565,17667,19I0024001,19.128,NON_JUNCTION,On Roadway,--,DAVIDSON,I0024,0-NONE,1,400206152,Along Roadway,2025,1736467200000,1803,Prop Damage (over),0,0,0,0,3,Vehicle in Transport,ANGLE,Blowing Snow,Dark-Not Lighted,Automatic,-86.71111509157444,36.099603700258655
215942,24044,19I0040001,26.597,NON_JUNCTION,On Roadway,--,DAVIDSON,I0040,0-NONE,1,400205894,Along Roadway,2025,1736467200000,0,Prop Damage (over),0,0,0,0,2,Vehicle in Transport,OTHER,Blowing Snow,Daylight,Automatic,-86.64173973987346,36.14786476349712
218974,27076,19I0065001,17.043,NON_JUNCTION,On Roadway,--,DAVIDSON,I0065,0-NONE,1,400206032,Along Roadway,2025,1736467200000,1113,Prop Damage (over),0,0,0,0,2,Vehicle in Transport,ANGLE,Snow,Daylight,Automatic,-86.73633785103867,36.270342709103076
219645,27747,19I0440001,4.111,NON_JUNCTION,On Roadway,--,DAVIDSON,I0440,0-NONE,1,400205963,Along Roadway,2025,1736467200000,1010,Prop Damage (under),0,0,0,0,2,Vehicle in Transport,"SIDESWIPE, SAME DIR",Blowing Snow,Daylight,Automatic,-86.78819782403018,36.11603438115061
224716,32818,19SR011001,3.387,NON_JUNCTION,On Roadway,--,DAVIDSON,SR011,0-NONE,1,400206007,Along Roadway,2025,1736467200000,937,Possible Injury,0,1,0,1,2,Vehicle in Transport,HEAD-ON,Snow,Daylight,Automatic,-86.71257256400531,36.029625612316124
225389,33491,19SR011001,7.223000000000001,NON_JUNCTION,On Roadway,--,DAVIDSON,SR011,0-NONE,1,400206330,Along Roadway,2025,1736467200000,2144,Prop Damage (over),0,0,0,0,2,Vehicle in Transport,ANGLE,Snow,Dark-Lighted,Automatic,-86.72719447391742,36.082387396964336
225673,33775,19SR011001,8.781,NON_JUNCTION,On Roadway,--,DAVIDSON,SR011,0-NONE,1,400205804,Along Roadway,2025,1736467200000,208,Prop Damage (over),0,0,0,0,2,Vehicle in Transport,OTHER,Clear,Dark-Lighted,Automatic,-86.74059010803533,36.10180291672993
226827,34929,19SR011701,0.056,NON_JUNCTION,On Roadway,--,DAVIDSON,SR011,7-SOUTHBOUND/ S,1,400205811,Along Roadway,2025,1736467200000,254,Prop Damage (over),0,0,0,0,2,Vehicle in Transport,OTHER,Clear,Dark-Lighted,Automatic,-86.77070807334243,36.15107455125427
230223,38325,19SR065001,15.686,NON_JUNCTION,On Roadway,--,DAVIDSON,SR065,0-NONE,1,400206414,Along Roadway,2025,1736467200000,1509,Suspected Minor Injury,0,1,0,1,2,Vehicle in Transport,HEAD-ON,Blowing Snow,Daylight,Automatic,-86.89710340426942,36.385140550894214
284796,92900,19I0065001,15.738000000000001,NON_JUNCTION,Roadside -- Left,--,DAVIDSON,I0065,0-NONE,1,400205891,Along Roadway,2025,1736467200000,845,Prop Damage (over),0,0,0,0,1,Concrete Traffic Barrier,NO COLLISION W/ VEHICLE,Snow,Daylight,Automatic,-86.7400583930315,36.251786636322784
284835,92939,19I0065001,20.317,NON_JUNCTION,Roadside -- Left,--,DAVIDSON,I0065,0-NONE,1,400205970,Along Roadway,2025,1736467200000,1000,Prop Damage (over),0,0,0,0,1,Concrete Traffic Barrier,NO COLLISION W/ VEHICLE,Snow,Daylight,Automatic,-86.70405780087313,36.30852636624025
285079,93183,19SR065001,15.831000000000001,NON_JUNCTION,Roadside -- Left,--,DAVIDSON,SR065,0-NONE,1,400206465,Along Roadway,2025,1736467200000,1632,Suspected Minor Injury,0,1,0,1,1,Earth Embankment,NO COLLISION W/ VEHICLE,Snow,Daylight,Automatic,-86.89787395872267,36.38714959016617
285315,93419,19SR386001,1.608,NON_JUNCTION,Roadside -- Left,--,DAVIDSON,SR386,0-NONE,1,400205923,Along Roadway,2025,1736467200000,904,Prop Damage (over),0,0,0,0,1,Concrete Traffic Barrier,NO COLLISION W/ VEHICLE,Snow,Daylight,Automatic,-86.68591008892959,36.31062493329969
294537,102641,1904510001,1.864,NON_JUNCTION,Roadside -- Right,--,DAVIDSON,04510,0-NONE,1,400205928,Along Roadway,2025,1736467200000,823,Prop Damage (over),0,0,0,0,1,Utility Pole,NO COLLISION W/ VEHICLE,Snow,Daylight,Automatic,-86.72634752108816,36.20398737490139
296811,104917,190H144001,0.039,NON_JUNCTION,Roadside -- Right,--,DAVIDSON,0H144,0-NONE,1,400206463,Along Roadway,2025,1736467200000,2100,Prop Damage (under),0,0,0,0,2,Parked Motor Vehicle,UNKNOWN,Snow,Unknown,Automatic,-86.66469878179899,36.07741280075502
296963,105069,19I0024001,15.89,NON_JUNCTION,Roadside -- Right,--,DAVIDSON,I0024,0-NONE,1,400207539,Along Roadway,2025,1736467200000,1543,Prop Damage (over),0,0,0,0,1,Other Fixed Object,NO COLLISION W/ VEHICLE,Cloudy,Daylight,Automatic,-86.7316400101647,36.14049881379026
297061,105167,19I0024001,21.740000000000002,NON_JUNCTION,Roadside -- Right,--,DAVIDSON,I0024,0-NONE,1,400206013,Along Roadway,2025,1736467200000,0,Suspected Minor Injury,0,1,0,1,1,Embankment Rock/Stone/Concrete,NO COLLISION W/ VEHICLE,Snow,Daylight,Automatic,-86.68727689727815,36.067088392919764
297300,105406,19I0040001,28.446,NON_JUNCTION,Roadside -- Right,--,DAVIDSON,I0040,0-NONE,1,400205938,Along Roadway,2025,1736467200000,840,Prop Damage (over),0,0,0,0,1,Ditch,NO COLLISION W/ VEHICLE,Snow,Daylight,Automatic,-86.61548025032808,36.16415027506834
298142,106248,19SR106001,5.982,NON_JUNCTION,Roadside -- Right,--,DAVIDSON,SR106,0-NONE,1,400205949,Along Roadway,2025,1736467200000,852,Prop Damage (over),0,0,0,0,1,Ditch,NO COLLISION W/ VEHICLE,Snow,Daylight,Automatic,-86.8100508270124,36.117866787004374
298392,106498,19SR254001,10.153,NON_JUNCTION,Roadside -- Right,--,DAVIDSON,SR254,0-NONE,1,400206033,Along Roadway,2025,1736467200000,1102,Prop Damage (over),0,0,0,0,1,Ditch,NO COLLISION W/ VEHICLE,Snow,Daylight,Automatic,-86.73544845526351,36.03914157197052
313972,122082,1905333001,1.744,NON_JUNCTION,Outside Trafficway,--,DAVIDSON,05333,0-NONE,1,400206452,Along Roadway,2025,1736467200000,1423,Prop Damage (over),0,0,0,0,1,Bridge Rail,NO COLLISION W/ VEHICLE,Snow,Daylight,Automatic,-86.76949127074604,36.16090741120155
314808,122919,19I0040001,27.423000000000002,NON_JUNCTION,Outside Trafficway,--,DAVIDSON,I0040,0-NONE,1,400206006,Along Roadway,2025,1736467200000,1019,Possible Injury,0,1,0,1,2,Earth Embankment,NO COLLISION W/ VEHICLE,Snow,Daylight,Automatic,-86.63001055248695,36.1551407452949
317918,126029,1904171001,0.508,NON_JUNCTION,14,--,DAVIDSON,04171,0-NONE,1,400205829,Along Roadway,2025,1736467200000,0,Prop Damage (over),0,0,0,0,1,Luminaire/Light Support,NO COLLISION W/ VEHICLE,Clear,Dark-Lighted,Automatic,-86.70531246219377,36.25550569889089
318009,126120,19I0024001,12.367,NON_JUNCTION,14,--,DAVIDSON,I0024,0-NONE,1,400206354,Along Roadway,2025,1736467200000,2109,Prop Damage (over),0,0,0,0,1,Concrete Traffic Barrier,NO COLLISION W/ VEHICLE,Snow,Dark-Not Lighted,Automatic,-86.77804438064616,36.226514338869976
318024,126135,19I0024001,16.328,NON_JUNCTION,14,--,DAVIDSON,I0024,0-NONE,1,400206301,Along Roadway,2025,1736467200000,2007,Prop Damage (over),0,0,0,0,1,Wall,NO COLLISION W/ VEHICLE,Snow,Dark-Lighted,Automatic,-86.72708788725193,36.135877858779516
318044,126155,19I0024001,20.876,NON_JUNCTION,14,--,DAVIDSON,I0024,0-NONE,1,400205993,Along Roadway,2025,1736467200000,0,Prop Damage (over),0,0,0,0,1,Concrete Traffic Barrier,NO COLLISION W/ VEHICLE,Snow,Daylight,Automatic,-86.69513704616914,36.07782520065815
318124,126235,19I0040001,26.879,NON_JUNCTION,14,--,DAVIDSON,I0040,0-NONE,1,400206118,Along Roadway,2025,1736467200000,1402,Suspected Minor Injury,0,1,0,1,1,Concrete Traffic Barrier,NO COLLISION W/ VEHICLE,Snow,Daylight,Automatic,-86.63773534409275,36.15034889172511
318134,126245,19I0040001,29.696,NON_JUNCTION,14,--,DAVIDSON,I0040,0-NONE,1,400206281,Along Roadway,2025,1736467200000,1938,Possible Injury,0,2,0,2,1,Concrete Traffic Barrier,NO COLLISION W/ VEHICLE,Blowing Snow,Dark-Not Lighted,Automatic,-86.59517964574259,36.16999513457646
318163,126274,19I0065001,14.923,NON_JUNCTION,14,--,DAVIDSON,I0065,0-NONE,1,400205876,Along Roadway,2025,1736467200000,808,Possible Injury,0,1,0,1,1,Concrete Traffic Barrier,NO COLLISION W/ VEHICLE,Snow,Daylight,Automatic,-86.74912110484651,36.24262598611642
318257,126368,19SR251001,5.603000000000001,NON_JUNCTION,14,--,DAVIDSON,SR251,0-NONE,1,400205893,Along Roadway,2025,1736467200000,809,Prop Damage (over),0,0,0,0,1,Guardrail End,NO COLLISION W/ VEHICLE,Blowing Snow,Daylight,Automatic,-86.95536470443055,36.1397835356513
319023,127134,1904895001,2.652,NON_JUNCTION,15,--,DAVIDSON,04895,0-NONE,1,400206346,Along Roadway,2025,1736467200000,2017,Prop Damage (over),0,0,0,0,1,Ditch,NO COLLISION W/ VEHICLE,Snow,Dark-Lighted,Automatic,-86.92709065701462,36.07245279640104
319386,127497,19I0040001,28.478,NON_JUNCTION,15,--,DAVIDSON,I0040,0-NONE,1,400205965,Along Roadway,2025,1736467200000,0,Prop Damage (over),0,0,0,0,1,Ditch,NO COLLISION W/ VEHICLE,Snow,Daylight,Automatic,-86.61502568413638,36.164432070790255
319487,127598,19SR011001,18.436,NON_JUNCTION,15,--,DAVIDSON,SR011,0-NONE,1,400205785,Along Roadway,2025,1736467200000,58,Suspected Serious Injury,0,1,1,0,1,Utility Pole,NO COLLISION W/ VEHICLE,Clear,Dark-Lighted,Automatic,-86.75782977981845,36.25554260879289
319495,127606,19SR011701,0.9,NON_JUNCTION,15,--,DAVIDSON,SR011,7-SOUTHBOUND/ S,1,400205943,Along Roadway,2025,1736467200000,922,Prop Damage (under),0,0,0,0,1,Utility Pole,NO COLLISION W/ VEHICLE,Snow,Daylight,Automatic,-86.76361347682663,36.14034257799637
319509,127620,19SR024001,17.148,NON_JUNCTION,15,--,DAVIDSON,SR024,0-NONE,1,400205920,Along Roadway,2025,1736467200000,820,Prop Damage (over),0,0,0,0,1,Utility Pole,NO COLLISION W/ VEHICLE,Blowing Snow,Daylight,Automatic,-86.7031232685146,36.160043798635726
319511,127622,19SR024001,17.663,NON_JUNCTION,15,--,DAVIDSON,SR024,0-NONE,1,400205997,Along Roadway,2025,1736467200000,1036,Possible Injury,0,1,0,1,1,Guardrail Face,NO COLLISION W/ VEHICLE,Blowing Snow,Daylight,Automatic,-86.69697309943255,36.16553357868382
321830,129941,19I0440001,2.455,NON_JUNCTION,Unknown,--,DAVIDSON,I0440,0-NONE,1,400205978,Along Roadway,2025,1736467200000,825,Prop Damage (over),0,0,0,0,1,Concrete Traffic Barrier,NO COLLISION W/ VEHICLE,Snow,Daylight,Automatic,-86.81347034897789,36.125002773110815
326482,134594,1904886001,1.747,NON_JUNCTION,--,--,DAVIDSON,04886,0-NONE,1,400206360,Along Roadway,2025,1736467200000,2334,Prop Damage (over),0,0,0,0,1,Ditch,NO COLLISION W/ VEHICLE,Snow,Dark-Lighted,Automatic,-86.73012179110115,36.07029804785095
327986,136098,190B327001,1.499,NON_JUNCTION,--,--,DAVIDSON,0B327,0-NONE,1,400206344,Along Roadway,2025,1736467200000,2246,Prop Damage (over),0,0,0,0,1,Other Fixed Object,NO COLLISION W/ VEHICLE,Snow,Dark-Not Lighted,Automatic,-86.67081368527953,36.02852341356814
331814,139929,19I0024001,18.526,NON_JUNCTION,--,--,DAVIDSON,I0024,0-NONE,1,400205982,Along Roadway,2025,1736467200000,0,Prop Damage (over),0,0,0,0,2,Concrete Traffic Barrier,NO COLLISION W/ VEHICLE,Snow,Daylight,Automatic,-86.71848261740678,36.10590721877859
332171,140286,19I0024001,21.549,NON_JUNCTION,--,--,DAVIDSON,I0024,0-NONE,1,400206329,Along Roadway,2025,1736467200000,2144,Prop Damage (over),0,0,0,0,1,Ditch,NO COLLISION W/ VEHICLE,Snow,Dark-Lighted,Automatic,-86.68946030538672,36.06922158842383
333775,141890,19I0040001,20.19,NON_JUNCTION,--,--,DAVIDSON,I0040,0-NONE,1,400205960,Along Roadway,2025,1736467200000,820,Prop Damage (over),0,0,0,0,2,Vehicle in Transport,"SIDESWIPE, SAME DIR",Snow,Daylight,Automatic,-86.74928549128447,36.15036685457298
334201,142316,19I0040001,22.023,NON_JUNCTION,--,--,DAVIDSON,I0040,0-NONE,1,400207528,Along Roadway,2025,1736467200000,1716,Prop Damage (over),0,0,0,0,1,Guardrail End,NO COLLISION W/ VEHICLE,Blowing Snow,Dark-Lighted,Automatic,-86.72030701228425,36.14056180599824
334421,142536,19I0040001,23.534000000000002,NON_JUNCTION,--,--,DAVIDSON,I0040,0-NONE,1,400205945,Along Roadway,2025,1736467200000,825,Prop Damage (over),0,0,0,0,2,Vehicle in Transport,"SIDESWIPE, SAME DIR",Snow,Daylight,Automatic,-86.69373922092294,36.144158209427744
335929,144044,19I0065001,17.019000000000002,NON_JUNCTION,--,--,DAVIDSON,I0065,0-NONE,1,400205882,Along Roadway,2025,1736467200000,815,Prop Damage (over),0,0,0,0,1,Concrete Traffic Barrier,NO COLLISION W/ VEHICLE,Snow,Daylight,Automatic,-86.7364078294096,36.26999894213866
338451,146566,19SR011001,4.973,NON_JUNCTION,--,--,DAVIDSON,SR011,0-NONE,1,400205898,Along Roadway,2025,1736467200000,841,Prop Damage (over),0,0,0,0,2,Vehicle in Transport,OTHER,Snow,Daylight,Automatic,-86.71451502547055,36.05244692306128
339684,147799,19SR024001,16.973000000000003,NON_JUNCTION,--,--,DAVIDSON,SR024,0-NONE,1,400205904,Along Roadway,2025,1736467200000,0,Prop Damage (over),0,0,0,0,2,Vehicle in Transport,REAR-END,Snow,Daylight,Automatic,-86.70557283218392,36.158477807281024
340377,148492,19SR065001,13.532,NON_JUNCTION,--,--,DAVIDSON,SR065,0-NONE,1,400205980,Along Roadway,2025,1736467200000,824,Prop Damage (over),0,0,0,0,3,Vehicle in Transport,ANGLE,Snow,Daylight,Automatic,-86.88213791381776,36.357235391950375
340427,148542,19SR100001,9.859,NON_JUNCTION,--,--,DAVIDSON,SR100,0-NONE,1,400206351,Along Roadway,2025,1736467200000,2250,Prop Damage (over),0,0,0,0,1,Shrubbery,NO COLLISION W/ VEHICLE,Snow,Dark-Lighted,Automatic,-86.89420821689058,36.072688798845114
340624,148739,19SR106001,7.556,NON_JUNCTION,--,--,DAVIDSON,SR106,0-NONE,1,400206280,Along Roadway,2025,1736467200000,1900,Prop Damage (over),0,0,0,0,2,Vehicle in Transport,UNKNOWN,Snow,Dark-Lighted,Automatic,-86.80057547641995,36.13866572550375
341446,149561,19SR171001,7.26,NON_JUNCTION,--,--,DAVIDSON,SR171,0-NONE,1,400205985,Along Roadway,2025,1736467200000,935,Prop Damage (over),0,0,0,0,1,Earth Embankment,NO COLLISION W/ VEHICLE,Snow,Daylight,Automatic,-86.55326132673771,36.09859291510831
342228,150343,19SR255001,3.942,NON_JUNCTION,--,--,DAVIDSON,SR255,0-NONE,1,400206224,Along Roadway,2025,1736467200000,1524,Prop Damage (over),0,0,0,0,2,Vehicle in Transport,"SIDESWIPE, SAME DIR",Snow,Daylight,Automatic,-86.70646879074779,36.08395443627394
342229,150344,19SR255001,3.942,NON_JUNCTION,--,--,DAVIDSON,SR255,0-NONE,1,400206245,Along Roadway,2025,1736467200000,1530,Prop Damage (over),0,0,0,0,2,Vehicle in Transport,REAR-END,Snow,Daylight,Automatic,-86.70646879074779,36.08395443627394
388325,196443,19SR001001,30.66,INTERSECTION,On Roadway,--,DAVIDSON,SR001,0-NONE,1,400205799,At an Intersection,2025,1736467200000,134,Prop Damage (over),0,0,0,0,2,Vehicle in Transport,ANGLE,Clear,Dark-Lighted,Automatic,-86.6065538993667,36.0428363040548
388326,196444,19SR001001,30.66,INTERSECTION,On Roadway,--,DAVIDSON,SR001,0-NONE,1,400205802,At an Intersection,2025,1736467200000,207,Prop Damage (over),0,0,0,0,2,Vehicle in Transport,REAR-END,Clear,Dark-Lighted,Automatic,-86.6065538993667,36.0428363040548
418106,226231,19SR255001,2.31,INTERSECTION,--,--,DAVIDSON,SR255,0-NONE,1,400205998,At an Intersection,2025,1736467200000,926,Prop Damage (over),0,0,0,0,2,Vehicle in Transport,ANGLE,Snow,Daylight,Automatic,-86.73403619285493,36.07714138663332
438223,246351,1901011001,5.87,INTERSECTION RELATED,15,--,DAVIDSON,01011,0-NONE,1,400205819,At an Intersection,2025,1736467200000,312,Prop Damage (over),0,0,0,0,1,Curb,NO COLLISION W/ VEHICLE,Clear,Dark-Lighted,Automatic,-86.62499793239968,36.15227354539486
438235,246363,19SR155001,28.566000000000003,INTERSECTION RELATED,15,--,DAVIDSON,SR155,0-NONE,1,400206308,At an Intersection,2025,1736467200000,2024,Suspected Minor Injury,0,1,0,1,1,Utility Pole,NO COLLISION W/ VEHICLE,Snow,Dark-Lighted,Automatic,-86.85777547650456,36.13780952584432
448087,256217,19SR155001,6.438000000000001,ENTRENCE/EXIT RAMP RELATED,Roadside -- Left,--,DAVIDSON,SR155,0-NONE,1,400206164,Ramp,2025,1736467200000,0,Suspected Minor Injury,0,1,0,1,1,Concrete Traffic Barrier,NO COLLISION W/ VEHICLE,Snow,Daylight,Automatic,-86.69644972229466,36.14476436468227
448304,256434,19I0024001,16.43,ENTRENCE/EXIT RAMP RELATED,Roadside -- Right,--,DAVIDSON,I0024,0-NONE,1,400206530,Ramp,2025,1736467200000,1652,Prop Damage (over),0,0,0,0,1,Wall,NO COLLISION W/ VEHICLE,Snow,Daylight,Automatic,-86.7270912111048,36.13439708576213
449556,257686,19I0065001,14.471,ENTRENCE/EXIT RAMP RELATED,--,--,DAVIDSON,I0065,0-NONE,1,400205988,Ramp,2025,1736467200000,946,Prop Damage (over),0,0,0,0,2,Vehicle in Transport,REAR-END,Cloudy,Daylight,Automatic,-86.7553788328198,36.238508282771264
463174,271308,19I0440001,2.111,--,--,--,DAVIDSON,I0440,0-NONE,1,400205906,Along Roadway,2025,1736467200000,820,Prop Damage (under),0,0,0,0,1,--,--,--,--,Automatic,-86.81654717331888,36.12924181937812
193922,2016,1901002001,5.1530000000000005,NON_JUNCTION,On Roadway,--,DAVIDSON,01002,0-NONE,1,400205859,Along Roadway,2025,1736380800000,745,Possible Injury,0,1,0,1,5,Vehicle in Transport,REAR-END,Clear,Daylight,Automatic,-86.78330174869026,36.08804805218444
194185,2279,1901011001,1.377,NON_JUNCTION,On Roadway,--,DAVIDSON,01011,0-NONE,1,400205756,Along Roadway,2025,1736380800000,2300,Prop Damage (over),0,0,0,0,1,Other Non-Collision,NO COLLISION W/ VEHICLE,Clear,Dark-Lighted,Automatic,-86.62725200692579,36.08966111985787
196907,5004,1903272001,0.158,NON_JUNCTION,On Roadway,--,DAVIDSON,03272,0-NONE,1,400205643,Along Roadway,2025,1736380800000,1600,Prop Damage (over),0,0,0,0,2,Vehicle in Transport,ANGLE,Clear,Daylight,Automatic,-86.76411949912557,36.17084664507591
197448,5545,1903295001,1.4280000000000002,NON_JUNCTION,On Roadway,--,DAVIDSON,03295,0-NONE,1,400205368,Along Roadway,2025,1736380800000,800,Prop Damage (over),0,0,0,0,2,Vehicle in Transport in other Roadway,ANGLE,Clear,Daylight,Automatic,-86.80737881090828,36.17138785508463
197762,5859,1904167001,2.456,NON_JUNCTION,On Roadway,--,DAVIDSON,04167,0-NONE,1,400205495,Along Roadway,2025,1736380800000,1325,Prop Damage (over),0,0,0,0,1,Deer (Animal),NO COLLISION W/ VEHICLE,Clear,Daylight,Automatic,-86.66897470771414,36.14971818364454
198646,6743,1904435001,1.9220000000000002,NON_JUNCTION,On Roadway,--,DAVIDSON,04435,0-NONE,1,400205582,Along Roadway,2025,1736380800000,1630,Suspected Minor Injury,0,1,0,1,3,Vehicle in Transport,REAR-END,Clear,Dusk,Automatic,-86.81950168890239,36.16260798373449
199351,7449,1904910001,0.004,NON_JUNCTION,On Roadway,--,DAVIDSON,04910,0-NONE,1,400205782,Along Roadway,2025,1736380800000,0,Suspected Serious Injury,0,1,1,0,1,Pedestrian,NO COLLISION W/ VEHICLE,Clear,Dark-Lighted,Automatic,-86.79807574703631,36.14966586107466
205493,13592,190F152001,0.20400000000000001,NON_JUNCTION,On Roadway,--,DAVIDSON,0F152,0-NONE,1,400205377,Along Roadway,2025,1736380800000,820,Suspected Minor Injury,0,2,0,2,2,Vehicle in Transport,REAR-END,Clear,Daylight,Automatic,-86.80285336222877,36.14332724715012
206044,14145,190F749001,0.14800000000000002,NON_JUNCTION,On Roadway,--,DAVIDSON,0F749,0-NONE,1,400205668,Along Roadway,2025,1736380800000,1843,Prop Damage (over),0,0,0,0,2,Vehicle in Transport,"SIDESWIPE, OPP DIR",Clear,Dark-Lighted,Automatic,-86.75967489049293,36.14228917370571
207526,15628,19I0024001,13.484,NON_JUNCTION,On Roadway,--,DAVIDSON,I0024,0-NONE,1,400205536,Along Roadway,2025,1736380800000,1353,Prop Damage (under),0,0,0,0,2,Vehicle in Transport,REAR-END,Clear,Daylight,Automatic,-86.7756740367987,36.18454412517765
209845,17947,19I0024001,19.918,NON_JUNCTION,On Roadway,--,DAVIDSON,I0024,0-NONE,1,400206818,Along Roadway,2025,1736380800000,1533,Possible Injury,0,1,0,1,4,Vehicle in Transport,REAR-END,Clear,Daylight,Automatic,-86.70333265292426,36.090025215781985
210350,18452,19I0024001,21.557000000000002,NON_JUNCTION,On Roadway,--,DAVIDSON,I0024,0-NONE,1,400205538,Along Roadway,2025,1736380800000,1234,Prop Damage (over),0,0,0,0,2,Vehicle in Transport,REAR-END,Clear,Daylight,Automatic,-86.68937282664803,36.06912963132458
211891,19993,19I0040001,5.346,NON_JUNCTION,On Roadway,--,DAVIDSON,I0040,0-NONE,1,400205680,Along Roadway,2025,1736380800000,1714,Prop Damage (over),0,0,0,0,2,Vehicle in Transport,REAR-END,Clear,Dark-Not Lighted,Automatic,-86.95746975854247,36.08061882804104
211893,19995,19I0040001,5.353000000000001,NON_JUNCTION,On Roadway,--,DAVIDSON,I0040,0-NONE,1,400205633,Along Roadway,2025,1736380800000,1726,Possible Injury,0,1,0,1,2,Vehicle in Transport,REAR-END,Clear,Dark-Not Lighted,Automatic,-86.95735668325972,36.0806729326371
212226,20328,19I0040001,11.289,NON_JUNCTION,On Roadway,--,DAVIDSON,I0040,0-NONE,1,400205526,Along Roadway,2025,1736380800000,1503,Prop Damage (over),0,0,0,0,2,Vehicle in Transport,REAR-END,Clear,Daylight,Automatic,-86.88130955841571,36.14439883862919
212354,20456,19I0040001,13.014000000000001,NON_JUNCTION,On Roadway,--,DAVIDSON,I0040,0-NONE,1,400205539,Along Roadway,2025,1736380800000,1454,Possible Injury,0,1,0,1,2,Vehicle in Transport,REAR-END,Clear,Daylight,Automatic,-86.85162539578543,36.15335066997309
212497,20599,19I0040001,14.152000000000001,NON_JUNCTION,On Roadway,--,DAVIDSON,I0040,0-NONE,1,400205328,Along Roadway,2025,1736380800000,731,Suspected Minor Injury,0,2,0,2,5,Vehicle in Transport,REAR-END,Clear,Daylight,Automatic,-86.83044068922752,36.15492529891825
212755,20857,19I0040001,16.475,NON_JUNCTION,On Roadway,--,DAVIDSON,I0040,0-NONE,1,400205470,Along Roadway,2025,1736380800000,1215,Prop Damage (over),0,0,0,0,2,Vehicle in Transport,"SIDESWIPE, SAME DIR",Clear,Daylight,Automatic,-86.7976757993166,36.169879575315406
214614,22716,19I0040001,21.897000000000002,NON_JUNCTION,On Roadway,--,DAVIDSON,I0040,0-NONE,1,400205701,Along Roadway,2025,1736380800000,1719,Prop Damage (over),0,0,0,0,2,Vehicle in Transport,ANGLE,Clear,Dark-Lighted,Automatic,-86.72252423657328,36.14024116138503
214781,22883,19I0040001,22.22,NON_JUNCTION,On Roadway,--,DAVIDSON,I0040,0-NONE,1,400206103,Along Roadway,2025,1736380800000,2318,Prop Damage (over),0,0,0,0,2,Vehicle in Transport,REAR-END,Clear,Dark-Lighted,Automatic,-86.71685548266431,36.141128645627454
215510,23612,19I0040001,23.949,NON_JUNCTION,On Roadway,--,DAVIDSON,I0040,0-NONE,1,400205719,Along Roadway,2025,1736380800000,1752,Suspected Minor Injury,0,1,0,1,3,Vehicle in Transport,REAR-END,Clear,Dark-Lighted,Automatic,-86.6864291400245,36.14314362762865
218706,26808,19I0065001,15.389000000000001,NON_JUNCTION,On Roadway,--,DAVIDSON,I0065,0-NONE,1,400205406,Along Roadway,2025,1736380800000,0,Possible Injury,0,1,0,1,2,Vehicle in Transport,REAR-END,Clear,Dark-Lighted,Automatic,-86.7432759909913,36.247454012391536
218758,26860,19I0065001,15.571000000000002,NON_JUNCTION,On Roadway,--,DAVIDSON,I0065,0-NONE,1,400205631,Along Roadway,2025,1736380800000,1752,Prop Damage (under),0,0,0,0,2,Vehicle in Transport,REAR-END,Clear,Dark-Lighted,Automatic,-86.74149910323028,36.2496615753976
218883,26985,19I0065001,16.302,NON_JUNCTION,On Roadway,--,DAVIDSON,I0065,0-NONE,1,400205354,Along Roadway,2025,1736380800000,811,Prop Damage (over),0,0,0,0,2,Vehicle in Transport,"SIDESWIPE, SAME DIR",Clear,Daylight,Automatic,-86.73822618848806,36.25970482235768
219129,27231,19I0065001,18.405,NON_JUNCTION,On Roadway,--,DAVIDSON,I0065,0-NONE,1,400205283,Along Roadway,2025,1736380800000,653,Prop Damage (over),0,0,0,0,2,Vehicle in Transport,"SIDESWIPE, SAME DIR",Clear,Daylight,Automatic,-86.72583950961216,36.28762611688316
219149,27251,19I0065001,18.466,NON_JUNCTION,On Roadway,--,DAVIDSON,I0065,0-NONE,1,400205408,Along Roadway,2025,1736380800000,1102,Prop Damage (over),0,0,0,0,2,Vehicle in Transport,ANGLE,Clear,Daylight,Automatic,-86.72512880821185,36.28829924254867
219192,27294,19I0065001,18.929000000000002,NON_JUNCTION,On Roadway,--,DAVIDSON,I0065,0-NONE,1,400205295,Along Roadway,2025,1736380800000,650,Suspected Minor Injury,0,1,0,1,4,Vehicle in Transport,ANGLE,Clear,Dawn,Automatic,-86.71935012101545,36.29310131431456
219488,27590,19I0440001,1.078,NON_JUNCTION,On Roadway,--,DAVIDSON,I0440,0-NONE,1,400206023,Along Roadway,2025,1736380800000,1704,Prop Damage (over),0,0,0,0,2,Vehicle in Transport,REAR-END,Clear,Dark-Not Lighted,Automatic,-86.8227649275591,36.1428991293342
220045,28147,19SR001001,7.239000000000001,NON_JUNCTION,On Roadway,--,DAVIDSON,SR001,0-NONE,1,400205630,Along Roadway,2025,1736380800000,1624,Prop Damage (over),0,0,0,0,2,Vehicle in Transport,"SIDESWIPE, OPP DIR",Clear,Daylight,Automatic,-86.92644050584992,36.073858749711654
221136,29238,19SR001001,21.985,NON_JUNCTION,On Roadway,--,DAVIDSON,SR001,0-NONE,1,400205691,Along Roadway,2025,1736380800000,1706,Prop Damage (over),0,0,0,0,2,Vehicle in Transport,REAR-END,Clear,Daylight,Automatic,-86.71428193203153,36.12915294359365
221175,29277,19SR001001,22.201,NON_JUNCTION,On Roadway,--,DAVIDSON,SR001,0-NONE,1,400205311,Along Roadway,2025,1736380800000,703,Prop Damage (over),0,0,0,0,2,Vehicle in Transport,"SIDESWIPE, SAME DIR",Clear,Daylight,Automatic,-86.71146625118156,36.126946838766166
221381,29483,19SR001001,24.051000000000002,NON_JUNCTION,On Roadway,--,DAVIDSON,SR001,0-NONE,1,400205296,Along Roadway,2025,1736380800000,620,Prop Damage (over),0,0,0,0,2,Vehicle in Transport,"SIDESWIPE, SAME DIR",Clear,Dark-Lighted,Automatic,-86.6852040229458,36.11128710730153
221618,29720,19SR001001,26.008000000000003,NON_JUNCTION,On Roadway,--,DAVIDSON,SR001,0-NONE,1,400205755,Along Roadway,2025,1736380800000,2234,Possible Injury,0,2,0,2,2,Vehicle in Transport,"SIDESWIPE, OPP DIR",Clear,Dark-Lighted,Automatic,-86.65572503019114,36.0961957687393
223104,31206,19SR006001,6.166,NON_JUNCTION,On Roadway,--,DAVIDSON,SR006,0-NONE,1,400205412,Along Roadway,2025,1736380800000,1148,Suspected Minor Injury,0,3,0,3,2,Vehicle in Transport,REAR-END,Clear,Daylight,Automatic,-86.77569154658883,36.12218141993279
223181,31283,19SR006001,7.5440000000000005,NON_JUNCTION,On Roadway,--,DAVIDSON,SR006,0-NONE,1,400205451,Along Roadway,2025,1736380800000,1253,Suspected Minor Injury,0,2,0,2,2,Vehicle in Transport,ANGLE,Clear,Daylight,Automatic,-86.77865927756395,36.141639601409175
223323,31425,19SR006001,9.707,NON_JUNCTION,On Roadway,--,DAVIDSON,SR006,0-NONE,1,400205585,Along Roadway,2025,1736380800000,0,Suspected Minor Injury,0,1,0,1,2,Vehicle in Transport,REAR-END,Cloudy,Daylight,Automatic,-86.7777278960914,36.16795609515998
223958,32060,19SR006001,17.807000000000002,NON_JUNCTION,On Roadway,--,DAVIDSON,SR006,0-NONE,1,400205627,Along Roadway,2025,1736380800000,1550,Prop Damage (over),0,0,0,0,2,Vehicle in Transport,"SIDESWIPE, SAME DIR",Clear,Daylight,Automatic,-86.71704035173885,36.252861016360356
225326,33428,19SR011001,7.11,NON_JUNCTION,On Roadway,--,DAVIDSON,SR011,0-NONE,1,400205425,Along Roadway,2025,1736380800000,1118,Prop Damage (over),0,0,0,0,2,Vehicle in Transport,ANGLE,Clear,Daylight,Automatic,-86.72672338104617,36.08082655908618
225711,33813,19SR011001,9.238000000000001,NON_JUNCTION,On Roadway,--,DAVIDSON,SR011,0-NONE,1,400205721,Along Roadway,2025,1736380800000,1745,Suspected Minor Injury,0,1,0,1,2,Vehicle in Transport,ANGLE,Clear,Dark-Lighted,Automatic,-86.74368468856092,36.10792783455018
226020,34122,19SR011001,12.65,NON_JUNCTION,On Roadway,--,DAVIDSON,SR011,0-NONE,1,400205397,Along Roadway,2025,1736380800000,815,Prop Damage (over),0,0,0,0,2,Vehicle in Transport,REAR-END,Clear,Daylight,Automatic,-86.76841519760843,36.17645574486387
226068,34170,19SR011001,13.363000000000001,NON_JUNCTION,On Roadway,--,DAVIDSON,SR011,0-NONE,1,400205511,Along Roadway,2025,1736380800000,920,Prop Damage (over),0,0,0,0,2,Vehicle in Transport,REAR-END,Clear,Daylight,Automatic,-86.77370738218256,36.184472902571194
227693,35795,19SR024001,8.289,NON_JUNCTION,On Roadway,--,DAVIDSON,SR024,0-NONE,1,400205606,Along Roadway,2025,1736380800000,0,Prop Damage (over),0,0,0,0,2,Vehicle in Transport,REAR-END,Clear,Daylight,Automatic,-86.85516946087957,36.15079581269977
227863,35965,19SR024001,10.481,NON_JUNCTION,On Roadway,--,DAVIDSON,SR024,0-NONE,1,400205275,Along Roadway,2025,1736380800000,633,Prop Damage (over),0,0,0,0,3,Vehicle in Transport,REAR-END,Clear,Daylight,Automatic,-86.816277554558,36.15437445071001
228196,36298,19SR024001,15.448,NON_JUNCTION,On Roadway,--,DAVIDSON,SR024,0-NONE,1,400205402,Along Roadway,2025,1736380800000,1014,Prop Damage (over),0,0,0,0,2,Vehicle in Transport,REAR-END,Clear,Daylight,Automatic,-86.730627969145,36.15303766304064
228970,37072,19SR045001,5.245,NON_JUNCTION,On Roadway,--,DAVIDSON,SR045,0-NONE,1,400205628,Along Roadway,2025,1736380800000,1727,Suspected Minor Injury,0,1,0,1,2,Vehicle in Transport,ANGLE,Cloudy,Dark-Lighted,Automatic,-86.74626286062019,36.26738175905482
229055,37157,19SR045001,6.09,NON_JUNCTION,On Roadway,--,DAVIDSON,SR045,0-NONE,1,400205448,Along Roadway,2025,1736380800000,810,Prop Damage (over),0,0,0,0,2,Vehicle in Transport,"SIDESWIPE, SAME DIR",Clear,Daylight,Automatic,-86.73189189574613,36.26452721092735
230257,38359,19SR100001,3.7510000000000003,NON_JUNCTION,On Roadway,--,DAVIDSON,SR100,0-NONE,1,400205549,Along Roadway,2025,1736380800000,1455,Possible Injury,0,1,0,1,2,Vehicle in Transport,REAR-END,Clear,Daylight,Automatic,-86.98610348184184,36.03301301785285
230284,38386,19SR100001,5.795,NON_JUNCTION,On Roadway,--,DAVIDSON,SR100,0-NONE,1,400205667,Along Roadway,2025,1736380800000,1810,Prop Damage (over),0,0,0,0,2,Vehicle in Transport,ANGLE,Clear,Dark-Lighted,Automatic,-86.95502713299844,36.04466349911773
231887,39989,19SR155001,16.586000000000002,NON_JUNCTION,On Roadway,--,DAVIDSON,SR155,0-NONE,1,400205599,Along Roadway,2025,1736380800000,1545,Prop Damage (over),0,0,0,0,1,Thrown or Falling Object,NO COLLISION W/ VEHICLE,Cloudy,Daylight,Automatic,-86.77621265291779,36.23944910091949
232007,40109,19SR155001,22.884,NON_JUNCTION,On Roadway,--,DAVIDSON,SR155,0-NONE,1,400205381,Along Roadway,2025,1736380800000,930,Suspected Serious Injury,0,2,2,0,3,Vehicle in Transport,REAR-END,Clear,Daylight,Automatic,-86.87220276854754,36.211811814349694
232941,41043,19SR254001,4.085,NON_JUNCTION,On Roadway,--,DAVIDSON,SR254,0-NONE,1,400205378,Along Roadway,2025,1736380800000,910,Suspected Minor Injury,0,5,0,5,5,Vehicle in Transport,REAR-END,Clear,Daylight,Automatic,-86.84004254182254,36.04274567670013
233316,41418,19SR254001,11.551,NON_JUNCTION,On Roadway,--,DAVIDSON,SR254,0-NONE,1,400205751,Along Roadway,2025,1736380800000,1900,Prop Damage (over),0,0,0,0,2,Vehicle in Transport,ANGLE,Clear,Dark-Lighted,Automatic,-86.71516538550556,36.04520292748652
233397,41499,19SR254001,11.712,NON_JUNCTION,On Roadway,--,DAVIDSON,SR254,0-NONE,1,400205697,Along Roadway,2025,1736380800000,1740,Prop Damage (under),0,0,0,0,2,Vehicle in Transport,REAR-END,Clear,Dark-Lighted,Automatic,-86.71237514506548,36.04542244841195
233420,41522,19SR254001,11.799000000000001,NON_JUNCTION,On Roadway,--,DAVIDSON,SR254,0-NONE,1,400205449,Along Roadway,2025,1736380800000,1110,Possible Injury,0,1,0,1,2,Vehicle in Transport,ANGLE,Clear,Daylight,Automatic,-86.71083591108703,36.045573249487525
234310,42412,19SR255001,0.41500000000000004,NON_JUNCTION,On Roadway,--,DAVIDSON,SR255,0-NONE,1,400205265,Along Roadway,2025,1736380800000,605,Suspected Minor Injury,0,1,0,1,2,Vehicle in Transport,ANGLE,Clear,Dawn,Automatic,-86.7664348141764,36.08304358075536
235059,43161,19SR255001,5.66,NON_JUNCTION,On Roadway,--,DAVIDSON,SR255,0-NONE,1,400205620,Along Roadway,2025,1736380800000,1719,Suspected Minor Injury,0,1,0,1,2,Vehicle in Transport,ANGLE,Clear,Dark-Lighted,Automatic,-86.67888506330475,36.09279541761425
297304,105410,19I0040001,28.7,NON_JUNCTION,Roadside -- Right,--,DAVIDSON,I0040,0-NONE,1,400205761,Along Roadway,2025,1736380800000,2308,Prop Damage (over),0,0,0,0,1,Ditch,NO COLLISION W/ VEHICLE,Clear,Dark-Not Lighted,Automatic,-86.61187213683331,36.16638699764378
313137,121246,190F682001,0.1,NON_JUNCTION,In Parking Lane,--,DAVIDSON,0F682,0-NONE,1,400205613,Along Roadway,2025,1736380800000,0,Prop Damage (under),0,0,0,0,2,Parked Motor Vehicle,UNKNOWN,Clear,Unknown,Automatic,-86.76630731980185,36.1413780723672
318148,126259,19I0065001,10.609,NON_JUNCTION,14,--,DAVIDSON,I0065,0-NONE,1,400205355,Along Roadway,2025,1736380800000,731,Possible Injury,0,1,0,1,1,Concrete Traffic Barrier,NO COLLISION W/ VEHICLE,Clear,Daylight,Automatic,-86.77888596342395,36.191850337752385
319017,127128,1904877001,0.053000000000000005,NON_JUNCTION,15,--,DAVIDSON,04877,0-NONE,1,400205324,Along Roadway,2025,1736380800000,0,Prop Damage (over),0,0,0,0,2,Parked Motor Vehicle,REAR-END,Unknown,Unknown,Automatic,-86.7498541960688,36.179304638834786
319064,127175,1906061001,1.379,NON_JUNCTION,15,--,DAVIDSON,06061,0-NONE,1,400205737,Along Roadway,2025,1736380800000,0,Prop Damage (over),0,0,0,0,1,Utility Pole,NO COLLISION W/ VEHICLE,Clear,Dark-Lighted,Automatic,-86.60657069935729,36.05009745860806
324461,132572,1901017001,2.079,NON_JUNCTION,--,--,DAVIDSON,01017,0-NONE,1,400205768,Along Roadway,2025,1736380800000,2345,Prop Damage (over),0,0,0,0,1,Ditch,NO COLLISION W/ VEHICLE,Clear,Dark-Lighted,Automatic,-86.69563231120755,36.29309487461434
325352,133464,1903258001,0.23,NON_JUNCTION,--,--,DAVIDSON,03258,0-NONE,1,400205345,Along Roadway,2025,1736380800000,743,Prop Damage (over),0,0,0,0,2,Vehicle in Transport,ANGLE,Clear,Daylight,Automatic,-86.77511955588129,36.177001947807675
326594,134706,1904909001,1.2670000000000001,NON_JUNCTION,--,--,DAVIDSON,04909,0-NONE,1,400205516,Along Roadway,2025,1736380800000,1426,Prop Damage (over),0,0,0,0,2,Vehicle in Transport,ANGLE,Clear,Daylight,Automatic,-86.81239191534533,36.158132795580066
326816,134928,1904933001,2.33,NON_JUNCTION,--,--,DAVIDSON,04933,0-NONE,1,400205578,Along Roadway,2025,1736380800000,1515,Prop Damage (over),0,0,0,0,2,Vehicle in Transport,ANGLE,Clear,Daylight,Automatic,-86.72034214694452,36.24800576143668
327463,135575,190A208001,0.63,NON_JUNCTION,--,--,DAVIDSON,0A208,0-NONE,1,400205742,Along Roadway,2025,1736380800000,1718,Prop Damage (over),0,0,0,0,2,Vehicle in Transport,"SIDESWIPE, OPP DIR",Clear,Dark-Not Lighted,Automatic,-86.84517841761149,36.3354431770628
328124,136236,190B680001,0.21,NON_JUNCTION,--,--,DAVIDSON,0B680,0-NONE,1,400205365,Along Roadway,2025,1736380800000,0,Prop Damage (over),0,0,0,0,2,Vehicle in Transport,OTHER,Clear,Daylight,Automatic,-86.72709217298937,36.11832020027945
328815,136927,190D566001,0.189,NON_JUNCTION,--,--,DAVIDSON,0D566,0-NONE,1,400205727,Along Roadway,2025,1736380800000,2012,Prop Damage (over),0,0,0,0,2,Vehicle in Transport,"SIDESWIPE, OPP DIR",Clear,Dark-Lighted,Automatic,-86.79189478727858,36.217436467824946
328977,137089,190E027001,0.914,NON_JUNCTION,--,--,DAVIDSON,0E027,0-NONE,1,400205444,Along Roadway,2025,1736380800000,1130,Prop Damage (over),0,0,0,0,2,Vehicle in Transport,ANGLE,Clear,Daylight,Automatic,-86.7326239207547,36.19572095608103
330022,138135,190F614001,0.8270000000000001,NON_JUNCTION,--,--,DAVIDSON,0F614,0-NONE,1,400205334,Along Roadway,2025,1736380800000,756,Prop Damage (over),0,0,0,0,2,Parked Motor Vehicle,"SIDESWIPE, OPP DIR",Clear,Daylight,Automatic,-86.76355562723568,36.15232019321757
331503,139618,19I0024001,16.294,NON_JUNCTION,--,--,DAVIDSON,I0024,0-NONE,1,400205607,Along Roadway,2025,1736380800000,1515,Prop Damage (over),0,0,0,0,3,Vehicle in Transport,REAR-END,Clear,Daylight,Automatic,-86.7271453461204,36.1363694494677
331578,139693,19I0024001,16.511,NON_JUNCTION,--,--,DAVIDSON,I0024,0-NONE,1,400205440,Along Roadway,2025,1736380800000,1228,Prop Damage (over),0,0,0,0,2,Vehicle in Transport,REAR-END,Clear,Daylight,Automatic,-86.72710591137985,36.133220747728
333050,141165,19I0040001,13.761000000000001,NON_JUNCTION,--,--,DAVIDSON,I0040,0-NONE,1,400205389,Along Roadway,2025,1736380800000,731,Prop Damage (over),0,0,0,0,2,Vehicle in Transport,REAR-END,Clear,Daylight,Automatic,-86.83762720154131,36.153915506644374
336508,144623,19SR001001,12.985000000000001,NON_JUNCTION,--,--,DAVIDSON,SR001,0-NONE,1,400205663,Along Roadway,2025,1736380800000,1807,Prop Damage (over),0,0,0,0,2,Vehicle in Transport,REAR-END,Clear,Dark-Lighted,Automatic,-86.8499234049372,36.12328423965447
337304,145419,19SR001001,28.114,NON_JUNCTION,--,--,DAVIDSON,SR001,0-NONE,1,400205669,Along Roadway,2025,1736380800000,1621,Prop Damage (over),0,0,0,0,2,Vehicle in Transport,ANGLE,Clear,Daylight,Automatic,-86.63540295960158,36.07119010864444
337908,146023,19SR006001,15.044,NON_JUNCTION,--,--,DAVIDSON,SR006,0-NONE,1,400205589,Along Roadway,2025,1736380800000,1519,Prop Damage (over),0,0,0,0,2,Vehicle in Transport,"SIDESWIPE, SAME DIR",Cloudy,Daylight,Automatic,-86.74661856683124,36.233893635149485
339872,147987,19SR024001,24.536,NON_JUNCTION,--,--,DAVIDSON,SR024,0-NONE,1,400207172,Along Roadway,2025,1736380800000,1710,Prop Damage (over),0,0,0,0,2,Vehicle in Transport,REAR-END,Unknown,Unknown,Automatic,-86.60297728866925,36.21507658774829
339905,148020,19SR024001,25.261000000000003,NON_JUNCTION,--,--,DAVIDSON,SR024,0-NONE,1,400205498,Along Roadway,2025,1736380800000,1328,Prop Damage (over),0,0,0,0,2,Vehicle in Transport,REAR-END,Clear,Daylight,Automatic,-86.5899359424555,36.21506628919488
340977,149092,19SR155001,8.222,NON_JUNCTION,--,--,DAVIDSON,SR155,0-NONE,1,400205316,Along Roadway,2025,1736380800000,615,Prop Damage (over),0,0,0,0,2,Vehicle in Transport,REAR-END,Clear,Dark-Lighted,Automatic,-86.68825376631962,36.167847438832055
385134,193252,1904943001,0.075,INTERSECTION,On Roadway,--,DAVIDSON,04943,0-NONE,1,400205351,At an Intersection,2025,1736380800000,855,Prop Damage (over),0,0,0,0,2,Vehicle in Transport,ANGLE,Cloudy,Daylight,Automatic,-86.74806521789804,36.170979593460075
387561,195679,19SR001001,18.61,INTERSECTION,On Roadway,--,DAVIDSON,SR001,0-NONE,1,400206997,At an Intersection,2025,1736380800000,2326,Suspected Serious Injury,0,3,2,1,2,Vehicle in Transport,ANGLE,Clear,Dark-Lighted,Automatic,-86.76792726618419,36.150729550356154
387762,195880,19SR001001,22.72,INTERSECTION,On Roadway,--,DAVIDSON,SR001,0-NONE,1,400205612,At an Intersection,2025,1736380800000,1658,Prop Damage (over),0,0,0,0,2,Vehicle in Transport,ANGLE,Cloudy,Dusk,Automatic,-86.70485112184376,36.12177648245048
390397,198515,19SR012001,0.644,INTERSECTION,On Roadway,--,DAVIDSON,SR012,0-NONE,1,400205600,At an Intersection,2025,1736380800000,1707,Possible Injury,0,1,0,1,2,Vehicle in Transport,REAR-END,Clear,Dark-Lighted,Automatic,-86.79262532232669,36.1752726049241
390831,198949,19SR024001,10.370000000000001,INTERSECTION,On Roadway,--,DAVIDSON,SR024,0-NONE,1,400205714,At an Intersection,2025,1736380800000,1620,Prop Damage (over),0,0,0,0,2,Vehicle in Transport,ANGLE,Clear,Daylight,Automatic,-86.81822438371485,36.153958559588894
392353,200471,19SR106001,5.986000000000001,INTERSECTION,On Roadway,--,DAVIDSON,SR106,0-NONE,1,400205649,At an Intersection,2025,1736380800000,1754,Suspected Minor Injury,0,1,0,1,2,Vehicle in Transport,ANGLE,Clear,Dark-Lighted,Automatic,-86.81002636681083,36.11792147976636
392852,200970,19SR155001,28.318,INTERSECTION,On Roadway,--,DAVIDSON,SR155,0-NONE,1,400205509,At an Intersection,2025,1736380800000,1448,Prop Damage (over),0,0,0,0,2,Vehicle in Transport,ANGLE,Clear,Daylight,Automatic,-86.85747347643421,36.141364534086584
415993,224118,1905333001,1.3010000000000002,INTERSECTION,--,--,DAVIDSON,05333,0-NONE,1,400205686,At an Intersection,2025,1736380800000,1906,Prop Damage (over),0,0,0,0,2,Vehicle in Transport,ANGLE,Cloudy,Dark-Lighted,Automatic,-86.76577426046387,36.16627958380377
416985,225110,19SR006001,21.04,INTERSECTION,--,--,DAVIDSON,SR006,0-NONE,1,400205413,At an Intersection,2025,1736380800000,1118,Prop Damage (over),0,0,0,0,2,Vehicle in Transport,ANGLE,Clear,Daylight,Automatic,-86.6991570939204,36.296904867342526
426974,235100,1903250001,3.998,INTERSECTION RELATED,On Roadway,--,DAVIDSON,03250,0-NONE,1,400205459,At an Intersection,2025,1736380800000,1215,Prop Damage (over),0,0,0,0,3,Vehicle in Transport,REAR-END,Clear,Daylight,Automatic,-86.78209530278612,36.11026146193604
428175,236301,19SR001001,23.102,INTERSECTION RELATED,On Roadway,--,DAVIDSON,SR001,0-NONE,1,400205499,At an Intersection,2025,1736380800000,1230,Prop Damage (over),0,0,0,0,2,Vehicle in Transport,REAR-END,Clear,Daylight,Automatic,-86.69996163594429,36.11798058669297
437692,245820,19SR045001,13.290000000000001,INTERSECTION RELATED,Roadside -- Right,--,DAVIDSON,SR045,0-NONE,1,400205743,At an Intersection,2025,1736380800000,2134,Suspected Minor Injury,0,2,0,2,1,Overturn,NO COLLISION W/ VEHICLE,Clear,Dark-Lighted,Automatic,-86.62467092541056,36.232317721499975
438669,246797,1903292001,0.655,INTERSECTION RELATED,--,--,DAVIDSON,03292,0-NONE,1,400205732,At an Intersection,2025,1736380800000,1745,Prop Damage (over),0,0,0,0,2,Vehicle in Transport,ANGLE,Clear,Dark-Lighted,Automatic,-86.64021296732135,36.15850256002092
438890,247018,190F023001,0.392,INTERSECTION RELATED,--,--,DAVIDSON,0F023,0-NONE,1,400205597,At an Intersection,2025,1736380800000,0,Prop Damage (over),0,0,0,0,2,Vehicle in Transport,"SIDESWIPE, SAME DIR",Clear,Daylight,Automatic,-86.77923429414665,36.12830550156204
439605,247733,19SR255001,4.79,INTERSECTION RELATED,--,--,DAVIDSON,SR255,0-NONE,1,400205548,At an Intersection,2025,1736380800000,1530,Prop Damage (over),0,0,0,0,2,Vehicle in Transport,"SIDESWIPE, SAME DIR",Clear,Daylight,Automatic,-86.69222509483164,36.08742540652
449431,257561,19I0040001,24.719,ENTRENCE/EXIT RAMP RELATED,--,--,DAVIDSON,I0040,0-NONE,1,400205237,Ramp,2025,1736380800000,26,Prop Damage (over),0,0,0,0,1,Other Traffic Barrier,NO COLLISION W/ VEHICLE,Clear,Dark-Lighted,Automatic,-86.67280163055413,36.14164781921589
454348,262478,190E133001,0.21300000000000002,"DRIVEWAY, ALLEY ACCESS, ETC.",--,--,DAVIDSON,0E133,0-NONE,1,400205400,Along Roadway,2025,1736380800000,1105,Prop Damage (over),0,0,0,0,2,Vehicle in Transport,ANGLE,Clear,Daylight,Automatic,-86.74591017317626,36.18024306095033
460293,268425,1903245001,0.01,--,--,--,DAVIDSON,03245,0-NONE,1,400205437,Along Roadway,2025,1736380800000,1035,Prop Damage (under),0,0,0,0,2,--,--,--,--,Automatic,-86.7882257133976,36.15376515800431
463722,271856,19SR006001,18.068,--,--,--,DAVIDSON,SR006,0-NONE,1,400205337,Along Roadway,2025,1736380800000,0,Prop Damage (under),0,0,0,0,2,--,--,--,--,Automatic,-86.71446174847755,36.25602892268745
463785,271919,19SR006001,21.312,--,--,--,DAVIDSON,SR006,0-NONE,1,400205579,Along Roadway,2025,1736380800000,1340,Prop Damage (under),0,0,0,0,2,--,--,--,--,Automatic,-86.69624472819227,36.29999668940129
463872,272006,19SR011001,5.915,--,--,--,DAVIDSON,SR011,0-NONE,1,400205611,Along Roadway,2025,1736380800000,1648,Prop Damage (under),0,0,0,0,2,--,--,--,--,Automatic,-86.7175700786788,36.06571892258038
197270,5367,1903289001,5.147,NON_JUNCTION,On Roadway,--,DAVIDSON,03289,0-NONE,1,400205133,Along Roadway,2025,1736294400000,1721,Prop Damage (over),0,0,0,0,2,Vehicle in Transport,HEAD-ON,Clear,Dark-Lighted,Automatic,-86.71996132999202,36.07911742526387
201525,9623,1906063001,2.515,NON_JUNCTION,On Roadway,--,DAVIDSON,06063,0-NONE,1,400204897,Along Roadway,2025,1736294400000,0,Prop Damage (under),0,0,0,0,2,Vehicle in Transport,REAR-END,Cloudy,Daylight,Automatic,-86.68377413825453,36.08101205129566
205210,13308,190E426001,0.003,NON_JUNCTION,On Roadway,--,DAVIDSON,0E426,0-NONE,1,400205097,Along Roadway,2025,1736294400000,1653,Prop Damage (over),0,0,0,0,2,Vehicle in Transport,ANGLE,Clear,Daylight,Automatic,-86.7618593074143,36.08487680465511
206831,14933,19I0024001,4.014,NON_JUNCTION,On Roadway,--,DAVIDSON,I0024,0-NONE,1,400204853,Along Roadway,2025,1736294400000,640,Prop Damage (over),0,0,0,0,2,Vehicle in Transport,REAR-END,Clear,Daylight,Automatic,-86.85081136977314,36.32036840523651
209246,17348,19I0024001,18.031000000000002,NON_JUNCTION,On Roadway,--,DAVIDSON,I0024,0-NONE,1,400204860,Along Roadway,2025,1736294400000,652,Suspected Minor Injury,0,1,0,1,4,Vehicle in Transport,REAR-END,Cloudy,Dawn,Automatic,-86.72321677052864,36.111936494066185
209963,18065,19I0024001,20.274,NON_JUNCTION,On Roadway,--,DAVIDSON,I0024,0-NONE,1,400205175,Along Roadway,2025,1736294400000,1955,Prop Damage (over),0,0,0,0,2,Vehicle in Transport,"SIDESWIPE, SAME DIR",Clear,Dark-Lighted,Automatic,-86.69995709597784,36.085643506135725
210515,18617,19I0024001,22.303,NON_JUNCTION,On Roadway,--,DAVIDSON,I0024,0-NONE,1,400204974,Along Roadway,2025,1736294400000,1101,Suspected Minor Injury,0,1,0,1,3,Vehicle in Transport,REAR-END,Cloudy,Daylight,Automatic,-86.68078091495397,36.06083990797058
211482,19584,19I0024001,25.891000000000002,NON_JUNCTION,On Roadway,--,DAVIDSON,I0024,0-NONE,1,400204864,Along Roadway,2025,1736294400000,652,Prop Damage (over),0,0,0,0,3,Vehicle in Transport,REAR-END,Cloudy,Daylight,Automatic,-86.63356534888945,36.026011199417916
211579,19681,19I0024001,26.552,NON_JUNCTION,On Roadway,--,DAVIDSON,I0024,0-NONE,1,400204870,Along Roadway,2025,1736294400000,0,Possible Injury,0,1,0,1,3,Vehicle in Transport,REAR-END,Cloudy,Dawn,Automatic,-86.62569624195574,36.0188490955392
213571,21673,19I0040001,19.691000000000003,NON_JUNCTION,On Roadway,--,DAVIDSON,I0040,0-NONE,1,400205183,Along Roadway,2025,1736294400000,1711,Prop Damage (over),0,0,0,0,2,Vehicle in Transport,REAR-END,Clear,Dark-Lighted,Automatic,-86.75733612425441,36.15363278355745
213790,21892,19I0040001,20.129,NON_JUNCTION,On Roadway,--,DAVIDSON,I0040,0-NONE,1,400206092,Along Roadway,2025,1736294400000,1641,Prop Damage (over),0,0,0,0,3,Vehicle in Transport,"SIDESWIPE, SAME DIR",Clear,Daylight,Automatic,-86.75024360228086,36.150806722197345
214295,22397,19I0040001,20.953,NON_JUNCTION,On Roadway,--,DAVIDSON,I0040,0-NONE,1,400204861,Along Roadway,2025,1736294400000,645,Prop Damage (over),0,0,0,0,3,Vehicle in Transport,REAR-END,Cloudy,Daylight,Automatic,-86.73821147146272,36.14374188015297
214684,22786,19I0040001,22.137,NON_JUNCTION,On Roadway,--,DAVIDSON,I0040,0-NONE,1,400204917,Along Roadway,2025,1736294400000,0,Prop Damage (over),0,0,0,0,2,Vehicle in Transport,"SIDESWIPE, SAME DIR",Clear,Dark-Lighted,Automatic,-86.71830967946102,36.14088982513609
216016,24118,19I0040001,27.697000000000003,NON_JUNCTION,On Roadway,--,DAVIDSON,I0040,0-NONE,1,400204878,Along Roadway,2025,1736294400000,630,Suspected Minor Injury,0,1,0,1,3,Vehicle in Transport,"SIDESWIPE, SAME DIR",Clear,Dark-Not Lighted,Automatic,-86.62611906907975,36.15755402508928
216547,24649,19I0065001,3.681,NON_JUNCTION,On Roadway,--,DAVIDSON,I0065,0-NONE,1,400205189,Along Roadway,2025,1736294400000,1833,Prop Damage (under),0,0,0,0,3,Vehicle in Transport,REAR-END,Clear,Dark-Lighted,Automatic,-86.76335528329068,36.084342083494256
220631,28733,19SR001001,17.6,NON_JUNCTION,On Roadway,--,DAVIDSON,SR001,0-NONE,1,400204891,Along Roadway,2025,1736294400000,739,Prop Damage (over),0,0,0,0,3,Vehicle in Transport,REAR TO REAR,Clear,Daylight,Automatic,-86.78175375439064,36.15839355730979
222528,30630,19SR001001,29.393,NON_JUNCTION,On Roadway,--,DAVIDSON,SR001,0-NONE,1,400205169,Along Roadway,2025,1736294400000,1855,Suspected Minor Injury,0,1,0,1,2,Vehicle in Transport,"SIDESWIPE, SAME DIR",Clear,Dark-Lighted,Automatic,-86.62070830303601,36.057238049032115
222869,30971,19SR001001,30.729000000000003,NON_JUNCTION,On Roadway,--,DAVIDSON,SR001,0-NONE,1,400204905,Along Roadway,2025,1736294400000,837,Suspected Minor Injury,0,2,0,2,2,Vehicle in Transport,ANGLE,Cloudy,Daylight,Automatic,-86.60582057482523,36.0420298185094
224302,32404,19SR006001,19.808,NON_JUNCTION,On Roadway,--,DAVIDSON,SR006,0-NONE,1,400205111,Along Roadway,2025,1736294400000,1540,Prop Damage (over),0,0,0,0,3,Vehicle in Transport,REAR-END,Clear,Daylight,Automatic,-86.70820311584812,36.28064883221824
225115,33217,19SR011001,6.187,NON_JUNCTION,On Roadway,--,DAVIDSON,SR011,0-NONE,1,400205010,Along Roadway,2025,1736294400000,1307,Suspected Minor Injury,0,1,0,1,2,Vehicle in Transport,ANGLE,Clear,Daylight,Automatic,-86.72009880651773,36.069009416380545
226883,34985,19SR011701,0.889,NON_JUNCTION,On Roadway,--,DAVIDSON,SR011,7-SOUTHBOUND/ S,1,400205044,Along Roadway,2025,1736294400000,1410,Suspected Minor Injury,0,1,0,1,2,Vehicle in Transport,ANGLE,Clear,Daylight,Automatic,-86.76371567576193,36.140477073561904
229191,37293,19SR045001,7.644,NON_JUNCTION,On Roadway,--,DAVIDSON,SR045,0-NONE,1,400204976,At an Intersection,2025,1736294400000,1135,Suspected Serious Injury,0,2,1,1,2,Vehicle in Transport,ANGLE,Cloudy,Daylight,Manual,-86.70446289985608,36.263662622803
230141,38243,19SR065001,7.688000000000001,NON_JUNCTION,On Roadway,--,DAVIDSON,SR065,0-NONE,1,400205124,Along Roadway,2025,1736294400000,1637,Suspected Minor Injury,0,2,0,2,2,Vehicle in Transport,"SIDESWIPE, SAME DIR",Clear,Dusk,Automatic,-86.84168292955646,36.28653755796988
230629,38731,19SR106001,7.44,NON_JUNCTION,On Roadway,--,DAVIDSON,SR106,0-NONE,1,400205286,Along Roadway,2025,1736294400000,1343,Suspected Minor Injury,0,2,0,2,2,Vehicle in Transport,"SIDESWIPE, SAME DIR",Clear,Daylight,Automatic,-86.80079252730185,36.137036114234164
230744,38846,19SR112001,1.955,NON_JUNCTION,On Roadway,--,DAVIDSON,SR112,0-NONE,1,400204822,Along Roadway,2025,1736294400000,342,Prop Damage (over),0,0,0,0,1,Deer (Animal),NO COLLISION W/ VEHICLE,Clear,Dark-Lighted,Automatic,-86.83775113871866,36.224882615661855
235090,43192,19SR255001,6.662,NON_JUNCTION,On Roadway,--,DAVIDSON,SR255,0-NONE,1,400204810,Along Roadway,2025,1736294400000,28,Prop Damage (over),0,0,0,0,2,Vehicle in Transport,REAR-END,Clear,Dark-Lighted,Automatic,-86.67300428307529,36.10618898984872
283838,91942,190B878001,1.84,NON_JUNCTION,Roadside -- Left,--,DAVIDSON,0B878,0-NONE,1,400204959,Along Roadway,2025,1736294400000,0,Suspected Minor Injury,0,1,0,1,1,Curb,NO COLLISION W/ VEHICLE,Unknown,Unknown,Automatic,-86.68794257839203,36.066872598046295
284405,92509,19I0024001,27.115000000000002,NON_JUNCTION,Roadside -- Left,--,DAVIDSON,I0024,0-NONE,1,400205182,Along Roadway,2025,1736294400000,2029,Possible Injury,0,1,0,1,2,Wall,NO COLLISION W/ VEHICLE,Clear,Dark-Not Lighted,Automatic,-86.61895982508719,36.012773957733316
294578,102682,1904876001,0.783,NON_JUNCTION,Roadside -- Right,--,DAVIDSON,04876,0-NONE,1,400205034,Along Roadway,2025,1736294400000,1428,Prop Damage (over),0,0,0,0,1,Ditch,NO COLLISION W/ VEHICLE,Clear,Daylight,Automatic,-86.59478687615683,36.18359788621574
324974,133085,1903252001,0.622,NON_JUNCTION,--,--,DAVIDSON,03252,0-NONE,1,400204966,Along Roadway,2025,1736294400000,1112,Prop Damage (over),0,0,0,0,2,Vehicle in Transport,ANGLE,Cloudy,Daylight,Automatic,-86.75527775763874,36.17671286601697
325143,133254,1903253001,0.893,NON_JUNCTION,--,--,DAVIDSON,03253,0-NONE,1,400204892,Along Roadway,2025,1736294400000,803,Prop Damage (over),0,0,0,0,2,Vehicle in Transport,"SIDESWIPE, SAME DIR",Snow,Daylight,Automatic,-86.7527170199842,36.204773667586394
325623,133735,1903274001,0.0,NON_JUNCTION,--,--,DAVIDSON,03274,0-NONE,1,400205087,Along Roadway,2025,1736294400000,1443,Prop Damage (over),0,0,0,0,2,Vehicle in Transport,"SIDESWIPE, SAME DIR",Clear,Daylight,Automatic,-86.77725528691393,36.16673558558604
326349,134461,1904516001,0.115,NON_JUNCTION,--,--,DAVIDSON,04516,0-NONE,1,400205177,Along Roadway,2025,1736294400000,1846,Prop Damage (over),0,0,0,0,2,Vehicle in Transport,ANGLE,Clear,Dark-Not Lighted,Automatic,-86.92074652478327,36.07271936435103
326525,134637,1904895001,0.8,NON_JUNCTION,--,--,DAVIDSON,04895,0-NONE,1,400205026,Along Roadway,2025,1736294400000,1250,Prop Damage (over),0,0,0,0,2,Vehicle in Transport,REAR-END,Clear,Daylight,Automatic,-86.95037695794238,36.05413548645384
330004,138117,190F583001,0.151,NON_JUNCTION,--,--,DAVIDSON,0F583,0-NONE,1,400205210,Along Roadway,2025,1736294400000,1850,Prop Damage (over),0,0,0,0,1,Culvert,NO COLLISION W/ VEHICLE,Clear,Dark-Lighted,Automatic,-86.74440654483419,36.13552300248857
330704,138819,19I0024001,4.688000000000001,NON_JUNCTION,--,--,DAVIDSON,I0024,0-NONE,1,400205199,Along Roadway,2025,1736294400000,2040,Prop Damage (over),0,0,0,0,1,Other Animal,NO COLLISION W/ VEHICLE,Clear,Dark-Not Lighted,Automatic,-86.83921302479605,36.318405702409315
330705,138820,19I0024001,4.789000000000001,NON_JUNCTION,--,--,DAVIDSON,I0024,0-NONE,1,400205023,Along Roadway,2025,1736294400000,1200,Prop Damage (over),0,0,0,0,2,Vehicle in Transport,"SIDESWIPE, SAME DIR",Clear,Daylight,Automatic,-86.83744292176797,36.31813103853229
330831,138946,19I0024001,8.812000000000001,NON_JUNCTION,--,--,DAVIDSON,I0024,0-NONE,1,400204941,Along Roadway,2025,1736294400000,1008,Prop Damage (over),0,0,0,0,2,Guardrail End,NO COLLISION W/ VEHICLE,Clear,Daylight,Automatic,-86.79695477321492,36.273684126870855
331333,139448,19I0024001,15.25,NON_JUNCTION,--,--,DAVIDSON,I0024,0-NONE,1,400205333,Along Roadway,2025,1736294400000,1423,Prop Damage (over),0,0,0,0,2,Vehicle in Transport,REAR-END,Clear,Daylight,Automatic,-86.76102653804263,36.16213954522419
331908,140023,19I0024001,19.336000000000002,NON_JUNCTION,--,--,DAVIDSON,I0024,0-NONE,1,400204922,Along Roadway,2025,1736294400000,0,Prop Damage (over),0,0,0,0,2,Vehicle in Transport,REAR-END,Blowing Snow,Daylight,Automatic,-86.70906604504788,36.09708188359678
332253,140368,19I0024001,22.496000000000002,NON_JUNCTION,--,--,DAVIDSON,I0024,0-NONE,1,400205218,Along Roadway,2025,1736294400000,2254,Prop Damage (over),0,0,0,0,1,Other Object (not fixed),NO COLLISION W/ VEHICLE,Clear,Dark-Lighted,Automatic,-86.67855441495769,36.05869782123876
333243,141358,19I0040001,16.882,NON_JUNCTION,--,--,DAVIDSON,I0040,0-NONE,1,400204919,Along Roadway,2025,1736294400000,910,Prop Damage (over),0,0,0,0,3,Vehicle in Transport,REAR-END,Cloudy,Daylight,Automatic,-86.79426236446804,36.16479284873434
333518,141633,19I0040001,19.184,NON_JUNCTION,--,--,DAVIDSON,I0040,0-NONE,1,400205677,Along Roadway,2025,1736294400000,1446,Prop Damage (over),0,0,0,0,2,Vehicle in Transport,REAR-END,Clear,Daylight,Automatic,-86.76598494818387,36.15257399892361
333989,142104,19I0040001,20.767,NON_JUNCTION,--,--,DAVIDSON,I0040,0-NONE,1,400205108,Along Roadway,2025,1736294400000,1625,Prop Damage (over),0,0,0,0,2,Vehicle in Transport,REAR-END,Clear,Daylight,Automatic,-86.74091678131056,36.1453537479155
334112,142227,19I0040001,21.336000000000002,NON_JUNCTION,--,--,DAVIDSON,I0040,0-NONE,1,400204862,Along Roadway,2025,1736294400000,700,Prop Damage (over),0,0,0,0,2,Vehicle in Transport,REAR-END,Cloudy,Daylight,Automatic,-86.73234566267755,36.14078910524863
334251,142366,19I0040001,22.361,NON_JUNCTION,--,--,DAVIDSON,I0040,0-NONE,1,400204944,Along Roadway,2025,1736294400000,0,Prop Damage (over),0,0,0,0,2,Vehicle in Transport,ANGLE,Cloudy,Daylight,Automatic,-86.71438509762257,36.14153434980997
334621,142736,19I0040001,26.55,NON_JUNCTION,--,--,DAVIDSON,I0040,0-NONE,1,400205221,Along Roadway,2025,1736294400000,2020,Prop Damage (over),0,0,0,0,2,Vehicle in Transport,REAR-END,Clear,Dark-Not Lighted,Automatic,-86.64240713929792,36.14745073507723
334865,142980,19I0065001,3.088,NON_JUNCTION,--,--,DAVIDSON,I0065,0-NONE,1,400204895,Along Roadway,2025,1736294400000,747,Prop Damage (over),0,0,0,0,3,Vehicle in Transport,REAR-END,Cloudy,Daylight,Automatic,-86.76711182930471,36.076490731850186
338055,146170,19SR006001,18.182000000000002,NON_JUNCTION,--,--,DAVIDSON,SR006,0-NONE,1,400205070,Along Roadway,2025,1736294400000,1334,Prop Damage (over),0,0,0,0,2,Vehicle in Transport,REAR-END,Clear,Daylight,Automatic,-86.71383020577817,36.257628808384325
338637,146752,19SR011001,7.789000000000001,NON_JUNCTION,--,--,DAVIDSON,SR011,0-NONE,1,400205158,Along Roadway,2025,1736294400000,1824,Prop Damage (over),0,0,0,0,2,Vehicle in Transport,"SIDESWIPE, SAME DIR",Clear,Dark-Lighted,Automatic,-86.73258886091048,36.08905970524886
338789,146904,19SR011001,12.725000000000001,NON_JUNCTION,--,--,DAVIDSON,SR011,0-NONE,1,400205052,Along Roadway,2025,1736294400000,1400,Prop Damage (over),0,0,0,0,2,Vehicle in Transport,"SIDESWIPE, SAME DIR",Clear,Daylight,Automatic,-86.76975690869523,36.17658077839177
342519,150634,19SR386001,0.676,NON_JUNCTION,--,--,DAVIDSON,SR386,0-NONE,1,400205132,Along Roadway,2025,1736294400000,1715,Prop Damage (over),0,0,0,0,2,Vehicle in Transport,REAR-END,Clear,Dark-Lighted,Automatic,-86.70170976524393,36.30600672668314
382103,190221,1903242001,0.043000000000000003,INTERSECTION,On Roadway,--,DAVIDSON,03242,0-NONE,1,400205079,At an Intersection,2025,1736294400000,1602,Suspected Minor Injury,0,1,0,1,2,Vehicle in Transport,ANGLE,Clear,Daylight,Automatic,-86.80843536138813,36.14744954516026
382227,190345,1903243001,0.35400000000000004,INTERSECTION,On Roadway,--,DAVIDSON,03243,0-NONE,1,400205007,At an Intersection,2025,1736294400000,0,Possible Injury,0,1,0,1,1,Pedestrian,NO COLLISION W/ VEHICLE,Clear,Daylight,Automatic,-86.7780592887055,36.162353576161344
384732,192850,1904898001,1.57,INTERSECTION,On Roadway,--,DAVIDSON,04898,0-NONE,1,400205139,At an Intersection,2025,1736294400000,1800,Possible Injury,0,1,0,1,2,Vehicle in Transport,ANGLE,Clear,Dark-Lighted,Automatic,-86.88787054874014,36.115046477960576
384838,192956,1904912001,0.746,INTERSECTION,On Roadway,--,DAVIDSON,04912,0-NONE,1,400204957,At an Intersection,2025,1736294400000,920,Possible Injury,0,2,0,2,2,Vehicle in Transport,ANGLE,Cloudy,Daylight,Automatic,-86.75636223888235,36.15272555408166
387060,195178,19SR001001,13.16,INTERSECTION,On Roadway,--,DAVIDSON,SR001,0-NONE,1,400205216,At an Intersection,2025,1736294400000,2239,Prop Damage (over),0,0,0,0,2,Vehicle in Transport,ANGLE,Clear,Dark-Lighted,Automatic,-86.84760845443923,36.124951497648105
389895,198013,19SR011001,13.275,INTERSECTION,On Roadway,--,DAVIDSON,SR011,0-NONE,1,400205167,At an Intersection,2025,1736294400000,1824,Prop Damage (over),0,0,0,0,2,Vehicle in Transport,ANGLE,Cloudy,Dark-Lighted,Automatic,-86.77385127718865,36.18319062142673
392003,200121,19SR045001,17.94,INTERSECTION,On Roadway,--,DAVIDSON,SR045,0-NONE,1,400204855,At an Intersection,2025,1736294400000,650,Prop Damage (over),0,0,0,0,2,Vehicle in Transport,ANGLE,Cloudy,Dark-Lighted,Automatic,-86.60127287634917,36.17020358323604
393378,201496,19SR254001,13.675,INTERSECTION,On Roadway,--,DAVIDSON,SR254,0-NONE,1,400205136,At an Intersection,2025,1736294400000,1829,Possible Injury,0,1,0,1,2,Vehicle in Transport,ANGLE,Clear,Dark-Not Lighted,Automatic,-86.67943806820595,36.04689031683944
416990,225115,19SR006001,21.41,INTERSECTION,--,--,DAVIDSON,SR006,0-NONE,1,400204983,At an Intersection,2025,1736294400000,1153,Prop Damage (over),0,0,0,0,3,Vehicle in Transport,REAR-END,Snow,Daylight,Automatic,-86.69482608323132,36.30078187593511
428845,236971,19SR011001,17.414,INTERSECTION RELATED,On Roadway,--,DAVIDSON,SR011,0-NONE,1,400205197,At an Intersection,2025,1736294400000,2028,Possible Injury,0,1,0,1,2,Vehicle in Transport,ANGLE,Clear,Dark-Lighted,Automatic,-86.75729567547508,36.24082974582023
439378,247506,19SR024001,24.830000000000002,INTERSECTION RELATED,--,--,DAVIDSON,SR024,0-NONE,1,400205009,At an Intersection,2025,1736294400000,935,Prop Damage (over),0,0,0,0,2,Vehicle in Transport,ANGLE,Clear,Daylight,Automatic,-86.59765386352043,36.21508468222997
444643,252773,19I0040001,13.918000000000001,ENTRENCE/EXIT RAMP RELATED,On Roadway,--,DAVIDSON,I0040,0-NONE,1,400205126,Ramp,2025,1736294400000,1743,Prop Damage (over),0,0,0,0,3,Vehicle in Transport,REAR-END,Clear,Dark-Not Lighted,Automatic,-86.83468740603377,36.154065311407706
445602,253732,19SR065001,3.7070000000000003,ENTRENCE/EXIT RAMP RELATED,On Roadway,--,DAVIDSON,SR065,0-NONE,1,400205171,Ramp,2025,1736294400000,1720,Suspected Minor Injury,0,1,0,1,2,Vehicle in Transport,ANGLE,Clear,Dark-Lighted,Automatic,-86.81581858508574,36.23468386322718
452343,260473,19SR001001,27.926000000000002,"DRIVEWAY, ALLEY ACCESS, ETC.",On Roadway,--,DAVIDSON,SR001,0-NONE,1,400205150,Along Roadway,2025,1736294400000,1854,Possible Injury,0,1,0,1,2,Vehicle in Transport,ANGLE,Clear,Dark-Lighted,Automatic,-86.63753164133438,36.07330221911223
458360,266492,190A673001,0.096,OTHER,Outside Trafficway,--,DAVIDSON,0A673,0-NONE,1,400205146,Along Roadway,2025,1736294400000,1737,Suspected Serious Injury,0,1,1,0,2,Occupant Struck By Own Vehicle,NO COLLISION W/ VEHICLE,Clear,Dark-Lighted,Automatic,-86.68972703793116,36.30595722917064
461682,269816,190E977001,0.108,--,--,--,DAVIDSON,0E977,0-NONE,1,400204928,Along Roadway,2025,1736294400000,754,Prop Damage (under),0,0,0,0,2,--,--,--,--,Automatic,-86.77136626996081,36.20463066846132
461982,270116,19I0024001,4.288,--,--,--,DAVIDSON,I0024,0-NONE,1,400204883,Along Roadway,2025,1736294400000,626,Prop Damage (under),0,0,0,0,2,--,--,--,--,Automatic,-86.84633165215129,36.31875080700284
462230,270364,19I0024001,18.204,--,--,--,DAVIDSON,I0024,0-NONE,1,400204921,Along Roadway,2025,1736294400000,928,Prop Damage (under),0,0,0,0,2,--,--,--,--,Automatic,-86.7218514336369,36.10968262460734
462554,270688,19I0040001,17.624000000000002,--,--,--,DAVIDSON,I0040,0-NONE,1,400205088,Along Roadway,2025,1736294400000,1545,Prop Damage (under),0,0,0,0,3,--,--,--,--,Automatic,-86.78903774063963,36.15528092964524
462917,271051,19I0065001,4.585,--,--,--,DAVIDSON,I0065,0-NONE,1,400205174,Along Roadway,2025,1736294400000,1802,Prop Damage (under),0,0,0,0,2,--,--,--,--,Automatic,-86.76313988427557,36.097362078570306
463901,272035,19SR011001,7.081,--,--,--,DAVIDSON,SR011,0-NONE,1,400205102,Along Roadway,2025,1736294400000,1610,Prop Damage (under),0,0,0,0,2,--,--,--,--,Automatic,-86.7266024811929,36.08042598439465
463957,272091,19SR011001,10.506,--,--,--,DAVIDSON,SR011,0-NONE,1,400204981,Along Roadway,2025,1736294400000,1213,Prop Damage (under),0,0,0,0,2,--,--,--,--,Automatic,-86.75217323192224,36.12502249278101
194695,2789,1901395001,0.21300000000000002,NON_JUNCTION,On Roadway,--,DAVIDSON,01395,0-NONE,1,400204598,Along Roadway,2025,1736208000000,1351,Suspected Minor Injury,0,1,0,1,2,Vehicle in Transport,"SIDESWIPE, SAME DIR",Cloudy,Daylight,Automatic,-86.62659266407347,36.15481762005099
196429,4526,1903258001,1.25,NON_JUNCTION,On Roadway,--,DAVIDSON,03258,0-NONE,1,400204642,Along Roadway,2025,1736208000000,1455,Prop Damage (over),0,0,0,0,2,Vehicle in Transport in other Roadway,ANGLE,Clear,Dusk,Automatic,-86.79243932179492,36.17304060046356
197331,5428,1903292001,0.12100000000000001,NON_JUNCTION,On Roadway,--,DAVIDSON,03292,0-NONE,1,400204456,Along Roadway,2025,1736208000000,617,Suspected Minor Injury,0,1,0,1,2,Vehicle in Transport,REAR-END,Clear,Dark-Lighted,Automatic,-86.63104501112123,36.15645095875658
204196,12294,190D514001,0.521,NON_JUNCTION,On Roadway,--,DAVIDSON,0D514,0-NONE,1,400204585,Along Roadway,2025,1736208000000,1230,Possible Injury,0,1,0,1,3,Vehicle in Transport,"SIDESWIPE, OPP DIR",Clear,Daylight,Automatic,-86.77372428305026,36.23641898837959
205733,13832,190F446001,0.0,NON_JUNCTION,On Roadway,--,DAVIDSON,0F446,0-NONE,1,400204650,Along Roadway,2025,1736208000000,1600,Possible Injury,0,1,0,1,3,Vehicle in Transport,ANGLE,Clear,Dusk,Automatic,-86.76143025496387,36.10107344008489
206896,14998,19I0024001,4.963,NON_JUNCTION,On Roadway,--,DAVIDSON,I0024,0-NONE,1,400205212,Along Roadway,2025,1736208000000,2054,Possible Injury,0,1,0,1,2,Vehicle in Transport,REAR-END,Clear,Dark-Not Lighted,Automatic,-86.8348308868688,36.316796460815894
208003,16105,19I0024001,14.897,NON_JUNCTION,On Roadway,--,DAVIDSON,I0024,0-NONE,1,400204730,Along Roadway,2025,1736208000000,0,Prop Damage (over),0,0,0,0,2,Vehicle in Transport,REAR-END,Cloudy,Dark-Lighted,Automatic,-86.76475573063472,36.16625672264027
209993,18095,19I0024001,20.428,NON_JUNCTION,On Roadway,--,DAVIDSON,I0024,0-NONE,1,400204495,Along Roadway,2025,1736208000000,830,Suspected Minor Injury,0,1,0,1,2,Vehicle in Transport,REAR-END,Cloudy,Daylight,Automatic,-86.69870718663667,36.083650505359614
213436,21538,19I0040001,19.353,NON_JUNCTION,On Roadway,--,DAVIDSON,I0040,0-NONE,1,400204786,Along Roadway,2025,1736208000000,1726,Prop Damage (under),0,0,0,0,3,Vehicle in Transport,REAR-END,Clear,Dark-Lighted,Automatic,-86.7632044843479,36.15375357593889
214667,22769,19I0040001,22.051000000000002,NON_JUNCTION,On Roadway,--,DAVIDSON,I0040,0-NONE,1,400204792,Along Roadway,2025,1736208000000,2108,Prop Damage (over),0,0,0,0,2,Vehicle in Transport,"SIDESWIPE, SAME DIR",Clear,Dark-Lighted,Automatic,-86.71981643863438,36.14064237277774
215320,23422,19I0040001,23.344,NON_JUNCTION,On Roadway,--,DAVIDSON,I0040,0-NONE,1,400204796,Along Roadway,2025,1736208000000,2147,Suspected Minor Injury,0,1,0,1,2,Vehicle in Transport,REAR-END,Clear,Dark-Lighted,Automatic,-86.69712871390507,36.14418701529326
217179,25281,19I0065001,9.057,NON_JUNCTION,On Roadway,--,DAVIDSON,I0065,0-NONE,1,400204466,Along Roadway,2025,1736208000000,655,Prop Damage (over),0,0,0,0,2,Vehicle in Transport,"SIDESWIPE, SAME DIR",Clear,Dawn,Automatic,-86.80019008550217,36.180592885620385
217347,25449,19I0065001,9.99,NON_JUNCTION,On Roadway,--,DAVIDSON,I0065,0-NONE,1,400204700,Along Roadway,2025,1736208000000,1733,Prop Damage (over),0,0,0,0,2,Vehicle in Transport,REAR-END,Cloudy,Dark-Lighted,Automatic,-86.78964717005994,36.19059556920798
219144,27246,19I0065001,18.42,NON_JUNCTION,On Roadway,--,DAVIDSON,I0065,0-NONE,1,400204934,Along Roadway,2025,1736208000000,1739,Prop Damage (over),0,0,0,0,2,Vehicle in Transport,REAR-END,Cloudy,Dark-Not Lighted,Automatic,-86.72566474648148,36.28779163945104
219724,27826,19I0440001,4.88,NON_JUNCTION,On Roadway,--,DAVIDSON,I0440,0-NONE,1,400206253,Along Roadway,2025,1736208000000,1630,Prop Damage (over),0,0,0,0,2,Vehicle in Transport,"SIDESWIPE, SAME DIR",Clear,Daylight,Automatic,-86.77445232743737,36.115777010208774
219777,27879,19I0440001,5.829000000000001,NON_JUNCTION,On Roadway,--,DAVIDSON,I0440,0-NONE,1,400204519,Along Roadway,2025,1736208000000,905,Prop Damage (over),0,0,0,0,2,Vehicle in Transport,ANGLE,Cloudy,Daylight,Automatic,-86.76013369508956,36.12175570259203
222400,30502,19SR001001,28.615000000000002,NON_JUNCTION,On Roadway,--,DAVIDSON,SR001,0-NONE,1,400204663,Along Roadway,2025,1736208000000,1612,Prop Damage (over),0,0,0,0,2,Vehicle in Transport,ANGLE,Clear,Daylight,Automatic,-86.6295284240871,36.065769991468414
222581,30683,19SR001001,29.967000000000002,NON_JUNCTION,On Roadway,--,DAVIDSON,SR001,0-NONE,1,400204727,Along Roadway,2025,1736208000000,1910,Prop Damage (over),0,0,0,0,2,Vehicle in Transport,ANGLE,Clear,Dark-Lighted,Automatic,-86.6147155007103,36.05044639252385
223659,31761,19SR006001,14.941,NON_JUNCTION,On Roadway,--,DAVIDSON,SR006,0-NONE,1,400204575,Along Roadway,2025,1736208000000,1256,Prop Damage (over),0,0,0,0,2,Vehicle in Transport,ANGLE,Clear,Daylight,Automatic,-86.74726008644123,36.232518456594974
225507,33609,19SR011001,7.647,NON_JUNCTION,On Roadway,--,DAVIDSON,SR011,0-NONE,1,400204680,Along Roadway,2025,1736208000000,1544,Suspected Minor Injury,0,1,0,1,2,Vehicle in Transport,REAR-END,Clear,Daylight,Automatic,-86.73092647830346,36.08753246313664
226708,34810,19SR011001,22.317,NON_JUNCTION,On Roadway,--,DAVIDSON,SR011,0-NONE,1,400205061,Along Roadway,2025,1736208000000,1750,Suspected Serious Injury,0,2,1,1,3,Vehicle in Transport,HEAD-ON,Cloudy,Dark-Lighted,Automatic,-86.72209827865147,36.299310886428735
226860,34962,19SR011701,0.397,NON_JUNCTION,On Roadway,--,DAVIDSON,SR011,7-SOUTHBOUND/ S,1,400204788,Along Roadway,2025,1736208000000,1657,Suspected Minor Injury,0,1,0,1,2,Vehicle in Transport,ANGLE,Clear,Daylight,Automatic,-86.76782944865192,36.14675136049748
228313,36415,19SR024001,18.464000000000002,NON_JUNCTION,On Roadway,--,DAVIDSON,SR024,0-NONE,1,400204769,Along Roadway,2025,1736208000000,1927,Prop Damage (over),0,0,0,0,2,Vehicle in Transport,ANGLE,Clear,Daylight,Automatic,-86.68366199476247,36.16891258177589
228509,36611,19SR024001,21.664,NON_JUNCTION,On Roadway,--,DAVIDSON,SR024,0-NONE,1,400204799,Along Roadway,2025,1736208000000,2112,Prop Damage (over),0,0,0,0,2,Vehicle in Transport,REAR-END,Clear,Dark-Lighted,Automatic,-86.6367466396596,36.18511767381044
235089,43191,19SR255001,6.662,NON_JUNCTION,On Roadway,--,DAVIDSON,SR255,0-NONE,1,400204745,Along Roadway,2025,1736208000000,1940,Suspected Minor Injury,0,2,0,2,2,Vehicle in Transport,ANGLE,Clear,Dark-Lighted,Automatic,-86.67300428307529,36.10618898984872
283291,91395,1901011001,0.34900000000000003,NON_JUNCTION,Roadside -- Left,--,DAVIDSON,01011,0-NONE,1,400204603,Along Roadway,2025,1736208000000,0,Suspected Minor Injury,0,1,0,1,1,Standing Tree,NO COLLISION W/ VEHICLE,Cloudy,Daylight,Automatic,-86.63478830998449,36.07685468200786
318052,126163,19I0024001,23.895,NON_JUNCTION,14,--,DAVIDSON,I0024,0-NONE,1,400204816,Along Roadway,2025,1736208000000,2230,Suspected Minor Injury,0,1,0,1,1,Fence,NO COLLISION W/ VEHICLE,Clear,Dark-Lighted,Automatic,-86.65961937929292,36.04560534213711
319318,127429,19I0024001,22.915000000000003,NON_JUNCTION,15,--,DAVIDSON,I0024,0-NONE,1,400204775,Along Roadway,2025,1736208000000,0,Prop Damage (over),0,0,0,0,2,Parked Motor Vehicle,"SIDESWIPE, SAME DIR",Clear,Dark-Lighted,Automatic,-86.67366990092255,36.05408481930782
324769,132880,1903246001,0.798,NON_JUNCTION,--,--,DAVIDSON,03246,0-NONE,1,400204522,Along Roadway,2025,1736208000000,1015,Prop Damage (over),0,0,0,0,2,Vehicle in Transport,"SIDESWIPE, OPP DIR",Cloudy,Daylight,Automatic,-86.77446603447892,36.160871690018475
324830,132941,1903247001,0.5720000000000001,NON_JUNCTION,--,--,DAVIDSON,03247,0-NONE,1,400204592,Along Roadway,2025,1736208000000,1337,Prop Damage (over),0,0,0,0,2,Vehicle in Transport,ANGLE,Clear,Daylight,Automatic,-86.77242308613478,36.15367339534461
325263,133374,1903256001,3.041,NON_JUNCTION,--,--,DAVIDSON,03256,0-NONE,1,400204601,Along Roadway,2025,1736208000000,1300,Prop Damage (over),0,0,0,0,2,Vehicle in Transport,REAR-END,Cloudy,Daylight,Automatic,-86.78033749802906,36.13428572467133
329443,137555,190E343001,0.318,NON_JUNCTION,--,--,DAVIDSON,0E343,0-NONE,1,400204473,Along Roadway,2025,1736208000000,643,Prop Damage (over),0,0,0,0,2,Vehicle in Transport,ANGLE,Clear,Daylight,Automatic,-86.80747250169505,36.152767699808756
331407,139522,19I0024001,15.51,NON_JUNCTION,--,--,DAVIDSON,I0024,0-NONE,1,400204578,Along Roadway,2025,1736208000000,1259,Prop Damage (over),0,0,0,0,2,Vehicle in Transport,REAR-END,Cloudy,Daylight,Automatic,-86.76046649445448,36.158421356437586
332482,140597,19I0024001,24.507,NON_JUNCTION,--,--,DAVIDSON,I0024,0-NONE,1,400204580,Along Roadway,2025,1736208000000,1115,Prop Damage (over),0,0,0,0,2,Thrown or Falling Object,NO COLLISION W/ VEHICLE,Cloudy,Daylight,Automatic,-86.6507043651523,36.04044920819325
333026,141141,19I0040001,13.314,NON_JUNCTION,--,--,DAVIDSON,I0040,0-NONE,1,400204469,Along Roadway,2025,1736208000000,630,Prop Damage (over),0,0,0,0,2,Vehicle in Transport,"SIDESWIPE, SAME DIR",Cloudy,Dark-Lighted,Automatic,-86.84601007755695,36.15364591335195
334637,142752,19I0040001,27.14,NON_JUNCTION,--,--,DAVIDSON,I0040,0-NONE,1,400204718,Along Roadway,2025,1736208000000,1839,Prop Damage (over),0,0,0,0,1,Other Object (not fixed),NO COLLISION W/ VEHICLE,Clear,Dark-Lighted,Automatic,-86.63402914850417,36.15264796039369
334658,142773,19I0040001,27.747,NON_JUNCTION,--,--,DAVIDSON,I0040,0-NONE,1,400204682,Along Roadway,2025,1736208000000,1602,Prop Damage (over),0,0,0,0,2,Vehicle in Transport,REAR-END,Clear,Daylight,Automatic,-86.62540891108216,36.1579943898826
334784,142899,19I0065001,0.009000000000000001,NON_JUNCTION,--,--,DAVIDSON,I0065,0-NONE,1,400204671,Along Roadway,2025,1736208000000,1543,Prop Damage (over),0,0,0,0,2,Vehicle in Transport,REAR-END,Cloudy,Daylight,Automatic,-86.78302361975652,36.035133088113916
336252,144367,19I0440001,4.061,NON_JUNCTION,--,--,DAVIDSON,I0440,0-NONE,1,400205121,Along Roadway,2025,1736208000000,1845,Prop Damage (over),0,0,0,0,2,Vehicle in Transport,REAR-END,Clear,Dark-Lighted,Automatic,-86.78908625626525,36.11606103096461
337173,145288,19SR001001,26.767000000000003,NON_JUNCTION,--,--,DAVIDSON,SR001,0-NONE,1,400204759,Along Roadway,2025,1736208000000,2014,Prop Damage (over),0,0,0,0,2,Vehicle in Transport,REAR-END,Clear,Dark-Lighted,Automatic,-86.64870589045191,36.086975273549065
337591,145706,19SR006001,6.3100000000000005,NON_JUNCTION,--,--,DAVIDSON,SR006,0-NONE,1,400204632,Along Roadway,2025,1736208000000,0,Prop Damage (over),0,0,0,0,3,Vehicle in Transport,ANGLE,Cloudy,Daylight,Automatic,-86.77636431086603,36.12418431638713
337736,145851,19SR006001,9.652000000000001,NON_JUNCTION,--,--,DAVIDSON,SR006,0-NONE,1,400204583,Along Roadway,2025,1736208000000,1345,Prop Damage (over),0,0,0,0,3,Vehicle in Transport,REAR-END,Clear,Daylight,Automatic,-86.77854789747684,36.16753482273099
338656,146771,19SR011001,8.32,NON_JUNCTION,--,--,DAVIDSON,SR011,0-NONE,1,400204703,Along Roadway,2025,1736208000000,1719,Prop Damage (over),0,0,0,0,2,Vehicle in Transport,ANGLE,Clear,Dark-Lighted,Automatic,-86.73743344665861,36.09565176803618
339866,147981,19SR024001,24.411,NON_JUNCTION,--,--,DAVIDSON,SR024,0-NONE,1,400204690,Along Roadway,2025,1736208000000,1610,Prop Damage (over),0,0,0,0,2,Vehicle in Transport,"SIDESWIPE, SAME DIR",Clear,Daylight,Automatic,-86.60503500464394,36.21437224930415
341485,149600,19SR174001,0.7180000000000001,NON_JUNCTION,--,--,DAVIDSON,SR174,0-NONE,1,400204620,Along Roadway,2025,1736208000000,1455,Prop Damage (over),0,0,0,0,2,Vehicle in Transport,REAR-END,Cloudy,Daylight,Automatic,-86.7013433026091,36.32547244786724
341719,149834,19SR254001,9.579,NON_JUNCTION,--,--,DAVIDSON,SR254,0-NONE,1,400204483,Along Roadway,2025,1736208000000,725,Prop Damage (over),0,0,0,0,2,Vehicle in Transport,ANGLE,Cloudy,Daylight,Automatic,-86.74547457433822,36.04050517444454
381678,189796,1901006001,0.187,INTERSECTION,On Roadway,--,DAVIDSON,01006,0-NONE,1,400204710,At an Intersection,2025,1736208000000,1554,Prop Damage (over),0,0,0,0,2,Vehicle in Transport,REAR-END,Clear,Daylight,Automatic,-86.59761386265995,36.2178616878444
382385,190503,1903245601,0.5,INTERSECTION,On Roadway,--,DAVIDSON,03245,6-NORTHBOUND / N,1,400204806,At an Intersection,2025,1736208000000,0,Possible Injury,0,1,0,1,2,Vehicle in Transport,ANGLE,Clear,Dark-Lighted,Automatic,-86.79315332561593,36.14341153479538
384559,192677,1904883001,1.429,INTERSECTION,On Roadway,--,DAVIDSON,04883,0-NONE,1,400204715,At an Intersection,2025,1736208000000,1425,Suspected Minor Injury,0,3,0,3,3,Vehicle in Transport,ANGLE,Cloudy,Daylight,Automatic,-86.79856334065956,36.115914475305765
385992,194110,190B461001,1.036,INTERSECTION,On Roadway,--,DAVIDSON,0B461,0-NONE,1,400204794,At an Intersection,2025,1736208000000,1943,Possible Injury,0,1,0,1,2,Vehicle in Transport,ANGLE,Clear,Dark-Lighted,Automatic,-86.68153406263276,36.17529159953082
386108,194226,190B915001,0.261,INTERSECTION,On Roadway,--,DAVIDSON,0B915,0-NONE,1,400204613,At an Intersection,2025,1736208000000,1354,Prop Damage (over),0,0,0,0,2,Vehicle in Transport,ANGLE,Cloudy,Daylight,Automatic,-86.71630715476213,36.04899632376515
388885,197003,19SR006001,18.238,INTERSECTION,On Roadway,--,DAVIDSON,SR006,0-NONE,1,400204608,At an Intersection,2025,1736208000000,0,Suspected Minor Injury,0,1,0,1,2,Vehicle in Transport,ANGLE,Cloudy,Daylight,Automatic,-86.71354813018803,36.258430783510626
392708,200826,19SR155001,2.59,INTERSECTION,On Roadway,--,DAVIDSON,SR155,0-NONE,1,400204797,At an Intersection,2025,1736208000000,2210,Suspected Minor Injury,0,2,0,2,2,Vehicle in Transport,ANGLE,Clear,Dark-Lighted,Automatic,-86.72797417651995,36.10943145734427
393214,201332,19SR254001,8.236,INTERSECTION,On Roadway,--,DAVIDSON,SR254,0-NONE,1,400204615,At an Intersection,2025,1736208000000,1336,Prop Damage (over),0,0,0,0,2,Vehicle in Transport,ANGLE,Cloudy,Daylight,Automatic,-86.76832727582348,36.04030530704156
415525,223650,1903272001,2.13,INTERSECTION,--,--,DAVIDSON,03272,0-NONE,1,400204554,At an Intersection,2025,1736208000000,1130,Prop Damage (over),0,0,0,0,2,Vehicle in Transport,ANGLE,Cloudy,Daylight,Automatic,-86.74678921514968,36.17085659328455
417412,225537,19SR024001,11.008000000000001,INTERSECTION,--,--,DAVIDSON,SR024,0-NONE,1,400204661,At an Intersection,2025,1736208000000,1615,Prop Damage (over),0,0,0,0,2,Vehicle in Transport,REAR-END,Clear,Dusk,Automatic,-86.80717735700351,36.15632256409259
438929,247057,19I0065001,18.82,INTERSECTION RELATED,--,--,DAVIDSON,I0065,0-NONE,1,400204997,At an Intersection,2025,1736208000000,2008,Prop Damage (over),0,0,0,0,2,Vehicle in Transport,"SIDESWIPE, SAME DIR",Cloudy,Dark-Not Lighted,Automatic,-86.72072672192414,36.29199724238738
438981,247109,19SR001001,15.08,INTERSECTION RELATED,--,--,DAVIDSON,SR001,0-NONE,1,400204666,At an Intersection,2025,1736208000000,1340,Prop Damage (over),0,0,0,0,2,Vehicle in Transport,REAR-END,Cloudy,Daylight,Automatic,-86.81905538630257,36.13935852750582
447926,256056,19I0040001,27.11,ENTRENCE/EXIT RAMP RELATED,Median Barrier,--,DAVIDSON,I0040,0-NONE,1,400204436,Ramp,2025,1736208000000,205,Possible Injury,0,1,0,1,1,Wall,NO COLLISION W/ VEHICLE,Other,Dark-Not Lighted,Automatic,-86.63445514789298,36.15238370367092
451593,259723,19SR024001,24.483,CROSSOVER RELATED,On Roadway,--,DAVIDSON,SR024,0-NONE,1,400204636,Along Roadway,2025,1736208000000,1530,Possible Injury,0,1,0,1,2,Vehicle in Transport,ANGLE,Clear,Daylight,Automatic,-86.60389815650784,36.21487089624651
461157,269291,190A496001,0.002,--,--,--,DAVIDSON,0A496,0-NONE,1,400204763,Along Roadway,2025,1736208000000,1730,Prop Damage (under),0,0,0,0,2,--,--,--,--,Automatic,-86.71936428098167,36.2494138462171
464484,272618,19SR045001,15.989,--,--,--,DAVIDSON,SR045,0-NONE,1,400204740,Along Roadway,2025,1736208000000,1623,Prop Damage (under),0,0,0,0,2,--,--,--,--,Automatic,-86.6182905572211,36.19407539450512
464799,272933,19SR155001,21.89,--,--,--,DAVIDSON,SR155,0-NONE,1,400204541,Along Roadway,2025,1736208000000,1047,Prop Damage (under),0,0,0,0,1,--,--,--,--,Automatic,-86.86679259907727,36.22430046648359
194026,2120,1901008001,1.647,NON_JUNCTION,On Roadway,--,DAVIDSON,01008,0-NONE,1,400204310,Along Roadway,2025,1736121600000,1735,Suspected Minor Injury,0,1,0,1,2,Vehicle in Transport,ANGLE,Clear,Dark-Not Lighted,Automatic,-86.65480401607645,35.99191419480137
194178,2272,1901011001,1.0550000000000002,NON_JUNCTION,On Roadway,--,DAVIDSON,01011,0-NONE,1,400204430,Along Roadway,2025,1736121600000,1937,Prop Damage (over),0,0,0,0,2,Vehicle in Transport,"SIDESWIPE, OPP DIR",Clear,Dark-Not Lighted,Automatic,-86.62821522730218,36.085068552545856
194504,2598,1901017001,0.502,NON_JUNCTION,On Roadway,--,DAVIDSON,01017,0-NONE,1,400204230,Along Roadway,2025,1736121600000,1506,Prop Damage (over),0,0,0,0,2,Vehicle in Transport,ANGLE,Cloudy,Daylight,Automatic,-86.68966702209775,36.27130388378366
196691,4788,1903267001,0.258,NON_JUNCTION,On Roadway,--,DAVIDSON,03267,0-NONE,1,400204278,Along Roadway,2025,1736121600000,1702,Possible Injury,0,1,0,1,2,Vehicle in Transport,ANGLE,Clear,Dark-Lighted,Automatic,-86.77664972023759,36.19571758690441
197135,5232,1903289001,2.9650000000000003,NON_JUNCTION,On Roadway,--,DAVIDSON,03289,0-NONE,1,400204302,Along Roadway,2025,1736121600000,1717,Prop Damage (over),0,0,0,0,2,Vehicle in Transport,HEAD-ON,Cloudy,Dark-Not Lighted,Automatic,-86.7424691839398,36.05575261879672
197551,5648,1904161001,0.136,NON_JUNCTION,On Roadway,--,DAVIDSON,04161,0-NONE,1,400204383,Along Roadway,2025,1736121600000,2000,Prop Damage (over),0,0,0,0,2,Vehicle in Transport,ANGLE,Clear,Dark-Lighted,Automatic,-86.7669169234252,36.11041821619854
199629,7727,1904918001,0.151,NON_JUNCTION,On Roadway,--,DAVIDSON,04918,0-NONE,1,400204272,Along Roadway,2025,1736121600000,1613,Prop Damage (over),0,0,0,0,3,Vehicle in Transport,ANGLE,Snow,Dusk,Automatic,-86.82134338707338,36.2045926714022
202683,10781,190B369001,0.392,NON_JUNCTION,On Roadway,--,DAVIDSON,0B369,0-NONE,1,400204266,Along Roadway,2025,1736121600000,1555,Possible Injury,0,1,0,1,2,Vehicle in Transport,REAR-END,Clear,Daylight,Automatic,-86.64947898817636,36.172620591911695
203143,11241,190B821001,0.28900000000000003,NON_JUNCTION,On Roadway,--,DAVIDSON,0B821,0-NONE,1,400204200,Along Roadway,2025,1736121600000,1215,Prop Damage (over),0,0,0,0,2,Vehicle in Transport,"SIDESWIPE, SAME DIR",Cloudy,Daylight,Automatic,-86.72129027364947,36.058344782429764
203927,12025,190D276001,0.668,NON_JUNCTION,On Roadway,--,DAVIDSON,0D276,0-NONE,1,400204273,Along Roadway,2025,1736121600000,1457,Suspected Minor Injury,0,3,0,3,2,Vehicle in Transport,REAR-END,Cloudy,Daylight,Automatic,-86.83989003709287,36.164164910686104
205998,14099,190F718001,0.671,NON_JUNCTION,On Roadway,--,DAVIDSON,0F718,0-NONE,1,400204058,Along Roadway,2025,1736121600000,303,Possible Injury,0,1,0,1,2,Vehicle in Transport,HEAD-ON,Rain,Dark-Lighted,Automatic,-86.77877997069807,36.16101185607641
206504,14606,190H849001,0.274,NON_JUNCTION,On Roadway,--,DAVIDSON,0H849,0-NONE,1,400204312,Along Roadway,2025,1736121600000,1558,Possible Injury,0,3,0,3,2,Vehicle in Transport,ANGLE,11,Daylight,Automatic,-86.62946795059989,36.06571235575758
208585,16687,19I0024001,16.288,NON_JUNCTION,On Roadway,--,DAVIDSON,I0024,0-NONE,1,400204159,Along Roadway,2025,1736121600000,1127,Prop Damage (over),0,0,0,0,2,Vehicle in Transport,REAR-END,Cloudy,Daylight,Automatic,-86.72715548605947,36.13645620070293
209292,17394,19I0024001,18.206,NON_JUNCTION,On Roadway,--,DAVIDSON,I0024,0-NONE,1,400204105,Along Roadway,2025,1736121600000,746,Prop Damage (over),0,0,0,0,2,Vehicle in Transport,REAR-END,Clear,Daylight,Automatic,-86.72183348605847,36.10965749263369
211915,20017,19I0040001,6.489,NON_JUNCTION,On Roadway,--,DAVIDSON,I0040,0-NONE,1,400205245,Along Roadway,2025,1736121600000,2107,Prop Damage (over),0,0,0,0,3,Vehicle in Transport,REAR-END,Snow,Dark-Not Lighted,Automatic,-86.9399274097106,36.090386436003676
211918,20020,19I0040001,6.557,NON_JUNCTION,On Roadway,--,DAVIDSON,I0040,0-NONE,1,400207891,Along Roadway,2025,1736121600000,2057,Prop Damage (over),0,0,0,0,2,Vehicle in Transport,REAR-END,Snow,Dark-Not Lighted,Automatic,-86.93923037801699,36.091252652536134
211957,20059,19I0040001,7.533,NON_JUNCTION,On Roadway,--,DAVIDSON,I0040,0-NONE,1,400204384,Along Roadway,2025,1736121600000,1948,Suspected Serious Injury,0,2,2,0,2,Vehicle in Transport,ANGLE,Cloudy,Dark-Not Lighted,Automatic,-86.93144296462717,36.104589861278654
212084,20186,19I0040001,9.588000000000001,NON_JUNCTION,On Roadway,--,DAVIDSON,I0040,0-NONE,1,400204064,Along Roadway,2025,1736121600000,458,Prop Damage (over),0,0,0,0,2,Vehicle in Transport,REAR-END,Snow,Dark-Lighted,Automatic,-86.90370330808945,36.126107324357825
212090,20192,19I0040001,9.626000000000001,NON_JUNCTION,On Roadway,--,DAVIDSON,I0040,0-NONE,1,400204328,Along Roadway,2025,1736121600000,1909,Prop Damage (over),0,0,0,0,2,Vehicle in Transport,REAR-END,Cloudy,Dark-Not Lighted,Automatic,-86.90309872997595,36.12641386734238
217813,25915,19I0065001,11.277000000000001,NON_JUNCTION,On Roadway,--,DAVIDSON,I0065,0-NONE,1,400204103,Along Roadway,2025,1736121600000,735,Possible Injury,0,2,0,2,2,Vehicle in Transport,"SIDESWIPE, SAME DIR",Cloudy,Daylight,Automatic,-86.77626471793775,36.19995287597337
219566,27668,19I0440001,2.86,NON_JUNCTION,On Roadway,--,DAVIDSON,I0440,0-NONE,1,400204125,Along Roadway,2025,1736121600000,900,Prop Damage (over),0,0,0,0,2,Vehicle in Transport,REAR-END,Snow,Daylight,Automatic,-86.80684028765994,36.123044662572035
220931,29033,19SR001001,20.852,NON_JUNCTION,On Roadway,--,DAVIDSON,SR001,0-NONE,1,400204311,Along Roadway,2025,1736121600000,1823,Suspected Minor Injury,0,1,0,1,2,Vehicle in Transport,REAR-END,Clear,Dark-Lighted,Automatic,-86.73084318118934,36.138333320996146
221087,29189,19SR001001,21.589000000000002,NON_JUNCTION,On Roadway,--,DAVIDSON,SR001,0-NONE,1,400204167,Along Roadway,2025,1736121600000,959,Possible Injury,0,1,0,1,2,Vehicle in Transport,REAR-END,Cloudy,Daylight,Automatic,-86.71981011655568,36.132619854658884
221487,29589,19SR001001,24.978,NON_JUNCTION,On Roadway,--,DAVIDSON,SR001,0-NONE,1,400204389,Along Roadway,2025,1736121600000,2228,Suspected Minor Injury,0,1,0,1,3,Vehicle in Transport,REAR-END,Clear,Dark-Lighted,Automatic,-86.67060566697754,36.10513146537176
224750,32852,19SR011001,4.103,NON_JUNCTION,On Roadway,--,DAVIDSON,SR011,0-NONE,1,400204393,Along Roadway,2025,1736121600000,2240,Prop Damage (over),0,0,0,0,2,Vehicle in Transport,ANGLE,Blowing Snow,Dark-Lighted,Automatic,-86.71279738311517,36.03993031099082
229548,37650,19SR045001,15.987,NON_JUNCTION,On Roadway,--,DAVIDSON,SR045,0-NONE,1,400204295,Along Roadway,2025,1736121600000,1738,Possible Injury,0,1,0,1,2,Vehicle in Transport,REAR-END,Clear,Dark-Lighted,Automatic,-86.61831434406153,36.194096550338756
233364,41466,19SR254001,11.638,NON_JUNCTION,On Roadway,--,DAVIDSON,SR254,0-NONE,1,400204257,Along Roadway,2025,1736121600000,1207,Prop Damage (over),0,0,0,0,2,Vehicle in Transport,REAR-END,Cloudy,Daylight,Automatic,-86.71366757666974,36.0453021958025
284133,92237,190F258001,0.628,NON_JUNCTION,Roadside -- Left,--,DAVIDSON,0F258,0-NONE,1,400204405,Along Roadway,2025,1736121600000,2320,Prop Damage (over),0,0,0,0,3,Parked Motor Vehicle,HEAD-ON,Clear,Dark-Lighted,Automatic,-86.82799119262489,36.14917805051129
284433,92537,19I0040001,5.0680000000000005,NON_JUNCTION,Roadside -- Left,--,DAVIDSON,I0040,0-NONE,1,400204386,Along Roadway,2025,1736121600000,1905,Suspected Minor Injury,0,1,0,1,1,Concrete Traffic Barrier,NO COLLISION W/ VEHICLE,Snow,Dark-Not Lighted,Automatic,-86.96196048868326,36.0784700858332
297128,105234,19I0040001,6.984,NON_JUNCTION,Roadside -- Right,--,DAVIDSON,I0040,0-NONE,1,400204349,Along Roadway,2025,1736121600000,1936,Suspected Minor Injury,0,3,0,3,1,Overturn,NO COLLISION W/ VEHICLE,Rain,Dark-Not Lighted,Automatic,-86.9362218146467,36.097265632907295
297130,105236,19I0040001,7.018000000000001,NON_JUNCTION,Roadside -- Right,--,DAVIDSON,I0040,0-NONE,1,400204379,Along Roadway,2025,1736121600000,1941,Prop Damage (over),0,0,0,0,1,Guardrail End,NO COLLISION W/ VEHICLE,Snow,Dark-Lighted,Automatic,-86.93600233000673,36.0977515200901
314101,122211,190A913001,0.066,NON_JUNCTION,Outside Trafficway,--,DAVIDSON,0A913,0-NONE,1,400204333,Along Roadway,2025,1736121600000,1915,Prop Damage (over),0,0,0,0,2,Parked Motor Vehicle,ANGLE,Clear,Dark-Lighted,Automatic,-86.60031761517443,36.2067041913246
314997,123108,19SR024001,0.79,NON_JUNCTION,Outside Trafficway,--,DAVIDSON,SR024,0-NONE,1,400204351,Along Roadway,2025,1736121600000,2044,Prop Damage (over),0,0,0,0,1,Concrete Traffic Barrier,NO COLLISION W/ VEHICLE,11,Dark-Not Lighted,Automatic,-86.96768460745363,36.09713002920896
319010,127121,1904516001,0.437,NON_JUNCTION,15,--,DAVIDSON,04516,0-NONE,1,400204392,Along Roadway,2025,1736121600000,2115,Possible Injury,0,1,0,1,1,Curb,NO COLLISION W/ VEHICLE,Cloudy,Dark-Not Lighted,Automatic,-86.9182215834461,36.068696703721095
319220,127331,190F206001,0.128,NON_JUNCTION,15,--,DAVIDSON,0F206,0-NONE,1,400204104,Along Roadway,2025,1736121600000,34,Prop Damage (over),0,0,0,0,1,Mail Box,NO COLLISION W/ VEHICLE,Cloudy,Dark-Not Lighted,Automatic,-86.83199641867827,36.12149429416389
319335,127446,19I0040001,8.184000000000001,NON_JUNCTION,15,--,DAVIDSON,I0040,0-NONE,1,400204362,Along Roadway,2025,1736121600000,1950,Prop Damage (over),0,0,0,0,1,Guardrail Face,NO COLLISION W/ VEHICLE,Snow,Dark-Not Lighted,Automatic,-86.92252670512522,36.11135828523568
319579,127690,19SR251001,5.4910000000000005,NON_JUNCTION,15,--,DAVIDSON,SR251,0-NONE,1,400204396,Along Roadway,2025,1736121600000,2058,Prop Damage (over),0,0,0,0,1,Guardrail Face,NO COLLISION W/ VEHICLE,11,Dark-Not Lighted,Automatic,-86.9545541479394,36.14122988252938
325298,133409,1903256001,3.347,NON_JUNCTION,--,--,DAVIDSON,03256,0-NONE,1,400204074,Along Roadway,2025,1736121600000,644,Prop Damage (over),0,0,0,0,2,Vehicle in Transport,REAR-END,Rain,Daylight,Automatic,-86.77476319763059,36.1342269085255
325545,133657,1903269001,0.221,NON_JUNCTION,--,--,DAVIDSON,03269,0-NONE,1,400204132,Along Roadway,2025,1736121600000,1035,Prop Damage (over),0,0,0,0,2,Vehicle in Transport,ANGLE,Cloudy,Daylight,Automatic,-86.74281020767725,36.15120537013616
326527,134639,1904895001,0.928,NON_JUNCTION,--,--,DAVIDSON,04895,0-NONE,1,400204373,Along Roadway,2025,1736121600000,1931,Prop Damage (over),0,0,0,0,1,Utility Pole,NO COLLISION W/ VEHICLE,Sleet/Hail,Dark-Not Lighted,Automatic,-86.94829738928141,36.05495829808509
328040,136152,190B428001,1.3760000000000001,NON_JUNCTION,--,--,DAVIDSON,0B428,0-NONE,1,400204322,Along Roadway,2025,1736121600000,1845,Prop Damage (over),0,0,0,0,2,Vehicle in Transport,ANGLE,Clear,Dark-Lighted,Automatic,-86.69576132310829,36.231867533732405
329206,137318,190E238001,0.42600000000000005,NON_JUNCTION,--,--,DAVIDSON,0E238,0-NONE,1,400204189,Along Roadway,2025,1736121600000,1330,Prop Damage (over),0,0,0,0,2,Vehicle in Transport,ANGLE,Clear,Daylight,Automatic,-86.79242694425251,36.1689039692051
332828,140943,19I0040001,7.617,NON_JUNCTION,--,--,DAVIDSON,I0040,0-NONE,1,400204410,Along Roadway,2025,1736121600000,2234,Prop Damage (over),0,0,0,0,1,Concrete Traffic Barrier,NO COLLISION W/ VEHICLE,Clear,Dark-Lighted,Automatic,-86.93034326638318,36.10550548192506
334649,142764,19I0040001,27.521,NON_JUNCTION,--,--,DAVIDSON,I0040,0-NONE,1,400204357,Along Roadway,2025,1736121600000,1900,Prop Damage (over),0,0,0,0,2,Vehicle in Transport,"SIDESWIPE, SAME DIR",Cloudy,Dark-Lighted,Automatic,-86.62861882401504,36.156003923698975
336677,144792,19SR001001,16.362000000000002,NON_JUNCTION,--,--,DAVIDSON,SR001,0-NONE,1,400204124,Along Roadway,2025,1736121600000,0,Prop Damage (over),0,0,0,0,2,Parked Motor Vehicle,"SIDESWIPE, SAME DIR",Blowing Snow,Daylight,Automatic,-86.8008975429639,36.15059496712131
338315,146430,19SR006001,22.082,NON_JUNCTION,--,--,DAVIDSON,SR006,0-NONE,1,400204382,Along Roadway,2025,1736121600000,1937,Prop Damage (over),0,0,0,0,2,Vehicle in Transport,ANGLE,Clear,Dusk,Automatic,-86.6855819015328,36.3068897643345
339988,148103,19SR045001,5.885000000000001,NON_JUNCTION,--,--,DAVIDSON,SR045,0-NONE,1,400204317,Along Roadway,2025,1736121600000,1725,Prop Damage (over),0,0,0,0,2,Vehicle in Transport,REAR-END,Cloudy,Dark-Lighted,Automatic,-86.73554309540218,36.264279484096406
340897,149012,19SR155001,5.9670000000000005,NON_JUNCTION,--,--,DAVIDSON,SR155,0-NONE,1,400204199,Along Roadway,2025,1736121600000,1237,Prop Damage (over),0,0,0,0,2,Vehicle in Transport,REAR-END,Rain,OTHER,Automatic,-86.70012934674483,36.138937524769595
382447,190565,1903246001,0.131,INTERSECTION,On Roadway,--,DAVIDSON,03246,0-NONE,1,400204338,At an Intersection,2025,1736121600000,1955,Prop Damage (over),0,0,0,0,3,Vehicle in Transport,"SIDESWIPE, SAME DIR",11,Dark-Lighted,Automatic,-86.76900226855092,36.15237155390442
386844,194962,19I0440001,6.33,INTERSECTION,On Roadway,--,DAVIDSON,I0440,0-NONE,1,400204154,At an Intersection,2025,1736121600000,1115,Prop Damage (over),0,0,0,0,2,Vehicle in Transport,ANGLE,Clear,Daylight,Automatic,-86.75110687123036,36.1228587336641
393644,201762,19SR254001,16.033,INTERSECTION,On Roadway,--,DAVIDSON,SR254,0-NONE,1,400204186,At an Intersection,2025,1736121600000,1250,Prop Damage (over),0,0,0,0,2,Vehicle in Transport,ANGLE,Clear,Daylight,Automatic,-86.64233998123493,36.05501733236238
414635,222759,19SR045001,8.44,INTERSECTION,Unknown,--,DAVIDSON,SR045,0-NONE,1,400204152,At an Intersection,2025,1736121600000,1121,Prop Damage (over),0,0,0,0,1,Traffic Signal Support,NO COLLISION W/ VEHICLE,11,Daylight,Automatic,-86.69032098473076,36.263902000103094
417661,225786,19SR045001,10.961,INTERSECTION,--,--,DAVIDSON,SR045,0-NONE,1,400204309,At an Intersection,2025,1736121600000,1535,Prop Damage (over),0,0,0,0,2,Vehicle in Transport,ANGLE,Clear,Daylight,Automatic,-86.65399199126891,36.255880774788274
418166,226291,19SR255001,9.175,INTERSECTION,--,--,DAVIDSON,SR255,0-NONE,1,400204502,At an Intersection,2025,1736121600000,1721,Prop Damage (over),0,0,0,0,2,Vehicle in Transport,REAR-END,Clear,Dark-Lighted,Automatic,-86.66640843049063,36.1406159735452
427758,235884,190B768001,0.062,INTERSECTION RELATED,On Roadway,--,DAVIDSON,0B768,0-NONE,1,400204099,At an Intersection,2025,1736121600000,630,Prop Damage (over),0,0,0,0,2,Vehicle in Transport,ANGLE,Snow,Dark-Lighted,Automatic,-86.66523803332348,36.07073936883379
428466,236592,19SR006001,17.43,INTERSECTION RELATED,On Roadway,--,DAVIDSON,SR006,0-NONE,1,400204401,At an Intersection,2025,1736121600000,2150,Prop Damage (over),0,0,0,0,2,Vehicle in Transport,ANGLE,Clear,Dark-Lighted,Automatic,-86.72034214694452,36.24800576143668
428620,236746,19SR011001,4.909,INTERSECTION RELATED,On Roadway,--,DAVIDSON,SR011,0-NONE,1,400204151,At an Intersection,2025,1736121600000,1112,Suspected Minor Injury,0,2,0,2,2,Vehicle in Transport,REAR-END,Snow,Daylight,Automatic,-86.7142351323275,36.051551839895076
445446,253576,19SR012001,6.565,ENTRENCE/EXIT RAMP RELATED,On Roadway,--,DAVIDSON,SR012,0-NONE,1,400204116,Ramp,2025,1736121600000,837,Possible Injury,0,1,0,1,2,Vehicle in Transport,REAR-END,Snow,Daylight,Automatic,-86.87263516428266,36.210087816990495
449301,257431,19I0040001,10.200000000000001,ENTRENCE/EXIT RAMP RELATED,--,--,DAVIDSON,I0040,0-NONE,1,400204363,Ramp,2025,1736121600000,2005,Prop Damage (over),0,0,0,0,2,Vehicle in Transport,"SIDESWIPE, SAME DIR",Blowing Snow,Dark-Lighted,Automatic,-86.89625993232384,36.13310748531974
449598,257728,19I0440001,3.049,ENTRENCE/EXIT RAMP RELATED,--,--,DAVIDSON,I0440,0-NONE,1,400204282,Ramp,2025,1736121600000,1706,Prop Damage (over),0,0,0,0,1,Utility Pole,NO COLLISION W/ VEHICLE,Snow,Dusk,Automatic,-86.8040015323025,36.12156920706592
452424,260554,19SR024001,7.426,"DRIVEWAY, ALLEY ACCESS, ETC.",On Roadway,--,DAVIDSON,SR024,0-NONE,1,400204254,Along Roadway,2025,1736121600000,1425,Suspected Minor Injury,0,1,0,1,2,Vehicle in Transport,ANGLE,Unknown,Daylight,Automatic,-86.86967631951688,36.146887004179
460236,268368,1903241001,0.134,--,--,--,DAVIDSON,03241,0-NONE,1,400204320,Along Roadway,2025,1736121600000,1327,Prop Damage (under),0,0,0,0,2,--,--,--,--,Automatic,-86.79060831856276,36.16207157603841
460595,268729,1903269001,0.68,--,--,--,DAVIDSON,03269,0-NONE,1,400204181,Along Roadway,2025,1736121600000,1258,Prop Damage (under),0,0,0,0,2,--,--,--,--,Automatic,-86.74407421136503,36.14465753505769
460958,269092,1904921001,0.896,--,--,--,DAVIDSON,04921,0-NONE,1,400204307,Along Roadway,2025,1736121600000,1805,Prop Damage (under),0,0,0,0,1,--,--,--,--,Automatic,-86.84907445062134,36.21726170044167
463092,271226,19I0065001,12.904,--,--,--,DAVIDSON,I0065,0-NONE,1,400204239,Along Roadway,2025,1736121600000,1515,Prop Damage (under),0,0,0,0,2,--,--,--,--,Automatic,-86.7733250201252,36.223351706504694
464866,273000,19SR251001,10.442,--,--,--,DAVIDSON,SR251,0-NONE,1,400204359,Along Roadway,2025,1736121600000,2100,Prop Damage (under),0,0,0,0,1,--,--,--,--,Automatic,-86.92167251740551,36.09135986986521
200750,8848,1904961001,0.35000000000000003,NON_JUNCTION,On Roadway,--,DAVIDSON,04961,0-NONE,1,400203783,Along Roadway,2025,1736035200000,1201,Suspected Minor Injury,0,1,0,1,1,Overturn,NO COLLISION W/ VEHICLE,Rain,Daylight,Automatic,-86.65043216529114,36.056417741151705
201191,9289,1905333001,0.7070000000000001,NON_JUNCTION,On Roadway,--,DAVIDSON,05333,0-NONE,1,400204012,Along Roadway,2025,1736035200000,2150,Suspected Minor Injury,0,1,0,1,3,Vehicle in Transport,ANGLE,Clear,Dark-Lighted,Automatic,-86.75620954763825,36.169943329463315
208700,16802,19I0024001,16.429000000000002,NON_JUNCTION,On Roadway,--,DAVIDSON,I0024,0-NONE,1,400204160,Along Roadway,2025,1736035200000,2042,Prop Damage (over),0,0,0,0,2,Vehicle in Transport,REAR-END,Rain,Dark-Lighted,Automatic,-86.72709102968318,36.13441160816199
209739,17841,19I0024001,19.532,NON_JUNCTION,On Roadway,--,DAVIDSON,I0024,0-NONE,1,400203728,Along Roadway,2025,1736035200000,800,Prop Damage (over),0,0,0,0,1,Unknown Harmful Event,UNKNOWN,Rain,Daylight,Automatic,-86.70713521221482,36.094705481660284
210462,18564,19I0024001,21.982,NON_JUNCTION,On Roadway,--,DAVIDSON,I0024,0-NONE,1,400203862,Along Roadway,2025,1736035200000,1540,Prop Damage (over),0,0,0,0,2,Vehicle in Transport,ANGLE,Clear,Dusk,Automatic,-86.68448450291055,36.064402582590176
211209,19311,19I0024001,24.560000000000002,NON_JUNCTION,On Roadway,--,DAVIDSON,I0024,0-NONE,1,400203790,Along Roadway,2025,1736035200000,1219,Prop Damage (over),0,0,0,0,2,Vehicle in Transport,REAR-END,Rain,Daylight,Automatic,-86.64993231394087,36.040002664769816
211956,20058,19I0040001,7.437,NON_JUNCTION,On Roadway,--,DAVIDSON,I0040,0-NONE,1,400203920,Along Roadway,2025,1736035200000,1726,Prop Damage (over),0,0,0,0,2,Vehicle in Transport,ANGLE,Rain,Dark-Not Lighted,Automatic,-86.93258989567488,36.103464846332805
213565,21667,19I0040001,19.687,NON_JUNCTION,On Roadway,--,DAVIDSON,I0040,0-NONE,1,400203696,Along Roadway,2025,1736035200000,0,Possible Injury,0,1,0,1,2,Vehicle in Transport,ANGLE,Sleet/Hail,Dark-Lighted,Automatic,-86.75740232993961,36.15365613814814
214327,22429,19I0040001,21.076,NON_JUNCTION,On Roadway,--,DAVIDSON,I0040,0-NONE,1,400203689,Along Roadway,2025,1736035200000,0,Prop Damage (over),0,0,0,0,2,Vehicle in Transport,REAR-END,Clear,Dark-Lighted,Automatic,-86.73636575407323,36.142742698003566
215637,23739,19I0040001,24.295,NON_JUNCTION,On Roadway,--,DAVIDSON,I0040,0-NONE,1,400204137,Along Roadway,2025,1736035200000,1849,Suspected Minor Injury,0,1,0,1,2,Vehicle in Transport,ANGLE,Rain,Dark-Lighted,Automatic,-86.6803401842803,36.14226429967491
217340,25442,19I0065001,9.986,NON_JUNCTION,On Roadway,--,DAVIDSON,I0065,0-NONE,1,400203999,Along Roadway,2025,1736035200000,2106,Prop Damage (over),0,0,0,0,2,Vehicle in Transport,ANGLE,Rain,Dark-Lighted,Automatic,-86.78970737720913,36.19056491458058
217641,25743,19I0065001,10.948,NON_JUNCTION,On Roadway,--,DAVIDSON,I0065,0-NONE,1,400204021,Along Roadway,2025,1736035200000,2310,Suspected Minor Injury,0,1,0,1,1,Overturn,NO COLLISION W/ VEHICLE,Cloudy,Dark-Lighted,Automatic,-86.77552350670943,36.19522063321181
217701,25803,19I0065001,11.036000000000001,NON_JUNCTION,On Roadway,--,DAVIDSON,I0065,0-NONE,1,400203904,Along Roadway,2025,1736035200000,1442,Prop Damage (over),0,0,0,0,3,Vehicle in Transport,REAR-END,Cloudy,Daylight,Automatic,-86.77557917725548,36.19649770089818
218075,26177,19I0065001,11.734,NON_JUNCTION,On Roadway,--,DAVIDSON,I0065,0-NONE,1,400203744,Along Roadway,2025,1736035200000,920,Suspected Minor Injury,0,1,0,1,2,Vehicle in Transport,ANGLE,Rain,Daylight,Automatic,-86.7762333859244,36.20656018660007
218459,26561,19I0065001,13.413,NON_JUNCTION,On Roadway,--,DAVIDSON,I0065,0-NONE,1,400203900,Along Roadway,2025,1736035200000,1650,Prop Damage (over),0,0,0,0,2,Vehicle in Transport,"SIDESWIPE, OPP DIR",Rain,Daylight,Automatic,-86.7710552272968,36.230420131070765
218482,26584,19I0065001,13.796000000000001,NON_JUNCTION,On Roadway,--,DAVIDSON,I0065,0-NONE,1,400203761,Along Roadway,2025,1736035200000,1040,Prop Damage (over),0,0,0,0,2,Vehicle in Transport,REAR-END,Cloudy,Daylight,Automatic,-86.76631825523548,36.23439685565385
221063,29165,19SR001001,21.436,NON_JUNCTION,On Roadway,--,DAVIDSON,SR001,0-NONE,1,400203695,Along Roadway,2025,1736035200000,333,Prop Damage (over),0,0,0,0,2,Vehicle in Transport,"SIDESWIPE, SAME DIR",Rain,Dark-Lighted,Automatic,-86.72217492652833,36.133725678561966
221091,29193,19SR001001,21.605,NON_JUNCTION,On Roadway,--,DAVIDSON,SR001,0-NONE,1,400203855,Along Roadway,2025,1736035200000,0,Prop Damage (over),0,0,0,0,2,Vehicle in Transport,REAR-END,Cloudy,Daylight,Automatic,-86.71956013487865,36.13252718093584
221539,29641,19SR001001,25.310000000000002,NON_JUNCTION,On Roadway,--,DAVIDSON,SR001,0-NONE,1,400203947,Along Roadway,2025,1736035200000,1900,Prop Damage (over),0,0,0,0,2,Vehicle in Transport,HEAD-ON,Rain,Dark-Lighted,Automatic,-86.66550449785109,36.10259785743086
223665,31767,19SR006001,15.044,NON_JUNCTION,On Roadway,--,DAVIDSON,SR006,0-NONE,1,400203702,Along Roadway,2025,1736035200000,0,Prop Damage (over),0,0,0,0,1,Unknown Harmful Event,UNKNOWN,11,Dark-Lighted,Automatic,-86.74661856683124,36.233893635149485
225391,33493,19SR011001,7.227,NON_JUNCTION,On Roadway,--,DAVIDSON,SR011,0-NONE,1,400203942,Along Roadway,2025,1736035200000,1827,Suspected Minor Injury,0,1,0,1,1,Pedestrian,NO COLLISION W/ VEHICLE,Rain,Dark-Lighted,Automatic,-86.72721114938545,36.08244264696903
228921,37023,19SR045001,4.173,NON_JUNCTION,On Roadway,--,DAVIDSON,SR045,0-NONE,1,400203722,Along Roadway,2025,1736035200000,700,Possible Injury,0,3,0,3,2,Vehicle in Transport,HEAD-ON,Rain,Daylight,Automatic,-86.76318309028757,36.27361616138567
232725,40827,19SR251001,9.288,NON_JUNCTION,On Roadway,--,DAVIDSON,SR251,0-NONE,1,400203975,Along Roadway,2025,1736035200000,1845,Prop Damage (over),0,0,0,0,2,Vehicle in Transport,ANGLE,Rain,Dark-Lighted,Automatic,-86.92231552888265,36.10687664824796
233777,41879,19SR254001,14.395000000000001,NON_JUNCTION,On Roadway,--,DAVIDSON,SR254,0-NONE,1,400203688,Along Roadway,2025,1736035200000,0,Prop Damage (over),0,0,0,0,2,Vehicle in Transport,REAR-END,Clear,Dark-Lighted,Automatic,-86.66693905659183,36.04491810795777
281604,89708,19I0040001,6.889,NON_JUNCTION,Median Barrier,--,DAVIDSON,I0040,0-NONE,1,400203973,Along Roadway,2025,1736035200000,1944,Possible Injury,0,1,0,1,1,Concrete Traffic Barrier,NO COLLISION W/ VEHICLE,Rain,Dark-Lighted,Automatic,-86.9368350784674,36.09590799051727
281665,89769,19I0040001,27.473000000000003,NON_JUNCTION,Median Barrier,--,DAVIDSON,I0040,0-NONE,1,400203938,Along Roadway,2025,1736035200000,1911,Suspected Minor Injury,0,1,0,1,1,Guardrail End,NO COLLISION W/ VEHICLE,Rain,Dark-Not Lighted,Automatic,-86.62930055233849,36.155581157906624
284545,92649,19I0040001,19.927,NON_JUNCTION,Roadside -- Left,--,DAVIDSON,I0040,0-NONE,1,400203725,Along Roadway,2025,1736035200000,750,Suspected Minor Injury,0,1,0,1,1,Concrete Traffic Barrier,NO COLLISION W/ VEHICLE,Rain,Daylight,Automatic,-86.75350842441532,36.15211930575689
285135,93239,19SR155001,8.643,NON_JUNCTION,Roadside -- Left,--,DAVIDSON,SR155,0-NONE,1,400203944,Along Roadway,2025,1736035200000,1957,Prop Damage (over),0,0,0,0,1,Concrete Traffic Barrier,NO COLLISION W/ VEHICLE,Rain,Dark-Lighted,Automatic,-86.68950138953656,36.17380770340509
295361,103465,190B220001,0.5640000000000001,NON_JUNCTION,Roadside -- Right,--,DAVIDSON,0B220,0-NONE,1,400204020,Along Roadway,2025,1736035200000,2050,Prop Damage (over),0,0,0,0,2,Parked Motor Vehicle,REAR-END,Rain,Dark-Lighted,Automatic,-86.62297562466757,36.06957382231864
296909,105015,19I0024001,4.602,NON_JUNCTION,Roadside -- Right,--,DAVIDSON,I0024,0-NONE,1,400203829,Along Roadway,2025,1736035200000,1334,Prop Damage (over),0,0,0,0,1,Standing Tree,NO COLLISION W/ VEHICLE,Rain,Daylight,Automatic,-86.84075538242588,36.31838802273997
297463,105569,19I0065001,19.26,NON_JUNCTION,Roadside -- Right,--,DAVIDSON,I0065,0-NONE,1,400203721,Along Roadway,2025,1736035200000,752,Prop Damage (over),0,0,0,0,1,Guardrail End,NO COLLISION W/ VEHICLE,Rain,Daylight,Automatic,-86.71525233501622,36.29635936114624
313548,121657,1901002001,4.726,NON_JUNCTION,Outside Trafficway,--,DAVIDSON,01002,0-NONE,1,400203996,Along Roadway,2025,1736035200000,2008,Possible Injury,0,1,0,1,1,Ditch,NO COLLISION W/ VEHICLE,Rain,DARK-UNKNOWN LIGHTING,Automatic,-86.79091314985524,36.08836038946941
314801,122912,19I0040001,23.641000000000002,NON_JUNCTION,Outside Trafficway,--,DAVIDSON,I0040,0-NONE,1,400203988,Along Roadway,2025,1736035200000,1745,Possible Injury,0,1,0,1,1,Concrete Traffic Barrier,NO COLLISION W/ VEHICLE,Rain,Dark-Lighted,Automatic,-86.69184624216922,36.143942281326936
318087,126198,19I0040001,11.734,NON_JUNCTION,14,--,DAVIDSON,I0040,0-NONE,1,400203927,Along Roadway,2025,1736035200000,1845,Suspected Minor Injury,0,1,0,1,1,Concrete Traffic Barrier,NO COLLISION W/ VEHICLE,Rain,Dark-Not Lighted,Automatic,-86.87489046283329,36.14870227481195
318098,126209,19I0040001,15.951,NON_JUNCTION,14,--,DAVIDSON,I0040,0-NONE,1,400203986,Along Roadway,2025,1736035200000,1606,Prop Damage (over),0,0,0,0,1,Guardrail Face,NO COLLISION W/ VEHICLE,Cloudy,Daylight,Automatic,-86.80546062816312,36.17033635123734
318188,126299,19I0440001,5.488,NON_JUNCTION,14,--,DAVIDSON,I0440,0-NONE,1,400204032,Along Roadway,2025,1736035200000,2015,Prop Damage (over),0,0,0,0,1,Concrete Traffic Barrier,NO COLLISION W/ VEHICLE,Rain,Dark-Lighted,Automatic,-86.76552355097415,36.12027960612204
318197,126308,19SR001001,31.777,NON_JUNCTION,14,--,DAVIDSON,SR001,0-NONE,1,400203908,Along Roadway,2025,1736035200000,1620,Possible Injury,0,1,0,1,1,Standing Tree,NO COLLISION W/ VEHICLE,Rain,Daylight,Automatic,-86.59323444995842,36.03078364890948
319069,127180,190A090001,0.098,NON_JUNCTION,15,--,DAVIDSON,0A090,0-NONE,1,400203678,Along Roadway,2025,1736035200000,152,Prop Damage (over),0,0,0,0,1,Mail Box,NO COLLISION W/ VEHICLE,Clear,Dark-Lighted,Automatic,-86.85798007530924,36.21498818484791
319231,127342,190F510001,0.10500000000000001,NON_JUNCTION,15,--,DAVIDSON,0F510,0-NONE,1,400204047,Along Roadway,2025,1736035200000,2245,Prop Damage (over),0,0,0,0,2,Parked Motor Vehicle,ANGLE,Rain,Dark-Lighted,Automatic,-86.74151199831637,36.11707829738699
319292,127403,19I0024001,17.925,NON_JUNCTION,15,--,DAVIDSON,I0024,0-NONE,1,400203952,Along Roadway,2025,1736035200000,0,Prop Damage (over),0,0,0,0,1,Guardrail End,NO COLLISION W/ VEHICLE,Rain,Dark-Lighted,Automatic,-86.72398736235779,36.11334328867109
319399,127510,19I0065001,7.319,NON_JUNCTION,15,--,DAVIDSON,I0065,0-NONE,1,400203907,Along Roadway,2025,1736035200000,0,Prop Damage (over),0,0,0,0,1,Utility Pole,NO COLLISION W/ VEHICLE,Rain,DARK-UNKNOWN LIGHTING,Automatic,-86.77548876952486,36.13473471155541
324981,133092,1903252001,0.862,NON_JUNCTION,--,--,DAVIDSON,03252,0-NONE,1,400204226,Along Roadway,2025,1736035200000,1800,Prop Damage (over),0,0,0,0,2,Vehicle in Transport,"SIDESWIPE, SAME DIR",Rain,Dark-Lighted,Automatic,-86.75144841848692,36.17829276334825
327239,135351,1905333001,1.451,NON_JUNCTION,--,--,DAVIDSON,05333,0-NONE,1,400203778,Along Roadway,2025,1736035200000,1135,Prop Damage (over),0,0,0,0,2,Vehicle in Transport,"SIDESWIPE, SAME DIR",Cloudy,Daylight,Automatic,-86.76785797693185,36.16497288116066
332095,140210,19I0024001,20.874000000000002,NON_JUNCTION,--,--,DAVIDSON,I0024,0-NONE,1,400203992,Along Roadway,2025,1736035200000,2024,Prop Damage (over),0,0,0,0,1,Concrete Traffic Barrier,NO COLLISION W/ VEHICLE,Rain,Dark-Lighted,Automatic,-86.69515298392514,36.07785120722218
334722,142837,19I0040001,28.7,NON_JUNCTION,--,--,DAVIDSON,I0040,0-NONE,1,400204027,Along Roadway,2025,1736035200000,2318,Prop Damage (over),0,0,0,0,2,Vehicle in Transport,REAR-END,Clear,Dark-Lighted,Automatic,-86.61187213683331,36.16638699764378
337080,145195,19SR001001,24.965,NON_JUNCTION,--,--,DAVIDSON,SR001,0-NONE,1,400203943,Along Roadway,2025,1736035200000,1842,Prop Damage (over),0,0,0,0,2,Vehicle in Transport,REAR-END,Rain,Dark-Lighted,Automatic,-86.6708133895462,36.105220408874295
340944,149059,19SR155001,7.131,NON_JUNCTION,--,--,DAVIDSON,SR155,0-NONE,1,400204190,Along Roadway,2025,1736035200000,1544,Prop Damage (over),0,0,0,0,1,Wall,NO COLLISION W/ VEHICLE,Rain,Daylight,Automatic,-86.69097702682781,36.15301373712768
341132,149247,19SR155001,16.222,NON_JUNCTION,--,--,DAVIDSON,SR155,0-NONE,1,400203940,Along Roadway,2025,1736035200000,1827,Prop Damage (over),0,0,0,0,1,Concrete Traffic Barrier,NO COLLISION W/ VEHICLE,Rain,Dark-Not Lighted,Automatic,-86.7698234094631,36.2400940427087
382049,190167,1901952001,1.83,INTERSECTION,On Roadway,--,DAVIDSON,01952,0-NONE,1,400203801,At an Intersection,2025,1736035200000,1206,Prop Damage (over),0,0,0,0,2,Vehicle in Transport,REAR-END,Rain,Daylight,Automatic,-86.60768843473817,36.187940220143744
382793,190911,1903252001,1.29,INTERSECTION,On Roadway,--,DAVIDSON,03252,0-NONE,1,400203701,At an Intersection,2025,1736035200000,328,Possible Injury,0,4,0,4,2,Vehicle in Transport,HEAD-ON,Rain,Dark-Lighted,Automatic,-86.74835421848942,36.1838276213373
382904,191022,1903252001,2.77,INTERSECTION,On Roadway,--,DAVIDSON,03252,0-NONE,1,400203687,At an Intersection,2025,1736035200000,0,Prop Damage (over),0,0,0,0,2,Vehicle in Transport,ANGLE,Rain,Dark-Lighted,Automatic,-86.73850019379833,36.20358366487028
386818,194936,19I0040001,15.951,INTERSECTION,On Roadway,--,DAVIDSON,I0040,0-NONE,1,400203864,At an Intersection,2025,1736035200000,1750,Suspected Minor Injury,0,1,0,1,3,Vehicle in Transport,ANGLE,Cloudy,Daylight,Automatic,-86.80546062816312,36.17033635123734
388840,196958,19SR006001,17.837,INTERSECTION,On Roadway,--,DAVIDSON,SR006,0-NONE,1,400204005,At an Intersection,2025,1736035200000,2236,Suspected Minor Injury,0,1,0,1,2,Vehicle in Transport,ANGLE,Rain,Dark-Lighted,Automatic,-86.7167791385336,36.25324677215802
391457,199575,19SR024901,0.19,INTERSECTION,On Roadway,--,DAVIDSON,SR024,9-WESTBOUND / W,1,400203708,At an Intersection,2025,1736035200000,550,Prop Damage (over),0,0,0,0,2,Vehicle in Transport,"SIDESWIPE, SAME DIR",Rain,Dark-Not Lighted,Automatic,-86.79060131821717,36.15842256782164
393248,201366,19SR254001,9.700000000000001,INTERSECTION,On Roadway,--,DAVIDSON,SR254,0-NONE,1,400203966,At an Intersection,2025,1736035200000,1817,Possible Injury,0,1,0,1,2,Vehicle in Transport,REAR-END,Rain,DARK-UNKNOWN LIGHTING,Automatic,-86.74347221820676,36.0400143048366
428162,236288,19SR001001,22.72,INTERSECTION RELATED,On Roadway,--,DAVIDSON,SR001,0-NONE,1,400203886,At an Intersection,2025,1736035200000,1638,Prop Damage (over),0,0,0,0,3,Vehicle in Transport,"SIDESWIPE, OPP DIR",Clear,Daylight,Automatic,-86.70485112184376,36.12177648245048
429907,238033,19SR255001,8.61,INTERSECTION RELATED,On Roadway,--,DAVIDSON,SR255,0-NONE,1,400204016,At an Intersection,2025,1736035200000,351,Prop Damage (over),0,0,0,0,2,Vehicle in Transport,REAR-END,Rain,Dark-Lighted,Automatic,-86.66396859287907,36.133090194920875
448866,256996,19I0024001,23.874000000000002,ENTRENCE/EXIT RAMP RELATED,14,--,DAVIDSON,I0024,0-NONE,1,400203720,Ramp,2025,1736035200000,0,Prop Damage (over),0,0,0,0,1,Ditch,NO COLLISION W/ VEHICLE,Unknown,Unknown,Automatic,-86.65992528649636,36.04578226204063
452338,260468,19SR001001,27.400000000000002,"DRIVEWAY, ALLEY ACCESS, ETC.",On Roadway,--,DAVIDSON,SR001,0-NONE,1,400204240,Along Roadway,2025,1736035200000,8,Suspected Serious Injury,0,1,1,0,2,Vehicle in Transport,HEAD-ON,Cloudy,Dark-Lighted,Automatic,-86.64381984885397,36.0789072362006
461217,269351,190A905001,0.42800000000000005,--,--,--,DAVIDSON,0A905,0-NONE,1,400204003,Along Roadway,2025,1736035200000,1835,Prop Damage (under),0,0,0,0,1,--,--,--,--,Automatic,-86.59691361368566,36.20524522614413
194955,3049,1903244001,0.9590000000000001,NON_JUNCTION,On Roadway,--,DAVIDSON,03244,0-NONE,1,400203358,Along Roadway,2025,1735948800000,25,Suspected Serious Injury,0,1,1,0,1,Pedalcycle,NO COLLISION W/ VEHICLE,Clear,Dark-Lighted,Automatic,-86.76538982618116,36.1716241368412
200899,8997,1904964001,0.5810000000000001,NON_JUNCTION,On Roadway,--,DAVIDSON,04964,0-NONE,1,400203525,Along Roadway,2025,1735948800000,1505,Prop Damage (over),0,0,0,0,2,Vehicle in Transport,ANGLE,Clear,Daylight,Automatic,-86.62487771959711,36.0740227939455
202177,10275,190A663001,0.003,NON_JUNCTION,On Roadway,--,DAVIDSON,0A663,0-NONE,1,400203578,Along Roadway,2025,1735948800000,1630,Prop Damage (over),0,0,0,0,3,Vehicle in Transport,REAR-END,Clear,Daylight,Automatic,-86.6926466306213,36.302130390959285
204684,12782,190E169001,0.41900000000000004,NON_JUNCTION,On Roadway,--,DAVIDSON,0E169,0-NONE,1,400203445,Along Roadway,2025,1735948800000,1029,Prop Damage (over),0,0,0,0,2,Vehicle in Transport,ANGLE,Clear,Daylight,Automatic,-86.73758419444938,36.1689905885577
208705,16807,19I0024001,16.43,NON_JUNCTION,On Roadway,--,DAVIDSON,I0024,0-NONE,1,400203608,Along Roadway,2025,1735948800000,1750,Suspected Minor Injury,0,1,0,1,2,Vehicle in Transport,"SIDESWIPE, SAME DIR",Cloudy,Dark-Lighted,Automatic,-86.7270912111048,36.13439708576213
210027,18129,19I0024001,20.499000000000002,NON_JUNCTION,On Roadway,--,DAVIDSON,I0024,0-NONE,1,400203385,Along Roadway,2025,1735948800000,550,Prop Damage (over),0,0,0,0,2,Vehicle in Transport,ANGLE,Clear,Dark-Lighted,Automatic,-86.69814138260057,36.08272732776645
211543,19645,19I0024001,26.376,NON_JUNCTION,On Roadway,--,DAVIDSON,I0024,0-NONE,1,400203574,Along Roadway,2025,1735948800000,1330,Prop Damage (over),0,0,0,0,2,Vehicle in Transport,"SIDESWIPE, SAME DIR",Clear,Daylight,Automatic,-86.62775313855593,36.02078350478345
213560,21662,19I0040001,19.683,NON_JUNCTION,On Roadway,--,DAVIDSON,I0040,0-NONE,1,400203560,Along Roadway,2025,1735948800000,1515,Prop Damage (over),0,0,0,0,2,Vehicle in Transport,"SIDESWIPE, SAME DIR",Clear,Daylight,Automatic,-86.75746853455257,36.15367949270933
213613,21715,19I0040001,19.754,NON_JUNCTION,On Roadway,--,DAVIDSON,I0040,0-NONE,1,400203486,Along Roadway,2025,1735948800000,1320,Suspected Minor Injury,0,1,0,1,2,Vehicle in Transport,REAR-END,Clear,Daylight,Automatic,-86.75629944462493,36.153254507590994
215121,23223,19I0040001,22.837,NON_JUNCTION,On Roadway,--,DAVIDSON,I0040,0-NONE,1,400203524,Along Roadway,2025,1735948800000,1440,Prop Damage (over),0,0,0,0,2,Vehicle in Transport,REAR-END,Clear,Daylight,Automatic,-86.70604536159966,36.142903946210566
216969,25071,19I0065001,7.19,NON_JUNCTION,On Roadway,--,DAVIDSON,I0065,0-NONE,1,400203507,Along Roadway,2025,1735948800000,1359,Possible Injury,0,1,0,1,2,Vehicle in Transport,REAR-END,Clear,Daylight,Automatic,-86.77481589551878,36.132941828658375
217509,25611,19I0065001,10.538,NON_JUNCTION,On Roadway,--,DAVIDSON,I0065,0-NONE,1,400203467,Along Roadway,2025,1735948800000,1200,Possible Injury,0,1,0,1,2,Vehicle in Transport,ANGLE,Clear,Daylight,Automatic,-86.78014750293993,36.19187876682324
222123,30225,19SR001001,28.047,NON_JUNCTION,On Roadway,--,DAVIDSON,SR001,0-NONE,1,400203603,Along Roadway,2025,1735948800000,1852,Suspected Minor Injury,0,1,0,1,2,Vehicle in Transport,ANGLE,Clear,Dark-Lighted,Automatic,-86.63617753875086,36.07189915659325
225147,33249,19SR011001,6.4830000000000005,NON_JUNCTION,On Roadway,--,DAVIDSON,SR011,0-NONE,1,400203497,Along Roadway,2025,1735948800000,0,Suspected Minor Injury,0,2,0,2,2,Vehicle in Transport,ANGLE,Clear,Daylight,Automatic,-86.72394485727936,36.07193049913984
228859,36961,19SR024901,0.43,NON_JUNCTION,On Roadway,--,DAVIDSON,SR024,9-WESTBOUND / W,1,400203686,Along Roadway,2025,1735948800000,2252,Suspected Serious Injury,0,2,1,1,2,Vehicle in Transport,OTHER,Clear,Dark-Lighted,Automatic,-86.79282049135057,36.161094741076
230956,39058,19SR155001,1.9020000000000001,NON_JUNCTION,On Roadway,--,DAVIDSON,SR155,0-NONE,1,400203642,Along Roadway,2025,1735948800000,2232,Prop Damage (over),0,0,0,0,2,Vehicle in Transport,REAR-END,Clear,Dark-Lighted,Automatic,-86.74038753845929,36.11052352672496
234314,42416,19SR255001,0.463,NON_JUNCTION,On Roadway,--,DAVIDSON,SR255,0-NONE,1,400203619,Along Roadway,2025,1735948800000,1923,Possible Injury,0,2,0,2,2,Vehicle in Transport,REAR-END,Clear,DARK-UNKNOWN LIGHTING,Automatic,-86.76565060426373,36.082760302057935
234856,42958,19SR255001,4.51,NON_JUNCTION,On Roadway,--,DAVIDSON,SR255,0-NONE,1,400203514,Along Roadway,2025,1735948800000,0,Suspected Minor Injury,0,2,0,2,2,Vehicle in Transport,ANGLE,Clear,Daylight,Automatic,-86.69698087395403,36.086860225383155
284514,92618,19I0040001,17.055,NON_JUNCTION,Roadside -- Left,--,DAVIDSON,I0040,0-NONE,1,400203347,Along Roadway,2025,1735948800000,140,Prop Damage (over),0,0,0,0,1,Concrete Traffic Barrier,NO COLLISION W/ VEHICLE,Clear,Dark-Lighted,Automatic,-86.7935693950825,36.162399523542085
295902,104006,190D256001,0.5830000000000001,NON_JUNCTION,Roadside -- Right,--,DAVIDSON,0D256,0-NONE,1,400203596,Along Roadway,2025,1735948800000,300,Prop Damage (over),0,0,0,0,2,Parked Motor Vehicle,ANGLE,Clear,Dark-Lighted,Automatic,-86.85046721742198,36.16269175611335
298126,106232,19SR100001,7.392,NON_JUNCTION,Roadside -- Right,--,DAVIDSON,SR100,0-NONE,1,400203601,Along Roadway,2025,1735948800000,1855,Prop Damage (over),0,0,0,0,1,Shrubbery,NO COLLISION W/ VEHICLE,Clear,Dark-Not Lighted,Automatic,-86.92932688308888,36.05421435248485
324425,132536,1901017001,0.014,NON_JUNCTION,--,--,DAVIDSON,01017,0-NONE,1,400203552,Along Roadway,2025,1735948800000,1507,Prop Damage (over),0,0,0,0,2,Vehicle in Transport,ANGLE,Cloudy,Daylight,Automatic,-86.69029350776496,36.26411573328484
327707,135819,190A623001,0.552,NON_JUNCTION,--,--,DAVIDSON,0A623,0-NONE,1,400203636,Along Roadway,2025,1735948800000,2123,Prop Damage (over),0,0,0,0,1,Mail Box,NO COLLISION W/ VEHICLE,Clear,Dark-Lighted,Automatic,-86.70565254945967,36.26535425730558
328105,136217,190B625001,0.48600000000000004,NON_JUNCTION,--,--,DAVIDSON,0B625,0-NONE,1,400203356,Along Roadway,2025,1735948800000,0,Prop Damage (over),0,0,0,0,2,Vehicle in Transport,ANGLE,Clear,Dark-Not Lighted,Automatic,-86.70381511850292,36.12380848714099
331567,139682,19I0024001,16.485,NON_JUNCTION,--,--,DAVIDSON,I0024,0-NONE,1,400203588,Along Roadway,2025,1735948800000,1820,Prop Damage (over),0,0,0,0,2,Vehicle in Transport,REAR-END,Clear,Dark-Lighted,Automatic,-86.7271011923953,36.13359833924697
333821,141936,19I0040001,20.333000000000002,NON_JUNCTION,--,--,DAVIDSON,I0040,0-NONE,1,400203533,Along Roadway,2025,1735948800000,1424,Prop Damage (over),0,0,0,0,2,Vehicle in Transport,"SIDESWIPE, SAME DIR",Cloudy,Daylight,Automatic,-86.74712434161634,36.14922601726103
335212,143327,19I0065001,9.761000000000001,NON_JUNCTION,--,--,DAVIDSON,I0065,0-NONE,1,400203515,Along Roadway,2025,1735948800000,1425,Prop Damage (over),0,0,0,0,2,Vehicle in Transport,REAR-END,Clear,Daylight,Automatic,-86.79298845730283,36.188716930023
335451,143566,19I0065001,11.43,NON_JUNCTION,--,--,DAVIDSON,I0065,0-NONE,1,400203554,Along Roadway,2025,1735948800000,1550,Prop Damage (over),0,0,0,0,2,Vehicle in Transport,"SIDESWIPE, SAME DIR",Clear,Daylight,Automatic,-86.77658060670879,36.202158718405585
338840,146955,19SR011001,15.082,NON_JUNCTION,--,--,DAVIDSON,SR011,0-NONE,1,400203626,Along Roadway,2025,1735948800000,1915,Prop Damage (over),0,0,0,0,2,Vehicle in Transport,"SIDESWIPE, SAME DIR",Clear,Dark-Lighted,Automatic,-86.76735578645031,36.208316097777875
381730,189848,1901011001,0.2,INTERSECTION,On Roadway,--,DAVIDSON,01011,0-NONE,1,400203488,At an Intersection,2025,1735948800000,1339,Prop Damage (over),0,0,0,0,2,Vehicle in Transport,ANGLE,Clear,Daylight,Automatic,-86.63503596321422,36.074746375205194
391718,199836,19SR045001,10.26,INTERSECTION,On Roadway,--,DAVIDSON,SR045,0-NONE,1,400203487,At an Intersection,2025,1735948800000,1355,Suspected Minor Injury,0,1,0,1,2,Vehicle in Transport,REAR-END,Clear,Daylight,Automatic,-86.6620270097486,36.26338379143185
391954,200072,19SR045001,17.7,INTERSECTION,On Roadway,--,DAVIDSON,SR045,0-NONE,1,400203401,At an Intersection,2025,1735948800000,555,Prop Damage (over),0,0,0,0,2,Vehicle in Transport,ANGLE,Cloudy,Daylight,Automatic,-86.60217753366555,36.173620731374655
415043,223168,1901011001,0.5720000000000001,INTERSECTION,--,--,DAVIDSON,01011,0-NONE,1,400203597,At an Intersection,2025,1735948800000,1816,Prop Damage (over),0,0,0,0,2,Vehicle in Transport,ANGLE,Clear,Daylight,Automatic,-86.63253495705237,36.079370385446516
416886,225011,19SR006001,10.254000000000001,INTERSECTION,--,--,DAVIDSON,SR006,0-NONE,1,400203629,At an Intersection,2025,1735948800000,2145,Prop Damage (over),0,0,0,0,2,Vehicle in Transport,ANGLE,Clear,Dark-Lighted,Automatic,-86.76903926676722,36.171440595847244
427805,235931,190D528001,0.609,INTERSECTION RELATED,On Roadway,--,DAVIDSON,0D528,0-NONE,1,400203466,At an Intersection,2025,1735948800000,1124,Possible Injury,0,1,0,1,2,Vehicle in Transport,ANGLE,Clear,--,Automatic,-86.77348127277898,36.23141372769629
428340,236466,19SR001001,30.66,INTERSECTION RELATED,On Roadway,--,DAVIDSON,SR001,0-NONE,1,400203586,At an Intersection,2025,1735948800000,1730,Prop Damage (over),0,0,0,0,2,Vehicle in Transport,"SIDESWIPE, OPP DIR",Clear,Dark-Lighted,Automatic,-86.6065538993667,36.0428363040548
429889,238015,19SR255001,4.79,INTERSECTION RELATED,On Roadway,--,DAVIDSON,SR255,0-NONE,1,400203420,At an Intersection,2025,1735948800000,0,Prop Damage (over),0,0,0,0,2,Vehicle in Transport,REAR-END,Cloudy,Daylight,Automatic,-86.69222509483164,36.08742540652
438592,246720,1903252001,1.95,INTERSECTION RELATED,--,--,DAVIDSON,03252,0-NONE,1,400203516,At an Intersection,2025,1735948800000,1411,Prop Damage (over),0,0,0,0,2,Vehicle in Transport,ANGLE,Clear,Daylight,Automatic,-86.74434620753966,36.19273464093662
438716,246844,1904510001,1.02,INTERSECTION RELATED,--,--,DAVIDSON,04510,0-NONE,1,400203443,At an Intersection,2025,1735948800000,1002,Prop Damage (over),0,0,0,0,2,Vehicle in Transport,ANGLE,Clear,Daylight,Automatic,-86.72331715836168,36.19542064617219
438837,246965,190B801001,1.667,INTERSECTION RELATED,--,--,DAVIDSON,0B801,0-NONE,1,400203412,At an Intersection,2025,1735948800000,515,Prop Damage (over),0,0,0,0,2,Vehicle in Transport,ANGLE,Clear,Dawn,Automatic,-86.6452079858024,36.07889738537827
452148,260278,1903267001,0.151,"DRIVEWAY, ALLEY ACCESS, ETC.",On Roadway,--,DAVIDSON,03267,0-NONE,1,400203374,Along Roadway,2025,1735948800000,225,Suspected Minor Injury,0,3,0,3,2,Vehicle in Transport,OTHER,Clear,Dark-Lighted,Automatic,-86.7748391502438,36.19547702505566
461114,269248,190A082001,0.40800000000000003,--,--,--,DAVIDSON,0A082,0-NONE,1,400203566,Along Roadway,2025,1735948800000,1656,Prop Damage (under),0,0,0,0,2,--,--,--,--,Automatic,-86.82372539179512,36.21017968323287
463474,271608,19SR001001,26.3,--,--,--,DAVIDSON,SR001,0-NONE,1,400203551,Along Roadway,2025,1735948800000,1509,Prop Damage (under),0,0,0,0,2,--,--,--,--,Automatic,-86.65239352523773,36.09303064388712
463916,272050,19SR011001,7.406000000000001,--,--,--,DAVIDSON,SR011,0-NONE,1,400203631,Along Roadway,2025,1735948800000,1415,Prop Damage (under),0,0,0,0,2,--,--,--,--,Automatic,-86.72824920232406,36.08491362515986
464125,272259,19SR024001,5.297000000000001,--,--,--,DAVIDSON,SR024,0-NONE,1,400203531,Along Roadway,2025,1735948800000,1417,Prop Damage (under),0,0,0,0,2,--,--,--,--,Automatic,-86.90083739614165,36.13001284245004
195639,3733,1903252001,1.8130000000000002,NON_JUNCTION,On Roadway,--,DAVIDSON,03252,0-NONE,1,400203176,Along Roadway,2025,1735862400000,1424,Suspected Minor Injury,0,1,0,1,3,Vehicle in Transport,REAR-END,Clear,Daylight,Automatic,-86.74525067309206,36.19092144269957
195698,3792,1903252001,2.265,NON_JUNCTION,On Roadway,--,DAVIDSON,03252,0-NONE,1,400203127,Along Roadway,2025,1735862400000,1250,Suspected Minor Injury,0,1,0,1,2,Vehicle in Transport,REAR-END,Clear,Daylight,Automatic,-86.74215498071977,36.19686409437774
195874,3968,1903252001,3.9090000000000003,NON_JUNCTION,On Roadway,--,DAVIDSON,03252,0-NONE,1,400203184,Along Roadway,2025,1735862400000,1530,Suspected Minor Injury,0,1,0,1,1,Pedestrian,NO COLLISION W/ VEHICLE,Clear,Daylight,Automatic,-86.72829454310099,36.217954757783275
196785,4882,1903268001,2.057,NON_JUNCTION,On Roadway,--,DAVIDSON,03268,0-NONE,1,400203352,Along Roadway,2025,1735862400000,1830,Suspected Minor Injury,0,1,0,1,1,Pedestrian,NO COLLISION W/ VEHICLE,Clear,Dark-Lighted,Automatic,-86.78117703155165,36.2355883558408
197299,5396,1903289001,6.582000000000001,NON_JUNCTION,On Roadway,--,DAVIDSON,03289,0-NONE,1,400202947,Along Roadway,2025,1735862400000,30,Suspected Minor Injury,0,1,0,1,2,Vehicle in Transport,ANGLE,Clear,Dark-Lighted,Automatic,-86.70585359197942,36.08418167925677
200315,8413,1904947001,0.654,NON_JUNCTION,On Roadway,--,DAVIDSON,04947,0-NONE,1,400203277,Along Roadway,2025,1735862400000,1623,Prop Damage (over),0,0,0,0,2,Vehicle in Transport,ANGLE,Unknown,Daylight,Automatic,-86.72888156344882,36.100888753240554
202502,10600,190B301001,0.502,NON_JUNCTION,On Roadway,--,DAVIDSON,0B301,0-NONE,1,400203209,Along Roadway,2025,1735862400000,1625,Suspected Minor Injury,0,2,0,2,2,Vehicle in Transport,ANGLE,Clear,Daylight,Automatic,-86.61394081918922,36.059961245039915
204466,12564,190D813001,0.0,NON_JUNCTION,On Roadway,--,DAVIDSON,0D813,0-NONE,1,400203537,Along Roadway,2025,1735862400000,2130,Suspected Minor Injury,0,1,0,1,2,Vehicle in Transport,REAR-END,Clear,Dark-Lighted,Automatic,-86.72559216116149,36.224166709467625
206763,14865,19I0024001,3.076,NON_JUNCTION,On Roadway,--,DAVIDSON,I0024,0-NONE,1,400204723,Along Roadway,2025,1735862400000,1837,Prop Damage (over),0,0,0,0,2,Vehicle in Transport,REAR-END,Cloudy,Dark-Not Lighted,Automatic,-86.86706211120267,36.32382434654595
208626,16728,19I0024001,16.36,NON_JUNCTION,On Roadway,--,DAVIDSON,I0024,0-NONE,1,400203144,Along Roadway,2025,1735862400000,1400,Prop Damage (over),0,0,0,0,3,Vehicle in Transport,HEAD-ON,Clear,Daylight,Automatic,-86.72707850704145,36.135413659953755
211086,19188,19I0024001,24.163,NON_JUNCTION,On Roadway,--,DAVIDSON,I0024,0-NONE,1,400203006,Along Roadway,2025,1735862400000,804,Prop Damage (over),0,0,0,0,2,Vehicle in Transport,REAR-END,Clear,Daylight,Automatic,-86.6557154192052,36.04334746897046
213452,21554,19I0040001,19.396,NON_JUNCTION,On Roadway,--,DAVIDSON,I0040,0-NONE,1,400203330,Along Roadway,2025,1735862400000,2251,Prop Damage (over),0,0,0,0,2,Vehicle in Transport,REAR-END,Clear,Dark-Lighted,Automatic,-86.76247842014803,36.15402315729374
216563,24665,19I0065001,3.79,NON_JUNCTION,On Roadway,--,DAVIDSON,I0065,0-NONE,1,400203228,Along Roadway,2025,1735862400000,1415,Prop Damage (under),0,0,0,0,2,Vehicle in Transport,"SIDESWIPE, SAME DIR",Clear,Daylight,Automatic,-86.76309647608964,36.08590848842476
217100,25202,19I0065001,8.083,NON_JUNCTION,On Roadway,--,DAVIDSON,I0065,0-NONE,1,400203203,Along Roadway,2025,1735862400000,1450,Prop Damage (under),0,0,0,0,2,Vehicle in Transport,REAR-END,Clear,Daylight,Automatic,-86.77705671732579,36.14578049824963
218035,26137,19I0065001,11.653,NON_JUNCTION,On Roadway,--,DAVIDSON,I0065,0-NONE,1,400203046,Along Roadway,2025,1735862400000,1015,Suspected Minor Injury,0,1,0,1,2,Vehicle in Transport,REAR-END,Clear,Daylight,Automatic,-86.7763778821141,36.20538927950541
218249,26351,19I0065001,12.206000000000001,NON_JUNCTION,On Roadway,--,DAVIDSON,I0065,0-NONE,1,400204804,Along Roadway,2025,1735862400000,1818,Prop Damage (over),0,0,0,0,2,Vehicle in Transport,REAR-END,Clear,Dark-Lighted,Automatic,-86.77539125545663,36.21338340095582
222213,30315,19SR001001,28.137,NON_JUNCTION,On Roadway,--,DAVIDSON,SR001,0-NONE,1,400203308,Along Roadway,2025,1735862400000,1345,Prop Damage (over),0,0,0,0,2,Vehicle in Transport,ANGLE,Clear,Daylight,Automatic,-86.63513666034389,36.07094779568563
226207,34309,19SR011001,15.333,NON_JUNCTION,On Roadway,--,DAVIDSON,SR011,0-NONE,1,400203334,Along Roadway,2025,1735862400000,2000,Prop Damage (over),0,0,0,0,2,Vehicle in Transport,REAR-END,Clear,Dark-Lighted,Automatic,-86.76525097836046,36.2115078416613
228365,36467,19SR024001,18.81,NON_JUNCTION,On Roadway,--,DAVIDSON,SR024,0-NONE,1,400203036,Along Roadway,2025,1735862400000,0,Suspected Minor Injury,0,1,0,1,4,Vehicle in Transport,REAR-END,Clear,Daylight,Automatic,-86.67755619033555,36.169616359372625
228758,36860,19SR024001,24.829,NON_JUNCTION,On Roadway,--,DAVIDSON,SR024,0-NONE,1,400203223,Along Roadway,2025,1735862400000,1716,Prop Damage (over),0,0,0,0,2,Vehicle in Transport,ANGLE,Clear,Dark-Lighted,Automatic,-86.59767199101621,36.21508484937727
230148,38250,19SR065001,9.918000000000001,NON_JUNCTION,On Roadway,--,DAVIDSON,SR065,0-NONE,1,400203172,Along Roadway,2025,1735862400000,1507,Suspected Serious Injury,0,2,1,1,1,Overturn,NO COLLISION W/ VEHICLE,Clear,Daylight,Automatic,-86.86005404960726,36.31183468303199
233382,41484,19SR254001,11.676,NON_JUNCTION,On Roadway,--,DAVIDSON,SR254,0-NONE,1,400203183,Along Roadway,2025,1735862400000,1515,Possible Injury,0,1,0,1,2,Vehicle in Transport,REAR-END,Clear,Daylight,Automatic,-86.71301207015682,36.04536004897565
234467,42569,19SR255001,2.116,NON_JUNCTION,On Roadway,--,DAVIDSON,SR255,0-NONE,1,400203756,Along Roadway,2025,1735862400000,1923,Suspected Serious Injury,0,6,1,5,2,Vehicle in Transport,REAR-END,Clear,Dark-Lighted,Automatic,-86.73747655204858,36.077131293952895
294907,103011,1904958001,2.492,NON_JUNCTION,Roadside -- Right,--,DAVIDSON,04958,0-NONE,1,400203217,Along Roadway,2025,1735862400000,1700,Suspected Minor Injury,0,1,0,1,1,Ditch,NO COLLISION W/ VEHICLE,Clear,Daylight,Automatic,-86.63473433534782,36.042712494763656
321788,129899,190D306001,0.316,NON_JUNCTION,Unknown,--,DAVIDSON,0D306,0-NONE,1,400203318,Along Roadway,2025,1735862400000,2100,Prop Damage (over),0,0,0,0,2,Parked Motor Vehicle,"SIDESWIPE, SAME DIR",Clear,Dark-Lighted,Automatic,-86.82463834942247,36.16284044554829
326022,134134,1904169001,0.28600000000000003,NON_JUNCTION,--,--,DAVIDSON,04169,0-NONE,1,400202997,Along Roadway,2025,1735862400000,640,Prop Damage (over),0,0,0,0,2,Vehicle in Transport,ANGLE,Clear,Daylight,Automatic,-86.65026235305787,36.04359255630677
327635,135747,190A544001,0.36300000000000004,NON_JUNCTION,--,--,DAVIDSON,0A544,0-NONE,1,400203244,Along Roadway,2025,1735862400000,1700,Prop Damage (over),0,0,0,0,2,Vehicle in Transport,ANGLE,Clear,Dark-Lighted,Automatic,-86.70570432116544,36.262710760466085
328365,136477,190C304001,0.918,NON_JUNCTION,--,--,DAVIDSON,0C304,0-NONE,1,400203049,Along Roadway,2025,1735862400000,1023,Prop Damage (over),0,0,0,0,1,Utility Pole,NO COLLISION W/ VEHICLE,Clear,Daylight,Automatic,-86.71698117834285,36.08517221983334
329657,137769,190F113001,0.24,NON_JUNCTION,--,--,DAVIDSON,0F113,0-NONE,1,400203025,Along Roadway,2025,1735862400000,845,Prop Damage (over),0,0,0,0,2,Vehicle in Transport,REAR-END,Clear,Daylight,Automatic,-86.8079243603445,36.13831252508284
329692,137804,190F147001,0.47800000000000004,NON_JUNCTION,--,--,DAVIDSON,0F147,0-NONE,1,400203271,Along Roadway,2025,1735862400000,1500,Prop Damage (over),0,0,0,0,2,Vehicle in Transport,ANGLE,Clear,Daylight,Automatic,-86.80479762355844,36.14256092937611
330638,138753,19I0024001,3.076,NON_JUNCTION,--,--,DAVIDSON,I0024,0-NONE,1,400203322,Along Roadway,2025,1735862400000,0,Prop Damage (over),0,0,0,0,2,Vehicle in Transport,REAR-END,Clear,Dark-Not Lighted,Automatic,-86.86706211120267,36.32382434654595
332088,140203,19I0024001,20.794,NON_JUNCTION,--,--,DAVIDSON,I0024,0-NONE,1,400203124,Along Roadway,2025,1735862400000,0,Prop Damage (over),0,0,0,0,2,Thrown or Falling Object,NO COLLISION W/ VEHICLE,Clear,Daylight,Automatic,-86.69579050941451,36.07889147148807
335596,143711,19I0065001,12.084000000000001,NON_JUNCTION,--,--,DAVIDSON,I0065,0-NONE,1,400203206,Along Roadway,2025,1735862400000,1331,Prop Damage (over),0,0,0,0,3,Vehicle in Transport,REAR-END,Clear,Daylight,Automatic,-86.77560893588368,36.211619784084796
337584,145699,19SR006001,6.083,NON_JUNCTION,--,--,DAVIDSON,SR006,0-NONE,1,400204455,Along Roadway,2025,1735862400000,1415,Prop Damage (over),0,0,0,0,2,Vehicle in Transport,"SIDESWIPE, SAME DIR",Clear,Daylight,Automatic,-86.7752866926915,36.121023971010494
339207,147322,19SR012001,5.728000000000001,NON_JUNCTION,--,--,DAVIDSON,SR012,0-NONE,1,400203077,Along Roadway,2025,1735862400000,1141,Prop Damage (over),0,0,0,0,2,Vehicle in Transport,ANGLE,Clear,Daylight,Automatic,-86.85798547239773,36.207669680179045
340702,148817,19SR112001,1.469,NON_JUNCTION,--,--,DAVIDSON,SR112,0-NONE,1,400203201,Along Roadway,2025,1735862400000,1557,Prop Damage (over),0,0,0,0,2,Vehicle in Transport,REAR-END,Clear,Daylight,Automatic,-86.83716557705668,36.218079571630426
341015,149130,19SR155001,10.811,NON_JUNCTION,--,--,DAVIDSON,SR155,0-NONE,1,400203116,Along Roadway,2025,1735862400000,1304,Prop Damage (over),0,0,0,0,2,Vehicle in Transport,"SIDESWIPE, SAME DIR",Clear,Daylight,Automatic,-86.68871224300423,36.20089237149232
383632,191750,1903289001,1.96,INTERSECTION,On Roadway,--,DAVIDSON,03289,0-NONE,1,400203167,At an Intersection,2025,1735862400000,1339,Prop Damage (over),0,0,0,0,2,Vehicle in Transport,ANGLE,Clear,Daylight,Automatic,-86.74372058426543,36.04116997849846
384143,192261,1904169001,3.14,INTERSECTION,On Roadway,--,DAVIDSON,04169,0-NONE,1,400203078,At an Intersection,2025,1735862400000,1145,Prop Damage (over),0,0,0,0,2,Vehicle in Transport,REAR-END,Clear,Daylight,Automatic,-86.68456107879511,36.070266368037366
384911,193029,1904916001,1.183,INTERSECTION,On Roadway,--,DAVIDSON,04916,0-NONE,1,400203323,At an Intersection,2025,1735862400000,1552,Prop Damage (over),0,0,0,0,2,Vehicle in Transport,ANGLE,Clear,Daylight,Automatic,-86.75155322465865,36.19334264263874
386243,194361,190D319001,0.642,INTERSECTION,On Roadway,--,DAVIDSON,0D319,0-NONE,1,400203321,At an Intersection,2025,1735862400000,2034,Suspected Serious Injury,0,1,1,0,2,Vehicle in Transport,ANGLE,Clear,Dark-Lighted,Automatic,-86.80991536308264,36.1710685971267
387059,195177,19SR001001,13.16,INTERSECTION,On Roadway,--,DAVIDSON,SR001,0-NONE,1,400203229,At an Intersection,2025,1735862400000,1550,Prop Damage (over),0,0,0,0,2,Vehicle in Transport,ANGLE,Clear,Daylight,Automatic,-86.84760845443923,36.124951497648105
390776,198894,19SR024001,9.02,INTERSECTION,On Roadway,--,DAVIDSON,SR024,0-NONE,1,400202940,At an Intersection,2025,1735862400000,3,Suspected Serious Injury,0,5,1,4,3,Vehicle in Transport,ANGLE,Clear,Dark-Lighted,Automatic,-86.84220543959262,36.152180557167355
391803,199921,19SR045001,14.384,INTERSECTION,On Roadway,--,DAVIDSON,SR045,0-NONE,1,400203220,At an Intersection,2025,1735862400000,1709,Suspected Minor Injury,0,2,0,2,2,Vehicle in Transport,ANGLE,Clear,Daylight,Automatic,-86.62347192399378,36.216799687372685
392002,200120,19SR045001,17.94,INTERSECTION,On Roadway,--,DAVIDSON,SR045,0-NONE,1,400203294,At an Intersection,2025,1735862400000,1847,Prop Damage (over),0,0,0,0,2,Vehicle in Transport,ANGLE,Clear,Dark-Lighted,Automatic,-86.60127287634917,36.17020358323604
392146,200264,19SR065001,5.17,INTERSECTION,On Roadway,--,DAVIDSON,SR065,0-NONE,1,400203326,At an Intersection,2025,1735862400000,2230,Prop Damage (over),0,0,0,0,2,Vehicle in Transport,ANGLE,Clear,Dark-Lighted,Automatic,-86.82991940280192,36.25250377690686
393151,201269,19SR254001,7.612,INTERSECTION,On Roadway,--,DAVIDSON,SR254,0-NONE,1,400203044,At an Intersection,2025,1735862400000,1015,Suspected Minor Injury,0,1,0,1,3,Vehicle in Transport,ANGLE,Clear,Daylight,Automatic,-86.77931630183382,36.04092830956551
415892,224017,1904939001,2.116,INTERSECTION,--,--,DAVIDSON,04939,0-NONE,1,400203225,At an Intersection,2025,1735862400000,1503,Prop Damage (over),0,0,0,0,2,Vehicle in Transport,ANGLE,Clear,Daylight,Automatic,-86.71808514700366,36.1866156260152
417201,225326,19SR011001,17.492,INTERSECTION,--,--,DAVIDSON,SR011,0-NONE,1,400203100,At an Intersection,2025,1735862400000,1249,Prop Damage (over),0,0,0,0,2,Vehicle in Transport,ANGLE,Clear,Daylight,Automatic,-86.75703836373981,36.241938882725115
418064,226189,19SR254001,15.49,INTERSECTION,--,--,DAVIDSON,SR254,0-NONE,1,400203163,At an Intersection,2025,1735862400000,1250,Prop Damage (over),0,0,0,0,2,Vehicle in Transport,ANGLE,Clear,Daylight,Automatic,-86.64931721790958,36.04991320283072
427488,235614,1904912001,0.21400000000000002,INTERSECTION RELATED,On Roadway,--,DAVIDSON,04912,0-NONE,1,400203011,At an Intersection,2025,1735862400000,250,Prop Damage (over),0,0,0,0,2,Vehicle in Transport,ANGLE,Clear,Unknown,Automatic,-86.75918624678178,36.14604653946203
439061,247189,19SR001001,24.82,INTERSECTION RELATED,--,--,DAVIDSON,SR001,0-NONE,1,400203161,At an Intersection,2025,1735862400000,1421,Prop Damage (over),0,0,0,0,2,Vehicle in Transport,REAR-END,Clear,Daylight,Automatic,-86.67301904866059,36.10616244689864
444991,253121,19I0065001,5.333,ENTRENCE/EXIT RAMP RELATED,On Roadway,--,DAVIDSON,I0065,0-NONE,1,400202995,Ramp,2025,1735862400000,620,Prop Damage (over),0,0,0,0,2,Vehicle in Transport,"SIDESWIPE, SAME DIR",Clear,Daylight,Automatic,-86.76840262021322,36.10727036333834
445947,254077,19SR255001,4.4030000000000005,ENTRENCE/EXIT RAMP RELATED,On Roadway,--,DAVIDSON,SR255,0-NONE,1,400203280,Ramp,2025,1735862400000,1940,Prop Damage (over),0,0,0,0,2,Vehicle in Transport,ANGLE,Clear,Dark-Lighted,Automatic,-86.69879688876885,36.08640367874702
449512,257642,19I0065001,9.022,ENTRENCE/EXIT RAMP RELATED,--,--,DAVIDSON,I0065,0-NONE,1,400203137,Ramp,2025,1735862400000,1304,Prop Damage (over),0,0,0,0,2,Vehicle in Transport,"SIDESWIPE, SAME DIR",Clear,Daylight,Automatic,-86.80034881369413,36.18010529247814
449653,257783,19SR006001,16.64,ENTRENCE/EXIT RAMP RELATED,--,--,DAVIDSON,SR006,0-NONE,1,400203216,Ramp,2025,1735862400000,1615,Prop Damage (over),0,0,0,0,2,Vehicle in Transport,"SIDESWIPE, SAME DIR",Clear,Dusk,Automatic,-86.72431425622192,36.23723303519326
460547,268681,1903258001,1.647,--,--,--,DAVIDSON,03258,0-NONE,1,400203175,Along Roadway,2025,1735862400000,1437,Prop Damage (under),0,0,0,0,2,--,--,--,--,Automatic,-86.79921833766244,36.17136859667005
461587,269721,190E255001,1.0470000000000002,--,--,--,DAVIDSON,0E255,0-NONE,1,400203072,Along Roadway,2025,1735862400000,820,Prop Damage (under),0,0,0,0,1,--,--,--,--,Automatic,-86.7819509327984,36.168316523688716
461687,269821,190F017001,0.02,--,--,--,DAVIDSON,0F017,0-NONE,1,400203055,Along Roadway,2025,1735862400000,1114,Prop Damage (under),0,0,0,0,1,--,--,--,--,Automatic,-86.77996903575504,36.12270394147801
200261,8359,1904946001,1.745,NON_JUNCTION,On Roadway,--,DAVIDSON,04946,0-NONE,1,400202760,Along Roadway,2025,1735776000000,1528,Possible Injury,0,1,0,1,2,Vehicle in Transport,ANGLE,Clear,Daylight,Automatic,-86.71773065162995,36.12176556957657
200927,9025,1904964001,2.5140000000000002,NON_JUNCTION,On Roadway,--,DAVIDSON,04964,0-NONE,1,400202525,Along Roadway,2025,1735776000000,430,Possible Injury,0,1,0,1,2,Vehicle in Transport,ANGLE,Clear,Dark-Lighted,Automatic,-86.60719521757616,36.08726703908268
201504,9602,1906063001,1.3050000000000002,NON_JUNCTION,On Roadway,--,DAVIDSON,06063,0-NONE,1,400202883,Along Roadway,2025,1735776000000,1810,Suspected Minor Injury,0,1,0,1,2,Vehicle in Transport,ANGLE,Clear,Dark-Lighted,Automatic,-86.66695416475463,36.08111716525173
202114,10212,190A607001,1.5150000000000001,NON_JUNCTION,On Roadway,--,DAVIDSON,0A607,0-NONE,1,400202684,Along Roadway,2025,1735776000000,1245,Prop Damage (over),0,0,0,0,2,Vehicle in Transport,ANGLE,Clear,Daylight,Automatic,-86.70063005307779,36.267640889341166
202305,10403,190B036001,0.004,NON_JUNCTION,On Roadway,--,DAVIDSON,0B036,0-NONE,1,400202791,Along Roadway,2025,1735776000000,1632,Prop Damage (over),0,0,0,0,2,Vehicle in Transport,"SIDESWIPE, SAME DIR",Clear,Daylight,Automatic,-86.62563581575426,36.153914411120354
203924,12022,190D276001,0.35400000000000004,NON_JUNCTION,On Roadway,--,DAVIDSON,0D276,0-NONE,1,400202725,Along Roadway,2025,1735776000000,1230,Possible Injury,0,1,0,1,2,Vehicle in Transport,REAR-END,Clear,Daylight,Automatic,-86.84021182360999,36.15966652305118
206198,14299,190G069001,0.0,NON_JUNCTION,On Roadway,--,DAVIDSON,0G069,0-NONE,1,400202705,Along Roadway,2025,1735776000000,1106,Possible Injury,0,2,0,2,2,Vehicle in Transport in other Roadway,ANGLE,Clear,Daylight,Automatic,-86.74348520342407,36.21747269484532
206997,15099,19I0024001,6.246,NON_JUNCTION,On Roadway,--,DAVIDSON,I0024,0-NONE,1,400202622,Along Roadway,2025,1735776000000,1028,Prop Damage (over),0,0,0,0,3,Vehicle in Transport,REAR-END,Clear,Daylight,Automatic,-86.81658102707517,36.30595755999851
209161,17263,19I0024001,17.663,NON_JUNCTION,On Roadway,--,DAVIDSON,I0024,0-NONE,1,400202828,Along Roadway,2025,1735776000000,1730,Prop Damage (under),0,0,0,0,2,Vehicle in Transport,REAR-END,Clear,Dark-Lighted,Automatic,-86.72567770880394,36.116890937060965
210834,18936,19I0024001,23.518,NON_JUNCTION,On Roadway,--,DAVIDSON,I0024,0-NONE,1,400203207,Along Roadway,2025,1735776000000,2114,Prop Damage (over),0,0,0,0,2,Vehicle in Transport,"SIDESWIPE, SAME DIR",Clear,Dark-Lighted,Automatic,-86.66511163562546,36.04878127994288
217169,25271,19I0065001,9.022,NON_JUNCTION,On Roadway,--,DAVIDSON,I0065,0-NONE,1,400202778,Along Roadway,2025,1735776000000,1555,Prop Damage (over),0,0,0,0,1,Other Object (not fixed),NO COLLISION W/ VEHICLE,Clear,Dusk,Automatic,-86.80034881369413,36.18010529247814
217933,26035,19I0065001,11.468,NON_JUNCTION,On Roadway,--,DAVIDSON,I0065,0-NONE,1,400202682,Along Roadway,2025,1735776000000,1304,Prop Damage (over),0,0,0,0,2,Vehicle in Transport,"SIDESWIPE, SAME DIR",Clear,Daylight,Automatic,-86.77659649631066,36.2027103674352
218885,26987,19I0065001,16.321,NON_JUNCTION,On Roadway,--,DAVIDSON,I0065,0-NONE,1,400202688,Along Roadway,2025,1735776000000,1100,Prop Damage (over),0,0,0,0,2,Vehicle in Transport,REAR-END,Clear,Daylight,Automatic,-86.73822618802426,36.25998064480323
221236,29338,19SR001001,22.645,NON_JUNCTION,On Roadway,--,DAVIDSON,SR001,0-NONE,1,400202822,Along Roadway,2025,1735776000000,1545,Suspected Minor Injury,0,1,0,1,2,Vehicle in Transport,ANGLE,Clear,Daylight,Automatic,-86.70581985818598,36.1225331237595
223565,31667,19SR006001,12.499,NON_JUNCTION,On Roadway,--,DAVIDSON,SR006,0-NONE,1,400202588,Along Roadway,2025,1735776000000,800,Suspected Minor Injury,0,1,0,1,2,Vehicle in Transport,ANGLE,Clear,Daylight,Automatic,-86.7520109743049,36.1978453437762
223882,31984,19SR006001,17.523,NON_JUNCTION,On Roadway,--,DAVIDSON,SR006,0-NONE,1,400202845,Along Roadway,2025,1735776000000,1744,Prop Damage (over),0,0,0,0,2,Vehicle in Transport,"SIDESWIPE, SAME DIR",Clear,Dark-Lighted,Automatic,-86.71952252787024,36.24923562481759
226486,34588,19SR011001,17.582,NON_JUNCTION,On Roadway,--,DAVIDSON,SR011,0-NONE,1,400202866,Along Roadway,2025,1735776000000,1919,Possible Injury,0,1,0,1,2,Vehicle in Transport,"SIDESWIPE, SAME DIR",Clear,Dark-Lighted,Automatic,-86.75672523415177,36.24321641317823
227674,35776,19SR024001,8.184000000000001,NON_JUNCTION,On Roadway,--,DAVIDSON,SR024,0-NONE,1,400202663,Along Roadway,2025,1735776000000,1150,Possible Injury,0,1,0,1,3,Vehicle in Transport,ANGLE,Clear,Daylight,Automatic,-86.8569761398311,36.150346430602895
229601,37703,19SR045001,16.84,NON_JUNCTION,On Roadway,--,DAVIDSON,SR045,0-NONE,1,400202612,Along Roadway,2025,1735776000000,955,Prop Damage (over),0,0,0,0,2,Vehicle in Transport,ANGLE,Clear,Daylight,Automatic,-86.61089752906845,36.18360187611028
283774,91878,190B328001,0.459,NON_JUNCTION,Roadside -- Left,--,DAVIDSON,0B328,0-NONE,1,400202513,Along Roadway,2025,1735776000000,30,Prop Damage (over),0,0,0,0,1,Ditch,NO COLLISION W/ VEHICLE,Clear,Dark-Lighted,Automatic,-86.67774309162047,36.0399471487103
285147,93251,19SR155001,10.243,NON_JUNCTION,Roadside -- Left,--,DAVIDSON,SR155,0-NONE,1,400202598,Along Roadway,2025,1735776000000,924,Prop Damage (over),0,0,0,0,1,Concrete Traffic Barrier,NO COLLISION W/ VEHICLE,Clear,Daylight,Automatic,-86.687144083939,36.192772737120904
298131,106237,19SR100001,9.394,NON_JUNCTION,Roadside -- Right,--,DAVIDSON,SR100,0-NONE,1,400202599,Along Roadway,2025,1735776000000,0,Fatal,1,0,0,0,1,Standing Tree,NO COLLISION W/ VEHICLE,Unknown,Dark-Not Lighted,Automatic,-86.89914146032666,36.067333165689895
314509,122619,190F124001,0.168,NON_JUNCTION,Outside Trafficway,--,DAVIDSON,0F124,0-NONE,1,400202670,Along Roadway,2025,1735776000000,1240,Possible Injury,0,1,0,1,1,Curb,NO COLLISION W/ VEHICLE,Clear,Daylight,Automatic,-86.79782796229249,36.13661389540539
319106,127217,190B308001,0.14800000000000002,NON_JUNCTION,15,--,DAVIDSON,0B308,0-NONE,1,400202936,Along Roadway,2025,1735776000000,2346,Prop Damage (over),0,0,0,0,1,Utility Pole,NO COLLISION W/ VEHICLE,Clear,Dark-Lighted,Automatic,-86.66311910274955,36.046262973654976
324945,133056,1903251001,2.552,NON_JUNCTION,--,--,DAVIDSON,03251,0-NONE,1,400202775,Along Roadway,2025,1735776000000,1430,Prop Damage (under),0,0,0,0,2,Vehicle in Transport,ANGLE,Clear,Daylight,Automatic,-86.83088299925014,36.19397929049281
327427,135539,190A126001,0.194,NON_JUNCTION,--,--,DAVIDSON,0A126,0-NONE,1,400202577,Along Roadway,2025,1735776000000,801,Prop Damage (over),0,0,0,0,1, Bridge/Overhead Structure,NO COLLISION W/ VEHICLE,Clear,Daylight,Automatic,-86.86093528168125,36.20564453254996
328826,136938,190D583001,0.078,NON_JUNCTION,--,--,DAVIDSON,0D583,0-NONE,1,400202790,Along Roadway,2025,1735776000000,1527,Prop Damage (over),0,0,0,0,2,Vehicle in Transport,ANGLE,Clear,Daylight,Automatic,-86.77837213692602,36.21306077303674
330573,138688,19I0024001,1.298,NON_JUNCTION,--,--,DAVIDSON,I0024,0-NONE,1,400204999,Along Roadway,2025,1735776000000,915,Prop Damage (over),0,0,0,0,2,Vehicle in Transport,REAR-END,Clear,Daylight,Automatic,-86.89774941039028,36.32995950667444
334792,142907,19I0065001,0.304,NON_JUNCTION,--,--,DAVIDSON,I0065,0-NONE,1,400203126,Along Roadway,2025,1735776000000,1829,Prop Damage (over),0,0,0,0,2,Vehicle in Transport,REAR-END,Clear,Daylight,Automatic,-86.78247649901891,36.03938728909925
335211,143326,19I0065001,9.761000000000001,NON_JUNCTION,--,--,DAVIDSON,I0065,0-NONE,1,400202721,Along Roadway,2025,1735776000000,1329,Prop Damage (over),0,0,0,0,3,Vehicle in Transport,REAR TO REAR,Clear,Daylight,Automatic,-86.79298845730283,36.188716930023
337931,146046,19SR006001,16.614,NON_JUNCTION,--,--,DAVIDSON,SR006,0-NONE,1,400202832,Along Roadway,2025,1735776000000,1500,Prop Damage (over),0,0,0,0,2,Vehicle in Transport,"SIDESWIPE, SAME DIR",Clear,Daylight,Automatic,-86.7244206436404,36.23685869963917
338169,146284,19SR006001,19.298000000000002,NON_JUNCTION,--,--,DAVIDSON,SR006,0-NONE,1,400202788,Along Roadway,2025,1735776000000,1550,Prop Damage (over),0,0,0,0,2,Motor Vehicle-In-Motion Outside Trafficway,REAR-END,Clear,Daylight,Automatic,-86.70999132069996,36.27344968342553
338586,146701,19SR011001,7.18,NON_JUNCTION,--,--,DAVIDSON,SR011,0-NONE,1,400202720,Along Roadway,2025,1735776000000,1400,Prop Damage (over),0,0,0,0,2,Vehicle in Transport,REAR-END,Clear,Daylight,Automatic,-86.72701520877577,36.081793453620186
340461,148576,19SR106001,4.7090000000000005,NON_JUNCTION,--,--,DAVIDSON,SR106,0-NONE,1,400202614,Along Roadway,2025,1735776000000,952,Prop Damage (over),0,0,0,0,3,Vehicle in Transport,REAR-END,Clear,Daylight,Automatic,-86.81836424459847,36.101282588242256
340678,148793,19SR106001,8.569,NON_JUNCTION,--,--,DAVIDSON,SR106,0-NONE,1,400202585,Along Roadway,2025,1735776000000,830,Prop Damage (under),0,0,0,0,1,Work Vehicle,NO COLLISION W/ VEHICLE,Clear,Daylight,Automatic,-86.79529018076015,36.15210149884248
385856,193974,190A747001,1.2,INTERSECTION,On Roadway,--,DAVIDSON,0A747,0-NONE,1,400202687,At an Intersection,2025,1735776000000,1248,Possible Injury,0,1,0,1,3,Vehicle in Transport,ANGLE,Clear,Daylight,Automatic,-86.63606295157848,36.239145736632594
386274,194392,190D385001,0.632,INTERSECTION,On Roadway,--,DAVIDSON,0D385,0-NONE,1,400202591,At an Intersection,2025,1735776000000,810,Prop Damage (over),0,0,0,0,2,Vehicle in Transport,ANGLE,Clear,Daylight,Automatic,-86.80927835969487,36.185286628410566
391590,199708,19SR045001,6.07,INTERSECTION,On Roadway,--,DAVIDSON,SR045,0-NONE,1,400202582,At an Intersection,2025,1735776000000,802,Prop Damage (over),0,0,0,0,2,Vehicle in Transport,HEAD-ON,Clear,Daylight,Automatic,-86.73224717424493,36.264496797635076
391914,200032,19SR045001,17.308,INTERSECTION,On Roadway,--,DAVIDSON,SR045,0-NONE,1,400202516,At an Intersection,2025,1735776000000,150,Prop Damage (under),0,0,0,0,2,Vehicle in Transport,"SIDESWIPE, SAME DIR",Clear,Dark-Not Lighted,Automatic,-86.6056146192247,36.17855960820026
391959,200077,19SR045001,17.88,INTERSECTION,On Roadway,--,DAVIDSON,SR045,0-NONE,1,400202854,At an Intersection,2025,1735776000000,1855,Suspected Minor Injury,0,3,0,3,2,Vehicle in Transport,ANGLE,Clear,Dark-Lighted,Automatic,-86.60154523551815,36.17104510538235
393324,201442,19SR254001,11.576,INTERSECTION,On Roadway,--,DAVIDSON,SR254,0-NONE,1,400202748,At an Intersection,2025,1735776000000,1445,Prop Damage (over),0,0,0,0,2,Vehicle in Transport,ANGLE,Clear,Daylight,Automatic,-86.71471715056889,36.045217315256984
415586,223711,1903292001,1.4000000000000001,INTERSECTION,--,--,DAVIDSON,03292,0-NONE,1,400202726,At an Intersection,2025,1735776000000,1343,Prop Damage (over),0,0,0,0,2,Vehicle in Transport,REAR-END,Clear,Daylight,Automatic,-86.65105799230801,36.16461257391616
426982,235108,1903251001,1.7,INTERSECTION RELATED,On Roadway,--,DAVIDSON,03251,0-NONE,1,400202853,At an Intersection,2025,1735776000000,0,Possible Injury,0,1,0,1,2,Vehicle in Transport,ANGLE,Clear,Dark-Lighted,Automatic,-86.82048038462945,36.20244966645052
428666,236792,19SR011001,6.8500000000000005,INTERSECTION RELATED,On Roadway,--,DAVIDSON,SR011,0-NONE,1,400202793,At an Intersection,2025,1735776000000,1450,Prop Damage (under),0,0,0,0,2,Vehicle in Transport,REAR-END,Clear,Daylight,Automatic,-86.72559317315604,36.07711938577365
437636,245764,190A551001,0.309,INTERSECTION RELATED,Roadside -- Right,--,DAVIDSON,0A551,0-NONE,1,400202814,At an Intersection,2025,1735776000000,1553,Suspected Minor Injury,0,1,0,1,1,Standing Tree,NO COLLISION W/ VEHICLE,Clear,Daylight,Automatic,-86.68574506550746,36.25405077263808
438713,246841,1904451001,1.214,INTERSECTION RELATED,--,--,DAVIDSON,04451,0-NONE,1,400202810,At an Intersection,2025,1735776000000,1703,Prop Damage (over),0,0,0,0,2,Vehicle in Transport,REAR-END,Clear,Dusk,Automatic,-86.69573207455024,36.30936414742498
444611,252741,19I0040001,10.012,ENTRENCE/EXIT RAMP RELATED,On Roadway,--,DAVIDSON,I0040,0-NONE,1,400202685,Ramp,2025,1735776000000,1215,Prop Damage (over),0,0,0,0,2,Vehicle in Transport,REAR-END,Clear,Daylight,Automatic,-86.89840419831637,36.130837215375195
448874,257004,19I0040001,24.849,ENTRENCE/EXIT RAMP RELATED,14,--,DAVIDSON,I0040,0-NONE,1,400202531,Ramp,2025,1735776000000,453,Prop Damage (over),0,0,0,0,1,Concrete Traffic Barrier,NO COLLISION W/ VEHICLE,Clear,Dark-Lighted,Automatic,-86.67048551707721,36.141494120803145
457676,265807,19SR255001,8.867,OTHER,On Roadway,--,DAVIDSON,SR255,0-NONE,1,400202557,Along Roadway,2025,1735776000000,540,Prop Damage (over),0,0,0,0,2,Vehicle in Transport,"SIDESWIPE, SAME DIR",Clear,DARK-UNKNOWN LIGHTING,Automatic,-86.66382921287376,36.136702041037175
458599,266731,19SR006001,8.429,OTHER,--,--,DAVIDSON,SR006,0-NONE,1,400202736,Along Roadway,2025,1735776000000,1430,Prop Damage (over),0,0,0,0,2,Vehicle in Transport,ANGLE,Clear,Daylight,Automatic,-86.77942458960437,36.154512040379664
459431,267563,190D382001,0.082,UNKNOWN,Unknown,--,DAVIDSON,0D382,0-NONE,1,400202786,Along Roadway,2025,1735776000000,0,Prop Damage (over),0,0,0,0,1,Unknown Harmful Event,UNKNOWN,Unknown,Unknown,Automatic,-86.81277956094546,36.18857412719563
463531,271665,19SR001001,29.994,--,--,--,DAVIDSON,SR001,0-NONE,1,400202699,Along Roadway,2025,1735776000000,1225,Prop Damage (under),0,0,0,0,2,--,--,--,--,Automatic,-86.614407655114,36.050142587417724
194238,2332,1901011001,2.205,NON_JUNCTION,On Roadway,--,DAVIDSON,01011,0-NONE,1,400202269,Along Roadway,2025,1735689600000,38,Suspected Minor Injury,0,1,0,1,2,Vehicle in Transport,"SIDESWIPE, OPP DIR",Clear,Dark-Not Lighted,Automatic,-86.62593835561083,36.10081300044763
199458,7556,1904913001,0.379,NON_JUNCTION,On Roadway,--,DAVIDSON,04913,0-NONE,1,400202294,Along Roadway,2025,1735689600000,323,Prop Damage (over),0,0,0,0,2,Vehicle in Transport,REAR-END,Clear,Dark-Lighted,Automatic,-86.77485928211539,36.15946090258342
206004,14105,190F718001,0.866,NON_JUNCTION,On Roadway,--,DAVIDSON,0F718,0-NONE,1,400202273,Along Roadway,2025,1735689600000,142,Possible Injury,0,2,0,2,2,Vehicle in Transport,ANGLE,Clear,Dark-Lighted,Automatic,-86.78046867424261,36.163605861525205
208362,16464,19I0024001,15.489,NON_JUNCTION,On Roadway,--,DAVIDSON,I0024,0-NONE,1,400202289,Along Roadway,2025,1735689600000,0,Prop Damage (over),0,0,0,0,2,Vehicle in Transport,REAR-END,Cloudy,Dark-Lighted,Automatic,-86.76048022676594,36.15872638653765
208390,16492,19I0024001,15.542000000000002,NON_JUNCTION,On Roadway,--,DAVIDSON,I0024,0-NONE,1,400202308,Along Roadway,2025,1735689600000,0,Prop Damage (under),0,0,0,0,2,Vehicle in Transport,REAR-END,Clear,Dark-Lighted,Automatic,-86.76044556874562,36.15795654771715
213407,21509,19I0040001,19.287000000000003,NON_JUNCTION,On Roadway,--,DAVIDSON,I0040,0-NONE,1,400202257,Along Roadway,2025,1735689600000,0,Prop Damage (over),0,0,0,0,2,Vehicle in Transport,ANGLE,Cloudy,Dark-Lighted,Automatic,-86.76429509599814,36.153300711168555
222438,30540,19SR001001,28.714000000000002,NON_JUNCTION,On Roadway,--,DAVIDSON,SR001,0-NONE,1,400202455,Along Roadway,2025,1735689600000,1730,Possible Injury,0,1,0,1,2,Vehicle in Transport,ANGLE,Clear,Dark-Lighted,Automatic,-86.62853108893712,36.064823691958765
224088,32190,19SR006001,18.318,NON_JUNCTION,On Roadway,--,DAVIDSON,SR006,0-NONE,1,400202332,Along Roadway,2025,1735689600000,652,Prop Damage (over),0,0,0,0,4,Vehicle in Transport,ANGLE,Cloudy,Dawn,Automatic,-86.71315879614107,36.259545455248976
224809,32911,19SR011001,4.465,NON_JUNCTION,On Roadway,--,DAVIDSON,SR011,0-NONE,1,400202428,Along Roadway,2025,1735689600000,1335,Prop Damage (over),0,0,0,0,2,Vehicle in Transport,"SIDESWIPE, SAME DIR",Clear,Daylight,Automatic,-86.71327292532673,36.04512472379206
233235,41337,19SR254001,10.186,NON_JUNCTION,On Roadway,--,DAVIDSON,SR254,0-NONE,1,400202307,Along Roadway,2025,1735689600000,315,Prop Damage (over),0,0,0,0,2,Vehicle in Transport,REAR-END,Clear,Dark-Lighted,Automatic,-86.73486833590154,36.03903847554608
233260,41362,19SR254001,10.993,NON_JUNCTION,On Roadway,--,DAVIDSON,SR254,0-NONE,1,400202281,Along Roadway,2025,1735689600000,222,Prop Damage (over),0,0,0,0,2,Vehicle in Transport,REAR-END,Clear,Dark-Lighted,Automatic,-86.72482317515384,36.0447323144386
298138,106244,19SR106001,4.82,NON_JUNCTION,Roadside -- Right,--,DAVIDSON,SR106,0-NONE,1,400202311,Along Roadway,2025,1735689600000,344,Suspected Minor Injury,0,1,0,1,1,Utility Pole,NO COLLISION W/ VEHICLE,Clear,Dark-Lighted,Automatic,-86.8170539291754,36.10249258183727
311700,119808,1904961001,1.399,NON_JUNCTION,Off Roadway -- Location Unknown,--,DAVIDSON,04961,0-NONE,1,400202481,Along Roadway,2025,1735689600000,200,Prop Damage (over),0,0,0,0,1,Earth Embankment,NO COLLISION W/ VEHICLE,Unknown,Dark-Lighted,Automatic,-86.64177885680147,36.06743529092138
311736,119844,190A549001,0.14500000000000002,NON_JUNCTION,Off Roadway -- Location Unknown,--,DAVIDSON,0A549,0-NONE,1,400202305,Along Roadway,2025,1735689600000,0,Prop Damage (over),0,0,0,0,1,Mail Box,NO COLLISION W/ VEHICLE,Clear,Dark-Lighted,Automatic,-86.68835078150921,36.254139422586015
313662,121772,1903289001,4.442,NON_JUNCTION,Outside Trafficway,--,DAVIDSON,03289,0-NONE,1,400202351,Along Roadway,2025,1735689600000,900,Prop Damage (over),0,0,0,0,1,Utility Pole,NO COLLISION W/ VEHICLE,Clear,Daylight,Automatic,-86.73114759756685,36.07458855003574
317978,126089,190D847001,0.136,NON_JUNCTION,14,--,DAVIDSON,0D847,0-NONE,1,400202430,Along Roadway,2025,1735689600000,55,Prop Damage (over),0,0,0,0,1,Mail Box,NO COLLISION W/ VEHICLE,Cloudy,Dark-Not Lighted,Automatic,-86.72450608760609,36.21243145417772
319218,127329,190F110001,0.127,NON_JUNCTION,15,--,DAVIDSON,0F110,0-NONE,1,400202334,Along Roadway,2025,1735689600000,445,Prop Damage (under),0,0,0,0,2,Parked Motor Vehicle,"SIDESWIPE, SAME DIR",Clear,Dark-Lighted,Automatic,-86.81751938328875,36.135907598141124
319529,127640,19SR100001,1.6300000000000001,NON_JUNCTION,15,--,DAVIDSON,SR100,0-NONE,1,400202442,Along Roadway,2025,1735689600000,1735,Prop Damage (over),0,0,0,0,1,Standing Tree,NO COLLISION W/ VEHICLE,Clear,Dark-Not Lighted,Automatic,-87.02262156772566,36.02594245804227
326659,134771,1904914001,0.191,NON_JUNCTION,--,--,DAVIDSON,04914,0-NONE,1,400202254,Along Roadway,2025,1735689600000,100,Prop Damage (over),0,0,0,0,2,Vehicle in Transport,ANGLE,Clear,Dark-Lighted,Automatic,-86.79581633153569,36.15040755068267
327525,135637,190A362001,0.057,NON_JUNCTION,--,--,DAVIDSON,0A362,0-NONE,1,400202248,Along Roadway,2025,1735689600000,0,Prop Damage (over),0,0,0,0,2,Parked Motor Vehicle,"SIDESWIPE, OPP DIR",Clear,Dark-Lighted,Automatic,-86.7894138066155,36.27905858425232
328737,136849,190D386001,0.226,NON_JUNCTION,--,--,DAVIDSON,0D386,0-NONE,1,400202446,Along Roadway,2025,1735689600000,1700,Prop Damage (over),0,0,0,0,2,Parked Motor Vehicle,REAR-END,Clear,Dusk,Automatic,-86.80835565198191,36.18839681189771
329202,137314,190E234001,0.29400000000000004,NON_JUNCTION,--,--,DAVIDSON,0E234,0-NONE,1,400202470,Along Roadway,2025,1735689600000,0,Prop Damage (over),0,0,0,0,2,Parked Motor Vehicle,UNKNOWN,Unknown,Unknown,Automatic,-86.79881339161093,36.17367599919064
329428,137540,190E327001,0.202,NON_JUNCTION,--,--,DAVIDSON,0E327,0-NONE,1,400202336,Along Roadway,2025,1735689600000,430,Prop Damage (over),0,0,0,0,2,Parked Motor Vehicle,OTHER,Clear,Dark-Lighted,Automatic,-86.82180579110747,36.156223726047905
329542,137654,190E811001,0.013000000000000001,NON_JUNCTION,--,--,DAVIDSON,0E811,0-NONE,1,400202560,Along Roadway,2025,1735689600000,2330,Prop Damage (over),0,0,0,0,2,Parked Motor Vehicle,REAR-END,Clear,Dark-Not Lighted,Automatic,-86.69058618795007,36.0221302633695
331454,139569,19I0024001,15.706000000000001,NON_JUNCTION,--,--,DAVIDSON,I0024,0-NONE,1,400202297,Along Roadway,2025,1735689600000,0,Prop Damage (over),0,0,0,0,2,Vehicle in Transport,REAR-END,Clear,Dark-Lighted,Automatic,-86.76015747291416,36.15559112539193
338070,146185,19SR006001,18.352,NON_JUNCTION,--,--,DAVIDSON,SR006,0-NONE,1,400202436,Along Roadway,2025,1735689600000,1749,Prop Damage (over),0,0,0,0,2,Vehicle in Transport,REAR-END,Clear,Dark-Lighted,Automatic,-86.7129911009263,36.26002338753982
339990,148105,19SR045001,5.905,NON_JUNCTION,--,--,DAVIDSON,SR045,0-NONE,1,400202255,Along Roadway,2025,1735689600000,107,Prop Damage (over),0,0,0,0,2,Vehicle in Transport,REAR-END,Rain,Dark-Lighted,Automatic,-86.73518686302423,36.26427329909193
384264,192382,1904170001,1.516,INTERSECTION,On Roadway,--,DAVIDSON,04170,0-NONE,1,400202268,At an Intersection,2025,1735689600000,130,Prop Damage (over),0,0,0,0,2,Vehicle in Transport,ANGLE,Clear,Dark-Lighted,Automatic,-86.69388010095396,36.069576367764114
384890,193008,1904915001,1.096,INTERSECTION,On Roadway,--,DAVIDSON,04915,0-NONE,1,400202482,At an Intersection,2025,1735689600000,1700,Prop Damage (over),0,0,0,0,2,Vehicle in Transport,ANGLE,Clear,Daylight,Automatic,-86.7544662325449,36.18433262343156
385667,193785,1906061001,0.42800000000000005,INTERSECTION,On Roadway,--,DAVIDSON,06061,0-NONE,1,400202398,At an Intersection,2025,1735689600000,0,Suspected Minor Injury,0,2,0,2,2,Vehicle in Transport,ANGLE,Cloudy,Daylight,Automatic,-86.59005386027168,36.047224312518566
386789,194907,19I0024001,23.935000000000002,INTERSECTION,On Roadway,--,DAVIDSON,I0024,0-NONE,1,400202415,At an Intersection,2025,1735689600000,1455,Suspected Minor Injury,0,3,0,3,3,Vehicle in Transport,ANGLE,Clear,Daylight,Automatic,-86.65903669897453,36.04526834978244
387347,195465,19SR001001,17.07,INTERSECTION,On Roadway,--,DAVIDSON,SR001,0-NONE,1,400202276,At an Intersection,2025,1735689600000,131,Possible Injury,0,1,0,1,2,Vehicle in Transport,ANGLE,Clear,Dark-Lighted,Automatic,-86.78972031660963,36.15564456147542
387987,196105,19SR001001,26.606,INTERSECTION,On Roadway,--,DAVIDSON,SR001,0-NONE,1,400202312,At an Intersection,2025,1735689600000,325,Suspected Minor Injury,0,1,0,1,2,Vehicle in Transport,ANGLE,Clear,Dark-Lighted,Automatic,-86.65000499643779,36.08909140747529
388053,196171,19SR001001,27.342000000000002,INTERSECTION,On Roadway,--,DAVIDSON,SR001,0-NONE,1,400202283,At an Intersection,2025,1735689600000,158,Possible Injury,0,2,0,2,4,Vehicle in Transport,ANGLE,Clear,Dark-Lighted,Automatic,-86.64458798505663,36.0794813865787
389991,198109,19SR011001,15.592,INTERSECTION,On Roadway,--,DAVIDSON,SR011,0-NONE,1,400202496,At an Intersection,2025,1735689600000,2040,Suspected Minor Injury,0,1,0,1,2,Vehicle in Transport,ANGLE,Cloudy,Dark-Lighted,Automatic,-86.76397425204661,36.215109690961334
390754,198872,19SR024001,8.744,INTERSECTION,On Roadway,--,DAVIDSON,SR024,0-NONE,1,400202246,At an Intersection,2025,1735689600000,15,Prop Damage (over),0,0,0,0,2,Vehicle in Transport,HEAD-ON,Clear,Dark-Lighted,Automatic,-86.84718845137792,36.15200855704936
391953,200071,19SR045001,17.7,INTERSECTION,On Roadway,--,DAVIDSON,SR045,0-NONE,1,400202329,At an Intersection,2025,1735689600000,653,Suspected Minor Injury,0,2,0,2,2,Vehicle in Transport,ANGLE,Clear,Dark-Lighted,Automatic,-86.60217753366555,36.173620731374655
415091,223216,1901952001,0.8300000000000001,INTERSECTION,--,--,DAVIDSON,01952,0-NONE,1,400202487,At an Intersection,2025,1735689600000,1825,Prop Damage (over),0,0,0,0,2,Vehicle in Transport,ANGLE,Clear,Dark-Lighted,Automatic,-86.61424390561605,36.17473659417652
417393,225518,19SR024001,9.02,INTERSECTION,--,--,DAVIDSON,SR024,0-NONE,1,400202290,At an Intersection,2025,1735689600000,136,Prop Damage (over),0,0,0,0,2,Vehicle in Transport,HEAD-ON,Clear,Dark-Lighted,Automatic,-86.84220543959262,36.152180557167355
428262,236388,19SR001001,27.582,INTERSECTION RELATED,On Roadway,--,DAVIDSON,SR001,0-NONE,1,400202387,At an Intersection,2025,1735689600000,1344,Suspected Minor Injury,0,1,0,1,3,Vehicle in Transport,REAR-END,Cloudy,Daylight,Automatic,-86.64143597801026,36.077133380921445
429599,237725,19SR171001,0.17800000000000002,INTERSECTION RELATED,On Roadway,--,DAVIDSON,SR171,0-NONE,1,400202295,At an Intersection,2025,1735689600000,256,Possible Injury,0,1,0,1,2,Vehicle in Transport,REAR-END,Clear,Dark-Lighted,Automatic,-86.6198629320279,36.01684524760409
194124,2218,1901011001,0.312,NON_JUNCTION,On Roadway,--,DAVIDSON,01011,0-NONE,1,400202206,Along Roadway,2024,1735603200000,2025,Prop Damage (over),0,0,0,0,2,Vehicle in Transport,REAR-END,Clear,Dark-Lighted,Automatic,-86.63486926456858,36.07633174593595
197512,5609,1903295001,2.952,NON_JUNCTION,On Roadway,--,DAVIDSON,03295,0-NONE,1,400201881,Along Roadway,2024,1735603200000,0,Prop Damage (over),0,0,0,0,2,Vehicle in Transport,REAR-END,Clear,Dark-Lighted,Automatic,-86.82268305113311,36.18872549808218
199855,7953,1904927001,0.226,NON_JUNCTION,On Roadway,--,DAVIDSON,04927,0-NONE,1,400202215,Along Roadway,2024,1735603200000,1656,Suspected Minor Injury,0,2,0,2,2,Vehicle in Transport,HEAD-ON,Rain,Dusk,Automatic,-86.81687227279966,36.27677401029156
202480,10578,190B262001,0.108,NON_JUNCTION,On Roadway,--,DAVIDSON,0B262,0-NONE,1,400202191,Along Roadway,2024,1735603200000,1944,Suspected Minor Injury,0,2,0,2,2,Vehicle in Transport,ANGLE,Cloudy,Dark-Not Lighted,Automatic,-86.62699968198893,36.07199443541954
202899,10997,190B625001,0.48700000000000004,NON_JUNCTION,On Roadway,--,DAVIDSON,0B625,0-NONE,1,400202286,Along Roadway,2024,1735603200000,2227,Prop Damage (over),0,0,0,0,2,Vehicle in Transport,ANGLE,Clear,Dark-Lighted,Automatic,-86.70381412990366,36.12379408695124
203639,11737,190C576001,1.327,NON_JUNCTION,On Roadway,--,DAVIDSON,0C576,0-NONE,1,400202199,Along Roadway,2024,1735603200000,1550,Possible Injury,0,1,0,1,2,Vehicle in Transport,REAR-END,Clear,Dusk,Automatic,-86.83076669665523,36.102075805997025
204407,12505,190D697001,0.312,NON_JUNCTION,On Roadway,--,DAVIDSON,0D697,0-NONE,1,400202231,Along Roadway,2024,1735603200000,2239,Suspected Minor Injury,0,1,0,1,2,Vehicle in Transport,ANGLE,Cloudy,Dark-Lighted,Automatic,-86.76372453683734,36.20912514628506
204943,13041,190E268001,0.544,NON_JUNCTION,On Roadway,--,DAVIDSON,0E268,0-NONE,1,400202005,Along Roadway,2024,1735603200000,904,Suspected Minor Injury,0,1,0,1,3,Vehicle in Transport,"SIDESWIPE, SAME DIR",Cloudy,Daylight,Automatic,-86.76759174190177,36.1529867213355
205279,13378,190E699001,0.006,NON_JUNCTION,On Roadway,--,DAVIDSON,0E699,0-NONE,1,400202110,Along Roadway,2024,1735603200000,1559,Suspected Minor Injury,0,1,0,1,1,Pedestrian,NO COLLISION W/ VEHICLE,Cloudy,Daylight,Automatic,-86.73374606604494,36.089993689746365
205464,13563,190F126001,0.048,NON_JUNCTION,On Roadway,--,DAVIDSON,0F126,0-NONE,1,400202045,Along Roadway,2024,1735603200000,1224,Prop Damage (over),0,0,0,0,2,Vehicle in Transport,"SIDESWIPE, OPP DIR",Cloudy,Daylight,Automatic,-86.79814410010675,36.137343474813306
206252,14353,190G546001,0.465,NON_JUNCTION,On Roadway,--,DAVIDSON,0G546,0-NONE,1,400202211,Along Roadway,2024,1735603200000,2050,Prop Damage (over),0,0,0,0,2,Vehicle in Transport,ANGLE,Clear,Dark-Lighted,Automatic,-86.62153849915661,36.041880995655845
209716,17818,19I0024001,19.477,NON_JUNCTION,On Roadway,--,DAVIDSON,I0024,0-NONE,1,400202040,Along Roadway,2024,1735603200000,830,Prop Damage (over),0,0,0,0,2,Vehicle in Transport,ANGLE,Clear,Daylight,Automatic,-86.70767702678782,36.09537233658851
212209,20311,19I0040001,11.085,NON_JUNCTION,On Roadway,--,DAVIDSON,I0040,0-NONE,1,400201992,Along Roadway,2024,1735603200000,0,Prop Damage (under),0,0,0,0,1,Other Object (not fixed),NO COLLISION W/ VEHICLE,Cloudy,Daylight,Automatic,-86.88413351629052,36.142302594875076
216673,24775,19I0065001,5.085,NON_JUNCTION,On Roadway,--,DAVIDSON,I0065,0-NONE,1,400202100,Along Roadway,2024,1735603200000,1525,Suspected Minor Injury,0,1,0,1,2,Vehicle in Transport,"SIDESWIPE, SAME DIR",Cloudy,Daylight,Automatic,-86.76624385897,36.104130081399006
221199,29301,19SR001001,22.252000000000002,NON_JUNCTION,On Roadway,--,DAVIDSON,SR001,0-NONE,1,400201918,Along Roadway,2024,1735603200000,409,Suspected Serious Injury,0,2,1,1,1,Pedestrian,NO COLLISION W/ VEHICLE,Clear,Dark-Lighted,Automatic,-86.7108217161524,36.1264406942157
222288,30390,19SR001001,28.243000000000002,NON_JUNCTION,On Roadway,--,DAVIDSON,SR001,0-NONE,1,400202219,Along Roadway,2024,1735603200000,1724,Prop Damage (over),0,0,0,0,3,Vehicle in Transport,"SIDESWIPE, SAME DIR",Clear,Dusk,Automatic,-86.63390936806715,36.06983103592446
226410,34512,19SR011001,17.061,NON_JUNCTION,On Roadway,--,DAVIDSON,SR011,0-NONE,1,400201999,Along Roadway,2024,1735603200000,1015,Prop Damage (over),0,0,0,0,2,Vehicle in Transport,REAR-END,Cloudy,Daylight,Automatic,-86.75818176907356,36.23577185986089
227614,35716,19SR024001,7.918,NON_JUNCTION,On Roadway,--,DAVIDSON,SR024,0-NONE,1,400202169,Along Roadway,2024,1735603200000,1605,Suspected Minor Injury,0,2,0,2,2,Vehicle in Transport,HEAD-ON,Cloudy,Daylight,Automatic,-86.86156601186255,36.14927947301314
229319,37421,19SR045001,11.069,NON_JUNCTION,On Roadway,--,DAVIDSON,SR045,0-NONE,1,400202217,Along Roadway,2024,1735603200000,1952,Suspected Minor Injury,0,1,0,1,2,Vehicle in Transport,ANGLE,Clear,Dark-Lighted,Automatic,-86.65242368011587,36.25496584912414
229778,37880,19SR065001,0.021,NON_JUNCTION,On Roadway,--,DAVIDSON,SR065,0-NONE,1,400202245,Along Roadway,2024,1735603200000,1924,Prop Damage (under),0,0,0,0,2,Vehicle in Transport,ANGLE,Clear,Dark-Lighted,Automatic,-86.76897257260582,36.20590878149695
230664,38766,19SR106001,8.407,NON_JUNCTION,On Roadway,--,DAVIDSON,SR106,0-NONE,1,400202244,Along Roadway,2024,1735603200000,2315,Suspected Minor Injury,0,1,0,1,2,Vehicle in Transport,ANGLE,Clear,Dark-Lighted,Automatic,-86.7972678058612,36.15031407982589
231338,39440,19SR155001,6.822,NON_JUNCTION,On Roadway,--,DAVIDSON,SR155,0-NONE,1,400202095,Along Roadway,2024,1735603200000,1450,Possible Injury,0,1,0,1,2,Vehicle in Transport,"SIDESWIPE, SAME DIR",Clear,Daylight,Automatic,-86.69170123136064,36.14877722267863
234244,42346,19SR254001,16.694,NON_JUNCTION,On Roadway,--,DAVIDSON,SR254,0-NONE,1,400202183,Along Roadway,2024,1735603200000,1937,Possible Injury,0,1,0,1,2,Vehicle in Transport,ANGLE,Clear,Dark-Lighted,Automatic,-86.63728405610584,36.063412837724336
312018,120126,19SR065001,14.812000000000001,NON_JUNCTION,Off Roadway -- Location Unknown,--,DAVIDSON,SR065,0-NONE,1,400201995,Along Roadway,2024,1735603200000,1011,Suspected Minor Injury,0,1,0,1,1,Ditch,NO COLLISION W/ VEHICLE,Cloudy,Daylight,Automatic,-86.89248868634402,36.37323686124144
313297,121406,190C115001,0.6880000000000001,NON_JUNCTION,Gore,--,DAVIDSON,0C115,0-NONE,1,400202209,Along Roadway,2024,1735603200000,2118,Prop Damage (over),0,0,0,0,1,Curb,NO COLLISION W/ VEHICLE,Rain,Dark-Not Lighted,Automatic,-86.73196211711662,36.0481812306151
319334,127445,19I0040001,7.997000000000001,NON_JUNCTION,15,--,DAVIDSON,I0040,0-NONE,1,400202202,Along Roadway,2024,1735603200000,2027,Suspected Serious Injury,0,1,1,0,1,Embankment Rock/Stone/Concrete,NO COLLISION W/ VEHICLE,Cloudy,Dark-Not Lighted,Automatic,-86.92510556291847,36.10942879995698
319573,127684,19SR155001,25.810000000000002,NON_JUNCTION,15,--,DAVIDSON,SR155,0-NONE,1,400201970,Along Roadway,2024,1735603200000,0,Prop Damage (over),0,0,0,0,1,Guardrail End,NO COLLISION W/ VEHICLE,Unknown,DARK-UNKNOWN LIGHTING,Automatic,-86.86947773808251,36.17308993323617
332905,141020,19I0040001,10.442,NON_JUNCTION,--,--,DAVIDSON,I0040,0-NONE,1,400202104,Along Roadway,2024,1735603200000,1500,Prop Damage (over),0,0,0,0,2,Vehicle in Transport,ANGLE,Cloudy,Daylight,Automatic,-86.89303451839419,36.13569494984763
332980,141095,19I0040001,12.565000000000001,NON_JUNCTION,--,--,DAVIDSON,I0040,0-NONE,1,400202646,Along Roadway,2024,1735603200000,1755,Prop Damage (over),0,0,0,0,2,Vehicle in Transport,"SIDESWIPE, SAME DIR",Rain,Dark-Not Lighted,Automatic,-86.85981725173578,36.15177124923273
333093,141208,19I0040001,14.34,NON_JUNCTION,--,--,DAVIDSON,I0040,0-NONE,1,400202224,Along Roadway,2024,1735603200000,2200,Prop Damage (over),0,0,0,0,2,Vehicle in Transport,"SIDESWIPE, SAME DIR",Clear,Dark-Lighted,Automatic,-86.82710573491981,36.1558600783061
334309,142424,19I0040001,22.652,NON_JUNCTION,--,--,DAVIDSON,I0040,0-NONE,1,400202115,Along Roadway,2024,1735603200000,1512,Prop Damage (over),0,0,0,0,1,Highway Traffic Sign Post,NO COLLISION W/ VEHICLE,Clear,Daylight,Automatic,-86.70928664574012,36.14237164767583
335021,143136,19I0065001,6.29,NON_JUNCTION,--,--,DAVIDSON,I0065,0-NONE,1,400201954,Along Roadway,2024,1735603200000,0,Prop Damage (over),0,0,0,0,2,Vehicle in Transport,"SIDESWIPE, SAME DIR",Clear,Dawn,Automatic,-86.7733997746278,36.1202586279273
335377,143492,19I0065001,11.138,NON_JUNCTION,--,--,DAVIDSON,I0065,0-NONE,1,400202149,Along Roadway,2024,1735603200000,1800,Prop Damage (over),0,0,0,0,2,Vehicle in Transport,REAR-END,Other,Dark-Lighted,Automatic,-86.77583825846578,36.197963302859705
337685,145800,19SR006001,8.428,NON_JUNCTION,--,--,DAVIDSON,SR006,0-NONE,1,400202237,Along Roadway,2024,1735603200000,0,Prop Damage (over),0,0,0,0,2,Vehicle in Transport,ANGLE,Cloudy,Dark-Lighted,Automatic,-86.77942288520858,36.15449352214285
338461,146576,19SR011001,5.1610000000000005,NON_JUNCTION,--,--,DAVIDSON,SR011,0-NONE,1,400201955,Along Roadway,2024,1735603200000,508,Prop Damage (over),0,0,0,0,2,Vehicle in Transport,"SIDESWIPE, SAME DIR",Cloudy,Dawn,Automatic,-86.71530020840109,36.05508340697893
340201,148316,19SR045001,16.849,NON_JUNCTION,--,--,DAVIDSON,SR045,0-NONE,1,400202229,Along Roadway,2024,1735603200000,2300,Prop Damage (over),0,0,0,0,2,Vehicle in Transport,ANGLE,Rain,Dark-Lighted,Automatic,-86.61076305615377,36.18352826888056
387512,195630,19SR001001,18.352,INTERSECTION,On Roadway,--,DAVIDSON,SR001,0-NONE,1,400202084,At an Intersection,2024,1735603200000,1014,Suspected Minor Injury,0,1,0,1,1,Pedestrian,NO COLLISION W/ VEHICLE,Clear,Dusk,Automatic,-86.77221966478466,36.15216518092779
388797,196915,19SR006001,17.43,INTERSECTION,On Roadway,--,DAVIDSON,SR006,0-NONE,1,400201996,At an Intersection,2024,1735603200000,1017,Suspected Minor Injury,0,1,0,1,2,Vehicle in Transport,ANGLE,Cloudy,Daylight,Automatic,-86.72034214694452,36.24800576143668
390403,198521,19SR012001,0.772,INTERSECTION,On Roadway,--,DAVIDSON,SR012,0-NONE,1,400202203,At an Intersection,2024,1735603200000,2030,Prop Damage (over),0,0,0,0,2,Vehicle in Transport,ANGLE,Clear,Dark-Lighted,Automatic,-86.79379232419207,36.17690060889425
390936,199054,19SR024001,11.83,INTERSECTION,On Roadway,--,DAVIDSON,SR024,0-NONE,1,400202216,At an Intersection,2024,1735603200000,2111,Prop Damage (over),0,0,0,0,2,Vehicle in Transport,"SIDESWIPE, SAME DIR",Clear,Dark-Lighted,Automatic,-86.79365632600403,36.16073557322363
391694,199812,19SR045001,8.777000000000001,INTERSECTION,On Roadway,--,DAVIDSON,SR045,0-NONE,1,400202154,At an Intersection,2024,1735603200000,1708,Prop Damage (over),0,0,0,0,2,Vehicle in Transport,ANGLE,Rain,Dark-Lighted,Automatic,-86.68427656573607,36.26344147205938
414187,222311,1904948001,0.901,INTERSECTION,Outside Trafficway,--,DAVIDSON,04948,0-NONE,1,400202200,At an Intersection,2024,1735603200000,2050,Suspected Minor Injury,0,1,0,1,1,Ditch,NO COLLISION W/ VEHICLE,Clear,Dark-Lighted,Automatic,-86.73695519625242,36.12362548857725
415901,224026,1904946001,0.872,INTERSECTION,--,--,DAVIDSON,04946,0-NONE,1,400202002,At an Intersection,2024,1735603200000,1100,Prop Damage (over),0,0,0,0,2,Vehicle in Transport,ANGLE,Cloudy,Daylight,Automatic,-86.72445969926153,36.11132798516102
426843,234969,1903241001,0.315,INTERSECTION RELATED,On Roadway,--,DAVIDSON,03241,0-NONE,1,400202124,At an Intersection,2024,1735603200000,1522,Prop Damage (over),0,0,0,0,2,Vehicle in Transport,"SIDESWIPE, SAME DIR",Rain,Daylight,Automatic,-86.78771931105514,36.16332357866183
439166,247294,19SR006001,18.57,INTERSECTION RELATED,--,--,DAVIDSON,SR006,0-NONE,1,400202227,At an Intersection,2024,1735603200000,2237,Prop Damage (over),0,0,0,0,2,Vehicle in Transport,REAR-END,Rain,Dark-Not Lighted,Automatic,-86.71190412660125,36.26311279427134
461558,269692,190E214001,0.611,--,--,--,DAVIDSON,0E214,0-NONE,1,400202000,Along Roadway,2024,1735603200000,1035,Prop Damage (under),0,0,0,0,1,--,--,--,--,Automatic,-86.7943068141023,36.179963864004776
462138,270272,19I0024001,15.547,--,--,--,DAVIDSON,I0024,0-NONE,1,400202014,Along Roadway,2024,1735603200000,1125,Prop Damage (under),0,0,0,0,2,--,--,--,--,Automatic,-86.76044229887535,36.15788392059019
465017,273151,19SR254001,17.240000000000002,--,--,--,DAVIDSON,SR254,0-NONE,1,400202117,Along Roadway,2024,1735603200000,1439,Prop Damage (under),0,0,0,0,2,--,--,--,--,Automatic,-86.63640310649316,36.07117266548464
195832,3926,1903252001,3.398,NON_JUNCTION,On Roadway,--,DAVIDSON,03252,0-NONE,1,400202987,Along Roadway,2024,1735516800000,1225,Prop Damage (over),0,0,0,0,2,Vehicle in Transport,ANGLE,Clear,Daylight,Automatic,-86.73270477911302,36.211457642205374
199692,7790,1904924001,0.328,NON_JUNCTION,On Roadway,--,DAVIDSON,04924,0-NONE,1,400201879,Along Roadway,2024,1735516800000,2326,Prop Damage (over),0,0,0,0,2,Vehicle in Transport,ANGLE,Clear,Dark-Lighted,Automatic,-86.80483696044872,36.22831856217954
202067,10165,190A604001,0.012,NON_JUNCTION,On Roadway,--,DAVIDSON,0A604,0-NONE,1,400201736,Along Roadway,2024,1735516800000,1605,Prop Damage (under),0,0,0,0,2,Vehicle in Transport,REAR-END,Clear,Dusk,Automatic,-86.69066588870172,36.272060189864035
207400,15502,19I0024001,13.026,NON_JUNCTION,On Roadway,--,DAVIDSON,I0024,0-NONE,1,400201755,Along Roadway,2024,1735516800000,1351,Possible Injury,0,1,0,1,2,Vehicle in Transport,REAR-END,Clear,Daylight,Automatic,-86.77623744193087,36.19117583549846
210585,18687,19I0024001,22.527,NON_JUNCTION,On Roadway,--,DAVIDSON,I0024,0-NONE,1,400201825,Along Roadway,2024,1735516800000,1612,Suspected Minor Injury,0,1,0,1,3,Vehicle in Transport,"SIDESWIPE, SAME DIR",Clear,Daylight,Automatic,-86.67819679029598,36.058353750004215
211323,19425,19I0024001,24.948,NON_JUNCTION,On Roadway,--,DAVIDSON,I0024,0-NONE,1,400201718,Along Roadway,2024,1735516800000,1456,Suspected Minor Injury,0,2,0,2,4,Vehicle in Transport,"SIDESWIPE, SAME DIR",Clear,Daylight,Automatic,-86.64489762774699,36.0361521729388
214712,22814,19I0040001,22.167,NON_JUNCTION,On Roadway,--,DAVIDSON,I0040,0-NONE,1,400201789,Along Roadway,2024,1735516800000,1800,Prop Damage (under),0,0,0,0,3,Vehicle in Transport,REAR-END,Clear,Dark-Lighted,Automatic,-86.71778406608196,36.14097614585009
217643,25745,19I0065001,10.951,NON_JUNCTION,On Roadway,--,DAVIDSON,I0065,0-NONE,1,400201570,Along Roadway,2024,1735516800000,700,Prop Damage (over),0,0,0,0,2,Vehicle in Transport,ANGLE,Clear,Daylight,Automatic,-86.7755243930763,36.19526421072119
219502,27604,19I0440001,1.356,NON_JUNCTION,On Roadway,--,DAVIDSON,I0440,0-NONE,1,400201775,Along Roadway,2024,1735516800000,1740,Prop Damage (over),0,0,0,0,3,Vehicle in Transport,REAR-END,Clear,Dark-Lighted,Automatic,-86.8226979616023,36.13893100751577
225760,33862,19SR011001,9.524000000000001,NON_JUNCTION,On Roadway,--,DAVIDSON,SR011,0-NONE,1,400201807,Along Roadway,2024,1735516800000,1803,Possible Injury,0,1,0,1,2,Vehicle in Transport,REAR-END,Clear,DARK-UNKNOWN LIGHTING,Automatic,-86.74566539372397,36.111777880054575
229087,37189,19SR045001,6.5200000000000005,NON_JUNCTION,On Roadway,--,DAVIDSON,SR045,0-NONE,1,400201874,Along Roadway,2024,1735516800000,2022,Suspected Minor Injury,0,1,0,1,2,Vehicle in Transport,ANGLE,Clear,DARK-UNKNOWN LIGHTING,Automatic,-86.7241978429232,36.264144890479066
229141,37243,19SR045001,7.159000000000001,NON_JUNCTION,On Roadway,--,DAVIDSON,SR045,0-NONE,1,400201611,Along Roadway,2024,1735516800000,1040,Possible Injury,0,1,0,1,3,Vehicle in Transport,REAR-END,Clear,Daylight,Automatic,-86.71280412858479,36.263200794328405
232296,40398,19SR171001,0.12,NON_JUNCTION,On Roadway,--,DAVIDSON,SR171,0-NONE,1,400201917,Along Roadway,2024,1735516800000,1700,Possible Injury,0,1,0,1,2,Vehicle in Transport,ANGLE,Rain,Dark-Lighted,Automatic,-86.62006430355423,36.015977536522016
233856,41958,19SR254001,14.585,NON_JUNCTION,On Roadway,--,DAVIDSON,SR254,0-NONE,1,400201839,Along Roadway,2024,1735516800000,2039,Suspected Minor Injury,0,1,0,1,2,Vehicle in Transport,REAR-END,Clear,Dark-Lighted,Automatic,-86.66359043295522,36.04487480088213
234068,42170,19SR254001,15.05,NON_JUNCTION,On Roadway,--,DAVIDSON,SR254,0-NONE,1,400201885,Along Roadway,2024,1735516800000,1800,Prop Damage (over),0,0,0,0,2,Vehicle in Transport,REAR-END,Clear,Dark-Lighted,Automatic,-86.65618607796195,36.04720017191846
283302,91406,1901011001,7.364000000000001,NON_JUNCTION,Roadside -- Left,--,DAVIDSON,01011,0-NONE,1,400201540,Along Roadway,2024,1735516800000,535,Prop Damage (under),0,0,0,0,1,Ditch,NO COLLISION W/ VEHICLE,Clear,Dark-Lighted,Automatic,-86.6067344404384,36.16564636208175
285058,93162,19SR045001,10.412,NON_JUNCTION,Roadside -- Left,--,DAVIDSON,SR045,0-NONE,1,400201537,Along Roadway,2024,1735516800000,435,Prop Damage (over),0,0,0,0,1,Building,NO COLLISION W/ VEHICLE,Clear,Dark-Lighted,Automatic,-86.66098177617282,36.26136263962762
294585,102689,1904877001,0.131,NON_JUNCTION,Roadside -- Right,--,DAVIDSON,04877,0-NONE,1,400201892,Along Roadway,2024,1735516800000,2220,Prop Damage (over),0,0,0,0,2,Parked Motor Vehicle,"SIDESWIPE, SAME DIR",Clear,Dark-Lighted,Automatic,-86.74987352180143,36.1782338102805
296200,104304,190E045001,0.028,NON_JUNCTION,Roadside -- Right,--,DAVIDSON,0E045,0-NONE,1,400201597,Along Roadway,2024,1735516800000,920,Prop Damage (under),0,0,0,0,2,Vehicle in Transport,"SIDESWIPE, SAME DIR",Clear,Daylight,Automatic,-86.74431229887023,36.19177241696594
325853,133965,1904161001,0.742,NON_JUNCTION,--,--,DAVIDSON,04161,0-NONE,1,400201776,Along Roadway,2024,1735516800000,1648,Prop Damage (over),0,0,0,0,2,Vehicle in Transport,"SIDESWIPE, SAME DIR",Clear,Dusk,Automatic,-86.76235686993265,36.10265278974313
325943,134055,1904167001,3.2510000000000003,NON_JUNCTION,--,--,DAVIDSON,04167,0-NONE,1,400201504,Along Roadway,2024,1735516800000,140,Prop Damage (over),0,0,0,0,1,Deer (Animal),NO COLLISION W/ VEHICLE,Clear,Dark-Lighted,Automatic,-86.6822631361838,36.152477671861554
328183,136295,190B821001,0.36,NON_JUNCTION,--,--,DAVIDSON,0B821,0-NONE,1,400201777,Along Roadway,2024,1735516800000,1718,Prop Damage (over),0,0,0,0,2,Vehicle in Transport,HEAD-ON,Clear,Dark-Lighted,Automatic,-86.72254716783672,36.05822734365216
329279,137391,190E267001,0.14500000000000002,NON_JUNCTION,--,--,DAVIDSON,0E267,0-NONE,1,400202751,Along Roadway,2024,1735516800000,1535,Prop Damage (over),0,0,0,0,2,Vehicle in Transport,"SIDESWIPE, SAME DIR",Clear,Daylight,Automatic,-86.78508672876974,36.16347511972647
330286,138399,190G265001,0.052000000000000005,NON_JUNCTION,--,--,DAVIDSON,0G265,0-NONE,1,400201656,Along Roadway,2024,1735516800000,1043,Prop Damage (over),0,0,0,0,1,Mail Box,NO COLLISION W/ VEHICLE,Clear,Daylight,Automatic,-86.97290596438383,36.072315602988
330302,138415,190G464001,0.031,NON_JUNCTION,--,--,DAVIDSON,0G464,0-NONE,1,400201645,Along Roadway,2024,1735516800000,1200,Prop Damage (over),0,0,0,0,2,Parked Motor Vehicle,ANGLE,Clear,Daylight,Automatic,-86.6377518035298,36.1794070085943
330934,139049,19I0024001,12.77,NON_JUNCTION,--,--,DAVIDSON,I0024,0-NONE,1,400201820,Along Roadway,2024,1735516800000,1810,Prop Damage (over),0,0,0,0,2,Vehicle in Transport,"SIDESWIPE, SAME DIR",Clear,Dark-Not Lighted,Automatic,-86.77470166005082,36.221462607216566
331151,139266,19I0024001,14.71,NON_JUNCTION,--,--,DAVIDSON,I0024,0-NONE,1,400201781,Along Roadway,2024,1735516800000,1725,Prop Damage (over),0,0,0,0,2,Vehicle in Transport,REAR-END,Clear,Dark-Lighted,Automatic,-86.76628046353818,36.168677284933224
331463,139578,19I0024001,15.89,NON_JUNCTION,--,--,DAVIDSON,I0024,0-NONE,1,400202719,Along Roadway,2024,1735516800000,1819,Prop Damage (over),0,0,0,0,2,Vehicle in Transport,"SIDESWIPE, SAME DIR",Cloudy,Dark-Not Lighted,Automatic,-86.7316400101647,36.14049881379026
332259,140374,19I0024001,22.527,NON_JUNCTION,--,--,DAVIDSON,I0024,0-NONE,1,400201819,Along Roadway,2024,1735516800000,1556,Prop Damage (over),0,0,0,0,2,Vehicle in Transport,REAR-END,Clear,Dusk,Automatic,-86.67819679029598,36.058353750004215
332262,140377,19I0024001,22.555,NON_JUNCTION,--,--,DAVIDSON,I0024,0-NONE,1,400201769,Along Roadway,2024,1735516800000,1641,Prop Damage (over),0,0,0,0,2,Vehicle in Transport,ANGLE,Clear,Dusk,Automatic,-86.67787377455463,36.05804297486094
334980,143095,19I0065001,5.555000000000001,NON_JUNCTION,--,--,DAVIDSON,I0065,0-NONE,1,400202634,Along Roadway,2024,1735516800000,1753,Prop Damage (over),0,0,0,0,2,Vehicle in Transport,"SIDESWIPE, SAME DIR",Cloudy,Dark-Lighted,Automatic,-86.77033510610453,36.11008133813937
338107,146222,19SR006001,18.539,NON_JUNCTION,--,--,DAVIDSON,SR006,0-NONE,1,400201824,Along Roadway,2024,1735516800000,1939,Prop Damage (over),0,0,0,0,2,Vehicle in Transport,REAR-END,Clear,Dark-Lighted,Automatic,-86.712083306884,36.26256285397894
338256,146371,19SR006001,21.134,NON_JUNCTION,--,--,DAVIDSON,SR006,0-NONE,1,400201805,Along Roadway,2024,1735516800000,1421,Prop Damage (over),0,0,0,0,2,Vehicle in Transport,REAR-END,Clear,Daylight,Automatic,-86.69822485148171,36.29802523665776
340042,148157,19SR045001,7.151000000000001,NON_JUNCTION,--,--,DAVIDSON,SR045,0-NONE,1,400201617,Along Roadway,2024,1735516800000,1015,Prop Damage (over),0,0,0,0,2,Vehicle in Transport,ANGLE,Clear,Daylight,Automatic,-86.71294530546872,36.263214598552295
340104,148219,19SR045001,10.984,NON_JUNCTION,--,--,DAVIDSON,SR045,0-NONE,1,400201676,Along Roadway,2024,1735516800000,1220,Prop Damage (over),0,0,0,0,2,Vehicle in Transport in other Roadway,REAR-END,Clear,Daylight,Automatic,-86.65368276851622,36.25565758919461
340580,148695,19SR106001,6.534000000000001,NON_JUNCTION,--,--,DAVIDSON,SR106,0-NONE,1,400201788,Along Roadway,2024,1735516800000,1800,Prop Damage (over),0,0,0,0,2,Vehicle in Transport,"SIDESWIPE, SAME DIR",Clear,Dark-Not Lighted,Automatic,-86.80578896693972,36.12502062172493
383297,191415,1903260001,0.166,INTERSECTION,On Roadway,--,DAVIDSON,03260,0-NONE,1,400201631,At an Intersection,2024,1735516800000,1115,Prop Damage (over),0,0,0,0,2,Vehicle in Transport,ANGLE,Clear,Daylight,Automatic,-86.84899845436408,36.15985957458984
386933,195051,19SR001001,7.25,INTERSECTION,On Roadway,--,DAVIDSON,SR001,0-NONE,1,400201684,At an Intersection,2024,1735516800000,1355,Prop Damage (under),0,0,0,0,2,Vehicle in Transport,REAR-END,Clear,Daylight,Automatic,-86.92624364109518,36.07386338908841
388771,196889,19SR006001,17.32,INTERSECTION,On Roadway,--,DAVIDSON,SR006,0-NONE,1,400201531,At an Intersection,2024,1735516800000,340,Prop Damage (over),0,0,0,0,3,Vehicle in Transport,REAR-END,Clear,Dark-Lighted,Automatic,-86.72117414970589,36.24669675811894
389411,197529,19SR011001,5.44,INTERSECTION,On Roadway,--,DAVIDSON,SR011,0-NONE,1,400201762,At an Intersection,2024,1735516800000,1620,Possible Injury,0,1,0,1,2,Vehicle in Transport,ANGLE,Clear,Daylight,Automatic,-86.71614654051272,36.05907155726759
392457,200575,19SR106001,7.48,INTERSECTION,On Roadway,--,DAVIDSON,SR106,0-NONE,1,400201731,At an Intersection,2024,1735516800000,1529,Suspected Minor Injury,0,1,0,1,2,Vehicle in Transport,REAR-END,Clear,Daylight,Automatic,-86.80071334353862,36.13757652294321
393929,202047,19SR255001,3.98,INTERSECTION,On Roadway,--,DAVIDSON,SR255,0-NONE,1,400201724,At an Intersection,2024,1735516800000,1532,Suspected Minor Injury,0,2,0,2,2,Vehicle in Transport,ANGLE,Clear,Daylight,Automatic,-86.7058431265949,36.08415340059254
415864,223989,1904924001,4.63,INTERSECTION,--,--,DAVIDSON,04924,0-NONE,1,400201877,At an Intersection,2024,1735516800000,1730,Prop Damage (over),0,0,0,0,2,Vehicle in Transport,OTHER,Clear,Dark-Lighted,Automatic,-86.73247617666081,36.22974672165082
416441,224566,19SR001001,15.370000000000001,INTERSECTION,--,--,DAVIDSON,SR001,0-NONE,1,400201615,At an Intersection,2024,1735516800000,915,Prop Damage (over),0,0,0,0,2,Vehicle in Transport,"SIDESWIPE, SAME DIR",Clear,Daylight,Automatic,-86.81547237776422,36.1425325340543
416870,224995,19SR006001,9.313,INTERSECTION,--,--,DAVIDSON,SR006,0-NONE,1,400201644,At an Intersection,2024,1735516800000,1210,Prop Damage (over),0,0,0,0,2,Vehicle in Transport,REAR-END,Clear,Daylight,Automatic,-86.78375130114442,36.16870892933957
427165,235291,1903262001,0.059000000000000004,INTERSECTION RELATED,On Roadway,--,DAVIDSON,03262,0-NONE,1,400202368,At an Intersection,2024,1735516800000,1758,Possible Injury,0,1,0,1,1,Pedestrian,NO COLLISION W/ VEHICLE,Cloudy,Dark-Lighted,Automatic,-86.77906029054276,36.16637158456878
429105,237231,19SR024001,14.790000000000001,INTERSECTION RELATED,On Roadway,--,DAVIDSON,SR024,0-NONE,1,400201783,At an Intersection,2024,1735516800000,1700,Suspected Minor Injury,0,1,0,1,2,Vehicle in Transport,REAR-END,Clear,Dark-Lighted,Automatic,-86.74216020549378,36.15433355615145
452312,260442,19SR001001,15.328000000000001,"DRIVEWAY, ALLEY ACCESS, ETC.",On Roadway,--,DAVIDSON,SR001,0-NONE,1,400201758,Along Roadway,2024,1735516800000,1610,Suspected Minor Injury,0,1,0,1,1,Pedestrian,NO COLLISION W/ VEHICLE,Clear,Daylight,Automatic,-86.81601110993837,36.14204388020392
452323,260453,19SR001001,23.488,"DRIVEWAY, ALLEY ACCESS, ETC.",On Roadway,--,DAVIDSON,SR001,0-NONE,1,400201771,Along Roadway,2024,1735516800000,1421,Fatal,1,1,0,1,2,Vehicle in Transport,ANGLE,Clear,Daylight,Automatic,-86.6941480513236,36.11501546452565
459455,267587,19SR001001,23.797,UNKNOWN,Unknown,--,DAVIDSON,SR001,0-NONE,1,400201528,Along Roadway,2024,1735516800000,0,Prop Damage (over),0,0,0,0,2,Vehicle in Transport,"SIDESWIPE, SAME DIR",Cloudy,Dark-Lighted,Automatic,-86.68919928594187,36.11295514409474
461175,269309,190A593001,3.161,--,--,--,DAVIDSON,0A593,0-NONE,1,400201585,Along Roadway,2024,1735516800000,837,Prop Damage (under),0,0,0,0,1,--,--,--,--,Automatic,-86.64345705746274,36.21670819681614
194723,2817,1901952001,0.786,NON_JUNCTION,On Roadway,--,DAVIDSON,01952,0-NONE,1,400201353,Along Roadway,2024,1735430400000,1450,Suspected Minor Injury,0,2,0,2,2,Vehicle in Transport,REAR-END,Rain,Daylight,Automatic,-86.6143403107043,36.17409662362228
194996,3090,1903245001,0.132,NON_JUNCTION,On Roadway,--,DAVIDSON,03245,0-NONE,1,400201348,Along Roadway,2024,1735430400000,0,Possible Injury,0,1,0,1,1,Other Type Non-Motorist,NO COLLISION W/ VEHICLE,Clear,Daylight,Automatic,-86.79015941147766,36.15286431307232
195208,3302,1903248001,5.276000000000001,NON_JUNCTION,On Roadway,--,DAVIDSON,03248,0-NONE,1,400201470,Along Roadway,2024,1735430400000,2035,Prop Damage (over),0,0,0,0,2,Vehicle in Transport,REAR-END,Clear,Dark-Lighted,Automatic,-86.79255432699354,36.11183910472683
201933,10031,190A496001,0.675,NON_JUNCTION,On Roadway,--,DAVIDSON,0A496,0-NONE,1,400201486,Along Roadway,2024,1735430400000,0,Prop Damage (over),0,0,0,0,2,Vehicle in Transport,ANGLE,Clear,Dark-Lighted,Automatic,-86.71700026460579,36.251687409096334
203288,11386,190B878001,2.58,NON_JUNCTION,On Roadway,--,DAVIDSON,0B878,0-NONE,1,400201439,Along Roadway,2024,1735430400000,1600,Prop Damage (over),0,0,0,0,2,Vehicle in Transport,"SIDESWIPE, OPP DIR",Rain,Daylight,Automatic,-86.69313200833949,36.07376643713834
203349,11447,190B929001,0.0,NON_JUNCTION,On Roadway,--,DAVIDSON,0B929,0-NONE,1,400201485,Along Roadway,2024,1735430400000,2100,Prop Damage (over),0,0,0,0,2,Vehicle in Transport in other Roadway,ANGLE,Clear,Dark-Lighted,Automatic,-86.716811245035,36.06290998864352
203598,11696,190C380001,0.193,NON_JUNCTION,On Roadway,--,DAVIDSON,0C380,0-NONE,1,400201180,Along Roadway,2024,1735430400000,104,Prop Damage (over),0,0,0,0,2,Vehicle in Transport,REAR-END,Rain,Dark-Lighted,Automatic,-86.69589410346653,36.086834405346615
204956,13054,190E268001,1.2850000000000001,NON_JUNCTION,On Roadway,--,DAVIDSON,0E268,0-NONE,1,400201488,Along Roadway,2024,1735430400000,2230,Suspected Minor Injury,0,1,0,1,2,Vehicle in Transport,ANGLE,Cloudy,Dark-Lighted,Automatic,-86.77469048189242,36.15959874499061
209557,17659,19I0024001,19.105,NON_JUNCTION,On Roadway,--,DAVIDSON,I0024,0-NONE,1,400201152,Along Roadway,2024,1735430400000,20,Prop Damage (over),0,0,0,0,2,Vehicle in Transport,REAR-END,Rain,Dark-Lighted,Automatic,-86.71134166926703,36.099882550139526
213046,21148,19I0040001,18.046,NON_JUNCTION,On Roadway,--,DAVIDSON,I0040,0-NONE,1,400201479,Along Roadway,2024,1735430400000,2154,Possible Injury,0,1,0,1,2,Vehicle in Transport,"SIDESWIPE, SAME DIR",Clear,Dark-Lighted,Automatic,-86.7850441494786,36.150273729514836
216388,24490,19I0065001,1.493,NON_JUNCTION,On Roadway,--,DAVIDSON,I0065,0-NONE,1,400201414,Along Roadway,2024,1735430400000,1745,Suspected Minor Injury,0,2,0,2,3,Other Object (not fixed),NO COLLISION W/ VEHICLE,Cloudy,Dusk,Automatic,-86.77506545274014,36.05447281772156
216457,24559,19I0065001,2.669,NON_JUNCTION,On Roadway,--,DAVIDSON,I0065,0-NONE,1,400201383,Along Roadway,2024,1735430400000,1443,Prop Damage (over),0,0,0,0,2,Vehicle in Transport,ANGLE,Cloudy,Daylight,Automatic,-86.76968381504183,36.070869843508746
218590,26692,19I0065001,14.601,NON_JUNCTION,On Roadway,--,DAVIDSON,I0065,0-NONE,1,400201175,Along Roadway,2024,1735430400000,100,Prop Damage (over),0,0,0,0,2,Vehicle in Transport,"SIDESWIPE, OPP DIR",Rain,Dark-Lighted,Automatic,-86.7534047637514,36.23950642917282
219408,27510,19I0065001,21.059,NON_JUNCTION,On Roadway,--,DAVIDSON,I0065,0-NONE,1,400201288,Along Roadway,2024,1735430400000,1153,Prop Damage (over),0,0,0,0,2,Vehicle in Transport,REAR-END,Cloudy,Daylight,Automatic,-86.70224466367951,36.31852946623528
221711,29813,19SR001001,26.469,NON_JUNCTION,On Roadway,--,DAVIDSON,SR001,0-NONE,1,400201328,Along Roadway,2024,1735430400000,0,Suspected Minor Injury,0,1,0,1,2,Vehicle in Transport,REAR-END,Rain,Daylight,Automatic,-86.65107437110812,36.090855077152334
221758,29860,19SR001001,26.669,NON_JUNCTION,On Roadway,--,DAVIDSON,SR001,0-NONE,1,400201331,Along Roadway,2024,1735430400000,1006,Prop Damage (over),0,0,0,0,2,Vehicle in Transport,REAR-END,Cloudy,Daylight,Automatic,-86.6494966502389,36.088263362192734
222947,31049,19SR001001,31.71,NON_JUNCTION,On Roadway,--,DAVIDSON,SR001,0-NONE,1,400201179,Along Roadway,2024,1735430400000,112,Prop Damage (over),0,0,0,0,2,Vehicle in Transport,REAR-END,Rain,Dark-Lighted,Automatic,-86.59404925806103,36.03150292438796
225822,33924,19SR011001,9.847000000000001,NON_JUNCTION,On Roadway,--,DAVIDSON,SR011,0-NONE,1,400201186,Along Roadway,2024,1735430400000,259,Prop Damage (over),0,0,0,0,2,Vehicle in Transport,ANGLE,Rain,Dark-Lighted,Automatic,-86.74785796219399,36.11611351527821
225991,34093,19SR011001,12.052000000000001,NON_JUNCTION,On Roadway,--,DAVIDSON,SR011,0-NONE,1,400201274,Along Roadway,2024,1735430400000,1015,Possible Injury,0,1,0,1,2,Overturn,NO COLLISION W/ VEHICLE,Rain,Daylight,Automatic,-86.76398364949047,36.14464080054957
226030,34132,19SR011001,12.734,NON_JUNCTION,On Roadway,--,DAVIDSON,SR011,0-NONE,1,400201358,Along Roadway,2024,1735430400000,1502,Suspected Minor Injury,0,1,0,1,2,Vehicle in Transport,REAR-END,Clear,Daylight,Automatic,-86.76991791329662,36.17659578239244
226182,34284,19SR011001,15.043000000000001,NON_JUNCTION,On Roadway,--,DAVIDSON,SR011,0-NONE,1,400201297,Along Roadway,2024,1735430400000,1143,Possible Injury,0,1,0,1,1,Pedestrian,NO COLLISION W/ VEHICLE,Clear,Daylight,Automatic,-86.76767812339821,36.20782214625997
226475,34577,19SR011001,17.513,NON_JUNCTION,On Roadway,--,DAVIDSON,SR011,0-NONE,1,400201373,Along Roadway,2024,1735430400000,1515,Suspected Minor Injury,0,1,0,1,2,Vehicle in Transport,REAR-END,Rain,Daylight,Automatic,-86.75696530082898,36.24223697502329
226896,34998,19SR012001,0.081,NON_JUNCTION,On Roadway,--,DAVIDSON,SR012,0-NONE,1,400201188,Along Roadway,2024,1735430400000,315,Prop Damage (over),0,0,0,0,2,Vehicle in Transport,"SIDESWIPE, SAME DIR",Rain,Dark-Lighted,Automatic,-86.78794466419258,36.16798068850363
230571,38673,19SR106001,6.390000000000001,NON_JUNCTION,On Roadway,--,DAVIDSON,SR106,0-NONE,1,400201417,Along Roadway,2024,1735430400000,1811,Suspected Serious Injury,0,2,1,1,2,Vehicle in Transport,HEAD-ON,Clear,Dark-Lighted,Automatic,-86.80673870482849,36.12310374139656
231557,39659,19SR155001,10.812000000000001,NON_JUNCTION,On Roadway,--,DAVIDSON,SR155,0-NONE,1,400201370,Along Roadway,2024,1735430400000,1541,Possible Injury,0,4,0,4,2,Vehicle in Transport,REAR-END,Cloudy,Daylight,Automatic,-86.68871554474117,36.200906616808645
231558,39660,19SR155001,10.812000000000001,NON_JUNCTION,On Roadway,--,DAVIDSON,SR155,0-NONE,1,400201377,Along Roadway,2024,1735430400000,1558,Prop Damage (over),0,0,0,0,2,Vehicle in Transport,REAR-END,Clear,Daylight,Automatic,-86.68871554474117,36.200906616808645
231754,39856,19SR155001,13.856,NON_JUNCTION,On Roadway,--,DAVIDSON,SR155,0-NONE,1,400202510,Along Roadway,2024,1735430400000,2121,Prop Damage (over),0,0,0,0,2,Vehicle in Transport,REAR-END,Rain,Dark-Lighted,Automatic,-86.71196707960259,36.23538384369826
231921,40023,19SR155001,16.929000000000002,NON_JUNCTION,On Roadway,--,DAVIDSON,SR155,0-NONE,1,400201299,Along Roadway,2024,1735430400000,1130,Prop Damage (over),0,0,0,0,2,Vehicle in Transport,ANGLE,Rain,Daylight,Automatic,-86.78215076736845,36.238305908820315
232866,40968,19SR254001,1.214,NON_JUNCTION,On Roadway,--,DAVIDSON,SR254,0-NONE,1,400201432,Along Roadway,2024,1735430400000,1843,Suspected Serious Injury,0,2,1,1,3,Vehicle in Transport,ANGLE,Clear,Dark-Not Lighted,Automatic,-86.88977666272346,36.051931720281
283595,91699,1904964001,2.9730000000000003,NON_JUNCTION,Roadside -- Left,--,DAVIDSON,04964,0-NONE,1,400201350,Along Roadway,2024,1735430400000,0,Suspected Minor Injury,0,1,0,1,1,Utility Pole,NO COLLISION W/ VEHICLE,Rain,Daylight,Automatic,-86.60521780442578,36.093765730596346
284536,92640,19I0040001,19.613,NON_JUNCTION,Roadside -- Left,--,DAVIDSON,I0040,0-NONE,1,400201376,Along Roadway,2024,1735430400000,1450,Prop Damage (over),0,0,0,0,1,Guardrail Face,NO COLLISION W/ VEHICLE,Cloudy,Daylight,Automatic,-86.75864283312188,36.15408744213896
285109,93213,19SR155001,5.171,NON_JUNCTION,Roadside -- Left,--,DAVIDSON,SR155,0-NONE,1,400201187,Along Roadway,2024,1735430400000,249,Suspected Minor Injury,0,1,0,1,1,Earth Embankment,NO COLLISION W/ VEHICLE,Rain,Dark-Lighted,Automatic,-86.6954676720386,36.128466432154845
295907,104011,190D262001,0.063,NON_JUNCTION,Roadside -- Right,--,DAVIDSON,0D262,0-NONE,1,400201681,Along Roadway,2024,1735430400000,0,Prop Damage (over),0,0,0,0,2,Parked Motor Vehicle,UNKNOWN,Unknown,Unknown,Automatic,-86.85920878954255,36.15883490632003
298255,106361,19SR155001,16.376,NON_JUNCTION,Roadside -- Right,--,DAVIDSON,SR155,0-NONE,1,400201319,Along Roadway,2024,1735430400000,1241,Prop Damage (over),0,0,0,0,1,Concrete Traffic Barrier,NO COLLISION W/ VEHICLE,Cloudy,Daylight,Automatic,-86.77251414740114,36.23973480646911
311696,119804,1904960001,2.39,NON_JUNCTION,Off Roadway -- Location Unknown,--,DAVIDSON,04960,0-NONE,1,400201337,Along Roadway,2024,1735430400000,1335,Prop Damage (over),0,0,0,0,1,Earth Embankment,NO COLLISION W/ VEHICLE,Rain,Daylight,Automatic,-86.63756948271377,36.03715492967509
314366,122476,190D460001,1.147,NON_JUNCTION,Outside Trafficway,--,DAVIDSON,0D460,0-NONE,1,400201415,Along Roadway,2024,1735430400000,1700,Suspected Minor Injury,0,1,0,1,1,Ditch,NO COLLISION W/ VEHICLE,Rain,Dark-Not Lighted,Automatic,-86.78458137902727,36.30354051530994
314790,122901,19I0040001,20.131,NON_JUNCTION,Outside Trafficway,--,DAVIDSON,I0040,0-NONE,1,400201165,Along Roadway,2024,1735430400000,0,Prop Damage (over),0,0,0,0,1,Guardrail Face,NO COLLISION W/ VEHICLE,Rain,Dark-Lighted,Automatic,-86.75021218880363,36.15079230069438
317909,126020,1901008001,2.9490000000000003,NON_JUNCTION,14,--,DAVIDSON,01008,0-NONE,1,400201235,Along Roadway,2024,1735430400000,749,Suspected Minor Injury,0,1,0,1,1,Ditch,NO COLLISION W/ VEHICLE,Rain,Daylight,Automatic,-86.6319392209321,35.98982728217281
317932,126043,1904958001,0.534,NON_JUNCTION,14,--,DAVIDSON,04958,0-NONE,1,400201519,Along Roadway,2024,1735430400000,0,Prop Damage (over),0,0,0,0,1,Ditch,NO COLLISION W/ VEHICLE,Clear,Dark-Not Lighted,Automatic,-86.66272202088507,36.05540719191844
318010,126121,19I0024001,12.624,NON_JUNCTION,14,--,DAVIDSON,I0024,0-NONE,1,400201304,Along Roadway,2024,1735430400000,1206,Possible Injury,0,1,0,1,1,Utility Pole,NO COLLISION W/ VEHICLE,Rain,Daylight,Automatic,-86.77528310044792,36.22352508355859
318092,126203,19I0040001,12.881,NON_JUNCTION,14,--,DAVIDSON,I0040,0-NONE,1,400201162,Along Roadway,2024,1735430400000,25,Prop Damage (over),0,0,0,0,1,Concrete Traffic Barrier,NO COLLISION W/ VEHICLE,Rain,Dark-Lighted,Automatic,-86.85407713316269,36.15297426271798
319161,127272,190D194001,0.5930000000000001,NON_JUNCTION,15,--,DAVIDSON,0D194,0-NONE,1,400201196,Along Roadway,2024,1735430400000,446,Prop Damage (over),0,0,0,0,1,Ditch,NO COLLISION W/ VEHICLE,Rain,Dark-Lighted,Automatic,-86.89362737635328,36.13627215566731
319568,127679,19SR155001,19.616,NON_JUNCTION,15,--,DAVIDSON,SR155,0-NONE,1,400201343,Along Roadway,2024,1735430400000,1335,Prop Damage (over),0,0,0,0,1,Unknown Harmful Event,UNKNOWN,Rain,Daylight,Automatic,-86.82854199516832,36.2309813360807
325019,133130,1903252001,2.0060000000000002,NON_JUNCTION,--,--,DAVIDSON,03252,0-NONE,1,400201335,Along Roadway,2024,1735430400000,1252,Prop Damage (over),0,0,0,0,2,Vehicle in Transport,ANGLE,Other,Daylight,Automatic,-86.74393580660343,36.19348424352358
325525,133637,1903268001,1.74,NON_JUNCTION,--,--,DAVIDSON,03268,0-NONE,1,400201315,Along Roadway,2024,1735430400000,1240,Prop Damage (over),0,0,0,0,2,Vehicle in Transport,REAR-END,Rain,Daylight,Automatic,-86.78157054447023,36.23103765927408
330278,138391,190G078001,0.253,NON_JUNCTION,--,--,DAVIDSON,0G078,0-NONE,1,400201199,Along Roadway,2024,1735430400000,457,Prop Damage (over),0,0,0,0,2,Vehicle in Transport,"SIDESWIPE, OPP DIR",Clear,Dark-Lighted,Automatic,-86.69548615001563,36.233028219518324
330545,138660,190P016001,0.124,NON_JUNCTION,--,--,DAVIDSON,0P016,0-NONE,1,400201481,Along Roadway,2024,1735430400000,2028,Prop Damage (over),0,0,0,0,1,Fence,NO COLLISION W/ VEHICLE,Clear,Dark-Not Lighted,Automatic,-86.55579787735158,36.093180283373236
330645,138760,19I0024001,3.1270000000000002,NON_JUNCTION,--,--,DAVIDSON,I0024,0-NONE,1,400201490,Along Roadway,2024,1735430400000,2225,Prop Damage (over),0,0,0,0,2,Vehicle in Transport,"SIDESWIPE, OPP DIR",Clear,Dark-Not Lighted,Automatic,-86.86615984570975,36.32370217420424
337825,145940,19SR006001,10.71,NON_JUNCTION,--,--,DAVIDSON,SR006,0-NONE,1,400201354,Along Roadway,2024,1735430400000,1440,Prop Damage (over),0,0,0,0,2,Vehicle in Transport,OTHER,Clear,Daylight,Automatic,-86.7662176536144,36.17594309995147
341516,149631,19SR251001,9.177,NON_JUNCTION,--,--,DAVIDSON,SR251,0-NONE,1,400201339,Along Roadway,2024,1735430400000,1210,Prop Damage (over),0,0,0,0,2,Vehicle in Transport,REAR-END,Rain,OTHER,Automatic,-86.92244835701968,36.10847942200425
341636,149751,19SR254001,7.197,NON_JUNCTION,--,--,DAVIDSON,SR254,0-NONE,1,400201355,Along Roadway,2024,1735430400000,1345,Prop Damage (over),0,0,0,0,2,Vehicle in Transport,"SIDESWIPE, SAME DIR",Cloudy,Daylight,Automatic,-86.78540474826191,36.037552707024176
392607,200725,19SR155001,0.48600000000000004,INTERSECTION,On Roadway,--,DAVIDSON,SR155,0-NONE,1,400201347,At an Intersection,2024,1735430400000,1415,Suspected Minor Injury,0,1,0,1,4,Vehicle in Transport,ANGLE,Clear,Daylight,Automatic,-86.76551149012428,36.11214368357329
392791,200909,19SR155001,6.01,INTERSECTION,On Roadway,--,DAVIDSON,SR155,0-NONE,1,400201382,At an Intersection,2024,1735430400000,1614,Prop Damage (over),0,0,0,0,2,Vehicle in Transport,REAR-END,Cloudy,Daylight,Automatic,-86.70021110935305,36.139555521456955
393041,201159,19SR254001,1.458,INTERSECTION,On Roadway,--,DAVIDSON,SR254,0-NONE,1,400201469,At an Intersection,2024,1735430400000,2022,Prop Damage (over),0,0,0,0,2,Vehicle in Transport,ANGLE,Clear,Dark-Not Lighted,Automatic,-86.88546654844171,36.05144533807936
393730,201848,19SR255001,0.6900000000000001,INTERSECTION,On Roadway,--,DAVIDSON,SR255,0-NONE,1,400201217,At an Intersection,2024,1735430400000,631,Suspected Minor Injury,0,2,0,2,2,Vehicle in Transport,ANGLE,Clear,Daylight,Automatic,-86.76171725763717,36.08207939899538
415018,223143,1901002001,4.05,INTERSECTION,--,--,DAVIDSON,01002,0-NONE,1,400201314,At an Intersection,2024,1735430400000,1228,Prop Damage (over),0,0,0,0,2,Vehicle in Transport,ANGLE,Clear,Daylight,Automatic,-86.80286335242211,36.08934841657244
415859,223984,1904924001,0.5700000000000001,INTERSECTION,--,--,DAVIDSON,04924,0-NONE,1,400201219,At an Intersection,2024,1735430400000,0,Prop Damage (over),0,0,0,0,1,Fence,NO COLLISION W/ VEHICLE,Rain,Unknown,Automatic,-86.80388992541677,36.231645474999425
417654,225779,19SR045001,8.618,INTERSECTION,--,--,DAVIDSON,SR045,0-NONE,1,400201441,At an Intersection,2024,1735430400000,1749,Prop Damage (over),0,0,0,0,2,Vehicle in Transport,ANGLE,Clear,Dark-Not Lighted,Automatic,-86.68714390145198,36.263658813793455
427319,235445,1904167001,0.74,INTERSECTION RELATED,On Roadway,--,DAVIDSON,04167,0-NONE,1,400201380,At an Intersection,2024,1735430400000,1615,Suspected Minor Injury,0,1,0,1,2,Vehicle in Transport,ANGLE,Rain,Daylight,Automatic,-86.64057797036052,36.141911523635095
444919,253049,19I0040001,29.047,ENTRENCE/EXIT RAMP RELATED,On Roadway,--,DAVIDSON,I0040,0-NONE,1,400202130,Ramp,2024,1735430400000,2145,Fatal,1,1,0,1,2,Vehicle in Transport,HEAD-ON,Rain,Dark-Not Lighted,Automatic,-86.60658283829454,36.168983478814575
445164,253294,19I0065001,14.884,ENTRENCE/EXIT RAMP RELATED,On Roadway,--,DAVIDSON,I0065,0-NONE,1,400201286,Ramp,2024,1735430400000,1137,Prop Damage (over),0,0,0,0,2,Vehicle in Transport,HEAD-ON,Cloudy,Daylight,Automatic,-86.7496155223026,36.24222578558717
457193,265324,19SR251001,9.349,9,On Roadway,--,DAVIDSON,SR251,0-NONE,1,400201325,Along Roadway,2024,1735430400000,1229,Possible Injury,0,3,0,3,2,Vehicle in Transport,ANGLE,Rain,Daylight,Automatic,-86.92223710667663,36.10599541351219
463045,271179,19I0065001,11.208,--,--,--,DAVIDSON,I0065,0-NONE,1,400201332,Along Roadway,2024,1735430400000,1215,Prop Damage (under),0,0,0,0,1,--,--,--,--,Automatic,-86.77605301887534,36.19896524490915
195959,4053,1903253001,0.29700000000000004,NON_JUNCTION,On Roadway,--,DAVIDSON,03253,0-NONE,1,400200901,Along Roadway,2024,1735344000000,1140,Prop Damage (over),0,0,0,0,3,Vehicle in Transport,ANGLE,Cloudy,Daylight,Automatic,-86.76333025133792,36.20551367029046
199390,7488,1904911001,0.745,NON_JUNCTION,On Roadway,--,DAVIDSON,04911,0-NONE,1,400200976,Along Roadway,2024,1735344000000,1624,Prop Damage (over),0,0,0,0,2,Vehicle in Transport,ANGLE,Clear,Daylight,Automatic,-86.78656895104324,36.14267919405802
201488,9586,1906062001,1.866,NON_JUNCTION,On Roadway,--,DAVIDSON,06062,0-NONE,1,400201144,Along Roadway,2024,1735344000000,2210,Prop Damage (over),0,0,0,0,3,Vehicle in Transport,ANGLE,Rain,Dark-Not Lighted,Automatic,-86.64607990304532,36.02414718151341
202412,10510,190B121001,0.001,NON_JUNCTION,On Roadway,--,DAVIDSON,0B121,0-NONE,1,400200990,Along Roadway,2024,1735344000000,1553,Possible Injury,0,2,0,2,2,Vehicle in Transport,REAR-END,Clear,Daylight,Automatic,-86.61706861956687,36.089272096266484
203771,11869,190D057001,0.0,NON_JUNCTION,On Roadway,--,DAVIDSON,0D057,0-NONE,1,400200922,Along Roadway,2024,1735344000000,1300,Possible Injury,0,1,0,1,2,Vehicle in Transport,ANGLE,Cloudy,Daylight,Automatic,-86.89548556537028,36.13185351535123
204968,13066,190E268001,1.399,NON_JUNCTION,On Roadway,--,DAVIDSON,0E268,0-NONE,1,400201074,Along Roadway,2024,1735344000000,2030,Prop Damage (under),0,0,0,0,2,Vehicle in Transport,"SIDESWIPE, OPP DIR",Rain,Dark-Lighted,Automatic,-86.77560818360062,36.161000240605375
209106,17208,19I0024001,17.53,NON_JUNCTION,On Roadway,--,DAVIDSON,I0024,0-NONE,1,400200906,Along Roadway,2024,1735344000000,1116,Prop Damage (over),0,0,0,0,2,Vehicle in Transport,REAR-END,Clear,Daylight,Automatic,-86.72637048407478,36.118738854331504
210191,18293,19I0024001,21.122,NON_JUNCTION,On Roadway,--,DAVIDSON,I0024,0-NONE,1,400201124,Along Roadway,2024,1735344000000,2237,Prop Damage (over),0,0,0,0,2,Vehicle in Transport,"SIDESWIPE, SAME DIR",Rain,Dark-Not Lighted,Automatic,-86.69317665674306,36.07462630008339
210231,18333,19I0024001,21.229000000000003,NON_JUNCTION,On Roadway,--,DAVIDSON,I0024,0-NONE,1,400201010,Along Roadway,2024,1735344000000,1753,Suspected Minor Injury,0,1,0,1,2,Vehicle in Transport,"SIDESWIPE, SAME DIR",Rain,Dark-Not Lighted,Automatic,-86.69232396687205,36.07323486771932
213595,21697,19I0040001,19.733,NON_JUNCTION,On Roadway,--,DAVIDSON,I0040,0-NONE,1,400201098,Along Roadway,2024,1735344000000,2041,Prop Damage (over),0,0,0,0,2,Vehicle in Transport,REAR-END,Cloudy,Dark-Lighted,Automatic,-86.75664096856131,36.15338755634084
214473,22575,19I0040001,21.379,NON_JUNCTION,On Roadway,--,DAVIDSON,I0040,0-NONE,1,400201113,Along Roadway,2024,1735344000000,2136,Suspected Minor Injury,0,1,0,1,2,Vehicle in Transport,ANGLE,Rain,Dark-Not Lighted,Automatic,-86.73163799094381,36.14054097850859
215377,23479,19I0040001,23.512,NON_JUNCTION,On Roadway,--,DAVIDSON,I0040,0-NONE,1,400201087,Along Roadway,2024,1735344000000,2111,Prop Damage (over),0,0,0,0,2,Vehicle in Transport,"SIDESWIPE, SAME DIR",Rain,Dark-Lighted,Automatic,-86.69413014646102,36.144193069990564
221022,29124,19SR001001,21.346,NON_JUNCTION,On Roadway,--,DAVIDSON,SR001,0-NONE,1,400201075,Along Roadway,2024,1735344000000,1804,Suspected Serious Injury,0,1,1,0,1,Pedestrian,NO COLLISION W/ VEHICLE,Clear,Dark-Lighted,Automatic,-86.72339816418737,36.134568838647816
222455,30557,19SR001001,28.768,NON_JUNCTION,On Roadway,--,DAVIDSON,SR001,0-NONE,1,400201169,Along Roadway,2024,1735344000000,2030,Prop Damage (over),0,0,0,0,2,Vehicle in Transport,ANGLE,Rain,Dark-Lighted,Automatic,-86.62788497595835,36.06423427708776
223744,31846,19SR006001,16.695,NON_JUNCTION,On Roadway,--,DAVIDSON,SR006,0-NONE,1,400201011,Along Roadway,2024,1735344000000,1640,Prop Damage (over),0,0,0,0,2,Vehicle in Transport,REAR-END,Rain,Dusk,Automatic,-86.72408920580041,36.238024892406656
223823,31925,19SR006001,17.32,NON_JUNCTION,On Roadway,--,DAVIDSON,SR006,0-NONE,1,400200781,Along Roadway,2024,1735344000000,255,Suspected Serious Injury,0,1,1,0,1,Unknown Harmful Event,UNKNOWN,Clear,Dark-Lighted,Automatic,-86.72117414970589,36.24669675811894
224169,32271,19SR006001,18.565,NON_JUNCTION,On Roadway,--,DAVIDSON,SR006,0-NONE,1,400201111,Along Roadway,2024,1735344000000,2200,Suspected Minor Injury,0,1,0,1,1,Pedestrian,NO COLLISION W/ VEHICLE,Rain,Dark-Lighted,Automatic,-86.7119330264571,36.26302409436665
224780,32882,19SR011001,4.373,NON_JUNCTION,On Roadway,--,DAVIDSON,SR011,0-NONE,1,400201031,Along Roadway,2024,1735344000000,1755,Possible Injury,0,1,0,1,2,Vehicle in Transport,ANGLE,Rain,Dark-Lighted,Automatic,-86.71313450839529,36.04383333232145
228051,36153,19SR024001,12.451,NON_JUNCTION,On Roadway,--,DAVIDSON,SR024,0-NONE,1,400201028,Along Roadway,2024,1735344000000,1850,Prop Damage (over),0,0,0,0,2,Vehicle in Transport,ANGLE,Rain,--,Automatic,-86.77884774223607,36.160298475251516
229052,37154,19SR045001,6.072,NON_JUNCTION,On Roadway,--,DAVIDSON,SR045,0-NONE,1,400200875,Along Roadway,2024,1735344000000,1131,Possible Injury,0,1,0,1,2,Vehicle in Transport,REAR-END,Clear,Daylight,Automatic,-86.73221164585256,36.26449983919492
281492,89596,1904451001,0.863,NON_JUNCTION,Median Barrier,--,DAVIDSON,04451,0-NONE,1,400201082,Along Roadway,2024,1735344000000,2020,Prop Damage (over),0,0,0,0,1,Curb,NO COLLISION W/ VEHICLE,Rain,Dark-Not Lighted,Automatic,-86.69899621335776,36.31335669780152
298390,106496,19SR254001,9.99,NON_JUNCTION,Roadside -- Right,--,DAVIDSON,SR254,0-NONE,1,400200762,Along Roadway,2024,1735344000000,45,Prop Damage (over),0,0,0,0,1,Culvert,NO COLLISION W/ VEHICLE,Clear,Dark-Lighted,Automatic,-86.73829168862832,36.03959230384466
313020,121128,190D627001,0.438,NON_JUNCTION,In Parking Lane,--,DAVIDSON,0D627,0-NONE,1,400201063,Along Roadway,2024,1735344000000,2010,Possible Injury,0,1,0,1,1,Other Object (not fixed),NO COLLISION W/ VEHICLE,Rain,Dark-Not Lighted,Automatic,-86.7693264831655,36.18776480969647
314791,122902,19I0040001,20.144000000000002,NON_JUNCTION,Outside Trafficway,--,DAVIDSON,I0040,0-NONE,1,400201139,Along Roadway,2024,1735344000000,0,Prop Damage (over),0,0,0,0,1,Guardrail Face,NO COLLISION W/ VEHICLE,Rain,Dark-Lighted,Automatic,-86.75000800201012,36.150698558017204
317915,126026,1903289001,6.538,NON_JUNCTION,14,--,DAVIDSON,03289,0-NONE,1,400202643,Along Roadway,2024,1735344000000,0,Prop Damage (over),0,0,0,0,1,Fence,NO COLLISION W/ VEHICLE,Clear,Dark-Lighted,Automatic,-86.70555825978093,36.08359899274346
318105,126216,19I0040001,19.904,NON_JUNCTION,14,--,DAVIDSON,I0040,0-NONE,1,400201091,Along Roadway,2024,1735344000000,2038,Prop Damage (over),0,0,0,0,1,Wall,NO COLLISION W/ VEHICLE,Rain,Dark-Lighted,Automatic,-86.75388381183706,36.15226305169994
318129,126240,19I0040001,28.757,NON_JUNCTION,14,--,DAVIDSON,I0040,0-NONE,1,400201135,Along Roadway,2024,1735344000000,2129,Prop Damage (over),0,0,0,0,1,Concrete Traffic Barrier,NO COLLISION W/ VEHICLE,Rain,Dark-Not Lighted,Automatic,-86.61106244165144,36.16688893017103
318135,126246,19I0065001,0.12200000000000001,NON_JUNCTION,14,--,DAVIDSON,I0065,0-NONE,1,400201035,Along Roadway,2024,1735344000000,1905,Prop Damage (over),0,0,0,0,1,Highway Traffic Sign Post,NO COLLISION W/ VEHICLE,Rain,Dark-Not Lighted,Automatic,-86.78281404737413,36.036762681304985
318152,126263,19I0065001,12.114,NON_JUNCTION,14,--,DAVIDSON,I0065,0-NONE,1,400201172,Along Roadway,2024,1735344000000,2346,Prop Damage (over),0,0,0,0,1,Concrete Traffic Barrier,NO COLLISION W/ VEHICLE,Rain,Dark-Lighted,Automatic,-86.77555540776694,36.21205346407937
318179,126290,19I0440001,1.5110000000000001,NON_JUNCTION,14,--,DAVIDSON,I0440,0-NONE,1,400200839,Along Roadway,2024,1735344000000,0,Prop Damage (over),0,0,0,0,1,Concrete Traffic Barrier,NO COLLISION W/ VEHICLE,Cloudy,Daylight,Automatic,-86.82157912387477,36.136910879378846
318184,126295,19I0440001,3.615,NON_JUNCTION,14,--,DAVIDSON,I0440,0-NONE,1,400201123,Along Roadway,2024,1735344000000,2020,Prop Damage (over),0,0,0,0,1,Concrete Traffic Barrier,NO COLLISION W/ VEHICLE,Rain,DARK-UNKNOWN LIGHTING,Automatic,-86.79700627476487,36.11598337994974
319361,127472,19I0040001,19.368000000000002,NON_JUNCTION,15,--,DAVIDSON,I0040,0-NONE,1,400200928,Along Roadway,2024,1735344000000,0,Suspected Minor Injury,0,1,0,1,1,Highway Traffic Sign Post,NO COLLISION W/ VEHICLE,Cloudy,Daylight,Automatic,-86.76295120625849,36.15384761634268
321171,129282,19SR112001,4.4670000000000005,NON_JUNCTION,OTHER,--,DAVIDSON,SR112,0-NONE,1,400201085,Along Roadway,2024,1735344000000,2035,Prop Damage (over),0,0,0,0,1,Ditch,NO COLLISION W/ VEHICLE,Rain,Dark-Lighted,Automatic,-86.84625166831675,36.2543391274227
324583,132694,1903241001,0.36,NON_JUNCTION,--,--,DAVIDSON,03241,0-NONE,1,400201106,Along Roadway,2024,1735344000000,2150,Prop Damage (over),0,0,0,0,2,Vehicle in Transport,"SIDESWIPE, SAME DIR",Rain,Dark-Lighted,Automatic,-86.78699677478865,36.163638579815256
325648,133760,1903286001,0.002,NON_JUNCTION,--,--,DAVIDSON,03286,0-NONE,1,400200965,Along Roadway,2024,1735344000000,1540,Prop Damage (over),0,0,0,0,2,Vehicle in Transport,ANGLE,Clear,Daylight,Automatic,-86.6939208806907,36.25231657715967
327315,135427,1905344001,0.094,NON_JUNCTION,--,--,DAVIDSON,05344,0-NONE,1,400201084,Along Roadway,2024,1735344000000,2123,Prop Damage (over),0,0,0,0,2,Vehicle in Transport,REAR-END,Rain,Dark-Lighted,Automatic,-86.77671965008078,36.16268559599635
327519,135631,190A356001,0.41500000000000004,NON_JUNCTION,--,--,DAVIDSON,0A356,0-NONE,1,400200897,Along Roadway,2024,1735344000000,1147,Prop Damage (over),0,0,0,0,2,Vehicle in Transport,REAR-END,Cloudy,Daylight,Automatic,-86.7136308859612,36.30764899149123
328757,136869,190D412001,0.183,NON_JUNCTION,--,--,DAVIDSON,0D412,0-NONE,1,400200893,Along Roadway,2024,1735344000000,1200,Prop Damage (over),0,0,0,0,1,Fire Hydrant,NO COLLISION W/ VEHICLE,Clear,Daylight,Automatic,-86.80166077553564,36.18980660673105
330637,138752,19I0024001,3.076,NON_JUNCTION,--,--,DAVIDSON,I0024,0-NONE,1,400201007,Along Roadway,2024,1735344000000,1411,Prop Damage (over),0,0,0,0,2,Vehicle in Transport,"SIDESWIPE, SAME DIR",Cloudy,Daylight,Automatic,-86.86706211120267,36.32382434654595
331384,139499,19I0024001,15.462000000000002,NON_JUNCTION,--,--,DAVIDSON,I0024,0-NONE,1,400201002,Along Roadway,2024,1735344000000,1705,Prop Damage (over),0,0,0,0,2,Vehicle in Transport,REAR-END,Rain,Dark-Lighted,Automatic,-86.76049788399419,36.15911856534463
331767,139882,19I0024001,18.206,NON_JUNCTION,--,--,DAVIDSON,I0024,0-NONE,1,400200902,Along Roadway,2024,1735344000000,1149,Prop Damage (over),0,0,0,0,2,Vehicle in Transport,"SIDESWIPE, SAME DIR",Cloudy,Daylight,Automatic,-86.72183348605847,36.10965749263369
334595,142710,19I0040001,25.627000000000002,NON_JUNCTION,--,--,DAVIDSON,I0040,0-NONE,1,400200801,Along Roadway,2024,1735344000000,139,Prop Damage (over),0,0,0,0,1,Deer (Animal),NO COLLISION W/ VEHICLE,Clear,Dark-Lighted,Automatic,-86.65662714459485,36.141038213049406
334714,142829,19I0040001,28.553,NON_JUNCTION,--,--,DAVIDSON,I0040,0-NONE,1,400200994,Along Roadway,2024,1735344000000,1711,Prop Damage (over),0,0,0,0,2,Vehicle in Transport,REAR-END,Rain,Dark-Lighted,Automatic,-86.61396029681816,36.1650925242796
337682,145797,19SR006001,8.427,NON_JUNCTION,--,--,DAVIDSON,SR006,0-NONE,1,400201081,Along Roadway,2024,1735344000000,2012,Prop Damage (over),0,0,0,0,2,Vehicle in Transport,ANGLE,Rain,Dark-Lighted,Automatic,-86.77942118191592,36.15447500299745
340312,148427,19SR065001,0.9,NON_JUNCTION,--,--,DAVIDSON,SR065,0-NONE,1,400201101,Along Roadway,2024,1735344000000,2150,Prop Damage (over),0,0,0,0,2,Vehicle in Transport,ANGLE,Rain,Dark-Lighted,Automatic,-86.78452444665747,36.2074793636729
382682,190800,1903250001,2.446,INTERSECTION,On Roadway,--,DAVIDSON,03250,0-NONE,1,400200868,At an Intersection,2024,1735344000000,1024,Suspected Minor Injury,0,1,0,1,2,Vehicle in Transport,ANGLE,Cloudy,Daylight,Automatic,-86.80918336527392,36.11383347122801
383031,191149,1903256001,0.32,INTERSECTION,On Roadway,--,DAVIDSON,03256,0-NONE,1,400200866,At an Intersection,2024,1735344000000,0,Possible Injury,0,1,0,1,2,Vehicle in Transport,ANGLE,Clear,Daylight,Automatic,-86.817905382865,36.14992655115562
383502,191620,1903272001,0.41000000000000003,INTERSECTION,On Roadway,--,DAVIDSON,03272,0-NONE,1,400201000,At an Intersection,2024,1735344000000,1725,Suspected Minor Injury,0,1,0,1,1,Pedestrian,NO COLLISION W/ VEHICLE,Rain,Dark-Lighted,Automatic,-86.76220318487869,36.16763096219388
387215,195333,19SR001001,16.199,INTERSECTION,On Roadway,--,DAVIDSON,SR001,0-NONE,1,400201067,At an Intersection,2024,1735344000000,1925,Suspected Minor Injury,0,1,0,1,2,Vehicle in Transport,REAR-END,Rain,Dark-Lighted,Automatic,-86.80344434983989,36.149366549016385
388387,196505,19SR006001,0.08,INTERSECTION,On Roadway,--,DAVIDSON,SR006,0-NONE,1,400200767,At an Intersection,2024,1735344000000,55,Suspected Minor Injury,0,1,0,1,2,Vehicle in Transport,ANGLE,Clear,Dark-Lighted,Automatic,-86.78649531854423,36.037406301569426
389533,197651,19SR011001,6.8500000000000005,INTERSECTION,On Roadway,--,DAVIDSON,SR011,0-NONE,1,400201122,At an Intersection,2024,1735344000000,2056,Prop Damage (over),0,0,0,0,2,Vehicle in Transport,ANGLE,Rain,Dark-Lighted,Automatic,-86.72559317315604,36.07711938577365
390008,198126,19SR011001,16.205000000000002,INTERSECTION,On Roadway,--,DAVIDSON,SR011,0-NONE,1,400201016,At an Intersection,2024,1735344000000,1750,Suspected Minor Injury,0,3,0,3,2,Vehicle in Transport,HEAD-ON,Rain,Dark-Lighted,Automatic,-86.76097824384586,36.223681709468075
390717,198835,19SR024001,8.13,INTERSECTION,On Roadway,--,DAVIDSON,SR024,0-NONE,1,400201099,At an Intersection,2024,1735344000000,2120,Suspected Minor Injury,0,1,0,1,2,Vehicle in Transport,ANGLE,Rain,Dark-Lighted,Automatic,-86.85794747677821,36.15010455331481
414508,222632,19SR006001,18.378,INTERSECTION,15,--,DAVIDSON,SR006,0-NONE,1,400200940,At an Intersection,2024,1735344000000,1340,Possible Injury,0,1,0,1,2,Vehicle in Transport,ANGLE,Cloudy,Daylight,Automatic,-86.7128581284395,36.260397788401455
417790,225915,19SR106001,5.71,INTERSECTION,--,--,DAVIDSON,SR106,0-NONE,1,400200864,At an Intersection,2024,1735344000000,0,Prop Damage (over),0,0,0,0,2,Vehicle in Transport,"SIDESWIPE, SAME DIR",Cloudy,Daylight,Automatic,-86.81087036898869,36.11395847142268
418101,226226,19SR255001,0.89,INTERSECTION,--,--,DAVIDSON,SR255,0-NONE,1,400200835,At an Intersection,2024,1735344000000,750,Prop Damage (over),0,0,0,0,2,Vehicle in Transport,REAR-END,Cloudy,Daylight,Automatic,-86.75832424950048,36.08107139586829
429133,237259,19SR024001,19.63,INTERSECTION RELATED,On Roadway,--,DAVIDSON,SR024,0-NONE,1,400201125,At an Intersection,2024,1735344000000,2100,Prop Damage (under),0,0,0,0,2,Vehicle in Transport,ANGLE,Rain,Dark-Lighted,Automatic,-86.66331102087233,36.1675655815307
445974,254104,19SR255001,9.162,ENTRENCE/EXIT RAMP RELATED,On Roadway,--,DAVIDSON,SR255,0-NONE,1,400200927,Ramp,2024,1735344000000,1254,Prop Damage (over),0,0,0,0,2,Vehicle in Transport,REAR-END,Cloudy,Daylight,Automatic,-86.666374028538,36.14043066020118
461425,269559,190D374001,0.267,--,--,--,DAVIDSON,0D374,0-NONE,1,400201161,Along Roadway,2024,1735344000000,1920,Prop Damage (under),0,0,0,0,1,--,--,--,--,Automatic,-86.81538915595296,36.18903264146303
462760,270894,19I0040001,21.336000000000002,--,--,--,DAVIDSON,I0040,0-NONE,1,400201032,Along Roadway,2024,1735344000000,1804,Prop Damage (under),0,0,0,0,2,--,--,--,--,Automatic,-86.73234566267755,36.14078910524863
463375,271509,19SR001001,17.556,--,--,--,DAVIDSON,SR001,0-NONE,1,400200910,Along Roadway,2024,1735344000000,1230,Prop Damage (under),0,0,0,0,2,--,--,--,--,Automatic,-86.78214279900361,36.15887976872605
194995,3089,1903245001,0.127,NON_JUNCTION,On Roadway,--,DAVIDSON,03245,0-NONE,1,400200724,Along Roadway,2024,1735257600000,2006,Possible Injury,0,1,0,1,2,Vehicle in Transport,REAR-END,Clear,Dark-Lighted,Automatic,-86.79007693489392,36.15289902935959
196236,4330,1903256001,3.092,NON_JUNCTION,On Roadway,--,DAVIDSON,03256,0-NONE,1,400200661,Along Roadway,2024,1735257600000,1657,Possible Injury,0,1,0,1,2,Vehicle in Transport,ANGLE,Clear,Daylight,Automatic,-86.7793916157359,36.13423268458595
201860,9958,190A433001,0.29700000000000004,NON_JUNCTION,On Roadway,--,DAVIDSON,0A433,0-NONE,1,400200641,Along Roadway,2024,1735257600000,1700,Possible Injury,0,1,0,1,2,Vehicle in Transport,ANGLE,Clear,Dark-Lighted,Automatic,-86.71539823107811,36.27328992366789
206905,15007,19I0024001,5.1370000000000005,NON_JUNCTION,On Roadway,--,DAVIDSON,I0024,0-NONE,1,400200733,Along Roadway,2024,1735257600000,2100,Possible Injury,0,1,0,1,2,Vehicle in Transport,REAR-END,Clear,Dark-Not Lighted,Automatic,-86.8327744037936,36.314896802925524
210110,18212,19I0024001,20.726000000000003,NON_JUNCTION,On Roadway,--,DAVIDSON,I0024,0-NONE,1,400200398,Along Roadway,2024,1735257600000,806,Prop Damage (over),0,0,0,0,2,Vehicle in Transport,"SIDESWIPE, SAME DIR",Rain,Daylight,Automatic,-86.69633240570734,36.079775685765036
211395,19497,19I0024001,25.362000000000002,NON_JUNCTION,On Roadway,--,DAVIDSON,I0024,0-NONE,1,400200645,Along Roadway,2024,1735257600000,1714,Suspected Minor Injury,0,1,0,1,2,Vehicle in Transport,REAR-END,Clear,Dark-Not Lighted,Automatic,-86.63992248099805,36.03170019912047
211870,19972,19I0040001,4.631,NON_JUNCTION,On Roadway,--,DAVIDSON,I0040,0-NONE,1,400200543,Along Roadway,2024,1735257600000,1222,Prop Damage (over),0,0,0,0,2,Vehicle in Transport,REAR-END,Clear,Daylight,Automatic,-86.96901965674076,36.07509226738758
212635,20737,19I0040001,15.621,NON_JUNCTION,On Roadway,--,DAVIDSON,I0040,0-NONE,1,400200513,Along Roadway,2024,1735257600000,750,Prop Damage (over),0,0,0,0,2,Vehicle in Transport,ANGLE,Rain,Daylight,Automatic,-86.81154807248505,36.16941624602587
213717,21819,19I0040001,20.049,NON_JUNCTION,On Roadway,--,DAVIDSON,I0040,0-NONE,1,400200753,Along Roadway,2024,1735257600000,1935,Prop Damage (over),0,0,0,0,2,Vehicle in Transport,"SIDESWIPE, SAME DIR",Clear,Dark-Not Lighted,Automatic,-86.75151726459418,36.151356807603555
215075,23177,19I0040001,22.702,NON_JUNCTION,On Roadway,--,DAVIDSON,I0040,0-NONE,1,400200564,Along Roadway,2024,1735257600000,1443,Prop Damage (over),0,0,0,0,3,Vehicle in Transport,REAR-END,Cloudy,Daylight,Automatic,-86.70841062253297,36.14251551309303
215223,23325,19I0040001,23.032,NON_JUNCTION,On Roadway,--,DAVIDSON,I0040,0-NONE,1,400200492,Along Roadway,2024,1735257600000,1036,Prop Damage (over),0,0,0,0,2,Vehicle in Transport,REAR-END,Cloudy,Daylight,Automatic,-86.7026288730617,36.14346501432232
215306,23408,19I0040001,23.28,NON_JUNCTION,On Roadway,--,DAVIDSON,I0040,0-NONE,1,400200566,Along Roadway,2024,1735257600000,1438,Prop Damage (over),0,0,0,0,2,Vehicle in Transport,REAR-END,Clear,Daylight,Automatic,-86.69826676217967,36.14409998843238
215386,23488,19I0040001,23.587,NON_JUNCTION,On Roadway,--,DAVIDSON,I0040,0-NONE,1,400200295,Along Roadway,2024,1735257600000,0,Prop Damage (over),0,0,0,0,2,Vehicle in Transport,"SIDESWIPE, SAME DIR",Clear,Dark-Lighted,Automatic,-86.69279744649664,36.14407422548764
218139,26241,19I0065001,11.917,NON_JUNCTION,On Roadway,--,DAVIDSON,I0065,0-NONE,1,400200461,Along Roadway,2024,1735257600000,815,Suspected Minor Injury,0,1,0,1,2,Vehicle in Transport,"SIDESWIPE, SAME DIR",Rain,Daylight,Automatic,-86.77590690915423,36.209205588914465
221207,29309,19SR001001,22.277,NON_JUNCTION,On Roadway,--,DAVIDSON,SR001,0-NONE,1,400200788,Along Roadway,2024,1735257600000,2100,Suspected Minor Injury,0,1,0,1,2,Vehicle in Transport,REAR-END,Clear,Dark-Lighted,Automatic,-86.71052123955305,36.12620569441761
221515,29617,19SR001001,25.222,NON_JUNCTION,On Roadway,--,DAVIDSON,SR001,0-NONE,1,400200536,Along Roadway,2024,1735257600000,0,Suspected Minor Injury,0,1,0,1,2,Vehicle in Transport,ANGLE,Cloudy,Daylight,Automatic,-86.66678050364042,36.10337823682833
222061,30163,19SR001001,27.927,NON_JUNCTION,On Roadway,--,DAVIDSON,SR001,0-NONE,1,400200672,Along Roadway,2024,1735257600000,1633,Prop Damage (over),0,0,0,0,2,Vehicle in Transport,ANGLE,Clear,Dusk,Automatic,-86.63752045079686,36.073290623831404
222906,31008,19SR001001,31.013,NON_JUNCTION,On Roadway,--,DAVIDSON,SR001,0-NONE,1,400200548,Along Roadway,2024,1735257600000,1342,Suspected Minor Injury,0,1,0,1,1,Thrown or Falling Object,NO COLLISION W/ VEHICLE,Cloudy,Daylight,Automatic,-86.60245908886746,36.0389290205996
226251,34353,19SR011001,15.991000000000001,NON_JUNCTION,On Roadway,--,DAVIDSON,SR011,0-NONE,1,400200653,Along Roadway,2024,1735257600000,1638,Possible Injury,0,1,0,1,2,Vehicle in Transport,ANGLE,Cloudy,Dusk,Automatic,-86.76201833821013,36.22069631942739
228436,36538,19SR024001,19.693,NON_JUNCTION,On Roadway,--,DAVIDSON,SR024,0-NONE,1,400200529,Along Roadway,2024,1735257600000,0,Suspected Minor Injury,0,1,0,1,2,Vehicle in Transport,ANGLE,Clear,Daylight,Automatic,-86.66222762670277,36.16726055964319
229549,37651,19SR045001,16.027,NON_JUNCTION,On Roadway,--,DAVIDSON,SR045,0-NONE,1,400200743,Along Roadway,2024,1735257600000,1615,Prop Damage (over),0,0,0,0,2,Vehicle in Transport,REAR-END,Clear,Daylight,Automatic,-86.61783860200686,36.1936734490144
231400,39502,19SR155001,8.085,NON_JUNCTION,On Roadway,--,DAVIDSON,SR155,0-NONE,1,400200375,Along Roadway,2024,1735257600000,740,Prop Damage (over),0,0,0,0,2,Vehicle in Transport,"SIDESWIPE, SAME DIR",Rain,Daylight,Automatic,-86.68822933427958,36.165868559025995
233710,41812,19SR254001,14.047,NON_JUNCTION,On Roadway,--,DAVIDSON,SR254,0-NONE,1,400200702,Along Roadway,2024,1735257600000,1846,Suspected Minor Injury,0,2,0,2,3,Vehicle in Transport,REAR-END,Clear,Dark-Lighted,Automatic,-86.67300598362472,36.04541758983281
234757,42859,19SR255001,4.0440000000000005,NON_JUNCTION,On Roadway,--,DAVIDSON,SR255,0-NONE,1,400200336,Along Roadway,2024,1735257600000,0,Suspected Minor Injury,0,1,0,1,2,Vehicle in Transport,ANGLE,Rain,Dark-Lighted,Automatic,-86.70477233806531,36.08449547074153
283866,91970,190C012001,0.0,NON_JUNCTION,Roadside -- Left,--,DAVIDSON,0C012,0-NONE,1,400200709,Along Roadway,2024,1735257600000,2032,Suspected Minor Injury,0,2,0,2,1,Utility Pole,NO COLLISION W/ VEHICLE,Cloudy,Dark-Not Lighted,Automatic,-86.75572624790232,36.03157728769349
296520,104624,190F068001,0.042,NON_JUNCTION,Roadside -- Right,--,DAVIDSON,0F068,0-NONE,1,400200685,Along Roadway,2024,1735257600000,0,Prop Damage (over),0,0,0,0,2,Parked Motor Vehicle,"SIDESWIPE, SAME DIR",Clear,Unknown,Automatic,-86.79019765936182,36.12531520259056
312019,120127,19SR100001,0.879,NON_JUNCTION,Off Roadway -- Location Unknown,--,DAVIDSON,SR100,0-NONE,1,400200347,Along Roadway,2024,1735257600000,626,Suspected Minor Injury,0,1,0,1,1,Guardrail End,NO COLLISION W/ VEHICLE,Rain,Dark-Not Lighted,Automatic,-87.03095418811293,36.01748188247255
314137,122247,190B305001,0.431,NON_JUNCTION,Outside Trafficway,--,DAVIDSON,0B305,0-NONE,1,400200319,Along Roadway,2024,1735257600000,417,Prop Damage (over),0,0,0,0,1,Standing Tree,NO COLLISION W/ VEHICLE,Clear,Dark-Not Lighted,Automatic,-86.59568319319901,36.04078105627469
318074,126185,19I0040001,8.769,NON_JUNCTION,14,--,DAVIDSON,I0040,0-NONE,1,400200345,Along Roadway,2024,1735257600000,711,Possible Injury,0,1,0,1,1,Concrete Traffic Barrier,NO COLLISION W/ VEHICLE,Rain,Dawn,Automatic,-86.9144967297657,36.11742415385782
318236,126347,19SR155001,12.061,NON_JUNCTION,14,--,DAVIDSON,SR155,0-NONE,1,400200371,Along Roadway,2024,1735257600000,0,Possible Injury,0,1,0,1,2,Concrete Traffic Barrier,NO COLLISION W/ VEHICLE,Rain,Daylight,Automatic,-86.69283827071771,36.218697300547554
319290,127401,19I0024001,17.521,NON_JUNCTION,15,--,DAVIDSON,I0024,0-NONE,1,400200366,Along Roadway,2024,1735257600000,806,Prop Damage (over),0,0,0,0,1,Guardrail Face,NO COLLISION W/ VEHICLE,Rain,Daylight,Automatic,-86.7264170187605,36.11886399300141
319378,127489,19I0040001,24.549,NON_JUNCTION,15,--,DAVIDSON,I0040,0-NONE,1,400200367,Along Roadway,2024,1735257600000,804,Prop Damage (over),0,0,0,0,1,Guardrail Face,NO COLLISION W/ VEHICLE,Rain,Daylight,Automatic,-86.67583039492466,36.141848808982864
327102,135214,1904963001,3.708,NON_JUNCTION,--,--,DAVIDSON,04963,0-NONE,1,400200545,Along Roadway,2024,1735257600000,1311,Prop Damage (over),0,0,0,0,2,Vehicle in Transport,REAR-END,Clear,Daylight,Automatic,-86.6305529638434,36.08985918805651
329144,137256,190E214001,0.402,NON_JUNCTION,--,--,DAVIDSON,0E214,0-NONE,1,400200592,Along Roadway,2024,1735257600000,0,Prop Damage (over),0,0,0,0,2,Vehicle in Transport,"SIDESWIPE, SAME DIR",Clear,Daylight,Automatic,-86.79609060583765,36.18263351824369
329967,138080,190F506001,0.004,NON_JUNCTION,--,--,DAVIDSON,0F506,0-NONE,1,400200443,Along Roadway,2024,1735257600000,1000,Prop Damage (over),0,0,0,0,2,Vehicle in Transport,REAR-END,Cloudy,Daylight,Automatic,-86.78815640398132,36.15500937830831
332769,140884,19I0040001,3.2470000000000003,NON_JUNCTION,--,--,DAVIDSON,I0040,0-NONE,1,400200541,Along Roadway,2024,1735257600000,844,Prop Damage (over),0,0,0,0,2,Vehicle in Transport,ANGLE,Clear,Daylight,Automatic,-86.99379616545417,36.077835107927946
334377,142492,19I0040001,23.062,NON_JUNCTION,--,--,DAVIDSON,I0040,0-NONE,1,400200547,Along Roadway,2024,1735257600000,1353,Prop Damage (over),0,0,0,0,2,Vehicle in Transport,REAR-END,Cloudy,Daylight,Automatic,-86.70210325949374,36.14355133136213
334781,142896,19I0040001,30.946,NON_JUNCTION,--,--,DAVIDSON,I0040,0-NONE,1,400200370,Along Roadway,2024,1735257600000,747,Prop Damage (over),0,0,0,0,2,Other Non-Collision,NO COLLISION W/ VEHICLE,Rain,Daylight,Automatic,-86.57286618342305,36.168922517833074
336539,144654,19SR001001,13.245000000000001,NON_JUNCTION,--,--,DAVIDSON,SR001,0-NONE,1,400200634,Along Roadway,2024,1735257600000,1735,Prop Damage (over),0,0,0,0,2,Vehicle in Transport,REAR-END,Clear,Dark-Lighted,Automatic,-86.84647700732707,36.12572499912754
339644,147759,19SR024001,13.454,NON_JUNCTION,--,--,DAVIDSON,SR024,0-NONE,1,400200867,Along Roadway,2024,1735257600000,1910,Prop Damage (over),0,0,0,0,2,Parked Motor Vehicle,"SIDESWIPE, SAME DIR",Clear,Dark-Lighted,Automatic,-86.76531003808316,36.15537188172714
339921,148036,19SR024901,0.188,NON_JUNCTION,--,--,DAVIDSON,SR024,9-WESTBOUND / W,1,400200734,Along Roadway,2024,1735257600000,2009,Prop Damage (over),0,0,0,0,2,Vehicle in Transport,ANGLE,Clear,Dark-Lighted,Automatic,-86.79058111709641,36.15839709323036
341761,149876,19SR254001,11.279,NON_JUNCTION,--,--,DAVIDSON,SR254,0-NONE,1,400200554,Along Roadway,2024,1735257600000,1348,Prop Damage (over),0,0,0,0,2,Vehicle in Transport,REAR-END,Cloudy,Daylight,Automatic,-86.71999568508697,36.0456185332171
389881,197999,19SR011001,12.790000000000001,INTERSECTION,On Roadway,--,DAVIDSON,SR011,0-NONE,1,400200436,At an Intersection,2024,1735257600000,939,Prop Damage (over),0,0,0,0,2,Vehicle in Transport,REAR-END,Clear,Daylight,Automatic,-86.7709197242164,36.17668914148076
391374,199492,19SR024001,24.44,INTERSECTION,On Roadway,--,DAVIDSON,SR024,0-NONE,1,400200771,At an Intersection,2024,1735257600000,2330,Suspected Minor Injury,0,2,0,2,2,Vehicle in Transport,ANGLE,Clear,Dark-Lighted,Automatic,-86.60461288010329,36.214618681067456
392211,200329,19SR100001,8.92,INTERSECTION,On Roadway,--,DAVIDSON,SR100,0-NONE,1,400200698,At an Intersection,2024,1735257600000,2015,Prop Damage (over),0,0,0,0,2,Vehicle in Transport,ANGLE,Clear,Dark-Not Lighted,Automatic,-86.9046405925976,36.062306362919756
417320,225445,19SR012001,4.171,INTERSECTION,--,--,DAVIDSON,SR012,0-NONE,1,400200640,At an Intersection,2024,1735257600000,1727,Prop Damage (over),0,0,0,0,2,Vehicle in Transport,ANGLE,Clear,Dark-Lighted,Automatic,-86.83508241901686,36.19606365277982
427876,236002,190G217001,0.365,INTERSECTION RELATED,On Roadway,--,DAVIDSON,0G217,0-NONE,1,400200752,At an Intersection,2024,1735257600000,2120,Suspected Minor Injury,0,1,0,1,2,Vehicle in Transport,ANGLE,Unknown,Dark-Lighted,Automatic,-86.95686871610407,36.037092310397
428778,236904,19SR011001,13.679,INTERSECTION RELATED,On Roadway,--,DAVIDSON,SR011,0-NONE,1,400200451,At an Intersection,2024,1735257600000,953,Suspected Minor Injury,0,4,0,4,2,Vehicle in Transport,ANGLE,Cloudy,Daylight,Automatic,-86.77314727492782,36.18882663364348
429330,237456,19SR045001,17.7,INTERSECTION RELATED,On Roadway,--,DAVIDSON,SR045,0-NONE,1,400200749,At an Intersection,2024,1735257600000,1710,Prop Damage (over),0,0,0,0,2,Vehicle in Transport,ANGLE,Clear,Daylight,Automatic,-86.60217753366555,36.173620731374655
429911,238037,19SR255001,8.619,INTERSECTION RELATED,On Roadway,--,DAVIDSON,SR255,0-NONE,1,400201230,At an Intersection,2024,1735257600000,721,Possible Injury,0,3,0,3,3,Vehicle in Transport,"SIDESWIPE, OPP DIR",Rain,Daylight,Automatic,-86.66391937403519,36.133214927418905
439013,247141,19SR001001,17.132,INTERSECTION RELATED,--,--,DAVIDSON,SR001,0-NONE,1,400200339,At an Intersection,2024,1735257600000,0,Prop Damage (over),0,0,0,0,2,Vehicle in Transport,HEAD-ON,Rain,Daylight,Automatic,-86.78883631431374,36.156021562717136
439616,247744,19SR255001,7.4510000000000005,INTERSECTION RELATED,--,--,DAVIDSON,SR255,0-NONE,1,400201202,At an Intersection,2024,1735257600000,655,Prop Damage (over),0,0,0,0,2,Vehicle in Transport,ANGLE,Rain,Daylight,Automatic,-86.66812903686504,36.11674347013854
448434,256564,19SR006001,10.42,ENTRENCE/EXIT RAMP RELATED,Roadside -- Right,--,DAVIDSON,SR006,0-NONE,1,400200431,Ramp,2024,1735257600000,914,Prop Damage (over),0,0,0,0,1,Guardrail Face,NO COLLISION W/ VEHICLE,Clear,Daylight,Automatic,-86.76631520832643,36.17248104601056
448876,257006,19I0065001,15.06,ENTRENCE/EXIT RAMP RELATED,14,--,DAVIDSON,I0065,0-NONE,1,400200324,Ramp,2024,1735257600000,520,Prop Damage (over),0,0,0,0,1,Concrete Traffic Barrier,NO COLLISION W/ VEHICLE,Rain,Dark-Not Lighted,Automatic,-86.74738430324891,36.244031803142896
448954,257084,19I0024001,14.112,ENTRENCE/EXIT RAMP RELATED,OTHER,--,DAVIDSON,I0024,0-NONE,1,400200300,Ramp,2024,1735257600000,209,Prop Damage (over),0,0,0,0,1,Guardrail Face,NO COLLISION W/ VEHICLE,Clear,Dark-Lighted,Automatic,-86.77214289439029,36.175924519714684
461411,269545,190D322001,0.113,--,--,--,DAVIDSON,0D322,0-NONE,1,400200565,Along Roadway,2024,1735257600000,1300,Prop Damage (under),0,0,0,0,2,--,--,--,--,Automatic,-86.81278929649059,36.17855384815076
194516,2610,1901017001,0.549,NON_JUNCTION,On Roadway,--,DAVIDSON,01017,0-NONE,1,400200154,Along Roadway,2024,1735171200000,1255,Prop Damage (under),0,0,0,0,2,Vehicle in Transport,REAR-END,Cloudy,Daylight,Automatic,-86.6895908912937,36.27197803330434
198043,6140,1904169001,1.989,NON_JUNCTION,On Roadway,--,DAVIDSON,04169,0-NONE,1,400200278,Along Roadway,2024,1735171200000,1833,Suspected Minor Injury,0,2,0,2,2,Vehicle in Transport,REAR-END,Clear,Dark-Lighted,Automatic,-86.67044432794162,36.05887479978478
202417,10515,190B122001,0.646,NON_JUNCTION,On Roadway,--,DAVIDSON,0B122,0-NONE,1,400200180,Along Roadway,2024,1735171200000,1719,Prop Damage (over),0,0,0,0,2,Vehicle in Transport,ANGLE,Clear,Daylight,Automatic,-86.61090290584775,36.08101538751867
203328,11426,190B890001,0.002,NON_JUNCTION,On Roadway,--,DAVIDSON,0B890,0-NONE,1,400200196,Along Roadway,2024,1735171200000,1749,Prop Damage (over),0,0,0,0,2,Vehicle in Transport,ANGLE,Clear,Dark-Lighted,Automatic,-86.68442039720057,36.052517719756
204183,12281,190D503001,1.55,NON_JUNCTION,On Roadway,--,DAVIDSON,0D503,0-NONE,1,400199932,Along Roadway,2024,1735171200000,809,Suspected Minor Injury,0,1,0,1,2,Vehicle in Transport,ANGLE,Clear,Daylight,Automatic,-86.75789810789693,36.24361990941824
210709,18811,19I0024001,23.12,NON_JUNCTION,On Roadway,--,DAVIDSON,I0024,0-NONE,1,400200118,Along Roadway,2024,1735171200000,1450,Prop Damage (over),0,0,0,0,2,Vehicle in Transport,REAR-END,Clear,Daylight,Automatic,-86.67091023054637,36.05213387338031
213037,21139,19I0040001,18.002000000000002,NON_JUNCTION,On Roadway,--,DAVIDSON,I0040,0-NONE,1,400200222,Along Roadway,2024,1735171200000,1538,Prop Damage (under),0,0,0,0,2,Vehicle in Transport,ANGLE,Clear,Daylight,Automatic,-86.78562620688818,36.15068598350776
217300,25402,19I0065001,9.67,NON_JUNCTION,On Roadway,--,DAVIDSON,I0065,0-NONE,1,400200215,Along Roadway,2024,1735171200000,1915,Prop Damage (over),0,0,0,0,2,Vehicle in Transport,"SIDESWIPE, SAME DIR",Cloudy,Dark-Lighted,Automatic,-86.79420325256417,36.18785211973037
218803,26905,19I0065001,15.772,NON_JUNCTION,On Roadway,--,DAVIDSON,I0065,0-NONE,1,400200205,Along Roadway,2024,1735171200000,1630,Prop Damage (over),0,0,0,0,2,Vehicle in Transport,"SIDESWIPE, SAME DIR",Clear,Daylight,Automatic,-86.73976507452244,36.2522192759525
227351,35453,19SR024001,5.1160000000000005,NON_JUNCTION,On Roadway,--,DAVIDSON,SR024,0-NONE,1,400200241,Along Roadway,2024,1735171200000,1455,Prop Damage (over),0,0,0,0,2,Vehicle in Transport,"SIDESWIPE, SAME DIR",Clear,Daylight,Automatic,-86.90385983524224,36.129352093901936
227518,35620,19SR024001,7.118,NON_JUNCTION,On Roadway,--,DAVIDSON,SR024,0-NONE,1,400200259,Along Roadway,2024,1735171200000,2213,Suspected Minor Injury,0,2,0,2,2,Vehicle in Transport,ANGLE,Clear,Dark-Lighted,Automatic,-86.87352583156198,36.143680018336994
230512,38614,19SR106001,5.7090000000000005,NON_JUNCTION,On Roadway,--,DAVIDSON,SR106,0-NONE,1,400200113,Along Roadway,2024,1735171200000,1510,Possible Injury,0,1,0,1,3,Vehicle in Transport,REAR-END,Clear,Daylight,Automatic,-86.81087247815913,36.11394420254285
231394,39496,19SR155001,7.973000000000001,NON_JUNCTION,On Roadway,--,DAVIDSON,SR155,0-NONE,1,400200090,Along Roadway,2024,1735171200000,0,Prop Damage (over),0,0,0,0,2,Vehicle in Transport,ANGLE,Clear,Daylight,Automatic,-86.68879961648116,36.16432139826663
231489,39591,19SR155001,10.06,NON_JUNCTION,On Roadway,--,DAVIDSON,SR155,0-NONE,1,400200276,Along Roadway,2024,1735171200000,0,Prop Damage (over),0,0,0,0,1,Unknown Harmful Event,UNKNOWN,Clear,Dark-Lighted,Automatic,-86.68771796729327,36.19017133226087
233654,41756,19SR254001,13.834000000000001,NON_JUNCTION,On Roadway,--,DAVIDSON,SR254,0-NONE,1,400200245,Along Roadway,2024,1735171200000,2114,Suspected Minor Injury,0,1,0,1,2,Vehicle in Transport,ANGLE,Clear,Dark-Lighted,Automatic,-86.6766849609067,36.04625541305702
294165,102269,1901952001,1.256,NON_JUNCTION,Roadside -- Right,--,DAVIDSON,01952,0-NONE,1,400199899,Along Roadway,2024,1735171200000,500,Prop Damage (over),0,0,0,0,1,Mail Box,NO COLLISION W/ VEHICLE,Clear,Dark-Lighted,Automatic,-86.6129938759711,36.18078873517213
295125,103229,190A236001,0.761,NON_JUNCTION,Roadside -- Right,--,DAVIDSON,0A236,0-NONE,1,400200247,Along Roadway,2024,1735171200000,1743,Prop Damage (over),0,0,0,0,1,Guardrail Face,NO COLLISION W/ VEHICLE,Clear,Dark-Not Lighted,Automatic,-86.79367012443512,36.24429692095576
295318,103422,190A973001,0.14600000000000002,NON_JUNCTION,Roadside -- Right,--,DAVIDSON,0A973,0-NONE,1,400200291,Along Roadway,2024,1735171200000,2315,Prop Damage (over),0,0,0,0,3,Parked Motor Vehicle,"SIDESWIPE, OPP DIR",Clear,Dark-Lighted,Automatic,-86.58933978275478,36.2258708835184
314525,122635,190F381001,0.016,NON_JUNCTION,Outside Trafficway,--,DAVIDSON,0F381,0-NONE,1,400199985,Along Roadway,2024,1735171200000,1010,Suspected Minor Injury,0,1,0,1,1,Building,NO COLLISION W/ VEHICLE,Clear,Daylight,Automatic,-86.79265338147732,36.144385765725815
318061,126172,19I0024001,27.478,NON_JUNCTION,14,--,DAVIDSON,I0024,0-NONE,1,400200130,Along Roadway,2024,1735171200000,1545,Prop Damage (over),0,0,0,0,1,Concrete Traffic Barrier,NO COLLISION W/ VEHICLE,Clear,Dusk,Automatic,-86.61454722340252,36.00890854125315
325688,133800,1903289001,1.9360000000000002,NON_JUNCTION,--,--,DAVIDSON,03289,0-NONE,1,400200011,Along Roadway,2024,1735171200000,1130,Prop Damage (over),0,0,0,0,2,Vehicle in Transport,"SIDESWIPE, SAME DIR",Clear,Daylight,Automatic,-86.74364607437552,36.04082327864478
327530,135642,190A387001,0.34400000000000003,NON_JUNCTION,--,--,DAVIDSON,0A387,0-NONE,1,400200266,Along Roadway,2024,1735171200000,1511,Prop Damage (over),0,0,0,0,2,Vehicle in Transport,"SIDESWIPE, OPP DIR",Clear,Daylight,Automatic,-86.62922399259921,35.97684812513659
328035,136147,190B424001,2.133,NON_JUNCTION,--,--,DAVIDSON,0B424,0-NONE,1,400200280,Along Roadway,2024,1735171200000,2140,Prop Damage (over),0,0,0,0,2,Vehicle in Transport,ANGLE,Clear,Dark-Lighted,Automatic,-86.66937051969707,36.146320404151936
331423,139538,19I0024001,15.557,NON_JUNCTION,--,--,DAVIDSON,I0024,0-NONE,1,400200112,Along Roadway,2024,1735171200000,1230,Prop Damage (over),0,0,0,0,2,Vehicle in Transport,"SIDESWIPE, SAME DIR",Clear,Daylight,Automatic,-86.76043575916144,36.157738667233055
332684,140799,19I0024001,27.39,NON_JUNCTION,--,--,DAVIDSON,I0024,0-NONE,1,400200185,Along Roadway,2024,1735171200000,1805,Prop Damage (over),0,0,0,0,2,Vehicle in Transport,REAR-END,Clear,Dark-Not Lighted,Automatic,-86.6156208114407,36.00984271973983
333297,141412,19I0040001,17.577,NON_JUNCTION,--,--,DAVIDSON,I0040,0-NONE,1,400199894,Along Roadway,2024,1735171200000,613,Prop Damage (over),0,0,0,0,2,Vehicle in Transport,"SIDESWIPE, SAME DIR",Clear,Dawn,Automatic,-86.78942826976997,36.15587073132502
333456,141571,19I0040001,18.732,NON_JUNCTION,--,--,DAVIDSON,I0040,0-NONE,1,400200145,Along Roadway,2024,1735171200000,0,Prop Damage (over),0,0,0,0,1,Guardrail Face,NO COLLISION W/ VEHICLE,Cloudy,Dark-Lighted,Automatic,-86.77340049994856,36.149384789956116
335405,143520,19I0065001,11.263,NON_JUNCTION,--,--,DAVIDSON,I0065,0-NONE,1,400200115,Along Roadway,2024,1735171200000,0,Prop Damage (over),0,0,0,0,2,Vehicle in Transport,REAR-END,Cloudy,Daylight,Automatic,-86.77622176501579,36.19975248738204
335704,143819,19I0065001,13.064,NON_JUNCTION,--,--,DAVIDSON,I0065,0-NONE,1,400200221,Along Roadway,2024,1735171200000,1947,Prop Damage (over),0,0,0,0,2,Vehicle in Transport,"SIDESWIPE, SAME DIR",Cloudy,Dark-Lighted,Automatic,-86.77291039211258,36.22565006945662
336343,144458,19I0440001,7.027,NON_JUNCTION,--,--,DAVIDSON,I0440,0-NONE,1,400200214,Along Roadway,2024,1735171200000,1757,Prop Damage (over),0,0,0,0,1,Thrown or Falling Object,NO COLLISION W/ VEHICLE,Clear,Dark-Lighted,Automatic,-86.73890642771923,36.124307188596305
338151,146266,19SR006001,18.741,NON_JUNCTION,--,--,DAVIDSON,SR006,0-NONE,1,400200285,Along Roadway,2024,1735171200000,2050,Prop Damage (over),0,0,0,0,2,Vehicle in Transport,ANGLE,Clear,Dark-Lighted,Automatic,-86.71110887720668,36.265471290295395
387058,195176,19SR001001,13.16,INTERSECTION,On Roadway,--,DAVIDSON,SR001,0-NONE,1,400199946,At an Intersection,2024,1735171200000,0,Suspected Minor Injury,0,1,0,1,2,Vehicle in Transport,ANGLE,Cloudy,Daylight,Automatic,-86.84760845443923,36.124951497648105
388587,196705,19SR006001,8.1,INTERSECTION,On Roadway,--,DAVIDSON,SR006,0-NONE,1,400200142,At an Intersection,2024,1735171200000,1615,Prop Damage (over),0,0,0,0,2,Vehicle in Transport,ANGLE,Cloudy,Daylight,Automatic,-86.77912729303377,36.14969054840875
417184,225309,19SR011001,14.9,INTERSECTION,--,--,DAVIDSON,SR011,0-NONE,1,400199927,At an Intersection,2024,1735171200000,737,Prop Damage (over),0,0,0,0,2,Vehicle in Transport,REAR-END,Clear,Daylight,Automatic,-86.76859426368809,36.2058786707588
417215,225340,19SR011001,17.63,INTERSECTION,--,--,DAVIDSON,SR011,0-NONE,1,400200174,At an Intersection,2024,1735171200000,1641,Prop Damage (over),0,0,0,0,2,Vehicle in Transport,ANGLE,Clear,Daylight,Automatic,-86.75655823247139,36.243897754204866
428887,237013,19SR011001,23.537000000000003,INTERSECTION RELATED,On Roadway,--,DAVIDSON,SR011,0-NONE,1,400200224,At an Intersection,2024,1735171200000,1908,Suspected Serious Injury,0,1,1,0,2,Vehicle in Transport,"SIDESWIPE, SAME DIR",Clear,Dark-Lighted,Automatic,-86.7134541259454,36.31558090880045
429667,237793,19SR254001,6.88,INTERSECTION RELATED,On Roadway,--,DAVIDSON,SR254,0-NONE,1,400186970,At an Intersection,2024,1735171200000,1244,Prop Damage (over),0,0,0,0,2,Vehicle in Transport,"SIDESWIPE, OPP DIR",Cloudy,Daylight,Automatic,-86.79099532938679,36.03742330163595
439545,247673,19SR254001,7.458,INTERSECTION RELATED,--,--,DAVIDSON,SR254,0-NONE,1,400200261,At an Intersection,2024,1735171200000,2200,Prop Damage (over),0,0,0,0,2,Vehicle in Transport,ANGLE,Clear,Dark-Lighted,Automatic,-86.78153283336579,36.039608534041925
445174,253304,19I0065001,15.133000000000001,ENTRENCE/EXIT RAMP RELATED,On Roadway,--,DAVIDSON,I0065,0-NONE,1,400200223,Ramp,2024,1735171200000,0,Prop Damage (over),0,0,0,0,2,Vehicle in Transport,ANGLE,Clear,Dark-Not Lighted,Automatic,-86.74645885542549,36.244780877394525
452379,260509,19SR011001,6.192,"DRIVEWAY, ALLEY ACCESS, ETC.",On Roadway,--,DAVIDSON,SR011,0-NONE,1,400200150,Along Roadway,2024,1735171200000,1613,Suspected Minor Injury,0,2,0,2,2,Vehicle in Transport,ANGLE,Clear,Daylight,Automatic,-86.72016086266257,36.06906065965646
458958,267090,1904170001,1.6920000000000002,UNKNOWN,On Roadway,--,DAVIDSON,04170,0-NONE,1,400200227,Along Roadway,2024,1735171200000,1850,Suspected Minor Injury,0,1,0,1,2,Vehicle in Transport in other Roadway,ANGLE,Clear,Dark-Lighted,Automatic,-86.69085344404651,36.06906389172168
460307,268439,1903245001,0.553,--,--,--,DAVIDSON,03245,0-NONE,1,400200235,Along Roadway,2024,1735171200000,1925,Prop Damage (under),0,0,0,0,2,--,--,--,--,Automatic,-86.79347032611051,36.14852354685314
460470,268602,1903256001,0.916,--,--,--,DAVIDSON,03256,0-NONE,1,400200186,Along Roadway,2024,1735171200000,1650,Prop Damage (under),0,0,0,0,2,--,--,--,--,Automatic,-86.8151470670262,36.14211395382561
462081,270215,19I0024001,14.621,--,--,--,DAVIDSON,I0024,0-NONE,1,400200038,Along Roadway,2024,1735171200000,1110,Prop Damage (under),0,0,0,0,2,--,--,--,--,Automatic,-86.76700613888192,36.169829291754525
202498,10596,190B298001,0.273,NON_JUNCTION,On Roadway,--,DAVIDSON,0B298,0-NONE,1,400199717,Along Roadway,2024,1735084800000,27,Possible Injury,0,1,0,1,2,Vehicle in Transport,ANGLE,Clear,Dark-Lighted,Automatic,-86.6385798339299,36.07443360974964
203262,11360,190B878001,2.174,NON_JUNCTION,On Roadway,--,DAVIDSON,0B878,0-NONE,1,400199696,Along Roadway,2024,1735084800000,106,Suspected Minor Injury,0,1,0,1,2,Vehicle in Transport,"SIDESWIPE, OPP DIR",Clear,Dark-Lighted,Automatic,-86.6935164791667,36.06803638384705
209751,17853,19I0024001,19.545,NON_JUNCTION,On Roadway,--,DAVIDSON,I0024,0-NONE,1,400199823,Along Roadway,2024,1735084800000,1900,Possible Injury,0,1,0,1,2,Vehicle in Transport,"SIDESWIPE, SAME DIR",Clear,Dark-Lighted,Automatic,-86.70700714577305,36.09454786050674
211863,19965,19I0040001,4.269,NON_JUNCTION,On Roadway,--,DAVIDSON,I0040,0-NONE,1,400199878,Along Roadway,2024,1735084800000,2256,Suspected Serious Injury,0,4,1,3,4,Vehicle in Transport,HEAD-ON,Clear,Dark-Lighted,Automatic,-86.97551442759648,36.07395995118961
221895,29997,19SR001001,27.348000000000003,NON_JUNCTION,On Roadway,--,DAVIDSON,SR001,0-NONE,1,400199727,Along Roadway,2024,1735084800000,0,Prop Damage (over),0,0,0,0,2,Vehicle in Transport,ANGLE,Clear,Daylight,Automatic,-86.6445085222885,36.079421991662386
233379,41481,19SR254001,11.662,NON_JUNCTION,On Roadway,--,DAVIDSON,SR254,0-NONE,1,400199694,Along Roadway,2024,1735084800000,11,Prop Damage (over),0,0,0,0,2,Vehicle in Transport,REAR-END,Clear,Dark-Lighted,Automatic,-86.71325976267583,36.04533578232164
233639,41741,19SR254001,13.784,NON_JUNCTION,On Roadway,--,DAVIDSON,SR254,0-NONE,1,400199688,Along Roadway,2024,1735084800000,6,Prop Damage (over),0,0,0,0,2,Vehicle in Transport,"SIDESWIPE, SAME DIR",Clear,Dark-Not Lighted,Automatic,-86.67755071468616,36.04645507355659
233674,41776,19SR254001,13.949,NON_JUNCTION,On Roadway,--,DAVIDSON,SR254,0-NONE,1,400199786,Along Roadway,2024,1735084800000,940,Prop Damage (over),0,0,0,0,2,Vehicle in Transport,REAR-END,Clear,Daylight,Automatic,-86.67469372792853,36.045796192439816
294084,102188,1901011001,1.2670000000000001,NON_JUNCTION,Roadside -- Right,--,DAVIDSON,01011,0-NONE,1,400199818,Along Roadway,2024,1735084800000,1849,Suspected Minor Injury,0,1,0,1,1,Utility Pole,NO COLLISION W/ VEHICLE,Clear,Dark-Lighted,Automatic,-86.62765489009584,36.08808183953825
295144,103248,190A293001,0.342,NON_JUNCTION,Roadside -- Right,--,DAVIDSON,0A293,0-NONE,1,400199777,Along Roadway,2024,1735084800000,0,Prop Damage (over),0,0,0,0,1,Mail Box,NO COLLISION W/ VEHICLE,Clear,Unknown,Automatic,-86.74066997557047,36.283281155398384
296453,104557,190E704001,0.10600000000000001,NON_JUNCTION,Roadside -- Right,--,DAVIDSON,0E704,0-NONE,1,400199822,Along Roadway,2024,1735084800000,100,Prop Damage (over),0,0,0,0,2,Parked Motor Vehicle,REAR-END,Clear,Dark-Lighted,Automatic,-86.70703581178239,36.089612463290194
314424,122534,190E008001,0.257,NON_JUNCTION,Outside Trafficway,--,DAVIDSON,0E008,0-NONE,1,400199841,Along Roadway,2024,1735084800000,0,Prop Damage (over),0,0,0,0,2,Parked Motor Vehicle,ANGLE,Clear,Dark-Lighted,Automatic,-86.73286014828186,36.20081663944767
317955,126066,190C082001,0.117,NON_JUNCTION,14,--,DAVIDSON,0C082,0-NONE,1,400199732,Along Roadway,2024,1735084800000,0,Suspected Minor Injury,0,2,0,2,1,Curb,NO COLLISION W/ VEHICLE,Clear,Daylight,Automatic,-86.7354002738134,36.09563837461954
319030,127141,1904907001,0.626,NON_JUNCTION,15,--,DAVIDSON,04907,0-NONE,1,400199702,Along Roadway,2024,1735084800000,155,Prop Damage (over),0,0,0,0,2,Parked Motor Vehicle,REAR-END,Clear,Dark-Lighted,Automatic,-86.85672751260219,36.15981613449461
319039,127150,1904938001,6.406000000000001,NON_JUNCTION,15,--,DAVIDSON,04938,0-NONE,1,400199692,Along Roadway,2024,1735084800000,9,Prop Damage (over),0,0,0,0,1,Embankment Rock/Stone/Concrete,NO COLLISION W/ VEHICLE,Clear,Dark-Lighted,Automatic,-86.69613506367419,36.14251310742113
319562,127673,19SR155001,15.308000000000002,NON_JUNCTION,15,--,DAVIDSON,SR155,0-NONE,1,400199762,Along Roadway,2024,1735084800000,1234,Prop Damage (over),0,0,0,0,2,Vehicle in Transport,REAR-END,Clear,Daylight,Automatic,-86.75374007246482,36.241047548815956
341412,149527,19SR171001,2.229,NON_JUNCTION,--,--,DAVIDSON,SR171,0-NONE,1,400199810,Along Roadway,2024,1735084800000,1751,Prop Damage (over),0,0,0,0,2,Vehicle in Transport,REAR-END,Clear,Dark-Lighted,Automatic,-86.60613314945466,36.043077585313675
383677,191795,1903289001,4.16,INTERSECTION,On Roadway,--,DAVIDSON,03289,0-NONE,1,400199854,At an Intersection,2024,1735084800000,2240,Prop Damage (over),0,0,0,0,2,Vehicle in Transport,ANGLE,Clear,Dark-Lighted,Automatic,-86.73375719345519,36.07106737314834
392790,200908,19SR155001,6.01,INTERSECTION,On Roadway,--,DAVIDSON,SR155,0-NONE,1,400199856,At an Intersection,2024,1735084800000,2305,Suspected Minor Injury,0,1,0,1,2,Vehicle in Transport,ANGLE,Clear,Dark-Lighted,Automatic,-86.70021110935305,36.139555521456955
428144,236270,19SR001001,21.952,INTERSECTION RELATED,On Roadway,--,DAVIDSON,SR001,0-NONE,1,400199720,At an Intersection,2024,1735084800000,554,Prop Damage (over),0,0,0,0,2,Vehicle in Transport,ANGLE,Clear,Dawn,Automatic,-86.71470914371085,36.12948550038852
429608,237734,19SR171001,1.627,INTERSECTION RELATED,On Roadway,--,DAVIDSON,SR171,0-NONE,1,400199796,At an Intersection,2024,1735084800000,1600,Prop Damage (over),0,0,0,0,2,Vehicle in Transport,REAR-END,Clear,Daylight,Automatic,-86.61114991021424,36.03594528877908
195880,3974,1903252001,4.01,NON_JUNCTION,On Roadway,--,DAVIDSON,03252,0-NONE,1,400199570,Along Roadway,2024,1734998400000,1456,Prop Damage (over),0,0,0,0,2,Vehicle in Transport,ANGLE,Clear,Daylight,Automatic,-86.72756073814195,36.21930069976943
198502,6599,1904171001,0.539,NON_JUNCTION,On Roadway,--,DAVIDSON,04171,0-NONE,1,400199700,Along Roadway,2024,1734998400000,2240,Prop Damage (over),0,0,0,0,2,Vehicle in Transport,ANGLE,Clear,Dark-Lighted,Automatic,-86.70476975985531,36.25546785446973
200734,8832,1904960001,2.226,NON_JUNCTION,On Roadway,--,DAVIDSON,04960,0-NONE,1,400199674,Along Roadway,2024,1734998400000,1506,Prop Damage (over),0,0,0,0,2,Vehicle in Transport,ANGLE,Clear,Daylight,Automatic,-86.63838186743182,36.03491122088539
201239,9337,1905333001,1.224,NON_JUNCTION,On Roadway,--,DAVIDSON,05333,0-NONE,1,400199370,Along Roadway,2024,1734998400000,430,Suspected Minor Injury,0,1,0,1,1,Unknown Harmful Event,UNKNOWN,Clear,Dark-Lighted,Automatic,-86.76466441533539,36.16670419752931
202699,10797,190B404001,0.002,NON_JUNCTION,On Roadway,--,DAVIDSON,0B404,0-NONE,1,400199663,Along Roadway,2024,1734998400000,2010,Prop Damage (over),0,0,0,0,1,Deer (Animal),NO COLLISION W/ VEHICLE,Clear,Dark-Lighted,Automatic,-86.64336234773872,36.15985104541602
203847,11945,190D194001,0.788,NON_JUNCTION,On Roadway,--,DAVIDSON,0D194,0-NONE,1,400199690,Along Roadway,2024,1734998400000,2348,Suspected Minor Injury,0,1,0,1,2,Vehicle in Transport,"SIDESWIPE, OPP DIR",Clear,Dark-Lighted,Automatic,-86.89601388383653,36.134269558030326
206451,14552,190H833001,1.11,NON_JUNCTION,On Roadway,--,DAVIDSON,0H833,0-NONE,1,400199497,Along Roadway,2024,1734998400000,1122,Suspected Minor Injury,0,1,0,1,2,Vehicle in Transport,ANGLE,Clear,Daylight,Automatic,-86.62921072552608,36.06420633700174
210787,18889,19I0024001,23.396,NON_JUNCTION,On Roadway,--,DAVIDSON,I0024,0-NONE,1,400199670,Along Roadway,2024,1734998400000,2250,Prop Damage (over),0,0,0,0,2,Vehicle in Transport,ANGLE,Clear,Dark-Lighted,Automatic,-86.66688909442296,36.04980897433394
218827,26929,19I0065001,15.943000000000001,NON_JUNCTION,On Roadway,--,DAVIDSON,I0065,0-NONE,1,400199595,Along Roadway,2024,1734998400000,1430,Prop Damage (over),0,0,0,0,2,Vehicle in Transport,"SIDESWIPE, SAME DIR",Clear,Daylight,Automatic,-86.7386551194755,36.25452547572037
222268,30370,19SR001001,28.201,NON_JUNCTION,On Roadway,--,DAVIDSON,SR001,0-NONE,1,400199666,Along Roadway,2024,1734998400000,1830,Prop Damage (over),0,0,0,0,2,Vehicle in Transport,ANGLE,Clear,Dark-Lighted,Automatic,-86.63439565315939,36.070273526812365
229723,37825,19SR045001,17.744,NON_JUNCTION,On Roadway,--,DAVIDSON,SR045,0-NONE,1,400199656,Along Roadway,2024,1734998400000,2000,Prop Damage (under),0,0,0,0,2,Vehicle in Transport,ANGLE,Clear,Dark-Lighted,Automatic,-86.60197089336955,36.17299150498761
294639,102743,1904896001,0.672,NON_JUNCTION,Roadside -- Right,--,DAVIDSON,04896,0-NONE,1,400199338,Along Roadway,2024,1734998400000,0,Prop Damage (over),0,0,0,0,1,Earth Embankment,NO COLLISION W/ VEHICLE,Clear,Dark-Not Lighted,Automatic,-86.92328057415754,36.06671277819691
295203,103307,190A458001,0.012,NON_JUNCTION,Roadside -- Right,--,DAVIDSON,0A458,0-NONE,1,400199378,Along Roadway,2024,1734998400000,530,Prop Damage (over),0,0,0,0,1,Ditch,NO COLLISION W/ VEHICLE,Clear,Dark-Lighted,Automatic,-86.72251276156167,36.25320761997792
296493,104597,190E984001,0.343,NON_JUNCTION,Roadside -- Right,--,DAVIDSON,0E984,0-NONE,1,400199359,Along Roadway,2024,1734998400000,124,Prop Damage (over),0,0,0,0,2,Parked Motor Vehicle,"SIDESWIPE, SAME DIR",Clear,Dark-Lighted,Automatic,-86.77180795701307,36.18935458912972
298471,106577,19SR255001,8.638,NON_JUNCTION,Roadside -- Right,--,DAVIDSON,SR255,0-NONE,1,400208366,Along Roadway,2024,1734998400000,1129,Prop Damage (over),0,0,0,0,2,Parked Motor Vehicle,ANGLE,Clear,Daylight,Automatic,-86.6638154676888,36.13347825059766
314149,122259,190B328001,1.04,NON_JUNCTION,Outside Trafficway,--,DAVIDSON,0B328,0-NONE,1,400199621,Along Roadway,2024,1734998400000,1540,Prop Damage (over),0,0,0,0,1,Fence,NO COLLISION W/ VEHICLE,Clear,Daylight,Automatic,-86.67399608616194,36.0322207071709
329072,137184,190E168001,0.48600000000000004,NON_JUNCTION,--,--,DAVIDSON,0E168,0-NONE,1,400200934,Along Roadway,2024,1734998400000,1730,Prop Damage (over),0,0,0,0,2,Parked Motor Vehicle,"SIDESWIPE, SAME DIR",Unknown,Dusk,Automatic,-86.74442606213705,36.17156440009199
329163,137275,190E219001,0.109,NON_JUNCTION,--,--,DAVIDSON,0E219,0-NONE,1,400199661,Along Roadway,2024,1734998400000,0,Prop Damage (over),0,0,0,0,2,Vehicle in Transport,REAR-END,Clear,DARK-UNKNOWN LIGHTING,Automatic,-86.7956036783449,36.17768534300653
329798,137911,190F304001,0.019,NON_JUNCTION,--,--,DAVIDSON,0F304,0-NONE,1,400199553,Along Roadway,2024,1734998400000,1300,Prop Damage (over),0,0,0,0,2,Vehicle in Transport,ANGLE,Clear,Daylight,Automatic,-86.84348194276009,36.152413809116894
332291,140406,19I0024001,22.932000000000002,NON_JUNCTION,--,--,DAVIDSON,I0024,0-NONE,1,400199521,Along Roadway,2024,1734998400000,1252,Prop Damage (over),0,0,0,0,2,Vehicle in Transport,REAR-END,Clear,Daylight,Automatic,-86.67345678745846,36.05390871275708
337370,145485,19SR001001,28.636000000000003,NON_JUNCTION,--,--,DAVIDSON,SR001,0-NONE,1,400199683,Along Roadway,2024,1734998400000,1900,Prop Damage (over),0,0,0,0,2,Vehicle in Transport,ANGLE,Clear,Dark-Lighted,Automatic,-86.62930990554571,36.065562133344066
337976,146091,19SR006001,17.466,NON_JUNCTION,--,--,DAVIDSON,SR006,0-NONE,1,400199589,Along Roadway,2024,1734998400000,1333,Prop Damage (over),0,0,0,0,3,Vehicle in Transport,REAR-END,Clear,Daylight,Automatic,-86.72002487509253,36.24848183938971
340120,148235,19SR045001,12.703000000000001,NON_JUNCTION,--,--,DAVIDSON,SR045,0-NONE,1,400199348,Along Roadway,2024,1734998400000,40,Prop Damage (over),0,0,0,0,1,Deer (Animal),NO COLLISION W/ VEHICLE,Clear,Dark-Not Lighted,Automatic,-86.63055444365557,36.239250573655205
341155,149270,19SR155001,17.164,NON_JUNCTION,--,--,DAVIDSON,SR155,0-NONE,1,400199461,Along Roadway,2024,1734998400000,1012,Prop Damage (over),0,0,0,0,1,Utility Pole,NO COLLISION W/ VEHICLE,Cloudy,Daylight,Automatic,-86.78635039318618,36.238051242973455
381983,190101,1901017001,3.222,INTERSECTION,On Roadway,--,DAVIDSON,01017,0-NONE,1,400199445,At an Intersection,2024,1734998400000,851,Prop Damage (over),0,0,0,0,2,Vehicle in Transport,ANGLE,Cloudy,Daylight,Automatic,-86.70398368911506,36.30799919181615
385157,193275,1904946001,1.26,INTERSECTION,On Roadway,--,DAVIDSON,04946,0-NONE,1,400199614,At an Intersection,2024,1734998400000,1701,Possible Injury,0,1,0,1,2,Vehicle in Transport,ANGLE,Clear,Dark-Lighted,Automatic,-86.71952515619117,36.11486546874433
385420,193538,1904964001,0.904,INTERSECTION,On Roadway,--,DAVIDSON,04964,0-NONE,1,400199356,At an Intersection,2024,1734998400000,124,Prop Damage (over),0,0,0,0,2,Vehicle in Transport,ANGLE,Clear,Dark-Lighted,Automatic,-86.61916492542518,36.07348737191975
386908,195026,19SR001001,6.15,INTERSECTION,On Roadway,--,DAVIDSON,SR001,0-NONE,1,400199467,At an Intersection,2024,1734998400000,831,Prop Damage (over),0,0,0,0,2,Vehicle in Transport,REAR-END,Clear,Daylight,Automatic,-86.9452148950979,36.07683455403485
387057,195175,19SR001001,13.16,INTERSECTION,On Roadway,--,DAVIDSON,SR001,0-NONE,1,400199657,At an Intersection,2024,1734998400000,2122,Prop Damage (over),0,0,0,0,2,Vehicle in Transport,ANGLE,Clear,Dark-Lighted,Automatic,-86.84760845443923,36.124951497648105
415719,223844,1904435001,2.1950000000000003,INTERSECTION,--,--,DAVIDSON,04435,0-NONE,1,400199625,At an Intersection,2024,1734998400000,1915,Prop Damage (over),0,0,0,0,2,Vehicle in Transport,ANGLE,Clear,Dark-Lighted,Automatic,-86.81854838373174,36.15873957057842
415732,223857,1904451001,1.464,INTERSECTION,--,--,DAVIDSON,04451,0-NONE,1,400199547,At an Intersection,2024,1734998400000,1324,Prop Damage (over),0,0,0,0,2,Vehicle in Transport,ANGLE,Clear,Daylight,Automatic,-86.69392113591141,36.30603218840663
439596,247724,19SR255001,3.98,INTERSECTION RELATED,--,--,DAVIDSON,SR255,0-NONE,1,400199613,At an Intersection,2024,1734998400000,1734,Prop Damage (over),0,0,0,0,2,Vehicle in Transport,ANGLE,Clear,Dark-Lighted,Automatic,-86.7058431265949,36.08415340059254
458442,266574,1901017001,0.9870000000000001,OTHER,15,--,DAVIDSON,01017,0-NONE,1,400199633,Along Roadway,2024,1734998400000,1938,Prop Damage (over),0,0,0,0,1,Ditch,NO COLLISION W/ VEHICLE,Clear,Dark-Lighted,Automatic,-86.69043688681336,36.27814955099385
195044,3138,1903246001,0.08600000000000001,NON_JUNCTION,On Roadway,--,DAVIDSON,03246,0-NONE,1,400199197,Along Roadway,2024,1734912000000,1715,Suspected Minor Injury,0,2,0,2,2,Vehicle in Transport,REAR-END,Clear,Dark-Lighted,Automatic,-86.76862539269351,36.15178842773802
195786,3880,1903252001,2.89,NON_JUNCTION,On Roadway,--,DAVIDSON,03252,0-NONE,1,400199184,Along Roadway,2024,1734912000000,0,Prop Damage (over),0,0,0,0,2,Vehicle in Transport,"SIDESWIPE, SAME DIR",Clear,Dark-Lighted,Automatic,-86.73749249160967,36.20515009049352
196455,4552,1903258001,1.56,NON_JUNCTION,On Roadway,--,DAVIDSON,03258,0-NONE,1,400199237,Along Roadway,2024,1734912000000,1800,Suspected Minor Injury,0,1,0,1,2,Vehicle in Transport,ANGLE,Clear,Dark-Lighted,Automatic,-86.79771833455938,36.17174259786023
200172,8270,1904942001,0.066,NON_JUNCTION,On Roadway,--,DAVIDSON,04942,0-NONE,1,400199248,Along Roadway,2024,1734912000000,0,Prop Damage (over),0,0,0,0,2,Vehicle in Transport,ANGLE,Clear,Dark-Lighted,Automatic,-86.72448231871319,36.20573156346601
200189,8287,1904945001,0.7050000000000001,NON_JUNCTION,On Roadway,--,DAVIDSON,04945,0-NONE,1,400199281,Along Roadway,2024,1734912000000,1635,Suspected Minor Injury,0,1,0,1,2,Vehicle in Transport,HEAD-ON,Clear,Daylight,Automatic,-86.64793966638467,36.149076261135036
200983,9081,1904965001,1.2690000000000001,NON_JUNCTION,On Roadway,--,DAVIDSON,04965,0-NONE,1,400199310,Along Roadway,2024,1734912000000,1835,Suspected Minor Injury,0,1,0,1,2,Vehicle in Transport,ANGLE,Clear,Dark-Lighted,Automatic,-86.60655424539786,36.06193423904666
203020,11118,190B727001,1.075,NON_JUNCTION,On Roadway,--,DAVIDSON,0B727,0-NONE,1,400199149,Along Roadway,2024,1734912000000,1444,Suspected Minor Injury,0,1,0,1,1,Pedestrian,NO COLLISION W/ VEHICLE,Clear,Daylight,Automatic,-86.67182213035514,36.105564773566755
203182,11280,190B830001,1.657,NON_JUNCTION,On Roadway,--,DAVIDSON,0B830,0-NONE,1,400199376,Along Roadway,2024,1734912000000,2329,Possible Injury,0,1,0,1,2,Vehicle in Transport,REAR-END,Clear,Dark-Lighted,Automatic,-86.71436140614442,36.05152231418323
203194,11292,190B846001,0.736,NON_JUNCTION,On Roadway,--,DAVIDSON,0B846,0-NONE,1,400199428,Along Roadway,2024,1734912000000,2015,Suspected Minor Injury,0,1,0,1,2,Vehicle in Transport,ANGLE,Clear,DARK-UNKNOWN LIGHTING,Automatic,-86.7036302670609,36.04516865237154
203680,11778,190C690001,0.922,NON_JUNCTION,On Roadway,--,DAVIDSON,0C690,0-NONE,1,400199045,Along Roadway,2024,1734912000000,1224,Suspected Minor Injury,0,1,0,1,3,Vehicle in Transport,REAR-END,Clear,Daylight,Automatic,-86.81963871349691,36.10149941318434
203764,11862,190C996001,0.36,NON_JUNCTION,On Roadway,--,DAVIDSON,0C996,0-NONE,1,400199315,Along Roadway,2024,1734912000000,1620,Prop Damage (over),0,0,0,0,2,Vehicle in Transport,ANGLE,Clear,Daylight,Automatic,-86.89648698616926,36.131216462678346
203799,11897,190D103001,0.006,NON_JUNCTION,On Roadway,--,DAVIDSON,0D103,0-NONE,1,400199152,Along Roadway,2024,1734912000000,1520,Prop Damage (over),0,0,0,0,2,Vehicle in Transport,REAR-END,Clear,Daylight,Automatic,-86.87460814988638,36.142924325834116
204412,12510,190D699001,0.0,NON_JUNCTION,On Roadway,--,DAVIDSON,0D699,0-NONE,1,400199275,Along Roadway,2024,1734912000000,1930,Suspected Minor Injury,0,2,0,2,2,Vehicle in Transport,ANGLE,Clear,Dark-Lighted,Automatic,-86.76742526014262,36.20821967596522
206884,14986,19I0024001,4.771,NON_JUNCTION,On Roadway,--,DAVIDSON,I0024,0-NONE,1,400199291,Along Roadway,2024,1734912000000,510,Suspected Minor Injury,0,1,0,1,2,Vehicle in Transport,"SIDESWIPE, SAME DIR",Clear,Dawn,Automatic,-86.83774875371778,36.31821474743318
207177,15279,19I0024001,9.083,NON_JUNCTION,On Roadway,--,DAVIDSON,I0024,0-NONE,1,400198889,Along Roadway,2024,1734912000000,538,Prop Damage (over),0,0,0,0,1,Overturn,NO COLLISION W/ VEHICLE,Clear,Dark-Not Lighted,Automatic,-86.79422864434191,36.27042935640724
209798,17900,19I0024001,19.779,NON_JUNCTION,On Roadway,--,DAVIDSON,I0024,0-NONE,1,400199240,Along Roadway,2024,1734912000000,1709,Suspected Minor Injury,0,1,0,1,2,Vehicle in Transport,REAR-END,Clear,Dark-Lighted,Automatic,-86.70470196875938,36.09171062879912
216591,24693,19I0065001,4.24,NON_JUNCTION,On Roadway,--,DAVIDSON,I0065,0-NONE,1,400199308,Along Roadway,2024,1734912000000,1720,Possible Injury,0,1,0,1,3,Vehicle in Transport,REAR-END,Clear,Dark-Lighted,Automatic,-86.76242395546682,36.092401136823696
219022,27124,19I0065001,17.371000000000002,NON_JUNCTION,On Roadway,--,DAVIDSON,I0065,0-NONE,1,400199172,Along Roadway,2024,1734912000000,1608,Suspected Minor Injury,0,1,0,1,2,Vehicle in Transport,REAR-END,Cloudy,Dusk,Automatic,-86.73538147750665,36.275040704839924
221868,29970,19SR001001,27.084,NON_JUNCTION,On Roadway,--,DAVIDSON,SR001,0-NONE,1,400199243,Along Roadway,2024,1734912000000,1700,Possible Injury,0,1,0,1,2,Vehicle in Transport,"SIDESWIPE, SAME DIR",Clear,Daylight,Automatic,-86.64681425319728,36.082705702169875
228792,36894,19SR024001,25.149,NON_JUNCTION,On Roadway,--,DAVIDSON,SR024,0-NONE,1,400199078,Along Roadway,2024,1734912000000,1222,Prop Damage (over),0,0,0,0,2,Vehicle in Transport,ANGLE,Clear,Daylight,Automatic,-86.59193569755506,36.2149885568578
230202,38304,19SR065001,13.887,NON_JUNCTION,On Roadway,--,DAVIDSON,SR065,0-NONE,1,400199257,Along Roadway,2024,1734912000000,1639,Possible Injury,0,1,0,1,2,Vehicle in Transport,REAR-END,Clear,Daylight,Automatic,-86.88617442010647,36.361163554433126
234549,42651,19SR255001,2.7070000000000003,NON_JUNCTION,On Roadway,--,DAVIDSON,SR255,0-NONE,1,400199317,Along Roadway,2024,1734912000000,1731,Suspected Minor Injury,0,2,0,2,3,Vehicle in Transport,"SIDESWIPE, SAME DIR",Clear,Dark-Lighted,Automatic,-86.72738488629766,36.07922194173503
295316,103420,190A965001,0.156,NON_JUNCTION,Roadside -- Right,--,DAVIDSON,0A965,0-NONE,1,400199341,Along Roadway,2024,1734912000000,2141,Prop Damage (over),0,0,0,0,3,Parked Motor Vehicle,HEAD-ON,Clear,Dark-Lighted,Automatic,-86.59020042732439,36.212317678022046
297887,105993,19SR012001,6.2010000000000005,NON_JUNCTION,Roadside -- Right,--,DAVIDSON,SR012,0-NONE,1,400198866,Along Roadway,2024,1734912000000,0,Prop Damage (over),0,0,0,0,1,Ditch,NO COLLISION W/ VEHICLE,Clear,Dark-Lighted,Automatic,-86.86618178236503,36.20925117539358
313874,121984,1904945001,1.366,NON_JUNCTION,Outside Trafficway,--,DAVIDSON,04945,0-NONE,1,400199268,Along Roadway,2024,1734912000000,1630,Prop Damage (over),0,0,0,0,1,Ditch,NO COLLISION W/ VEHICLE,Clear,Dusk,Automatic,-86.63967603528131,36.15517526727792
319313,127424,19I0024001,22.109,NON_JUNCTION,15,--,DAVIDSON,I0024,0-NONE,1,400198933,Along Roadway,2024,1734912000000,720,Prop Damage (over),0,0,0,0,2,Parked Motor Vehicle,REAR-END,Clear,Daylight,Automatic,-86.68301917505389,36.0629930642768
324647,132758,1903243001,0.371,NON_JUNCTION,--,--,DAVIDSON,03243,0-NONE,1,400199083,Along Roadway,2024,1734912000000,1234,Prop Damage (over),0,0,0,0,2,Parked Motor Vehicle,"SIDESWIPE, SAME DIR",Clear,Daylight,Automatic,-86.7777890776448,36.162472353140856
326352,134464,1904516001,0.36,NON_JUNCTION,--,--,DAVIDSON,04516,0-NONE,1,400198982,Along Roadway,2024,1734912000000,830,Prop Damage (over),0,0,0,0,1,Deer (Animal),NO COLLISION W/ VEHICLE,Clear,Daylight,Automatic,-86.91934719253925,36.06937867501825
326734,134846,1904924001,1.856,NON_JUNCTION,--,--,DAVIDSON,04924,0-NONE,1,400199044,Along Roadway,2024,1734912000000,1210,Prop Damage (over),0,0,0,0,2,Vehicle in Transport,ANGLE,Clear,Daylight,Automatic,-86.781239687936,36.23159491801895
327732,135844,190A673001,0.002,NON_JUNCTION,--,--,DAVIDSON,0A673,0-NONE,1,400199239,Along Roadway,2024,1734912000000,1604,Prop Damage (over),0,0,0,0,2,Vehicle in Transport,REAR-END,Cloudy,Dusk,Automatic,-86.68897213141743,36.30473880773999
333683,141798,19I0040001,19.904,NON_JUNCTION,--,--,DAVIDSON,I0040,0-NONE,1,400199216,Along Roadway,2024,1734912000000,1750,Prop Damage (over),0,0,0,0,2,Vehicle in Transport,REAR-END,Clear,Dark-Lighted,Automatic,-86.75388381183706,36.15226305169994
334606,142721,19I0040001,26.034000000000002,NON_JUNCTION,--,--,DAVIDSON,I0040,0-NONE,1,400199344,Along Roadway,2024,1734912000000,2320,Prop Damage (over),0,0,0,0,2,Vehicle in Transport,"SIDESWIPE, SAME DIR",Clear,Dark-Lighted,Automatic,-86.64982245919227,36.14301070109538
337563,145678,19SR006001,3.5250000000000004,NON_JUNCTION,--,--,DAVIDSON,SR006,0-NONE,1,400199334,Along Roadway,2024,1734912000000,2225,Prop Damage (over),0,0,0,0,2,Vehicle in Transport,"SIDESWIPE, SAME DIR",Clear,Dark-Lighted,Automatic,-86.77220712832387,36.08426639455913
339186,147301,19SR012001,3.95,NON_JUNCTION,--,--,DAVIDSON,SR012,0-NONE,1,400199235,Along Roadway,2024,1734912000000,1545,Prop Damage (over),0,0,0,0,2,Vehicle in Transport,ANGLE,Clear,Dusk,Automatic,-86.83189749978598,36.19411166567656
341245,149360,19SR155001,27.44,NON_JUNCTION,--,--,DAVIDSON,SR155,0-NONE,1,400199126,Along Roadway,2024,1734912000000,1430,Prop Damage (over),0,0,0,0,2,Vehicle in Transport,"SIDESWIPE, SAME DIR",Clear,Daylight,Automatic,-86.85757947566819,36.1539185616948
341782,149897,19SR254001,11.615,NON_JUNCTION,--,--,DAVIDSON,SR254,0-NONE,1,400199271,Along Roadway,2024,1734912000000,1530,Prop Damage (over),0,0,0,0,2,Vehicle in Transport,"SIDESWIPE, SAME DIR",Clear,Daylight,Automatic,-86.71405693532438,36.04527070821066
382477,190595,1903246001,0.48400000000000004,INTERSECTION,On Roadway,--,DAVIDSON,03246,0-NONE,1,400199156,At an Intersection,2024,1734912000000,1535,Suspected Minor Injury,0,1,0,1,2,Vehicle in Transport,ANGLE,Clear,Daylight,Automatic,-86.77190827471807,36.15683556316374
386067,194185,190B844001,0.17400000000000002,INTERSECTION,On Roadway,--,DAVIDSON,0B844,0-NONE,1,400199059,At an Intersection,2024,1734912000000,1135,Possible Injury,0,1,0,1,2,Vehicle in Transport,ANGLE,Clear,Daylight,Automatic,-86.69696110857414,36.0529203310765
389162,197280,19SR006001,22.03,INTERSECTION,On Roadway,--,DAVIDSON,SR006,0-NONE,1,400199090,At an Intersection,2024,1734912000000,1349,Possible Injury,0,1,0,1,2,Vehicle in Transport,REAR-END,Clear,Daylight,Automatic,-86.68632690494468,36.30645321537473
389532,197650,19SR011001,6.8500000000000005,INTERSECTION,On Roadway,--,DAVIDSON,SR011,0-NONE,1,400199326,At an Intersection,2024,1734912000000,2224,Prop Damage (over),0,0,0,0,2,Vehicle in Transport,REAR-END,Clear,Dark-Lighted,Automatic,-86.72559317315604,36.07711938577365
390861,198979,19SR024001,11.1,INTERSECTION,On Roadway,--,DAVIDSON,SR024,0-NONE,1,400198897,At an Intersection,2024,1734912000000,557,Possible Injury,0,1,0,1,2,Vehicle in Transport,ANGLE,Clear,Dawn,Automatic,-86.80581035464584,36.15662756517559
393058,201176,19SR254001,5.44,INTERSECTION,On Roadway,--,DAVIDSON,SR254,0-NONE,1,400198988,At an Intersection,2024,1734912000000,1021,Suspected Minor Injury,0,1,0,1,2,Vehicle in Transport,ANGLE,Clear,Daylight,Automatic,-86.81636138831554,36.04030430965568
394047,202165,19SR255001,8.609,INTERSECTION,On Roadway,--,DAVIDSON,SR255,0-NONE,1,400199522,At an Intersection,2024,1734912000000,1746,Suspected Minor Injury,0,1,0,1,2,Vehicle in Transport,OTHER,Cloudy,Dark-Lighted,Automatic,-86.66397406101271,36.13307633575634
417760,225885,19SR100001,12.121,INTERSECTION,--,--,DAVIDSON,SR100,0-NONE,1,400199015,At an Intersection,2024,1734912000000,1128,Prop Damage (over),0,0,0,0,2,Vehicle in Transport,ANGLE,Clear,Daylight,Automatic,-86.87184551297696,36.09891044144511
426913,235039,1903246001,0.052000000000000005,INTERSECTION RELATED,On Roadway,--,DAVIDSON,03246,0-NONE,1,400199249,At an Intersection,2024,1734912000000,1725,Suspected Minor Injury,0,1,0,1,2,Vehicle in Transport,ANGLE,Clear,Dark-Lighted,Automatic,-86.76835026713535,36.151371550899185
428457,236583,19SR006001,17.155,INTERSECTION RELATED,On Roadway,--,DAVIDSON,SR006,0-NONE,1,400199101,At an Intersection,2024,1734912000000,0,Prop Damage (over),0,0,0,0,2,Vehicle in Transport,REAR-END,Clear,Daylight,Automatic,-86.72243812994144,36.24454272650996
429167,237293,19SR024001,23.061,INTERSECTION RELATED,On Roadway,--,DAVIDSON,SR024,0-NONE,1,400198945,At an Intersection,2024,1734912000000,803,Prop Damage (over),0,0,0,0,2,Vehicle in Transport,REAR-END,Clear,Daylight,Automatic,-86.61981156794666,36.198911492675286
429373,237499,19SR065001,1.149,INTERSECTION RELATED,On Roadway,--,DAVIDSON,SR065,0-NONE,1,400199320,At an Intersection,2024,1734912000000,2003,Prop Damage (under),0,0,0,0,2,Vehicle in Transport,REAR-END,Clear,Dark-Lighted,Automatic,-86.78885131050367,36.208317677462794
445718,253848,19SR155001,10.691,ENTRENCE/EXIT RAMP RELATED,On Roadway,--,DAVIDSON,SR155,0-NONE,1,400199246,Ramp,2024,1734912000000,1845,Prop Damage (over),0,0,0,0,2,Vehicle in Transport,REAR-END,Clear,Dark-Lighted,Automatic,-86.68831615865751,36.19918291288401
451929,260059,19SR011001,23.052,CROSSOVER RELATED,Roadside -- Left,--,DAVIDSON,SR011,0-NONE,1,400199337,Along Roadway,2024,1734912000000,2314,Possible Injury,0,1,0,1,1,Ditch,NO COLLISION W/ VEHICLE,Clear,Dark-Lighted,Automatic,-86.71677967263042,36.30902488349842
452481,260611,19SR155001,29.156000000000002,"DRIVEWAY, ALLEY ACCESS, ETC.",On Roadway,--,DAVIDSON,SR155,0-NONE,1,400199208,Along Roadway,2024,1734912000000,1730,Prop Damage (over),0,0,0,0,2,Vehicle in Transport,OTHER,Clear,Dark-Lighted,Automatic,-86.85558995794152,36.13006584890984
454282,262412,1903252001,3.99,"DRIVEWAY, ALLEY ACCESS, ETC.",--,--,DAVIDSON,03252,0-NONE,1,400199111,Along Roadway,2024,1734912000000,1352,Prop Damage (over),0,0,0,0,2,Motor Vehicle-In-Motion Outside Trafficway,REAR-END,Clear,Daylight,Automatic,-86.72770454790373,36.21904069908266
461041,269175,1904967001,1.089,--,--,--,DAVIDSON,04967,0-NONE,1,400199228,Along Roadway,2024,1734912000000,1300,Prop Damage (under),0,0,0,0,2,--,--,--,--,Automatic,-86.61668473420752,36.177550725118344
463436,271570,19SR001001,22.211000000000002,--,--,--,DAVIDSON,SR001,0-NONE,1,400198936,Along Roadway,2024,1734912000000,806,Prop Damage (under),0,0,0,0,2,--,--,--,--,Automatic,-86.7113351764164,36.12684361650051
464203,272337,19SR024001,11.667,--,--,--,DAVIDSON,SR024,0-NONE,1,400199302,Along Roadway,2024,1734912000000,1505,Prop Damage (under),0,0,0,0,2,--,--,--,--,Automatic,-86.79626684015255,36.15957215129352
464740,272874,19SR155001,6.008,--,--,--,DAVIDSON,SR155,0-NONE,1,400199169,Along Roadway,2024,1734912000000,1602,Prop Damage (under),0,0,0,0,2,--,--,--,--,Automatic,-86.70020730688029,36.13952677769816
465037,273171,19SR255001,1.605,--,--,--,DAVIDSON,SR255,0-NONE,1,400199154,Along Roadway,2024,1734912000000,1534,Prop Damage (under),0,0,0,0,2,--,--,--,--,Automatic,-86.74627147083318,36.07898626093006
197210,5307,1903289001,4.385,NON_JUNCTION,On Roadway,--,DAVIDSON,03289,0-NONE,1,400198744,Along Roadway,2024,1734825600000,1715,Suspected Minor Injury,0,1,0,1,2,Vehicle in Transport,ANGLE,Clear,Dusk,Automatic,-86.73176291653955,36.07393680595512
200302,8400,1904947001,0.10400000000000001,NON_JUNCTION,On Roadway,--,DAVIDSON,04947,0-NONE,1,400198829,Along Roadway,2024,1734825600000,1739,Prop Damage (over),0,0,0,0,2,Vehicle in Transport,REAR-END,Clear,Dark-Lighted,Automatic,-86.73871263788861,36.101693361024765
203762,11860,190C996001,0.266,NON_JUNCTION,On Roadway,--,DAVIDSON,0C996,0-NONE,1,400198725,Along Roadway,2024,1734825600000,1655,Suspected Minor Injury,0,2,0,2,2,Vehicle in Transport,ANGLE,Clear,Dusk,Automatic,-86.89495058340832,36.131753515538286
211516,19618,19I0024001,26.187,NON_JUNCTION,On Roadway,--,DAVIDSON,I0024,0-NONE,1,400198804,Along Roadway,2024,1734825600000,2044,Possible Injury,0,2,0,2,2,Vehicle in Transport,REAR-END,Clear,Dark-Lighted,Automatic,-86.63000823835146,36.022827761425596
212317,20419,19I0040001,12.733,NON_JUNCTION,On Roadway,--,DAVIDSON,I0040,0-NONE,1,400200374,Along Roadway,2024,1734825600000,1116,Suspected Minor Injury,0,1,0,1,4,Vehicle in Transport,ANGLE,Clear,Daylight,Automatic,-86.85678267895767,36.15246420075315
214619,22721,19I0040001,21.929000000000002,NON_JUNCTION,On Roadway,--,DAVIDSON,I0040,0-NONE,1,400198830,Along Roadway,2024,1734825600000,2035,Prop Damage (over),0,0,0,0,2,Vehicle in Transport,"SIDESWIPE, SAME DIR",Clear,Dark-Not Lighted,Automatic,-86.72196060935477,36.140320337572724
215186,23288,19I0040001,22.954,NON_JUNCTION,On Roadway,--,DAVIDSON,I0040,0-NONE,1,400198712,Along Roadway,2024,1734825600000,1600,Suspected Minor Injury,0,2,0,2,2,Vehicle in Transport,REAR-END,Clear,Daylight,Automatic,-86.70399546861451,36.14324058719262
220633,28735,19SR001001,17.636,NON_JUNCTION,On Roadway,--,DAVIDSON,SR001,0-NONE,1,400198687,Along Roadway,2024,1734825600000,1519,Prop Damage (over),0,0,0,0,2,Vehicle in Transport,ANGLE,Clear,Daylight,Automatic,-86.78146886525813,36.15792644318431
222377,30479,19SR001001,28.507,NON_JUNCTION,On Roadway,--,DAVIDSON,SR001,0-NONE,1,400198656,Along Roadway,2024,1734825600000,1030,Possible Injury,0,1,0,1,2,Vehicle in Transport,"SIDESWIPE, OPP DIR",Clear,Daylight,Automatic,-86.63083464285778,36.06701491592164
222527,30629,19SR001001,29.392000000000003,NON_JUNCTION,On Roadway,--,DAVIDSON,SR001,0-NONE,1,400198595,Along Roadway,2024,1734825600000,1010,Possible Injury,0,1,0,1,2,Vehicle in Transport,ANGLE,Clear,Daylight,Automatic,-86.62071664568633,36.05725099716302
223607,31709,19SR006001,13.307,NON_JUNCTION,On Roadway,--,DAVIDSON,SR006,0-NONE,1,400198561,Along Roadway,2024,1734825600000,836,Prop Damage (over),0,0,0,0,1,Other Object (not fixed),NO COLLISION W/ VEHICLE,Clear,Daylight,Automatic,-86.74917288271861,36.209284864241404
225087,33189,19SR011001,6.126,NON_JUNCTION,On Roadway,--,DAVIDSON,SR011,0-NONE,1,400198601,Along Roadway,2024,1734825600000,1053,Suspected Minor Injury,0,1,0,1,2,Vehicle in Transport,REAR-END,Clear,Daylight,Automatic,-86.71935599482364,36.068371650249084
227637,35739,19SR024001,8.043000000000001,NON_JUNCTION,On Roadway,--,DAVIDSON,SR024,0-NONE,1,400198779,Along Roadway,2024,1734825600000,0,Suspected Minor Injury,0,1,0,1,2,Vehicle in Transport,ANGLE,Clear,Dark-Lighted,Automatic,-86.85938781295164,36.14974495299831
228548,36650,19SR024001,22.069000000000003,NON_JUNCTION,On Roadway,--,DAVIDSON,SR024,0-NONE,1,400198709,Along Roadway,2024,1734825600000,1603,Possible Injury,0,2,0,2,3,Vehicle in Transport,"SIDESWIPE, SAME DIR",Clear,Daylight,Automatic,-86.63047366224619,36.18737035140896
231121,39223,19SR155001,3.523,NON_JUNCTION,On Roadway,--,DAVIDSON,SR155,0-NONE,1,400198563,Along Roadway,2024,1734825600000,523,Suspected Minor Injury,0,1,0,1,1,Overturn,NO COLLISION W/ VEHICLE,Clear,DARK-UNKNOWN LIGHTING,Automatic,-86.7118906649105,36.11130648667694
231509,39611,19SR155001,10.36,NON_JUNCTION,On Roadway,--,DAVIDSON,SR155,0-NONE,1,400198728,Along Roadway,2024,1734825600000,1435,Possible Injury,0,3,0,3,6,Cargo Equip Loss/Shift,NO COLLISION W/ VEHICLE,Clear,Daylight,Automatic,-86.68726578872801,36.19446239023503
231621,39723,19SR155001,11.558,NON_JUNCTION,On Roadway,--,DAVIDSON,SR155,0-NONE,1,400198811,Along Roadway,2024,1734825600000,1826,Prop Damage (over),0,0,0,0,2,Vehicle in Transport,"SIDESWIPE, SAME DIR",Clear,Dark-Lighted,Automatic,-86.691177871858,36.211532907630776
234102,42204,19SR254001,15.331000000000001,NON_JUNCTION,On Roadway,--,DAVIDSON,SR254,0-NONE,1,400198813,Along Roadway,2024,1734825600000,1510,Prop Damage (over),0,0,0,0,2,Vehicle in Transport,ANGLE,Clear,Daylight,Automatic,-86.65178745075085,36.04916090247321
234225,42327,19SR254001,16.446,NON_JUNCTION,On Roadway,--,DAVIDSON,SR254,0-NONE,1,400198582,Along Roadway,2024,1734825600000,848,Suspected Minor Injury,0,1,0,1,2,Vehicle in Transport,ANGLE,Clear,Daylight,Automatic,-86.63998468918147,36.06056843007084
284484,92588,19I0040001,12.733,NON_JUNCTION,Roadside -- Left,--,DAVIDSON,I0040,0-NONE,1,400200364,Along Roadway,2024,1734825600000,1116,Suspected Minor Injury,0,1,0,1,1,Concrete Traffic Barrier,NO COLLISION W/ VEHICLE,Clear,Daylight,Automatic,-86.85678267895767,36.15246420075315
294698,102802,1904915001,0.373,NON_JUNCTION,Roadside -- Right,--,DAVIDSON,04915,0-NONE,1,400198849,Along Roadway,2024,1734825600000,2335,Prop Damage (over),0,0,0,0,2,Parked Motor Vehicle,"SIDESWIPE, OPP DIR",Clear,Dark-Lighted,Automatic,-86.76674926257571,36.18699444155044
296509,104613,190F043001,0.054,NON_JUNCTION,Roadside -- Right,--,DAVIDSON,0F043,0-NONE,1,400198583,Along Roadway,2024,1734825600000,0,Prop Damage (over),0,0,0,0,3,Parked Motor Vehicle,REAR-END,Clear,DARK-UNKNOWN LIGHTING,Automatic,-86.78787077545338,36.133788964355546
311633,119741,1904170001,1.592,NON_JUNCTION,Off Roadway -- Location Unknown,--,DAVIDSON,04170,0-NONE,1,400198535,Along Roadway,2024,1734825600000,428,Prop Damage (over),0,0,0,0,1,Ditch,NO COLLISION W/ VEHICLE,Clear,Dark-Lighted,Automatic,-86.69257367532897,36.069343632360486
314219,122329,190B849001,0.35900000000000004,NON_JUNCTION,Outside Trafficway,--,DAVIDSON,0B849,0-NONE,1,400198746,Along Roadway,2024,1734825600000,1820,Possible Injury,0,1,0,1,1,Curb,NO COLLISION W/ VEHICLE,Clear,Dark-Lighted,Automatic,-86.69053809441566,36.053391331974495
314423,122533,190E008001,0.23600000000000002,NON_JUNCTION,Outside Trafficway,--,DAVIDSON,0E008,0-NONE,1,400198695,Along Roadway,2024,1734825600000,0,Prop Damage (over),0,0,0,0,2,Parked Motor Vehicle,"SIDESWIPE, OPP DIR",Clear,Dark-Lighted,Automatic,-86.73281240086365,36.2011208087623
315165,123276,19SR254001,11.802000000000001,NON_JUNCTION,Outside Trafficway,--,DAVIDSON,SR254,0-NONE,1,400198810,Along Roadway,2024,1734825600000,1800,Prop Damage (over),0,0,0,0,2,Vehicle in Transport,REAR TO SIDE,Clear,Dark-Lighted,Automatic,-86.71078283421866,36.045578449358786
318263,126374,19SR386001,2.318,NON_JUNCTION,14,--,DAVIDSON,SR386,0-NONE,1,400198603,Along Roadway,2024,1734825600000,1043,Prop Damage (over),0,0,0,0,1,Concrete Traffic Barrier,NO COLLISION W/ VEHICLE,Clear,Daylight,Automatic,-86.67335107518797,36.3122031238451
321762,129873,1904846001,0.9560000000000001,NON_JUNCTION,Unknown,--,DAVIDSON,04846,0-NONE,1,400198723,Along Roadway,2024,1734825600000,1535,Prop Damage (over),0,0,0,0,1,Ditch,NO COLLISION W/ VEHICLE,Clear,Daylight,Automatic,-86.67269484808446,35.99793776584414
329986,138099,190F518001,0.185,NON_JUNCTION,--,--,DAVIDSON,0F518,0-NONE,1,400198861,Along Roadway,2024,1734825600000,1800,Prop Damage (over),0,0,0,0,2,Vehicle in Transport,"SIDESWIPE, OPP DIR",Clear,Dark-Lighted,Automatic,-86.73301589767154,36.11253404861937
330134,138247,190F718001,0.928,NON_JUNCTION,--,--,DAVIDSON,0F718,0-NONE,1,400198753,Along Roadway,2024,1734825600000,1838,Prop Damage (over),0,0,0,0,2,Vehicle in Transport,ANGLE,Clear,Dark-Lighted,Automatic,-86.78102543568713,36.164466421412904
331007,139122,19I0024001,13.562000000000001,NON_JUNCTION,--,--,DAVIDSON,I0024,0-NONE,1,400198599,Along Roadway,2024,1734825600000,946,Prop Damage (over),0,0,0,0,3,Vehicle in Transport,REAR-END,Clear,Daylight,Automatic,-86.77540879197875,36.18343100129881
335685,143800,19I0065001,12.739,NON_JUNCTION,--,--,DAVIDSON,I0065,0-NONE,1,400198856,Along Roadway,2024,1734825600000,2302,Prop Damage (over),0,0,0,0,2,Vehicle in Transport,"SIDESWIPE, SAME DIR",Clear,Dark-Lighted,Automatic,-86.77387355514354,36.22100091185552
337805,145920,19SR006001,10.329,NON_JUNCTION,--,--,DAVIDSON,SR006,0-NONE,1,400198652,Along Roadway,2024,1734825600000,1345,Prop Damage (over),0,0,0,0,2,Vehicle in Transport,REAR-END,Clear,Daylight,Automatic,-86.76780449868313,36.17191145540389
338397,146512,19SR011001,4.3,NON_JUNCTION,--,--,DAVIDSON,SR011,0-NONE,1,400198645,Along Roadway,2024,1734825600000,1303,Prop Damage (over),0,0,0,0,2,Vehicle in Transport,REAR-END,Clear,Daylight,Automatic,-86.71302040797809,36.04277206845265
381970,190088,1901017001,2.932,INTERSECTION,On Roadway,--,DAVIDSON,01017,0-NONE,1,400198570,At an Intersection,2024,1734825600000,903,Possible Injury,0,1,0,1,2,Vehicle in Transport,ANGLE,Clear,Daylight,Automatic,-86.70230474272451,36.30402838860622
382116,190234,1903242001,0.28200000000000003,INTERSECTION,On Roadway,--,DAVIDSON,03242,0-NONE,1,400198781,At an Intersection,2024,1734825600000,1445,Prop Damage (over),0,0,0,0,2,Vehicle in Transport,ANGLE,Clear,Daylight,Automatic,-86.8054723544766,36.15009255014661
388896,197014,19SR006001,18.378,INTERSECTION,On Roadway,--,DAVIDSON,SR006,0-NONE,1,400198722,At an Intersection,2024,1734825600000,1642,Possible Injury,0,1,0,1,2,Vehicle in Transport,ANGLE,Clear,Dusk,Automatic,-86.7128581284395,36.260397788401455
390858,198976,19SR024001,11.008000000000001,INTERSECTION,On Roadway,--,DAVIDSON,SR024,0-NONE,1,400198547,At an Intersection,2024,1734825600000,622,Suspected Serious Injury,0,1,1,0,1,Pedestrian,NO COLLISION W/ VEHICLE,Clear,Daylight,Automatic,-86.80717735700351,36.15632256409259
391003,199121,19SR024001,12.56,INTERSECTION,On Roadway,--,DAVIDSON,SR024,0-NONE,1,400198478,At an Intersection,2024,1734825600000,17,Possible Injury,0,1,0,1,2,Vehicle in Transport,"SIDESWIPE, SAME DIR",Clear,Dark-Lighted,Automatic,-86.77715728706453,36.16101157306021
417005,225130,19SR006001,21.948,INTERSECTION,--,--,DAVIDSON,SR006,0-NONE,1,400198801,At an Intersection,2024,1734825600000,1724,Prop Damage (over),0,0,0,0,2,Vehicle in Transport,ANGLE,Clear,Dark-Lighted,Automatic,-86.68746806586948,36.30572688639515
427295,235421,1903295001,2.89,INTERSECTION RELATED,On Roadway,--,DAVIDSON,03295,0-NONE,1,400198553,At an Intersection,2024,1734825600000,730,Prop Damage (over),0,0,0,0,2,Vehicle in Transport,ANGLE,Clear,Daylight,Automatic,-86.82157138802265,36.18804163439413
438851,246979,190D299001,0.379,INTERSECTION RELATED,--,--,DAVIDSON,0D299,0-NONE,1,400198623,At an Intersection,2024,1734825600000,1230,Prop Damage (over),0,0,0,0,2,Vehicle in Transport,ANGLE,Clear,Daylight,Automatic,-86.82515039896542,36.16497758428262
459013,267145,19I0024001,16.408,UNKNOWN,On Roadway,--,DAVIDSON,I0024,0-NONE,1,400198738,Along Roadway,2024,1734825600000,1440,Suspected Minor Injury,0,1,0,1,2,Vehicle in Transport,REAR-END,Clear,Daylight,Automatic,-86.72708721762379,36.1347165821642
195814,3908,1903252001,3.2960000000000003,NON_JUNCTION,On Roadway,--,DAVIDSON,03252,0-NONE,1,400198211,Along Roadway,2024,1734739200000,946,Suspected Minor Injury,0,1,0,1,1,Pedestrian,NO COLLISION W/ VEHICLE,Cloudy,Daylight,Automatic,-86.73363884816646,36.21013421195023
197102,5199,1903289001,1.945,NON_JUNCTION,On Roadway,--,DAVIDSON,03289,0-NONE,1,400198243,Along Roadway,2024,1734739200000,1044,Prop Damage (over),0,0,0,0,2,Vehicle in Transport,ANGLE,Clear,Daylight,Automatic,-86.74367401578442,36.04095329098419
198708,6805,1904451001,0.12300000000000001,NON_JUNCTION,On Roadway,--,DAVIDSON,04451,0-NONE,1,400198527,Along Roadway,2024,1734739200000,1426,Prop Damage (over),0,0,0,0,2,Vehicle in Transport,ANGLE,Clear,Daylight,Automatic,-86.70111653552776,36.32343806321825
200636,8734,1904958001,3.237,NON_JUNCTION,On Roadway,--,DAVIDSON,04958,0-NONE,1,400198239,Along Roadway,2024,1734739200000,0,Suspected Minor Injury,0,2,0,2,2,Vehicle in Transport,HEAD-ON,Cloudy,Daylight,Automatic,-86.62601264026654,36.04943163038439
201322,9420,1905333001,2.33,NON_JUNCTION,On Roadway,--,DAVIDSON,05333,0-NONE,1,400198108,Along Roadway,2024,1734739200000,110,Suspected Minor Injury,0,2,0,2,2,Vehicle in Transport in other Roadway,ANGLE,Clear,Dark-Lighted,Automatic,-86.77728616193828,36.155905124401905
203763,11861,190C996001,0.269,NON_JUNCTION,On Roadway,--,DAVIDSON,0C996,0-NONE,1,400198225,Along Roadway,2024,1734739200000,1048,Suspected Minor Injury,0,2,0,2,3,Vehicle in Transport,REAR-END,Clear,Daylight,Automatic,-86.89499988173617,36.131737015893
205462,13561,190F125001,0.48600000000000004,NON_JUNCTION,On Roadway,--,DAVIDSON,0F125,0-NONE,1,400198525,Along Roadway,2024,1734739200000,2100,Prop Damage (over),0,0,0,0,3,Vehicle in Transport,REAR-END,Clear,Dark-Lighted,Automatic,-86.795529516276,36.14442905596505
205535,13634,190F253001,0.006,NON_JUNCTION,On Roadway,--,DAVIDSON,0F253,0-NONE,1,400198357,Along Roadway,2024,1734739200000,1650,Prop Damage (over),0,0,0,0,3,Vehicle in Transport,REAR-END,Clear,Daylight,Automatic,-86.84856211611503,36.15187302206174
206587,14689,190J115001,0.10400000000000001,NON_JUNCTION,On Roadway,--,DAVIDSON,0J115,0-NONE,1,400198376,Along Roadway,2024,1734739200000,1800,Prop Damage (over),0,0,0,0,2,Vehicle in Transport,ANGLE,Clear,Dark-Lighted,Automatic,-86.9512553050595,36.04774200436153
207515,15617,19I0024001,13.425,NON_JUNCTION,On Roadway,--,DAVIDSON,I0024,0-NONE,1,400198325,Along Roadway,2024,1734739200000,1545,Suspected Minor Injury,0,1,0,1,2,Vehicle in Transport,REAR-END,Clear,Daylight,Automatic,-86.77583585034402,36.18539143802509
210043,18145,19I0024001,20.514,NON_JUNCTION,On Roadway,--,DAVIDSON,I0024,0-NONE,1,400198223,Along Roadway,2024,1734739200000,947,Suspected Minor Injury,0,1,0,1,3,Vehicle in Transport,ANGLE,Cloudy,Daylight,Automatic,-86.69802184728316,36.08253228836267
211184,19286,19I0024001,24.476000000000003,NON_JUNCTION,On Roadway,--,DAVIDSON,I0024,0-NONE,1,400198416,Along Roadway,2024,1734739200000,1833,Suspected Minor Injury,0,1,0,1,2,Vehicle in Transport,REAR-END,Clear,Dark-Lighted,Automatic,-86.65115594339734,36.040710392997354
212687,20789,19I0040001,15.953000000000001,NON_JUNCTION,On Roadway,--,DAVIDSON,I0040,0-NONE,1,400198975,Along Roadway,2024,1734739200000,300,Fatal,1,1,1,0,2,Vehicle in Transport,HEAD-ON,Clear,Dark-Lighted,Automatic,-86.80542431280388,36.17034407501226
214034,22136,19I0040001,20.533,NON_JUNCTION,On Roadway,--,DAVIDSON,I0040,0-NONE,1,400198439,Along Roadway,2024,1734739200000,1727,Prop Damage (over),0,0,0,0,2,Vehicle in Transport,"SIDESWIPE, SAME DIR",Cloudy,Dark-Lighted,Automatic,-86.74425011009775,36.147456612418125
218681,26783,19I0065001,15.229000000000001,NON_JUNCTION,On Roadway,--,DAVIDSON,I0065,0-NONE,1,400198447,Along Roadway,2024,1734739200000,1814,Suspected Serious Injury,0,4,1,3,2,Vehicle in Transport,REAR-END,Clear,Dark-Lighted,Automatic,-86.74524182746028,36.245765950980775
221167,29269,19SR001001,22.181,NON_JUNCTION,On Roadway,--,DAVIDSON,SR001,0-NONE,1,400198389,Along Roadway,2024,1734739200000,1900,Suspected Minor Injury,0,2,0,2,2,Vehicle in Transport,ANGLE,Clear,Dark-Lighted,Automatic,-86.71172839840973,36.12715328378283
221309,29411,19SR001001,23.296,NON_JUNCTION,On Roadway,--,DAVIDSON,SR001,0-NONE,1,400198980,Along Roadway,2024,1734739200000,2000,Fatal,1,0,0,0,1,Pedestrian,NO COLLISION W/ VEHICLE,Clear,Dark-Lighted,Automatic,-86.69720214910434,36.11629515556279
221645,29747,19SR001001,26.196,NON_JUNCTION,On Roadway,--,DAVIDSON,SR001,0-NONE,1,400198369,Along Roadway,2024,1734739200000,1433,Suspected Serious Injury,0,1,1,0,2,Vehicle in Transport,HEAD-ON,Clear,Daylight,Automatic,-86.65331788914848,36.094338551340954
223787,31889,19SR006001,17.047,NON_JUNCTION,On Roadway,--,DAVIDSON,SR006,0-NONE,1,400198256,Along Roadway,2024,1734739200000,1230,Suspected Minor Injury,0,1,0,1,3,Vehicle in Transport,REAR-END,Clear,Daylight,Automatic,-86.72299308788882,36.24305323254486
228015,36117,19SR024001,12.237,NON_JUNCTION,On Roadway,--,DAVIDSON,SR024,0-NONE,1,400198092,Along Roadway,2024,1734739200000,0,Suspected Minor Injury,0,3,0,3,2,Vehicle in Transport,ANGLE,Clear,Dark-Lighted,Automatic,-86.78974697118156,36.1556809471513
228573,36675,19SR024001,22.226000000000003,NON_JUNCTION,On Roadway,--,DAVIDSON,SR024,0-NONE,1,400198515,Along Roadway,2024,1734739200000,2218,Prop Damage (under),0,0,0,0,2,Vehicle in Transport,ANGLE,Clear,Dark-Lighted,Automatic,-86.62812004131735,36.18902343275737
229624,37726,19SR045001,16.975,NON_JUNCTION,On Roadway,--,DAVIDSON,SR045,0-NONE,1,400198479,Along Roadway,2024,1734739200000,2337,Prop Damage (under),0,0,0,0,2,Vehicle in Transport,"SIDESWIPE, OPP DIR",Clear,Dark-Lighted,Automatic,-86.60886730653405,36.18249615351489
230833,38935,19SR112001,10.817,NON_JUNCTION,On Roadway,--,DAVIDSON,SR112,0-NONE,1,400198425,Along Roadway,2024,1734739200000,1656,Prop Damage (over),0,0,0,0,2,Vehicle in Transport,REAR-END,Clear,Dusk,Automatic,-86.9033091080616,36.32134184120881
230899,39001,19SR155001,1.361,NON_JUNCTION,On Roadway,--,DAVIDSON,SR155,0-NONE,1,400198260,Along Roadway,2024,1734739200000,1139,Suspected Minor Injury,0,1,0,1,2,Vehicle in Transport,UNKNOWN,Clear,Daylight,Automatic,-86.74993714852735,36.111215274726185
231168,39270,19SR155001,4.68,NON_JUNCTION,On Roadway,--,DAVIDSON,SR155,0-NONE,1,400198269,Along Roadway,2024,1734739200000,1056,Suspected Minor Injury,0,3,0,3,5,Vehicle in Transport,ANGLE,Clear,Daylight,Automatic,-86.69668731175767,36.12146790999869
233809,41911,19SR254001,14.496,NON_JUNCTION,On Roadway,--,DAVIDSON,SR254,0-NONE,1,400198390,Along Roadway,2024,1734739200000,1855,Suspected Minor Injury,0,1,0,1,2,Vehicle in Transport in other Roadway,ANGLE,Clear,Dark-Lighted,Automatic,-86.66515946928686,36.04496030996595
294753,102857,1904924001,4.1850000000000005,NON_JUNCTION,Roadside -- Right,--,DAVIDSON,04924,0-NONE,1,104087915,Along Roadway,2024,1734739200000,1055,Prop Damage (over),0,0,0,0,1,Utility Pole,NO COLLISION W/ VEHICLE,--,Daylight,Automatic,-86.74042360928746,36.2297971001065
311629,119737,1904169001,4.978000000000001,NON_JUNCTION,Off Roadway -- Location Unknown,--,DAVIDSON,04169,0-NONE,1,400198122,Along Roadway,2024,1734739200000,227,Prop Damage (over),0,0,0,0,1,Fence,NO COLLISION W/ VEHICLE,Clear,Dark-Lighted,Automatic,-86.6969844883264,36.09177539695882
311796,119904,190C292001,1.004,NON_JUNCTION,Off Roadway -- Location Unknown,--,DAVIDSON,0C292,0-NONE,1,400198457,Along Roadway,2024,1734739200000,2214,Prop Damage (over),0,0,0,0,1,Mail Box,NO COLLISION W/ VEHICLE,Clear,Dark-Not Lighted,Automatic,-86.70908360754511,36.080055778986534
317971,126082,190D460001,1.175,NON_JUNCTION,14,--,DAVIDSON,0D460,0-NONE,1,400198409,Along Roadway,2024,1734739200000,1951,Prop Damage (over),0,0,0,0,1,Culvert,NO COLLISION W/ VEHICLE,Clear,Dark-Not Lighted,Automatic,-86.78423452860592,36.303250961459206
319068,127179,190A082001,0.28500000000000003,NON_JUNCTION,15,--,DAVIDSON,0A082,0-NONE,1,400198146,Along Roadway,2024,1734739200000,0,Prop Damage (under),0,0,0,0,1,Ditch,NO COLLISION W/ VEHICLE,Clear,Dark-Lighted,Automatic,-86.82302039014535,36.20850367966671
319383,127494,19I0040001,26.648,NON_JUNCTION,15,--,DAVIDSON,I0040,0-NONE,1,400198179,Along Roadway,2024,1734739200000,755,Possible Injury,0,1,0,1,1,Guardrail End,NO COLLISION W/ VEHICLE,Clear,Daylight,Automatic,-86.64101554131754,36.14831402648296
324999,133110,1903252001,1.403,NON_JUNCTION,--,--,DAVIDSON,03252,0-NONE,1,400198254,Along Roadway,2024,1734739200000,1217,Prop Damage (over),0,0,0,0,2,Vehicle in Transport,ANGLE,Clear,Daylight,Automatic,-86.74770070913117,36.18535599242097
327033,135145,1904958001,3.5370000000000004,NON_JUNCTION,--,--,DAVIDSON,04958,0-NONE,1,400198433,Along Roadway,2024,1734739200000,2122,Prop Damage (over),0,0,0,0,4,Vehicle in Transport,REAR-END,Clear,Dark-Lighted,Automatic,-86.62206817508611,36.051899256679725
332405,140520,19I0024001,23.807000000000002,NON_JUNCTION,--,--,DAVIDSON,I0024,0-NONE,1,400198388,Along Roadway,2024,1734739200000,1837,Prop Damage (over),0,0,0,0,3,Vehicle in Transport,REAR-END,Clear,Dark-Lighted,Automatic,-86.66090127676507,36.046346718463205
335575,143690,19I0065001,11.953000000000001,NON_JUNCTION,--,--,DAVIDSON,I0065,0-NONE,1,400198371,Along Roadway,2024,1734739200000,1837,Prop Damage (over),0,0,0,0,2,Vehicle in Transport,REAR-END,Clear,Dark-Lighted,Automatic,-86.77584267584031,36.20972602021403
335746,143861,19I0065001,14.361,NON_JUNCTION,--,--,DAVIDSON,I0065,0-NONE,1,400198392,Along Roadway,2024,1734739200000,1849,Prop Damage (over),0,0,0,0,2,Vehicle in Transport,REAR-END,Clear,Dark-Lighted,Automatic,-86.75716289327738,36.23783532252594
336228,144343,19I0440001,2.86,NON_JUNCTION,--,--,DAVIDSON,I0440,0-NONE,1,400198335,Along Roadway,2024,1734739200000,1537,Prop Damage (over),0,0,0,0,2,Vehicle in Transport,REAR-END,Clear,Daylight,Automatic,-86.80684028765994,36.123044662572035
337335,145450,19SR001001,28.297,NON_JUNCTION,--,--,DAVIDSON,SR001,0-NONE,1,400198567,Along Roadway,2024,1734739200000,1548,Prop Damage (over),0,0,0,0,2,Vehicle in Transport,ANGLE,Clear,Daylight,Automatic,-86.63328414375475,36.06926211397382
338129,146244,19SR006001,18.622,NON_JUNCTION,--,--,DAVIDSON,SR006,0-NONE,1,400198328,Along Roadway,2024,1734739200000,1623,Prop Damage (over),0,0,0,0,2,Vehicle in Transport,ANGLE,Clear,Daylight,Automatic,-86.71164567147157,36.26382675164454
341008,149123,19SR155001,10.46,NON_JUNCTION,--,--,DAVIDSON,SR155,0-NONE,1,400198255,Along Roadway,2024,1734739200000,1212,Prop Damage (over),0,0,0,0,2,Vehicle in Transport,REAR-END,Clear,Daylight,Automatic,-86.68755377584914,36.19589226691372
390775,198893,19SR024001,9.02,INTERSECTION,On Roadway,--,DAVIDSON,SR024,0-NONE,1,400198281,At an Intersection,2024,1734739200000,0,Suspected Minor Injury,0,1,0,1,3,Vehicle in Transport,ANGLE,Clear,Daylight,Automatic,-86.84220543959262,36.152180557167355
392136,200254,19SR065001,2.572,INTERSECTION,On Roadway,--,DAVIDSON,SR065,0-NONE,1,400198446,At an Intersection,2024,1734739200000,0,Prop Damage (over),0,0,0,0,2,Vehicle in Transport,ANGLE,Clear,Daylight,Automatic,-86.80488334645796,36.22115670662621
392874,200992,19SR171001,0.0,INTERSECTION,On Roadway,--,DAVIDSON,SR171,0-NONE,1,400198161,At an Intersection,2024,1734739200000,625,Suspected Minor Injury,0,1,0,1,2,Vehicle in Transport,ANGLE,Clear,Dusk,Automatic,-86.6204809336206,36.01418224142501
416885,225010,19SR006001,10.254000000000001,INTERSECTION,--,--,DAVIDSON,SR006,0-NONE,1,400198405,At an Intersection,2024,1734739200000,1940,Prop Damage (over),0,0,0,0,2,Vehicle in Transport,ANGLE,Clear,Dark-Lighted,Automatic,-86.76903926676722,36.171440595847244
417086,225211,19SR011001,7.0200000000000005,INTERSECTION,--,--,DAVIDSON,SR011,0-NONE,1,400198365,At an Intersection,2024,1734739200000,1730,Prop Damage (over),0,0,0,0,3,Vehicle in Transport,ANGLE,Clear,Dark-Lighted,Automatic,-86.72634817521305,36.079583391304006
418047,226172,19SR254001,15.08,INTERSECTION,--,--,DAVIDSON,SR254,0-NONE,1,400198431,At an Intersection,2024,1734739200000,1630,Prop Damage (over),0,0,0,0,2,Vehicle in Transport,ANGLE,Clear,Dusk,Automatic,-86.65577417753575,36.047501442237824
429168,237294,19SR024001,23.178,INTERSECTION RELATED,On Roadway,--,DAVIDSON,SR024,0-NONE,1,400198339,At an Intersection,2024,1734739200000,1510,Prop Damage (over),0,0,0,0,2,Vehicle in Transport,ANGLE,Clear,Daylight,Automatic,-86.61860691422225,36.20029865046414
438720,246848,1904845001,4.859,INTERSECTION RELATED,--,--,DAVIDSON,04845,0-NONE,1,400198333,At an Intersection,2024,1734739200000,1539,Prop Damage (over),0,0,0,0,2,Vehicle in Transport,ANGLE,Clear,Daylight,Automatic,-86.65342601182392,36.00210321703138
455626,263757,19I0024001,14.191,ACCEL/DECEL LANE,On Roadway,--,DAVIDSON,I0024,0-NONE,1,400198449,Along Roadway,2024,1734739200000,2225,Possible Injury,0,1,0,1,2,Vehicle in Transport,REAR-END,Clear,Dark-Lighted,Automatic,-86.77140688576466,36.17494457968298
459049,267181,19SR001001,24.229000000000003,UNKNOWN,On Roadway,--,DAVIDSON,SR001,0-NONE,1,400198466,Along Roadway,2024,1734739200000,1950,Prop Damage (over),0,0,0,0,2,Unknown Harmful Event,UNKNOWN,Clear,Dark-Lighted,Automatic,-86.68240694020287,36.110119115268965
459100,267232,19SR255001,4.776,UNKNOWN,On Roadway,--,DAVIDSON,SR255,0-NONE,1,400198444,Along Roadway,2024,1734739200000,1840,Suspected Minor Injury,0,1,0,1,2,Vehicle in Transport,"SIDESWIPE, SAME DIR",Clear,Dark-Lighted,Automatic,-86.6924443468557,36.08733713608898
459440,267572,190G609001,0.266,UNKNOWN,Unknown,--,DAVIDSON,0G609,0-NONE,1,400198247,Along Roadway,2024,1734739200000,0,Prop Damage (over),0,0,0,0,1,Unknown Harmful Event,UNKNOWN,Unknown,Unknown,Automatic,-86.58565406052185,36.06937519148071
461236,269370,190B122001,0.41200000000000003,--,--,--,DAVIDSON,0B122,0-NONE,1,400198327,Along Roadway,2024,1734739200000,1427,Prop Damage (under),0,0,0,0,1,--,--,--,--,Automatic,-86.6126148117945,36.08397283783507
196530,4627,1903258001,2.5010000000000003,NON_JUNCTION,On Roadway,--,DAVIDSON,03258,0-NONE,1,400197984,Along Roadway,2024,1734652800000,1614,Prop Damage (over),0,0,0,0,2,Vehicle in Transport,REAR-END,Clear,Daylight,Automatic,-86.81408642290098,36.16850073118271
197123,5220,1903289001,2.474,NON_JUNCTION,On Roadway,--,DAVIDSON,03289,0-NONE,1,400197926,Along Roadway,2024,1734652800000,1612,Suspected Minor Injury,0,2,0,2,2,Vehicle in Transport,REAR-END,Clear,Daylight,Automatic,-86.74362599746703,36.04862757833284
199166,7264,1904892001,2.652,NON_JUNCTION,On Roadway,--,DAVIDSON,04892,0-NONE,1,400198034,Along Roadway,2024,1734652800000,1729,Prop Damage (over),0,0,0,0,2,Vehicle in Transport,ANGLE,Clear,Dark-Lighted,Automatic,-86.81542750911684,36.10610917953194
199552,7650,1904916001,1.082,NON_JUNCTION,On Roadway,--,DAVIDSON,04916,0-NONE,1,400198023,Along Roadway,2024,1734652800000,1752,Prop Damage (over),0,0,0,0,2,Vehicle in Transport,ANGLE,Clear,Dark-Lighted,Automatic,-86.75332106769672,36.19345674014599
199832,7930,1904925001,1.2870000000000001,NON_JUNCTION,On Roadway,--,DAVIDSON,04925,0-NONE,1,104087026,Along Roadway,2024,1734652800000,709,Possible Injury,0,1,0,1,2,Vehicle in Transport,ANGLE,--,Daylight,Automatic,-86.73971355433888,36.21691771989912
199840,7938,1904925001,1.832,NON_JUNCTION,On Roadway,--,DAVIDSON,04925,0-NONE,1,400198066,Along Roadway,2024,1734652800000,2015,Prop Damage (over),0,0,0,0,2,Vehicle in Transport,HEAD-ON,Clear,Dark-Lighted,Automatic,-86.7327081468387,36.21168577881124
201494,9592,1906063001,0.012,NON_JUNCTION,On Roadway,--,DAVIDSON,06063,0-NONE,1,400198083,Along Roadway,2024,1734652800000,1809,Prop Damage (over),0,0,0,0,3,Vehicle in Transport,ANGLE,Clear,Daylight,Automatic,-86.65337700399928,36.094412419666895
202481,10579,190B262001,0.41600000000000004,NON_JUNCTION,On Roadway,--,DAVIDSON,0B262,0-NONE,1,400198978,Along Roadway,2024,1734652800000,0,Prop Damage (over),0,0,0,0,2,Vehicle in Transport,UNKNOWN,Unknown,Unknown,Automatic,-86.62995209729185,36.0683545175745
202912,11010,190B626001,0.03,NON_JUNCTION,On Roadway,--,DAVIDSON,0B626,0-NONE,1,400197754,Along Roadway,2024,1734652800000,845,Prop Damage (over),0,0,0,0,2,Vehicle in Transport,ANGLE,Clear,Daylight,Automatic,-86.71056213151466,36.126740517085054
203391,11489,190C042001,0.0,NON_JUNCTION,On Roadway,--,DAVIDSON,0C042,0-NONE,1,400197948,Along Roadway,2024,1734652800000,1530,Prop Damage (under),0,0,0,0,2,Vehicle in Transport,ANGLE,Clear,Daylight,Automatic,-86.7473442217778,36.11106746179621
206996,15098,19I0024001,6.245,NON_JUNCTION,On Roadway,--,DAVIDSON,I0024,0-NONE,1,400197714,Along Roadway,2024,1734652800000,956,Prop Damage (over),0,0,0,0,3,Vehicle in Transport,REAR-END,Clear,Daylight,Automatic,-86.81659707002542,36.30596404869303
209144,17246,19I0024001,17.602,NON_JUNCTION,On Roadway,--,DAVIDSON,I0024,0-NONE,1,400197626,Along Roadway,2024,1734652800000,441,Prop Damage (over),0,0,0,0,2,Vehicle in Transport,"SIDESWIPE, OPP DIR",Clear,Dark-Lighted,Automatic,-86.72599820401143,36.11773773521752
209345,17447,19I0024001,18.426000000000002,NON_JUNCTION,On Roadway,--,DAVIDSON,I0024,0-NONE,1,400197601,Along Roadway,2024,1734652800000,420,Prop Damage (over),0,0,0,0,2,Vehicle in Transport,"SIDESWIPE, SAME DIR",Clear,Dark-Lighted,Automatic,-86.71966803505549,36.106994749248344
210444,18546,19I0024001,21.908,NON_JUNCTION,On Roadway,--,DAVIDSON,I0024,0-NONE,1,400197741,Along Roadway,2024,1734652800000,0,Prop Damage (over),0,0,0,0,2,Vehicle in Transport,REAR-END,Cloudy,Daylight,Automatic,-86.68533837571327,36.0652238734068
211419,19521,19I0024001,25.473000000000003,NON_JUNCTION,On Roadway,--,DAVIDSON,I0024,0-NONE,1,400197644,Along Roadway,2024,1734652800000,750,Possible Injury,0,1,0,1,2,Vehicle in Transport,ANGLE,Clear,Daylight,Automatic,-86.63858856450614,36.03050651064507
212621,20723,19I0040001,15.467,NON_JUNCTION,On Roadway,--,DAVIDSON,I0040,0-NONE,1,400198053,Along Roadway,2024,1734652800000,1943,Suspected Minor Injury,0,2,0,2,3,Vehicle in Transport,REAR-END,Clear,Dark-Lighted,Automatic,-86.81418610491501,36.16849132458751
212938,21040,19I0040001,17.593,NON_JUNCTION,On Roadway,--,DAVIDSON,I0040,0-NONE,1,400198075,Along Roadway,2024,1734652800000,2222,Prop Damage (under),0,0,0,0,2,Vehicle in Transport,REAR-END,Clear,Dark-Lighted,Automatic,-86.78929532350999,36.15566994849884
216965,25067,19I0065001,7.13,NON_JUNCTION,On Roadway,--,DAVIDSON,I0065,0-NONE,1,400197869,Along Roadway,2024,1734652800000,1327,Suspected Minor Injury,0,1,0,1,2,Vehicle in Transport,"SIDESWIPE, SAME DIR",Clear,Daylight,Automatic,-86.77433034819927,36.13216017394761
217857,25959,19I0065001,11.409,NON_JUNCTION,On Roadway,--,DAVIDSON,I0065,0-NONE,1,400199440,Along Roadway,2024,1734652800000,1109,Prop Damage (over),0,0,0,0,2,Vehicle in Transport,"SIDESWIPE, SAME DIR",Cloudy,Daylight,Automatic,-86.77655783040981,36.201854192186445
217879,25981,19I0065001,11.43,NON_JUNCTION,On Roadway,--,DAVIDSON,I0065,0-NONE,1,400197715,Along Roadway,2024,1734652800000,932,Prop Damage (over),0,0,0,0,2,Vehicle in Transport,"SIDESWIPE, SAME DIR",Clear,Daylight,Automatic,-86.77658060670879,36.202158718405585
218872,26974,19I0065001,16.240000000000002,NON_JUNCTION,On Roadway,--,DAVIDSON,I0065,0-NONE,1,400197805,Along Roadway,2024,1734652800000,1236,Prop Damage (over),0,0,0,0,4,Vehicle in Transport,"SIDESWIPE, SAME DIR",Cloudy,Daylight,Automatic,-86.738226188133,36.25880476432927
224065,32167,19SR006001,18.191000000000003,NON_JUNCTION,On Roadway,--,DAVIDSON,SR006,0-NONE,1,400198100,Along Roadway,2024,1734652800000,2321,Prop Damage (under),0,0,0,0,2,Vehicle in Transport,ANGLE,Clear,Dark-Lighted,Automatic,-86.71378487225184,36.25775769768939
224175,32277,19SR006001,18.57,NON_JUNCTION,On Roadway,--,DAVIDSON,SR006,0-NONE,1,400197622,Along Roadway,2024,1734652800000,604,Prop Damage (over),0,0,0,0,2,Vehicle in Transport,HEAD-ON,Clear,Dawn,Automatic,-86.71190412660125,36.26311279427134
224794,32896,19SR011001,4.418,NON_JUNCTION,On Roadway,--,DAVIDSON,SR011,0-NONE,1,400197778,Along Roadway,2024,1734652800000,1155,Suspected Minor Injury,0,1,0,1,2,Vehicle in Transport,ANGLE,Cloudy,Daylight,Automatic,-86.71320329567564,36.04447426548525
225232,33334,19SR011001,6.93,NON_JUNCTION,On Roadway,--,DAVIDSON,SR011,0-NONE,1,400197649,Along Roadway,2024,1734652800000,717,Prop Damage (over),0,0,0,0,2,Vehicle in Transport,REAR-END,Clear,Daylight,Automatic,-86.72594846803788,36.078278927167325
225629,33731,19SR011001,8.475,NON_JUNCTION,On Roadway,--,DAVIDSON,SR011,0-NONE,1,400197900,Along Roadway,2024,1734652800000,1509,Suspected Minor Injury,0,2,0,2,2,Vehicle in Transport,ANGLE,Cloudy,Daylight,Automatic,-86.73853985833753,36.097801645011906
225730,33832,19SR011001,9.413,NON_JUNCTION,On Roadway,--,DAVIDSON,SR011,0-NONE,1,400198006,Along Roadway,2024,1734652800000,1802,Prop Damage (over),0,0,0,0,2,Vehicle in Transport,"SIDESWIPE, SAME DIR",Clear,Dark-Lighted,Automatic,-86.74489323421818,36.11029042391381
226460,34562,19SR011001,17.468,NON_JUNCTION,On Roadway,--,DAVIDSON,SR011,0-NONE,1,400197925,Along Roadway,2024,1734652800000,1625,Prop Damage (over),0,0,0,0,3,Vehicle in Transport,REAR-END,Clear,Daylight,Automatic,-86.75712186574552,36.24159820403954
226588,34690,19SR011001,19.103,NON_JUNCTION,On Roadway,--,DAVIDSON,SR011,0-NONE,1,400197842,Along Roadway,2024,1734652800000,1343,Possible Injury,0,1,0,1,2,Vehicle in Transport,ANGLE,Clear,Daylight,Automatic,-86.7570200314185,36.26503981967999
226715,34817,19SR011001,23.368000000000002,NON_JUNCTION,On Roadway,--,DAVIDSON,SR011,0-NONE,1,400198147,Along Roadway,2024,1734652800000,1605,Prop Damage (over),0,0,0,0,2,Vehicle in Transport in other Roadway,ANGLE,Clear,Daylight,Automatic,-86.71451912838401,36.31323690410413
227626,35728,19SR024001,7.986000000000001,NON_JUNCTION,On Roadway,--,DAVIDSON,SR024,0-NONE,1,400197916,Along Roadway,2024,1734652800000,0,Prop Damage (over),0,0,0,0,2,Vehicle in Transport,"SIDESWIPE, SAME DIR",Clear,Daylight,Automatic,-86.8603872046752,36.14952558187581
227808,35910,19SR024001,9.316,NON_JUNCTION,On Roadway,--,DAVIDSON,SR024,0-NONE,1,400198027,Along Roadway,2024,1734652800000,0,Prop Damage (over),0,0,0,0,3,Vehicle in Transport,REAR-END,Clear,Dark-Lighted,Automatic,-86.8368938528893,36.15235821313032
229518,37620,19SR045001,15.641,NON_JUNCTION,On Roadway,--,DAVIDSON,SR045,0-NONE,1,400197679,Along Roadway,2024,1734652800000,840,Prop Damage (over),0,0,0,0,2,Vehicle in Transport,REAR-END,Clear,Daylight,Automatic,-86.62038267744899,36.198699458817146
229712,37814,19SR045001,17.712,NON_JUNCTION,On Roadway,--,DAVIDSON,SR045,0-NONE,1,400197982,Along Roadway,2024,1734652800000,1759,Prop Damage (over),0,0,0,0,2,Vehicle in Transport,ANGLE,Cloudy,Daylight,Automatic,-86.60212117639713,36.173449125045714
230409,38511,19SR106001,3.8110000000000004,NON_JUNCTION,On Roadway,--,DAVIDSON,SR106,0-NONE,1,400197981,Along Roadway,2024,1734652800000,1735,Possible Injury,0,1,0,1,2,Vehicle in Transport,REAR-END,Clear,Dark-Not Lighted,Automatic,-86.82847159624515,36.09135600029515
230702,38804,19SR112001,0.249,NON_JUNCTION,On Roadway,--,DAVIDSON,SR112,0-NONE,1,400198090,Along Roadway,2024,1734652800000,1833,Suspected Minor Injury,0,1,0,1,1,Deer (Animal),NO COLLISION W/ VEHICLE,Clear,Dark-Lighted,Automatic,-86.83942312716802,36.20082500322926
231886,39988,19SR155001,16.574,NON_JUNCTION,On Roadway,--,DAVIDSON,SR155,0-NONE,1,400197638,Along Roadway,2024,1734652800000,709,Suspected Minor Injury,0,1,0,1,2,Vehicle in Transport,REAR-END,Clear,Dawn,Automatic,-86.77600867753577,36.239504287152826
232263,40365,19SR155001,29.373,NON_JUNCTION,On Roadway,--,DAVIDSON,SR155,0-NONE,1,400197674,Along Roadway,2024,1734652800000,730,Suspected Minor Injury,0,1,0,1,3,Vehicle in Transport,REAR-END,Clear,Daylight,Automatic,-86.85242408673162,36.128248162580334
233327,41429,19SR254001,11.571,NON_JUNCTION,On Roadway,--,DAVIDSON,SR254,0-NONE,1,400197912,Along Roadway,2024,1734652800000,1556,Suspected Minor Injury,0,1,0,1,2,Vehicle in Transport,ANGLE,Clear,Daylight,Automatic,-86.71480679823182,36.045214437471806
234587,42689,19SR255001,3.0250000000000004,NON_JUNCTION,On Roadway,--,DAVIDSON,SR255,0-NONE,1,400197964,Along Roadway,2024,1734652800000,1652,Suspected Minor Injury,0,4,0,4,2,Vehicle in Transport,ANGLE,Clear,Daylight,Automatic,-86.72190226124434,36.08041715919285
234993,43095,19SR255001,4.8420000000000005,NON_JUNCTION,On Roadway,--,DAVIDSON,SR255,0-NONE,1,400197889,Along Roadway,2024,1734652800000,0,Prop Damage (over),0,0,0,0,2,Vehicle in Transport,REAR-END,Cloudy,Dawn,Automatic,-86.6914075982077,36.08780297956586
235252,43354,19SR255001,9.474,NON_JUNCTION,On Roadway,--,DAVIDSON,SR255,0-NONE,1,400198068,Along Roadway,2024,1734652800000,1645,Prop Damage (over),0,0,0,0,2,Vehicle in Transport,ANGLE,Clear,Daylight,Automatic,-86.66669652647069,36.14494498979552
235429,43531,19SR386001,0.864,NON_JUNCTION,On Roadway,--,DAVIDSON,SR386,0-NONE,1,400197742,Along Roadway,2024,1734652800000,920,Prop Damage (over),0,0,0,0,2,Vehicle in Transport,"SIDESWIPE, SAME DIR",Cloudy,Daylight,Automatic,-86.69839217001143,36.306652241148164
281578,89682,19I0024001,20.993000000000002,NON_JUNCTION,Median Barrier,--,DAVIDSON,I0024,0-NONE,1,400197965,Along Roadway,2024,1734652800000,1741,Prop Damage (over),0,0,0,0,1,Concrete Traffic Barrier,NO COLLISION W/ VEHICLE,Clear,Dark-Lighted,Automatic,-86.69420466541884,36.07630378815829
281662,89766,19I0040001,26.617,NON_JUNCTION,Median Barrier,--,DAVIDSON,I0040,0-NONE,1,400198050,Along Roadway,2024,1734652800000,2146,Prop Damage (over),0,0,0,0,1,Concrete Traffic Barrier,NO COLLISION W/ VEHICLE,Clear,Dark-Not Lighted,Automatic,-86.64145574028497,36.148040945731886
313553,121662,1901008001,1.7990000000000002,NON_JUNCTION,Outside Trafficway,--,DAVIDSON,01008,0-NONE,1,400197931,Along Roadway,2024,1734652800000,0,Prop Damage (over),0,0,0,0,1,Mail Box,NO COLLISION W/ VEHICLE,Unknown,Unknown,Automatic,-86.65211494769048,35.991696797549466
313739,121849,1904171001,0.8250000000000001,NON_JUNCTION,Outside Trafficway,--,DAVIDSON,04171,0-NONE,1,400197597,Along Roadway,2024,1734652800000,0,Prop Damage (over),0,0,0,0,1,Embankment Rock/Stone/Concrete,NO COLLISION W/ VEHICLE,Clear,Dark-Lighted,Automatic,-86.70031955089394,36.25384065441369
314259,122369,190B949001,1.897,NON_JUNCTION,Outside Trafficway,--,DAVIDSON,0B949,0-NONE,1,400197711,Along Roadway,2024,1734652800000,316,Prop Damage (over),0,0,0,0,1,Ditch,NO COLLISION W/ VEHICLE,Clear,OTHER,Automatic,-86.68607264773172,36.02320437978512
317967,126078,190D327001,0.454,NON_JUNCTION,14,--,DAVIDSON,0D327,0-NONE,1,400198073,Along Roadway,2024,1734652800000,2230,Suspected Minor Injury,0,1,0,1,1,Concrete Traffic Barrier,NO COLLISION W/ VEHICLE,Clear,Dark-Lighted,Automatic,-86.80169513348983,36.174009928961325
319084,127195,190A544001,1.8940000000000001,NON_JUNCTION,15,--,DAVIDSON,0A544,0-NONE,1,400198109,Along Roadway,2024,1734652800000,2300,Prop Damage (over),0,0,0,0,1,Other Fixed Object,NO COLLISION W/ VEHICLE,Clear,Dark-Lighted,Automatic,-86.6784811084789,36.261761862880235
319172,127283,190D427001,2.411,NON_JUNCTION,15,--,DAVIDSON,0D427,0-NONE,1,400198054,Along Roadway,2024,1734652800000,2100,Prop Damage (over),0,0,0,0,1,Ditch,NO COLLISION W/ VEHICLE,Clear,Dark-Lighted,Automatic,-86.84487386256009,36.31684090230965
319325,127436,19I0024001,24.853,NON_JUNCTION,15,--,DAVIDSON,I0024,0-NONE,1,400197573,Along Roadway,2024,1734652800000,24,Suspected Minor Injury,0,1,0,1,1,Guardrail Face,NO COLLISION W/ VEHICLE,Clear,Dark-Lighted,Automatic,-86.64603948832062,36.03717374190214
319391,127502,19I0065001,2.7470000000000003,NON_JUNCTION,15,--,DAVIDSON,I0065,0-NONE,1,400198072,Along Roadway,2024,1734652800000,2100,Possible Injury,0,1,0,1,1,Overturn,NO COLLISION W/ VEHICLE,Clear,Dark-Not Lighted,Automatic,-86.76941844052153,36.071980072762514
319430,127541,19I0440001,3.6950000000000003,NON_JUNCTION,15,--,DAVIDSON,I0440,0-NONE,1,400198089,Along Roadway,2024,1734652800000,2340,Possible Injury,0,2,0,2,1,Guardrail Face,NO COLLISION W/ VEHICLE,Clear,Dark-Lighted,Automatic,-86.7955866161702,36.115943963268194
325401,133513,1903258001,2.279,NON_JUNCTION,--,--,DAVIDSON,03258,0-NONE,1,400197915,Along Roadway,2024,1734652800000,1440,Prop Damage (over),0,0,0,0,2,Vehicle in Transport,ANGLE,Clear,Daylight,Automatic,-86.81015679507868,36.16903725583535
327109,135221,1904964001,0.5810000000000001,NON_JUNCTION,--,--,DAVIDSON,04964,0-NONE,1,400198121,Along Roadway,2024,1734652800000,2332,Prop Damage (over),0,0,0,0,2,Vehicle in Transport,HEAD-ON,Clear,Dark-Lighted,Automatic,-86.62487771959711,36.0740227939455
329200,137312,190E234001,0.002,NON_JUNCTION,--,--,DAVIDSON,0E234,0-NONE,1,400197918,Along Roadway,2024,1734652800000,0,Prop Damage (over),0,0,0,0,2,Vehicle in Transport,ANGLE,Clear,Daylight,Automatic,-86.79381825332095,36.17491022319555
329554,137666,190E984001,0.10700000000000001,NON_JUNCTION,--,--,DAVIDSON,0E984,0-NONE,1,400198240,Along Roadway,2024,1734652800000,0,Prop Damage (over),0,0,0,0,2,Parked Motor Vehicle,UNKNOWN,Cloudy,Dark-Lighted,Automatic,-86.77136233103127,36.192753139898045
329789,137902,190F289001,0.541,NON_JUNCTION,--,--,DAVIDSON,0F289,0-NONE,1,400197887,Along Roadway,2024,1734652800000,1414,Prop Damage (over),0,0,0,0,2,Vehicle in Transport,REAR-END,Cloudy,Daylight,Automatic,-86.84256028500829,36.15329791129165
330796,138911,19I0024001,7.578,NON_JUNCTION,--,--,DAVIDSON,I0024,0-NONE,1,400197994,Along Roadway,2024,1734652800000,1718,Prop Damage (over),0,0,0,0,2,Vehicle in Transport,REAR-END,Clear,Dark-Not Lighted,Automatic,-86.80965039797732,36.28815430055003
331857,139972,19I0024001,18.927,NON_JUNCTION,--,--,DAVIDSON,I0024,0-NONE,1,400197722,Along Roadway,2024,1734652800000,946,Prop Damage (over),0,0,0,0,2,Vehicle in Transport,"SIDESWIPE, SAME DIR",Clear,Daylight,Automatic,-86.7131994509767,36.10197892364597
332420,140535,19I0024001,23.936,NON_JUNCTION,--,--,DAVIDSON,I0024,0-NONE,1,400197800,Along Roadway,2024,1734652800000,1249,Prop Damage (over),0,0,0,0,2,Vehicle in Transport,REAR-END,Clear,Daylight,Automatic,-86.6590221317521,36.04525992489359
333691,141806,19I0040001,19.967000000000002,NON_JUNCTION,--,--,DAVIDSON,I0040,0-NONE,1,400197906,Along Roadway,2024,1734652800000,1510,Prop Damage (over),0,0,0,0,2,Vehicle in Transport,ANGLE,Clear,Daylight,Automatic,-86.75285558160336,36.15186930965526
334572,142687,19I0040001,25.155,NON_JUNCTION,--,--,DAVIDSON,I0040,0-NONE,1,104087031,Along Roadway,2024,1734652800000,840,Prop Damage (over),0,0,0,0,1,Thrown or Falling Object,NO COLLISION W/ VEHICLE,--,Daylight,Automatic,-86.66503374079025,36.14113233727021
335786,143901,19I0065001,15.227,NON_JUNCTION,--,--,DAVIDSON,I0065,0-NONE,1,400197841,Along Roadway,2024,1734652800000,1339,Prop Damage (over),0,0,0,0,2,Vehicle in Transport,ANGLE,Cloudy,Daylight,Automatic,-86.74526718244357,36.24574542821708
335802,143917,19I0065001,15.387,NON_JUNCTION,--,--,DAVIDSON,I0065,0-NONE,1,400198158,Along Roadway,2024,1734652800000,1511,Prop Damage (over),0,0,0,0,2,Vehicle in Transport,ANGLE,Clear,Daylight,Automatic,-86.74329892469058,36.24743169795515
338056,146171,19SR006001,18.192,NON_JUNCTION,--,--,DAVIDSON,SR006,0-NONE,1,400197986,Along Roadway,2024,1734652800000,1700,Prop Damage (over),0,0,0,0,2,Vehicle in Transport,"SIDESWIPE, SAME DIR",Clear,Dark-Lighted,Automatic,-86.71377983457147,36.257772019326374
338470,146585,19SR011001,5.594,NON_JUNCTION,--,--,DAVIDSON,SR011,0-NONE,1,400197908,Along Roadway,2024,1734652800000,1339,Prop Damage (over),0,0,0,0,2,Vehicle in Transport,REAR-END,Clear,Daylight,Automatic,-86.71652051003977,36.06123240291413
338596,146711,19SR011001,7.237,NON_JUNCTION,--,--,DAVIDSON,SR011,0-NONE,1,400197863,Along Roadway,2024,1734652800000,1308,Prop Damage (over),0,0,0,0,2,Vehicle in Transport,"SIDESWIPE, SAME DIR",Cloudy,Daylight,Automatic,-86.72725283871624,36.082580772414794
340792,148907,19SR155001,1.6640000000000001,NON_JUNCTION,--,--,DAVIDSON,SR155,0-NONE,1,400197974,Along Roadway,2024,1734652800000,1738,Prop Damage (over),0,0,0,0,2,Vehicle in Transport,ANGLE,Clear,Dark-Lighted,Automatic,-86.7446274610002,36.11089853780525
341328,149443,19SR171001,0.10200000000000001,NON_JUNCTION,--,--,DAVIDSON,SR171,0-NONE,1,400198057,Along Roadway,2024,1734652800000,2043,Prop Damage (over),0,0,0,0,1,Curb,NO COLLISION W/ VEHICLE,Clear,Dark-Lighted,Automatic,-86.6201267986742,36.01570824505683
341647,149762,19SR254001,7.415,NON_JUNCTION,--,--,DAVIDSON,SR254,0-NONE,1,400197966,Along Roadway,2024,1734652800000,1640,Prop Damage (over),0,0,0,0,2,Vehicle in Transport,REAR-END,Cloudy,Daylight,Automatic,-86.78215172502962,36.0392400192823
386084,194202,190B864001,0.433,INTERSECTION,On Roadway,--,DAVIDSON,0B864,0-NONE,1,400197684,At an Intersection,2024,1734652800000,830,Prop Damage (over),0,0,0,0,2,Vehicle in Transport,ANGLE,Clear,Dark-Lighted,Automatic,-86.69711710830892,36.06286935277745
388011,196129,19SR001001,26.78,INTERSECTION,On Roadway,--,DAVIDSON,SR001,0-NONE,1,400197642,At an Intersection,2024,1734652800000,630,Prop Damage (over),0,0,0,0,3,Vehicle in Transport,ANGLE,Clear,Daylight,Automatic,-86.64860099292004,36.08680440300058
389470,197588,19SR011001,6.11,INTERSECTION,On Roadway,--,DAVIDSON,SR011,0-NONE,1,400197905,At an Intersection,2024,1734652800000,1541,Suspected Minor Injury,0,1,0,1,2,Vehicle in Transport,ANGLE,Clear,Daylight,Automatic,-86.7191611591355,36.06820436585715
415982,224107,1905333001,0.7060000000000001,INTERSECTION,--,--,DAVIDSON,05333,0-NONE,1,400197970,At an Intersection,2024,1734652800000,1747,Prop Damage (over),0,0,0,0,2,Vehicle in Transport,ANGLE,Clear,Dark-Lighted,Automatic,-86.75619323744218,36.16994959180355
427185,235311,1903268001,1.78,INTERSECTION RELATED,On Roadway,--,DAVIDSON,03268,0-NONE,1,400198086,At an Intersection,2024,1734652800000,2259,Possible Injury,0,3,0,3,2,Vehicle in Transport,ANGLE,Clear,Dark-Lighted,Automatic,-86.78152429132221,36.23161672861064
428112,236238,19SR001001,20.414,INTERSECTION RELATED,On Roadway,--,DAVIDSON,SR001,0-NONE,1,400197633,At an Intersection,2024,1734652800000,0,Suspected Minor Injury,0,2,0,2,2,Vehicle in Transport,ANGLE,Clear,Daylight,Automatic,-86.73818819830045,36.14078452659154
428137,236263,19SR001001,21.52,INTERSECTION RELATED,On Roadway,--,DAVIDSON,SR001,0-NONE,1,400197995,At an Intersection,2024,1734652800000,1551,Prop Damage (under),0,0,0,0,2,Vehicle in Transport,"SIDESWIPE, SAME DIR",Cloudy,Daylight,Automatic,-86.72088815787669,36.13301950870474
428211,236337,19SR001001,24.902,INTERSECTION RELATED,On Roadway,--,DAVIDSON,SR001,0-NONE,1,400198046,At an Intersection,2024,1734652800000,2009,Prop Damage (over),0,0,0,0,2,Vehicle in Transport,REAR-END,Clear,Dark-Lighted,Automatic,-86.67182004583339,36.10565144554154
429311,237437,19SR045001,16.85,INTERSECTION RELATED,On Roadway,--,DAVIDSON,SR045,0-NONE,1,400198076,At an Intersection,2024,1734652800000,2220,Prop Damage (under),0,0,0,0,2,Vehicle in Transport,"SIDESWIPE, SAME DIR",Clear,Dark-Lighted,Automatic,-86.61074811486158,36.183520090790196
438562,246690,1903244001,0.92,INTERSECTION RELATED,--,--,DAVIDSON,03244,0-NONE,1,400197997,At an Intersection,2024,1734652800000,1715,Prop Damage (over),0,0,0,0,2,Vehicle in Transport,REAR-END,Cloudy,Dark-Lighted,Automatic,-86.76473525713328,36.17186059619858
445049,253179,19I0065001,9.177,ENTRENCE/EXIT RAMP RELATED,On Roadway,--,DAVIDSON,I0065,0-NONE,1,400197571,Ramp,2024,1734652800000,5,Possible Injury,0,1,0,1,3,Vehicle in Transport,REAR-END,Clear,Dark-Lighted,Automatic,-86.79939650556521,36.182197163510295
445729,253859,19SR155001,11.996,ENTRENCE/EXIT RAMP RELATED,On Roadway,--,DAVIDSON,SR155,0-NONE,1,400197917,Ramp,2024,1734652800000,1510,Prop Damage (over),0,0,0,0,2,Vehicle in Transport,REAR-END,Cloudy,Daylight,Automatic,-86.69262366356905,36.21777143276936
448054,256184,19I0065001,11.853,ENTRENCE/EXIT RAMP RELATED,Roadside -- Left,--,DAVIDSON,I0065,0-NONE,1,400197896,Ramp,2024,1734652800000,1517,Prop Damage (over),0,0,0,0,1,Utility Pole,NO COLLISION W/ VEHICLE,Clear,Daylight,Automatic,-86.7760210883387,36.208280423078904
454102,262232,190E181001,0.377,"DRIVEWAY, ALLEY ACCESS, ETC.",Outside Trafficway,--,DAVIDSON,0E181,0-NONE,1,400197777,Along Roadway,2024,1734652800000,1138,Possible Injury,0,1,0,1,2,Motor Vehicle-In-Motion Outside Trafficway,ANGLE,Cloudy,Daylight,Automatic,-86.7508114742847,36.17069555735338
459093,267225,19SR254001,13.992,UNKNOWN,On Roadway,--,DAVIDSON,SR254,0-NONE,1,400198024,Along Roadway,2024,1734652800000,1835,Prop Damage (under),0,0,0,0,2,Vehicle in Transport,"SIDESWIPE, SAME DIR",Clear,Dark-Lighted,Automatic,-86.67395203425782,36.04562846239717
463874,272008,19SR011001,5.984,--,--,--,DAVIDSON,SR011,0-NONE,1,400197829,Along Roadway,2024,1734652800000,1244,Prop Damage (under),0,0,0,0,2,--,--,--,--,Automatic,-86.71797465858916,36.06665611544975
196400,4497,1903258001,0.653,NON_JUNCTION,On Roadway,--,DAVIDSON,03258,0-NONE,1,400197159,Along Roadway,2024,1734566400000,849,Prop Damage (over),0,0,0,0,2,Vehicle in Transport,ANGLE,Clear,Daylight,Automatic,-86.78224161500528,36.17562468103782
198368,6465,1904170001,1.391,NON_JUNCTION,On Roadway,--,DAVIDSON,04170,0-NONE,1,400197494,Along Roadway,2024,1734566400000,1841,Prop Damage (over),0,0,0,0,2,Vehicle in Transport,REAR-END,Clear,Dark-Lighted,Automatic,-86.69607641331412,36.069814291528765
201806,9904,190A395001,0.8220000000000001,NON_JUNCTION,On Roadway,--,DAVIDSON,0A395,0-NONE,1,400197076,Along Roadway,2024,1734566400000,613,Prop Damage (over),0,0,0,0,3,Vehicle in Transport,REAR-END,Clear,Dark-Lighted,Automatic,-86.70783211117755,36.32694993630175
205173,13271,190E344001,0.163,NON_JUNCTION,On Roadway,--,DAVIDSON,0E344,0-NONE,1,400197367,Along Roadway,2024,1734566400000,1515,Prop Damage (over),0,0,0,0,2,Vehicle in Transport,ANGLE,Clear,Daylight,Automatic,-86.80661707027795,36.15558827738207
206503,14605,190H849001,0.274,NON_JUNCTION,On Roadway,--,DAVIDSON,0H849,0-NONE,1,400197541,Along Roadway,2024,1734566400000,2121,Suspected Minor Injury,0,1,0,1,2,Vehicle in Transport,REAR-END,Clear,Dark-Lighted,Automatic,-86.62946795059989,36.06571235575758
206647,14749,19I0024001,1.298,NON_JUNCTION,On Roadway,--,DAVIDSON,I0024,0-NONE,1,400197107,Along Roadway,2024,1734566400000,717,Suspected Minor Injury,0,1,0,1,2,Vehicle in Transport,REAR-END,Clear,Daylight,Automatic,-86.89774941039028,36.32995950667444
207072,15174,19I0024001,7.4030000000000005,NON_JUNCTION,On Roadway,--,DAVIDSON,I0024,0-NONE,1,400197552,Along Roadway,2024,1734566400000,1950,Suspected Minor Injury,0,4,0,4,2,Vehicle in Transport,REAR-END,Clear,Dark-Lighted,Automatic,-86.81017117707323,36.2906594137228
208319,16421,19I0024001,15.377,NON_JUNCTION,On Roadway,--,DAVIDSON,I0024,0-NONE,1,400197547,Along Roadway,2024,1734566400000,1906,Prop Damage (under),0,0,0,0,2,Vehicle in Transport,"SIDESWIPE, SAME DIR",Clear,Dark-Lighted,Automatic,-86.76055346843843,36.16035319075621
210048,18150,19I0024001,20.519000000000002,NON_JUNCTION,On Roadway,--,DAVIDSON,I0024,0-NONE,1,400197354,Along Roadway,2024,1734566400000,1500,Prop Damage (over),0,0,0,0,2,Vehicle in Transport,"SIDESWIPE, SAME DIR",Clear,Daylight,Automatic,-86.69798200156762,36.082467275203925
210267,18369,19I0024001,21.317,NON_JUNCTION,On Roadway,--,DAVIDSON,I0024,0-NONE,1,400197765,Along Roadway,2024,1734566400000,1117,Prop Damage (over),0,0,0,0,2,Vehicle in Transport,REAR-END,Clear,Daylight,Automatic,-86.69162268983001,36.07209049475251
211478,19580,19I0024001,25.885,NON_JUNCTION,On Roadway,--,DAVIDSON,I0024,0-NONE,1,400197491,Along Roadway,2024,1734566400000,834,Possible Injury,0,1,0,1,2,Vehicle in Transport,ANGLE,Clear,Daylight,Automatic,-86.63363745248202,36.0260757266502
212365,20467,19I0040001,13.188,NON_JUNCTION,On Roadway,--,DAVIDSON,I0040,0-NONE,1,400197456,Along Roadway,2024,1734566400000,1745,Suspected Minor Injury,0,3,0,3,2,Vehicle in Transport,REAR-END,Clear,Dark-Lighted,Automatic,-86.84837303692836,36.15356992111778
212592,20694,19I0040001,15.227,NON_JUNCTION,On Roadway,--,DAVIDSON,I0040,0-NONE,1,400197629,Along Roadway,2024,1734566400000,1221,Suspected Minor Injury,0,1,0,1,2,Vehicle in Transport,"SIDESWIPE, SAME DIR",Clear,Daylight,Automatic,-86.81744679993251,36.166009623161784
212626,20728,19I0040001,15.558000000000002,NON_JUNCTION,On Roadway,--,DAVIDSON,I0040,0-NONE,1,400197432,Along Roadway,2024,1734566400000,1616,Prop Damage (over),0,0,0,0,2,Vehicle in Transport,REAR-END,Clear,Daylight,Automatic,-86.81267549149354,36.169129689116154
212699,20801,19I0040001,16.077,NON_JUNCTION,On Roadway,--,DAVIDSON,I0040,0-NONE,1,400197574,Along Roadway,2024,1734566400000,2340,Prop Damage (over),0,0,0,0,3,Vehicle in Transport,REAR-END,Clear,Dark-Lighted,Automatic,-86.80333644649436,36.17114075791297
214415,22517,19I0040001,21.312,NON_JUNCTION,On Roadway,--,DAVIDSON,I0040,0-NONE,1,400197082,Along Roadway,2024,1734566400000,555,Prop Damage (over),0,0,0,0,2,Vehicle in Transport,"SIDESWIPE, SAME DIR",Cloudy,Dark-Lighted,Automatic,-86.73273214262456,36.14094768355492
215519,23621,19I0040001,23.96,NON_JUNCTION,On Roadway,--,DAVIDSON,I0040,0-NONE,1,400197186,Along Roadway,2024,1734566400000,955,Prop Damage (over),0,0,0,0,2,Vehicle in Transport,REAR-END,Clear,Daylight,Automatic,-86.68623567136052,36.14311510343419
216686,24788,19I0065001,5.163,NON_JUNCTION,On Roadway,--,DAVIDSON,I0065,0-NONE,1,400197369,Along Roadway,2024,1734566400000,1527,Prop Damage (over),0,0,0,0,2,Vehicle in Transport,REAR-END,Clear,Daylight,Automatic,-86.76692278967523,36.10511774689342
219058,27160,19I0065001,17.628,NON_JUNCTION,On Roadway,--,DAVIDSON,I0065,0-NONE,1,400197371,Along Roadway,2024,1734566400000,1530,Prop Damage (over),0,0,0,0,3,Vehicle in Transport,REAR-END,Clear,Daylight,Automatic,-86.73412527189967,36.278621543450434
219366,27468,19I0065001,20.378,NON_JUNCTION,On Roadway,--,DAVIDSON,I0065,0-NONE,1,400197071,Along Roadway,2024,1734566400000,622,Prop Damage (over),0,0,0,0,2,Vehicle in Transport,"SIDESWIPE, SAME DIR",Clear,Dawn,Automatic,-86.70342484345643,36.30925049036554
219743,27845,19I0440001,5.268000000000001,NON_JUNCTION,On Roadway,--,DAVIDSON,I0440,0-NONE,1,400197484,Along Roadway,2024,1734566400000,1742,Prop Damage (under),0,0,0,0,2,Vehicle in Transport,REAR-END,Clear,Dark-Not Lighted,Automatic,-86.76818661103646,36.118073740129574
220834,28936,19SR001001,19.799,NON_JUNCTION,On Roadway,--,DAVIDSON,SR001,0-NONE,1,400197436,Along Roadway,2024,1734566400000,1731,Suspected Minor Injury,0,2,0,2,2,Vehicle in Transport,REAR-END,Clear,Daylight,Automatic,-86.7482535719046,36.144099679236206
221626,29728,19SR001001,26.086000000000002,NON_JUNCTION,On Roadway,--,DAVIDSON,SR001,0-NONE,1,400197078,Along Roadway,2024,1734566400000,0,Suspected Minor Injury,0,3,0,3,2,Vehicle in Transport,HEAD-ON,Cloudy,Daylight,Automatic,-86.65463617073813,36.0954656724103
221970,30072,19SR001001,27.751,NON_JUNCTION,On Roadway,--,DAVIDSON,SR001,0-NONE,1,400197553,Along Roadway,2024,1734566400000,2245,Possible Injury,0,1,0,1,2,Vehicle in Transport,"SIDESWIPE, SAME DIR",Clear,Dark-Lighted,Automatic,-86.63944816531014,36.07532316558199
224085,32187,19SR006001,18.304000000000002,NON_JUNCTION,On Roadway,--,DAVIDSON,SR006,0-NONE,1,400197163,Along Roadway,2024,1734566400000,823,Suspected Minor Injury,0,1,0,1,2,Vehicle in Transport,REAR-END,Clear,Daylight,Automatic,-86.71322692961961,36.259350388785315
224849,32951,19SR011001,4.572,NON_JUNCTION,On Roadway,--,DAVIDSON,SR011,0-NONE,1,400197417,Along Roadway,2024,1734566400000,1607,Prop Damage (over),0,0,0,0,2,Vehicle in Transport,ANGLE,Clear,Dusk,Automatic,-86.71342341366108,36.04666917723303
225224,33326,19SR011001,6.8870000000000005,NON_JUNCTION,On Roadway,--,DAVIDSON,SR011,0-NONE,1,400197148,Along Roadway,2024,1734566400000,0,Prop Damage (over),0,0,0,0,2,Vehicle in Transport,REAR-END,Clear,Daylight,Automatic,-86.72575749808227,36.077655675458246
226618,34720,19SR011001,19.359,NON_JUNCTION,On Roadway,--,DAVIDSON,SR011,0-NONE,1,400197416,Along Roadway,2024,1734566400000,1650,Prop Damage (over),0,0,0,0,2,Vehicle in Transport,ANGLE,Clear,Daylight,Automatic,-86.75598281643738,36.26868003162369
227276,35378,19SR012001,10.281,NON_JUNCTION,On Roadway,--,DAVIDSON,SR012,0-NONE,1,400197447,Along Roadway,2024,1734566400000,1607,Suspected Serious Injury,0,2,2,0,3,Vehicle in Transport,ANGLE,Clear,Daylight,Automatic,-86.93752806537897,36.207083313671546
228294,36396,19SR024001,18.199,NON_JUNCTION,On Roadway,--,DAVIDSON,SR024,0-NONE,1,400197257,Along Roadway,2024,1734566400000,1152,Suspected Minor Injury,0,2,0,2,2,Vehicle in Transport,ANGLE,Clear,Daylight,Automatic,-86.6883314732278,36.168357499424076
228816,36918,19SR024001,25.369,NON_JUNCTION,On Roadway,--,DAVIDSON,SR024,0-NONE,1,400197549,Along Roadway,2024,1734566400000,1806,Prop Damage (over),0,0,0,0,2,Vehicle in Transport,REAR-END,Clear,Dark-Lighted,Automatic,-86.58805847191842,36.215462306474016
229342,37444,19SR045001,11.870000000000001,NON_JUNCTION,On Roadway,--,DAVIDSON,SR045,0-NONE,1,400197134,Along Roadway,2024,1734566400000,730,Prop Damage (over),0,0,0,0,2,Vehicle in Transport,ANGLE,Clear,Daylight,Automatic,-86.6414078440554,36.24762689084174
229379,37481,19SR045001,12.594000000000001,NON_JUNCTION,On Roadway,--,DAVIDSON,SR045,0-NONE,1,400197116,Along Roadway,2024,1734566400000,745,Prop Damage (over),0,0,0,0,2,Vehicle in Transport,REAR-END,Clear,Daylight,Automatic,-86.63197727461748,36.24034611858297
230139,38241,19SR065001,7.332000000000001,NON_JUNCTION,On Roadway,--,DAVIDSON,SR065,0-NONE,1,400197442,Along Roadway,2024,1734566400000,1448,Suspected Serious Injury,0,2,1,1,2,Vehicle in Transport,"SIDESWIPE, SAME DIR",Clear,Dusk,Automatic,-86.83766384475499,36.282568500732246
231536,39638,19SR155001,10.688,NON_JUNCTION,On Roadway,--,DAVIDSON,SR155,0-NONE,1,400197375,Along Roadway,2024,1734566400000,1553,Prop Damage (over),0,0,0,0,3,Vehicle in Transport,UNKNOWN,Clear,Daylight,Automatic,-86.68830625609672,36.19914017596744
232449,40551,19SR171001,2.2,NON_JUNCTION,On Roadway,--,DAVIDSON,SR171,0-NONE,1,400197089,Along Roadway,2024,1734566400000,548,Prop Damage (under),0,0,0,0,2,Vehicle in Transport,REAR-END,Clear,DARK-UNKNOWN LIGHTING,Automatic,-86.6065538993667,36.0428363040548
232718,40820,19SR251001,9.211,NON_JUNCTION,On Roadway,--,DAVIDSON,SR251,0-NONE,1,400197152,Along Roadway,2024,1734566400000,550,Prop Damage (over),0,0,0,0,2,Vehicle in Transport,ANGLE,Clear,Dawn,Automatic,-86.92240767058215,36.10798848564952
233439,41541,19SR254001,11.865,NON_JUNCTION,On Roadway,--,DAVIDSON,SR254,0-NONE,1,400197409,Along Roadway,2024,1734566400000,1705,Prop Damage (over),0,0,0,0,2,Vehicle in Transport,ANGLE,Clear,Dusk,Automatic,-86.70966896456868,36.04567475921063
233668,41770,19SR254001,13.93,NON_JUNCTION,On Roadway,--,DAVIDSON,SR254,0-NONE,1,400197109,Along Roadway,2024,1734566400000,630,Prop Damage (over),0,0,0,0,2,Vehicle in Transport,"SIDESWIPE, OPP DIR",Clear,Dawn,Automatic,-86.6750227147062,36.0458720637229
234159,42261,19SR254001,15.732000000000001,NON_JUNCTION,On Roadway,--,DAVIDSON,SR254,0-NONE,1,400197363,Along Roadway,2024,1734566400000,1616,Prop Damage (over),0,0,0,0,2,Vehicle in Transport,REAR-END,Clear,Daylight,Automatic,-86.64553032593246,36.051602586672324
234492,42594,19SR255001,2.39,NON_JUNCTION,On Roadway,--,DAVIDSON,SR255,0-NONE,1,400197353,Along Roadway,2024,1734566400000,1535,Suspected Minor Injury,0,1,0,1,2,Vehicle in Transport,REAR-END,Clear,Daylight,Automatic,-86.73263291621788,36.07743491284378
283947,92051,190D185001,0.203,NON_JUNCTION,Roadside -- Left,--,DAVIDSON,0D185,0-NONE,1,400197773,Along Roadway,2024,1734566400000,1900,Prop Damage (over),0,0,0,0,2,Parked Motor Vehicle,"SIDESWIPE, OPP DIR",Clear,Dark-Lighted,Automatic,-86.8680365241687,36.15985308730884
294125,102229,1901013001,1.7790000000000001,NON_JUNCTION,Roadside -- Right,--,DAVIDSON,01013,0-NONE,1,400197154,Along Roadway,2024,1734566400000,828,Suspected Minor Injury,0,1,0,1,2,Ditch,NO COLLISION W/ VEHICLE,Clear,Dark-Lighted,Automatic,-86.90783529297423,36.23502612357606
296701,104807,190F718001,0.995,NON_JUNCTION,Roadside -- Right,--,DAVIDSON,0F718,0-NONE,1,400197281,Along Roadway,2024,1734566400000,0,Prop Damage (under),0,0,0,0,2,Parked Motor Vehicle,REAR-END,Clear,Daylight,Automatic,-86.78156529654096,36.16530258254359
297324,105430,19I0065001,0.511,NON_JUNCTION,Roadside -- Right,--,DAVIDSON,I0065,0-NONE,1,400197114,Along Roadway,2024,1734566400000,0,Prop Damage (over),0,0,0,0,1,Shrubbery,NO COLLISION W/ VEHICLE,Unknown,Unknown,Automatic,-86.78194158919659,36.04234995278602
311699,119807,1904961001,1.3820000000000001,NON_JUNCTION,Off Roadway -- Location Unknown,--,DAVIDSON,04961,0-NONE,1,400197420,Along Roadway,2024,1734566400000,1600,Prop Damage (over),0,0,0,0,1,Earth Embankment,NO COLLISION W/ VEHICLE,Clear,Dusk,Automatic,-86.64207211152298,36.06738141161733
319208,127319,190E514001,0.034,NON_JUNCTION,15,--,DAVIDSON,0E514,0-NONE,1,400197034,Along Roadway,2024,1734566400000,129,Suspected Minor Injury,0,1,0,1,1,Guardrail Face,NO COLLISION W/ VEHICLE,Clear,Dark-Lighted,Automatic,-86.59229077839527,36.20067593153284
319450,127561,19SR001001,25.64,NON_JUNCTION,15,--,DAVIDSON,SR001,0-NONE,1,400197030,Along Roadway,2024,1734566400000,0,Suspected Minor Injury,0,2,0,2,1,Ditch,NO COLLISION W/ VEHICLE,Clear,Dark-Not Lighted,Automatic,-86.66088096805892,36.09957114638647
319516,127627,19SR045001,6.774,NON_JUNCTION,15,--,DAVIDSON,SR045,0-NONE,1,400197513,Along Roadway,2024,1734566400000,2030,Suspected Minor Injury,0,1,0,1,1,Utility Pole,NO COLLISION W/ VEHICLE,Clear,Dark-Lighted,Automatic,-86.71964008953422,36.263889938525914
325584,133696,1903272001,0.41300000000000003,NON_JUNCTION,--,--,DAVIDSON,03272,0-NONE,1,400197568,Along Roadway,2024,1734566400000,2335,Prop Damage (over),0,0,0,0,2,Vehicle in Transport,"SIDESWIPE, SAME DIR",Clear,Dark-Lighted,Automatic,-86.76218183436153,36.16759180807483
326498,134610,1904890001,1.481,NON_JUNCTION,--,--,DAVIDSON,04890,0-NONE,1,400197293,Along Roadway,2024,1734566400000,1325,Prop Damage (over),0,0,0,0,2,Vehicle in Transport,ANGLE,Clear,Daylight,Automatic,-86.83683411187185,36.11406129618594
327265,135377,1905333001,2.121,NON_JUNCTION,--,--,DAVIDSON,05333,0-NONE,1,400197348,Along Roadway,2024,1734566400000,1432,Prop Damage (over),0,0,0,0,1,Other Object (not fixed),NO COLLISION W/ VEHICLE,Clear,Daylight,Automatic,-86.77406115435686,36.15742066964633
328236,136348,190B878001,2.281,NON_JUNCTION,--,--,DAVIDSON,0B878,0-NONE,1,400197558,Along Roadway,2024,1734566400000,2230,Prop Damage (over),0,0,0,0,2,Vehicle in Transport,ANGLE,Clear,Dark-Lighted,Automatic,-86.69389051172958,36.0695045267913
329839,137952,190F355001,0.124,NON_JUNCTION,--,--,DAVIDSON,0F355,0-NONE,1,400197187,Along Roadway,2024,1734566400000,940,Prop Damage (over),0,0,0,0,2,Vehicle in Transport,REAR-END,Clear,Daylight,Automatic,-86.79263105205739,36.153927917955954
330663,138778,19I0024001,3.7510000000000003,NON_JUNCTION,--,--,DAVIDSON,I0024,0-NONE,1,400197093,Along Roadway,2024,1734566400000,650,Prop Damage (over),0,0,0,0,2,Vehicle in Transport,REAR-END,Clear,Daylight,Automatic,-86.85536015012364,36.32135887759874
330795,138910,19I0024001,7.578,NON_JUNCTION,--,--,DAVIDSON,I0024,0-NONE,1,400197480,Along Roadway,2024,1734566400000,1750,Prop Damage (over),0,0,0,0,3,Vehicle in Transport,REAR-END,Clear,Dark-Lighted,Automatic,-86.80965039797732,36.28815430055003
330835,138950,19I0024001,8.909,NON_JUNCTION,--,--,DAVIDSON,I0024,0-NONE,1,400198957,Along Roadway,2024,1734566400000,1837,Prop Damage (over),0,0,0,0,2,Vehicle in Transport,REAR-END,Clear,Dark-Lighted,Automatic,-86.79596102671606,36.27252873120529
333121,141236,19I0040001,15.227,NON_JUNCTION,--,--,DAVIDSON,I0040,0-NONE,1,400197291,Along Roadway,2024,1734566400000,1311,Prop Damage (over),0,0,0,0,2,Vehicle in Transport,"SIDESWIPE, SAME DIR",Clear,Daylight,Automatic,-86.81744679993251,36.166009623161784
335264,143379,19I0065001,10.394,NON_JUNCTION,--,--,DAVIDSON,I0065,0-NONE,1,400197217,Along Roadway,2024,1734566400000,1040,Prop Damage (over),0,0,0,0,2,Vehicle in Transport,REAR-END,Clear,Daylight,Automatic,-86.78270235662582,36.191812791482434
335630,143745,19I0065001,12.377,NON_JUNCTION,--,--,DAVIDSON,I0065,0-NONE,1,400197561,Along Roadway,2024,1734566400000,2310,Prop Damage (over),0,0,0,0,2,Vehicle in Transport,"SIDESWIPE, SAME DIR",Clear,Dark-Lighted,Automatic,-86.77508614497035,36.2158552891675
337570,145685,19SR006001,4.252,NON_JUNCTION,--,--,DAVIDSON,SR006,0-NONE,1,400197460,Along Roadway,2024,1734566400000,1726,Prop Damage (over),0,0,0,0,2,Vehicle in Transport,ANGLE,Clear,Dark-Lighted,Automatic,-86.77163361367191,36.094747974833275
382781,190899,1903252001,1.26,INTERSECTION,On Roadway,--,DAVIDSON,03252,0-NONE,1,400197474,At an Intersection,2024,1734566400000,1830,Suspected Serious Injury,0,1,1,0,1,Pedestrian,NO COLLISION W/ VEHICLE,Clear,Dark-Lighted,Automatic,-86.74854721831899,36.183365621014815
383418,191536,1903268001,2.5580000000000003,INTERSECTION,On Roadway,--,DAVIDSON,03268,0-NONE,1,400197473,At an Intersection,2024,1734566400000,1631,Prop Damage (over),0,0,0,0,2,Vehicle in Transport,ANGLE,Clear,Daylight,Automatic,-86.78047828828062,36.242816752657006
385539,193657,1905333001,1.1720000000000002,INTERSECTION,On Roadway,--,DAVIDSON,05333,0-NONE,1,400197196,At an Intersection,2024,1734566400000,926,Possible Injury,0,1,0,1,2,Vehicle in Transport,ANGLE,Clear,Daylight,Automatic,-86.76375825542571,36.1670335856908
388386,196504,19SR006001,0.08,INTERSECTION,On Roadway,--,DAVIDSON,SR006,0-NONE,1,400197517,At an Intersection,2024,1734566400000,1708,Prop Damage (over),0,0,0,0,2,Vehicle in Transport,ANGLE,Clear,Dark-Lighted,Automatic,-86.78649531854423,36.037406301569426
390442,198560,19SR012001,1.59,INTERSECTION,On Roadway,--,DAVIDSON,SR012,0-NONE,1,400197050,At an Intersection,2024,1734566400000,434,Suspected Minor Injury,0,3,0,3,2,Vehicle in Transport,ANGLE,Cloudy,Dark-Lighted,Automatic,-86.7984333342853,36.18799563347777
391249,199367,19SR024001,20.01,INTERSECTION,On Roadway,--,DAVIDSON,SR024,0-NONE,1,400197062,At an Intersection,2024,1734566400000,601,Suspected Minor Injury,0,1,0,1,2,Vehicle in Transport,HEAD-ON,Clear,Dark-Lighted,Automatic,-86.65685900601214,36.16831858292887
391303,199421,19SR024001,22.147000000000002,INTERSECTION,On Roadway,--,DAVIDSON,SR024,0-NONE,1,400197556,At an Intersection,2024,1734566400000,1659,Prop Damage (over),0,0,0,0,2,Vehicle in Transport,ANGLE,Clear,Dusk,Automatic,-86.6291859400021,36.188269624998675
416401,224526,19SR001001,12.88,INTERSECTION,--,--,DAVIDSON,SR001,0-NONE,1,400197321,At an Intersection,2024,1734566400000,1423,Prop Damage (over),0,0,0,0,2,Vehicle in Transport,ANGLE,Clear,Daylight,Automatic,-86.85129446318747,36.122276491669496
416495,224620,19SR001001,17.07,INTERSECTION,--,--,DAVIDSON,SR001,0-NONE,1,400197130,At an Intersection,2024,1734566400000,800,Prop Damage (over),0,0,0,0,2,Vehicle in Transport,ANGLE,Clear,Daylight,Automatic,-86.78972031660963,36.15564456147542
418042,226167,19SR254001,14.928,INTERSECTION,--,--,DAVIDSON,SR254,0-NONE,1,400197105,At an Intersection,2024,1734566400000,700,Prop Damage (over),0,0,0,0,2,Vehicle in Transport,"SIDESWIPE, SAME DIR",Cloudy,Daylight,Automatic,-86.65786113878038,36.04597499520826
427150,235276,1903258001,2.08,INTERSECTION RELATED,On Roadway,--,DAVIDSON,03258,0-NONE,1,400197537,At an Intersection,2024,1734566400000,2130,Prop Damage (under),0,0,0,0,2,Vehicle in Transport,REAR-END,Clear,Dark-Lighted,Automatic,-86.80662235521874,36.16951559357177
429180,237306,19SR024001,25.025000000000002,INTERSECTION RELATED,On Roadway,--,DAVIDSON,SR024,0-NONE,1,400197301,At an Intersection,2024,1734566400000,1149,Prop Damage (over),0,0,0,0,2,Vehicle in Transport,REAR-END,Clear,Daylight,Automatic,-86.59415843332836,36.21502592183218
439199,247327,19SR011001,5.6000000000000005,INTERSECTION RELATED,--,--,DAVIDSON,SR011,0-NONE,1,400197427,At an Intersection,2024,1734566400000,1710,Prop Damage (over),0,0,0,0,2,Vehicle in Transport,REAR-END,Clear,Dark-Lighted,Automatic,-86.71653564462473,36.06131837336153
445307,253437,19SR006001,11.370000000000001,ENTRENCE/EXIT RAMP RELATED,On Roadway,--,DAVIDSON,SR006,0-NONE,1,400197129,Ramp,2024,1734566400000,800,Possible Injury,0,1,0,1,2,Vehicle in Transport,REAR-END,Clear,Daylight,Automatic,-86.76048474998112,36.1840576252914
451472,259602,19SR045001,16.596,RAIL GRADE CROSSING,On Roadway,--,DAVIDSON,SR045,0-NONE,1,400197209,Along Roadway,2024,1734566400000,1010,Prop Damage (over),0,0,0,0,2,Railway Train,NO COLLISION W/ VEHICLE,Clear,Daylight,Automatic,-86.6134220015271,36.18641132131055
452155,260285,1903273001,0.185,"DRIVEWAY, ALLEY ACCESS, ETC.",On Roadway,--,DAVIDSON,03273,0-NONE,1,400197285,Along Roadway,2024,1734566400000,0,Prop Damage (over),0,0,0,0,2,Vehicle in Transport,ANGLE,Clear,Daylight,Automatic,-86.78590550770772,36.15416042672641
460634,268768,1903289001,1.889,--,--,--,DAVIDSON,03289,0-NONE,1,400197405,Along Roadway,2024,1734566400000,1720,Prop Damage (under),0,0,0,0,2,--,--,--,--,Automatic,-86.74350015906379,36.04014431904295
463484,271618,19SR001001,26.847,--,--,--,DAVIDSON,SR001,0-NONE,1,400197211,Along Roadway,2024,1734566400000,901,Prop Damage (under),0,0,0,0,2,--,--,--,--,Automatic,-86.64812569046806,36.08592991935355
463616,271750,19SR006001,7.674,--,--,--,DAVIDSON,SR006,0-NONE,1,400197431,Along Roadway,2024,1734566400000,1732,Prop Damage (under),0,0,0,0,2,--,--,--,--,Automatic,-86.77881829190662,36.14351853456038
463867,272001,19SR011001,5.0440000000000005,--,--,--,DAVIDSON,SR011,0-NONE,1,400197506,Along Roadway,2024,1734566400000,1808,Prop Damage (under),0,0,0,0,2,--,--,--,--,Automatic,-86.71482553241633,36.053439893209
464146,272280,19SR024001,7.198,--,--,--,DAVIDSON,SR024,0-NONE,1,400197534,Along Roadway,2024,1734566400000,1847,Prop Damage (under),0,0,0,0,2,--,--,--,--,Automatic,-86.87255340180327,36.144493981611525
464652,272786,19SR106001,8.343,--,--,--,DAVIDSON,SR106,0-NONE,1,400197356,Along Roadway,2024,1734566400000,1345,Prop Damage (under),0,0,0,0,2,--,--,--,--,Automatic,-86.79800192488104,36.14964396074096
464985,273119,19SR254001,14.695,--,--,--,DAVIDSON,SR254,0-NONE,1,400197162,Along Roadway,2024,1734566400000,725,Prop Damage (under),0,0,0,0,2,--,--,--,--,Automatic,-86.66165117477536,36.0447691149583
194191,2285,1901011001,1.439,NON_JUNCTION,On Roadway,--,DAVIDSON,01011,0-NONE,1,400196779,Along Roadway,2024,1734480000000,0,Prop Damage (over),0,0,0,0,2,Vehicle in Transport,REAR-END,Cloudy,Daylight,Automatic,-86.6264430681309,36.0903420297842
194739,2833,1901952001,1.534,NON_JUNCTION,On Roadway,--,DAVIDSON,01952,0-NONE,1,400196892,Along Roadway,2024,1734480000000,1720,Prop Damage (over),0,0,0,0,2,Vehicle in Transport,REAR-END,Clear,Dark-Lighted,Automatic,-86.61037781537034,36.18410767116368
195544,3638,1903252001,1.0330000000000001,NON_JUNCTION,On Roadway,--,DAVIDSON,03252,0-NONE,1,400196446,Along Roadway,2024,1734480000000,440,Prop Damage (over),0,0,0,0,2,Vehicle in Transport,ANGLE,Clear,Dark-Lighted,Automatic,-86.74980271072273,36.180405954681014
199023,7121,1904883001,2.008,NON_JUNCTION,On Roadway,--,DAVIDSON,04883,0-NONE,1,400196641,Along Roadway,2024,1734480000000,1149,Prop Damage (over),0,0,0,0,2,Vehicle in Transport,ANGLE,Rain,Daylight,Automatic,-86.79445723920307,36.123386037126004
199289,7387,1904905001,1.667,NON_JUNCTION,On Roadway,--,DAVIDSON,04905,0-NONE,1,400196422,Along Roadway,2024,1734480000000,145,Prop Damage (over),0,0,0,0,2,Vehicle in Transport,ANGLE,Clear,Dark-Not Lighted,Automatic,-86.87987296317017,36.15662895532414
202113,10211,190A607001,1.462,NON_JUNCTION,On Roadway,--,DAVIDSON,0A607,0-NONE,1,400196514,Along Roadway,2024,1734480000000,0,Suspected Minor Injury,0,1,0,1,2,Vehicle in Transport,HEAD-ON,Rain,Daylight,Automatic,-86.6996896092979,36.26754242150183
202634,10732,190B329001,0.442,NON_JUNCTION,On Roadway,--,DAVIDSON,0B329,0-NONE,1,400196995,Along Roadway,2024,1734480000000,2343,Possible Injury,0,2,0,2,2,Vehicle in Transport,REAR-END,Clear,Dark-Not Lighted,Automatic,-86.66212375574136,36.03058239886897
203452,11550,190C154001,0.08700000000000001,NON_JUNCTION,On Roadway,--,DAVIDSON,0C154,0-NONE,1,400196680,Along Roadway,2024,1734480000000,1122,Possible Injury,0,1,0,1,2,Vehicle in Transport,ANGLE,Rain,Daylight,Automatic,-86.72894575262673,36.06742789472326
204335,12433,190D617001,0.29,NON_JUNCTION,On Roadway,--,DAVIDSON,0D617,0-NONE,1,400196888,Along Roadway,2024,1734480000000,1606,Possible Injury,0,2,0,2,5,Vehicle in Transport,HEAD-ON,Clear,Daylight,Automatic,-86.77187153037642,36.19644765019635
205411,13510,190F068001,0.252,NON_JUNCTION,On Roadway,--,DAVIDSON,0F068,0-NONE,1,400196805,Along Roadway,2024,1734480000000,1553,Prop Damage (over),0,0,0,0,2,Vehicle in Transport,REAR-END,Clear,Dusk,Automatic,-86.79392843126821,36.12572192900078
205850,13949,190F614001,0.18,NON_JUNCTION,On Roadway,--,DAVIDSON,0F614,0-NONE,1,400197428,Along Roadway,2024,1734480000000,1502,Prop Damage (over),0,0,0,0,2,Vehicle in Transport,"SIDESWIPE, OPP DIR",Clear,Daylight,Automatic,-86.76228580627807,36.144675221476206
206450,14551,190H833001,1.11,NON_JUNCTION,On Roadway,--,DAVIDSON,0H833,0-NONE,1,400196916,Along Roadway,2024,1734480000000,1750,Possible Injury,0,1,0,1,2,Vehicle in Transport,ANGLE,Rain,Dark-Lighted,Automatic,-86.62921072552608,36.06420633700174
207148,15250,19I0024001,8.689,NON_JUNCTION,On Roadway,--,DAVIDSON,I0024,0-NONE,1,400196677,Along Roadway,2024,1734480000000,1123,Prop Damage (over),0,0,0,0,2,Vehicle in Transport,REAR-END,Rain,Daylight,Automatic,-86.79821488526174,36.275149192215444
207819,15921,19I0024001,14.575000000000001,NON_JUNCTION,On Roadway,--,DAVIDSON,I0024,0-NONE,1,400196678,Along Roadway,2024,1734480000000,1230,Suspected Minor Injury,0,2,0,2,2,Vehicle in Transport,REAR-END,Rain,Daylight,Automatic,-86.7673812065019,36.170424703788136
209296,17398,19I0024001,18.212,NON_JUNCTION,On Roadway,--,DAVIDSON,I0024,0-NONE,1,400196930,Along Roadway,2024,1734480000000,2017,Possible Injury,0,1,0,1,2,Vehicle in Transport,REAR-END,Clear,Dark-Lighted,Automatic,-86.72177964006762,36.109582097616965
211485,19587,19I0024001,25.901,NON_JUNCTION,On Roadway,--,DAVIDSON,I0024,0-NONE,1,400196755,Along Roadway,2024,1734480000000,1255,Prop Damage (over),0,0,0,0,2,Vehicle in Transport,"SIDESWIPE, SAME DIR",Rain,Daylight,Automatic,-86.63344517611822,36.02590365303355
212278,20380,19I0040001,12.108,NON_JUNCTION,On Roadway,--,DAVIDSON,I0040,0-NONE,1,400196439,Along Roadway,2024,1734480000000,430,Possible Injury,0,1,0,1,2,Vehicle in Transport,REAR-END,Clear,Dark-Lighted,Automatic,-86.86817251074044,36.150244163466866
212689,20791,19I0040001,15.963000000000001,NON_JUNCTION,On Roadway,--,DAVIDSON,I0040,0-NONE,1,400196580,Along Roadway,2024,1734480000000,912,Suspected Minor Injury,0,2,0,2,3,Vehicle in Transport,ANGLE,Rain,Daylight,Automatic,-86.80524273259478,36.170382696448385
212905,21007,19I0040001,17.401,NON_JUNCTION,On Roadway,--,DAVIDSON,I0040,0-NONE,1,400196819,Along Roadway,2024,1734480000000,1519,Suspected Serious Injury,0,1,1,0,2,Vehicle in Transport,REAR-END,Cloudy,Daylight,Automatic,-86.79107316936621,36.15798948354577
216286,24388,19I0065001,0.01,NON_JUNCTION,On Roadway,--,DAVIDSON,I0065,0-NONE,1,400196951,Along Roadway,2024,1734480000000,2052,Prop Damage (over),0,0,0,0,1,Other Object (not fixed),NO COLLISION W/ VEHICLE,Clear,Dark-Lighted,Automatic,-86.78302176440477,36.035147509230086
219106,27208,19I0065001,18.118000000000002,NON_JUNCTION,On Roadway,--,DAVIDSON,I0065,0-NONE,1,400196482,Along Roadway,2024,1734480000000,715,Prop Damage (over),0,0,0,0,2,Vehicle in Transport,"SIDESWIPE, SAME DIR",Rain,Daylight,Automatic,-86.72918330046542,36.2844590376794
219913,28015,19I0440001,7.269,NON_JUNCTION,On Roadway,--,DAVIDSON,I0440,0-NONE,1,400196789,Along Roadway,2024,1734480000000,1503,Suspected Minor Injury,0,1,0,1,3,Vehicle in Transport,REAR-END,Cloudy,Daylight,Automatic,-86.73474590872299,36.12488747917674
221393,29495,19SR001001,24.304000000000002,NON_JUNCTION,On Roadway,--,DAVIDSON,SR001,0-NONE,1,400196574,Along Roadway,2024,1734480000000,0,Prop Damage (over),0,0,0,0,2,Vehicle in Transport,ANGLE,Rain,Daylight,Automatic,-86.6812283941166,36.10962697865573
221498,29600,19SR001001,25.045,NON_JUNCTION,On Roadway,--,DAVIDSON,SR001,0-NONE,1,400196983,Along Roadway,2024,1734480000000,0,Suspected Minor Injury,0,1,0,1,3,Vehicle in Transport,ANGLE,Clear,Dark-Lighted,Automatic,-86.66953509607642,36.104673058306304
222563,30665,19SR001001,29.697000000000003,NON_JUNCTION,On Roadway,--,DAVIDSON,SR001,0-NONE,1,400196491,Along Roadway,2024,1734480000000,617,Prop Damage (over),0,0,0,0,2,Vehicle in Transport,ANGLE,Cloudy,Daylight,Automatic,-86.61784300788105,36.053435576380195
224389,32491,19SR006001,20.997,NON_JUNCTION,On Roadway,--,DAVIDSON,SR006,0-NONE,1,400196884,Along Roadway,2024,1734480000000,1805,Suspected Minor Injury,0,1,0,1,1,Pedestrian,NO COLLISION W/ VEHICLE,Clear,Dark-Lighted,Automatic,-86.69961694336278,36.29639138850521
225325,33427,19SR011001,7.109,NON_JUNCTION,On Roadway,--,DAVIDSON,SR011,0-NONE,1,400196669,Along Roadway,2024,1734480000000,1226,Suspected Minor Injury,0,3,0,3,2,Vehicle in Transport,ANGLE,Rain,Daylight,Automatic,-86.72671921206287,36.08081274588877
225715,33817,19SR011001,9.263,NON_JUNCTION,On Roadway,--,DAVIDSON,SR011,0-NONE,1,400196859,Along Roadway,2024,1734480000000,754,Suspected Minor Injury,0,2,0,2,2,Vehicle in Transport,HEAD-ON,Rain,Daylight,Automatic,-86.74385816484686,36.10827021366159
227889,35991,19SR024001,10.858,NON_JUNCTION,On Roadway,--,DAVIDSON,SR024,0-NONE,1,400196823,Along Roadway,2024,1734480000000,1550,Suspected Minor Injury,0,1,0,1,3,Vehicle in Transport,REAR-END,Clear,Dusk,Automatic,-86.80973817597922,36.15574478212835
228745,36847,19SR024001,24.727,NON_JUNCTION,On Roadway,--,DAVIDSON,SR024,0-NONE,1,400196943,Along Roadway,2024,1734480000000,1706,Prop Damage (over),0,0,0,0,2,Vehicle in Transport,ANGLE,Clear,Dusk,Automatic,-86.59952104777929,36.21510196766816
230347,38449,19SR100001,8.921000000000001,NON_JUNCTION,On Roadway,--,DAVIDSON,SR100,0-NONE,1,400196803,Along Roadway,2024,1734480000000,1530,Suspected Minor Injury,0,1,0,1,2,Vehicle in Transport,ANGLE,Cloudy,Daylight,Automatic,-86.90462512300888,36.06231350377474
234416,42518,19SR255001,1.12,NON_JUNCTION,On Roadway,--,DAVIDSON,SR255,0-NONE,1,400196815,Along Roadway,2024,1734480000000,1623,Prop Damage (over),0,0,0,0,2,Vehicle in Transport,REAR-END,Cloudy,Daylight,Automatic,-86.75428989423794,36.08123748308874
281713,89817,19I0065001,16.418,NON_JUNCTION,Median Barrier,--,DAVIDSON,I0065,0-NONE,1,400196487,Along Roadway,2024,1734480000000,730,Prop Damage (over),0,0,0,0,1,Concrete Traffic Barrier,NO COLLISION W/ VEHICLE,Rain,Daylight,Automatic,-86.73810659715122,36.261384504384495
281824,89928,19SR155001,24.129,NON_JUNCTION,Median Barrier,--,DAVIDSON,SR155,0-NONE,1,400196416,Along Roadway,2024,1734480000000,116,Possible Injury,0,1,0,1,1,Concrete Traffic Barrier,NO COLLISION W/ VEHICLE,Clear,Dark-Not Lighted,Automatic,-86.86566644958918,36.19458031089104
284807,92911,19I0065001,16.292,NON_JUNCTION,Roadside -- Left,--,DAVIDSON,I0065,0-NONE,1,400196500,Along Roadway,2024,1734480000000,746,Prop Damage (over),0,0,0,0,1,Concrete Traffic Barrier,NO COLLISION W/ VEHICLE,Rain,Daylight,Automatic,-86.73822618843404,36.259559652073065
294780,102884,1904933001,0.035,NON_JUNCTION,Roadside -- Right,--,DAVIDSON,04933,0-NONE,1,400196639,Along Roadway,2024,1734480000000,0,Prop Damage (over),0,0,0,0,1,"Other Post, Pole, Supports",NO COLLISION W/ VEHICLE,Rain,Daylight,Automatic,-86.7572904653809,36.256212702735816
297058,105164,19I0024001,21.552,NON_JUNCTION,Roadside -- Right,--,DAVIDSON,I0024,0-NONE,1,400196445,Along Roadway,2024,1734480000000,446,Suspected Minor Injury,0,1,0,1,1,Embankment Rock/Stone/Concrete,NO COLLISION W/ VEHICLE,Cloudy,Dark-Lighted,Automatic,-86.6894275001422,36.06918710452324
297709,105815,19SR006001,21.862000000000002,NON_JUNCTION,Roadside -- Right,--,DAVIDSON,SR006,0-NONE,1,400196664,Along Roadway,2024,1734480000000,1238,Prop Damage (over),0,0,0,0,1,Ditch,NO COLLISION W/ VEHICLE,Rain,Daylight,Automatic,-86.6886529572716,36.30491944107127
298249,106355,19SR155001,15.948,NON_JUNCTION,Roadside -- Right,--,DAVIDSON,SR155,0-NONE,1,400196621,Along Roadway,2024,1734480000000,1007,Prop Damage (over),0,0,0,0,1,Wall,NO COLLISION W/ VEHICLE,Rain,Daylight,Automatic,-86.76512791536638,36.24125339312327
298251,106357,19SR155001,16.136,NON_JUNCTION,Roadside -- Right,--,DAVIDSON,SR155,0-NONE,1,400196624,Along Roadway,2024,1734480000000,0,Prop Damage (over),0,0,0,0,1,Concrete Traffic Barrier,NO COLLISION W/ VEHICLE,Rain,Daylight,Automatic,-86.7683555107801,36.24047456530238
312939,121047,1903243001,0.399,NON_JUNCTION,In Parking Lane,--,DAVIDSON,03243,0-NONE,1,400197308,Along Roadway,2024,1734480000000,0,Prop Damage (over),0,0,0,0,2,Parked Motor Vehicle,REAR-END,Cloudy,Unknown,Automatic,-86.77734402440109,36.162667984950055
314853,122964,19I0065001,15.02,NON_JUNCTION,Outside Trafficway,--,DAVIDSON,I0065,0-NONE,1,400196860,Along Roadway,2024,1734480000000,1623,Prop Damage (over),0,0,0,0,1,Ditch,NO COLLISION W/ VEHICLE,Clear,Dusk,Automatic,-86.7478913983627,36.24362134832447
318136,126247,19I0065001,1.4020000000000001,NON_JUNCTION,14,--,DAVIDSON,I0065,0-NONE,1,400196741,Along Roadway,2024,1734480000000,1424,Suspected Minor Injury,0,1,0,1,2,Guardrail Face,NO COLLISION W/ VEHICLE,Cloudy,Daylight,Automatic,-86.77513611418351,36.053155684469424
318242,126353,19SR155001,13.836,NON_JUNCTION,14,--,DAVIDSON,SR155,0-NONE,1,400197191,Along Roadway,2024,1734480000000,738,Prop Damage (over),0,0,0,0,1,Concrete Traffic Barrier,NO COLLISION W/ VEHICLE,Rain,Daylight,Automatic,-86.71161409460002,36.235431221109636
319049,127160,1904956001,2.577,NON_JUNCTION,15,--,DAVIDSON,04956,0-NONE,1,400197157,Along Roadway,2024,1734480000000,627,Fatal,1,0,0,0,1,Ditch,NO COLLISION W/ VEHICLE,Rain,Dark-Lighted,Automatic,-86.67317962195573,36.05263623857688
319097,127208,190B095001,0.40900000000000003,NON_JUNCTION,15,--,DAVIDSON,0B095,0-NONE,1,400197022,Along Roadway,2024,1734480000000,2230,Prop Damage (under),0,0,0,0,1,Ditch,NO COLLISION W/ VEHICLE,Clear,Dark-Lighted,Automatic,-86.63533190461992,36.099669579836416
319376,127487,19I0040001,23.839000000000002,NON_JUNCTION,15,--,DAVIDSON,I0040,0-NONE,1,400196739,Along Roadway,2024,1734480000000,900,Suspected Minor Injury,0,1,0,1,1,Culvert,NO COLLISION W/ VEHICLE,Rain,Daylight,Automatic,-86.6883638188336,36.14342886160147
324452,132563,1901017001,0.636,NON_JUNCTION,--,--,DAVIDSON,01017,0-NONE,1,400196802,Along Roadway,2024,1734480000000,1540,Prop Damage (over),0,0,0,0,2,Vehicle in Transport,"SIDESWIPE, SAME DIR",Clear,--,Automatic,-86.689475651907,36.27322385831843
