OBJECTID,Request__,Status,Request_Type,Subrequest_Type,Additional_Subrequest_Type,Request_Origin,Contact_Type,Preferred_Language,State_Issue,Parent_Request,Address,City,Council_District,Latitude,Longitude,Date_Time_Opened,Date_Time_Closed,ZIP,GlobalID
2121122,2274857,Closed,Public Safety,Noise Violations,Noise Violations,,,,,,"1200 Donelson Ave, Nashville, TN 37138, United States",OLD HICKORY,11.0,36.264314,-86.6511696,1788071273000,1788071538000.0,37138,76b6a7ff-9dd1-4006-8ad9-d5884ad4b564
2121121,2274856,Closed,Public Safety,Control Number Request for Towing,Control Number Request for Towing,,,,,,"Old Hickory Blvd & Bell Rd, Nashville, TN 37013, USA",ANTIOCH,31.0,36.0453694,-86.70266439999999,1788071142000,1788071142000.0,37013,8e5abf08-1334-4f21-8698-d261b6656b7f
2121120,2274855,Closed,Public Safety,Request Non-Emergency Police Assistance,Request Non-Emergency Police Assistance,,,,,,"1111 Broadway, Nashville, TN 37203, United States",NASHVILLE,19.0,36.156516996595926,-86.78634090255743,1788069789000,1788070203000.0,37203,30aa1114-4579-4cbb-9f41-1925c7ffc5b5
2121119,2274851,Closed,Public Safety,Noise Violations,Noise Violations,,,,,,"1112 Woodland St, Nashville, TN 37206, USA",NASHVILLE,6.0,36.17699541427394,-86.7487358674407,1788069566000,1788069897000.0,37206,e88e3b3c-fc94-4939-ae85-bba5ffb7cab7
2121118,2274850,Closed,Public Safety,Control Number Request for Towing,Control Number Request for Towing,,,,,,"1111 Broadway, Nashville, TN 37203, USA",NASHVILLE,19.0,36.1565727,-86.7868572,1788069163000,1788069163000.0,37203,d0980769-8c68-453a-9070-27d4b4eb030d
2121117,2274849,Closed,Public Safety,Control Number Request for Towing,Control Number Request for Towing,,,,,,"2901 Old Franklin Rd, Antioch, TN 37013, USA",ANTIOCH,32.0,36.0398417,-86.63596,1788069098000,1788069098000.0,37013,7566c181-1dc8-4b19-86ef-fbc531349966
2121116,2274848,New,Public Safety,Animal Welfare Concern,Animal Welfare Concern,,,,,,"4220 Harding Pike, Nashville, TN 37205, United States",NASHVILLE,24.0,36.1290888,-86.84341409999999,1788068587000,,37205,4a8cd300-9ff8-4ca5-9552-346cfd4e4a92
2121115,2274847,Closed,Public Safety,Noise Violations,Noise Violations,,,,,,"533 Starliner Dr, Nashville, TN 37209, United States",NASHVILLE,20.0,36.147927811145934,-86.88428783279683,1788068502000,1788068793000.0,37209,f3f573d9-f80b-4c43-8d28-41a5bcac21f6
2121114,2274846,Closed,Public Safety,Noise Violations,Noise Violations,,,,,,"102 S 12th St, Nashville, TN 37206, United States",NASHVILLE,6.0,36.17683399162093,-86.74875795503353,1788067862000,1788068193000.0,37206,71c3d135-260a-48e9-aafd-82ed5c71595a
2121113,2274845,Closed,Public Safety,Noise Violations,Noise Violations,,,,,,"2857 Creekview Dr, Nashville, TN 37217, United States",NASHVILLE,29.0,36.07541888853655,-86.62510467060746,1788067809000,1788068034000.0,37217,bbb58b67-a91c-4785-b9b1-72ad38d6f23b
2121112,2274844,Closed,Public Safety,Noise Violations,Noise Violations,,,,,,"2857 Creekview Dr, Nashville, TN 37217, United States",NASHVILLE,29.0,36.07541888853655,-86.62510467060746,1788067806000,1788067957000.0,37217,496950ef-72b1-47d3-96b6-4ef2fd6da5d3
2121111,2274842,Closed,Public Safety,Control Number Request for Towing,Control Number Request for Towing,,,,,,"1111 Broadway, Nashville, TN 37203, USA",NASHVILLE,19.0,36.1565727,-86.7868572,1788067350000,1788067350000.0,37203,a744d67a-53ab-44ed-8bc2-a55b20441b45
2121110,2274841,Closed,Public Safety,Noise Violations,Noise Violations,,,,,,"5610 Old Hickory Blvd, Nashville, TN 37076, United States",HERMITAGE,12.0,36.18091099436347,-86.60208150620844,1788066958000,1788067287000.0,37076,faa961de-a4f0-4d03-93ad-55d99c44ba18
2121109,2274840,Closed,Public Safety,Noise Violations,Noise Violations,,,,,,"2006 Belcourt Ave, Nashville, TN 37212, United States",NASHVILLE,18.0,36.13723671325196,-86.799431867915,1788066918000,1788067118000.0,37212,aef6c68d-a9c6-467c-8b76-0206f03722a1
2121108,2274839,Closed,Public Safety,Noise Violations,Noise Violations,,,,,,"1200 Donelson Ave, Nashville, TN 37138, United States",OLD HICKORY,11.0,36.264314,-86.6511696,1788066757000,1788067014000.0,37138,b0e704b6-8dd5-4be5-b6ca-4338fa0bfe30
2121107,2274838,Closed,Public Safety,Noise Violations,Noise Violations,,,,,,"117 Coventry woods dr Nashville, TN 37115, United States",MADISON,9.0,36.2576838,-86.7062303,1788065770000,1788065994000.0,37115,3c8336bc-2f93-4355-a693-a392d8cce408
2121106,2274837,Closed,Public Safety,Control Number Request for Towing,Control Number Request for Towing,,,,,,"1610 Church St, Nashville, TN 37203, United States",NASHVILLE,19.0,36.1570676,-86.79442069999999,1788065693000,1788065693000.0,37203,be07ad95-43ce-4bc3-8d6d-a540b0d40850
2121105,2274836,Closed,Public Safety,Control Number Request for Towing,Control Number Request for Towing,,,,,,"1610 Church St, Nashville, TN 37203, United States",NASHVILLE,19.0,36.1570676,-86.79442069999999,1788065525000,1788065525000.0,37203,f75e70fa-95ea-4edb-81ed-598ff355d9d9
2121104,2274835,New,Property Violations,Noise Violations - Construction Noise,Noise Violations - Construction Noise,,,,,,"117 Coventry Woods Dr, Madison, TN 37115, USA",MADISON,9.0,36.2577965,-86.7029428,1788064656000,,37115,4b595455-82e5-4fd3-a48e-d3c7273d79b4
2121103,2274834,Closed,Public Safety,Control Number Request for Towing,Control Number Request for Towing,,,,,,"263 Hermitage Ave, Nashville, TN 37210, United States",NASHVILLE,15.0,36.1528687,-86.7540298,1788064609000,1788064609000.0,37210,9c68c253-88ea-4048-94d2-e6d9c5382a30
2121102,2274833,Closed,Public Safety,Request Non-Emergency Police Assistance,Request Non-Emergency Police Assistance,,,,,,"3033 Melvin Rd, Nashville, TN 37076, United States",HERMITAGE,12.0,36.1798365,-86.57366019999999,1788064235000,1788064935000.0,37076,d508eb42-c3ef-42a8-a5d2-ab7368ff063e
2121101,2274832,Closed,Public Safety,Noise Violations,Noise Violations,,,,,,"1910 Belcourt Ave, Nashville, TN 37212, United States",NASHVILLE,18.0,36.13676086629379,-86.79930619293233,1788063859000,1788064759000.0,37212,8257f869-dca9-48ad-b8d5-3fdc35f85f2e
2121100,2274831,Closed,Public Safety,Noise Violations,Noise Violations,,,,,,"4912 Olivia Dr, Antioch, TN 37013, USA",ANTIOCH,27.0,36.0595073,-86.68963629999999,1788063101000,1788064636000.0,37013,d6d0c074-a540-47f7-8051-90573c1afa35
2121099,2274830,Closed,Public Safety,Noise Violations,Noise Violations,,,,,,"629 3rd Ave S, Nashville, TN 37203, United States",NASHVILLE,19.0,36.15401884676488,-86.77166389756707,1788063084000,1788064548000.0,37210,9f111d2c-5c04-4e89-8c7b-5e500be4032b
2121098,2274829,New,Public Safety,Improperly Parked Vehicles,Improperly Parked Vehicles,,,,,,"1503 Bernard Ave, Nashville, TN 37212, United States",NASHVILLE,18.0,36.13142238006518,-86.79266410577607,1788063069000,,37212,5a5e52d6-15f1-454c-a7de-7c524f38b7b0
2121097,2274828,New,Property Violations,Noise Violations - Construction Noise,Noise Violations - Construction Noise,,,,,,"113 17th Ave N, Nashville, TN 37203, USA",NASHVILLE,19.0,36.15440071681765,-86.79513741284609,1788063025000,,37203,59511262-b21a-4e35-adf1-a73944538ca3
2121096,2274827,Closed,Public Safety,Noise Violations,Noise Violations,,,,,,"629 3rd Ave S, Nashville, TN 37203, United States",NASHVILLE,19.0,36.15401628560544,-86.77164000556625,1788062959000,1788064457000.0,37210,409ee6e4-3640-46ca-a806-d02b752616c2
2121095,2274824,Closed,Public Safety,Noise Violations,Noise Violations,,,,,,"5730 Brentwood Meadows Cir, Brentwood, TN 37027, United States",BRENTWOOD,26.0,36.0433562854606,-86.74701257214167,1788062259000,1788064242000.0,37027,cc6a6e2c-eba9-4245-a152-297dff34ff21
2121094,2274823,Closed,Public Safety,Noise Violations,Noise Violations,,,,,,"2817 White Oak Dr, Nashville, TN 37215, United States",NASHVILLE,24.0,36.1199844,-86.8121685,1788062017000,1788064116000.0,37215,7d166433-8929-4025-b05c-368781ec71b2
2121093,2274822,New,"Trash, Recycling & Litter",Missed Pickup - Trash Cart Service,Trash - Curbside/Alley Missed Pickup,,,,,,"655 Harding Pl, Nashville, TN 37211, United States",NASHVILLE,26.0,36.079194757937856,-86.74784946385748,1788060943000,,37211,71b6cb85-b7d9-404f-b9e4-ccc29a327d39
2121092,2274821,New,Property Violations,Dilapidated Structures,Dilapidated Structures,,,,,,"2106 Ashwood Ave, Nashville, TN 37212, United States",NASHVILLE,18.0,36.129605,-86.8033581,1788060887000,,37212,e55a0d4d-c720-436d-9e5c-210a9e31b5b6
2121091,2274820,Closed,Public Safety,Noise Violations,Noise Violations,,,,,,"2817 White Oak Dr, Nashville, TN 37215, United States",NASHVILLE,24.0,36.11995561053332,-86.81221170309725,1788060878000,1788064036000.0,37215,0c2d262c-1e02-4e3e-854f-ad4b3aeb6abb
2121090,2274819,Closed,Public Safety,Noise Violations,Noise Violations,,,,,,"2817 White Oak Dr, Nashville, TN 37215, United States",NASHVILLE,24.0,36.11998565064577,-86.81215240674592,1788060428000,1788063933000.0,37215,963f731a-758f-4732-b1db-798270f7961c
2121089,2274818,Closed,Public Safety,Noise Violations,Noise Violations,,,,,,"2000 Belcourt Ave, Nashville, TN 37212, United States",NASHVILLE,18.0,36.13697408040647,-86.79942760481518,1788060428000,1788063760000.0,37212,5ebe00c1-ef28-4593-9696-a87a6029a436
2121088,2274817,Closed,Public Safety,Noise Violations,Noise Violations,,,,,,"2817 White Oak Dr, Nashville, TN 37215, United States",NASHVILLE,24.0,36.11995283677491,-86.81213449214027,1788060350000,1788063550000.0,37215,182ef09a-85dc-4dff-9d4d-a19e354150c2
2121087,2274816,New,Public Safety,Improperly Parked Vehicles,Improperly Parked Vehicles,,,,,,"2835 Mossdale Dr, Nashville, TN 37217, USA",NASHVILLE,29.0,36.0782386,-86.6231892,1788060298000,,37217,c44b752e-457f-4866-8949-c64777099c43
2121086,2274815,New,"Trash, Recycling & Litter",Missed Pickup - Recycle Cart Service,Recycle - Curbside/Alley Missed Pickup,,,,,,"1514 E Stewarts Ln, Nashville, TN 37218, United States",NASHVILLE,1.0,36.192001609794254,-86.8454301348291,1788059716000,,37218,116cb84a-30fa-4336-a26b-2680d4224755
2121085,2274813,New,Property Violations,Residential Complaint,Residential Complaint,,,,,,"2816 Johnson Pass Dr, Nashville, TN 37013, United States",ANTIOCH,28.0,36.072362585165905,-86.65374529325409,1788059332000,,37013,240abb01-3c03-4d9f-9f68-6ca32bdfdeed
2121084,2274812,Closed,Public Safety,Request Non-Emergency Police Assistance,Request Non-Emergency Police Assistance,,,,,,"2817 White Oak Dr, Nashville, TN 37215, United States",NASHVILLE,24.0,36.1199844,-86.8121685,1788059165000,1788059714000.0,37215,4507cad2-d01d-4bf1-878e-7ff9cc0b817b
2121083,2274808,Closed,Public Safety,Control Number Request for Towing,Control Number Request for Towing,,,,,,"765 McMurray Dr, Nashville, TN 37211, USA",NASHVILLE,27.0,36.0541785458393,-86.7406857444193,1788058248000,1788058248000.0,37211,68cedc81-4ee2-4d37-a788-93b3d225e729
2121082,2274807,Closed,Public Safety,Control Number Request for Towing,Control Number Request for Towing,,,,,,"1st Ave N & Church St, Nashville, TN 37201, USA",NASHVILLE,19.0,36.1649497,-86.7760971,1788057899000,1788057899000.0,37201,e3b4f5de-9b28-4078-87ae-e940a5bc0b95
2121081,2274804,New,"Streets, Roads & Sidewalks",Traffic Light Issue,Traffic Light Issue,,,,,,"3157 McGavock Pk, Nashville, TN 37214, United States",NASHVILLE,15.0,36.185018560546766,-86.67657465715294,1788056867000,,37214,2110530e-621d-481e-9f94-72bce2612f55
2121080,2274803,New,"Trash, Recycling & Litter",Cart Service,Trash - Report a Damaged Cart,,,,,,"1414 Ann St, Nashville, TN 37216, Estados Unidos",NASHVILLE,7.0,36.19881016752576,-86.72928240927344,1788056765000,,37216,bec5c041-7c52-4012-a216-413f5beeae9a
2121079,2274802,Closed,Public Safety,Noise Violations,Noise Violations,,,,,,"1200 Donelson Ave, Nashville, TN 37138, United States",OLD HICKORY,11.0,36.264245717203224,-86.65117459138095,1788056710000,1788059376000.0,37138,e0e6e1e6-e8d9-4009-9766-235b85ee9906
2121078,2274801,Closed,Public Safety,Noise Violations,Noise Violations,,,,,,"1200 Donelson Ave, Nashville, TN 37138, United States",OLD HICKORY,11.0,36.264314,-86.6511696,1788056421000,1788059363000.0,37138,8d615097-0f8a-4158-ac84-70b08fac78ba
2121077,2274800,Closed,Public Safety,Noise Violations,Noise Violations,,,,,,"2816 Johnson Pass Dr, Antioch, TN 37013, USA",ANTIOCH,28.0,36.0723603,-86.6537292,1788055940000,1788056627000.0,37013,83d8bb6f-bcd9-4b9f-87cb-6a0a9bafda0a
2121076,2274799,Closed,Public Safety,Repossessed Vehicle,Repossessed Vehicle,,,,,,,,,,,1788055798000,1788055798000.0,,a3522985-42cb-407c-ac5f-1aec9ddc6ad8
2121075,2274797,Closed,Public Safety,Control Number Request for Towing,Control Number Request for Towing,,,,,,"765 McMurray Dr, Nashville, TN 37211, USA",NASHVILLE,27.0,36.05418241621917,-86.74070585417809,1788055428000,1788055428000.0,37211,1cb67f8f-166c-4bb9-9f18-75c4fde7a630
2121074,2274795,New,Property Violations,Residential Complaint,Residential Complaint,,,,,,"316 Ladybird Dr, Nashville, TN 37217, USA",NASHVILLE,28.0,36.1002442,-86.66381179999999,1788055258000,,37217,b5afe28f-32f3-4e87-92c0-6259815e7620
2121073,2274793,Closed,Public Safety,Noise Violations,Noise Violations,,,,,,"1200 Donelson Ave, Nashville, TN 37138, United States",OLD HICKORY,11.0,36.264314,-86.6511696,1788054804000,1788059354000.0,37138,fe972bb6-6c58-40e0-989b-7ad001ef4ad4
2121072,2274792,Closed,Public Safety,Control Number Request for Towing,Control Number Request for Towing,,,,,,"Annex Ave & Thunderbird Dr, Nashville, TN 37209, USA",NASHVILLE,20.0,36.14200181159796,-86.88611459999998,1788054205000,1788054205000.0,37209,8b54c150-30ce-48b0-8681-0b4110327c30
2121071,2274791,Closed,Public Safety,Noise Violations,Noise Violations,,,,,,"441 Welshwood Dr, Nashville, TN 37211, United States",NASHVILLE,26.0,36.08268,-86.73091,1788054149000,1788058967000.0,37211,2acd0429-6352-4cf5-afba-47ee2dea3bbc
2121070,2274790,New,"Trash, Recycling & Litter",Cart Service,Trash - Report a Damaged Cart,,,,,,"1416 Forest Ave, Nashville, TN 37206, United States",NASHVILLE,6.0,36.17763668423665,-86.74415609436635,1788054116000,,37206,802d83a7-ee5d-4277-9100-522222a64060
2121069,2274788,New,"Streets, Roads & Sidewalks",Overgrowth on right of way,Roadway,,,,,,"124 Haywood Ln, Nashville, TN 37211, United States",ANTIOCH,30.0,36.06888318303879,-86.69109510530348,1788053965000,,37013,cb69e3ea-f9ec-471d-a6d0-d6dc822cbf70
2121068,2274787,New,"Trash, Recycling & Litter",Missed Pickup - Recycle Cart Service,Recycle - Curbside/Alley Missed Pickup,,,,,,"216B Chesapeake Pl, Nashville, TN 37207, United States",NASHVILLE,3.0,36.24509686164181,-86.77964230674591,1788053416000,,37207,6039a3b2-9367-4943-bea9-507ba8325a56
2121067,2274786,Closed,Public Safety,Noise Violations,Noise Violations,,,,,,"1218 Stainback Ave, Nashville, TN 37207, United States",NASHVILLE,5.0,36.193233,-86.764855,1788053215000,1788053414000.0,37207,7d1b79c4-f85f-46a1-be64-0dbec9e51673
2121066,2274785,New,Other Metro Services and Forms,Other,Other,,,,,,"3001 Stone Bridge Rd, Nashville, TN 37013, United States",ANTIOCH,29.0,36.071033911567845,-86.60946255,1788053155000,,37013,88183d34-0031-4764-828f-da7fe17aca67
2121065,2274784,Closed,"Streets, Roads & Sidewalks",Remove debris in roadway,Roadway,,,,,,"8502 Newsom Station Rd, Nashville, TN 37221, USA",NASHVILLE,35.0,36.090467363198535,-86.98814712988298,1788053128000,1788053613000.0,37221,0b21a269-3e16-4b4e-a71b-88f5d8bd5ad9
2121064,2274783,New,Public Safety,Improperly Parked Vehicles,Improperly Parked Vehicles,,,,,,"1011-B S Douglas Ave, Nashville, TN 37204, United States",NASHVILLE,18.0,36.12940265014578,-86.78541012394257,1788052881000,,37204,04d9fb22-1bc2-4e9e-aace-a7ee32a2b383
2121063,2274782,New,"Trash, Recycling & Litter",Missed Pickup - Trash Cart Service,Trash - Curbside/Alley Missed Pickup,,,,,,"819 Woodland St, Nashville, TN 37206, United States",NASHVILLE,6.0,36.174955,-86.75717019999999,1788052732000,,37206,4e71a9da-5592-4d09-b215-647e48a6eb4f
2121062,2274781,Closed,Public Safety,Repossessed Vehicle,Repossessed Vehicle,,,,,,,,,,,1788052677000,1788052677000.0,,c2abf1e2-9b9b-4fe0-be7b-80bb672fbb61
2121061,2274780,Closed,Public Safety,Control Number Request for Towing,Control Number Request for Towing,,,,,,"765 McMurray Dr, Nashville, TN 37211, USA",NASHVILLE,27.0,36.05451832723803,-86.74148330271478,1788052347000,1788052347000.0,37211,b5b5da0f-e1ed-4ebb-b73a-cd3d046dba4e
2121060,2274779,Closed,Public Safety,Noise Violations,Noise Violations,,,,,,"970 Woodland St, Nashville, TN 37206, United States",NASHVILLE,6.0,36.17661721161265,-86.75175625,1788052237000,1788052847000.0,37206,407e7fb0-9c62-48ad-9327-4bed513746f1
2121059,2274778,New,"Trash, Recycling & Litter",Cart Service,Trash - Report a Damaged Cart,,,,,,"625 Cedarmont Dr, Nashville, TN 37013, United States",ANTIOCH,31.0,36.03304013781085,-86.7080595767201,1788052199000,,37013,80b12ceb-c7d2-4ea3-b5f1-885d96594868
2121058,2274777,Closed,Public Safety,Noise Violations,Noise Violations,,,,,,"811 Oneida Ave, Nashville, TN 37207, United States",NASHVILLE,5.0,36.19954157627211,-86.75489816771683,1788052099000,1788052987000.0,37207,bfc4b318-d411-4f4d-9e8c-58bdca0c7b63
2121057,2274776,Closed,Public Safety,Repossessed Vehicle,Repossessed Vehicle,,,,,,,,,,,1788051665000,1788051665000.0,,3da214b4-1686-4879-b882-5c9a59a46372
2121056,2274775,New,Public Safety,Improperly Parked Vehicles,Improperly Parked Vehicles,,,,,,"817 S Douglas Ave, Nashville, TN 37204, United States",NASHVILLE,17.0,36.13139986159346,-86.78013189325408,1788051621000,,37204,9729717c-51ca-4ba2-9c98-596e7b85366d
2121055,2274774,New,"Streets, Roads & Sidewalks",Request New Signal,Request New Signal,,,,,,"2123 Dickerson Pike, Nashville, TN 37207, USA",NASHVILLE,5.0,36.20587430211951,-86.76860231906176,1788051459000,,37207,9e5b2657-1421-4096-b3c5-bbd420609a0c
2121054,2274773,New,"Streets, Roads & Sidewalks",Remove Other,Remove Other,,,,,,"Music Rehearsal, Nashville, TN 37212, USA",NASHVILLE,18.0,36.1435427772403,-86.81071300059557,1788051359000,,37212,fdd7211e-5023-48fe-a485-5c97fd27daf8
2121053,2274772,Closed,Public Safety,Noise Violations,Noise Violations,,,,,,"605 51st Ave N, Nashville, TN 37209, United States",NASHVILLE,20.0,36.15452094237764,-86.84895442585318,1788051270000,1788052353000.0,37209,d6d95e94-da1d-43ac-ae6b-6d5e85233cc6
2121052,2274770,New,Public Safety,Improperly Parked Vehicles,Improperly Parked Vehicles,,,,,,"103 Woodcraft Ct, Nashville, TN 37214, United States",NASHVILLE,13.0,36.13049201159305,-86.64073090674592,1788051181000,,37214,131f2e46-3e3b-4b8c-8c03-ed3511091925
2121051,2274769,New,Property Violations,Junk and Debris,Junk and Debris,,,,,,"3503 Kennedy Ave, Nashville, TN 37216, USA",NASHVILLE,7.0,36.210418,-86.7247805,1788051149000,,37216,5ea379ec-8051-4f53-a1d3-847d29ca135d
2121050,2274768,New,Public Safety,Improperly Parked Vehicles,Improperly Parked Vehicles,,,,,,"817 S Douglas Ave, Nashville, TN 37204, United States",NASHVILLE,17.0,36.1313154,-86.78011579999999,1788051089000,,37204,7f4fdb13-cdbe-4c85-82e6-6adb3c9b70dc
2121049,2274767,New,"Streets, Roads & Sidewalks",Sidewalks,Damaged Sidewalk,,,,,,"Music Rehearsal, 124 28th Ave N, Nashville, TN 37212, USA",NASHVILLE,18.0,36.143170508604044,-86.80997908115387,1788050911000,,37212,3c651e61-a39f-4ad8-85c4-c994004cd40d
2121048,2274766,Closed,Public Safety,Control Number Request for Towing,Control Number Request for Towing,,,,,,"1809 West End Ave, Nashville, TN 37203, United States",NASHVILLE,19.0,36.1524284,-86.79648890000001,1788050848000,1788050848000.0,37203,3d2c96cb-9ed6-4a54-b8ca-e5a3eb844399
2121047,2274765,New,"Trash, Recycling & Litter",Cart Service,Recycling - Moved to Home with No Cart,,,,,,"844 Old Lebanon Dirt Rd, Nashville, TN 37076, United States",HERMITAGE,12.0,36.19079186161871,-86.5829089932541,1788050749000,,37076,b0cc8a2a-683a-4c81-bc5d-93415b9bc4bd
2121046,2274764,New,Property Violations,Tenant Complaint,Tenant Complaint,,,,,,"112 Cherokee Rd, Nashville, TN 37205, United States",NASHVILLE,24.0,36.13167442617417,-86.83814039054283,1788050601000,,37205,61b2e8dc-335f-40fc-ae6d-c0ad84e6db5c
2121045,2274763,Closed,Public Safety,Control Number Request for Towing,Control Number Request for Towing,,,,,,"Old Hickory Blvd & Bell Rd, Nashville, TN 37013, USA",ANTIOCH,31.0,36.0453694,-86.70266439999999,1788050506000,1788050506000.0,37013,85afc682-f0c6-46ac-83ad-a4f7c6d5c336
2121044,2274762,New,"Trash, Recycling & Litter",Brush Collection,Brush Collection,,,,,,"2168 Hickory Brook Dr, Hermitage, TN 37076, USA",HERMITAGE,14.0,36.167936775199905,-86.62450432777405,1788050188000,,37076,77ccb2cf-6bc2-4859-a723-440353e19654
2121043,2274759,New,"Streets, Roads & Sidewalks",Dead Animal Pickup,Roadway,,,,,,"1137 Shelton Ave, Nashville, TN 37216, USA",NASHVILLE,7.0,36.2095801,-86.729727,1788049719000,,37216,836433c5-f27f-4737-9d5a-6d97445c6c93
2121042,2274758,Assigned,"Trash, Recycling & Litter",Missed Pickup - Trash Cart Service,Trash - Curbside/Alley Missed Pickup,,,,,,"1331 Cardinal Ave, Nashville, TN 37216, United States",NASHVILLE,7.0,36.21855888312951,-86.71393138835886,1788049287000,,37216,937cf22d-f4eb-4f71-8ca1-eefc4f349b42
2121041,2274757,Closed,Public Safety,Repossessed Vehicle,Repossessed Vehicle,,,,,,,,,,,1788048957000,1788048957000.0,,ec3d376e-a5fc-4c8c-bdee-f7c42c46bdf3
2121040,2274756,Assigned,"Trash, Recycling & Litter",Missed Pickup - Trash Cart Service,Trash - Curbside/Alley Missed Pickup,,,,,,"1616 Sumner Ave, Nashville, TN 37206, United States",NASHVILLE,6.0,36.185386411616406,-86.7393607,1788048070000,,37206,e4ef9d5e-d43f-405f-a404-7b1f8647a802
2121039,2274752,New,Public Safety,Abandoned Vehicles,Abandoned Vehicles - Public Property,,,,,,"438 Monticello St, Nashville, TN 37207, United States",NASHVILLE,2.0,36.209304524317986,-86.78686406399088,1788047878000,,37207,447e0881-0128-4b52-a154-e42e105fee4a
2121038,2274751,Closed,Public Safety,Control Number Request for Towing,Control Number Request for Towing,,,,,,"1421 Rural Hill Rd, Antioch, TN 37013, USA",ANTIOCH,28.0,36.053950205057006,-86.65391340851784,1788047675000,1788047675000.0,37013,55cb21a1-d3a8-406a-87be-c15f8d77c9f2
2121037,2274750,Closed,Public Safety,Noise Violations,Noise Violations,,,,,,"1200 Donelson Ave, Nashville, TN 37138, United States",OLD HICKORY,11.0,36.264314,-86.6511696,1788047483000,1788049665000.0,37138,1b06a80c-072b-4bb4-84b7-6df4d1a93363
2121036,2274749,Closed,Public Safety,Noise Violations,Noise Violations,,,,,,"306 Garrett Dr, Nashville, TN 37211, United States",NASHVILLE,26.0,36.076790147804424,-86.74172835494394,1788047382000,1788049757000.0,37211,e859e474-a045-4f04-8007-d3f85f4c3285
2121035,2274747,New,Property Violations,Residential Complaint,Residential Complaint,,,,,,"3439 Donna Kay Dr, Nashville, TN 37211, United States",NASHVILLE,30.0,36.09534000069111,-86.71036422759865,1788046797000,,37211,a7590ad7-3068-4f73-9faf-8f39e47d109c
2121034,2274746,New,Property Violations,Residential Complaint,Residential Complaint,,,,,,"406 Ezell Pike, Nashville, TN 37217, United States",NASHVILLE,28.0,36.09758745938631,-86.67255226803024,1788046492000,,37217,dc074de0-52a5-4554-b45c-f50b73a45cad
2121033,2274744,Closed,Public Safety,Control Number Request for Towing,Control Number Request for Towing,,,,,,"Central Pike, Nashville, TN , United States",HERMITAGE,14.0,36.174176,-86.6035273,1788046269000,1788046269000.0,37076,be275f34-ead1-498b-a217-2c2a36bf0131
2121032,2274742,New,Property Violations,Residential Complaint,Residential Complaint,,,,,,"4906 Dakota Ave, Nashville, TN 37209, United States",NASHVILLE,24.0,36.1477153,-86.8464734,1788046108000,,37209,d71a6706-c99b-4087-9bd1-54de386eb2a8
2121031,2274741,Closed,Public Safety,Control Number Request for Towing,Control Number Request for Towing,,,,,,"1507 5th Ave N, Nashville, TN 37208, USA",NASHVILLE,19.0,36.1795684,-86.79100520000001,1788045930000,1788045930000.0,37208,6faca3fe-64d4-4431-b108-fac56e413e3d
2121030,2274740,Closed,Public Safety,Request Non-Emergency Police Assistance,Request Non-Emergency Police Assistance,,,,,,"2307 Lebanon Pike, Nashville, TN 37214, United States",NASHVILLE,15.0,36.16799664089793,-86.68370905409422,1788045867000,1788050216000.0,37214,2f58f89c-9d82-4213-b8c6-af1dc9969c35
2121029,2274738,Closed,Public Safety,Control Number Request for Towing,Control Number Request for Towing,,,,,,"1012 Main St, Nashville, TN 37206, USA",NASHVILLE,6.0,36.1783422,-86.7507088,1788045506000,1788045506000.0,37206,f9ececbe-be9f-4fcd-9ea1-bc926ad2a492
2121028,2274737,New,"Trash, Recycling & Litter",Cart Service,Trash - Request an Additional Cart,,,,,,"624 Durrett Dr, Nashville, TN 37211, United States",NASHVILLE,27.0,36.06790820000001,-86.7333819,1788045231000,,37211,0e345d57-c367-4663-8889-f7ffc1bb6364
2121027,2274736,Closed,Public Safety,Noise Violations,Noise Violations,,,,,,"1724 Greenhart Ct, Nashville, TN 37013, United States",ANTIOCH,8.0,36.0378736,-86.5765393,1788044903000,1788050377000.0,37013,15ed0119-5f0e-443a-8ee7-becd0c489921
2121026,2274735,Closed,Public Safety,Noise Violations,Noise Violations,,,,,,"1724 Greenhart Ct, Nashville, TN 37013, United States",ANTIOCH,8.0,36.0378736,-86.5765393,1788044762000,1788050508000.0,37013,557b3c38-e11f-4997-aa7a-cd7f8f0d71ab
2121025,2274734,Closed,Public Safety,Request Non-Emergency Police Assistance,Request Non-Emergency Police Assistance,,,,,,"200 Largo Dr, Nashville, TN 37211, United States",NASHVILLE,30.0,36.0849026,-86.7014918,1788044576000,1788051357000.0,37211,b5cef25e-d976-48fa-ac39-2a62dc2aac02
2121024,2274732,Closed,Other Metro Services and Forms,Clerk - Do Not Knock Registry,Clerk - Do Not Knock Registry,,,,,,"5300 Michigan Ave, Nashville, TN 37209, United States",NASHVILLE,20.0,36.15902155194129,-86.85191190834071,1788043802000,1788043802000.0,37209,b623af0d-ba15-4c03-9f4d-faa90fd769e9
2121023,2274731,Assigned,"Trash, Recycling & Litter",Missed Pickup - Recycle Cart Service,Recycle - Curbside/Alley Missed Pickup,,,,,,"2903 Stanwyck Dr, Nashville, TN 37207, USA",NASHVILLE,2.0,36.2237985,-86.7703097,1788043774000,,37207,b5fcf574-8903-4349-802c-1febb211f421
2121022,2274729,New,"Trash, Recycling & Litter",Brush Collection,Brush Collection,,,,,,"1145 Ardee Ave, Nashville, TN 37216, USA",NASHVILLE,7.0,36.218182166696124,-86.72412981606915,1788043261000,,37216,1dad830c-035f-4d34-9741-f1a12f4e6524
2121021,2274728,Assigned,"Trash, Recycling & Litter",Missed Pickup - Trash Cart Service,Trash - Curbside/Alley Missed Pickup,,,,,,"603 Westboro Dr, Nashville, TN 37209, United States",NASHVILLE,20.0,36.1524477,-86.8767112,1788043063000,,37209,6e0798ef-7ca4-4896-a30f-18ccfd716ce7
2121020,2274727,New,"Trash, Recycling & Litter",Cart Service,Recycling - Report a Damaged Cart,,,,,,"4001 Anderson Rd, Nashville, TN 37217, United States",NASHVILLE,29.0,36.1073011,-86.60075119999999,1788042927000,,37217,b946b39e-257a-4845-8a15-7c709b7f748f
2121019,2274726,Closed,Public Safety,Control Number Request for Towing,Control Number Request for Towing,,,,,,"2901 Old Franklin Rd, Antioch, TN 37013, USA",ANTIOCH,32.0,36.0407032,-86.63530659999999,1788042872000,1788042872000.0,37013,3c76d3f4-7eac-4245-8b47-5d213502fae5
2121018,2274725,New,"Streets, Roads & Sidewalks",Obstruction of right of way,Roadway,,,,,,"215 Peachtree St, Nashville, TN 37210, USA",NASHVILLE,16.0,36.119852127339946,-86.74365408718586,1788042638000,,37210,77eed957-1b80-4da1-8e95-88a98c240065
2121017,2274724,New,Other Metro Services and Forms,Other,Other,,,,,,"306 Nesbitt Ln, Nashville, TN 37115, United States",MADISON,3.0,36.27355273208815,-86.71701459325408,1788042607000,,37115,f6a1a4a7-aeee-4cd8-b5b9-89d493c52ee1
2121016,2274722,New,"Trash, Recycling & Litter",Cart Service,Recycling - Report a Damaged Cart,,,,,,"4608 Cather Ct, Nashville, TN 37214, USA",NASHVILLE,15.0,36.233474361648305,-86.69356601312757,1788042154000,,37214,96c159c2-8fa6-4f56-aa81-a4c8d36b73db
2121015,2274721,Assigned,"Trash, Recycling & Litter",Missed Pickup - Trash Cart Service,Trash - Curbside/Alley Missed Pickup,,,,,,"1132 Kirkland Ave, Nashville, TN 37216, United States",NASHVILLE,7.0,36.2080216,-86.7316706,1788042027000,,37216,9bb2e4b7-9ebe-4a0f-9a01-d22664996532
2121014,2274720,Closed,Public Safety,Extra Patrol Requests,Extra Patrol Requests,,,,,,"5728 Sonoma Trace, Nashville, TN 37013, United States",ANTIOCH,31.0,36.03362,-86.68297,1788041991000,1788052635000.0,37013,804b6e5d-a48b-4eb2-932e-fe9d468d01e4
2121013,2274717,Closed,Permits,Report Violation of Historic Zoning Permits,Report Violation of Historic Zoning Permits,,,,,,,,,,,1788041252000,1788041252000.0,,08d05a2b-8a7c-4896-8850-28d0feafe1b7
2121012,2274716,Closed,Public Safety,Control Number Request for Towing,Control Number Request for Towing,,,,,,"3940 Apache Trail, Antioch, TN 37013, USA",ANTIOCH,30.0,36.0678301,-86.69070119999999,1788041230000,1788041230000.0,37013,d9c1d9b0-6b78-4751-a7a8-74b0885efc4e
2121011,2274715,Closed,Public Safety,Noise Violations,Noise Violations,,,,,,"1200 Donelson Ave, Nashville, TN 37138, United States",OLD HICKORY,11.0,36.264245717203224,-86.65117459138095,1788041022000,1788046335000.0,37138,b66034a9-8ef8-4e8c-8223-de2a57750d59
2121010,2274714,New,"Trash, Recycling & Litter",Cart Service,Trash - Report a Stolen Cart,,,,,,"1239 Summer Shade Dr, Nashville, TN 37013, United States",ANTIOCH,8.0,36.047106,-86.59200799999999,1788040790000,,37013,ada2081f-abcd-4254-baa7-b7e52d40a7a0
2121009,2274712,Closed,Public Safety,Noise Violations,Noise Violations,,,,,,"606 Monroe St, Nashville, TN 37208, United States",NASHVILLE,19.0,36.1762305,-86.7908374,1788040735000,1788046289000.0,37208,1149796d-9b10-45ad-a90d-78c5629be592
2121008,2274710,Closed,Public Safety,Control Number Request for Towing,Control Number Request for Towing,,,,,,"Lebanon Pike & Stewarts Ferry Pike, Nashville, TN 37214, USA",NASHVILLE,14.0,36.1683854,-86.6569086,1788040661000,1788040661000.0,37214,5c8fe757-4bf3-483b-aea2-c8eacb840d46
2121007,2274709,Closed,"Streets, Roads & Sidewalks",Traffic Light Issue,Traffic Light Issue,,,,,,"2121 Century Farms Pkwy, Nashville, TN 37013, United States",ANTIOCH,32.0,36.03409141350182,-86.65068216134107,1788040475000,1788046125000.0,37013,9f84160f-816b-4ea6-a4c0-75ab1a31d5ce
2121006,2274708,Closed,Public Safety,Control Number Request for Towing,Control Number Request for Towing,,,,,,"Lebanon Pike & Stewarts Ferry Pike, Nashville, TN 37214, USA",NASHVILLE,14.0,36.1683854,-86.6569086,1788040425000,1788040425000.0,37214,d3ef2363-a385-41f2-97d0-12a03190689f
2121005,2274707,Closed,Public Safety,Control Number Request for Towing,Control Number Request for Towing,,,,,,"Lebanon Pike & Stewarts Ferry Pike, Nashville, TN 37214, USA",NASHVILLE,14.0,36.1683854,-86.6569086,1788040154000,1788040154000.0,37214,34d0e984-72bd-482c-8517-cf571892c136
2121004,2274706,New,Public Safety,Abandoned Vehicles,Abandoned Vehicles - Private Property,,,,,,"1829A 5th Ave N, Nashville, TN 37208, United States",NASHVILLE,19.0,36.18539625380043,-86.79543797608069,1788040128000,,37208,34ea021c-ade5-4674-b62a-471064d561c3
2121003,2274705,Closed,Public Safety,Control Number Request for Towing,Control Number Request for Towing,,,,,,"501 Benton Ave, Nashville, TN 37203, USA",NASHVILLE,17.0,36.1305676,-86.7670756,1788039973000,1788039973000.0,37204,3387ebea-8178-4c94-99b6-054cf377f0d0
2121002,2274704,New,"Streets, Roads & Sidewalks",Damaged Sign,Street or Roadway,,,,,,", Nashville, TN 37216, United States",NASHVILLE,5.0,36.21741799626484,-86.74327677183089,1788039953000,,37216,a5ca551b-f013-4feb-aa9c-502e6bea9423
2121001,2274703,New,Parks and Environment,Maintenance Request,Mechanical Request,,,,,,"2320 2 Rivers Ct, Nashville, TN 37214, United States",NASHVILLE,15.0,36.18654900673869,-86.68913980959307,1788039696000,,37214,c75552a1-4c18-4ff9-9db2-561d23d2a598
2121000,2274702,New,Public Safety,Improperly Parked Vehicles,Improperly Parked Vehicles,,,,,,"2119 Pontotoc Ave, Nashville, TN 37206, USA",NASHVILLE,6.0,36.18811730764451,-86.72967080966265,1788039150000,,37206,c8c3be94-1703-4836-ad4a-8755dd8eb09c
2120999,2274701,Closed,"Trash, Recycling & Litter",Missed Pickup - Trash Cart Service,Trash - Curbside/Alley Missed Pickup,,,,,,"5725 Clarksville Pike, Nashville, TN 37080, United States",JOELTON,1.0,36.28961237593917,-86.8806371067459,1788039124000,1788049688000.0,37080,4a034199-e19e-4494-a0f2-e5f94b7bd40b
2120998,2274700,New,Public Safety,Abandoned Vehicles,Abandoned Vehicles - Public Property,,,,,,"711 52nd Ave N, Nashville, TN 37209, USA",NASHVILLE,20.0,36.15601898266904,-86.85027558356524,1788038748000,,37209,350fdeb7-5083-4d4e-afa7-77eb99c4db84
2120997,2274699,New,Other Metro Services and Forms,Other,Other,,,,,,"5007 Hasty Dr, Nashville, TN 37211, United States",NASHVILLE,27.0,36.06042376995508,-86.7198426067459,1788038615000,,37211,c8a83cbe-46c1-452d-9972-db99ff701d2e
2120996,2274698,New,Public Safety,Improperly Parked Vehicles,Improperly Parked Vehicles,,,,,,"706 Meridian St, Nashville, TN 37207, United States",NASHVILLE,5.0,36.18332283803949,-86.76862587012457,1788038558000,,37207,07f2586a-0945-4736-9a3a-be93fded056d
2120995,2274697,Closed,Public Safety,Control Number Request for Towing,Control Number Request for Towing,,,,,,"821 Riverside Dr, Nashville, TN 37206, United States",NASHVILLE,6.0,36.1800223,-86.725366,1788038535000,1788038535000.0,37206,d42cca3e-53df-418b-8022-2428588917d0
2120994,2274696,Closed,Public Safety,Control Number Request for Towing,Control Number Request for Towing,,,,,,"1315 Gallatin Ave, Nashville, TN 37206, United States",NASHVILLE,6.0,36.1932649,-86.7434756,1788038328000,1788038328000.0,37206,d0efa2d7-5207-4b4c-9a12-e7bcfcdc1554
2120993,2274695,New,Public Safety,Improperly Parked Vehicles,Improperly Parked Vehicles,,,,,,"5260 Catspaw Dr, Nashville, TN 37013, United States",ANTIOCH,33.0,36.0101032,-86.6304747,1788037877000,,37013,d68f9c0e-41eb-4e0a-a55b-2215ad07d482
2120992,2274694,Closed,Public Safety,Control Number Request for Towing,Control Number Request for Towing,,,,,,"7000 Harris Hills Ln, Nashville, TN 37211, USA",NASHVILLE,31.0,36.0405643,-86.6866301,1788037869000,1788037869000.0,37211,0a93b9b3-7b31-41f0-a7ae-ae5035596d2f
2120991,2274693,New,Property Violations,Noise Violations - Construction Noise,Noise Violations - Construction Noise,,,,,,"4501 Packard Dr, Antioch, TN 37013, USA",NASHVILLE,30.0,36.0642739,-86.6882852,1788037430000,,37211,73cc71cc-44d1-4521-95c5-2fed8fafc46c
2120990,2274692,Closed,"Streets, Roads & Sidewalks",Dead Animal Pickup,Interstate,,,,,,"2037 Jefferson St, Nashville, TN 37208, United States",NASHVILLE,21.0,36.169286510665145,-86.81223128763068,1788036828000,1788036828000.0,37208,a3033f2a-d7b5-4972-bca5-59ae7e159737
2120989,2274690,New,Property Violations,Tree Concerns,Tree Concerns,,,,,,"6580 Nolensville Pk, Antioch, TN 37013, USA",BRENTWOOD,31.0,36.00357973611521,-86.698292568326,1788036573000,,37027,13c74f9f-2673-493a-9ab5-86eaddf89e13
2120988,2274686,Closed,Public Safety,Control Number Request for Towing,Control Number Request for Towing,,,,,,"1315 Gallatin Ave, Nashville, TN 37206, United States",NASHVILLE,6.0,36.1932649,-86.7434756,1788035065000,1788035065000.0,37206,be15d3a6-5bcd-4750-b540-4ec0eeb9f478
2120987,2274685,Closed,Public Safety,Control Number Request for Towing,Control Number Request for Towing,,,,,,"I-40, Nashville, TN , United States",NASHVILLE,19.0,36.1492555,-86.7833473,1788035031000,1788035031000.0,37203,72a7c8cb-3ae7-4615-add9-0dad7c9ca810
2120986,2274684,New,Property Violations,Residential Complaint,Residential Complaint,,,,,,"1501 Russell St, Nashville, TN 37206, USA",NASHVILLE,6.0,36.17477117123481,-86.74413772299886,1788034625000,,37206,e5972dc9-34d9-476e-b20e-fc8a6a9dc101
2120985,2274683,New,"Streets, Roads & Sidewalks",Damaged Sign,Street or Roadway,,,,,,"Old Harding Pike & Temple Rd, Nashville, TN 37221, USA",NASHVILLE,35.0,36.0483962,-86.9529036,1788034562000,,37221,d8ea4d27-979c-49e2-86cf-aacbe9ac4432
2120984,2274681,New,"Streets, Roads & Sidewalks",Paving Request,Request Road to be Paved,,,,,,"35th Ave N, Nashville, TN 37209, United States",NASHVILLE,24.0,36.155362,-86.8266916,1788034156000,,37209,10cf8f09-5cf4-47b8-b465-4cb9e88ee405
2120983,2274680,Closed,Public Safety,Noise Violations,Noise Violations,,,,,,"4354 Old Hickory Blvd, Nashville, TN 37218, USA",OLD HICKORY,11.0,36.163607,-86.92882039999999,1788033916000,1788045997000.0,37138,f5920255-6934-49fc-bdca-df287356d93c
2120982,2274679,New,Property Violations,Tall Grass and Weeds,Tall Grass and Weeds,,,,,,"2000 Lombardia Ln, Nashville, TN 37115, United States",MADISON,9.0,36.26154374816066,-86.69803822460631,1788033607000,,37115,dbe830e1-b8c4-4aee-b303-acd29c276d94
2120981,2274677,New,"Streets, Roads & Sidewalks",Paving Request,Alley Paving or DBST,,,,,,"1812 Sweetbriar Ave, Nashville, TN 37212, United States",NASHVILLE,18.0,36.12579611326073,-86.7994934129119,1788033595000,,37212,4cd754a1-613d-494e-a534-b5118a92fca1
2120980,2274676,New,Property Violations,Tall Grass and Weeds,Tall Grass and Weeds,,,,,,"2101 Lombardia Ct, Nashville, TN 37115, United States",MADISON,9.0,36.261694,-86.6975655,1788033577000,,37115,878d2156-3535-49ee-9b66-2b8d29c6f014
2120979,2274675,New,Property Violations,Tall Grass and Weeds,Tall Grass and Weeds,,,,,,"2101 Lombardia Ct, Nashville, TN 37115, United States",MADISON,9.0,36.261694,-86.6975655,1788033576000,,37115,9fe21c4d-b6b0-4ba6-bc01-5c6e0412c909
2120978,2274674,New,Property Violations,Junk and Debris,Junk and Debris,,,,,,"2100 Lombardia Ct, Nashville, TN 37115, United States",MADISON,9.0,36.26132793763349,-86.69760667738495,1788033515000,,37115,ee7f5feb-1b9d-487b-8077-ee57223cbdd4
2120977,2274673,Assigned,"Trash, Recycling & Litter",Cart Violation,,,,,,,"909 Rosa L Parks Blvd, Nashville, TN 37208, United States",NASHVILLE,19.0,36.170271,-86.79005579999999,1788033391000,,37208,61e43560-43e7-4daf-ac17-97e34d01a7a8
2120976,2274672,Closed,Public Safety,Control Number Request for Towing,Control Number Request for Towing,,,,,,"7120 Lenox Village Dr, Nashville, TN 37211, USA",NASHVILLE,31.0,36.0255719,-86.70999280000001,1788033263000,1788033263000.0,37211,b14e62ca-8751-4ba4-a3f2-438ade79b6ef
2120975,2274671,Closed,Public Safety,Request Non-Emergency Police Assistance,Request Non-Emergency Police Assistance,,,,,,"6101 Bentwood Dr, Nashville, TN 37013, United States",ANTIOCH,32.0,36.04044,-86.6229,1788033141000,1788045875000.0,37013,3ed2a2c3-cd54-4793-b2f8-911e9da5b069
2120974,2274670,New,"Trash, Recycling & Litter",Cart Service,Recycling - Report a Stolen Cart,,,,,,"2504 Westwood Ave, Nashville, TN 37212, United States",NASHVILLE,18.0,36.12700799449293,-86.80775315858274,1788032717000,,37212,7156b7aa-d3c3-4025-be1b-3b00c1b28106
2120973,2274669,New,Public Safety,Abandoned Vehicles,Abandoned Vehicles - Public Property,,,,,,"6212B Morrow Rd, Nashville, TN 37209, United States",NASHVILLE,20.0,36.164587230628214,-86.86521157228208,1788032642000,,37209,faba7c8a-c6fb-4564-ba72-6c25966b6f17
2120972,2274668,Closed,Public Safety,Noise Violations,Noise Violations,,,,,,"1200 Donelson Ave, Nashville, TN 37138, United States",OLD HICKORY,11.0,36.264314,-86.6511696,1788032436000,1788045226000.0,37138,a6b875d2-b1bc-45a1-ad55-4c3183c51a33
2120971,2274667,Closed,Public Safety,Noise Violations,Noise Violations,,,,,,"4354 Old Hickory Blvd, Old Hickory, TN 37138, USA",OLD HICKORY,11.0,36.2158012,-86.62284179999999,1788032330000,1788044677000.0,37138,bf92a3b0-0f40-4635-a0d1-5adcc5c9c71c
2120970,2274666,New,Property Violations,Junk and Debris,Junk and Debris,,,,,,"4932 Olivia Dr, Antioch, TN 37013, USA",ANTIOCH,27.0,36.0584697,-86.6901453,1788032124000,,37013,674dbab5-72d2-4cde-9374-fc9463ccc118
2120969,2274665,Closed,Public Safety,Noise Violations,Noise Violations,,,,,,"1200 Donelson Ave, Nashville, TN 37138, United States",OLD HICKORY,11.0,36.264314,-86.6511696,1788031752000,1788044489000.0,37138,4860a204-0804-4558-aa20-4a9d987b569d
2120968,2274664,Closed,Public Safety,Request Non-Emergency Police Assistance,Request Non-Emergency Police Assistance,,,,,,"5800 Maudina Ave, Apt 2 Nashville, TN 37209, United States",NASHVILLE,20.0,36.14411,-86.86354,1788031557000,1788044241000.0,37209,e28b54c5-fa40-435f-82c0-316f53f54a20
2120967,2274663,New,Property Violations,Tall Grass and Weeds,Tall Grass and Weeds,,,,,,"124 Haywood Ln, Nashville, TN 37211, United States",ANTIOCH,30.0,36.068981142280705,-86.69060769707042,1788031555000,,37013,b74f6be2-849e-4437-a6de-be3f75d1c331
2120966,2274662,New,Property Violations,Junk and Debris,Junk and Debris,,,,,,"400 Battle Rd, Nashville, TN 37013, United States",ANTIOCH,33.0,35.99526160201067,-86.62494542058766,1788031381000,,37013,36942543-1ca7-4da8-b2e9-658255355924
2120965,2274661,Assigned,"Trash, Recycling & Litter",Missed Pickup - Trash Cart Service,Trash - Curbside/Alley Missed Pickup,,,,,,"10 Willis St, Nashville, TN 37207, United States",NASHVILLE,2.0,36.19436947151218,-86.77813413862305,1788031241000,,37207,c1c3f182-bb85-4cd7-b0cb-6890a55d6807
2120964,2274660,New,"Trash, Recycling & Litter",Brush Collection,Brush Collection,,,,,,"1112 Forest Ave, Nashville, TN 37206, United States",NASHVILLE,6.0,36.17823876161335,-86.7487053,1788030518000,,37206,42ad34dd-7672-457a-a885-9400455e2e1f
2120963,2274658,New,"Streets, Roads & Sidewalks",Traffic Light Issue,Traffic Light Issue,,,,,,"2800 Lebanon Pike, Nashville, TN 37214, USA",NASHVILLE,15.0,36.16756027860809,-86.66315127164125,1788030088000,,37214,90ff6d3f-723d-479b-be77-afb2c1f2ad80
2120962,2274655,Closed,Public Safety,Noise Violations,Noise Violations,,,,,,"800 44th Ave N, Nashville, TN 37209, United States",NASHVILLE,20.0,36.1571128,-86.8394563,1788029927000,1788044050000.0,37209,3bd8d040-8319-4c26-822f-90d1763c0b23
2120961,2274654,New,"Streets, Roads & Sidewalks",Tree Maintenance on right of way,Tree is dead and needs removal,,,,,,"111 Rains Ave, Nashville, TN 37203, United States",NASHVILLE,17.0,36.13927119296073,-86.76452218069842,1788029838000,,37203,81194d82-09a4-48c4-9e26-4e47298780fd
2120960,2274653,Closed,Other Metro Services and Forms,Clerk - Do Not Knock Registry,Clerk - Do Not Knock Registry,,,,,,"2700 Windemere Dr, Nashville, TN 37214, United States",NASHVILLE,15.0,36.1837478,-86.6900014,1788029820000,1788029820000.0,37214,f41fed22-8d7c-448a-9a28-3f4582a92be1
2120959,2274652,Closed,Public Safety,Control Number Request for Towing,Control Number Request for Towing,,,,,,"426 Wilclay Dr, Nashville, TN 37209, USA",NASHVILLE,20.0,36.14339770000001,-86.8763879,1788029762000,1788029762000.0,37209,00b6f13b-b224-4e73-862b-c8ae2781dc3a
2120958,2274651,New,Other Metro Services and Forms,Other,Other,,,,,,"209 Maple St, Nashville, TN 37115, United States",MADISON,9.0,36.261544988137835,-86.70999774150671,1788029723000,,37115,1b045138-629f-4e20-8bd1-b99f2b785569
2120957,2274650,New,"Trash, Recycling & Litter",Cart Service,Trash - Report a Damaged Cart,,,,,,"3872 Park Royal Ln, Antioch, TN 37013, United States",ANTIOCH,8.0,36.06644661538478,-86.59195790674589,1788029444000,,37013,5f55418a-82c2-4a5f-b75f-479df16600d3
2120956,2274649,Closed,Public Safety,Repossessed Vehicle,Repossessed Vehicle,,,,,,,,,,,1788029340000,1788029340000.0,,3367f9fd-e69e-48ea-aae2-73bac4c404af
2120955,2274648,Closed,Public Safety,Control Number Request for Towing,Control Number Request for Towing,,,,,,"3657 Trousdale Dr, Nashville, TN 37204, USA",NASHVILLE,26.0,36.091222757654435,-86.7501860866397,1788029244000,1788029244000.0,37204,6f9f3e08-88c0-4d00-80ea-e7917c58b5a0
2120954,2274647,Assigned,"Trash, Recycling & Litter",Missing Trash Cart,,,,,,,"2012 Owen St, Nashville, TN 37208, United States",NASHVILLE,2.0,36.18539248141943,-86.80557446479472,1788029164000,,37208,360a2260-46c8-4a41-b0f6-e0e114c91d5f
2120953,2274645,Closed,Public Safety,Control Number Request for Towing,Control Number Request for Towing,,,,,,"3657 Trousdale Dr, Nashville, TN 37204, USA",NASHVILLE,26.0,36.09121508343285,-86.75015468495418,1788028981000,1788028981000.0,37204,f18dc7bc-a40e-4b8d-89c5-970f55be642c
2120952,2274643,New,"Streets, Roads & Sidewalks",Tree Maintenance on right of way,Tree is dead and needs removal,,,,,,"2000 Greenwood Ave, Nashville, TN 37206, United States",NASHVILLE,6.0,36.187943309389624,-86.73366882369828,1788028866000,,37206,515ed6ba-224a-4460-a46d-26b4dcc3602b
2120951,2274642,Closed,Public Safety,Control Number Request for Towing,Control Number Request for Towing,,,,,,"101 Athens Way, Nashville, TN 37228, United States",NASHVILLE,2.0,36.1985615,-86.7997888,1788028666000,1788028666000.0,37228,f523f114-8819-4ec9-a7ca-1f2c5e3ae7c6
2120950,2274641,New,Public Safety,Abandoned Vehicles,Abandoned Vehicles - Private Property,,,,,,"1044B Archer St, Nashville, TN 37203, USA",NASHVILLE,17.0,36.14505867748794,-86.78322488442063,1788028191000,,37203,207101b1-2c6a-4a6a-9010-6f6dde13bff7
2120949,2274640,New,Public Safety,Improperly Parked Vehicles,Improperly Parked Vehicles,,,,,,"121 S 11th St, Nashville, TN 37206, USA",NASHVILLE,6.0,36.176156718982924,-86.74983222037554,1788028162000,,37206,4ef7c824-3391-4622-a193-3bc5e168b041
2120948,2274639,Closed,Public Safety,Control Number Request for Towing,Control Number Request for Towing,,,,,,"1 Music Square W, Nashville, TN 37203, USA",NASHVILLE,17.0,36.1517552,-86.7931529,1788028037000,1788028037000.0,37203,b0c963be-c5b2-48b5-858a-ec8e4c4b201c
2120947,2274638,New,Public Safety,Improperly Parked Vehicles,Improperly Parked Vehicles,,,,,,"1113 Holly St, Nashville, TN 37206, USA",NASHVILLE,6.0,36.17623060264063,-86.74863863736391,1788028028000,,37206,1db05840-21b7-4e19-a542-6f53b5e638dc
2120946,2274637,New,Parks and Environment,Maintenance Request,Structures Request,,,,,,"1100 Fort Negley Blvd, Nashville, TN 37203, United States",NASHVILLE,17.0,36.1432286,-86.7751243,1788027862000,,37203,11b9f9fa-10e7-465e-815a-3f9a0abd16c5
2120945,2274636,New,Public Safety,Improperly Parked Vehicles,Improperly Parked Vehicles,,,,,,"1105 Holly St, Nashville, TN 37206, USA",NASHVILLE,6.0,36.1761136859864,-86.74950331449509,1788027771000,,37206,8f348e9a-8840-47a5-b8e5-c3393b9fcd5a
2120944,2274635,Closed,Public Safety,Control Number Request for Towing,Control Number Request for Towing,,,,,,"1217 Villa Pl, Nashville, TN 37212, USA",NASHVILLE,17.0,36.1419541,-86.7924634,1788027653000,1788027653000.0,37212,015aba9e-57cc-4c8e-871a-5e59896d9b94
2120943,2274634,Assigned,"Trash, Recycling & Litter",Cart Violation,Cart Violation,,,,,,"960 9th Ave S, Nashville, TN 37203, United States",NASHVILLE,17.0,36.14528269684524,-86.78017629325409,1788027632000,,37203,67484ae4-c21f-47ab-8adc-755eb520b53f
2120942,2274633,New,Parks and Environment,Maintenance Request,Mechanical Request,,,,,,"1100 Fort Negley Blvd, Nashville, TN 37203, United States",NASHVILLE,17.0,36.1432286,-86.7751243,1788027383000,,37203,c180bb82-4b97-48bf-89a2-1ecdc2f19ffd
2120941,2274632,New,Public Safety,Abandoned Vehicles,Abandoned Vehicles - Public Property,,,,,,"208 Scott Ave, Nashville, TN 37206, USA",NASHVILLE,6.0,36.18433356670597,-86.73429552465677,1788027313000,,37206,171a36d9-81b3-4e9c-8424-0c09a318c0a8
2120940,2274630,Assigned,"Trash, Recycling & Litter",Missed Pickup - Recycle Cart Service,Recycle - Curbside/Alley Missed Pickup,,,,,,"916 Heritage View Ct, Nashville, TN 37115, United States",MADISON,3.0,36.26908221253564,-86.71610639894912,1788027263000,,37115,ff48e1ad-ebba-4eb3-8eaf-20a5c64ddb74
2120939,2274629,New,"Streets, Roads & Sidewalks",Dead Animal Pickup,Sidewalk,,,,,,"1400 Lillian St, Nashville, TN 37206, USA",NASHVILLE,6.0,36.172668944189496,-86.74655959010124,1788027160000,,37206,02d8beec-c574-4fec-b214-84fcf34f8d24
2120938,2274628,New,Property Violations,Junk and Debris,Junk and Debris,,,,,,"1638 Arthur Ave, Nashville, TN 37208, USA",NASHVILLE,21.0,36.178672252771264,-86.80173229426146,1788027094000,,37208,11a3998b-ddd1-4cc9-b9ef-528e382691a3
2120937,2274627,Closed,Public Safety,Repossessed Vehicle,Repossessed Vehicle,,,,,,,,,,,1788027060000,1788027060000.0,,6dd87628-6c5f-4424-91da-635208554be8
2120936,2274626,Closed,Public Safety,Request Non-Emergency Police Assistance,Request Non-Emergency Police Assistance,,,,,,"1911 Belcourt Ave, Nashville, TN 37212, United States",NASHVILLE,18.0,36.13666,-86.79925,1788026984000,1788043982000.0,37212,1fea3d40-ce7b-45b2-ab6f-7970a1d1913d
2120935,2274624,New,"Trash, Recycling & Litter",Cart Service,Recycling - Report a Stolen Cart,,,,,,"300 Duling Ave, Nashville, TN 37115, United States",MADISON,9.0,36.26527312807006,-86.70704923519853,1788026799000,,37115,38d39878-9979-40bd-b997-e2e220a67b08
2120934,2274623,Closed,Public Safety,Noise Violations,Noise Violations,,,,,,"3511 TN-46, Indian Mound, TN 37079, United States",,,36.4272046,-87.636854,1788026617000,1788043688000.0,,b5023b8b-af42-46fe-9e62-009b38deeb7f
2120933,2274622,New,"Trash, Recycling & Litter",Cart Service,Trash - Report a Damaged Cart,,,,,,"1209 Chester Ave, Nashville, TN 37206, United States",NASHVILLE,6.0,36.1953915,-86.7389583,1788026600000,,37206,75eaf4a2-1aad-453a-b1b8-f91588d67ede
2120932,2274621,Closed,Public Safety,Control Number Request for Towing,Control Number Request for Towing,,,,,,"100 Hickory Highlands Dr, Antioch, TN 37013, USA",ANTIOCH,32.0,36.0617956,-86.64257800000001,1788026279000,1788026279000.0,37013,0566afa0-f8f1-4a8e-b7e4-0b29c06b2148
2120931,2274620,Closed,Public Safety,Noise Violations,Noise Violations,,,,,,"7125 S Hampton Blvd, Nashville, TN 37013, United States",ANTIOCH,8.0,36.0680377,-86.57377029999999,1788025953000,1788043322000.0,37013,c7ac099a-208a-498e-86b2-aab8f409501a
2120930,2274619,New,Property Violations,Junk and Debris,Junk and Debris,,,,,,"1764 London View Pl, Nashville, TN 37013, United States",ANTIOCH,8.0,36.07258640000001,-86.5737229,1788025629000,,37013,ed3c967e-f465-402b-aba9-58409e4614d7
2120929,2274618,New,"Streets, Roads & Sidewalks",Overgrowth on right of way,Sidewalk,,,,,,"1533 Graybar Ln, Nashville, TN 37215, USA",NASHVILLE,25.0,36.11020833622753,-86.800478361547,1788025492000,,37215,a10a697b-3a43-48dd-b224-9357439ecec3
2120928,2274617,Assigned,"Trash, Recycling & Litter",Missed Pickup - Trash Cart Service,Trash - Curbside/Alley Missed Pickup,,,,,,"1811 Beechwood Ave, Nashville, TN 37212, United States",NASHVILLE,18.0,36.1261983,-86.7994784,1788025434000,,37212,39ccdbd5-5b56-43d6-ac00-4d40d1384f5b
2120927,2274615,New,"Streets, Roads & Sidewalks",Paving Request,Request Road to be Paved,,,,,,"1431 Finnland Dr, Nashville, TN 37207, United States",NASHVILLE,3.0,36.269826810291505,-86.7792338323707,1788025108000,,37207,4551782f-736e-4720-96f0-c45107076d87
2120926,2274613,Closed,Public Safety,Control Number Request for Towing,Control Number Request for Towing,,,,,,"2201 Dickerson Pike, Nashville, TN 37207, USA",NASHVILLE,5.0,36.2062671,-86.7679909,1788025023000,1788025023000.0,37207,61933244-6c8d-4d44-bc67-5c9e715e2689
2120925,2274612,New,Property Violations,Dilapidated Structures,Dilapidated Structures,,,,,,"3026 Chelsea Way, Nashville, TN 37013, United States",ANTIOCH,29.0,36.08146916157226,-86.60192499325409,1788024707000,,37013,5b660a07-5f55-4798-865e-c6001f1136f4
2120924,2274611,Assigned,"Trash, Recycling & Litter",Missed Pickup - Recycle Cart Service,Recycle - Curbside/Alley Missed Pickup,,,,,,"106 Beverly Dr, Nashville, TN 37115, United States",MADISON,3.0,36.2619664,-86.72539499999999,1788024579000,,37115,3a69c0f9-fd3b-471f-9041-7ffe257895b4
2120923,2274610,Closed,Public Safety,Narcotics/Prostitution/Loitering,Narcotics/Prostitution/Loitering,,,,,,"363 Harding Pl, Nashville, TN 37211, USA",NASHVILLE,30.0,36.08407992832795,-86.70432016253471,1788023840000,1788043233000.0,37211,f8087adb-3aea-4f35-a117-fb71b1636f03
2120922,2274607,New,Property Violations,Junk and Debris,Junk and Debris,,,,,,"4343 Old Hickory Blvd, Nashville, TN 37076, United States",OLD HICKORY,11.0,36.21725526793074,-86.62391783672072,1788022937000,,37138,9cc7ae8f-fc1d-4c24-a12e-b312dbbb184d
2120921,2274604,Closed,Public Safety,Request Non-Emergency Police Assistance,Request Non-Emergency Police Assistance,,,,,,"845 Brk Holw Rd, Nashville, TN 37205, United States",NASHVILLE,23.0,36.1334296,-86.88431299999999,1788022531000,1788043136000.0,37205,0cfbeacb-a73a-466a-9fc9-46d898bae5bc
2120920,2274603,New,Public Safety,Improperly Parked Vehicles,Improperly Parked Vehicles,,,,,,"703 Taylor St, Nashville, TN 37208, USA",NASHVILLE,19.0,36.177260092244,-86.79290615022182,1788022213000,,37208,d8e14dec-9599-4c5c-840f-fa87f7b657ce
2120919,2274601,New,"Streets, Roads & Sidewalks",Paving Request,Request Road to be Paved,,,,,,"1416 Finnland Dr, Nashville, TN 37207, United States",NASHVILLE,3.0,36.269853704317285,-86.77714172020599,1788021964000,,37207,2a732001-96a0-4b01-aa39-c8bb620272d0
2120918,2274600,New,"Streets, Roads & Sidewalks",Damaged Sign,Alley,,,,,,"1648 19th Ave S, Nashville, TN 37212, United States",NASHVILLE,18.0,36.1375286148536,-86.79805967941657,1788021900000,,37212,64d99023-b94e-4ce5-b568-07b0e4924907
2120917,2274599,Closed,Public Safety,Control Number Request for Towing,Control Number Request for Towing,,,,,,"110 Murphy Ct, Nashville, TN 37203, USA",NASHVILLE,24.0,36.1390001,-86.82103620000001,1788021852000,1788021852000.0,37203,68890273-f11f-4102-a22f-4b10b8beb1fc
2120916,2274598,New,"Streets, Roads & Sidewalks",Overgrowth on right of way,Sidewalk,,,,,,"201 25th Ave N, Nashville, TN 37203, United States",NASHVILLE,21.0,36.14758037141588,-86.80852978644374,1788021762000,,37203,80f87e8b-945b-4f18-b26d-5a8f6ea83ba7
2120915,2274597,New,Other Metro Services and Forms,Other,Other,,,,,,"2836 Louise Russell Dr, Nashville, TN 37013, United States",ANTIOCH,29.0,36.07705934295308,-86.61336402982204,1788021462000,,37013,9d856977-9428-4c2d-b3f7-2757e1ad269b
2120914,2274596,New,Property Violations,Residential Complaint,Residential Complaint,,,,,,"2712 Alvin Sperry Pass, Mt. Juliet, TN 37122, United States",MOUNT JULIET,12.0,36.145918311607936,-86.56498011836466,1788021393000,,37122,3aa4f1aa-24fa-4dcd-8825-b674e1cdfe51
2120913,2274595,New,Parks and Environment,Maintenance Request,Mechanical Request,,,,,,"1801 TN-6, Nashville, TN 37203, United States",NASHVILLE,17.0,36.13679666466478,-86.77926192157548,1788021304000,,37203,e413892c-3e25-4d04-883c-e126e4d5ab27
2120912,2274594,Closed,Public Safety,Control Number Request for Towing,Control Number Request for Towing,,,,,,"905 Nesbitt Ln, Madison, TN 37115, USA,905 Nesbitt Ln, Madison, TN 37115, USA",MADISON,3.0,36.271099419035934,-86.73579957336187,1788021197000,1788021197000.0,37115,aef2f7f5-f8bc-4bca-832c-282b08606f99
2120911,2274593,Assigned,"Trash, Recycling & Litter",Missed Pickup - Trash Cart Service,Trash - Curbside/Alley Missed Pickup,,,,,,"531 Harding Pl, Nashville, TN 37211, United States",NASHVILLE,26.0,36.0767504,-86.7358188,1788021191000,,37211,6a184398-63fa-4c5d-89e1-2e5eac972ab2
2120910,2274592,New,"Streets, Roads & Sidewalks",Paving Request,Request Road to be Paved,,,,,,"1428 Finnland Dr, Nashville, TN 37207, United States",NASHVILLE,3.0,36.269788014350645,-86.77753492867468,1788020423000,,37207,5fa23a00-d563-402c-8774-3fea9199002a
2120909,2274591,Active,Public Safety,Noise Violations,Noise Violations,,,,,,"1711 Broadway, Nashville, TN 37203, United States",NASHVILLE,19.0,36.1522399,-86.7942947,1788020363000,,37203,84aa2f2d-8f9a-4443-803b-e9728117920e
2120908,2274590,New,"Streets, Roads & Sidewalks",Paving Request,Request Road to be Paved,,,,,,"Finnland Dr, Nashville, TN 37207, USA",NASHVILLE,3.0,36.2697802,-86.7780337,1788020235000,,37207,1a085ba0-6ecc-4fb1-9797-a97b8a43d1cb
2120907,2274588,Assigned,"Trash, Recycling & Litter",Missed Pickup - Trash Cart Service,Trash - Curbside/Alley Missed Pickup,,,,,,"1141 Kirkland Ave, Nashville, TN 37216, United States",NASHVILLE,7.0,36.20829990454866,-86.72986452485542,1788019157000,,37216,03f9976b-9857-4d0c-99f1-3d5ccc9adc3d
2120906,2274585,Closed,Public Safety,Noise Violations,Noise Violations,,,,,,"116 Rep. John Lewis Way N, Nashville, TN 37219, United States",NASHVILLE,19.0,36.161234068464836,-86.77890532719458,1788018795000,1788026575000.0,37219,dc8579d6-8cf9-4ff5-8cbe-58bfec91d6ed
2120905,2274584,Assigned,"Trash, Recycling & Litter",Cart Service,Trash - Report a Damaged Cart,,,,,,"1001 Mansfield St, Nashville, TN 37206, USA",NASHVILLE,5.0,36.1819737,-86.7531107,1788018682000,,37206,22245aff-5cc8-490e-a5ec-157a79bbb991
2120904,2274582,Closed,"Trash, Recycling & Litter",Missing Trash Cart,,,,,,,"1164 Shire Dr, Nashville, TN 37013, United States",ANTIOCH,33.0,36.0354484,-86.66383909999999,1788018520000,1788019748000.0,37013,42407790-4ea5-4fe3-a4fd-e35baa17db3f
2120903,2274581,New,"Streets, Roads & Sidewalks",Sidewalks,Damaged Sidewalk,,,,,,"1813 Fatherland St, Nashville, TN 37206, United States",NASHVILLE,6.0,36.1731346,-86.7374002,1788018464000,,37206,5a315fdb-9b0b-4fca-9787-1d48a33750c8
2120902,2274580,Assigned,"Trash, Recycling & Litter",Missed Pickup - Recycle Cart Service,Recycle - Curbside/Alley Missed Pickup,,,,,,"932 Martha Ave, Nashville, TN 37216, USA",NASHVILLE,5.0,36.1980487,-86.7456643,1788018379000,,37216,214cdb82-2de0-4962-9794-ff7e1b9932b2
2120901,2274579,Assigned,"Trash, Recycling & Litter",Missed Pickup - Recycle Cart Service,Recycle - Curbside/Alley Missed Pickup,,,,,,"418 Barbara Dr, Nashville, TN 37115, United States",MADISON,3.0,36.25312396164525,-86.72429569325408,1788018103000,,37115,82d2e896-846c-40ff-9160-29341a57465c
2120900,2274578,Assigned,"Trash, Recycling & Litter",Missing Trash Cart,,,,,,,"1811 Fatherland St, Nashville, TN 37206, United States",NASHVILLE,6.0,36.173146,-86.7375656,1788017798000,,37206,54042917-f795-461d-bdd9-a6dc4f649dfc
2120899,2274577,New,Public Safety,Abandoned Vehicles,Abandoned Vehicles - Private Property,,,,,,"5032 Rdg Hl Dr, Joelton, TN 37080, USA",JOELTON,1.0,36.2860079,-86.93062359999999,1788017600000,,37080,c8e3ecff-1215-418e-95f6-549a3c23c1af
2120898,2274576,Assigned,"Trash, Recycling & Litter",Missed Pickup - Trash Cart Service,Trash - Curbside/Alley Missed Pickup,,,,,,"1118 Kirkland Ave, Nashville, TN 37216, United States",NASHVILLE,7.0,36.20825041256607,-86.73283704140049,1788017503000,,37216,30d02c53-de5f-4ebc-ae3b-3bb27b423998
2120897,2274575,Assigned,"Trash, Recycling & Litter",Missed Pickup - Trash Cart Service,Trash - Curbside/Alley Missed Pickup,,,,,,"2617 Barton Ave, Nashville, TN 37212, United States",NASHVILLE,18.0,36.13358141159439,-86.81069805,1788017237000,,37212,29f61642-c2c6-4c7b-8a2b-12edf7ca38a9
2120896,2274574,Assigned,"Trash, Recycling & Litter",Cart Service,Trash - Report a Damaged Cart,,,,,,"4627 Mountainview Dr, Nashville, TN 37215, United States",NASHVILLE,34.0,36.08045191722759,-86.81697844264635,1788017151000,,37215,c7d75933-5144-42ed-bd44-f9c02c8cef5d
2120895,2274573,New,"Streets, Roads & Sidewalks",Dead Animal Pickup,Roadway,,,,,,"2837 McGavock Pk, Nashville, TN 37214, USA",NASHVILLE,15.0,36.2103833,-86.68587819999999,1788016611000,,37214,eef6aa1f-ae5b-4d72-ba01-c345d3f9482d
2120894,2274572,New,Other Metro Services and Forms,Other,Other,,,,,,"1010 Clemmons St, Nashville, TN 37210, United States",NASHVILLE,16.0,36.11517635929263,-86.74487737600336,1788016513000,,37210,a172d85f-e65c-4823-8b74-ef637f6e86f6
2120893,2274571,New,"Streets, Roads & Sidewalks",Dead Animal Pickup,Bike Lanes,,,,,,"2709 Pennington Bend Rd, Nashville, TN 37214, USA",NASHVILLE,15.0,36.22361452605879,-86.68869656745994,1788016486000,,37214,2fe7720b-7895-46a8-8351-c6d37f177385
2120892,2274570,Assigned,"Trash, Recycling & Litter",Missed Pickup - Trash Cart Service,Trash - Curbside/Alley Missed Pickup,,,,,,"1128 Kirkland Ave, Nashville, TN 37216, United States",NASHVILLE,7.0,36.2085704,-86.73450799999999,1788016228000,,37216,99e8161b-4bcb-4139-a0f3-65f0f1887872
2120891,2274569,New,Public Safety,Improperly Parked Vehicles,Improperly Parked Vehicles,,,,,,"107 45th Ave N, Nashville, TN 37209, United States",NASHVILLE,24.0,36.1416802,-86.84063669999999,1788016157000,,37209,4be72aac-911f-4619-bbd8-4e70b1a7935d
2120890,2274567,Closed,Public Safety,Request Non-Emergency Police Assistance,Request Non-Emergency Police Assistance,,,,,,"227 Largo Dr, Nashville, TN 37211, USA",NASHVILLE,30.0,36.08388722283294,-86.70418068841738,1788015920000,1788016943000.0,37211,55e62df6-4c9a-45dc-b3e8-6503304c0eac
2120889,2274563,Closed,Public Safety,Control Number Request for Towing,Control Number Request for Towing,,,,,,"1610 Church St, Nashville, TN 37203, United States",NASHVILLE,19.0,36.1570676,-86.79442069999999,1788015475000,1788015475000.0,37203,f1c2e959-585f-4303-8804-db6a7d41a212
2120888,2274562,New,"Streets, Roads & Sidewalks",Dead Animal Pickup,Roadway,,,,,,"3819 Harding Pl, Nashville, TN 37215, United States",NASHVILLE,34.0,36.092794507203614,-86.84321196971516,1788015445000,,37215,a87ca4e8-efb5-44c7-b34f-84adcded2699
2120887,2274561,New,Property Violations,Tall Grass and Weeds,Tall Grass and Weeds,,,,,,"3101 Boulder Park Dr, Nashville, TN 37214, United States",NASHVILLE,15.0,36.15148390482305,-86.64974048502656,1788015158000,,37214,6d6fed8a-a9b4-445d-a30e-a7024fbfcd2f
2120886,2274559,Closed,Public Safety,Control Number Request for Towing,Control Number Request for Towing,,,,,,"2059 Antioch Pike, Antioch, TN 37013, USA",ANTIOCH,28.0,36.06823809999999,-86.6845965,1788014660000,1788014660000.0,37013,914b0988-e5b1-44ad-900c-4ce398ade19a
2120885,2274558,Assigned,"Trash, Recycling & Litter",Missed Pickup - Trash Cart Service,Trash - Curbside/Alley Missed Pickup,,,,,,"1137A Kirkland Ave, Nashville, TN 37216, United States",NASHVILLE,7.0,36.20834081162617,-86.73068325,1788014643000,,37216,063eca24-9889-4402-9e6e-e41d2060303a
2120884,2274556,New,Other Metro Services and Forms,Other,Other,,,,,,"2 Victory Ave, Nashville, TN 37213, United States",NASHVILLE,19.0,36.162083390261806,-86.77223609463572,1788014193000,,37213,9aedafa8-4146-4537-b71f-245748295877
2120883,2274555,Assigned,"Trash, Recycling & Litter",Cart Service,Trash - Report a Damaged Cart,,,,,,"828 Rose Park Dr, Nashville, TN 37206, United States",NASHVILLE,6.0,36.1871408,-86.7075701,1788014098000,,37206,449f25a8-5914-49a2-8636-4ba63c77589d
2120882,2274554,Assigned,"Trash, Recycling & Litter",Cart Service,Trash - Report a Damaged Cart,,,,,,"453 McMurray Dr, Nashville, TN 37211, United States",NASHVILLE,27.0,36.0608214,-86.7214631,1788013921000,,37211,002bd459-f59a-4ff6-b6fe-dfd1c2721c8f
2120881,2274553,Active,Public Safety,Request Non-Emergency Police Assistance,Request Non-Emergency Police Assistance,,,,,,"2634 Murfreesboro Pike, Nashville, TN 37217, United States",NASHVILLE,29.0,36.0726248,-86.6362973,1788013808000,,37217,e98a602a-1c72-4e2a-8503-3b6667d647e4
2120880,2274551,New,"Streets, Roads & Sidewalks",Traffic Light Timing,Traffic Light Timing,,,,,,"7809 Coley Davis Rd, Nashville, TN 37221, USA",NASHVILLE,22.0,36.07916222067216,-86.95397783070803,1788013256000,,37221,c118038a-689d-44e1-a2e2-72ff5e127930
2120879,2274550,New,"Streets, Roads & Sidewalks",Guard Rails,Damaged Guard Rail,,,,,,"56 E Thompson Ln, Nashville, TN 37211, United States",NASHVILLE,16.0,36.11108417375864,-86.72677269608533,1788013247000,,37211,5db6f753-82af-4f22-849d-c9ee60f8066a
2120878,2274549,Assigned,"Trash, Recycling & Litter",Cart Service,Recycling - Report a Stolen Cart,,,,,,"2820 Bronte Ave, Nashville, TN 37216, United States",NASHVILLE,6.0,36.20006926162266,-86.7365170932541,1788013182000,,37216,92f0ce23-7040-412a-9a23-6f56f4c2f8c5
2120877,2274548,Assigned,"Trash, Recycling & Litter",Missed Pickup - Trash Cart Service,Trash - Backdoor,,,,,,"2603 Airpark Dr, Nashville, TN 37206, United States",NASHVILLE,6.0,36.1923436,-86.70676689999999,1788013047000,,37206,591e3e68-6f4b-44f0-8161-fdb562d91072
2120876,2274547,Assigned,"Trash, Recycling & Litter",Missed Pickup - Recycle Cart Service,Recycle - Curbside/Alley Missed Pickup,,,,,,"1717 Marsden Ave, Nashville, TN 37216, USA",NASHVILLE,7.0,36.2008566,-86.7203861,1788012948000,,37216,9046e68d-b6c3-4151-a404-0643b895e17a
2120875,2274546,Closed,Public Safety,Control Number Request for Towing,Control Number Request for Towing,,,,,,"1315 Gallatin Ave, Nashville, TN 37206, United States",NASHVILLE,6.0,36.1932649,-86.7434756,1788012663000,1788012663000.0,37206,d1251220-08b5-4905-95ce-dda0c969e09d
2120874,2274545,New,Permits,Building Permits,Building Permits,,,,,,"708 14th Ave S, Nashville, TN 37203, United States",NASHVILLE,17.0,36.14956546916497,-86.78803127000882,1788012500000,,37203,55e6fcdd-1926-4914-afe6-37eebdc629bb
2120873,2274544,New,Property Violations,Home Occupation Reporting,Home Occupation Reporting,,,,,,"5880 Eatons Creek Rd, Nashville, TN 37080, United States",JOELTON,1.0,36.28815282499031,-86.88740592679005,1788012454000,,37080,66ade292-ef3d-403d-aebd-be970c6e56ab
2120872,2274543,Closed,Public Safety,Control Number Request for Towing,Control Number Request for Towing,,,,,,"510 Recovery Rd, Nashville, TN 37211, USA",NASHVILLE,30.0,36.07999937735811,-86.71881867572665,1788012415000,1788012415000.0,37211,d561a7a4-c98f-46c8-bed9-f6e0b65bd341
2120871,2274542,Assigned,"Trash, Recycling & Litter",Missing Trash Cart,,,,,,,"6544 Brownlee Dr, Nashville, TN 37205, United States",NASHVILLE,23.0,36.1143208,-86.90301079999999,1788012409000,,37205,f65617a6-b5eb-4fca-b2fb-f6a49d32bd52
2120870,2274541,Closed,Public Safety,Repossessed Vehicle,Repossessed Vehicle,,,,,,,,,,,1788011044000,1788011044000.0,,c727bed0-70db-44fc-a99a-fc1c337e4dc9
2120869,2274540,Closed,Public Safety,Request Non-Emergency Police Assistance,Request Non-Emergency Police Assistance,,,,,,"1199 Shadow Ln, Nashville, TN 37206, United States",NASHVILLE,6.0,36.1908993,-86.7038172,1788011032000,1788013476000.0,37206,2271ab1c-b2de-4948-962d-fc5eed79b0ee
2120868,2274539,New,"Streets, Roads & Sidewalks",Damaged Sign,Street or Roadway,,,,,,"1601 Shelby Ave, Nashville, TN 37206, United States",NASHVILLE,6.0,36.170633811610124,-86.74265745,1788010866000,,37206,ef1a395e-05b4-442b-9eba-83d9cbc8cef2
2120867,2274538,Closed,"Streets, Roads & Sidewalks",Shared Scooter and Bike Issues,Scooter Removal,,,,,,"1601 Shelby Ave, Nashville, TN 37206, United States",NASHVILLE,6.0,36.170633811610124,-86.74265745,1788010810000,1788010810000.0,37206,33e4177d-d717-4282-82b1-6f1717f26e1e
2120866,2274537,Assigned,"Trash, Recycling & Litter",Cart Violation,Cart Violation,,,,,,"902B Archer St, Nashville, TN 37203, United States",NASHVILLE,17.0,36.14525866979987,-86.78083387400793,1788010774000,,37203,b97bcc2a-ee67-4d6a-a058-e4b7a4676543
2120865,2274536,Assigned,"Trash, Recycling & Litter",Missed Pickup - Trash Cart Service,Trash - Curbside/Alley Missed Pickup,,,,,,"1342 McAlpine Ave, Nashville, TN 37216, United States",NASHVILLE,7.0,36.21533900000001,-86.7150633,1788010701000,,37216,04f66f7e-a61b-415d-bf66-8759214f5300
2120864,2274534,PENDING,Public Safety,Request Non-Emergency Police Assistance,Request Non-Emergency Police Assistance,,,,,,"Cornelia Fort Trail, Nashville, TN 37206, United States",NASHVILLE,6.0,36.188802641649616,-86.69905152339778,1788010593000,,37206,df222bc9-6fc5-45cd-b1f2-1bcb40b1b956
2120863,2274533,New,Public Safety,Improperly Parked Vehicles,Improperly Parked Vehicles,,,,,,"1202 Riverside Dr, Nashville, TN 37206, USA",NASHVILLE,6.0,36.18856633673267,-86.7265372350812,1788010335000,,37206,d611db7f-7566-4657-91f7-f55575a8c656
2120862,2274532,New,Property Violations,Residential Complaint,Residential Complaint,,,,,,"21 Shepard St, Nashville, TN 37210, USA",NASHVILLE,17.0,36.1440592,-86.7610024,1788010238000,,37210,c28b6976-2aa2-4790-83c4-6b0c8e031ee4
2120861,2274528,New,Property Violations,Tall Grass and Weeds,Tall Grass and Weeds,,,,,,"Manzano Rd, Nashville, TN 37115, USA",MADISON,9.0,36.2577304,-86.6809975,1788009012000,,37115,665bfb9b-1dcc-4a14-b706-09032b65b617
2120860,2274527,New,"Streets, Roads & Sidewalks",Dead Animal Pickup,Roadway,,,,,,"2005 Porter Rd, Nashville, TN 37206, United States",NASHVILLE,7.0,36.19583507960685,-86.71602613458737,1788008321000,,37206,8e977421-14d1-4b71-ab0a-6e930e8b2276
2120859,2274526,New,"Streets, Roads & Sidewalks",Remove Other,Remove Other,,,,,,"401 Kinhawk Dr, Nashville, TN 37211, United States",NASHVILLE,4.0,36.030933702482365,-86.71272460615666,1788008275000,,37211,14394841-9d9d-4eca-ba75-940149cb868c
2120858,2274525,Assigned,"Trash, Recycling & Litter",Missed Pickup - Recycle Cart Service,Recycle - Curbside/Alley Missed Pickup,,,,,,"1025 Dozier Pl, Nashville, TN 37216, United States",NASHVILLE,5.0,36.202655290435864,-86.74126881284867,1788007633000,,37216,0a1f47e2-2f2d-4bc5-83f3-16ec40cacb57
2120857,2274524,New,Property Violations,Tall Grass and Weeds,Tall Grass and Weeds,,,,,,"1407 Oakland Acres Dr, Nashville, TN 37115, United States",MADISON,7.0,36.2436175,-86.7294917,1788006905000,,37115,1f31e775-cef5-46a2-8bb8-9916cab45e96
2120856,2274523,New,Parks and Environment,Maintenance Request,Mechanical Request,,,,,,"1221 Forrest Park Dr, Nashville, TN 37205, United States",NASHVILLE,34.0,36.0834232,-86.8722059,1788006874000,,37221,6d5d581c-fd45-4ece-820e-29100304e5e2
2120855,2274522,Assigned,"Trash, Recycling & Litter",Missed Pickup - Trash Cart Service,Trash - Curbside/Alley Missed Pickup,,,,,,"1804B Linden Ave, Nashville, TN 37212, United States",NASHVILLE,18.0,36.127860861591934,-86.79875089999999,1788006686000,,37212,f974f342-3c92-4bd3-b0ad-c65546406da7
2120854,2274521,New,"Streets, Roads & Sidewalks",Shared Scooter and Bike Issues,Scooter Removal,,,,,,"510 Madison St, Nashville, TN 37208, USA",NASHVILLE,19.0,36.17503300399966,-86.78869038820267,1788006632000,,37208,1484d4f7-46ff-489f-9146-5b3249243407
2120853,2274520,New,Property Violations,Tall Grass and Weeds,Tall Grass and Weeds,,,,,,"741 28th Ave N, Nashville, TN 37208, United States",NASHVILLE,21.0,36.161022461329416,-86.81939322113556,1788006489000,,37208,e86b4504-6343-42fb-a6cc-2088da792629
2120852,2274519,Assigned,"Trash, Recycling & Litter",Missing Trash Cart,,,,,,,"4044 Scotwood Dr, Nashville, TN 37211, United States",NASHVILLE,30.0,36.0894192,-86.7088661,1788006478000,,37211,8da3a9f8-7c61-4c68-93c5-d5943715768a
2120851,2274518,Assigned,"Trash, Recycling & Litter",Cart Service,Recycling - Report a Stolen Cart,,,,,,"4044 Scotwood Dr, Nashville, TN 37211, United States",NASHVILLE,30.0,36.0893532156455,-86.70886699198147,1788006385000,,37211,323ba0cf-c096-47ad-ae0c-986bf94c0fbe
2120850,2274517,New,Property Violations,Tall Grass and Weeds,Tall Grass and Weeds,,,,,,"122 Acklen Park Dr, Nashville, TN 37203, United States",NASHVILLE,21.0,36.14338296334388,-86.82049549865374,1788005612000,,37203,2d528e85-c97e-4c59-a64b-317a883a75a8
2120849,2274516,New,Property Violations,Tall Grass and Weeds,Tall Grass and Weeds,,,,,,"2806 27th Ave S, Nashville, TN 37212, United States",NASHVILLE,18.0,36.1249437,-86.81076449999999,1788005444000,,37212,06d7bad0-0e91-4b37-b286-5c793ee651e5
2120848,2274515,Closed,"Trash, Recycling & Litter",Missed Pickup - Trash Cart Service,Trash - Curbside/Alley Missed Pickup,,,,,,"827 Setliff Pl, Nashville, TN 37206, United States",NASHVILLE,6.0,36.1862542,-86.73816,1788005394000,1788006348000.0,37206,36c0f409-c482-43a0-8ef7-6f6b9b5636b9
2120847,2274514,New,Property Violations,Tall Grass and Weeds,Tall Grass and Weeds,,,,,,"256 38th Ave N, Nashville, TN 37209, United States",NASHVILLE,24.0,36.1459094,-86.8308937,1788005344000,,37209,ecdf9291-e62f-42aa-bec0-399068d9d558
2120846,2274513,Closed,Public Safety,Control Number Request for Towing,Control Number Request for Towing,,,,,,"4420 Taylor Rd, Nashville, TN 37211, USA",NASHVILLE,27.0,36.0700287,-86.71974159999999,1788004832000,1788004832000.0,37211,a9c952d5-1220-4cfa-97fb-3f0211020558
2120845,2274512,New,"Streets, Roads & Sidewalks",Dead Animal Pickup,Roadway,,,,,,"2306 Porter Rd, Nashville, TN 37206, United States",NASHVILLE,7.0,36.19563641148185,-86.71207169280594,1788004258000,,37206,f1d7954d-7e69-4e1e-b6fc-a45d0f19cd80
2120844,2274511,Closed,Public Safety,Repossessed Vehicle,Repossessed Vehicle,,,,,,,,,,,1788004244000,1788004244000.0,,4cb4a686-bc13-49d9-85c5-328fed9c74e9
2120843,2274510,Closed,Public Safety,Control Number Request for Towing,Control Number Request for Towing,,,,,,"Stewarts Ferry Pike, Nashville, TN 37214, USA",NASHVILLE,14.0,36.1583897,-86.6398008,1788003940000,1788003940000.0,37214,0b44641a-c938-4baa-a758-702ddae73e46
2120842,2274509,New,Property Violations,Junk and Debris,Junk and Debris,,,,,,"2922B Lebanon Pike, Nashville, TN 37214, United States",NASHVILLE,14.0,36.17072623135531,-86.65442168717742,1788003176000,,37214,e8a2ee2a-fe03-4e53-82f2-17a0be285a62
2120841,2274508,Closed,Public Safety,Control Number Request for Towing,Control Number Request for Towing,,,,,,"765 McMurray Dr, Nashville, TN 37211, USA",NASHVILLE,27.0,36.05418892198071,-86.74073409181254,1788002865000,1788002865000.0,37211,213debd8-6873-4c7e-a01b-60fa083ff3bb
2120840,2274507,New,"Streets, Roads & Sidewalks",Damaged Sign,Street or Roadway,,,,,,"616 Brandywine Dr, Nashville, TN 37138, United States",OLD HICKORY,11.0,36.23212461279947,-86.62468413522997,1788002804000,,37138,96a442b2-9c7e-463a-ac4d-3d245bab551d
2120839,2274506,New,Property Violations,Tall Grass and Weeds,Tall Grass and Weeds,,,,,,"120 Acklen Park Dr, Nashville, TN 37203, United States",NASHVILLE,21.0,36.1431309049019,-86.82012335496292,1788002426000,,37203,07c33a36-8370-49df-8a01-592a772f84c5
2120838,2274505,Closed,Public Safety,Control Number Request for Towing,Control Number Request for Towing,,,,,,"765 McMurray Dr, Nashville, TN 37211, USA",NASHVILLE,27.0,36.05416355392701,-86.74074688449508,1788000563000,1788000563000.0,37211,63e39fc9-7ddd-4742-9e23-3a320c68632e
2120837,2274504,Closed,Other Metro Services and Forms,Clerk - Do Not Knock Registry,Clerk - Do Not Knock Registry,,,,,,"2028 Earlington Dr, Nashville, TN 37215, United States",NASHVILLE,34.0,36.06316214692618,-86.84192148802741,1787999141000,1787999141000.0,37215,7be3a100-8e18-4a42-afab-4ad586a68946
2120836,2274503,Closed,Public Safety,Control Number Request for Towing,Control Number Request for Towing,,,,,,"700 Airways Cir, Nashville, TN 37214, USA",NASHVILLE,15.0,36.1506189,-86.6803779,1787999044000,1787999044000.0,37214,c45475a9-9d28-4933-b088-3c307b844e26
2120835,2274502,New,"Streets, Roads & Sidewalks",Traffic Light Timing,Traffic Light Timing,,,,,,"US-70 & McCrory Ln, Nashville, TN 37221, USA",NASHVILLE,35.0,36.0933764,-87.0230818,1787997961000,,37221,37b487f9-284a-4989-b64b-2dcd61e8e8d0
2120834,2274501,New,"Streets, Roads & Sidewalks",Traffic Light Issue,Traffic Light Issue,,,,,,"Dickerson Pike & Hunters Ln, Nashville, TN 37207, USA",NASHVILLE,3.0,36.2776506,-86.7512306,1787997804000,,37207,c5a09ac7-97b8-4b48-b8fe-4a0ce2111f6a
2120833,2274500,Closed,Public Safety,Control Number Request for Towing,Control Number Request for Towing,,,,,,"318 54th Ave N, Nashville, TN 37209, USA",NASHVILLE,24.0,36.14962437514059,-86.85322299599648,1787996910000,1787996910000.0,37209,c7d5c673-6d57-4cdb-8809-e45663fbd6bc
2120832,2274499,Closed,"Streets, Roads & Sidewalks",Traffic Light Issue,Traffic Light Issue,,,,,,"Dickerson Pike & Hunters Ln, Nashville, TN 37207, USA",NASHVILLE,3.0,36.2776506,-86.7512306,1787996531000,1787997676000.0,37207,6e7bbffa-3eb9-40c9-b77f-c669a60cce5d
2120831,2274498,Closed,"Streets, Roads & Sidewalks",Traffic Light Issue,Traffic Light Issue,,,,,,"8898 US-70, Nashville, TN 37221, United States",NASHVILLE,35.0,36.093299775711955,-87.0230744392365,1787996150000,1787997760000.0,37221,d091ca8e-a520-4dfd-8ad6-74bc745d8bfc
2120830,2274497,Closed,Public Safety,Noise Violations,Noise Violations,,,,,,"314 Scott Ave, Nashville, TN 37206, United States",NASHVILLE,6.0,36.1871107,-86.73347040000002,1787991366000,1787994380000.0,37206,f0f50aac-4b70-4dd9-b644-d68bf6dfe5a2
2120829,2274496,Closed,Public Safety,Repossessed Vehicle,Repossessed Vehicle,,,,,,,,,,,1787989802000,1787989802000.0,,0b1c985c-bc7d-40fd-88e8-8c50c50add3d
2120828,2274495,Closed,Public Safety,Control Number Request for Towing,Control Number Request for Towing,,,,,,"I-24, Nashville, TN , United States",ANTIOCH,33.0,36.0547845,-86.674175,1787987901000,1787987901000.0,37013,e77b708c-ac5d-4700-88aa-593c9073092b
2120827,2274494,Closed,Public Safety,Repossessed Vehicle,Repossessed Vehicle,,,,,,,,,,,1787986393000,1787986393000.0,,f474b3bd-60b3-4e68-8394-bb4b2b98c91b
2120826,2274493,Closed,Public Safety,Control Number Request for Towing,Control Number Request for Towing,,,,,,"71 Trimble St, Nashville, TN 37210, United States",NASHVILLE,17.0,36.1455631,-86.75818509999999,1787985030000,1787985030000.0,37210,b138c810-6390-4eb8-bc97-75adadc2209f
2120825,2274491,Closed,Public Safety,Repossessed Vehicle,Repossessed Vehicle,,,,,,,,,,,1787983889000,1787983889000.0,,3befc914-bfb2-4a06-a0d3-496698240fb7
2120824,2274490,Closed,Public Safety,Control Number Request for Towing,Control Number Request for Towing,,,,,,"71 Trimble St, Nashville, TN 37210, United States",NASHVILLE,17.0,36.1455631,-86.75818509999999,1787983532000,1787983532000.0,37210,8e6b115c-c4ad-4508-b201-86f8884ec35c
2120823,2274489,Closed,Public Safety,Control Number Request for Towing,Control Number Request for Towing,,,,,,"71 Trimble St, Nashville, TN 37210, United States",NASHVILLE,17.0,36.1455631,-86.75818509999999,1787983073000,1787983073000.0,37210,d605042b-a6a4-47a2-b337-8603fe6db9db
2120822,2274488,New,Public Safety,Stray Animals,Stray Animals,,,,,,"809 Lower Park Pl, Nashville, TN 37013, Estados Unidos",ANTIOCH,32.0,36.035421531074526,-86.61237769244089,1787982937000,,37013,4075c404-9f31-4635-adfa-f2c7284f4ca8
2120821,2274487,Closed,Public Safety,Noise Violations,Noise Violations,,,,,,"907 Gleaves St, Nashville, TN 37203, United States",NASHVILLE,19.0,36.15116846160187,-86.78200639325406,1787982418000,1787984135000.0,37203,86f2c6ae-eb3c-4a6b-853b-425b3e94f8b6
2120820,2274486,Closed,Public Safety,Repossessed Vehicle,Repossessed Vehicle,,,,,,,,,,,1787982414000,1787982414000.0,,004bc68b-1347-4903-9a32-a91241f86f91
2120819,2274485,Closed,Public Safety,Noise Violations,Noise Violations,,,,,,"1111 Broadway, Nashville, TN 37203, United States",NASHVILLE,19.0,36.15655637160925,-86.78740591539484,1787982281000,1787986035000.0,37203,3d96f580-c49d-4ab5-bc5e-946f9aeed797
2120818,2274484,Closed,Public Safety,Control Number Request for Towing,Control Number Request for Towing,,,,,,"765 McMurray Dr, Nashville, TN 37211, United States",NASHVILLE,27.0,36.0534437,-86.74058269999999,1787981364000,1787981364000.0,37211,26bb760e-c568-4a3f-aeb0-61aa2b687b5a
2120817,2274483,Closed,Public Safety,Noise Violations,Noise Violations,,,,,,"4707 Michigan Ave, Nashville, TN 37209, United States",,,36.15866540627424,-86.84421154945179,1787979662000,1787984248000.0,,ec6f2972-afa4-4890-9b4a-5a80139d09b8
2120816,2274481,Closed,Public Safety,Control Number Request for Towing,Control Number Request for Towing,,,,,,"Hickory Hollow Pkwy, Nashville, TN 37013, USA",ANTIOCH,32.0,36.0557834,-86.6681514,1787979286000,1787979286000.0,37013,128be7ca-04a0-4f09-86ab-b45b5994f6b6
2120815,2274480,Closed,Public Safety,Control Number Request for Towing,Control Number Request for Towing,,,,,,"2495 N 16th St, Nashville, TN 37206, USA",NASHVILLE,6.0,36.195337174827095,-86.73721307626211,1787979105000,1787979105000.0,37206,6894fbba-58a0-4476-88fb-b2c47c275e39
2120814,2274479,Closed,Public Safety,Control Number Request for Towing,Control Number Request for Towing,,,,,,"Alloway St & Ridley Blvd, Nashville, TN 37203, USA",NASHVILLE,17.0,36.13723299999999,-86.7762479,1787978731000,1787978731000.0,37203,8236b278-aba0-4ed2-a389-75b082b2ba2d
2120813,2274478,Closed,Public Safety,Repossessed Vehicle,Repossessed Vehicle,,,,,,,,,,,1787978352000,1787978352000.0,,aacf625d-e4ae-4d9b-b8da-f9da953cb372
2120812,2274477,Closed,Public Safety,Noise Violations,Noise Violations,,,,,,"3957 Pepperwood Dr, Nashville, TN 37013, United States",ANTIOCH,8.0,36.0429493,-86.5812748,1787978044000,1787984723000.0,37013,29a12b86-6ded-4090-972c-490574ca7e9c
2120811,2274476,New,"Streets, Roads & Sidewalks",Sidewalks,Request New Sidewalk,,,,,,"844 Old Lebanon Dirt Rd, Hermitage, TN 37076, USA",HERMITAGE,12.0,36.1903258410274,-86.58355152234435,1787977747000,,37076,e9f63584-f024-4970-be43-0681737e246b
2120810,2274475,Closed,Public Safety,Control Number Request for Towing,Control Number Request for Towing,,,,,,"765 McMurray Dr, Nashville, TN 37211, USA",NASHVILLE,27.0,36.05335266953824,-86.74268951587555,1787977571000,1787977571000.0,37211,7487ea25-b8f2-4c39-aab0-9a0a840fe2dc
2120809,2274474,Closed,Public Safety,Noise Violations,Noise Violations,,,,,,"970 Woodland St, Nashville, TN 37206, United States",NASHVILLE,6.0,36.17674059111713,-86.75172250515959,1787977435000,1787985041000.0,37206,93625de6-f5e9-46fd-b0f6-aecded79df27
2120808,2274473,New,Property Violations,Noise Violations - Construction Noise,Noise Violations - Construction Noise,,,,,,"1700 West End Ave, Nashville, TN 37203, USA",NASHVILLE,19.0,36.15389637464281,-86.79481957107782,1787976719000,,37203,ca09e6a2-c3a4-4c2f-827f-b4256a29e877
2120807,2274472,Closed,Public Safety,Noise Violations,Noise Violations,,,,,,"2760 Murfreesboro Pike, Nashville, TN 37013, United States",ANTIOCH,29.0,36.06850907019367,-86.63043230569325,1787976710000,1787985689000.0,37013,e5a2f5af-91a5-47f4-81ba-58a76b83fd44
2120806,2274471,Closed,Public Safety,Noise Violations,Noise Violations,,,,,,"3957 Pepperwood Dr, Nashville, TN 37013, United States",ANTIOCH,8.0,36.04295263730175,-86.58127667164477,1787976547000,1787986287000.0,37013,e4ce43a6-1f2e-4b17-97f0-6f00225418b4
2120805,2274470,Closed,Public Safety,Noise Violations,Noise Violations,,,,,,"4600 Centennial Blvd, Nashville, TN 37209, United States",NASHVILLE,21.0,36.16461414378485,-86.84194350674592,1787976490000,1787986408000.0,37209,601372ad-ca4f-47d9-b8a8-0e5ba94d8d1e
2120804,2274469,Closed,Public Safety,Noise Violations,Noise Violations,,,,,,"113 17th Ave N, Nashville, TN 37203, USA",NASHVILLE,19.0,36.154428303372455,-86.7951313778758,1787976429000,1787986323000.0,37203,734a69b4-5f61-4068-acc1-733c22b43afd
2120803,2274468,Closed,Public Safety,Noise Violations,Noise Violations,,,,,,"970 Woodland St, Nashville, TN 37206, United States",NASHVILLE,6.0,36.176616583120826,-86.7517314682921,1787976081000,1787986205000.0,37206,2b8d769a-0af6-400f-8760-cc87cd91e06c
2120802,2274467,Closed,Public Safety,Request Non-Emergency Police Assistance,Request Non-Emergency Police Assistance,,,,,,"Shelby Park Naval Hill Pavilion, 1798 Sevier St, Nashville, TN 37206, USA",NASHVILLE,6.0,36.165889167352915,-86.74083609133959,1787976032000,1787980106000.0,37206,57a8b259-c724-4e15-b884-4ec66fad4a83
2120801,2274465,Assigned,"Trash, Recycling & Litter",Missed Pickup - Recycle Cart Service,Recycle - Curbside/Alley Missed Pickup,,,,,,"3316 Moorewood Dr, Nashville, TN 37207, United States",NASHVILLE,3.0,36.2419941,-86.77300369999999,1787975932000,,37207,66c3fe5c-aa5c-4572-a586-049d7904de97
2120800,2274464,Closed,Other Metro Services and Forms,Clerk - Do Not Knock Registry,Clerk - Do Not Knock Registry,,,,,,"5023 Harbor Reserve Cv, Nashville, TN 37076, United States",HERMITAGE,12.0,36.14597476513665,-86.57389298881678,1787975931000,1787975931000.0,37076,2a15ebd8-e15c-42c4-b0e9-f51b396b983d
2120799,2274463,Closed,Electric & Water General,Water Outage,Water Outage,,,,,,"400 Summit Ridge Pl, Nashville, TN 37215, United States",NASHVILLE,34.0,36.094244061577655,-86.82764655000001,1787975877000,1787987187000.0,37215,bb6518ba-abfa-4afd-babe-9a9bd8c54823
2120798,2274462,Closed,Other Metro Services and Forms,Clerk - Do Not Knock Registry,Clerk - Do Not Knock Registry,,,,,,"5023 Harbor Reserve Cv, Nashville, TN 37076, United States",HERMITAGE,12.0,36.14604172717903,-86.57388125931217,1787975769000,1787975769000.0,37076,d1a4b20b-f9e0-4fa9-b709-3dba6d1513ae
2120797,2274461,Closed,Public Safety,Noise Violations,Noise Violations,,,,,,"1910 Belcourt Ave, Nashville, TN 37212, United States",NASHVILLE,18.0,36.137187530634066,-86.79924186328633,1787975680000,1787986166000.0,37212,cad6b664-6dd6-4f0d-9845-64ce3a079b82
2120796,2274460,Closed,Public Safety,Noise Violations,Noise Violations,,,,,,"1724 Greenhart Ct, Nashville, TN 37013, United States",ANTIOCH,8.0,36.03782596490856,-86.5765580336703,1787975648000,1787986108000.0,37013,6057fc0c-1e04-4756-af32-86942e268d24
2120795,2274459,Closed,Public Safety,Control Number Request for Towing,Control Number Request for Towing,,,,,,"Main St & Neill Ave, Nashville, TN 37206, USA",NASHVILLE,5.0,36.175823,-86.75758569999999,1787975304000,1787975304000.0,37206,ec537520-eef8-4607-8fae-20feeba894b2
2120794,2274458,Closed,Electric & Water General,Water Outage,Water Outage,,,,,,"4629 Benton Smith Rd, Nashville, TN 37215, United States",NASHVILLE,34.0,36.086907220488825,-86.80996553770227,1787975224000,1787987187000.0,37215,4af68798-a1b0-4de5-a9f2-09a48ecc8e65
2120793,2274457,Closed,Public Safety,Control Number Request for Towing,Control Number Request for Towing,,,,,,"1227 Chester Ave, Nashville, TN 37206, USA",NASHVILLE,6.0,36.19507540411266,-86.73738523785636,1787975213000,1787975213000.0,37206,7f9e7561-eade-4585-8302-6e90703e4fa7
2120792,2274456,Closed,Public Safety,Repossessed Vehicle,Repossessed Vehicle,,,,,,,,,,,1787975102000,1787975102000.0,,c2a6dcb1-0635-4594-906d-67fa66b7ac1e
2120791,2274454,Assigned,"Trash, Recycling & Litter",Cart Service,Recycling - Report a Stolen Cart,,,,,,"1007 Snow Ave, Nashville, TN 37115, United States",MADISON,9.0,36.277685443815614,-86.69908840674591,1787974947000,,37115,5ad5b684-24d1-4006-a263-aeb8ecd31a9e
2120790,2274453,Closed,Public Safety,Control Number Request for Towing,Control Number Request for Towing,,,,,,"765 McMurray Dr, Nashville, TN 37211, United States",NASHVILLE,27.0,36.0534437,-86.74058269999999,1787974609000,1787974609000.0,37211,ca8303b8-e917-4552-99da-4014833c6ff9
2120789,2274452,Closed,Public Safety,Repossessed Vehicle,Repossessed Vehicle,,,,,,,,,,,1787974068000,1787974068000.0,,37afbebf-8e4d-47d9-9786-203326efac1a
2120788,2274451,Closed,Public Safety,Noise Violations,Noise Violations,,,,,,"1910 Belcourt Ave, Nashville, TN 37212, United States",NASHVILLE,18.0,36.137128858348795,-86.79941017626759,1787973560000,1787986009000.0,37212,443bb73b-ed4b-457f-a970-b9b910c3f724
2120787,2274450,Closed,Public Safety,Noise Violations,Noise Violations,,,,,,"645 Old Hickory Blvd, Nashville, TN 37209, United States",NASHVILLE,35.0,36.112922593783324,-86.92628590220801,1787973224000,1787985573000.0,37209,1a4f0654-08e3-45e9-aa9a-b0fd122fac2d
2120786,2274448,Closed,Public Safety,Request Non-Emergency Police Assistance,Request Non-Emergency Police Assistance,,,,,,"437 Monticello St, Nashville, TN 37207, United States",NASHVILLE,2.0,36.2096637,-86.7866855,1787972249000,1787984784000.0,37207,7a50df97-6aaf-48c9-8e3e-e365b09ef6b6
2120785,2274447,Assigned,"Trash, Recycling & Litter",Missed Pickup - Recycle Cart Service,Recycle - Curbside/Alley Missed Pickup,,,,,,"1062 Zophi St, Nashville, TN 37216, United States",NASHVILLE,5.0,36.20467751828849,-86.7406278510014,1787972060000,,37216,5d572a2c-cf89-4932-a506-3f712e998cdd
2120784,2274446,Closed,Public Safety,Noise Violations,Noise Violations,,,,,,"1516 Demonbreun St, Nashville, TN 37203, United States",NASHVILLE,19.0,36.15315732940731,-86.78989377099352,1787972035000,1787975314000.0,37203,b2bfe9ee-bae4-42e6-ae0d-6212cd38a129
2120783,2274444,Closed,Public Safety,Control Number Request for Towing,Control Number Request for Towing,,,,,,"765 McMurray Dr, Nashville, TN 37211, USA",NASHVILLE,27.0,36.05440032165159,-86.7411989741049,1787971537000,1787971537000.0,37211,e85fc52d-f1ce-422e-9d5b-968c9ab2395c
2120782,2274443,Closed,Public Safety,Control Number Request for Towing,Control Number Request for Towing,,,,,,"3296 Anderson Rd, Antioch, TN 37013, USA",ANTIOCH,29.0,36.08038944223978,-86.60659287124872,1787971389000,1787971389000.0,37013,b762c21c-5a80-48b8-83be-4b9c0dd3434f
2120781,2274442,Assigned,"Trash, Recycling & Litter",Missed Pickup - Trash Cart Service,Trash - Curbside/Alley Missed Pickup,,,,,,"2302 20th Ave S, Nashville, TN 37212, United States",NASHVILLE,18.0,36.12861136159227,-86.8005599,1787971333000,,37212,ce4021c0-7f6f-4a4c-b100-589c98f513e2
2120780,2274441,Closed,Public Safety,Repossessed Vehicle,Repossessed Vehicle,,,,,,,,,,,1787970393000,1787970393000.0,,5fb25395-d7fd-4f0a-afd9-c141157f1f91
2120779,2274440,New,Property Violations,Tall Grass and Weeds,Tall Grass and Weeds,,,,,,"1472 Aaronwood Dr, Old Hickory, TN 37138, USA",OLD HICKORY,11.0,36.2164389,-86.6268181,1787970065000,,37138,2a10c2dd-a9ed-45e5-abc1-b843c84aa3b1
2120778,2274439,Closed,Public Safety,Noise Violations,Noise Violations,,,,,,"3957 Pepperwood Dr, Nashville, TN 37013, United States",ANTIOCH,8.0,36.0429493,-86.5812748,1787969604000,1787986666000.0,37013,2671fcc5-a275-41c2-b678-3fe8a544967c
2120777,2274437,Closed,Public Safety,Noise Violations,Noise Violations,,,,,,"1724 Greenhart Ct, Nashville, TN 37013, United States",ANTIOCH,8.0,36.0378736,-86.5765393,1787969183000,1787986501000.0,37013,2a5564a9-185b-40bb-a105-bf4ce4a3f978
2120776,2274436,Closed,Public Safety,Repossessed Vehicle,Repossessed Vehicle,,,,,,,,,,,1787968841000,1787968841000.0,,5301c9e8-61c7-444c-bea6-242f3a369dc1
2120775,2274435,Closed,Public Safety,Control Number Request for Towing,Control Number Request for Towing,,,,,,"765 McMurray Dr, Nashville, TN 37211, USA",NASHVILLE,27.0,36.05421438779066,-86.74077818126499,1787968344000,1787968344000.0,37211,2e0af642-4027-40b1-a033-4a280e319812
2120774,2274434,Assigned,"Trash, Recycling & Litter",Missed Pickup - Recycle Cart Service,Recycle - Curbside/Alley Missed Pickup,,,,,,1066A Zophi Street,NASHVILLE,5.0,36.204675661624606,-86.7403088067459,1787968203000,,37216,ddae3629-ce63-443a-baea-86b03f3d6783
2120773,2274433,Closed,Public Safety,Control Number Request for Towing,Control Number Request for Towing,,,,,,"500 Rep. John Lewis Way N, Nashville, TN 37219, USA",NASHVILLE,19.0,36.16827832392603,-86.7830191925168,1787968170000,1787968170000.0,37219,2fd381e0-778d-4a10-bc52-efdf535681cc
2120772,2274432,Closed,Public Safety,Noise Violations,Noise Violations,,,,,,"141 Charles E Davis Blvd, Nashville, TN 37210, United States",NASHVILLE,17.0,36.15345853512848,-86.76165100674591,1787968170000,1787986380000.0,37210,87f3d130-adb9-4e23-8d9e-16a7d9f02725
2120771,2274431,Assigned,"Trash, Recycling & Litter",Missed Pickup - Trash Cart Service,Trash - Curbside/Alley Missed Pickup,,,,,,"1510 Dugger Dr, Nashville, TN 37206, USA",NASHVILLE,7.0,36.1938772,-86.7125523,1787968106000,,37206,7992f880-292f-464a-bec4-233871f91c6a
2120770,2274430,New,Other Metro Services and Forms,Other,Other,,,,,,"1110 Caruthers Ave, Nashville, TN 37204, United States",NASHVILLE,18.0,36.125953897145415,-86.78882349881414,1787967655000,,37204,f5e0ce0e-68e4-4ba0-aece-396e11eddfc6
2120769,2274429,Closed,Public Safety,Request Non-Emergency Police Assistance,Request Non-Emergency Police Assistance,,,,,,"97 Wallace Rd, Nashville, TN 37211, United States",NASHVILLE,30.0,36.084342338866534,-86.70052776823248,1787967302000,1787987335000.0,37211,076647a0-7abd-4d80-bf25-a3e79d2b6fa2
2120768,2274428,New,Property Violations,Tenant Complaint,Tenant Complaint,,,,,,"595 Hicks Rd, Nashville, TN 37221, United States",NASHVILLE,22.0,36.08375805691236,-86.93638489169243,1787967195000,,37221,928f8e51-7700-4ada-9ff0-225e7925ba0a
2120767,2274427,Closed,Public Safety,Noise Violations,Noise Violations,,,,,,"603 51st Ave N, Nashville, TN 37209, United States",NASHVILLE,20.0,36.154463,-86.848952,1787966715000,1787985544000.0,37209,ba62c7e3-4898-4ec1-ad31-3b63c9906263
2120766,2274426,Closed,Public Safety,Control Number Request for Towing,Control Number Request for Towing,,,,,,"516 Lea Ave, Nashville, TN 37203, United States",NASHVILLE,19.0,36.1539123,-86.7752737,1787966077000,1787966077000.0,37203,4e436bae-05d2-4bdd-9dc5-1bfcf71b14a8
2120765,2274425,Assigned,"Trash, Recycling & Litter",Cart Service,Trash - Report a Damaged Cart,,,,,,"501 N Marthona Rd, Nashville, TN 37115, United States",MADISON,3.0,36.2654164,-86.7304884,1787965996000,,37115,1f28b8b9-c312-458d-bcf1-a0ba17091628
2120764,2274424,Closed,Public Safety,Control Number Request for Towing,Control Number Request for Towing,,,,,,"516 Lea Ave, Nashville, TN 37203, United States",NASHVILLE,19.0,36.1539123,-86.7752737,1787965341000,1787965341000.0,37203,84f812f5-577c-4d56-a4b5-50414a926c1e
2120763,2274423,New,Property Violations,Home Occupation Reporting,Home Occupation Reporting,,,,,,"1501 Meadow Bend Dr, Nashville, TN 37115, Estados Unidos",MADISON,9.0,36.248284011643214,-86.67684349325408,1787965213000,,37115,455250b3-0928-4447-8cef-cb1991913f9e
2120762,2274422,Closed,Public Safety,Improperly Parked Vehicles,Improperly Parked Vehicles,,,,,,"121 S 11th St, Nashville, TN 37206, USA",NASHVILLE,6.0,36.17612992639333,-86.74997471272945,1787964878000,1787972566000.0,37206,233bee4d-8c98-449b-b87b-f7cb1d0c30a4
2120761,2274421,Assigned,"Trash, Recycling & Litter",Missed Pickup - Trash Cart Service,Trash - Curbside/Alley Missed Pickup,,,,,,"1213 N 6th St, Nashville, TN 37207, United States",NASHVILLE,5.0,36.193290845788844,-86.76031479325408,1787964543000,,37207,95382c61-4687-4b83-a2c3-7c5bba0af3af
2120760,2274420,New,Public Safety,Improperly Parked Vehicles,Improperly Parked Vehicles,,,,,,"5053 Smith Springs Pkwy, Nashville, TN 37013, United States",ANTIOCH,8.0,36.065867853336954,-86.58207775653308,1787964001000,,37013,3e7edeea-d5c0-4189-840d-30c7b6c440b9
2120759,2274419,New,Public Safety,Improperly Parked Vehicles,Improperly Parked Vehicles,,,,,,"5576 Dory Dr, Nashville, TN 37013, United States",ANTIOCH,8.0,36.065086676643546,-86.58311489197094,1787963645000,,37013,22d4b354-0da4-4f48-be1e-855a2ecb6e1f
2120758,2274418,Closed,Public Safety,Noise Violations,Noise Violations,,,,,,"908 N 5th St, Nashville, TN 37207, United States",NASHVILLE,5.0,36.187027384582485,-86.7634292433148,1787962742000,1787963366000.0,37207,de1c8c65-3161-4506-bc14-93582902da00
2120757,2274417,New,"Trash, Recycling & Litter",Cart Service,Recycling - Report a Damaged Cart,,,,,,"122 Vandiver Dr, Nashville, TN 37115, United States",MADISON,9.0,36.264564,-86.6784965,1787962650000,,37115,bfd7ab1d-9924-484f-8938-19c979216ceb
2120756,2274416,Closed,Public Safety,Control Number Request for Towing,Control Number Request for Towing,,,,,,"501 Gallatin Pike N, Madison, TN 37115, USA",MADISON,9.0,36.2673636,-86.7114383,1787962607000,1787962607000.0,37115,b5a6368e-b93c-418c-ac00-9fd21b8bcc06
2120755,2274415,Closed,Public Safety,Control Number Request for Towing,Control Number Request for Towing,,,,,,"2900 Baby Ruth Ln, Antioch, TN 37013, USA",ANTIOCH,32.0,36.04474702641147,-86.63883550226143,1787962564000,1787962564000.0,37013,2b47a91a-79bc-481a-ad64-a550a49a295d
2120754,2274414,Closed,Public Safety,Noise Violations,Noise Violations,,,,,,"820 4th Ave N, Nashville, TN 37219, United States",NASHVILLE,19.0,36.171781066659065,-86.78398733188847,1787962375000,1787963466000.0,37219,bfebed3f-873d-4b7a-9655-5eb27c2d1616
2120753,2274413,Assigned,"Trash, Recycling & Litter",Missed Pickup - Trash Cart Service,Trash - Curbside/Alley Missed Pickup,,,,,,"1523A Wayne Dr, Nashville, TN 37206, United States",NASHVILLE,7.0,36.19481211162043,-86.71572869325408,1787962320000,,37206,f684d302-6e4f-4952-bfdb-9476e3b9ddfb
2120752,2274412,New,Property Violations,Noise Violations - Construction Noise,Noise Violations - Construction Noise,,,,,,"820 4th Ave N, Nashville, TN 37219, United States",NASHVILLE,19.0,36.1711501,-86.78351719999999,1787962064000,,37219,d3c1b516-be53-42ed-99a3-95e37e9b776c
2120751,2274408,New,Property Violations,Tall Grass and Weeds,Tall Grass and Weeds,,,,,,"35 Fairfield Ave, Nashville, TN 37210, USA",NASHVILLE,17.0,36.148714191269306,-86.75732664763927,1787961708000,,37210,505759ca-f484-4089-aa85-2cd3dbb26a3e
2120750,2274405,Assigned,"Trash, Recycling & Litter",Missed Pickup - Trash Cart Service,Trash - Curbside/Alley Missed Pickup,,,,,,"1914 Sweetbriar Ave, Nashville, TN 37212, United States",NASHVILLE,18.0,36.1258478,-86.8019415,1787961504000,,37212,522cecb7-193d-40ec-a8e0-917638454bda
2120749,2274404,New,Public Safety,Improperly Parked Vehicles,Improperly Parked Vehicles,,,,,,"318 54th Ave N, Nashville, TN 37209, United States",NASHVILLE,24.0,36.14976950608484,-86.85297779325408,1787961387000,,37209,bae36b4b-63d8-4ef1-9f5d-808c0757799e
2120748,2274403,Assigned,"Trash, Recycling & Litter",Missed Pickup - Trash Cart Service,Trash - Curbside/Alley Missed Pickup,,,,,,"1149 Kirkland Ave, Nashville, TN 37216, United States",NASHVILLE,7.0,36.2081975,-86.7290798,1787961386000,,37216,25bafec5-ecd6-45b4-9587-842bee84a9a2
2120747,2274402,New,"Streets, Roads & Sidewalks",Sidewalks,Damaged Sidewalk,,,,,,"220 Cliffdale Rd, Nashville, TN 37214, United States",NASHVILLE,15.0,36.171076755695104,-86.66647136989144,1787961237000,,37214,59891547-55c7-42de-8db2-43d0bb945ad4
2120746,2274401,New,Property Violations,Junk and Debris,Junk and Debris,,,,,,"1316 Hawkins St, Nashville, TN 37203, USA",NASHVILLE,17.0,36.149246997035675,-86.78832963109016,1787961215000,,37203,fc77bdf7-01b9-46a7-860d-caf4dbb09088
2120745,2274400,Closed,Public Safety,Noise Violations,Noise Violations,,,,,,"4501 Packard Dr, Antioch, TN 37013, USA",NASHVILLE,30.0,36.0642739,-86.6882852,1787961188000,1787963566000.0,37211,2ac4ef19-2f6a-428d-ab43-2205c213f74b
2120744,2274399,New,Property Violations,Junk and Debris,Junk and Debris,,,,,,"418 Tampa Dr, Nashville, TN 37211, USA",NASHVILLE,30.0,36.0896202,-86.7150031,1787961105000,,37211,61858422-61c6-4bd3-aeb9-fc0c596588ff
2120743,2274398,Closed,Public Safety,Narcotics/Prostitution/Loitering,Narcotics/Prostitution/Loitering,,,,,,"154 Rep. John Lewis Way N, Nashville, TN 37219, United States",NASHVILLE,19.0,36.16274435852658,-86.7794041044361,1787961007000,1787961173000.0,37219,b3c10113-7f36-4eba-8bed-e2632fca05cb
2120742,2274397,Closed,Public Safety,Control Number Request for Towing,Control Number Request for Towing,,,,,,"1814 Hayes St, Nashville, TN 37203, USA",NASHVILLE,19.0,36.1536547,-86.7980584,1787960805000,1787960805000.0,37203,8b8530e9-8345-4b60-9b0c-1a66ec2359cf
2120741,2274396,Assigned,"Trash, Recycling & Litter",Missed Pickup - Recycle Cart Service,Recycle - Curbside/Alley Missed Pickup,,,,,,"1313 Alderwood Pass, Nashville, TN 37207, United States",NASHVILLE,2.0,36.230429,-86.79770789999999,1787960804000,,37207,d5cbaa49-455e-4dbf-add8-01cf0bd2cea8
2120740,2274395,Assigned,"Trash, Recycling & Litter",Missed Pickup - Trash Cart Service,Trash - Curbside/Alley Missed Pickup,,,,,,"1610 Woodland St, Nashville, TN 37206, USA",NASHVILLE,6.0,36.176565649391364,-86.74099065363407,1787960705000,,37206,7fe78391-6691-41bc-aca0-0f7bd269efda
2120739,2274394,Closed,Public Safety,Control Number Request for Towing,Control Number Request for Towing,,,,,,"605 Barlin Dr, Nashville, TN 37221, United States",NASHVILLE,22.0,36.0676193,-86.9411856,1787960633000,1787960633000.0,37221,75ff7bc2-68ea-4194-b12c-1e1060e066ff
2120738,2274393,Closed,Public Safety,Control Number Request for Towing,Control Number Request for Towing,,,,,,"1501 Herman St, Nashville, TN 37208, USA",NASHVILLE,19.0,36.1656383,-86.7990992,1787960550000,1787960550000.0,37208,0e697a6d-a24f-4928-9d6b-ada1a8b2df18
2120737,2274392,New,Other Metro Services and Forms,Other,Other,,,,,,"1926 Mahala Dr, Nashville, TN 37076, United States",HERMITAGE,11.0,36.2020319,-86.5818269,1787960428000,,37076,22f66f4b-67c4-4a7e-b8b2-008fd84690c7
2120736,2274391,Closed,Public Safety,Request Non-Emergency Police Assistance,Request Non-Emergency Police Assistance,,,,,,"154 Rep. John Lewis Way N, Nashville, TN 37219, United States",NASHVILLE,19.0,36.16327567388274,-86.78013054002945,1787960242000,1787966224000.0,37219,8cd67578-da1d-492e-bcfa-fe043ed70cd0
2120735,2274390,Closed,Public Safety,Control Number Request for Towing,Control Number Request for Towing,,,,,,"1913 Hermosa St, Nashville, TN 37208, United States",NASHVILLE,21.0,36.163524,-86.8080717,1787960214000,1787960214000.0,37208,b11576c7-f211-472d-9515-3dacf2bb38c0
2120734,2274389,New,"Trash, Recycling & Litter",Litter,Street or Roadway,,,,,,"1600 Division St, Nashville, TN 37203, United States",NASHVILLE,19.0,36.152240148857004,-86.79180475422929,1787960075000,,37203,27daa159-097c-4e07-a862-fb0a8b2918d6
2120733,2274388,Assigned,"Trash, Recycling & Litter",Missed Pickup - Recycle Cart Service,Recycle - Curbside/Alley Missed Pickup,,,,,,"4404 Graycroft Ave, Nashville, TN 37216, United States",NASHVILLE,7.0,36.2304371,-86.7374383,1787960040000,,37216,0cdd1659-5db8-4bd3-bfc2-20119faea745
2120732,2274387,New,Property Violations,Junk and Debris,Junk and Debris,,,,,,"353 Margo Ln, Nashville, TN 37211, USA",NASHVILLE,30.0,36.0702283,-86.7043048,1787960020000,,37211,9e957a0c-b421-4f9f-b40f-be48ce6c09df
2120731,2274386,New,"Streets, Roads & Sidewalks",Mowing on right of way,Roadway,,,,,,"3900 Michigan Ave, Nashville, TN 37209, USA",NASHVILLE,21.0,36.15963394416413,-86.83395199477673,1787959874000,,37209,3b0a5510-970f-4e12-bbf5-8eb603e9b386
2120730,2274385,Closed,Public Safety,Control Number Request for Towing,Control Number Request for Towing,,,,,,"455 Swiss Ave, Nashville, TN 37211, USA",NASHVILLE,4.0,36.0399426,-86.7184614,1787959817000,1787959817000.0,37211,18f59584-de8f-4b43-96f2-556f4806a52d
2120729,2274384,New,"Streets, Roads & Sidewalks",Traffic Light Issue,Traffic Light Issue,,,,,,"2764 Lebanon Pike, Nashville, TN 37214, USA",NASHVILLE,15.0,36.16762495313337,-86.6633179038763,1787959558000,,37214,a2871ed9-d9a8-4875-bf98-860c1ba779f9
2120728,2274383,New,Property Violations,Door to Door Solicitation Violations,Door to Door Solicitation Violations,,,,,,,,,,,1787959544000,,,5690cba6-8d08-4918-9579-40c78e4b824f
2120727,2274381,Assigned,"Trash, Recycling & Litter",Missed Pickup - Trash Cart Service,Trash - Curbside/Alley Missed Pickup,,,,,,"1621 Lethia Dr, Nashville, TN 37206, United States",NASHVILLE,6.0,36.1956228,-86.70410729999999,1787959455000,,37206,16ec2d18-8ee7-4fb5-ab75-306b2105cad8
2120726,2274380,Closed,Public Safety,Noise Violations,Noise Violations,,,,,,"132-178 Opry Pl, Nashville, TN 37219, USA",NASHVILLE,19.0,36.161176483747965,-86.77895614877343,1787959249000,1787960271000.0,37203,c6732355-6a8a-4404-b0ec-924b2e53c7e4
2120725,2274379,Assigned,"Trash, Recycling & Litter",Missed Pickup - Trash Cart Service,Trash - Backdoor,,,,,,"1308 Porter Rd, Nashville, TN 37206, United States",NASHVILLE,6.0,36.19037764039647,-86.7286048067459,1787959249000,,37206,47ddf633-668d-409b-be49-19136490c8f7
2120724,2274378,Closed,Public Safety,Request Non-Emergency Police Assistance,Request Non-Emergency Police Assistance,,,,,,"320 54th Ave N, Nashville, TN 37209, USA",NASHVILLE,24.0,36.1499414,-86.8530026,1787959017000,1787963619000.0,37209,e0280eea-1e75-45db-bea8-93bbfd0f5580
2120723,2274377,Closed,Other Metro Services and Forms,Clerk - Do Not Knock Registry,Clerk - Do Not Knock Registry,,,,,,"1816 Castleman Dr, Nashville, TN 37215, USA",NASHVILLE,25.0,36.097439,-86.8091706,1787958865000,1787958865000.0,37215,3dc09370-4591-428e-9fc4-600f3a2ab939
2120722,2274376,Assigned,"Trash, Recycling & Litter",Missed Pickup - Recycle Cart Service,Recycle - Curbside/Alley Missed Pickup,,,,,,"6111 Louisiana Ave, Nashville, TN 37209, United States",NASHVILLE,20.0,36.16443325847168,-86.8630023067459,1787958801000,,37209,80442e83-2c1e-4ce6-8e43-1525b523e080
2120721,2274374,Assigned,"Trash, Recycling & Litter",Missed Pickup - Trash Cart Service,Trash - Curbside/Alley Missed Pickup,,,,,,"1038 Sharpe Ave, Nashville, TN 37206, United States",NASHVILLE,5.0,36.18940106161812,-86.74722634999998,1787958763000,,37206,5d58780c-db0d-41b9-8f00-433be7959791
2120720,2274372,Assigned,"Trash, Recycling & Litter",Cart Service,Trash - Report a Damaged Cart,,,,,,"1311 Stratford Ave, Nashville, TN 37216, United States",NASHVILLE,7.0,36.21388,-86.7235354,1787958681000,,37216,d1dcd982-bf93-4855-858a-4325ab311d9b
2120719,2274370,Closed,Public Safety,Request Non-Emergency Police Assistance,Request Non-Emergency Police Assistance,,,,,,"319 54th Ave N, Nashville, TN 37209, USA",NASHVILLE,24.0,36.1494566,-86.854109,1787958488000,1787962413000.0,37209,3399b388-d71e-4b1d-8076-65156f043f70
2120718,2274368,Closed,Public Safety,Control Number Request for Towing,Control Number Request for Towing,,,,,,"6th Ave N & Jr Gilliam Wy, Nashville, TN 37208, USA",NASHVILLE,19.0,36.1724058,-86.78772339999999,1787958044000,1787958044000.0,37208,5e08466d-befb-4bfe-b078-12e281638d9f
2120717,2274366,Closed,Public Safety,Narcotics/Prostitution/Loitering,Narcotics/Prostitution/Loitering,,,,,,"1107 Wade Ave, Nashville, TN 37203, United States",NASHVILLE,17.0,36.1365319,-86.78733849999999,1787957832000,1787963283000.0,37203,93587c80-602a-4c19-a25a-401952b8001a
2120716,2274365,New,Other Metro Services and Forms,Other,Other,,,,,,"2712 Alvin Sperry Rd, Mt. Juliet, TN 37122, United States",MOUNT JULIET,12.0,36.14577851159956,-86.56490160674589,1787957762000,,37122,aa291837-4893-40ee-a37d-d507603877a1
2120715,2274364,New,Public Safety,Improperly Parked Vehicles,Improperly Parked Vehicles,,,,,,"901 2nd Ave N, Nashville, TN 37201, USA",NASHVILLE,19.0,36.17271549995404,-86.78195603191853,1787957699000,,37210,94f69b1f-1a3b-4146-b729-20596a9c6813
2120714,2274362,New,Permits,Building Permits,Building Permits,,,,,,"2908 12th Ave S, Nashville, TN 37204, United States",NASHVILLE,18.0,36.12098933716786,-86.79011769325409,1787957400000,,37204,c3705ad5-48ff-40c8-a2a3-a46bb7a2734c
2120713,2274360,Assigned,"Trash, Recycling & Litter",Missed Pickup - Recycle Cart Service,Recycle - Curbside/Alley Missed Pickup,,,,,,"1215 N 8th St, Nashville, TN 37207, United States",NASHVILLE,5.0,36.1932388,-86.75758569999999,1787957332000,,37207,a41a111a-22dc-472f-a224-e75b009ab5a0
2120712,2274359,Closed,Public Safety,Repossessed Vehicle,Repossessed Vehicle,,,,,,,,,,,1787957229000,1787957229000.0,,d1a8df57-c62c-42a7-b6a1-23a1be114a05
2120711,2274358,New,Other Metro Services and Forms,Other,Other,,,,,,"2712 Alvin Sperry Pass, Mt. Juliet, TN 37122, United States",MOUNT JULIET,12.0,36.14587596146869,-86.56484865831959,1787957182000,,37122,2ee76264-4cd0-4763-a10c-9e65f2555e79
2120710,2274357,Assigned,"Trash, Recycling & Litter",Cart Service,Trash - Report a Damaged Cart,,,,,,"1203 Ardee Ave, Nashville, TN 37216, United States",NASHVILLE,7.0,36.21755833295891,-86.7233979176626,1787957099000,,37216,601b945e-e528-4495-8af2-36ed89baeb97
2120709,2274356,New,Public Safety,Abandoned Vehicles,Abandoned Vehicles - Public Property,,,,,,"1103 Wade Ave, Nashville, TN 37203, United States",NASHVILLE,17.0,36.13669625896158,-86.78697977782589,1787956831000,,37203,bf7fd96f-f211-44a8-8dd0-4e30a76e38f3
2120708,2274355,New,Property Violations,Residential Complaint,Residential Complaint,,,,,,"1930 Laurinda Dr, Nashville, TN 37217, United States",NASHVILLE,13.0,36.1407791568617,-86.70336420615679,1787956824000,,37217,0bf88d89-d6c4-4d2c-9e36-3bf9ae7f792a
2120707,2274354,Assigned,"Trash, Recycling & Litter",Missed Pickup - Recycle Cart Service,Recycle - Curbside/Alley Missed Pickup,,,,,,"251 Lovell St, Nashville, TN 37115, United States",MADISON,9.0,36.2683149,-86.7070864,1787956810000,,37115,28f3e26e-585f-4a07-a56a-d9674c47995d
2120706,2274353,New,Property Violations,Tall Grass and Weeds,Tall Grass and Weeds,,,,,,"1600 Arthur Ave, Nashville, TN 37208, USA",NASHVILLE,19.0,36.17694074638532,-86.80027484893799,1787956538000,,37208,f052df53-7e96-4d55-80f7-77553e712cba
2120705,2274352,New,"Streets, Roads & Sidewalks",Paving Request,Request Road to be Paved,,,,,,"5257 Rice Rd, Antioch, TN 37013, USA",ANTIOCH,32.0,36.06461008579899,-86.63825685158372,1787956427000,,37013,d3a911d1-5c8f-4847-add4-fcbabc80a1b0
2120704,2274351,Assigned,"Trash, Recycling & Litter",Missed Pickup - Trash Cart Service,Trash - Curbside/Alley Missed Pickup,,,,,,"406 Myrtle St, Nashville, TN 37206, United States",NASHVILLE,5.0,36.1810788,-86.75786099999999,1787956339000,,37206,bb20f257-7c51-4e08-bd9a-ce790fab60f9
2120703,2274350,Assigned,"Trash, Recycling & Litter",Missed Pickup - Trash Cart Service,Trash - Curbside/Alley Missed Pickup,,,,,,"1024 Sharpe Ave, Nashville, TN 37206, United States",NASHVILLE,5.0,36.1893914,-86.7484188,1787956331000,,37206,3166af46-ec04-420f-9318-dc68f70a7056
2120702,2274349,Closed,Public Safety,Improperly Parked Vehicles,Improperly Parked Vehicles,,,,,,"308 Douglas Ave, Nashville, TN 37207, United States",NASHVILLE,5.0,36.19382556197989,-86.76662803338672,1787956289000,1787994183000.0,37207,9935159e-f77d-458d-b134-79bc81c8a2c3
2120701,2274348,New,"Streets, Roads & Sidewalks",Overgrowth on right of way,Roadway,,,,,,"3016 Lakeshore Dr, Nashville, TN 37138, United States",OLD HICKORY,11.0,36.24569433592869,-86.63339798777774,1787956161000,,37138,9578f533-3a77-46c3-9700-34c2aff24201
2120700,2274347,New,Public Safety,Improperly Parked Vehicles,Improperly Parked Vehicles,,,,,,"821 Marina St, Nashville, TN 37206, United States",NASHVILLE,5.0,36.1809414,-86.75972639999999,1787955925000,,37206,10c7c878-9c18-4e29-9f15-f1448cfe3f3c
2120699,2274344,Closed,Public Safety,Control Number Request for Towing,Control Number Request for Towing,,,,,,"2176 Carson St, Nashville, TN 37211, United States",NASHVILLE,16.0,36.1286923,-86.7527781,1787955623000,1787955623000.0,37211,397d1b49-ec3a-4aeb-a8bd-5e4e5e132f7d
2120698,2274342,Closed,Public Safety,Control Number Request for Towing,Control Number Request for Towing,,,,,,"Nolensville Pk, Nashville, TN, USA",NASHVILLE,27.0,36.0629072,-86.7170258,1787955547000,1787955547000.0,37211,313f2fa8-15f6-4e62-963f-894c1b8a186b
2120697,2274340,Assigned,"Trash, Recycling & Litter",Missed Pickup - Trash Cart Service,Trash - Curbside/Alley Missed Pickup,,,,,,"625 7th Ave S, Nashville, TN 37203, USA",NASHVILLE,19.0,36.15201300223328,-86.77792366594076,1787955494000,,37203,be580b39-01de-40bc-9e55-a159bc93429c
2120696,2274339,Closed,Public Safety,Control Number Request for Towing,Control Number Request for Towing,,,,,,"Nolensville Pk, Nashville, TN, USA",NASHVILLE,27.0,36.0629072,-86.7170258,1787955426000,1787955426000.0,37211,16b0bf67-c8a0-4f83-a616-574486c2ffab
2120695,2274337,Closed,"Trash, Recycling & Litter",Missing Trash Cart,,,,,,,"105C Hart Ln, Nashville, TN 37207, United States",NASHVILLE,5.0,36.22174404116125,-86.7601455205727,1787954983000,1788008994000.0,37207,b2183cc8-f333-48b1-bd54-b84e586df36c
2120694,2274335,New,"Streets, Roads & Sidewalks",Traffic Light Issue,Traffic Light Issue,,,,,,"Southlake Dr, Nashville, TN 37211, United States",NASHVILLE,16.0,36.1048254,-86.7289772,1787954494000,,37211,9797475d-b46c-4e7c-b7c5-5db9c8c98b8c
2120693,2274334,New,"Streets, Roads & Sidewalks",Dead Animal Pickup,Roadway,,,,,,"4555 Trousdale Dr, Nashville, TN 37204, United States",NASHVILLE,26.0,36.08657879698797,-86.75395489093312,1787954454000,,37204,ab32a475-9ddd-41e3-9ce1-3cca42b1e39f
2120692,2274333,Closed,Resolved by hubNashville on First Call,Resolved by hubNashville on First Call,Resolved by hubNashville on First Call,,,,,,,,,,,1787954434000,1787954434000.0,,074405db-962a-4df9-b2a7-aeb51148c901
2120691,2274332,Closed,Resolved by hubNashville on First Call,Resolved by hubNashville on First Call,Resolved by hubNashville on First Call,,,,,,,,,,,1787954419000,1787954419000.0,,e0df03bc-c652-4ea5-915d-d7ad8f92ca40
2120690,2274328,Closed,Public Safety,Request Non-Emergency Police Assistance,Request Non-Emergency Police Assistance,,,,,,"1218 Bubbling Well Rd, Nashville, TN 37115, United States",MADISON,9.0,36.2603784,-86.6802665,1787954382000,1787955899000.0,37115,75919f44-5a39-4155-abeb-5a72d58fd0af
2120689,2274327,New,Property Violations,Junk and Debris,Junk and Debris,,,,,,"14 Claiborne St, Nashville, TN 37210, United States",NASHVILLE,17.0,36.147070821575625,-86.7615569820631,1787954314000,,37210,e9df087e-1e89-4eaa-ad76-507fc1b4ec20
2120688,2274326,Closed,Resolved by hubNashville on First Call,Resolved by hubNashville on First Call,Resolved by hubNashville on First Call,,,,,,,,,,,1787954308000,1787954308000.0,,461429b9-5249-4a5b-bc03-9173e06030c7
2120687,2274325,Assigned,"Trash, Recycling & Litter",Missed Pickup - Recycle Cart Service,Recycle - Curbside/Alley Missed Pickup,,,,,,"1009 S Graycroft Ave, Nashville, TN 37115, United States",MADISON,3.0,36.2540648,-86.73319699999999,1787954306000,,37115,909a2d31-c594-4d59-b229-55119a60ebb8
2120686,2274324,Closed,Other Metro Services and Forms,Clerk - Do Not Knock Registry,Clerk - Do Not Knock Registry,,,,,,"612 Dutchmans Dr, Nashville, TN 37076, United States",HERMITAGE,14.0,36.2055658,-86.60077340000001,1787953981000,1787953981000.0,37076,60b8d762-8b40-4b44-b742-017511a8a008
2120685,2274323,Closed,Resolved by hubNashville on First Call,Resolved by hubNashville on First Call,Resolved by hubNashville on First Call,,,,,,,,,,,1787953794000,1787953794000.0,,4306f5c0-acf1-4c80-b8fb-a96840f0b819
2120684,2274322,Assigned,"Trash, Recycling & Litter",Missed Pickup - Trash Cart Service,Trash - Curbside/Alley Missed Pickup,,,,,,"2009 Riverside Dr, Nashville, TN 37216, United States",NASHVILLE,7.0,36.2005109,-86.7225155,1787953760000,,37216,583aee97-6746-45eb-9939-f2540422d1a4
2120683,2274321,Closed,Resolved by hubNashville on First Call,Resolved by hubNashville on First Call,Resolved by hubNashville on First Call,,,,,,,,,,,1787953488000,1787953488000.0,,888855b8-d940-4554-96c3-ed5596da2e89
2120682,2274318,Closed,Public Safety,Control Number Request for Towing,Control Number Request for Towing,,,,,,"2901 Old Franklin Rd, Antioch, TN 37013, USA",ANTIOCH,32.0,36.0407032,-86.63530659999999,1787953413000,1787953413000.0,37013,9025fac3-f3ef-41b1-b582-7b75695932bf
2120681,2274317,Assigned,"Trash, Recycling & Litter",Missed Pickup - Trash Cart Service,Trash - Curbside/Alley Missed Pickup,,,,,,"103 Hanover Square, Nashville, TN 37215, United States",NASHVILLE,24.0,36.123873553703795,-86.83194928338663,1787953198000,,37215,f4edf769-f7cf-408a-a68d-ea4663ba4265
2120680,2274316,Closed,Resolved by hubNashville on First Call,Resolved by hubNashville on First Call,Resolved by hubNashville on First Call,,,,,,,,,,,1787953133000,1787953133000.0,,9aa1bd3a-0235-4dd2-b165-d8a8aa77450d
2120679,2274314,Closed,Resolved by hubNashville on First Call,Resolved by hubNashville on First Call,Resolved by hubNashville on First Call,,,,,,,,,,,1787952949000,1787952949000.0,,0e2d13da-b957-41e2-97dc-338b2aac8eb6
2120678,2274313,Closed,Resolved by hubNashville on First Call,Resolved by hubNashville on First Call,Resolved by hubNashville on First Call,,,,,,,,,,,1787952915000,1787952915000.0,,3cf00d0e-62f2-445e-862a-74a1a193bb60
2120677,2274311,Assigned,"Trash, Recycling & Litter",File a Trash or Recycling Complaint,Trash collection Complaint,,,,,,"854 Youngs Ln, Nashville, TN 37207, United States",NASHVILLE,2.0,36.20339,-86.8043667,1787952807000,,37207,b2f3fe9f-f15f-43fe-ba6d-845cbf5989ab
2120676,2274310,New,Parks and Environment,Maintenance Request,Mechanical Request,,,,,,"222 25th Ave N, Nashville, TN 37203, United States",NASHVILLE,21.0,36.150253214592965,-86.80894560000002,1787952784000,,37203,bbcc527d-dbee-4fb9-aa62-eed1aa0655d6
2120675,2274308,Closed,Resolved by hubNashville on First Call,Resolved by hubNashville on First Call,Resolved by hubNashville on First Call,,,,,,,,,,,1787952692000,1787952692000.0,,053e8d75-7b24-40a0-82db-30e6393eefc6
2120674,2274306,Assigned,"Trash, Recycling & Litter",Missed Pickup - Recycle Cart Service,Recycle - Curbside/Alley Missed Pickup,,,,,,"3258 Vailview Dr, Nashville, TN 37207, United States",NASHVILLE,3.0,36.2382427,-86.7688258,1787952677000,,37207,1d66e5bb-4495-482d-bcb1-153d7ab7e0c1
2120673,2274304,Closed,Resolved by hubNashville on First Call,Resolved by hubNashville on First Call,Resolved by hubNashville on First Call,,,,,,,,,,,1787952564000,1787952564000.0,,c3b5b11c-d1cb-4385-9c4c-fe1b36daf180
2120672,2274301,Closed,Resolved by hubNashville on First Call,Resolved by hubNashville on First Call,Resolved by hubNashville on First Call,,,,,,,,,,,1787952445000,1787952445000.0,,f7b2fa20-f35c-43ef-8907-4543627dd06b
2120671,2274300,Closed,Resolved by hubNashville on First Call,Resolved by hubNashville on First Call,Resolved by hubNashville on First Call,,,,,,,,,,,1787952318000,1787952318000.0,,1f0c1c0e-fcab-4ce5-8485-9ca1a6f9db85
2120670,2274299,Closed,Resolved by hubNashville on First Call,Resolved by hubNashville on First Call,Resolved by hubNashville on First Call,,,,,,,,,,,1787952257000,1787952257000.0,,a197fa65-8cc1-4ed4-bafe-98f6b14febe8
2120669,2274297,New,"Streets, Roads & Sidewalks",Other-Roadways,Other-Roadways,,,,,,"I-24, Nashville, TN , United States",NASHVILLE,6.0,36.1716791,-86.7681531,1787952212000,,37206,773adc08-a27e-4b30-99ed-5b04867b2eb4
2120668,2274296,Assigned,"Trash, Recycling & Litter",Missed Pickup - Recycle Cart Service,Recycle - Curbside/Alley Missed Pickup,,,,,,"401 Port Dr, Nashville, TN 37115, United States",MADISON,3.0,36.255619,-86.7422349,1787952168000,,37115,03461978-d53f-4001-b2c5-92b9f4601cef
2120667,2274295,New,Property Violations,Tenant Complaint,Tenant Complaint,,,,,,"625 Benton Ave, Nashville, TN 37204, United States",NASHVILLE,17.0,36.1312305,-86.77051900000001,1787952071000,,37204,afb23529-95c8-4ea0-8d02-b808b6d543eb
2120666,2274294,Closed,Resolved by hubNashville on First Call,Resolved by hubNashville on First Call,Resolved by hubNashville on First Call,,,,,,,,,,,1787951951000,1787951951000.0,,80029c18-2a13-4c61-9678-e1593938ec71
2120665,2274293,Assigned,"Trash, Recycling & Litter",Missed Pickup - Trash Cart Service,Trash - Curbside/Alley Missed Pickup,,,,,,"1215 N 5th St, Nashville, TN 37207, United States",NASHVILLE,5.0,36.19341780000001,-86.7615952,1787951929000,,37207,eae62cfe-462e-4e13-9b87-70228aaa0ed9
2120664,2274292,Closed,Resolved by hubNashville on First Call,Resolved by hubNashville on First Call,Resolved by hubNashville on First Call,,,,,,,,,,,1787951866000,1787951866000.0,,395153c2-cbc6-4a92-9cca-45e631a44bd8
2120663,2274291,Closed,Resolved by hubNashville on First Call,Resolved by hubNashville on First Call,Resolved by hubNashville on First Call,,,,,,,,,,,1787951605000,1787951605000.0,,bb73ea14-2aa3-4242-b018-504c04060e48
2120662,2274290,Closed,Public Safety,Control Number Request for Towing,Control Number Request for Towing,,,,,,"2945 Brick Church Pike, Nashville, TN 37207, USA",NASHVILLE,2.0,36.227111033482856,-86.78113114080114,1787951499000,1787951499000.0,37207,7ee98700-7844-4263-b1b6-1c3a86056ef4
2120661,2274289,Assigned,"Trash, Recycling & Litter",Missed Pickup - Trash Cart Service,Trash - Curbside/Alley Missed Pickup,,,,,,"1410 Sigler St, Nashville, TN 37203, United States",NASHVILLE,17.0,36.15063976160165,-86.78908564999999,1787951475000,,37203,e1ecd071-79e9-4483-80eb-83ac840c15c4
2120660,2274288,Closed,Resolved by hubNashville on First Call,Resolved by hubNashville on First Call,Resolved by hubNashville on First Call,,,,,,,,,,,1787951449000,1787951449000.0,,9566a04c-5242-438e-8c69-26237a502135
2120659,2274287,Closed,Public Safety,Request Non-Emergency Police Assistance,Request Non-Emergency Police Assistance,,,,,,"714 N 5th St, Nashville, TN 37207, United States",NASHVILLE,5.0,36.18297560000001,-86.7639248,1787951380000,1787955774000.0,37207,9cf1ea28-9de9-49d8-960e-025637315f8d
2120658,2274286,Closed,Resolved by hubNashville on First Call,Resolved by hubNashville on First Call,Resolved by hubNashville on First Call,,,,,,,,,,,1787951366000,1787951366000.0,,4ff21574-0762-4401-bd64-10f1304c4fcd
2120657,2274285,New,Property Violations,Tall Grass and Weeds,Tall Grass and Weeds,,,,,,"1823 Primrose Ave, Nashville, TN 37212, United States",NASHVILLE,18.0,36.12084121147497,-86.80046035061548,1787951318000,,37212,d64ea2f0-91c7-4908-aac9-553fbb1fce0e
2120656,2274284,Closed,Resolved by hubNashville on First Call,Resolved by hubNashville on First Call,Resolved by hubNashville on First Call,,,,,,"112 Cherokee Rd, Nashville, TN 37205, United States",NASHVILLE,24.0,36.1316399,-86.8383643,1787951313000,1787951313000.0,37205,6328dca1-5127-4557-a3d1-a9182e419e7f
2120655,2274283,Closed,Resolved by hubNashville on First Call,Resolved by hubNashville on First Call,Resolved by hubNashville on First Call,,,,,,,,,,,1787951299000,1787951299000.0,,b8ea4f8b-cf16-4a35-9ac3-7414a2384b13
2120654,2274282,New,"Trash, Recycling & Litter",Litter,Street or Roadway,,,,,,"204 Hickory St, Nashville, TN 37115, United States",MADISON,9.0,36.25967719051981,-86.7101694896593,1787951282000,,37115,14519262-ea89-465b-a7c5-dc8a3a83096c
2120653,2274281,Closed,Resolved by hubNashville on First Call,Resolved by hubNashville on First Call,Resolved by hubNashville on First Call,,,,,,,,,,,1787951280000,1787951280000.0,,aea671cb-4e7a-4097-9b68-b8882d4e6c4e
2120652,2274280,Closed,Resolved by hubNashville on First Call,Resolved by hubNashville on First Call,Resolved by hubNashville on First Call,,,,,,,,,,,1787951242000,1787951242000.0,,608cebf9-e634-4d2d-b13a-109b02d4e23b
2120651,2274279,Closed,Resolved by hubNashville on First Call,Resolved by hubNashville on First Call,Resolved by hubNashville on First Call,,,,,,,,,,,1787951200000,1787951200000.0,,9c509ada-fb11-485d-b079-dcc820e505b6
2120650,2274278,Assigned,"Trash, Recycling & Litter",Missed Pickup - Recycle Cart Service,Recycle - Curbside/Alley Missed Pickup,,,,,,"228 Hickory St, Nashville, TN 37115, United States",MADISON,9.0,36.25942064034831,-86.70906192152627,1787951155000,,37115,35a80453-c426-4427-b670-271de8fe5dcf
2120649,2274277,Closed,"Streets, Roads & Sidewalks",Traffic Light Issue,Traffic Light Issue,,,,,,"Donelson Hills Dr & Lebanon Pike, Nashville, TN 37214, USA",NASHVILLE,15.0,36.1655094,-86.6970288,1787951142000,1787955674000.0,37214,f1a9d6dd-9e23-41ee-98cf-db967f85f5a1
2120648,2274276,Closed,Resolved by hubNashville on First Call,Resolved by hubNashville on First Call,Resolved by hubNashville on First Call,,,,,,"5844 Sterling Oaks Dr, Brentwood, TN 37027, United States",BRENTWOOD,4.0,36.035206,-86.74641199999999,1787951065000,1787951065000.0,37027,68e65e45-0f8b-4528-abb1-27fdb650a26e
2120647,2274275,Assigned,"Trash, Recycling & Litter",Missed Pickup - Recycle Cart Service,Recycle - Curbside/Alley Missed Pickup,,,,,,"224 Hickory St, Nashville, TN 37115, United States",MADISON,9.0,36.25953902434893,-86.70916261356685,1787950972000,,37115,0a6126e0-56f4-44ae-9fc6-bbe78a04f503
2120646,2274273,Closed,Resolved by hubNashville on First Call,Resolved by hubNashville on First Call,Resolved by hubNashville on First Call,,,,,,,,,,,1787950923000,1787950923000.0,,c56f0581-898f-44f7-9e89-a408858b3aaa
2120645,2274272,Closed,Resolved by hubNashville on First Call,Resolved by hubNashville on First Call,Resolved by hubNashville on First Call,,,,,,,,,,,1787950913000,1787950913000.0,,d0fd9505-27fa-4960-899d-470ea48f531f
2120644,2274271,Assigned,"Trash, Recycling & Litter",Missed Pickup - Recycle Cart Service,Recycle - Curbside/Alley Missed Pickup,,,,,,"1901 Wildwood Ave, Nashville, TN 37212, United States",NASHVILLE,18.0,36.1231692,-86.800187,1787950884000,,37212,d7ccc8ed-5177-4307-9022-f038e272f171
2120643,2274270,Closed,Resolved by hubNashville on First Call,Resolved by hubNashville on First Call,Resolved by hubNashville on First Call,,,,,,"2941 Owendale Dr, Nashville, TN 37013, United States",ANTIOCH,29.0,36.0716547,-86.624206,1787950837000,1787950837000.0,37013,cd0444a1-83c9-4570-be09-e9d62575c58c
2120642,2274269,Closed,"Trash, Recycling & Litter",File a Trash or Recycling Complaint,Trash collection Complaint,,,,,,"424 Hart Ave, Nashville, TN 37206, United States",NASHVILLE,5.0,36.1821365,-86.7562899,1787950812000,1787951527000.0,37206,133df931-0d40-4ad7-a8d8-9fa035265760
2120641,2274266,Assigned,"Trash, Recycling & Litter",Missing Trash Cart,Missing Trash Cart,,,,,,"200 Randy Rd, Nashville, TN 37115, United States",MADISON,9.0,36.2595119,-86.69155239999999,1787950770000,,37115,0230845e-9b61-4477-a3e8-4108dea2ad7f
2120640,2274265,New,Parks and Environment,Maintenance Request,Structures Request,,,,,,"2500 West End Ave, Nashville, TN 37203, United States",NASHVILLE,21.0,36.1489459,-86.81274979999999,1787950769000,,37203,18ca9dd6-fad8-45e8-af63-9d60477ee42f
2120639,2274264,New,"Streets, Roads & Sidewalks",Roadwork Complaint,Roadwork Complaint,,,,,,"Sherbrooke Ln & Holt Rd, Nashville, TN 37211, USA",NASHVILLE,4.0,36.0135794,-86.7150715,1787950746000,,37211,c5753e92-9d15-440e-9ff2-fd06e1b36e4e
2120638,2274263,Closed,Resolved by hubNashville on First Call,Resolved by hubNashville on First Call,Resolved by hubNashville on First Call,,,,,,,,,,,1787950614000,1787950614000.0,,f5f3f995-c583-4a32-973b-e36cadabc0bd
2120637,2274262,Closed,Resolved by hubNashville on First Call,Resolved by hubNashville on First Call,Resolved by hubNashville on First Call,,,,,,,,,,,1787950551000,1787950551000.0,,360bca74-767d-4ab2-9efa-a75873148c93
2120636,2274261,Closed,Resolved by hubNashville on First Call,Resolved by hubNashville on First Call,Resolved by hubNashville on First Call,,,,,,,,,,,1787950529000,1787950529000.0,,d37ec527-43f3-4f59-a685-3545e90b79f5
2120635,2274260,Assigned,"Trash, Recycling & Litter",Cart Service,Trash - Report a Damaged Cart,,,,,,"1005 Granada Ave, Nashville, TN 37206, United States",NASHVILLE,5.0,36.188823289753635,-86.75006330925571,1787950512000,,37206,23345778-8b0c-4f55-943a-a73de9075ba6
2120634,2274259,New,"Streets, Roads & Sidewalks",Other-Roadways,Other-Roadways,,,,,,"953 Century Oak Dr, Nashville, TN 37211, United States",NASHVILLE,4.0,36.0186275,-86.713084,1787950508000,,37211,5b22770e-7f5d-4889-a9cd-bf21829e065a
2120633,2274258,New,Parks and Environment,Maintenance Request,Grounds Request,,,,,,"2500 West End Ave, Nashville, TN 37203, United States",NASHVILLE,21.0,36.1489459,-86.81274979999999,1787950500000,,37203,a7997cd8-2493-4b4e-905a-4664628e47fa
2120632,2274257,Closed,Resolved by hubNashville on First Call,Resolved by hubNashville on First Call,Resolved by hubNashville on First Call,,,,,,,,,,,1787950432000,1787950432000.0,,843e5d53-a46d-4cce-9eb5-c4d6f34afa33
2120631,2274256,Closed,Resolved by hubNashville on First Call,Resolved by hubNashville on First Call,Resolved by hubNashville on First Call,,,,,,,,,,,1787950391000,1787950391000.0,,05dcf8d7-425f-4ad9-9466-7e8727c8a97d
2120630,2274255,Closed,Resolved by hubNashville on First Call,Resolved by hubNashville on First Call,Resolved by hubNashville on First Call,,,,,,,,,,,1787950300000,1787950300000.0,,280ca4f7-29b1-4dfe-b322-495873584f42
2120629,2274254,Closed,Resolved by hubNashville on First Call,Resolved by hubNashville on First Call,Resolved by hubNashville on First Call,,,,,,,,,,,1787950220000,1787950220000.0,,9603c502-e730-476d-9c2a-9c29f7ab3a63
2120628,2274253,Assigned,"Trash, Recycling & Litter",Missed Pickup - Trash Cart Service,Trash - Curbside/Alley Missed Pickup,,,,,,"1506B Dickerson Pike, Nashville, TN 37207, Estados Unidos",NASHVILLE,2.0,36.20068866162291,-86.77012240674591,1787950149000,,37207,8df16e4d-6bc6-4299-9f97-3663f4575913
2120627,2274252,Closed,"Trash, Recycling & Litter",Missed Pickup - Trash Cart Service,Trash - Curbside/Alley Missed Pickup,,,,,,"1506B Dickerson Pike, Nashville, TN 37207, Estados Unidos",NASHVILLE,2.0,36.20068866162291,-86.77012240674591,1787950147000,1787950610000.0,37207,e7766a4a-fb26-41ee-83a6-cb583ef1eab1
2120626,2274250,Assigned,"Trash, Recycling & Litter",Missed Pickup - Recycle Cart Service,Recycle - Curbside/Alley Missed Pickup,,,,,,"341 Queen Ave, Nashville, TN 37207, United States",NASHVILLE,5.0,36.2081548,-86.7609385,1787950051000,,37207,6f92cbed-713a-4667-b9d1-63c6869a112b
2120625,2274249,Assigned,"Trash, Recycling & Litter",Cart Service,Trash - Report a Damaged Cart,,,,,,"304 Vista Cove, Nashville, TN 37207, United States",NASHVILLE,2.0,36.2276873,-86.7952945,1787949960000,,37207,15817947-04f1-4271-97db-d24b3652727c
2120624,2274248,Closed,Resolved by hubNashville on First Call,Resolved by hubNashville on First Call,Resolved by hubNashville on First Call,,,,,,,,,,,1787949923000,1787949923000.0,,6e1809a8-061c-432a-a98a-8f8e8d118450
2120623,2274247,Closed,"Trash, Recycling & Litter",Missed Pickup - Trash Cart Service,Trash - Curbside/Alley Missed Pickup,,,,,,"224 Wauford Dr, Nashville, TN 37211, United States",NASHVILLE,26.0,36.0756036,-86.7407127,1787949920000,1788037221000.0,37211,e9fbe947-daae-4217-b3c0-5cd5a319bdf3
2120622,2274246,Assigned,"Trash, Recycling & Litter",File a Trash or Recycling Complaint,Trash collection Complaint,,,,,,"304 Vista Cove, Nashville, TN 37207, United States",NASHVILLE,2.0,36.2276873,-86.7952945,1787949856000,,37207,b63be7b8-31dd-453d-ae56-55bda8b4f050
2120621,2274244,Closed,"Streets, Roads & Sidewalks",Traffic Light Issue,Traffic Light Issue,,,,,,"36th Ave N & Charlotte Ave, Nashville, TN 37209, USA",NASHVILLE,24.0,36.1527534,-86.8277969,1787949677000,1787955588000.0,37209,01da9acf-3817-4570-b74c-e23a43511222
2120620,2274243,Closed,Resolved by hubNashville on First Call,Resolved by hubNashville on First Call,Resolved by hubNashville on First Call,,,,,,,,,,,1787949668000,1787949668000.0,,065439a6-9ba3-4fb5-87ed-88ea72543b90
2120619,2274241,Closed,Resolved by hubNashville on First Call,Resolved by hubNashville on First Call,Resolved by hubNashville on First Call,,,,,,,,,,,1787949451000,1787949451000.0,,31c4871c-cf11-447b-beb8-67d7280fdca9
2120618,2274240,Closed,Resolved by hubNashville on First Call,Resolved by hubNashville on First Call,Resolved by hubNashville on First Call,,,,,,,,,,,1787949370000,1787949370000.0,,9569bb12-2656-44f8-a4e0-b4e12c7ca22b
2120617,2274239,Closed,"Trash, Recycling & Litter",Missed Pickup - Recycle Cart Service,Recycle - Curbside/Alley Missed Pickup,,,,,,"309 Hawk View Ct, Nashville, TN 37207, United States",NASHVILLE,3.0,36.2465215,-86.7742738,1787949290000,1788037265000.0,37207,1e95d6e7-eeb8-405d-b2a6-7ab41259cc83
2120616,2274238,Closed,Resolved by hubNashville on First Call,Resolved by hubNashville on First Call,Resolved by hubNashville on First Call,,,,,,,,,,,1787949263000,1787949263000.0,,bb0754ca-b529-4095-a9ee-9886047db001
2120615,2274237,Closed,Resolved by hubNashville on First Call,Resolved by hubNashville on First Call,Resolved by hubNashville on First Call,,,,,,,,,,,1787949177000,1787949177000.0,,88522ada-eba8-41d0-aec1-08f611ba4765
2120614,2274236,New,Public Safety,Improperly Parked Vehicles,Improperly Parked Vehicles,,,,,,"908 Halcyon Ave, Nashville, TN 37204, United States",NASHVILLE,17.0,36.1225329,-86.78464489999999,1787949151000,,37204,a2f2c395-9b1e-426f-8665-79d3d5fd7cc4
2120613,2274235,Closed,Resolved by hubNashville on First Call,Resolved by hubNashville on First Call,Resolved by hubNashville on First Call,,,,,,,,,,,1787949138000,1787949138000.0,,f4998455-168c-4ca6-83b5-0095786fc1da
2120612,2274234,Assigned,"Trash, Recycling & Litter",File a Trash or Recycling Complaint,Trash collection Complaint,,,,,,"2305 Andrew Pl, Nashville, TN 37216, United States",NASHVILLE,7.0,36.2041009,-86.70352199999999,1787949137000,,37216,ca5a975a-5e5a-4ac9-a297-9e83a741f9c9
2120611,2274233,Closed,Resolved by hubNashville on First Call,Resolved by hubNashville on First Call,Resolved by hubNashville on First Call,,,,,,,,,,,1787949103000,1787949103000.0,,302d8e18-7124-4cbd-bb28-963b1a67c10c
2120610,2274232,Assigned,"Trash, Recycling & Litter",Missed Pickup - Trash Cart Service,Trash - Curbside/Alley Missed Pickup,,,,,,"1124 McAlpine Ave, Nashville, TN 37216, United States",NASHVILLE,7.0,36.2197911,-86.7242575,1787949094000,,37216,be8d7c6d-70dc-4799-ae2b-296c8e86f022
2120609,2274231,Closed,Resolved by hubNashville on First Call,Resolved by hubNashville on First Call,Resolved by hubNashville on First Call,,,,,,,,,,,1787949040000,1787949040000.0,,f674eb9e-402f-4277-8d39-a5d7dfbc7afa
2120608,2274230,Closed,Resolved by hubNashville on First Call,Resolved by hubNashville on First Call,Resolved by hubNashville on First Call,,,,,,,,,,,1787949033000,1787949033000.0,,3c180fe0-d4cf-456f-bf13-78ede78c12f8
2120607,2274229,Assigned,"Trash, Recycling & Litter",Missing Trash Cart,Missing Trash Cart,,,,,,"1729 Pecan St, Nashville, TN 37208, United States",NASHVILLE,2.0,36.1865937,-86.814683,1787949029000,,37208,e5fb8d44-ff44-49f6-b00a-5fb3b661d62f
2120606,2274228,Closed,Resolved by hubNashville on First Call,Resolved by hubNashville on First Call,Resolved by hubNashville on First Call,,,,,,,,,,,1787948964000,1787948964000.0,,5f199665-8259-4c76-adff-1dec5adb44d7
2120605,2274227,New,Other Metro Services and Forms,Other,Other,,,,,,"Macfie Dr, Nashville, TN 37115, United States",MADISON,10.0,36.28377463077653,-86.7134711067459,1787948932000,,37115,7167ad3e-794c-4e70-a087-8238bf7b3b51
2120604,2274226,Closed,Resolved by hubNashville on First Call,Resolved by hubNashville on First Call,Resolved by hubNashville on First Call,,,,,,,,,,,1787948925000,1787948925000.0,,fee7c901-111f-4fac-bbe0-bab0f5a78d54
2120603,2274225,Assigned,"Trash, Recycling & Litter",Cart Service,Trash - Report a Damaged Cart,,,,,,"4414 Gra Mar Dr, Nashville, TN 37216, United States",NASHVILLE,7.0,36.231878,-86.7340255,1787948870000,,37216,835bae1a-713c-495e-b919-33292f15500f
2120602,2274224,Closed,Public Safety,Control Number Request for Towing,Control Number Request for Towing,,,,,,"2945 Brick Church Pike, Nashville, TN 37207, USA",NASHVILLE,2.0,36.2264913,-86.7803368,1787948823000,1787948823000.0,37207,6cd55505-9ccb-4f93-8e1a-26bc771b448a
2120601,2274222,Closed,Public Safety,Noise Violations,Noise Violations,,,,,,"820 4th Ave N, Nashville, TN 37219, United States",NASHVILLE,19.0,36.17114097856863,-86.7835661126186,1787948738000,1787955420000.0,37219,d770724c-57a8-4595-9adc-1687eba9c761
2120600,2274221,Assigned,"Trash, Recycling & Litter",Missed Pickup - Trash Cart Service,Trash - Curbside/Alley Missed Pickup,,,,,,"908 Broadmoor Dr, Nashville, TN 37216, United States",NASHVILLE,7.0,36.2291608,-86.7284131,1787948709000,,37216,b0f51c31-6c32-4a1b-a92a-862ad4f4b12b
2120599,2274219,Assigned,"Trash, Recycling & Litter",Missed Pickup - Trash Cart Service,Trash - Curbside/Alley Missed Pickup,,,,,,"1330 Rosedale Ave, Nashville, TN 37207, United States",NASHVILLE,5.0,36.1955469,-86.7575962,1787948657000,,37207,a971fa25-b549-4bb2-adfa-adae942edbc3
2120598,2274218,Closed,Resolved by hubNashville on First Call,Resolved by hubNashville on First Call,Resolved by hubNashville on First Call,,,,,,,,,,,1787948566000,1787948566000.0,,937acf33-c442-4d5a-a750-35b28cf6ac6c
2120597,2274217,Closed,Resolved by hubNashville on First Call,Resolved by hubNashville on First Call,Resolved by hubNashville on First Call,,,,,,,,,,,1787948566000,1787948566000.0,,d7f91686-4a97-47a3-b54c-99a8a543c468
2120596,2274216,Assigned,"Trash, Recycling & Litter",Cart Service,Trash - Report a Damaged Cart,,,,,,"4416 Gra Mar Dr, Nashville, TN 37216, United States",NASHVILLE,7.0,36.2322764,-86.7340032,1787948563000,,37216,33bb4a38-c10b-49c4-9e97-85367412aa09
2120595,2274215,Closed,Public Safety,Noise Violations,Noise Violations,,,,,,"201 1st Ave S, Nashville, TN 37201, United States",NASHVILLE,19.0,36.1599591,-86.7732544,1787948431000,1787951112000.0,37201,27d0f961-b15a-4d3c-8877-0879b14b6ab3
2120594,2274214,Assigned,"Trash, Recycling & Litter",File a Trash or Recycling Complaint,Trash collection Complaint,,,,,,"2239 Greenwood Ave, Nashville, TN 37206, United States",NASHVILLE,6.0,36.188065,-86.723243,1787948424000,,37206,c28087c6-fbc9-4217-8880-b39a687c0f48
2120593,2274212,Closed,Resolved by hubNashville on First Call,Resolved by hubNashville on First Call,Resolved by hubNashville on First Call,,,,,,,,,,,1787948397000,1787948397000.0,,6fef9716-5394-40f2-b47d-ef252e12080d
2120592,2274211,Closed,Resolved by hubNashville on First Call,Resolved by hubNashville on First Call,Resolved by hubNashville on First Call,,,,,,"733 Bresslyn Rd, Nashville, TN 37205, United States",NASHVILLE,23.0,36.1197805,-86.8810487,1787948381000,1787948381000.0,37205,f3fd3fa0-cd34-4cad-9a15-49d6f0196043
2120591,2274210,Closed,Resolved by hubNashville on First Call,Resolved by hubNashville on First Call,Resolved by hubNashville on First Call,,,,,,,,,,,1787948228000,1787948228000.0,,11d923f7-7aa3-473a-84fd-cc5c617096f4
2120590,2274209,Closed,Resolved by hubNashville on First Call,Resolved by hubNashville on First Call,Resolved by hubNashville on First Call,,,,,,,,,,,1787948225000,1787948225000.0,,2e38e410-97ae-4282-9e9a-3691d7c05af3
2120589,2274208,Closed,Resolved by hubNashville on First Call,Resolved by hubNashville on First Call,Resolved by hubNashville on First Call,,,,,,,,,,,1787948187000,1787948187000.0,,2c25a5d3-445d-48a3-9ea5-a628248457fa
2120588,2274207,Closed,Public Safety,Control Number Request for Towing,Control Number Request for Towing,,,,,,"2945 Brick Church Pike, Nashville, TN 37207, USA",NASHVILLE,2.0,36.226137928873136,-86.78075775504112,1787948095000,1787948095000.0,37207,891f26da-a9bb-4fff-833e-698d45ba5ec1
2120587,2274206,Closed,Public Safety,Control Number Request for Towing,Control Number Request for Towing,,,,,,"214 25th Ave N, Nashville, TN 37203, USA",NASHVILLE,21.0,36.1485955,-86.8089978,1787948089000,1787948089000.0,37203,029befc2-906a-45f7-b58b-d706d51a806f
2120586,2274205,Assigned,"Trash, Recycling & Litter",Missed Pickup - Recycle Cart Service,Recycle - Curbside/Alley Missed Pickup,,,,,,"2407 W Heiman St, Nashville, TN 37208, United States",NASHVILLE,21.0,36.1701916,-86.8148892,1787947973000,,37208,07993550-e960-426d-8fe8-b192cc85bcad
2120585,2274204,Assigned,"Trash, Recycling & Litter",Missing Trash Cart,Missing Trash Cart,,,,,,"330 Commerce St, Nashville, TN 37201, United States",NASHVILLE,19.0,36.1630394,-86.77734629999999,1787947965000,,37201,336b955d-738c-42bf-a996-d23a6327489f
2120584,2274203,Assigned,"Trash, Recycling & Litter",Missed Pickup - Trash Cart Service,Missed Pickup - Trash Cart Service,,,,,,"2407 W Heiman St, Nashville, TN 37208, United States",NASHVILLE,21.0,36.1701916,-86.8148892,1787947901000,,37208,e61fa3c2-c584-450b-aa72-648bc394fc03
2120583,2274202,Closed,Resolved by hubNashville on First Call,Resolved by hubNashville on First Call,Resolved by hubNashville on First Call,,,,,,"1510 Forest Ave, Nashville, TN 37206, United States",NASHVILLE,6.0,36.1777168,-86.7429782,1787947892000,1787947892000.0,37206,6316e111-ff6e-44c9-813d-7a95486dca1c
2120582,2274201,New,"Trash, Recycling & Litter",Brush Collection,Brush Collection,,,,,,"1023 Carolyn Ave, Nashville, TN 37216, United States",NASHVILLE,5.0,36.1976106,-86.7430486,1787947851000,,37216,a4517449-58f8-4ecd-ab40-819815a71910
2120581,2274200,Assigned,"Trash, Recycling & Litter",Cart Service,Trash - Report a Damaged Cart,,,,,,"3123 Wilmoth Rd, Nashville, TN 37207, United States",NASHVILLE,3.0,36.2361432,-86.778244,1787947791000,,37207,b162102c-234a-4859-ac08-d8ec8d1a9f9d
2120580,2274199,Closed,Resolved by hubNashville on First Call,Resolved by hubNashville on First Call,Resolved by hubNashville on First Call,,,,,,,,,,,1787947783000,1787947783000.0,,8fb13486-99b2-4d8d-a2db-68db4522239c
2120579,2274198,New,"Streets, Roads & Sidewalks",Guard Rails,Damaged Guard Rail,,,,,,"3105 Dickerson Pike, Nashville, TN 37207, United States",NASHVILLE,5.0,36.2300763,-86.75774299999999,1787947688000,,37207,d6731e98-e42f-4e95-973a-9672f01ff90e
2120578,2274197,Assigned,"Trash, Recycling & Litter",Missed Pickup - Trash Cart Service,Trash - Curbside/Alley Missed Pickup,,,,,,"1402 Riverwood Dr, Nashville, TN 37216, United States",NASHVILLE,7.0,36.2184945,-86.71229079999999,1787947668000,,37216,da32e397-634f-46bd-bd47-dbe5adf6939f
2120577,2274196,Closed,Resolved by hubNashville on First Call,Resolved by hubNashville on First Call,Resolved by hubNashville on First Call,,,,,,,,,,,1787947668000,1787947668000.0,,6b5e91cb-6e47-4dbb-90e7-69db3b950146
2120576,2274195,Assigned,"Trash, Recycling & Litter",Cart Service,Recycling - Report a Damaged Cart,,,,,,"4336 Skyridge Dr  Nashville, TN 37207",NASHVILLE,3.0,36.24942147602788,-86.76820531504617,1787947592000,,37207,625c7bbf-0480-4e6e-bdda-3b52f23c0ad3
2120575,2274194,Closed,Public Safety,Control Number Request for Towing,Control Number Request for Towing,,,,,,"1345 Bell Rd, Nashville, TN 37013, United States",ANTIOCH,33.0,36.04852531155827,-86.67563359999998,1787947588000,1787947588000.0,37013,3d9b1b55-83da-45aa-a2ca-c6af0874af1d
2120574,2274193,New,"Streets, Roads & Sidewalks",Traffic Light Timing,Traffic Light Timing,,,,,,"99 Robertson Ave, Nashville, TN 37209, USA",NASHVILLE,17.0,36.15301141350329,-86.85757756233215,1787947541000,,37210,b9518531-1993-4023-9d1d-6c574962ee80
2120573,2274192,Closed,Resolved by hubNashville on First Call,Resolved by hubNashville on First Call,Resolved by hubNashville on First Call,,,,,,,,,,,1787947529000,1787947529000.0,,9df16d23-e8a7-4fb9-87d8-a43921a21350
2120572,2274191,New,"Streets, Roads & Sidewalks",Traffic Light Timing,Traffic Light Timing,,,,,,"99 Robertson Ave, Nashville, TN 37209, USA",NASHVILLE,17.0,36.153869427422066,-86.85715147996804,1787947475000,,37210,acd2fe33-485b-4714-83ba-ac0ca7686b6a
2120571,2274190,Closed,"Trash, Recycling & Litter",Missed Pickup - Recycle Cart Service,Recycle - Curbside/Alley Missed Pickup,,,,,,"5438 Wakefield Dr, Nashville, TN 37220, United States",NASHVILLE,26.0,36.046981,-86.7481907,1787947435000,1788037253000.0,37220,73aac01f-2c8c-43c5-94e1-40040fd51119
2120570,2274189,Closed,Resolved by hubNashville on First Call,Resolved by hubNashville on First Call,Resolved by hubNashville on First Call,,,,,,,,,,,1787947433000,1787947433000.0,,665ae5e8-9b01-4265-ba77-871433c8e461
2120569,2274187,Assigned,"Trash, Recycling & Litter",Missing Trash Cart,,,,,,,"330 Commerce St, Nashville, TN 37201, United States",NASHVILLE,19.0,36.1630394,-86.77734629999999,1787947373000,,37201,400de841-5c51-4548-831f-9bd20268964a
2120568,2274185,Closed,Public Safety,Extra Patrol Requests,Extra Patrol Requests,,,,,,"109 S 2nd St, Nashville, TN 37213, USA",NASHVILLE,19.0,36.16909521643666,-86.77076183259487,1787947288000,1787949896000.0,37213,2c89f89f-a258-4edf-97fa-09fd9114b25b
2120567,2274184,New,Parks and Environment,Maintenance Request,Mechanical Request,,,,,,"222 25th Ave N, Nashville, TN 37203, United States",NASHVILLE,21.0,36.150253214592965,-86.80894560000002,1787947245000,,37203,4c18f274-4759-48e6-af9c-754437b90f1d
2120566,2274183,Closed,Resolved by hubNashville on First Call,Resolved by hubNashville on First Call,Resolved by hubNashville on First Call,,,,,,,,,,,1787947242000,1787947242000.0,,e216889f-0072-4d1f-86d5-b98f52239e17
2120565,2274182,Closed,Resolved by hubNashville on First Call,Resolved by hubNashville on First Call,Resolved by hubNashville on First Call,,,,,,"1103 Maplehurst Ave, Nashville, TN 37204, United States",NASHVILLE,25.0,36.1038357,-86.79385719999999,1787947240000,1787947240000.0,37204,d91e3c4d-b926-4a3e-841d-42043600caad
2120564,2274181,Closed,Resolved by hubNashville on First Call,Resolved by hubNashville on First Call,Resolved by hubNashville on First Call,,,,,,,,,,,1787947227000,1787947227000.0,,34391fb8-a2dc-4859-b2e8-e6a89e2679e0
2120563,2274180,Assigned,"Trash, Recycling & Litter",Missed Pickup - Trash Cart Service,Trash - Curbside/Alley Missed Pickup,,,,,,"301 Neill Ave, Nashville, TN 37206, United States",NASHVILLE,5.0,36.17911891161375,-86.75928589999998,1787947223000,,37206,8d51d86a-f473-448f-a774-90a12a7c4fd7
2120562,2274179,PENDING WO COMPLETION,"Streets, Roads & Sidewalks",Request New Sign,,,,,,,"1044 3RD AVE S,  NASHVILLE,  TN,  37210",NASHVILLE,17.0,,,1787947203000,,37210,250f2e6b-5d13-4b02-a932-39b4428c42b3
2120561,2274178,Assigned,"Trash, Recycling & Litter",Cart Service,Recycling - Report a Stolen Cart,,,,,,"150 4th Ave N, Nashville, TN 37219, United States",NASHVILLE,19.0,36.16289214874019,-86.77733020674589,1787947175000,,37219,a57484a7-fc53-4edf-9d58-37400da71c34
2120560,2274177,New,Public Safety,Improperly Parked Vehicles,Improperly Parked Vehicles,,,,,,"643 Carmel Ave, Nashville, TN 37115, United States",MADISON,9.0,36.25667079999999,-86.6975691,1787947171000,,37115,4be929b7-0d39-4684-9bc8-47ea74a4a611
2120559,2274176,Assigned,Property Violations,Tall Grass and Weeds,Tall Grass and Weeds,,,,,,"482 Paragon Mills Rd, Nashville, TN 37211, USA",NASHVILLE,30.0,36.0887318,-86.7224124,1787947129000,,37211,0e2a6b54-dfae-4987-b27e-42810f5bd5f1
2120558,2274175,Closed,"Trash, Recycling & Litter",Missed Pickup - Trash Cart Service,Trash - Curbside/Alley Missed Pickup,,,,,,"4905 Trousdale Dr, Nashville, TN 37220, United States",NASHVILLE,26.0,36.074142932487206,-86.7595958663941,1787947098000,1788037200000.0,37220,cbc7d242-a5d4-407c-a9af-072b806fa69b
2120557,2274174,Assigned,Property Violations,Residential Complaint,Residential Complaint,,,,,,"5007 Brewer Ct, Nashville, TN 37211, USA",NASHVILLE,27.0,36.05929247256279,-86.72788923606277,1787947078000,,37211,bb3edc15-212c-48c7-885e-634b3ee4039d
2120556,2274173,Closed,Public Safety,Extra Patrol Requests,Extra Patrol Requests,,,,,,"419 Broadway, Nashville, TN 37203, USA",NASHVILLE,19.0,36.16068206153638,-86.77785594016314,1787947059000,1787951738000.0,37203,d255bbcd-4035-41e5-9993-a8ebf8487ea2
2120555,2274172,Assigned,"Trash, Recycling & Litter",Cart Service,Trash - Report a Damaged Cart,,,,,,"503 Wesley Ave, Nashville, TN 37207, United States",NASHVILLE,5.0,36.2064787,-86.757094,1787947054000,,37207,1d8d3ee5-ac8b-4028-812b-172ad4cbd711
2120554,2274171,Closed,Resolved by hubNashville on First Call,Resolved by hubNashville on First Call,Resolved by hubNashville on First Call,,,,,,,,,,,1787946935000,1787946935000.0,,2dec6e29-0450-4e37-b17f-1ba604a8fefa
2120553,2274170,Closed,Resolved by hubNashville on First Call,Resolved by hubNashville on First Call,Resolved by hubNashville on First Call,,,,,,,,,,,1787946892000,1787946892000.0,,44da3d6c-8321-41c0-b5ca-5b33a21627a3
2120552,2274169,Closed,Resolved by hubNashville on First Call,Resolved by hubNashville on First Call,Resolved by hubNashville on First Call,,,,,,,,,,,1787946823000,1787946823000.0,,9a09d021-0c98-4f54-bfec-65147644201b
2120551,2274168,New,"Streets, Roads & Sidewalks",Request New Sign,Request New Sign,,,,,,"Paragon Mills Rd & Aster Dr, Nashville, TN 37211, USA",NASHVILLE,30.0,36.0893446,-86.718277,1787946782000,,37211,54f230c0-a27d-495a-8afe-549b884f8d25
2120550,2274166,Closed,Resolved by hubNashville on First Call,Resolved by hubNashville on First Call,Resolved by hubNashville on First Call,,,,,,,,,,,1787946624000,1787946624000.0,,8984b947-2915-445e-8487-889c25584a80
2120549,2274165,Assigned,"Trash, Recycling & Litter",Missed Pickup - Trash Cart Service,Trash - Curbside/Alley Missed Pickup,,,,,,"505 Wesley Ave, Nashville, TN 37207, United States",NASHVILLE,5.0,36.2065644,-86.7568371,1787946601000,,37207,e2b2d7ac-fcd3-4be0-9f41-506ae75839f4
2120548,2274164,Closed,Resolved by hubNashville on First Call,Resolved by hubNashville on First Call,Resolved by hubNashville on First Call,,,,,,,,,,,1787946592000,1787946592000.0,,7b7f9a25-bde5-439e-801f-6651b2b0e0b4
2120547,2274163,New,"Streets, Roads & Sidewalks",Sidewalks,Request New Sidewalk,,,,,,"3489B Granny White Pike, Nashville, TN 37204, USA",NASHVILLE,25.0,36.11271731710597,-86.79247967898846,1787946554000,,37215,12dcb1ff-1203-4e1a-a715-63e259b0a6db
2120546,2274162,Closed,"Trash, Recycling & Litter",Waste Services Escalation,Escalation Cart Issues,,,,,,"6215 Neighborly Ave, Nashville, TN 37209, United States",NASHVILLE,20.0,36.14396130000001,-86.8690874,1787946500000,1787947981000.0,37209,f7466f1f-9d05-4d10-b421-2afe7f268f25
2120545,2274161,Closed,Resolved by hubNashville on First Call,Resolved by hubNashville on First Call,Resolved by hubNashville on First Call,,,,,,,,,,,1787946494000,1787946494000.0,,297791ce-05bb-4663-bc2d-cfe5c224edc6
2120544,2274160,Closed,Public Safety,Control Number Request for Towing,Control Number Request for Towing,,,,,,"410 Myatt Dr, Madison, TN 37115, USA",MADISON,9.0,36.2737975526871,-86.6923464462161,1787946461000,1787946461000.0,37115,ed014208-a7ab-43e9-ab58-cef051c2e162
2120543,2274159,Assigned,"Trash, Recycling & Litter",Missed Pickup - Trash Cart Service,Trash - Curbside/Alley Missed Pickup,,,,,,"2601 Oakland Ave, Nashville, TN 37212, United States",NASHVILLE,18.0,36.12477070000001,-86.7960494,1787946415000,,37212,5066b863-3a37-4d59-b468-68962b6dfd89
2120542,2274158,Closed,Resolved by hubNashville on First Call,Resolved by hubNashville on First Call,Resolved by hubNashville on First Call,,,,,,,,,,,1787946388000,1787946388000.0,,cade45fd-9910-4fe1-8e07-8cf81c3470af
2120541,2274156,Closed,Resolved by hubNashville on First Call,Resolved by hubNashville on First Call,Resolved by hubNashville on First Call,,,,,,"333 Montague Wy, Nashville, TN 37115, United States",MADISON,7.0,36.2463706,-86.71180149999999,1787946266000,1787946266000.0,37115,83276cb2-45c4-4497-a8f0-8c80c16d822e
2120540,2274155,Closed,Resolved by hubNashville on First Call,Resolved by hubNashville on First Call,Resolved by hubNashville on First Call,,,,,,,,,,,1787946264000,1787946264000.0,,5f493fba-6835-4cf0-b419-830187a0c717
2120539,2274154,Closed,Property Violations,Residential Complaint,Residential Complaint,,,,,,"Harpeth Springs Dr, Nashville, TN 37221, United States",NASHVILLE,22.0,36.0708169,-86.9769124,1787946242000,1787947478000.0,37221,d382d51f-e3fd-4671-800a-33404a776945
2120538,2274153,New,"Streets, Roads & Sidewalks",Roadwork Complaint,Roadwork Complaint,,,,,,"773 Bellevue Rd, Nashville, TN 37221, United States",NASHVILLE,22.0,36.067978,-86.9418603,1787946206000,,37221,310b5c10-29f2-4bfc-9b5f-8d83d7cf8a15
2120537,2274152,Closed,Resolved by hubNashville on First Call,Resolved by hubNashville on First Call,Resolved by hubNashville on First Call,,,,,,,,,,,1787946203000,1787946203000.0,,499cb617-c2ef-4750-89e3-2d438f5a73ad
2120536,2274151,Closed,"Trash, Recycling & Litter",File a Trash or Recycling Complaint,Recycle Collection Complaint,,,,,,"735 N 9th St, Nashville, TN 37206, United States",NASHVILLE,5.0,36.1849822238101,-86.75812722394257,1787946177000,1787946350000.0,37206,61ec62a2-a1c2-4c4a-85fb-04d11228871c
2120535,2274150,Assigned,"Trash, Recycling & Litter",Cart Service,Trash - Report a Damaged Cart,,,,,,"1226 Harwood Dr, Nashville, TN 37206, United States",NASHVILLE,6.0,36.1905293,-86.7194622,1787946101000,,37206,e038eff6-a0e3-46c6-926f-9df9409c8adb
2120534,2274149,Assigned,"Trash, Recycling & Litter",Unwanted Recycling or Trash,Unwanted Recycling,,,,,,"953 Mallow Dr, Nashville, TN 37115, United States",MADISON,9.0,36.2601269,-86.6809804,1787946077000,,37115,7fb7a75b-bf62-4b7c-ad7a-8c9faf2e884c
2120533,2274148,Assigned,"Trash, Recycling & Litter",Unwanted Recycling or Trash,Unwanted Trash,,,,,,"3816 Inglewood Cir N, Nashville, TN 37216, United States",NASHVILLE,7.0,36.2101478,-86.71683639999999,1787946058000,,37216,0a126793-7000-40a9-a254-328c4fbb66f8
2120532,2274147,Closed,Resolved by hubNashville on First Call,Resolved by hubNashville on First Call,Resolved by hubNashville on First Call,,,,,,,,,,,1787946052000,1787946052000.0,,abb66b0e-3adb-47aa-812d-a72ff5710e32
2120531,2274145,Closed,Resolved by hubNashville on First Call,Resolved by hubNashville on First Call,Resolved by hubNashville on First Call,,,,,,,,,,,1787945855000,1787945855000.0,,22ba2ea8-030d-4aff-b62f-ab6cb6e94d67
2120530,2274144,Closed,Resolved by hubNashville on First Call,Resolved by hubNashville on First Call,Resolved by hubNashville on First Call,,,,,,,,,,,1787945847000,1787945847000.0,,f56b268a-1172-48ef-9e96-bacc9c9131bd
2120529,2274143,Closed,Resolved by hubNashville on First Call,Resolved by hubNashville on First Call,Resolved by hubNashville on First Call,,,,,,,,,,,1787945747000,1787945747000.0,,2b5c0afc-2479-4626-87d8-0138f68275f7
2120528,2274142,Closed,Resolved by hubNashville on First Call,Resolved by hubNashville on First Call,Resolved by hubNashville on First Call,,,,,,,,,,,1787945717000,1787945717000.0,,cc505770-e301-4ea7-9236-62f685bc7e51
2120527,2274141,New,Electric & Water General,Stormwater Pollution,Single-Family Residential,,,,,,"Urbandale Ave & Morrow Rd, Nashville, TN 37209, USA",NASHVILLE,20.0,36.1551954,-86.8528049,1787945680000,,37209,120fd622-f821-47d3-9940-e2e24d698677
2120526,2274139,Closed,Resolved by hubNashville on First Call,Resolved by hubNashville on First Call,Resolved by hubNashville on First Call,,,,,,,,,,,1787945637000,1787945637000.0,,33c96c06-8291-43b2-a5fa-86d45a690d9d
2120525,2274137,Closed,Resolved by hubNashville on First Call,Resolved by hubNashville on First Call,Resolved by hubNashville on First Call,,,,,,,,,,,1787945587000,1787945587000.0,,5066d127-d058-44d1-83ce-a5460f1639dd
2120524,2274136,Closed,Resolved by hubNashville on First Call,Resolved by hubNashville on First Call,Resolved by hubNashville on First Call,,,,,,,,,,,1787945567000,1787945567000.0,,c18d6691-7da3-4b1b-a96d-63e149ce69d2
2120523,2274135,Assigned,"Trash, Recycling & Litter",Missed Pickup - Recycle Cart Service,Recycle - Curbside/Alley Missed Pickup,,,,,,"2507 Scovel St, Nashville, TN 37208, United States",NASHVILLE,21.0,36.1691474,-86.81552839999999,1787945523000,,37208,1aa7f242-b4de-4792-ab7c-260e99389a20
2120522,2274133,Closed,Resolved by hubNashville on First Call,Resolved by hubNashville on First Call,Resolved by hubNashville on First Call,,,,,,"2000 10th Ave N, Nashville, TN 37208, United States",NASHVILLE,2.0,36.1848152,-86.804261,1787945436000,1787945436000.0,37208,2207f6f9-7882-492b-a238-06721f2f4ede
2120521,2274132,Assigned,"Trash, Recycling & Litter",Unwanted Recycling or Trash,Unwanted Recycling,,,,,,"3816 Inglewood Cir N, Nashville, TN 37216, United States",NASHVILLE,7.0,36.2101478,-86.71683639999999,1787945267000,,37216,f2d7d1eb-c90f-4491-ad73-52ae0d2548ab
2120520,2274130,Closed,Resolved by hubNashville on First Call,Resolved by hubNashville on First Call,Resolved by hubNashville on First Call,,,,,,,,,,,1787945170000,1787945170000.0,,ec89a36f-ed4c-4d40-959f-c0194cc672fe
2120519,2274129,Closed,"Streets, Roads & Sidewalks",Obstruction of right of way,Roadway,,,,,,"4717 Benton Smith Rd, Nashville, TN 37215, United States",NASHVILLE,34.0,36.0845505,-86.81231849999999,1787945170000,1787948234000.0,37215,8460aa46-2434-4322-a3b4-d11c2c743155
2120518,2274127,Assigned,"Trash, Recycling & Litter",Missed Pickup - Trash Cart Service,Trash - Curbside/Alley Missed Pickup,,,,,,"601 8th Ave S, Nashville, TN 37203, United States",NASHVILLE,19.0,36.151631,-86.779595,1787945064000,,37203,19b343cc-7408-4892-ab3f-dd82b9bb5c3c
2120517,2274126,Closed,"Trash, Recycling & Litter",Waste Services Escalation,Escalation Trash Issues,,,,,,"610 S Wilson Blvd, Nashville, TN 37215, United States",NASHVILLE,24.0,36.1222759,-86.8332094,1787945056000,1787945413000.0,37215,9fb20308-fbde-4dfc-b57c-d75cc58ff6d8
2120516,2274125,Closed,Public Safety,Control Number Request for Towing,Control Number Request for Towing,,,,,,"720 Fesslers Ln, Nashville, TN 37210, United States",NASHVILLE,16.0,36.14099300000001,-86.74538059999999,1787945053000,1787945053000.0,37210,83546c8a-dbef-488b-9aa1-6de4845d96d7
2120515,2274124,Closed,"Trash, Recycling & Litter",File a Trash or Recycling Complaint,Trash collection Complaint,,,,,,"3013 Gallatin Pike, Nashville, TN 37216, United States",NASHVILLE,5.0,36.204296,-86.7384622,1787945031000,1787945741000.0,37216,f3f8d409-0c7f-4546-9ba2-d416f27fceb5
2120514,2274123,Assigned,"Trash, Recycling & Litter",Missed Pickup - Recycle Cart Service,Recycle - Curbside/Alley Missed Pickup,,,,,,"4906 Tennessee Ave, Nashville, TN 37209, United States",NASHVILLE,20.0,36.1612555,-86.84713719999999,1787944970000,,37209,31691698-cdf0-4fb2-a58b-77b666ef6f6e
2120513,2274122,Closed,Resolved by hubNashville on First Call,Resolved by hubNashville on First Call,Resolved by hubNashville on First Call,,,,,,,,,,,1787944945000,1787944945000.0,,75d261c7-d2fd-44a7-b484-b33961967ebe
2120512,2274121,Closed,Public Safety,Request Non-Emergency Police Assistance,Request Non-Emergency Police Assistance,,,,,,"2430 Gallatin Pike N, Nashville, TN 37115, United States",MADISON,10.0,36.3101675,-86.6743463,1787944936000,1787947278000.0,37115,d8a83429-050e-4ac1-9f34-d7f67ba2864c
2120511,2274120,Closed,Resolved by hubNashville on First Call,Resolved by hubNashville on First Call,Resolved by hubNashville on First Call,,,,,,,,,,,1787944919000,1787944919000.0,,98f088ba-e166-4fb6-b902-c41c78bbd738
2120510,2274119,Assigned,"Trash, Recycling & Litter",Cart Service,Trash - Report a Damaged Cart,,,,,,"2524 Blair Blvd, Nashville, TN 37212, United States",NASHVILLE,18.0,36.1315334,-86.8096983,1787944853000,,37212,e47cb0c4-c124-449c-a7b6-c7550667644b
2120509,2274118,Closed,Resolved by hubNashville on First Call,Resolved by hubNashville on First Call,Resolved by hubNashville on First Call,,,,,,,,,,,1787944824000,1787944824000.0,,ab5927a0-dff8-41fe-9f09-f9434bd05bc6
2120508,2274117,Closed,Public Safety,Request Non-Emergency Police Assistance,Request Non-Emergency Police Assistance,,,,,,"7371 Bridle Dr, Nashville, TN 37221, United States",NASHVILLE,22.0,36.0762991,-86.93253419999999,1787944818000,1787955317000.0,37221,efdd793d-e152-4f4b-bded-dcc1e19a02c5
2120507,2274116,New,Parks and Environment,Maintenance Request,Structures Request,,,,,,"2424 Old Hickory Blvd, Nashville, TN 37221, United States",NASHVILLE,34.0,36.05429186944736,-86.87909586697734,1787944791000,,37221,7697361b-0479-4f3c-9ced-3a329e763810
2120506,2274115,Closed,Resolved by hubNashville on First Call,Resolved by hubNashville on First Call,Resolved by hubNashville on First Call,,,,,,,,,,,1787944778000,1787944778000.0,,a6c06c6a-b303-4d8d-be2b-69cd3b04bc42
2120505,2274114,New,Permits,Building Permits,Building Permits,,,,,,"2908 12th Ave S, Nashville, TN 37204, United States",NASHVILLE,18.0,36.120989,-86.7901016,1787944692000,,37204,eb75efda-76ec-46b1-b502-92a9dac8b3bf
2120504,2274113,Closed,Resolved by hubNashville on First Call,Resolved by hubNashville on First Call,Resolved by hubNashville on First Call,,,,,,,,,,,1787944690000,1787944690000.0,,0c16b392-f051-43f9-b61b-be1d61fe77cc
2120503,2274112,New,Other Metro Services and Forms,Other,Other,,,,,,"212 Macfie Dr, Nashville, TN 37115, United States",MADISON,10.0,36.28381354888524,-86.7134711067459,1787944642000,,37115,45f11877-9754-46db-9185-9cba6a395d0f
2120502,2274111,Closed,Resolved by hubNashville on First Call,Resolved by hubNashville on First Call,Resolved by hubNashville on First Call,,,,,,,,,,,1787944466000,1787944466000.0,,0176a03c-e40a-4537-a10f-5aa26c053ae4
2120501,2274110,Closed,"Trash, Recycling & Litter",Hauler report of non serviceable address,Hauler report of non serviceable address,,,,,,"490 Metroplex Dr, Nashville, TN 37211, United States",NASHVILLE,28.0,36.0910775,-86.7008397,1787944412000,1787944412000.0,37211,ec98e78b-c705-47b1-9852-5ab638f162f4
2120500,2274109,Closed,Resolved by hubNashville on First Call,Resolved by hubNashville on First Call,Resolved by hubNashville on First Call,,,,,,,,,,,1787944402000,1787944402000.0,,7834fed2-a7bf-42c2-8c92-9eacb441532e
2120499,2274108,Closed,Resolved by hubNashville on First Call,Resolved by hubNashville on First Call,Resolved by hubNashville on First Call,,,,,,"341 Queen Ave, Nashville, TN 37207, United States",NASHVILLE,5.0,36.2081548,-86.7609385,1787944363000,1787944363000.0,37207,5c220165-d5d1-4ca2-bcd5-788bd4deffe5
2120498,2274107,Closed,Resolved by hubNashville on First Call,Resolved by hubNashville on First Call,Resolved by hubNashville on First Call,,,,,,,,,,,1787944135000,1787944135000.0,,2929669d-3c74-4c67-9914-4fffdb4c819b
2120497,2274106,Closed,"Trash, Recycling & Litter",Missed Pickup - Recycle Cart Service,Recycle - Curbside/Alley Missed Pickup,,,,,,"1013 Maplewood Pl, Nashville, TN 37216, United States",NASHVILLE,7.0,36.2276082,-86.7277172,1787944123000,1788037221000.0,37216,cb14927f-2d68-4fa4-9b40-d041a3c927b6
2120496,2274105,Closed,Property Violations,Tree Concerns,Tree Concerns,,,,,,"601 Neill Ave, Nashville, TN 37206, United States",NASHVILLE,5.0,36.181287,-86.7597275,1787944034000,1787947511000.0,37206,a46825bc-68df-47d8-a780-08a65aac2d8b
2120495,2274104,Closed,Resolved by hubNashville on First Call,Resolved by hubNashville on First Call,Resolved by hubNashville on First Call,,,,,,,,,,,1787943867000,1787943867000.0,,a49856f8-1e1a-4715-8784-e12ccdd94977
2120494,2274103,Assigned,"Trash, Recycling & Litter",Cart Service,Trash - Report a Damaged Cart,,,,,,"220 Elm St, Nashville, TN 37115, United States",MADISON,9.0,36.2604348,-86.70955269999999,1787943866000,,37115,7df21b9d-4e83-4160-86cf-9e6d190b711b
2120493,2274102,Closed,Resolved by hubNashville on First Call,Resolved by hubNashville on First Call,Resolved by hubNashville on First Call,,,,,,,,,,,1787943827000,1787943827000.0,,f205ea3a-596c-44ea-a023-260aaf4adb0f
2120492,2274101,Closed,Resolved by hubNashville on First Call,Resolved by hubNashville on First Call,Resolved by hubNashville on First Call,,,,,,,,,,,1787943763000,1787943763000.0,,73b2a527-25e8-4485-86fd-5868f767a357
2120491,2274100,Closed,Resolved by hubNashville on First Call,Resolved by hubNashville on First Call,Resolved by hubNashville on First Call,,,,,,,,,,,1787943738000,1787943738000.0,,6fc729b0-44cb-4817-a7d3-ff79769a6e44
2120490,2274099,Closed,Resolved by hubNashville on First Call,Resolved by hubNashville on First Call,Resolved by hubNashville on First Call,,,,,,"2706 Brunswick Dr, Nashville, TN 37207, United States",NASHVILLE,5.0,36.2154497,-86.761838,1787943733000,1787943733000.0,37207,878c4863-3b1f-4c52-b0cb-2e109ffd915c
2120489,2274098,Closed,Public Safety,Repossessed Vehicle,Repossessed Vehicle,,,,,,,,,,,1787943726000,1787943726000.0,,18b505cb-165b-4ad1-bdd6-05432e793e83
2120488,2274093,Closed,Resolved by hubNashville on First Call,Resolved by hubNashville on First Call,Resolved by hubNashville on First Call,,,,,,,,,,,1787943487000,1787943487000.0,,1c5e6065-f751-46a0-862c-cce381a0d9e1
2120487,2274091,Closed,Resolved by hubNashville on First Call,Resolved by hubNashville on First Call,Resolved by hubNashville on First Call,,,,,,,,,,,1787943324000,1787943324000.0,,60707b96-6a80-4a90-9ca9-19412ceef5c5
2120486,2274089,Closed,Resolved by hubNashville on First Call,Resolved by hubNashville on First Call,Resolved by hubNashville on First Call,,,,,,,,,,,1787943198000,1787943198000.0,,2d9edf5a-042c-4b71-a7c0-6017ef63aa1f
2120485,2274088,Closed,Public Safety,Control Number Request for Towing,Control Number Request for Towing,,,,,,"1202 Cline Ave, Nashville, TN 37206, USA",NASHVILLE,5.0,36.191408652772395,-86.75175665808185,1787943197000,1787943197000.0,37206,cc50a4ab-ef89-4ff6-aff7-9485ed0227b8
2120484,2274087,Closed,Resolved by hubNashville on First Call,Resolved by hubNashville on First Call,Resolved by hubNashville on First Call,,,,,,"2501 Gardner Ln, Nashville, TN 37207, United States",NASHVILLE,2.0,36.21341779999999,-86.8020619,1787943168000,1787943168000.0,37207,c3305e1d-2c05-4c9d-8ee1-f85e4db34d5b
2120483,2274085,Closed,Public Safety,Request Non-Emergency Police Assistance,Request Non-Emergency Police Assistance,,,,,,"1307 Otay St, Nashville, TN 37216, United States",NASHVILLE,7.0,36.1993978,-86.7345946,1787943087000,1787955207000.0,37216,ab8df737-f323-4330-9c18-0ba7b7693a8f
2120482,2274082,Closed,Resolved by hubNashville on First Call,Resolved by hubNashville on First Call,Resolved by hubNashville on First Call,,,,,,,,,,,1787942962000,1787942962000.0,,daa3a9c2-4316-44ee-bd7d-cf87db402ca4
2120481,2274079,Assigned,"Trash, Recycling & Litter",Cart Service,Trash - Report a Damaged Cart,,,,,,"1720 Edgewood Ave, Nashville, TN 37207, United States",NASHVILLE,2.0,36.2039755,-86.78453189999999,1787942874000,,37207,35df77ca-3346-4210-9027-97a5a780a6f8
2120480,2274076,Closed,Resolved by hubNashville on First Call,Resolved by hubNashville on First Call,Resolved by hubNashville on First Call,,,,,,,,,,,1787942790000,1787942790000.0,,3aa77ecf-bcf5-4558-8588-fe97116e51aa
2120479,2274075,Closed,Resolved by hubNashville on First Call,Resolved by hubNashville on First Call,Resolved by hubNashville on First Call,,,,,,,,,,,1787942784000,1787942784000.0,,7cb64ddd-095b-4952-b6d0-92b64ae0e49b
2120478,2274073,Closed,Resolved by hubNashville on First Call,Resolved by hubNashville on First Call,Resolved by hubNashville on First Call,,,,,,,,,,,1787942738000,1787942738000.0,,f10e4b00-4151-42eb-92d6-bae0eeead752
2120477,2274072,Closed,Resolved by hubNashville on First Call,Resolved by hubNashville on First Call,Resolved by hubNashville on First Call,,,,,,,,,,,1787942728000,1787942728000.0,,2ced75a8-def9-49a6-8065-be55bb7e8f5e
2120476,2274071,New,Public Safety,Animal Welfare Concern,Animal Welfare Concern,,,,,,"Delvin Dr & Tusculum Ct, Nashville, TN 37013, USA",ANTIOCH,33.0,36.0529209,-86.6969471,1787942691000,,37013,2411a3f1-8383-404a-9c8d-60648840c877
2120475,2274070,New,"Streets, Roads & Sidewalks",Tree Maintenance on right of way,Tree is dead and needs removal,,,,,,"2749 Smith Springs Rd, Nashville, TN 37217, United States",NASHVILLE,29.0,36.08964715467233,-86.62053292869614,1787942620000,,37217,4ae57f41-d5c1-4621-9635-28c3df104822
2120474,2274069,Closed,Resolved by hubNashville on First Call,Resolved by hubNashville on First Call,Resolved by hubNashville on First Call,,,,,,,,,,,1787942601000,1787942601000.0,,1c22686e-a977-4fd1-9f7f-798e6ac9d1c3
2120473,2274068,Closed,Public Safety,Request Non-Emergency Police Assistance,Request Non-Emergency Police Assistance,,,,,,"I-40, Nashville, TN , United States",NASHVILLE,19.0,36.1492555,-86.7833473,1787942577000,1787943780000.0,37203,37c4f2bd-4078-4607-a798-3c33c2edbf81
2120472,2274067,Closed,Resolved by hubNashville on First Call,Resolved by hubNashville on First Call,Resolved by hubNashville on First Call,,,,,,,,,,,1787942576000,1787942576000.0,,e81fba46-2736-47ed-9264-1618f6d3afab
2120471,2274066,New,Public Safety,Improperly Parked Vehicles,Improperly Parked Vehicles,,,,,,"1121 Maplehurst Ave, Nashville, TN 37204, United States",NASHVILLE,25.0,36.1039326,-86.7948747,1787942570000,,37204,3e0fe3bb-9d50-474b-a122-d87afc309e8c
2120470,2274065,Closed,Resolved by hubNashville on First Call,Resolved by hubNashville on First Call,Resolved by hubNashville on First Call,,,,,,,,,,,1787942560000,1787942560000.0,,536bc0e9-c177-42a2-8be9-a7b50cf5383f
2120469,2274064,Closed,Resolved by hubNashville on First Call,Resolved by hubNashville on First Call,Resolved by hubNashville on First Call,,,,,,,,,,,1787942487000,1787942487000.0,,df9d8869-eb30-4615-97e4-aa47952a1f85
2120468,2274063,Closed,Transit,State Routes,State Routes,,,,,,"I-40, Nashville, TN , United States",NASHVILLE,19.0,36.1492555,-86.7833473,1787942469000,1787942469000.0,37203,89278977-18c4-4e40-beae-004f29439e8f
2120467,2274061,Assigned,Property Violations,Tenant Complaint,Tenant Complaint,,,,,,"1315 Adams St, Nashville, TN 37208, United States",NASHVILLE,19.0,36.1796496,-86.7834469,1787942363000,,37208,870cd0f9-bb67-40eb-8b11-f9e7ae79636f
2120466,2274060,Assigned,"Trash, Recycling & Litter",Missed Pickup - Trash Cart Service,Trash - Curbside/Alley Missed Pickup,,,,,,"93 Trotwood Mews, Brentwood, TN 37027, United States",BRENTWOOD,4.0,36.0336156,-86.7505635,1787942137000,,37027,8cc9cf38-0200-4d0e-8dd6-b6e330524630
2120465,2274059,Closed,"Streets, Roads & Sidewalks",Damaged Sign,Interstate Roads,,,,,,"I-24, Metropolis, IL , United States",,,37.1613957,-88.6828576,1787942076000,1787942076000.0,,a9d98ab4-17aa-4046-aa54-882e6f5acbe3
2120464,2274058,Closed,Public Safety,Extra Patrol Requests,Extra Patrol Requests,,,,,,"4601 Packard Dr, Nashville, TN 37211, United States",NASHVILLE,30.0,36.06415283216386,-86.69133156429795,1787942037000,1787942523000.0,37211,99b21223-6996-4e20-b458-0eebc69f80a4
2120463,2274057,Closed,Resolved by hubNashville on First Call,Resolved by hubNashville on First Call,Resolved by hubNashville on First Call,,,,,,,,,,,1787942035000,1787942035000.0,,89173f9b-fbf6-4d3b-b4db-9f98f84e4144
2120462,2274056,Assigned,"Trash, Recycling & Litter",Cart Service,Trash - Report a Damaged Cart,,,,,,"809 Horner Ave, Nashville, TN 37204, United States",NASHVILLE,17.0,36.1219792,-86.776823,1787942007000,,37204,684117f0-5751-4df5-b73b-81a620732bf4
2120461,2274055,Closed,Resolved by hubNashville on First Call,Resolved by hubNashville on First Call,Resolved by hubNashville on First Call,,,,,,,,,,,1787942007000,1787942007000.0,,df131cb5-a7ea-4c49-975e-4206e5183f39
2120460,2274052,Closed,Resolved by hubNashville on First Call,Resolved by hubNashville on First Call,Resolved by hubNashville on First Call,,,,,,,,,,,1787941951000,1787941951000.0,,7b2db598-505c-4f53-91d2-899dc2663f1c
2120459,2274050,Closed,Resolved by hubNashville on First Call,Resolved by hubNashville on First Call,Resolved by hubNashville on First Call,,,,,,,,,,,1787941919000,1787941919000.0,,e889eedd-bcc8-44df-afe4-fe8068af7cd4
2120458,2274048,Closed,Public Safety,Extra Patrol Requests,Extra Patrol Requests,,,,,,"557 Stewarts Ferry Pike, Nashville, TN 37214, United States",NASHVILLE,14.0,36.15801924712434,-86.63506236071319,1787941870000,1787955119000.0,37214,cebe61f1-ed8e-4c89-a507-90312b1f2bd9
2120457,2274047,Closed,Resolved by hubNashville on First Call,Resolved by hubNashville on First Call,Resolved by hubNashville on First Call,,,,,,,,,,,1787941865000,1787941865000.0,,dc18558e-49ac-4532-831c-3a30f5885aa5
2120456,2274046,Closed,Resolved by hubNashville on First Call,Resolved by hubNashville on First Call,Resolved by hubNashville on First Call,,,,,,"603 Evanston Ave, Nashville, TN 37207, United States",NASHVILLE,5.0,36.19049270000001,-86.76057879999999,1787941799000,1787941799000.0,37207,dd5d8134-5c3c-49bd-b548-67ff734b376d
2120455,2274045,Closed,Resolved by hubNashville on First Call,Resolved by hubNashville on First Call,Resolved by hubNashville on First Call,,,,,,,,,,,1787941659000,1787941659000.0,,c4b534d9-f611-4403-8ec8-6153eeebe054
2120454,2274044,Assigned,"Trash, Recycling & Litter",Missing Trash Cart,,,,,,,"5009 Bonnameade Dr, Nashville, TN 37076, United States",HERMITAGE,14.0,36.1978818,-86.6333879,1787941659000,,37076,438fc385-7764-48a2-8fd8-4dcac7ae605d
2120453,2274043,Closed,Resolved by hubNashville on First Call,Resolved by hubNashville on First Call,Resolved by hubNashville on First Call,,,,,,"1115 Cabana Dr, Nashville, TN 37214, United States",NASHVILLE,13.0,36.1449767,-86.6422179,1787941590000,1787941590000.0,37214,5bf8e3fb-4a43-4f64-8a8a-8e3a959b388d
2120452,2274042,Closed,Public Safety,Repossessed Vehicle,Repossessed Vehicle,,,,,,,,,,,1787941581000,1787941581000.0,,c387114c-e2d6-4a74-87d9-2c1f40f0ebd8
2120451,2274040,Closed,Public Safety,Control Number Request for Towing,Control Number Request for Towing,,,,,,"1814 Hayes St, Nashville, TN 37203, USA",NASHVILLE,19.0,36.1536547,-86.7980584,1787941437000,1787941437000.0,37203,051b5110-cac6-48d5-b44c-2581ca8a1b81
2120450,2274039,Closed,Public Safety,Request Non-Emergency Police Assistance,Request Non-Emergency Police Assistance,,,,,,"Nashville, Nashville, TN , United States",NASHVILLE,19.0,36.1626638,-86.7816016,1787941433000,1787947197000.0,37219,106be7a9-e830-4d8c-a0c8-bd5b31d69d99
2120449,2274038,Closed,Resolved by hubNashville on First Call,Resolved by hubNashville on First Call,Resolved by hubNashville on First Call,,,,,,,,,,,1787941433000,1787941433000.0,,e42a7eff-ad1c-481f-958b-13523d697fba
2120448,2274037,New,"Streets, Roads & Sidewalks",Overgrowth on right of way,Roadway,,,,,,"6727 Bridlewood Ln, Brentwood, TN 37027, United States",BRENTWOOD,34.0,36.04210784647706,-86.83179463068846,1787941406000,,37027,60eec162-9dd1-474a-b86b-548a9f7645fb
2120447,2274036,New,"Streets, Roads & Sidewalks",Damaged Sign,Street or Roadway,,,,,,"5520 Old Hickory Blvd, Nashville, TN 37076, United States",HERMITAGE,12.0,36.18072537738419,-86.60628259570352,1787941362000,,37076,8be63815-6252-49d8-a983-a391821009fa
2120446,2274035,Assigned,"Trash, Recycling & Litter",Cart Service,Recycling - Report a Damaged Cart,,,,,,"2806 Creekbend Dr, Nashville, TN 37207, United States",NASHVILLE,1.0,36.23628130000001,-86.7943592,1787941344000,,37207,c880481d-4be0-4960-b672-8109dae64a24
2120445,2274034,Transferred,Property Violations,Noise Violations - Construction Noise,Noise Violations - Construction Noise,,,,,,"55 Music Square W, Nashville, TN 37203, United States",NASHVILLE,17.0,36.147766064728415,-86.79362042140073,1787941337000,,37203,e7a276a6-cef2-4143-83dc-a7e26363da02
2120444,2274033,Closed,"Trash, Recycling & Litter",Waste Services Escalation,Escalation Trash Issues,,,,,,"1802 Fatherland St, Nashville, TN 37206, United States",NASHVILLE,6.0,36.1728284,-86.73830149999999,1787941323000,1787941904000.0,37206,f4db5dda-7b2d-4d60-a479-ea3185ed0284
2120443,2274032,Assigned,"Trash, Recycling & Litter",Cart Service,Trash - Report a Damaged Cart,,,,,,"3260 Rainwood Dr, Nashville, TN 37207, United States",NASHVILLE,3.0,36.2441818,-86.7709727,1787941276000,,37207,572fe742-7cab-446a-93c0-101a767a68df
2120442,2274031,Closed,Resolved by hubNashville on First Call,Resolved by hubNashville on First Call,Resolved by hubNashville on First Call,,,,,,,,,,,1787941274000,1787941274000.0,,caf63169-9b8a-417e-ad1c-39d595de4896
2120441,2274030,New,"Streets, Roads & Sidewalks",Tree Maintenance on right of way,Tree is dead and needs removal,,,,,,"3400 Country Way Rd, Nashville, TN 37013, United States",ANTIOCH,8.0,36.0750715,-86.6017764,1787941241000,,37013,45a89095-3863-45c5-99a9-73ed9dd333c9
2120440,2274029,Closed,Resolved by hubNashville on First Call,Resolved by hubNashville on First Call,Resolved by hubNashville on First Call,,,,,,,,,,,1787941217000,1787941217000.0,,b3042bb6-27ed-497c-873b-bdcfcd925401
2120439,2274028,Closed,Resolved by hubNashville on First Call,Resolved by hubNashville on First Call,Resolved by hubNashville on First Call,,,,,,,,,,,1787941160000,1787941160000.0,,e5257d39-ca3b-4092-a2da-93ee6a6858e9
2120438,2274027,New,"Streets, Roads & Sidewalks",Overgrowth on right of way,Sidewalk,,,,,,"1106 Stratford Ave, Nashville, TN 37216, USA",NASHVILLE,7.0,36.214370230610164,-86.72982897609472,1787941106000,,37216,a462551e-647d-4946-8978-52252bbd64cb
2120437,2274026,Closed,Resolved by hubNashville on First Call,Resolved by hubNashville on First Call,Resolved by hubNashville on First Call,,,,,,,,,,,1787941013000,1787941013000.0,,1a81be30-be7f-41ea-ab40-4f6a521ff2c8
2120436,2274025,Closed,Resolved by hubNashville on First Call,Resolved by hubNashville on First Call,Resolved by hubNashville on First Call,,,,,,,,,,,1787940867000,1787940867000.0,,9ec6d8db-2b02-46de-8eb6-96dd007df6a1
2120435,2274024,Closed,Resolved by hubNashville on First Call,Resolved by hubNashville on First Call,Resolved by hubNashville on First Call,,,,,,,,,,,1787940831000,1787940831000.0,,f16ceedf-fa27-4606-b0f4-e762826d6a1d
2120434,2274023,Closed,Resolved by hubNashville on First Call,Resolved by hubNashville on First Call,Resolved by hubNashville on First Call,,,,,,,,,,,1787940769000,1787940769000.0,,b62c46b4-1e64-4a97-a87e-c50f09663c7d
2120433,2274022,Closed,Public Safety,Control Number Request for Towing,Control Number Request for Towing,,,,,,"325 Blue Lake Cir, Antioch, TN 37013, USA",ANTIOCH,33.0,36.0520878,-86.6749395,1787940553000,1787940553000.0,37013,6307fd7e-2d2f-468f-8da4-26800281c202
2120432,2274021,Closed,Public Safety,Control Number Request for Towing,Control Number Request for Towing,,,,,,"1512 Bell Rd, Nashville, TN 37211, USA",NASHVILLE,31.0,36.0424306,-86.69134729999999,1787940542000,1787940542000.0,37211,85407a33-c171-4284-bbcc-82f66a8ef035
2120431,2274020,Closed,"Trash, Recycling & Litter",Missed Pickup - Trash Cart Service,Trash - Curbside/Alley Missed Pickup,,,,,,"1548 Brick Dr, Nashville, TN 37207, United States",NASHVILLE,3.0,36.2579193,-86.7739972,1787940527000,1787942855000.0,37207,a1f12a5e-e0f7-4568-9cf2-13c9278447f7
2120430,2274019,Closed,Public Safety,Request Non-Emergency Police Assistance,Request Non-Emergency Police Assistance,,,,,,"6014 Morrow Rd, Nashville, TN 37209, United States",NASHVILLE,20.0,36.1632779,-86.8621533,1787940493000,1787942555000.0,37209,6fc6f54f-a6f7-4c51-be8d-d8533c367d0a
2120429,2274018,New,Public Safety,Improperly Parked Vehicles,Improperly Parked Vehicles,,,,,,"5737 Cloverland Dr, Brentwood, TN 37027, United States",BRENTWOOD,4.0,36.0315976,-86.7642505,1787940483000,,37027,1b3e0980-18c6-45bd-9f74-4e6f4b1e6f5b
2120428,2274016,Closed,Public Safety,Control Number Request for Towing,Control Number Request for Towing,,,,,,"1512 Bell Rd, Nashville, TN 37211, USA",NASHVILLE,31.0,36.0424306,-86.69134729999999,1787940386000,1787940386000.0,37211,0f86c0f0-1241-4f17-b5d8-ff27cf5b1187
2120427,2274015,New,"Streets, Roads & Sidewalks",Traffic Light Issue,Traffic Light Issue,,,,,,"4011 Dickerson Pike, Nashville, TN 37207, United States",NASHVILLE,3.0,36.277634997248256,-86.75122993477225,1787940349000,,37207,9ea9732d-1ed7-4ff5-95a3-6df623428368
2120426,2274014,Closed,Public Safety,Repossessed Vehicle,Repossessed Vehicle,,,,,,,,,,,1787940340000,1787940340000.0,,95bf5aad-b44a-4590-9f3d-28ca4aecf677
2120425,2274013,Closed,Resolved by hubNashville on First Call,Resolved by hubNashville on First Call,Resolved by hubNashville on First Call,,,,,,"3009 Bluffhollow Gap, Nashville, TN 37013, United States",ANTIOCH,31.0,36.0301149,-86.6783793,1787940286000,1787940286000.0,37013,daec958d-cc12-4d2d-adf2-21cf2fc72c5e
2120424,2274012,Closed,Public Safety,Request Non-Emergency Police Assistance,Request Non-Emergency Police Assistance,,,,,,"2219 Erin Ln, Nashville, TN 37221, United States",NASHVILLE,23.0,36.0856061,-86.90443160000001,1787940274000,1787955013000.0,37221,62053d97-51c9-4ed2-a720-945735963ddb
2120423,2274011,Assigned,Property Violations,Tall Grass and Weeds,Tall Grass and Weeds,,,,,,"320 Fairlane Dr, Nashville, TN 37211, United States",NASHVILLE,27.0,36.0635796,-86.70679109999999,1787940239000,,37211,f088a668-2f83-4ed7-9b4c-406e759131ee
2120422,2274009,Assigned,"Trash, Recycling & Litter",Cart Service,Trash - Report a Stolen Cart,,,,,,"3908 Preston Taylor Pl, Nashville, TN 37209, United States",NASHVILLE,21.0,36.160563,-86.8354157,1787940174000,,37209,69822729-dc17-41cd-b945-457fe20a5d8c
2120421,2274008,Closed,Resolved by hubNashville on First Call,Resolved by hubNashville on First Call,Resolved by hubNashville on First Call,,,,,,,,,,,1787940091000,1787940091000.0,,5a8a2beb-83ea-4221-8999-08ff5ec0b8f5
2120420,2274007,Closed,Public Safety,Control Number Request for Towing,Control Number Request for Towing,,,,,,"1507 21st Ave S, Nashville, TN 37212, USA",NASHVILLE,18.0,36.138929,-86.8009946,1787940073000,1787940073000.0,37212,ade2a45d-5312-43a6-bd2e-d61172773e54
2120419,2274006,Closed,Resolved by hubNashville on First Call,Resolved by hubNashville on First Call,Resolved by hubNashville on First Call,,,,,,,,,,,1787940054000,1787940054000.0,,fff4266c-27c4-4341-b46b-e71d11756714
2120418,2274005,New,"Streets, Roads & Sidewalks",Driveway Transition/Drop Off,,,,,,,"1123 Ardee Ave, Nashville, TN 37216, United States",NASHVILLE,7.0,36.21897680000001,-86.7256883,1787940043000,,37216,192c7a9a-c589-4001-a326-37c2e4aa4692
2120417,2274003,Assigned,"Trash, Recycling & Litter",Brush Collection,Brush Collection,,,,,,"6530 Marauder Dr, Nashville, TN 37209, United States",NASHVILLE,20.0,36.144864461599155,-86.8880954,1787940012000,,37209,7bfce022-55ab-41f8-b281-0bac4507982d
2120416,2273998,Assigned,Property Violations,Tenant Complaint,Tenant Complaint,,,,,,"600 Whispering Hills Dr, Nashville, TN 37211, United States",NASHVILLE,26.0,36.069165922181575,-86.72724453119743,1787939999000,,37211,426ad829-1ea8-49d3-bff8-dd595689e94e
2120415,2273996,Closed,Resolved by hubNashville on First Call,Resolved by hubNashville on First Call,Resolved by hubNashville on First Call,,,,,,,,,,,1787939992000,1787939992000.0,,43bde53f-8ff1-4370-b4bb-26c3ff183d1a
2120414,2273992,New,"Streets, Roads & Sidewalks",Roadwork Complaint,Roadwork Complaint,,,,,,"105 Claudia Dr, Nashville, TN 37138, United States",OLD HICKORY,11.0,36.26281859347118,-86.66269446519226,1787939870000,,37138,cc20bbb3-f4e9-4dc2-a11a-a3b0a9fd4a3d
2120413,2273991,Closed,"Trash, Recycling & Litter",Missed Pickup - Recycle Cart Service,Recycle - Curbside/Alley Missed Pickup,,,,,,"1494 Georgetown Ct, Nashville, TN 37215, United States",NASHVILLE,34.0,36.0801507,-86.8157603,1787939869000,1788037163000.0,37215,7d9275aa-8d31-4acf-92b9-74a26772652f
2120412,2273990,Closed,Resolved by hubNashville on First Call,Resolved by hubNashville on First Call,Resolved by hubNashville on First Call,,,,,,,,,,,1787939859000,1787939859000.0,,5ceea461-95a3-420f-9b08-8548dd793fa3
2120411,2273989,Closed,Public Safety,Request Non-Emergency Police Assistance,Request Non-Emergency Police Assistance,,,,,,"1700 Riverside Dr, Nashville, TN 37216, United States",NASHVILLE,7.0,36.19788757436963,-86.72336146893224,1787939855000,1787949200000.0,37216,253be336-72c0-4f1f-b0f9-d687743756e6
2120410,2273988,Closed,"Trash, Recycling & Litter",Missed Pickup - Recycle Cart Service,Recycle - Curbside/Alley Missed Pickup,,,,,,"1211 N 8th St Nashville, TN 37207",NASHVILLE,5.0,40.8206011,-91.1056649,1787939844000,1788037176000.0,37207,da875e6a-5f2c-4947-a999-fed5f60dbebb
2120409,2273987,Assigned,Public Safety,Improperly Parked Vehicles,Improperly Parked Vehicles,,,,,,"2736 Oakwood Ave, Nashville, TN 37207, United States",NASHVILLE,5.0,36.21694071614282,-86.75293694433778,1787939721000,,37207,b2af1741-f3b5-435c-9899-0fcbbd9dbfdd
2120408,2273986,Closed,Resolved by hubNashville on First Call,Resolved by hubNashville on First Call,Resolved by hubNashville on First Call,,,,,,,,,,,1787939684000,1787939684000.0,,b151b14c-6abf-4bb8-b474-0881aa589ee7
2120407,2273985,Closed,"Streets, Roads & Sidewalks",Damaged Sign,Interstate Roads,,,,,,"5600 Old Hickory Blvd, Nashville, TN 37076, United States",HERMITAGE,12.0,36.17703853790404,-86.6050519556795,1787939614000,1787939614000.0,37076,40cceb57-e432-4a21-b664-4961f0bc86b5
2120406,2273984,Closed,Resolved by hubNashville on First Call,Resolved by hubNashville on First Call,Resolved by hubNashville on First Call,,,,,,,,,,,1787939568000,1787939568000.0,,8bde2b48-92da-4a17-a03a-e363e3635a8d
2120405,2273983,Closed,Resolved by hubNashville on First Call,Resolved by hubNashville on First Call,Resolved by hubNashville on First Call,,,,,,,,,,,1787939541000,1787939541000.0,,7023ca79-89d8-4081-8618-aa877ef5b9db
2120404,2273982,Closed,Resolved by hubNashville on First Call,Resolved by hubNashville on First Call,Resolved by hubNashville on First Call,,,,,,"3827 Woodmont Ln, Nashville, TN 37215, United States",NASHVILLE,34.0,36.1109002,-86.84208860000001,1787939538000,1787939538000.0,37215,10a329d0-6616-477e-82f2-285a5b1a62b6
2120403,2273979,Closed,Public Safety,Control Number Request for Towing,Control Number Request for Towing,,,,,,"3025 Charlotte Ave, Nashville, TN 37209, USA",NASHVILLE,21.0,36.151498,-86.8215876,1787939395000,1787939395000.0,37209,419f1d97-ce7c-4c9e-9517-ddf578fba8dd
2120402,2273978,Closed,Resolved by hubNashville on First Call,Resolved by hubNashville on First Call,Resolved by hubNashville on First Call,,,,,,"5220 Southfork Blvd, Nashville, TN 37138, United States",OLD HICKORY,11.0,36.2188569,-86.63316019999999,1787939373000,1787939373000.0,37138,b9834953-d90b-45d5-807d-740dd6cb80b8
2120401,2273976,Closed,Public Safety,Request Non-Emergency Police Assistance,Request Non-Emergency Police Assistance,,,,,,"Nashville, Nashville, TN , United States",NASHVILLE,19.0,36.1626638,-86.7816016,1787939300000,1787943664000.0,37219,77c4b346-5034-47f8-bbbf-88aa8ef8bf36
2120400,2273975,Assigned,"Trash, Recycling & Litter",Brush Collection,Brush Collection,,,,,,"4470 Clarksville Pike, Nashville, TN 37218, United States",NASHVILLE,1.0,36.2259203,-86.83574019999999,1787939281000,,37218,f6a569d4-2369-4853-88c9-74d75e24c36a
2120399,2273973,Assigned,"Trash, Recycling & Litter",Missing Trash Cart,Missing Trash Cart,,,,,,"415 Mallory St, Nashville, TN 37203, United States",NASHVILLE,17.0,36.1372531,-86.7626471,1787939160000,,37203,29412c1c-249b-41d1-8734-9d665cb8abd0
2120398,2273972,Closed,Property Violations,Junk and Debris,Junk and Debris,,,,,,"Westcrest Dr, Nashville, TN 37211, USA",NASHVILLE,27.0,36.0613479,-86.7350818,1787939111000,1787939313000.0,37211,4f57b1eb-2336-4aec-ae04-a06a985471a9
2120397,2273971,Closed,Resolved by hubNashville on First Call,Resolved by hubNashville on First Call,Resolved by hubNashville on First Call,,,,,,,,,,,1787939075000,1787939075000.0,,420e9d6b-4863-4c7e-ad89-a72592709dca
2120396,2273970,Closed,Resolved by hubNashville on First Call,Resolved by hubNashville on First Call,Resolved by hubNashville on First Call,,,,,,,,,,,1787939052000,1787939052000.0,,72fc98a2-46f7-452e-9e8f-8b4b9cdb3428
2120395,2273969,Assigned,"Trash, Recycling & Litter",Unwanted Recycling or Trash,Unwanted Recycling,,,,,,"4295 Ashland City Hwy, Nashville, TN 37218, United States",NASHVILLE,1.0,36.2064547,-86.856088,1787938983000,,37218,5b3e19ba-17eb-4a23-bb2a-916143447659
2120394,2273968,Closed,"Trash, Recycling & Litter",File a Trash or Recycling Complaint,Trash collection Complaint,,,,,,"308 Scott Ave, Nashville, TN 37206, United States",NASHVILLE,6.0,36.1867531,-86.7332218,1787938931000,1788022791000.0,37206,5fc51ed1-e696-45f4-bb92-d2f7ea0369dc
2120393,2273967,Closed,Resolved by hubNashville on First Call,Resolved by hubNashville on First Call,Resolved by hubNashville on First Call,,,,,,,,,,,1787938914000,1787938914000.0,,33b7a3ee-dc41-4aa8-b18d-7011c28732e8
2120392,2273966,Assigned,"Trash, Recycling & Litter",Unwanted Recycling or Trash,Unwanted Trash,,,,,,"4295 Ashland City Hwy, Nashville, TN 37218, United States",NASHVILLE,1.0,36.2064547,-86.856088,1787938846000,,37218,ba2afb5b-2f2b-4f09-b649-f951807be12e
2120391,2273965,Closed,Public Safety,Control Number Request for Towing,Control Number Request for Towing,,,,,,"1814 Hayes St, Nashville, TN 37203, USA",NASHVILLE,19.0,36.1536547,-86.7980584,1787938712000,1787938712000.0,37203,05926759-9839-460a-8683-a6bfc643df23
2120390,2273964,Closed,Resolved by hubNashville on First Call,Resolved by hubNashville on First Call,Resolved by hubNashville on First Call,,,,,,,,,,,1787938563000,1787938563000.0,,738f6c0c-0ec4-49c7-aafb-5b475dae96bd
2120389,2273963,Closed,Resolved by hubNashville on First Call,Resolved by hubNashville on First Call,Resolved by hubNashville on First Call,,,,,,,,,,,1787938560000,1787938560000.0,,129cfb95-91b8-469d-8272-895ac5630f87
2120388,2273962,Closed,Resolved by hubNashville on First Call,Resolved by hubNashville on First Call,Resolved by hubNashville on First Call,,,,,,,,,,,1787938550000,1787938550000.0,,1101facc-cbd6-46c5-904d-d19b628994d5
2120387,2273960,Assigned,Property Violations,Home Occupation Reporting,Home Occupation Reporting,,,,,,"5041 Luker Ln, Nashville, TN 37013, United States",ANTIOCH,27.0,36.05543042560404,-86.6914552067459,1787938435000,,37013,673791f0-7fe7-419b-b6f3-f52be7cd2f81
2120386,2273958,Transferred,Property Violations,Junk and Debris,Junk and Debris,,,,,,"5753 Nolensville Pk, Nashville, TN 37211, United States",NASHVILLE,27.0,36.04552519460505,-86.71357801604356,1787938382000,,37211,e08ae071-58a3-4d1d-b64c-278d16430fc7
2120385,2273957,Closed,Resolved by hubNashville on First Call,Resolved by hubNashville on First Call,Resolved by hubNashville on First Call,,,,,,"7715 Sawyer Brown Rd, Nashville, TN 37221, United States",NASHVILLE,22.0,36.097546,-86.9338427,1787938333000,1787938333000.0,37221,ca2457c3-5737-43e5-b163-9466ad13c1bf
2120384,2273956,Closed,Resolved by hubNashville on First Call,Resolved by hubNashville on First Call,Resolved by hubNashville on First Call,,,,,,,,,,,1787938277000,1787938277000.0,,1d0d6f8c-00df-4885-8540-32b86d31defb
2120383,2273955,New,Parks and Environment,Parks Police Concern,Parks Police Concern,,,,,,"307 27th Ave N, Nashville, TN 37203, United States",NASHVILLE,21.0,36.1496903,-86.8134156,1787938234000,,37203,00aaace3-97a6-44b3-bbc3-03c541ab80f6
2120382,2273954,Closed,Resolved by hubNashville on First Call,Resolved by hubNashville on First Call,Resolved by hubNashville on First Call,,,,,,,,,,,1787938214000,1787938214000.0,,d2b98d8e-c78d-4983-96c4-ed7fb6ffe631
2120381,2273953,Closed,Resolved by hubNashville on First Call,Resolved by hubNashville on First Call,Resolved by hubNashville on First Call,,,,,,,,,,,1787938187000,1787938187000.0,,047522a0-f381-4c50-8af3-c9357397a79d
2120380,2273952,New,Public Safety,Improperly Parked Vehicles,Improperly Parked Vehicles,,,,,,"7120 Lenox Village Dr, Nashville, TN 37211, United States",NASHVILLE,31.0,36.02577420215977,-86.710105355542,1787938068000,,37211,d4f04495-3b68-4cdf-8663-35de8367ee90
2120379,2273951,Closed,Resolved by hubNashville on First Call,Resolved by hubNashville on First Call,Resolved by hubNashville on First Call,,,,,,"154 Pine Hill Dr, Clemmons, NC 27012, United States",,,35.9717501,-80.3326591,1787938064000,1787938064000.0,,f769e42b-5e2b-433a-9ecf-c0ab8fc6b657
2120378,2273950,Closed,Resolved by hubNashville on First Call,Resolved by hubNashville on First Call,Resolved by hubNashville on First Call,,,,,,,,,,,1787938050000,1787938050000.0,,bdbecc4f-3ca0-4245-bb72-3b6980d8ed60
2120377,2273949,New,"Streets, Roads & Sidewalks",Overgrowth on right of way,Sidewalk,,,,,,"1107 Glenview Dr, Nashville, TN 37206, United States",NASHVILLE,6.0,36.1643637,-86.7512656,1787937992000,,37206,d740a884-6484-4dbe-9186-9e331c11837c
2120376,2273948,Closed,Resolved by hubNashville on First Call,Resolved by hubNashville on First Call,Resolved by hubNashville on First Call,,,,,,,,,,,1787937983000,1787937983000.0,,156a6e5e-1e38-4bcf-b005-2b9b4d3377fd
2120375,2273946,Closed,"Trash, Recycling & Litter",Waste Services Escalation,Escalation Trash Issues,,,,,,"713 28th Ave N, Nashville, TN 37208, United States",NASHVILLE,21.0,36.1596546,-86.81905119999999,1787937946000,1787940944000.0,37208,4785de57-e447-4146-aeb8-c5dd139258ec
2120374,2273945,Assigned,"Trash, Recycling & Litter",Unwanted Recycling or Trash,Unwanted Trash,,,,,,"1109 Glenview Dr, Nashville, TN 37206, United States",NASHVILLE,6.0,36.1643553,-86.75108999999999,1787937915000,,37206,f9a5eb1a-9e65-419e-8c8e-3d78acf19065
2120373,2273944,Closed,Resolved by hubNashville on First Call,Resolved by hubNashville on First Call,Resolved by hubNashville on First Call,,,,,,,,,,,1787937895000,1787937895000.0,,d7f29dff-976c-439f-bdb3-ef2c9c90f6fb
2120372,2273943,New,Parks and Environment,Maintenance Request,Landscaping Request,,,,,,"2009 Sevier St, Nashville, TN 37206, United States",NASHVILLE,6.0,36.16485412466583,-86.73543748803147,1787937831000,,37206,6183dd52-43f8-4ec3-b0f7-a50d8aa2aa32
2120371,2273942,Closed,Resolved by hubNashville on First Call,Resolved by hubNashville on First Call,Resolved by hubNashville on First Call,,,,,,,,,,,1787937754000,1787937754000.0,,b08c1759-72e5-4da1-b091-3496362a25ba
2120370,2273941,Assigned,"Trash, Recycling & Litter",Missed Pickup - Trash Cart Service,Trash - Curbside/Alley Missed Pickup,,,,,,"2344 Riverside Dr, Nashville, TN 37216, United States",NASHVILLE,7.0,36.2072599,-86.7231912,1787937710000,,37216,b2c146d3-e059-448a-b14c-7ad65e8e6d1f
2120369,2273939,Closed,Resolved by hubNashville on First Call,Resolved by hubNashville on First Call,Resolved by hubNashville on First Call,,,,,,"3305 William Bailey Dr, Nashville, TN 37207, United States",NASHVILLE,2.0,36.2123852,-86.8133487,1787937645000,1787937645000.0,37207,b0abb465-8eea-4f27-a22e-a76038bbb583
2120368,2273938,Assigned,"Trash, Recycling & Litter",Unwanted Recycling or Trash,Unwanted Trash,,,,,,"412 Gallatin Pike S, Nashville, TN 37115, United States",MADISON,9.0,36.25879949999999,-86.7137979,1787937603000,,37115,a3664136-1448-43b2-9e48-8ccc761b1559
2120367,2273937,Closed,Resolved by hubNashville on First Call,Resolved by hubNashville on First Call,Resolved by hubNashville on First Call,,,,,,,,,,,1787937555000,1787937555000.0,,bfaad71f-421b-4442-84ea-9243b66b4895
2120366,2273936,Closed,"Trash, Recycling & Litter",Missing Trash Cart,Missing Trash Cart,,,,,,"330 Commerce St, Nashville, TN 37201, United States",NASHVILLE,19.0,36.1630394,-86.77734629999999,1787937524000,1787947746000.0,37201,7b47a8f1-71fe-4426-b6b3-e27925aede41
2120365,2273933,Assigned,"Trash, Recycling & Litter",Brush Collection,Brush Collection,,,,,,"2108 Crestline Dr, Nashville, TN 37214, United States",NASHVILLE,15.0,36.1746695,-86.6943392,1787937323000,,37214,73e1c792-bb75-4dc7-9664-ea4bdeb1d799
2120364,2273932,Closed,Public Safety,Control Number Request for Towing,Control Number Request for Towing,,,,,,"1717 Beechwood Ave, Nashville, TN 37212, USA",NASHVILLE,18.0,36.1260355,-86.7977829,1787937313000,1787937313000.0,37212,2345f82a-5e11-44ca-9041-3c479780ca51
2120363,2273931,Closed,Resolved by hubNashville on First Call,Resolved by hubNashville on First Call,Resolved by hubNashville on First Call,,,,,,,,,,,1787937311000,1787937311000.0,,87e9dd8b-cceb-478f-bbfc-43681ec5b038
2120362,2273930,Closed,"Trash, Recycling & Litter",Missed Pickup - Recycle Cart Service,Recycle - Curbside/Alley Missed Pickup,,,,,,"1904 Linden Ave, Nashville, TN 37212, United States",NASHVILLE,18.0,36.127939,-86.799604,1787937289000,1788037163000.0,37212,0bdf418d-44a8-4a08-982a-28edb019bb9f
2120361,2273929,Closed,Public Safety,Control Number Request for Towing,Control Number Request for Towing,,,,,,"4040 Nolensville Pk, Nashville, TN 37211, United States",NASHVILLE,30.0,36.0824717,-86.725605,1787937230000,1787937230000.0,37211,d8286ae4-648e-4605-9c3e-904f2bf57b32
2120360,2273928,Closed,Resolved by hubNashville on First Call,Resolved by hubNashville on First Call,Resolved by hubNashville on First Call,,,,,,,,,,,1787937226000,1787937226000.0,,aadea659-6369-474e-9606-fdcc4f0993d7
2120359,2273927,Closed,Resolved by hubNashville on First Call,Resolved by hubNashville on First Call,Resolved by hubNashville on First Call,,,,,,,,,,,1787937171000,1787937171000.0,,e521ed18-a8a7-4619-945c-2f828626729b
2120358,2273926,New,Public Safety,Stray Animals,Stray Animals,,,,,,"514 Williamsburg Dr, Nashville, TN 37214, United States",NASHVILLE,13.0,36.125817,-86.631412,1787937109000,,37214,9680f236-2f13-4c68-9c10-06dbc60527f3
2120357,2273925,Closed,"Trash, Recycling & Litter",File a Trash or Recycling Complaint,Trash collection Complaint,,,,,,"308 Scott Ave, Nashville, TN 37206, United States",NASHVILLE,6.0,36.1867531,-86.7332218,1787937090000,1788022780000.0,37206,1283de83-1172-4821-bacf-72e2f108f47f
2120356,2273924,Closed,Resolved by hubNashville on First Call,Resolved by hubNashville on First Call,Resolved by hubNashville on First Call,,,,,,,,,,,1787937081000,1787937081000.0,,19f34215-f4c7-43d1-a989-1208df4e1adf
2120355,2273923,Assigned,"Trash, Recycling & Litter",Unwanted Recycling or Trash,Unwanted Trash,,,,,,"209 N 16th St, Nashville, TN 37206, United States",NASHVILLE,6.0,36.1785686,-86.74131349999999,1787937070000,,37206,f08fe7c8-15d5-49c6-9441-fa75ee4f6a53
2120354,2273922,Closed,Resolved by hubNashville on First Call,Resolved by hubNashville on First Call,Resolved by hubNashville on First Call,,,,,,,,,,,1787936982000,1787936982000.0,,a6a3b43f-0951-4f65-8197-149dc59f7bba
2120353,2273921,Closed,Resolved by hubNashville on First Call,Resolved by hubNashville on First Call,Resolved by hubNashville on First Call,,,,,,,,,,,1787936979000,1787936979000.0,,ff13997e-94e4-4005-9405-52992902ffc6
2120352,2273920,Closed,Resolved by hubNashville on First Call,Resolved by hubNashville on First Call,Resolved by hubNashville on First Call,,,,,,,,,,,1787936974000,1787936974000.0,,80e2f9ec-e181-4016-8c82-658c46385784
2120351,2273919,Closed,Public Safety,Control Number Request for Towing,Control Number Request for Towing,,,,,,"Pennington Centre Blvd, Nashville, TN 37214, USA",NASHVILLE,15.0,36.2195157,-86.6908467,1787936969000,1787936969000.0,37214,20450605-22ec-4d6c-84a7-2586552143b4
2120350,2273918,Closed,Public Safety,Control Number Request for Towing,Control Number Request for Towing,,,,,,"2400 Children's Way, Nashville, TN 37212, United States",NASHVILLE,18.0,36.1393279,-86.8058363,1787936964000,1787936964000.0,37212,39d7a0ac-a38a-4126-a9fa-6bb067961547
2120349,2273917,Assigned,"Trash, Recycling & Litter",Missed Pickup - Trash Cart Service,Trash - Curbside/Alley Missed Pickup,,,,,,"943B 31st Ave N, Nashville, TN 37209, United States",NASHVILLE,21.0,36.1628638,-86.8236343,1787936957000,,37209,86e5926a-e426-4ed4-bdb3-c632761b1a07
2120348,2273916,Closed,Resolved by hubNashville on First Call,Resolved by hubNashville on First Call,Resolved by hubNashville on First Call,,,,,,,,,,,1787936952000,1787936952000.0,,2e57322e-98bd-4829-9344-1865df60b631
2120347,2273915,Closed,Resolved by hubNashville on First Call,Resolved by hubNashville on First Call,Resolved by hubNashville on First Call,,,,,,,,,,,1787936934000,1787936934000.0,,41d1bcde-e79d-409e-94c7-8f530d1e948d
2120346,2273914,Closed,Resolved by hubNashville on First Call,Resolved by hubNashville on First Call,Resolved by hubNashville on First Call,,,,,,,,,,,1787936913000,1787936913000.0,,43d41a1d-63b9-47d9-bb06-02fff3829f53
2120345,2273913,Closed,Resolved by hubNashville on First Call,Resolved by hubNashville on First Call,Resolved by hubNashville on First Call,,,,,,,,,,,1787936892000,1787936892000.0,,ef36dd1f-27e4-4485-9b6d-0078c6e9ae9d
2120344,2273912,Closed,Resolved by hubNashville on First Call,Resolved by hubNashville on First Call,Resolved by hubNashville on First Call,,,,,,,,,,,1787936873000,1787936873000.0,,62ccca86-78fc-4f13-931a-4f3d8221b990
2120343,2273911,Assigned,Property Violations,Dilapidated Structures,Dilapidated Structures,,,,,,"1729 17th Ave N, Nashville, TN 37208, United States",NASHVILLE,21.0,36.178131,-86.8098486,1787936866000,,37208,bd8273a0-eb25-4115-8ea3-e319eebfdc74
2120342,2273910,Assigned,"Trash, Recycling & Litter",Cart Service,Trash - Report a Damaged Cart,,,,,,"219 Ewing Dr, Nashville, TN 37207, United States",NASHVILLE,2.0,36.2308841,-86.7678918,1787936865000,,37207,c7afa76e-925f-4f60-8654-2c34b3754958
2120341,2273909,Closed,Resolved by hubNashville on First Call,Resolved by hubNashville on First Call,Resolved by hubNashville on First Call,,,,,,,,,,,1787936863000,1787936863000.0,,aecdf51c-3b4a-4e61-b4c7-c09d12919d1a
2120340,2273908,New,"Streets, Roads & Sidewalks",Damaged Sign,Street or Roadway,,,,,,"101 Point Landing, Nashville, TN 37076, United States",HERMITAGE,12.0,36.15257199462637,-86.59028866363884,1787936827000,,37076,3ce9de51-4891-424b-9810-fec39cc1de36
2120339,2273907,Closed,"Trash, Recycling & Litter",File a Trash or Recycling Complaint,Trash collection Complaint,,,,,,"219 Ewing Dr, Nashville, TN 37207, United States",NASHVILLE,2.0,36.2308841,-86.7678918,1787936784000,1787938042000.0,37207,82da608c-1ef8-49c3-8db0-1042afabe15f
2120338,2273906,New,"Streets, Roads & Sidewalks",Overgrowth on right of way,Roadway,,,,,,"Sunset Dr & Highland Dr, Nashville, TN 37207, USA",NASHVILLE,5.0,36.2235063,-86.759362,1787936737000,,37207,8247bf3f-ebe4-4e8d-9d1c-eeb3b98d0312
2120337,2273905,Assigned,"Trash, Recycling & Litter",Missed Pickup - Trash Cart Service,Trash - Curbside/Alley Missed Pickup,,,,,,1904 Linden Ave,NASHVILLE,17.0,36.1311905,-86.7745456,1787936731000,,37212,2c901a1f-f83e-4929-adeb-ac75286402a5
2120336,2273904,Closed,Resolved by hubNashville on First Call,Resolved by hubNashville on First Call,Resolved by hubNashville on First Call,,,,,,,,,,,1787936698000,1787936698000.0,,421f6eb1-2d29-4db8-bfff-6aac3c044087
2120335,2273902,Closed,Public Safety,Control Number Request for Towing,Control Number Request for Towing,,,,,,"Pennington Centre Blvd, Nashville, TN 37214, USA",NASHVILLE,15.0,36.2195157,-86.6908467,1787936678000,1787936678000.0,37214,2058df2a-9fa8-4493-a3b2-acaeefc7d4f6
2120334,2273901,Assigned,"Trash, Recycling & Litter",Missing Trash Cart,,,,,,,"916 19th Ave S, Nashville, TN 37212, United States",NASHVILLE,17.0,36.1475115,-86.7958946,1787936644000,,37212,a2b2b058-7d3b-4ba9-b35b-b9c4ceaedecb
2120333,2273900,Closed,Resolved by hubNashville on First Call,Resolved by hubNashville on First Call,Resolved by hubNashville on First Call,,,,,,,,,,,1787936635000,1787936635000.0,,f8a82560-39d6-4d3b-a66d-8b944f57d157
2120332,2273899,Closed,Public Safety,Control Number Request for Towing,Control Number Request for Towing,,,,,,"440 3rd Ave N, Nashville, TN 37201, United States",NASHVILLE,19.0,36.1685276,-86.780153,1787936563000,1787936563000.0,37201,9c84df12-1ba8-47bf-842d-305e7ef91b8b
2120331,2273898,Closed,Resolved by hubNashville on First Call,Resolved by hubNashville on First Call,Resolved by hubNashville on First Call,,,,,,,,,,,1787936520000,1787936520000.0,,50b8102f-5507-4bb0-a200-4a215abd08c0
2120330,2273897,Closed,Resolved by hubNashville on First Call,Resolved by hubNashville on First Call,Resolved by hubNashville on First Call,,,,,,,,,,,1787936443000,1787936443000.0,,abf06882-f74b-4012-af6b-2b4f440748ec
2120329,2273896,Closed,Resolved by hubNashville on First Call,Resolved by hubNashville on First Call,Resolved by hubNashville on First Call,,,,,,"2746 Old Matthews Rd, Nashville, TN 37207, United States",NASHVILLE,2.0,36.2193991,-86.7931577,1787936439000,1787936439000.0,37207,2c04c532-a3cc-47d0-983d-be61e918739f
2120328,2273894,Closed,Resolved by hubNashville on First Call,Resolved by hubNashville on First Call,Resolved by hubNashville on First Call,,,,,,,,,,,1787936297000,1787936297000.0,,d6f6907f-699f-4cb6-8e93-70bb6cb6778b
2120327,2273893,Closed,"Trash, Recycling & Litter",Missed Pickup - Recycle Cart Service,Recycle - Curbside/Alley Missed Pickup,,,,,,"1038 Zophi St, Nashville, TN 37216, United States",NASHVILLE,5.0,36.204841,-86.742496,1787936152000,1788037142000.0,37216,fba833bc-955e-4238-8a58-094804a60529
2120326,2273892,Closed,Public Safety,Repossessed Vehicle,Repossessed Vehicle,,,,,,,,,,,1787936137000,1787936137000.0,,48f792bd-c30a-47bc-9281-cba7515cb685
2120325,2273891,Closed,Public Safety,Request Non-Emergency Police Assistance,Request Non-Emergency Police Assistance,,,,,,"259 Madison Blvd, Nashville, TN 37115, United States",MADISON,7.0,36.2534192,-86.71042109999999,1787936134000,1787954760000.0,37115,a3edd354-5709-42ab-9838-f709acf70ad0
2120324,2273890,Closed,Resolved by hubNashville on First Call,Resolved by hubNashville on First Call,Resolved by hubNashville on First Call,,,,,,"800 Barrington Pl Dr, Brentwood, TN 37027, United States",BRENTWOOD,4.0,36.0383712,-86.7541141,1787936098000,1787936098000.0,37027,bba160bd-82be-42b5-8eb8-b925f7db35b2
2120323,2273889,Assigned,"Trash, Recycling & Litter",Missed Pickup - Trash Cart Service,Trash - Curbside/Alley Missed Pickup,,,,,,"2645 Forest View Dr, Nashville, TN 37013, United States",ANTIOCH,29.0,36.0719484,-86.626539,1787936076000,,37013,3f8eb2a1-3d19-43e4-b50d-524d6f4b5b5b
2120322,2273888,Assigned,"Trash, Recycling & Litter",Unwanted Recycling or Trash,Unwanted Trash,,,,,,"1125 McChesney Ave, Nashville, TN 37216, United States",NASHVILLE,7.0,36.2132482,-86.7289402,1787936039000,,37216,5971b2f9-3ae6-42ab-b16b-eeecee1c1486
2120321,2273887,Assigned,Property Violations,Junk and Debris,Junk and Debris,,,,,,"2645 Forest View Dr, Nashville, TN 37013, United States",ANTIOCH,29.0,36.0719484,-86.626539,1787936016000,,37013,58af079f-6496-49a2-8dd6-872c8616cbde
2120320,2273886,New,"Streets, Roads & Sidewalks",Remove debris in roadway,Roadway,,,,,,"1808 16th Ave N, Nashville, TN 37208, USA",NASHVILLE,21.0,36.1806759,-86.809862,1787936007000,,37208,8ae75e97-0a94-45b2-9729-48bb5cf7e6ff
2120319,2273885,Assigned,"Trash, Recycling & Litter",Missed Pickup - Trash Cart Service,,,,,,,"1323 Pennock Ave, Nashville, TN 37207, United States",NASHVILLE,5.0,36.1951139,-86.7655671,1787936003000,,37207,abf99aa5-55df-4de1-9b68-568fed217847
2120318,2273884,Closed,Resolved by hubNashville on First Call,Resolved by hubNashville on First Call,Resolved by hubNashville on First Call,,,,,,,,,,,1787936002000,1787936002000.0,,7a0579cb-b898-420c-97de-be6a777416e3
2120317,2273883,Assigned,"Trash, Recycling & Litter",Missed Pickup - Trash Cart Service,Trash - Curbside/Alley Missed Pickup,,,,,,"2323 Nolensville Pk, Nashville, TN 37211, United States",NASHVILLE,16.0,36.1206148,-86.750624,1787935970000,,37211,2ffbc23b-bd02-4841-9e48-03ddcb49dcea
2120316,2273882,Closed,Public Safety,Control Number Request for Towing,Control Number Request for Towing,,,,,,"330 Pennington Centre Blvd, Nashville, TN 37214, USA",NASHVILLE,15.0,36.2209496,-86.69050539999999,1787935962000,1787935962000.0,37214,14744dae-9e06-44be-bba2-89816a9aeb41
2120315,2273881,Closed,Public Safety,Request Non-Emergency Police Assistance,Request Non-Emergency Police Assistance,,,,,,"2006 Smith Springs Rd, Nashville, TN 37217, United States",NASHVILLE,13.0,36.0970534,-86.6542675,1787935956000,1787954185000.0,37217,ef86d2cf-7af4-40c0-aa39-53a2b5e1cf16
2120314,2273880,Assigned,Property Violations,Tenant Complaint,Tenant Complaint,,,,,,"601 Press Pl, Nashville, TN 37208, United States",NASHVILLE,19.0,36.178787,-86.79226129999999,1787935848000,,37208,55cd29ee-49fa-4292-b1ad-35cd293f0b15
2120313,2273879,Closed,Resolved by hubNashville on First Call,Resolved by hubNashville on First Call,Resolved by hubNashville on First Call,,,,,,,,,,,1787935748000,1787935748000.0,,c6b64b80-58c6-4b7b-9230-91440bc95558
2120312,2273878,Closed,Resolved by hubNashville on First Call,Resolved by hubNashville on First Call,Resolved by hubNashville on First Call,,,,,,,,,,,1787935726000,1787935726000.0,,c61a15b9-a5dd-4241-95dc-e06d7f27b8e1
2120311,2273877,Closed,Resolved by hubNashville on First Call,Resolved by hubNashville on First Call,Resolved by hubNashville on First Call,,,,,,,,,,,1787935719000,1787935719000.0,,d20e1722-77ab-420c-9521-051b23ccc087
2120310,2273876,Closed,Resolved by hubNashville on First Call,Resolved by hubNashville on First Call,Resolved by hubNashville on First Call,,,,,,,,,,,1787935676000,1787935676000.0,,d1a467c3-db75-4948-b48e-5ffb9850bed1
2120309,2273875,Closed,Resolved by hubNashville on First Call,Resolved by hubNashville on First Call,Resolved by hubNashville on First Call,,,,,,,,,,,1787935637000,1787935637000.0,,71833338-7a1b-4ff6-8c98-c3c64920e146
2120308,2273874,Closed,Resolved by hubNashville on First Call,Resolved by hubNashville on First Call,Resolved by hubNashville on First Call,,,,,,,,,,,1787935610000,1787935610000.0,,d73ce920-85a3-4234-ab07-32a251925dcf
2120307,2273873,Closed,Resolved by hubNashville on First Call,Resolved by hubNashville on First Call,Resolved by hubNashville on First Call,,,,,,,,,,,1787935582000,1787935582000.0,,0de0d820-258e-4723-a732-12f1bfca61c4
2120306,2273872,Assigned,Property Violations,Tall Grass and Weeds,Tall Grass and Weeds,,,,,,"808 Palmer Pl, Nashville, TN 37203, United States",NASHVILLE,19.0,36.15363180000001,-86.78028042883604,1787935581000,,37203,33b8fad1-0137-4a80-bab4-17d555e9dccc
2120305,2273871,Closed,Resolved by hubNashville on First Call,Resolved by hubNashville on First Call,Resolved by hubNashville on First Call,,,,,,,,,,,1787935580000,1787935580000.0,,1ff4e2af-d41b-4784-8bf6-349813c7d59d
2120304,2273870,Closed,Resolved by hubNashville on First Call,Resolved by hubNashville on First Call,Resolved by hubNashville on First Call,,,,,,"203 Welworth St, Nashville, TN 37115, United States",MADISON,9.0,36.2819328,-86.7026803,1787935522000,1787935522000.0,37115,511d4c3d-3aa2-418b-b6cc-ea3675720e42
2120303,2273869,Closed,Resolved by hubNashville on First Call,Resolved by hubNashville on First Call,Resolved by hubNashville on First Call,,,,,,,,,,,1787935516000,1787935516000.0,,fa965dcf-a649-49be-ac18-4da17d2f5b87
2120302,2273868,Closed,Resolved by hubNashville on First Call,Resolved by hubNashville on First Call,Resolved by hubNashville on First Call,,,,,,,,,,,1787935477000,1787935477000.0,,0875c369-6d55-4a03-a18c-08eef2706cfb
2120301,2273867,Closed,Public Safety,Repossessed Vehicle,Repossessed Vehicle,,,,,,,,,,,1787935342000,1787935342000.0,,1482f56b-2079-45e5-a67a-4169ebf21bf9
2120300,2273866,Closed,Resolved by hubNashville on First Call,Resolved by hubNashville on First Call,Resolved by hubNashville on First Call,,,,,,"1302 Jones St, Nashville, TN 37138, United States",OLD HICKORY,11.0,36.2572049,-86.64617059999999,1787935337000,1787935337000.0,37138,11ca1925-663f-4159-a48d-8567a72eb20a
2120299,2273865,New,"Streets, Roads & Sidewalks",Roadwork Complaint,Roadwork Complaint,,,,,,"Hamilton Crossings & Hamilton Church Rd, Nashville, TN 37013, USA",ANTIOCH,32.0,36.06266360000001,-86.63075620000001,1787935314000,,37013,41745d61-156c-4c3e-98d2-e06f92e5a2ff
2120298,2273864,Assigned,Property Violations,Residential Complaint,Residential Complaint,,,,,,"661 Lake Terrace Dr, Nashville, TN 37217, United States",NASHVILLE,29.0,36.0840676,-86.615364,1787935252000,,37217,22916243-5960-4b12-9416-cc5faa99415e
2120297,2273863,Closed,Public Safety,Control Number Request for Towing,Control Number Request for Towing,,,,,,"2311 Pierce Ave, Nashville, TN 37232, United States",NASHVILLE,18.0,36.139746,-86.8031804,1787935243000,1787935243000.0,37212,a857d5f8-b5e5-4abf-8f5f-b995727d5dcf
2120296,2273862,New,Parks and Environment,Maintenance Request,Landscaping Request,,,,,,"2009 Sevier St, Nashville, TN 37206, United States",NASHVILLE,6.0,36.165828038122825,-86.73471589477832,1787935212000,,37206,914bab2d-6e8c-4097-9b5c-633d795dbdad
2120295,2273861,Closed,Resolved by hubNashville on First Call,Resolved by hubNashville on First Call,Resolved by hubNashville on First Call,,,,,,,,,,,1787935173000,1787935173000.0,,7b913e6f-02b8-4a46-9e2b-7696376e01f1
2120294,2273860,Closed,Resolved by hubNashville on First Call,Resolved by hubNashville on First Call,Resolved by hubNashville on First Call,,,,,,"433 Rockwood Dr, Nashville, TN 37076, United States",HERMITAGE,12.0,36.1763763,-86.5964489,1787935132000,1787935132000.0,37076,f70fff89-70ef-4bde-bb5f-0e12781518d0
2120293,2273859,Assigned,"Trash, Recycling & Litter",Cart Service,Recycling - Report a Stolen Cart,,,,,,"121 Rhine Dr, Nashville, TN 37115, United States",MADISON,3.0,36.2602763,-86.7395402,1787935102000,,37115,041b12d1-9fd5-4bd2-b446-208f9a8c7b2c
2120292,2273858,Closed,Resolved by hubNashville on First Call,Resolved by hubNashville on First Call,Resolved by hubNashville on First Call,,,,,,"4100 Rockdale Ave, Nashville, TN 37204, United States",NASHVILLE,25.0,36.1034209,-86.7908611,1787935072000,1787935072000.0,37204,329ad732-a6ef-4a5a-9ebb-6e2247149088
2120291,2273857,Assigned,"Trash, Recycling & Litter",Unwanted Recycling or Trash,Unwanted Recycling,,,,,,"121 Rhine Dr, Nashville, TN 37115, United States",MADISON,3.0,36.2602763,-86.7395402,1787935063000,,37115,f0853a12-68c6-41bf-8fe5-9465b1f75cf7
2120290,2273856,Closed,Public Safety,Repossessed Vehicle,Repossessed Vehicle,,,,,,,,,,,1787934906000,1787934906000.0,,f4f383f3-77e5-4e73-bea1-36dd44b173b3
2120289,2273855,New,"Streets, Roads & Sidewalks",Damaged Sign,Street or Roadway,,,,,,"Scotts Creek Pkwy & Scotts Creek Trail, Nashville, TN 37076, USA",HERMITAGE,14.0,36.2033231,-86.59301479999999,1787934892000,,37076,0a2b21ff-ed30-48cb-a8d1-336b8e86fc19
2120288,2273854,Closed,Public Safety,Request Non-Emergency Police Assistance,Request Non-Emergency Police Assistance,,,,,,"329 Donelson Pike, Nashville, TN 37214, United States",NASHVILLE,15.0,36.1568574,-86.66432600000002,1787934829000,1787935161000.0,37214,7e2079c9-17ca-4190-9884-2e193e8cca23
2120287,2273853,Closed,Resolved by hubNashville on First Call,Resolved by hubNashville on First Call,Resolved by hubNashville on First Call,,,,,,,,,,,1787934814000,1787934814000.0,,bec563a7-655f-456f-8423-9f7e9407fcec
2120286,2273852,Assigned,"Trash, Recycling & Litter",Cart Service,Trash - Report a Damaged Cart,,,,,,"309 Antioch Pike, Nashville, TN 37211, United States",NASHVILLE,16.0,36.101521729454234,-86.73805014232788,1787934784000,,37211,ea6cca99-1c13-4951-be08-e9f09769047d
2120285,2273851,Closed,Resolved by hubNashville on First Call,Resolved by hubNashville on First Call,Resolved by hubNashville on First Call,,,,,,,,,,,1787934771000,1787934771000.0,,b2c2ee1b-7027-4efe-83a6-fa02bf16de6b
2120284,2273850,Closed,Resolved by hubNashville on First Call,Resolved by hubNashville on First Call,Resolved by hubNashville on First Call,,,,,,,,,,,1787934764000,1787934764000.0,,f386638d-0722-4ed5-b52d-a8ee3d9d0136
2120283,2273849,Closed,Resolved by hubNashville on First Call,Resolved by hubNashville on First Call,Resolved by hubNashville on First Call,,,,,,,,,,,1787934714000,1787934714000.0,,1a183135-ae1a-4eb4-a695-aec53db48f6a
2120282,2273848,Closed,Resolved by hubNashville on First Call,Resolved by hubNashville on First Call,Resolved by hubNashville on First Call,,,,,,,,,,,1787934655000,1787934655000.0,,b12abd51-6988-47c7-9529-10934b6d4f76
2120281,2273847,Closed,Resolved by hubNashville on First Call,Resolved by hubNashville on First Call,Resolved by hubNashville on First Call,,,,,,,,,,,1787934623000,1787934623000.0,,9911479b-a46d-48a1-aa6f-42abee6c1022
2120280,2273845,Closed,Public Safety,Repossessed Vehicle,Repossessed Vehicle,,,,,,,,,,,1787934512000,1787934512000.0,,60fbb8f1-f8f9-49a8-b8c6-dadb0aebbd55
2120279,2273844,Assigned,"Trash, Recycling & Litter",Cart Service,Trash - Report a Damaged Cart,,,,,,"2510 Dickerson Pike, Nashville, TN 37207, United States",NASHVILLE,2.0,36.2115217,-86.76619819999999,1787934492000,,37207,53083c22-6d1c-46e9-9082-5a4b45ca9b04
2120278,2273842,Closed,Resolved by hubNashville on First Call,Resolved by hubNashville on First Call,Resolved by hubNashville on First Call,,,,,,,,,,,1787934439000,1787934439000.0,,aeb772c9-0756-4715-b38a-054dc5fb1acf
2120277,2273841,Closed,Resolved by hubNashville on First Call,Resolved by hubNashville on First Call,Resolved by hubNashville on First Call,,,,,,,,,,,1787934439000,1787934439000.0,,c77d2a68-181c-4dfd-ac07-752a4473e985
2120276,2273840,Closed,Resolved by hubNashville on First Call,Resolved by hubNashville on First Call,Resolved by hubNashville on First Call,,,,,,,,,,,1787934376000,1787934376000.0,,a9672bf8-f909-4e62-8204-a0ddbb9af220
2120275,2273839,Closed,Resolved by hubNashville on First Call,Resolved by hubNashville on First Call,Resolved by hubNashville on First Call,,,,,,,,,,,1787934354000,1787934354000.0,,48bc39af-da4d-4f6b-b486-5efb75aebfde
2120274,2273838,Closed,Resolved by hubNashville on First Call,Resolved by hubNashville on First Call,Resolved by hubNashville on First Call,,,,,,,,,,,1787934279000,1787934279000.0,,03618ee6-9d3e-4903-9928-7e9f16091374
2120273,2273837,Closed,Resolved by hubNashville on First Call,Resolved by hubNashville on First Call,Resolved by hubNashville on First Call,,,,,,,,,,,1787934274000,1787934274000.0,,b1a9a7d8-4a48-4e27-93cb-75dafb22de65
2120272,2273836,Closed,Resolved by hubNashville on First Call,Resolved by hubNashville on First Call,Resolved by hubNashville on First Call,,,,,,"4911 Sewanee Rd, Nashville, TN 37220, United States",NASHVILLE,25.0,36.0793381,-86.79990509999999,1787934269000,1787934269000.0,37220,72cb92ce-38cb-422d-86e9-295ccbb90cd5
2120271,2273835,Closed,Resolved by hubNashville on First Call,Resolved by hubNashville on First Call,Resolved by hubNashville on First Call,,,,,,,,,,,1787934201000,1787934201000.0,,03cd7acb-ee33-4b40-85be-5d2d8a5a7d38
2120270,2273834,New,Public Safety,Improperly Parked Vehicles,Improperly Parked Vehicles,,,,,,"8241 US-70S, Nashville, TN 37221, USA",NASHVILLE,22.0,36.09084591298456,-86.97846371680498,1787934191000,,37221,ad6084e9-d300-4c2e-97b8-fd609b05aef6
2120269,2273833,Closed,Resolved by hubNashville on First Call,Resolved by hubNashville on First Call,Resolved by hubNashville on First Call,,,,,,"2400 Brasher Ave, Nashville, TN 37206, United States",NASHVILLE,5.0,36.194926,-86.74876499999999,1787934177000,1787934177000.0,37206,514f5aaa-d6d7-48b8-b450-8df1d69bef49
2120268,2273832,Closed,Resolved by hubNashville on First Call,Resolved by hubNashville on First Call,Resolved by hubNashville on First Call,,,,,,,,,,,1787934070000,1787934070000.0,,6d3037f8-bf9e-456f-9d36-a7b59654128c
2120267,2273831,New,Electric & Water General,Stormwater Pollution,Single-Family Residential,,,,,,"120 Dellway Dr, Nashville, TN 37207, United States",NASHVILLE,5.0,36.2145494,-86.76209109999999,1787934060000,,37207,70e43b65-d237-406b-b29c-84137dc1c726
2120266,2273830,Assigned,Property Violations,Residential Complaint,Residential Complaint,,,,,,"3313 Harpeth Springs Dr, Nashville, TN 37221, United States",NASHVILLE,22.0,36.0729863,-86.9745801,1787934042000,,37221,82511905-f418-44bc-803a-9662922b5c67
2120265,2273829,Closed,Resolved by hubNashville on First Call,Resolved by hubNashville on First Call,Resolved by hubNashville on First Call,,,,,,,,,,,1787933985000,1787933985000.0,,ce8cad5f-1a07-4934-a1ab-8cd91cba36c4
2120264,2273828,Closed,Resolved by hubNashville on First Call,Resolved by hubNashville on First Call,Resolved by hubNashville on First Call,,,,,,,,,,,1787933979000,1787933979000.0,,c4b05e71-2429-42f8-9941-040a1a6287b3
2120263,2273827,Closed,Resolved by hubNashville on First Call,Resolved by hubNashville on First Call,Resolved by hubNashville on First Call,,,,,,"1421 Forest Side Ct, Nashville, TN 37221, United States",NASHVILLE,35.0,36.065161,-86.962516,1787933873000,1787933873000.0,37221,0ad82aba-8dd6-427c-97ea-c454cdbd0ff3
2120262,2273826,New,Public Safety,Improperly Parked Vehicles,Improperly Parked Vehicles,,,,,,"2301 12th Ave S, Nashville, TN 37204, United States",NASHVILLE,18.0,36.1275148,-86.78932999999999,1787933860000,,37204,c0a34e27-0cb4-472f-afc1-9c69b6a65089
2120261,2273825,Transferred,Permits,Building Permits,Building Permits,,,,,,"2908 12th Ave S, Nashville, TN 37204, United States",NASHVILLE,18.0,36.12097287003681,-86.79010459436316,1787933777000,,37204,042be540-535a-4682-83bf-c0978fa126e9
2120260,2273824,Assigned,"Trash, Recycling & Litter",Cart Service,Trash - Report a Damaged Cart,,,,,,"1904 Rosebank Ave, Nashville, TN 37216, United States",NASHVILLE,7.0,36.198159,-86.7056901,1787933733000,,37216,7bebd3df-897f-4713-b4c8-2a46fc4db5d4
2120259,2273823,Closed,Resolved by hubNashville on First Call,Resolved by hubNashville on First Call,Resolved by hubNashville on First Call,,,,,,,,,,,1787933640000,1787933640000.0,,f2082f5c-5785-4d92-a84f-94291fecb16e
2120258,2273822,Closed,"Trash, Recycling & Litter",File a Trash or Recycling Complaint,Trash collection Complaint,,,,,,"508 Madison St, Nashville, TN 37208, United States",NASHVILLE,19.0,36.17518265200467,-86.78893531838531,1787933612000,1787943341000.0,37208,c1b8d125-7a18-4e31-b0fb-ec23420a19a0
2120257,2273821,Closed,Resolved by hubNashville on First Call,Resolved by hubNashville on First Call,Resolved by hubNashville on First Call,,,,,,,,,,,1787933529000,1787933529000.0,,1b47477c-5acb-4086-bdb5-b4be2b836f6c
2120256,2273820,Assigned,"Trash, Recycling & Litter",Cart Service,Trash - Report a Damaged Cart,,,,,,"717 Blackstone Ave, Madison, TN 37115, USA",MADISON,9.0,36.2545524,-86.6967301,1787933493000,,37115,2faf44e6-825b-451f-b22d-41efd4f6457c
2120255,2273819,Closed,Resolved by hubNashville on First Call,Resolved by hubNashville on First Call,Resolved by hubNashville on First Call,,,,,,,,,,,1787933466000,1787933466000.0,,2fc86004-abcd-47c8-a38e-585efb5a9381
2120254,2273817,New,"Streets, Roads & Sidewalks",Paving Request,Info on Paving,,,,,,"1707 Primrose Ave, Nashville, TN 37212, United States",NASHVILLE,18.0,36.119965961588605,-86.7977638,1787933447000,,37212,d07cce9e-7e8f-4b8b-b264-4053511f35a0
2120253,2273816,Closed,Resolved by hubNashville on First Call,Resolved by hubNashville on First Call,Resolved by hubNashville on First Call,,,,,,,,,,,1787933438000,1787933438000.0,,1709509b-e64c-44b8-8347-ac23649dfc67
2120252,2273815,Closed,Other Metro Services and Forms,Clerk - Do Not Knock Registry,Clerk - Do Not Knock Registry,,,,,,"2926 Lakeland Dr, Nashville, TN 37214, United States",NASHVILLE,15.0,36.153874,-86.65576109999999,1787933427000,1787933427000.0,37214,80043375-c2c8-4a5b-9b5f-9a6e631f0070
2120251,2273814,Closed,Public Safety,Control Number Request for Towing,Control Number Request for Towing,,,,,,"330 10th Ave N, Nashville, TN 37203, United States",NASHVILLE,19.0,36.1630811,-86.78695530000002,1787933290000,1787933290000.0,37203,1ee9954c-b27c-4335-a0f9-00636f48991c
2120250,2273813,New,"Streets, Roads & Sidewalks",Obstruction of right of way,Roadway,,,,,,"Sedberry Rd & Cargile Rd, Nashville, TN 37205, USA",NASHVILLE,23.0,36.1055363,-86.8722447,1787933269000,,37205,a9ba0582-f1a6-43f3-b654-40c80c27e3aa
2120249,2273812,Assigned,Property Violations,Residential Complaint,Residential Complaint,,,,,,"2908 12th Ave S, Nashville, TN 37204, United States",NASHVILLE,18.0,36.120926189443416,-86.7901328735409,1787933248000,,37204,e497f749-626b-46a5-8d1e-e63dd8781b30
2120248,2273811,Assigned,"Trash, Recycling & Litter",Missed Pickup - Recycle Cart Service,Recycle - Curbside/Alley Missed Pickup,,,,,,"411 American Rd, Nashville, TN 37209, United States",NASHVILLE,20.0,36.1462236,-86.8738777,1787933221000,,37209,a8f57a1f-6761-4ec7-b66c-8846becb60db
2120247,2273810,Closed,"Trash, Recycling & Litter",File a Trash or Recycling Complaint,Trash collection Complaint,,,,,,"2239 Greenwood Ave, Nashville, TN 37206, United States",NASHVILLE,6.0,36.188065,-86.723243,1787933129000,1787951118000.0,37206,693ef335-3ae4-4a74-925f-95461e631849
2120246,2273809,Closed,Resolved by hubNashville on First Call,Resolved by hubNashville on First Call,Resolved by hubNashville on First Call,,,,,,,,,,,1787933036000,1787933036000.0,,8703cceb-b51f-480f-bf81-e6183f9c1b1a
2120245,2273808,Closed,Other Metro Services and Forms,Clerk - Do Not Knock Registry,Clerk - Do Not Knock Registry,,,,,,"1612 Benjamin St, Nashville, TN 37206, United States",NASHVILLE,6.0,36.1863589,-86.7394188,1787933019000,1787933019000.0,37206,2186d731-3053-42ed-be4e-2b6310db514c
2120244,2273807,Closed,Resolved by hubNashville on First Call,Resolved by hubNashville on First Call,Resolved by hubNashville on First Call,,,,,,,,,,,1787932955000,1787932955000.0,,3338fb6b-10fa-41eb-aa8f-d2b580448d7f
2120243,2273806,Closed,Resolved by hubNashville on First Call,Resolved by hubNashville on First Call,Resolved by hubNashville on First Call,,,,,,,,,,,1787932939000,1787932939000.0,,3d709ec4-eaac-459a-bfb1-8679c7106506
2120242,2273805,Closed,Resolved by hubNashville on First Call,Resolved by hubNashville on First Call,Resolved by hubNashville on First Call,,,,,,,,,,,1787932904000,1787932904000.0,,14e8721e-d8b8-4280-81d6-2bc269b1518d
2120241,2273804,Closed,Public Safety,Repossessed Vehicle,Repossessed Vehicle,,,,,,,,,,,1787932857000,1787932857000.0,,36b2bbfd-417c-4f37-9b59-9c1675ad79ba
2120240,2273803,Closed,Resolved by hubNashville on First Call,Resolved by hubNashville on First Call,Resolved by hubNashville on First Call,,,,,,,,,,,1787932843000,1787932843000.0,,5da4878b-b282-4335-b803-9ca539b8cd51
2120239,2273802,New,Property Violations,Door to Door Solicitation Violations,Door to Door Solicitation Violations,,,,,,,,,,,1787932832000,,,f8fa10f5-4170-46be-be6e-5bf661d7cf3b
2120238,2273801,Closed,Resolved by hubNashville on First Call,Resolved by hubNashville on First Call,Resolved by hubNashville on First Call,,,,,,,,,,,1787932818000,1787932818000.0,,06072b02-4880-4a82-bdd6-7de77f2f58a0
2120237,2273800,Closed,Resolved by hubNashville on First Call,Resolved by hubNashville on First Call,Resolved by hubNashville on First Call,,,,,,"501 Weakley Ave, Nashville, TN 37207, United States",NASHVILLE,2.0,36.1985952,-86.78071249999999,1787932800000,1787932800000.0,37207,6e271718-2d19-45ab-ba6a-de7315b06d75
2120236,2273799,Closed,Resolved by hubNashville on First Call,Resolved by hubNashville on First Call,Resolved by hubNashville on First Call,,,,,,,,,,,1787932788000,1787932788000.0,,bcf8bc5b-be5c-4be9-8a82-b61dc43655ea
2120235,2273798,Assigned,"Trash, Recycling & Litter",Cart Service,Trash - Report a Stolen Cart,,,,,,"3735 Baxter Ave, Nashville, TN 37216, United States",NASHVILLE,7.0,36.2146875,-86.7329752,1787932752000,,37216,f2168620-d179-463b-ad90-4c6686c2b131
2120234,2273797,Assigned,"Trash, Recycling & Litter",Cart Service,Trash - Report a Damaged Cart,,,,,,"652 Rowan Dr, Nashville, TN 37207, United States",NASHVILLE,2.0,36.2228625,-86.8097082,1787932681000,,37207,1e8d21a7-431c-4264-a9d9-e43a4d697753
2120233,2273796,Assigned,"Trash, Recycling & Litter",Cart Service,Trash - Report a Damaged Cart,,,,,,"3735 Baxter Ave, Nashville, TN 37216, United States",NASHVILLE,7.0,36.2146875,-86.7329752,1787932665000,,37216,ff8fb52f-df78-473a-bb37-9e3a14e6188a
2120232,2273795,Closed,Resolved by hubNashville on First Call,Resolved by hubNashville on First Call,Resolved by hubNashville on First Call,,,,,,,,,,,1787932562000,1787932562000.0,,7929b05b-cb71-476c-91dc-0a1a0c901d78
2120231,2273794,Closed,Public Safety,Control Number Request for Towing,Control Number Request for Towing,,,,,,"Sony Bmg, 1400 18th Ave S, Nashville, TN 37212, USA",NASHVILLE,17.0,36.1408022096616,-86.7961935326457,1787932545000,1787932545000.0,37212,61f39e20-703a-4866-8f15-4fecc29a92fd
2120230,2273793,Closed,Resolved by hubNashville on First Call,Resolved by hubNashville on First Call,Resolved by hubNashville on First Call,,,,,,,,,,,1787932527000,1787932527000.0,,e07417ec-0afb-4aac-8050-87e175ca08b8
2120229,2273792,Closed,Electric & Water General,Debris Removal,Debris Removal,,,,,,"2020 Strombury Dr, Nashville, TN 37076, United States",HERMITAGE,12.0,36.184216077129314,-86.59642775841577,1787932481000,1787936423000.0,37076,58741d30-b2c6-491f-8acc-101e69a512c4
2120228,2273791,Assigned,"Streets, Roads & Sidewalks",Roadwork Complaint,Roadwork Complaint,,,,,,Seberry rd,,,33.204729,-92.63973279999999,1787932440000,,,5d660bbe-29fa-4293-801a-b66af59665ed
2120227,2273790,Closed,Resolved by hubNashville on First Call,Resolved by hubNashville on First Call,Resolved by hubNashville on First Call,,,,,,,,,,,1787932402000,1787932402000.0,,5ad4775d-3553-4c70-b218-3318678b2de5
2120226,2273789,Closed,Resolved by hubNashville on First Call,Resolved by hubNashville on First Call,Resolved by hubNashville on First Call,,,,,,,,,,,1787932396000,1787932396000.0,,4dd11e7a-1041-4bb1-acec-d2add154483d
2120225,2273788,Closed,Public Safety,Control Number Request for Towing,Control Number Request for Towing,,,,,,"2311 Pierce Ave, Nashville, TN 37232, United States",NASHVILLE,18.0,36.139746,-86.8031804,1787932349000,1787932349000.0,37212,a8fe78e6-2afa-46e1-abc0-9cf7b5334eec
2120224,2273787,Closed,Public Safety,Extra Patrol Requests,Extra Patrol Requests,,,,,,"2509 12th Ave S, Nashville, TN 37204, United States",NASHVILLE,18.0,36.12467956968663,-86.78960349134555,1787932345000,1787935423000.0,37204,00578c8d-34a5-476d-92f2-e373e4760076
2120223,2273785,Closed,Public Safety,Control Number Request for Towing,Control Number Request for Towing,,,,,,"3302 Briley Park Blvd S, Nashville, TN 37207, USA",NASHVILLE,3.0,36.24165998158195,-86.78580231964588,1787932251000,1787932251000.0,37207,043ceb39-ec48-4237-b49a-b2911397b8c1
2120222,2273784,Assigned,"Trash, Recycling & Litter",Missed Pickup - Trash Cart Service,Trash - Curbside/Alley Missed Pickup,,,,,,"1530 Riverside Dr, Nashville, TN 37206, USA",NASHVILLE,7.0,36.1951443,-86.7237578,1787932231000,,37206,deb22d7a-8ef6-4b22-bf95-5dac4c38a7a1
2120221,2273782,Closed,Resolved by hubNashville on First Call,Resolved by hubNashville on First Call,Resolved by hubNashville on First Call,,,,,,,,,,,1787932210000,1787932210000.0,,debf9cb0-a223-4915-88ba-3ead039926ff
2120220,2273781,Closed,"Trash, Recycling & Litter",Waste Services Escalation,Escalation Trash Issues,,,,,,"1908 Fatherland St, Nashville, TN 37206, United States",NASHVILLE,6.0,36.17255590000001,-86.7362692,1787932204000,1787933525000.0,37206,0e8076cc-e2b0-4c5f-b20c-f5abb1415a95
2120219,2273780,Assigned,"Trash, Recycling & Litter",Cart Service,Recycling - Report a Stolen Cart,,,,,,"1708 17th Ave N, Nashville, TN 37208, United States",NASHVILLE,21.0,36.1773039,-86.80865469999999,1787932197000,,37208,40c24eea-6506-40ff-a3dc-d53ab2402a98
2120218,2273779,Assigned,"Trash, Recycling & Litter",Cart Service,Trash - Report a Stolen Cart,,,,,,"1708 17th Ave N, Nashville, TN 37208, United States",NASHVILLE,21.0,36.1773039,-86.80865469999999,1787932122000,,37208,5972edb9-7e8c-413d-b2d2-f56c2f73bb5a
2120217,2273778,Closed,Resolved by hubNashville on First Call,Resolved by hubNashville on First Call,Resolved by hubNashville on First Call,,,,,,,,,,,1787932043000,1787932043000.0,,228a8b94-a491-4a13-af7b-bdfacbbbcc0c
2120216,2273777,Closed,Resolved by hubNashville on First Call,Resolved by hubNashville on First Call,Resolved by hubNashville on First Call,,,,,,,,,,,1787932039000,1787932039000.0,,0ce44b6e-606e-44a7-9734-969481657468
2120215,2273775,Closed,Resolved by hubNashville on First Call,Resolved by hubNashville on First Call,Resolved by hubNashville on First Call,,,,,,,,,,,1787931984000,1787931984000.0,,736dd3fb-8f3b-4eae-9f59-b03120b14e83
2120214,2273774,Closed,"Trash, Recycling & Litter",Cart Service,Trash - Report a Damaged Cart,,,,,,"416 Hickory Trace Dr, Nashville, TN 37211, United States",NASHVILLE,27.0,36.0470178,-86.7169644,1787931958000,1787932813000.0,37211,85df774e-9f74-4736-ae37-6efaf8ad2e1e
2120213,2273773,Closed,Resolved by hubNashville on First Call,Resolved by hubNashville on First Call,Resolved by hubNashville on First Call,,,,,,,,,,,1787931950000,1787931950000.0,,8a5d35f4-2e05-44e6-afb2-66c191800f9b
2120212,2273772,Closed,Resolved by hubNashville on First Call,Resolved by hubNashville on First Call,Resolved by hubNashville on First Call,,,,,,"306 Nesbitt Ln, Nashville, TN 37115, United States",MADISON,3.0,36.2737041,-86.7169985,1787931932000,1787931932000.0,37115,423fd05e-25b1-4448-8c54-c70d6cf814f9
2120211,2273771,Closed,Resolved by hubNashville on First Call,Resolved by hubNashville on First Call,Resolved by hubNashville on First Call,,,,,,,,,,,1787931885000,1787931885000.0,,41a66acb-ec25-48e7-96af-f5bf55db94bc
2120210,2273770,Closed,Public Safety,Control Number Request for Towing,Control Number Request for Towing,,,,,,"3302 Briley Park Blvd S, Nashville, TN 37207, USA",NASHVILLE,3.0,36.240708401235025,-86.78610272705555,1787931879000,1787931879000.0,37207,6495ff5a-993f-43e7-ab40-fc491b06cdf5
2120209,2273769,Closed,Public Safety,Control Number Request for Towing,Control Number Request for Towing,,,,,,"2501 Powell Ave, Nashville, TN 37204, USA",NASHVILLE,26.0,36.10980711358001,-86.76763345671966,1787931836000,1787931836000.0,37204,2b819e0b-0b01-48c5-86e0-af7f9e96b7ca
2120208,2273768,New,Public Safety,Improperly Parked Vehicles,Improperly Parked Vehicles,,,,,,"299-101 US-41, Nashville, TN 37201, USA",NASHVILLE,19.0,36.16718715060145,-86.77923602060115,1787931801000,,37201,ce2ce7ec-3488-47fe-88c2-df3f9a8f91fb
2120207,2273767,Closed,Other Metro Services and Forms,Clerk - Do Not Knock Registry,Clerk - Do Not Knock Registry,,,,,,"1249 Beech Hollow Dr, Nashville, TN 37211, United States",NASHVILLE,4.0,36.0116707,-86.7333196,1787931754000,1787931754000.0,37211,fe3c0680-678b-4f2d-9c0f-dd62e0ec9b75
2120206,2273766,Assigned,"Trash, Recycling & Litter",Missed Pickup - Trash Cart Service,Trash - Curbside/Alley Missed Pickup,,,,,,"843 W Eastland Ave, Nashville, TN 37206, United States",NASHVILLE,5.0,36.1854591,-86.75826029999999,1787931749000,,37206,e2467d54-e9b5-4764-b4ce-86007d48434c
2120205,2273763,Closed,Resolved by hubNashville on First Call,Resolved by hubNashville on First Call,Resolved by hubNashville on First Call,,,,,,,,,,,1787931717000,1787931717000.0,,971c7a0d-fb64-4d11-be93-ab88e17bf0cc
2120204,2273762,New,"Streets, Roads & Sidewalks",Request New Sign,Request New Sign,,,,,,"3021 Ironwood Dr, Nashville, TN 37214, USA",NASHVILLE,15.0,36.157014259337075,-86.65352901443839,1787931681000,,37214,70bd4f74-1460-4da0-8326-dd1ab812d1a6
2120203,2273761,Closed,"Trash, Recycling & Litter",Missed Pickup - Recycle Cart Service,Recycle - Curbside/Alley Missed Pickup,,,,,,"306 Nesbitt Ln, Nashville, TN 37115, United States",MADISON,3.0,36.27355273208815,-86.71701459325408,1787931664000,1788037088000.0,37115,6d8bc93f-6ac4-4c0c-844f-82e1ebdb9c56
2120202,2273760,Assigned,"Trash, Recycling & Litter",Cart Service,Recycling - Report a Stolen Cart,,,,,,"105C Hart Ln, Nashville, TN 37207, United States",NASHVILLE,5.0,36.22174404116125,-86.7601455205727,1787931624000,,37207,81518f9c-33e6-43ee-a83d-1e7de7a8c399
2120201,2273759,Closed,Public Safety,Request Non-Emergency Police Assistance,Request Non-Emergency Police Assistance,,,,,,"7778 Sawyer Brown Rd, Nashville, TN 37221, United States",NASHVILLE,22.0,36.0909289,-86.93401899999999,1787931571000,1787934410000.0,37221,6973ce2b-e825-4079-945c-aa0b2c2e9ef3
2120200,2273758,Closed,Public Safety,Request Non-Emergency Police Assistance,Request Non-Emergency Police Assistance,,,,,,"Nashville, Nashville, TN , United States",NASHVILLE,19.0,36.1626638,-86.7816016,1787931504000,1787932888000.0,37219,2758b50f-a4a1-426c-99eb-333921b9d03f
2120199,2273757,Assigned,"Trash, Recycling & Litter",Unwanted Recycling or Trash,Unwanted Recycling,,,,,,"4057 Yoest Dr, Nashville, TN 37207, United States",NASHVILLE,3.0,36.2765198,-86.7545318,1787931314000,,37207,e7eeaedf-300f-4094-b4a3-bfac880c2982
2120198,2273756,Closed,Resolved by hubNashville on First Call,Resolved by hubNashville on First Call,Resolved by hubNashville on First Call,,,,,,,,,,,1787931291000,1787931291000.0,,cad03e1f-adc2-4c34-b671-2d4a201643f0
2120197,2273755,Closed,"Trash, Recycling & Litter",Missed Pickup - Trash Cart Service,Trash - Curbside/Alley Missed Pickup,,,,,,"653 Wedgewood Ave, Nashville, TN 37203, United States",NASHVILLE,17.0,36.13335020187681,-86.7709505934035,1787931224000,1787944190000.0,37203,cce03d81-63d6-49f9-b4fb-5abc2aa13e49
2120196,2273754,Closed,Resolved by hubNashville on First Call,Resolved by hubNashville on First Call,Resolved by hubNashville on First Call,,,,,,,,,,,1787931210000,1787931210000.0,,eb2e73cb-98a7-4149-96aa-e34cbd300bee
2120195,2273753,Closed,Resolved by hubNashville on First Call,Resolved by hubNashville on First Call,Resolved by hubNashville on First Call,,,,,,,,,,,1787931153000,1787931153000.0,,092cff66-2497-4b59-9368-63aad2786b5b
2120194,2273752,Assigned,"Trash, Recycling & Litter",Cart Service,Trash - Report a Damaged Cart,,,,,,"1401 Acklen Ave, Nashville, TN 37212, United States",NASHVILLE,18.0,36.13439651159474,-86.79040685,1787931133000,,37212,e4e95f5f-c4b8-43dd-98b9-dadf9e9c4068
2120193,2273751,Assigned,"Trash, Recycling & Litter",Missed Pickup - Trash Cart Service,Trash - Curbside/Alley Missed Pickup,,,,,,"802 31st Ave N, Nashville, TN 37209, United States",NASHVILLE,21.0,36.1594722,-86.8224752,1787931061000,,37209,da6a5b18-18f0-4b57-a0f6-dd88729699d5
2120192,2273750,Closed,Resolved by hubNashville on First Call,Resolved by hubNashville on First Call,Resolved by hubNashville on First Call,,,,,,,,,,,1787931000000,1787931000000.0,,78c5c676-0851-4c8b-8e00-8d5daf3c1411
2120191,2273749,Assigned,"Trash, Recycling & Litter",Cart Service,Recycling - Report a Stolen Cart,,,,,,"2517 Westwood Ave, Nashville, TN 37212, United States",NASHVILLE,18.0,36.12677646480109,-86.80888225774832,1787930977000,,37212,73544f33-1b15-4a96-8854-33a8bf119f85
2120190,2273748,Closed,Resolved by hubNashville on First Call,Resolved by hubNashville on First Call,Resolved by hubNashville on First Call,,,,,,,,,,,1787930950000,1787930950000.0,,76a226bc-25e5-47f7-b597-3fe8d9de6d84
2120189,2273747,Closed,Resolved by hubNashville on First Call,Resolved by hubNashville on First Call,Resolved by hubNashville on First Call,,,,,,,,,,,1787930901000,1787930901000.0,,0916f3fc-8dca-4f45-b496-4e1027769aa5
2120188,2273746,Assigned,"Trash, Recycling & Litter",Cart Service,Trash - Report a Damaged Cart,,,,,,"840 Pisgah Park, Brentwood, TN 37027, United States",BRENTWOOD,26.0,36.0399575,-86.7617521,1787930792000,,37027,dda8e0cd-6cf4-4521-8a21-62544de927c7
2120187,2273745,New,"Streets, Roads & Sidewalks",Traffic Light Timing,Traffic Light Timing,,,,,,"Old Hickory Blvd & Lebanon Pike, Nashville, TN 37076, USA",HERMITAGE,14.0,36.1983118,-86.6203342,1787930712000,,37076,613176a2-8f60-44b8-b968-2a6332683691
2120186,2273744,Closed,Resolved by hubNashville on First Call,Resolved by hubNashville on First Call,Resolved by hubNashville on First Call,,,,,,,,,,,1787930588000,1787930588000.0,,309fb83f-2b72-4f97-ac03-daff2bbb4a8c
2120185,2273743,Closed,Resolved by hubNashville on First Call,Resolved by hubNashville on First Call,Resolved by hubNashville on First Call,,,,,,,,,,,1787930544000,1787930544000.0,,c93c62ee-b192-47f8-ae2d-80efa7f1abf2
2120184,2273742,Closed,"Trash, Recycling & Litter",Waste Services Escalation,Escalation Trash Issues,,,,,,"3927 Westlawn Pl, Nashville, TN 37209, United States",NASHVILLE,24.0,36.1397238,-86.8333921,1787930518000,1787933575000.0,37209,21028da4-67cc-40d2-a61d-60004a1f9e39
2120183,2273740,Closed,Resolved by hubNashville on First Call,Resolved by hubNashville on First Call,Resolved by hubNashville on First Call,,,,,,,,,,,1787930473000,1787930473000.0,,5f2734e9-4945-495d-a54b-bd44c53f8f20
2120182,2273739,Closed,Resolved by hubNashville on First Call,Resolved by hubNashville on First Call,Resolved by hubNashville on First Call,,,,,,,,,,,1787930447000,1787930447000.0,,93da2c6a-6dbc-452c-a23a-0b163ce3247a
2120181,2273737,Closed,Resolved by hubNashville on First Call,Resolved by hubNashville on First Call,Resolved by hubNashville on First Call,,,,,,,,,,,1787930408000,1787930408000.0,,0fa45609-5c00-4826-9b54-ebb27ef97a88
2120180,2273736,Closed,Public Safety,Control Number Request for Towing,Control Number Request for Towing,,,,,,"3700 Ashland City Hwy, Nashville, TN 37218, United States",NASHVILLE,1.0,36.196975,-86.8403824,1787930400000,1787930400000.0,37218,59a1a498-a918-4d06-80c3-5f5bd3d707c7
2120179,2273735,Assigned,Electric & Water General,Sinkhole,Sinkhole,,,,,,"311 3rd Ave S, Nashville, TN 37201, United States",NASHVILLE,19.0,36.158202,-86.7740814,1787930395000,,37201,f1774184-ee85-477a-9f57-9f6b293e42cc
2120178,2273734,Closed,Resolved by hubNashville on First Call,Resolved by hubNashville on First Call,Resolved by hubNashville on First Call,,,,,,"3388 Woodland Star Wy, Nashville, TN 37207, United States",NASHVILLE,2.0,36.2263091,-86.79564300000001,1787930326000,1787930326000.0,37207,2a22d99f-0539-44ef-a9fd-81aa7dd678cb
2120177,2273733,Assigned,"Trash, Recycling & Litter",Cart Service,Trash - Report a Damaged Cart,,,,,,"305 Gaywood Dr, Nashville, TN 37211, United States",NASHVILLE,26.0,36.0784106,-86.7408779,1787930313000,,37211,4ff3c28c-a18f-495d-b887-9112da1ba8cb
2120176,2273732,Closed,Resolved by hubNashville on First Call,Resolved by hubNashville on First Call,Resolved by hubNashville on First Call,,,,,,,,,,,1787930261000,1787930261000.0,,ea9ebc4e-5d49-4ac1-acd7-2a4ae92eeb3a
2120175,2273731,Assigned,"Trash, Recycling & Litter",Missed Pickup - Dumpster Service,Trash,,,,,,"2530 Sharondale Dr, Nashville, TN 37215, United States",NASHVILLE,24.0,36.1279254,-86.8165819,1787930231000,,37215,16def297-4e4e-4900-9279-8ca30bbeca04
2120174,2273730,Assigned,"Trash, Recycling & Litter",Missed Pickup - Trash Cart Service,Trash - Curbside/Alley Missed Pickup,,,,,,"695 Harding Pl, Nashville, TN 37211, United States",NASHVILLE,26.0,36.0810185,-86.7533787,1787930209000,,37211,86e10d94-9c4c-4d62-895a-cddf91357276
2120173,2273728,Closed,Public Safety,Narcotics/Prostitution/Loitering,Narcotics/Prostitution/Loitering,,,,,,"227 Largo Dr, Nashville, TN 37211, USA",NASHVILLE,30.0,36.08389703355357,-86.70425411313772,1787930122000,1787934386000.0,37211,0a500c57-9508-4d4e-8329-1ac908d2588d
2120172,2273727,New,Public Safety,Improperly Parked Vehicles,Improperly Parked Vehicles,,,,,,"300 Hancock St, Nashville, TN 37207, United States",NASHVILLE,5.0,36.1835875,-86.76835059999999,1787930111000,,37207,4fe5cbde-0d8b-4b1c-800c-08489bd69e90
2120171,2273726,Assigned,"Trash, Recycling & Litter",Missed Pickup - Recycle Cart Service,Recycle - Curbside/Alley Missed Pickup,,,,,,"505B Lovell St, Nashville, TN 37209, United States",NASHVILLE,20.0,36.1538204,-86.8626395,1787930097000,,37209,0a120e35-4e99-4f16-82d1-02d274d60df1
2120170,2273725,Closed,Resolved by hubNashville on First Call,Resolved by hubNashville on First Call,Resolved by hubNashville on First Call,,,,,,,,,,,1787930086000,1787930086000.0,,a972c8a6-c9df-4654-8733-e5e36234b604
2120169,2273723,Closed,Resolved by hubNashville on First Call,Resolved by hubNashville on First Call,Resolved by hubNashville on First Call,,,,,,"3927 Westlawn Pl, Nashville, TN 37209, United States",NASHVILLE,24.0,36.1397238,-86.8333921,1787930042000,1787930042000.0,37209,c2c68eda-e209-4db8-a41d-2af96547095e
2120168,2273722,Closed,Resolved by hubNashville on First Call,Resolved by hubNashville on First Call,Resolved by hubNashville on First Call,,,,,,,,,,,1787929976000,1787929976000.0,,b4dbe142-84b3-4ef8-8d67-9b196fd44ca4
2120167,2273721,Closed,Resolved by hubNashville on First Call,Resolved by hubNashville on First Call,Resolved by hubNashville on First Call,,,,,,,,,,,1787929966000,1787929966000.0,,9917bce6-7c07-4608-806c-4cbac78c07c5
2120166,2273720,Closed,Resolved by hubNashville on First Call,Resolved by hubNashville on First Call,Resolved by hubNashville on First Call,,,,,,"303 Glenrose Ave, Nashville, TN 37210, United States",NASHVILLE,16.0,36.1253294,-86.7463504,1787929948000,1787929948000.0,37210,694562a7-dc78-4d57-9f72-bc680dfc0303
2120165,2273716,New,"Streets, Roads & Sidewalks",Traffic Light Issue,,,,,,,"Gallatin Pike S & Emmitt Ave, Nashville, TN 37115, USA",MADISON,7.0,36.253265,-86.7167565,1787929771000,,37115,79b6f5c0-1c3a-4943-a090-fbea2f7a33d9
2120164,2273715,Closed,Resolved by hubNashville on First Call,Resolved by hubNashville on First Call,Resolved by hubNashville on First Call,,,,,,,,,,,1787929769000,1787929769000.0,,d431b4fb-6d71-40de-82cb-940eaf9889d7
2120163,2273714,Closed,"Trash, Recycling & Litter",File a Trash or Recycling Complaint,Trash collection Complaint,,,,,,"2102 Early Ave, Nashville, TN 37206, USA",NASHVILLE,6.0,36.1867379,-86.7314987,1787929748000,1787944201000.0,37206,5c47d025-e95f-46b6-8511-667f395807b2
2120162,2273713,Closed,Resolved by hubNashville on First Call,Resolved by hubNashville on First Call,Resolved by hubNashville on First Call,,,,,,,,,,,1787929674000,1787929674000.0,,fe1a19ad-1163-4428-937d-b2b991993d3e
2120161,2273712,Closed,Resolved by hubNashville on First Call,Resolved by hubNashville on First Call,Resolved by hubNashville on First Call,,,,,,,,,,,1787929571000,1787929571000.0,,78b323ca-1e97-41cf-9d2e-bef23d4b889d
2120160,2273711,Closed,Public Safety,Control Number Request for Towing,Control Number Request for Towing,,,,,,"263 Hermitage Ave, Nashville, TN 37210, United States",NASHVILLE,15.0,36.1529330116026,-86.75403335,1787929563000,1787929563000.0,37210,bb658473-c317-462e-85b5-d95f681f5864
2120159,2273710,Closed,Public Safety,Extra Patrol Requests,Extra Patrol Requests,,,,,,"3946 Clifton Ave, Nashville, TN 37209, United States",NASHVILLE,21.0,36.157402725099445,-86.83326337688325,1787929545000,1787930265000.0,37209,e1ad51da-4ba6-40a7-a6ec-9cc7c77a7e05
2120158,2273709,Closed,Resolved by hubNashville on First Call,Resolved by hubNashville on First Call,Resolved by hubNashville on First Call,,,,,,,,,,,1787929485000,1787929485000.0,,fca62a98-03de-4537-94a2-af15ef8120b1
2120157,2273708,Closed,Resolved by hubNashville on First Call,Resolved by hubNashville on First Call,Resolved by hubNashville on First Call,,,,,,,,,,,1787929429000,1787929429000.0,,36b8e2c2-4165-4004-a446-250616a8cd8c
2120156,2273707,Closed,Resolved by hubNashville on First Call,Resolved by hubNashville on First Call,Resolved by hubNashville on First Call,,,,,,,,,,,1787929377000,1787929377000.0,,902911d9-7893-4ef7-b665-56ceb2bad658
2120155,2273706,Closed,Resolved by hubNashville on First Call,Resolved by hubNashville on First Call,Resolved by hubNashville on First Call,,,,,,"608 Cherry Glen Cir, Nashville, TN 37215, United States",NASHVILLE,25.0,36.0933704,-86.8155453,1787929250000,1787929250000.0,37215,a23b1a41-da90-4e2c-8ab4-ff17e899c0ae
2120154,2273704,Closed,Resolved by hubNashville on First Call,Resolved by hubNashville on First Call,Resolved by hubNashville on First Call,,,,,,,,,,,1787929214000,1787929214000.0,,a3b59355-ef63-4e13-8f3c-68b9ac98ba41
2120153,2273702,Closed,Resolved by hubNashville on First Call,Resolved by hubNashville on First Call,Resolved by hubNashville on First Call,,,,,,,,,,,1787929194000,1787929194000.0,,25037770-e14f-427e-a80b-19f47a34d941
2120152,2273701,Assigned,"Trash, Recycling & Litter",Cart Service,Trash - Request an Additional Cart,,,,,,"326 Gun Club Rd, Nashville, TN 37205, United States",NASHVILLE,23.0,36.1123446,-86.8778205,1787929148000,,37205,9a6ba98d-c0de-49a3-b38f-384769ff046e
2120151,2273700,Closed,"Streets, Roads & Sidewalks",Tree Maintenance on right of way,Tree fell in road or on sidewalk,,,,,,"Shute Ln, Nashville, TN , United States",OLD HICKORY,11.0,36.2311226,-86.6126294,1787929077000,1787951118000.0,37138,437f2cf0-f6e3-4563-87f9-cb60aec0bc19
2120150,2273699,Closed,Resolved by hubNashville on First Call,Resolved by hubNashville on First Call,Resolved by hubNashville on First Call,,,,,,,,,,,1787929065000,1787929065000.0,,772a53af-998e-4fc7-afb0-30f6a6cb72a7
2120149,2273697,Closed,Resolved by hubNashville on First Call,Resolved by hubNashville on First Call,Resolved by hubNashville on First Call,,,,,,,,,,,1787929035000,1787929035000.0,,f0dea299-0d5c-4cdd-b3d4-81413fd206a4
2120148,2273696,Assigned,"Trash, Recycling & Litter",Unwanted Recycling or Trash,Unwanted Trash,,,,,,"507 Garfield St, Nashville, TN 37208, United States",NASHVILLE,19.0,36.1817284,-86.7931776,1787929031000,,37208,7b086e77-8b1c-41fc-9744-2afde800fd3c
2120147,2273695,Closed,Resolved by hubNashville on First Call,Resolved by hubNashville on First Call,Resolved by hubNashville on First Call,,,,,,,,,,,1787929014000,1787929014000.0,,1604b3bc-5e28-478f-94b2-4a461e8d80b7
2120146,2273694,Assigned,"Trash, Recycling & Litter",Unwanted Recycling or Trash,Unwanted Recycling,,,,,,"507 Garfield St, Nashville, TN 37208, United States",NASHVILLE,19.0,36.1817284,-86.7931776,1787928965000,,37208,7984e1c8-3526-4bb1-b989-63df40f1f285
2120145,2273692,Assigned,"Trash, Recycling & Litter",Cart Service,Trash - Report a Damaged Cart,,,,,,"1002 Looby Cir, Nashville, TN 37208, United States",NASHVILLE,2.0,36.1857847,-86.8063698,1787928874000,,37208,8e32c25c-a82f-4dbf-ad87-0aebc7471aad
2120144,2273691,Closed,Resolved by hubNashville on First Call,Resolved by hubNashville on First Call,Resolved by hubNashville on First Call,,,,,,,,,,,1787928784000,1787928784000.0,,99e41ff1-ea3e-45dd-9c4e-6dcb7ed0616b
2120143,2273690,Closed,Public Safety,Repossessed Vehicle,Repossessed Vehicle,,,,,,,,,,,1787928750000,1787928750000.0,,88bb1e96-b61a-4a5d-85f4-055661cd3c65
2120142,2273688,Assigned,"Trash, Recycling & Litter",Missed Pickup - Trash Cart Service,Trash - Curbside/Alley Missed Pickup,,,,,,"615 6th Ave S, Nashville, TN 37203, United States",NASHVILLE,19.0,36.1528376,-86.77552759999999,1787928717000,,37203,74b5ecba-d834-40a5-9ca1-f5d30ec9ec03
2120141,2273686,Closed,Resolved by hubNashville on First Call,Resolved by hubNashville on First Call,Resolved by hubNashville on First Call,,,,,,,,,,,1787928645000,1787928645000.0,,7f54ebdb-3b4e-41f9-89d2-d60e86a7673e
2120140,2273685,Closed,Public Safety,Control Number Request for Towing,Control Number Request for Towing,,,,,,"263 Hermitage Ave, Nashville, TN 37210, United States",NASHVILLE,15.0,36.1529330116026,-86.75403335,1787928611000,1787928611000.0,37210,41b828c8-8aba-424a-8b4a-5102d4f6c3fb
2120139,2273684,Closed,Transit,State Routes,State Routes,,,,,,"W Iris Dr & Thompson Ln, Nashville, TN 37204, USA",NASHVILLE,26.0,36.1123495,-86.7679745,1787928560000,1787928560000.0,37204,fffa56a2-2970-4951-92b5-1b2ac6670e67
2120138,2273681,New,Parks and Environment,Maintenance Request,Mechanical Request,,,,,,"73 Fairfield Ave, Nashville, TN 37210, United States",NASHVILLE,17.0,36.1506835,-86.75659859999999,1787928546000,,37210,a17fd495-0024-4208-b303-59efd0b51d89
2120137,2273680,New,Public Safety,Improperly Parked Vehicles,Improperly Parked Vehicles,,,,,,"1725A McKinney Ave, Nashville, TN 37208, USA",NASHVILLE,2.0,36.18779134435273,-86.81440841406584,1787928540000,,37208,bf45469a-7f14-4f4e-9a5b-55c4a7af75e2
2120136,2273679,Closed,"Trash, Recycling & Litter",Missed Pickup - Trash Cart Service,Trash - Curbside/Alley Missed Pickup,,,,,,"3209 Crowe Dr, Nashville, TN 37218, United States",NASHVILLE,1.0,36.1801757,-86.841445,1787928534000,1787944190000.0,37218,bfc6243a-5ef8-442e-8cff-9e9df4755e4a
2120135,2273678,Closed,"Trash, Recycling & Litter",Missed Pickup - Recycle Cart Service,Recycle - Curbside/Alley Missed Pickup,,,,,,"2201 Portland Ave, Nashville, TN 37212, United States",NASHVILLE,18.0,36.1332628,-86.8030187,1787928501000,1788037088000.0,37212,63599247-eb5c-4cb0-b635-c34e02f27e2f
2120134,2273677,Closed,Resolved by hubNashville on First Call,Resolved by hubNashville on First Call,Resolved by hubNashville on First Call,,,,,,,,,,,1787928489000,1787928489000.0,,be9837ed-901f-4cfa-845c-86b6985b5903
2120133,2273676,Closed,Resolved by hubNashville on First Call,Resolved by hubNashville on First Call,Resolved by hubNashville on First Call,,,,,,,,,,,1787928476000,1787928476000.0,,0093fbe4-ba00-4e7e-a571-e8d6d2dc10b3
2120132,2273675,Assigned,Property Violations,Junk and Debris,Junk and Debris,,,,,,"180 Haynes Park Dr, Nashville, TN 37218, United States",NASHVILLE,1.0,36.21130691162744,-86.83370519999998,1787928419000,,37218,8ba30352-e25a-4d3c-bbcb-5f62ffa1ed37
2120131,2273674,Closed,Other Metro Services and Forms,Clerk - Do Not Knock Registry,Clerk - Do Not Knock Registry,,,,,,"1716 Glenridge Dr, Nashville, TN 37221, USA",NASHVILLE,35.0,36.0581237,-86.9496822,1787928328000,1787928328000.0,37221,c1dcea97-ecba-4cdd-a6a3-09e1b4d536f7
2120130,2273673,Assigned,"Trash, Recycling & Litter",Missed Pickup - Trash Cart Service,Trash - Curbside/Alley Missed Pickup,,,,,,"2201 Portland Ave, Nashville, TN 37212, United States",NASHVILLE,18.0,36.1332628,-86.8030187,1787928266000,,37212,02e38c2b-00b0-47ab-b780-ff27602da020
2120129,2273672,Assigned,Property Violations,Tall Grass and Weeds,Tall Grass and Weeds,,,,,,"300 Ashcroft Pl, Nashville, TN 37215, United States",NASHVILLE,34.0,36.1094816,-86.8418904,1787928236000,,37215,8450d535-2b4f-47a1-a610-8e9a38e424b1
2120128,2273671,Assigned,"Trash, Recycling & Litter",Missed Pickup - Trash Cart Service,Trash - Curbside/Alley Missed Pickup,,,,,,"1080 E Trinity Ln, Nashville, TN 37216, United States",NASHVILLE,5.0,36.2034014,-86.7396324,1787928234000,,37216,7c2d9983-83ac-4984-b1ab-39ff54024b80
2120127,2273670,Closed,Resolved by hubNashville on First Call,Resolved by hubNashville on First Call,Resolved by hubNashville on First Call,,,,,,,,,,,1787928129000,1787928129000.0,,c196479e-0be6-4afe-93b7-796a05c55063
2120126,2273669,Closed,Public Safety,Control Number Request for Towing,Control Number Request for Towing,,,,,,"1115 3rd Ave S, Nashville, TN 37210, United States",NASHVILLE,17.0,36.1461564,-86.76636649999999,1787928118000,1787928118000.0,37210,30e99e52-d897-4351-b7b5-8bc7c7d17c4a
2120125,2273668,Closed,Resolved by hubNashville on First Call,Resolved by hubNashville on First Call,Resolved by hubNashville on First Call,,,,,,,,,,,1787928113000,1787928113000.0,,86404761-fdd1-4112-af8d-3e8ffd5d9087
2120124,2273667,New,"Streets, Roads & Sidewalks",Dead Animal Pickup,Bike Lanes,,,,,,"8108 US-70S, Nashville, TN 37221, USA",NASHVILLE,22.0,36.0850635,-86.9709925,1787928088000,,37221,1088c171-dbe8-40f8-b586-a6f02a1085a3
2120123,2273666,Closed,Public Safety,Request Non-Emergency Police Assistance,Request Non-Emergency Police Assistance,,,,,,"2187 Nolensville Pk, Nashville, TN 37211, United States",NASHVILLE,17.0,36.1269876,-86.7543608,1787928087000,1787931376000.0,37211,1d4dcad9-ec43-479e-8bea-2dd86a2a9da1
2120122,2273664,Closed,Resolved by hubNashville on First Call,Resolved by hubNashville on First Call,Resolved by hubNashville on First Call,,,,,,,,,,,1787928043000,1787928043000.0,,749d1b69-1f84-4e4e-bbac-16c1c970c8c1
2120121,2273663,New,"Streets, Roads & Sidewalks",Traffic Light Timing,Traffic Light Timing,,,,,,"4719 Nolensville Pk, Nashville, TN 37211, United States",NASHVILLE,27.0,36.1110884,-86.7426066,1787928013000,,37211,69a5eea6-af68-42cd-8a10-feef81f499f9
2120120,2273661,Closed,Public Safety,Control Number Request for Towing,Control Number Request for Towing,,,,,,"641 Division St, Nashville, TN 37203, USA",NASHVILLE,19.0,36.1496534,-86.7766243,1787927936000,1787927936000.0,37203,df5d4642-fd2a-4960-9cf2-5bc0eef01dc3
2120119,2273659,New,"Streets, Roads & Sidewalks",Curbing and Berms,Damaged Curb,,,,,,"651 Old Hickory Blvd, Nashville, TN 37209, USA",NASHVILLE,35.0,36.1143576,-86.9233406,1787927866000,,37209,71b41754-ebd4-48c2-9aa1-5be5d4a79e2f
2120118,2273658,Closed,Resolved by hubNashville on First Call,Resolved by hubNashville on First Call,Resolved by hubNashville on First Call,,,,,,,,,,,1787927854000,1787927854000.0,,81c582ed-3541-4536-b95b-dd33152cd5ff
2120117,2273657,Closed,Public Safety,Noise Violations,Noise Violations,,,,,,"364 Glenrose Ave, Nashville, TN 37210, United States",NASHVILLE,16.0,36.1259412,-86.750293,1787927798000,1787933534000.0,37210,15dbf33f-b923-4b36-a7f5-0ae28eba71a0
2120116,2273656,New,"Streets, Roads & Sidewalks",Request New Sign,Request New Sign,,,,,,"7525 US-70S, Nashville, TN 37221, USA",NASHVILLE,22.0,36.076697966545325,-86.94452941417694,1787927788000,,37221,f030f58e-acd0-4736-b548-932ac2fb61df
2120115,2273655,Assigned,"Trash, Recycling & Litter",Unwanted Recycling or Trash,Unwanted Trash,,,,,,"823 Rose Park Dr, Nashville, TN 37206, United States",NASHVILLE,6.0,36.1863347,-86.70754509999999,1787927779000,,37206,85c4f139-2f43-42a1-8956-648dc71c6d96
2120114,2273654,Closed,Resolved by hubNashville on First Call,Resolved by hubNashville on First Call,Resolved by hubNashville on First Call,,,,,,"714 Groves Park Rd, Nashville, TN 37206, United States",NASHVILLE,6.0,36.1835784,-86.7267443,1787927756000,1787927756000.0,37206,212cd131-98dd-43a3-a540-57fbc74e1a11
2120113,2273651,Assigned,Property Violations,Tall Grass and Weeds,Tall Grass and Weeds,,,,,,"7005 Panama Dr, Nashville, TN 37076, United States",HERMITAGE,14.0,36.1905405,-86.617262,1787927634000,,37076,928d3925-450a-4b5c-bce9-ab7927c5ebfa
2120112,2273650,Assigned,"Trash, Recycling & Litter",Cart Service,Trash - Report a Damaged Cart,,,,,,"4613 Billingsgate Rd, Nashville, TN 37013, United States",ANTIOCH,28.0,36.0777341,-86.6691948,1787927619000,,37013,24fcad57-2573-4d8a-9962-92b204df413c
2120111,2273648,Closed,Resolved by hubNashville on First Call,Resolved by hubNashville on First Call,Resolved by hubNashville on First Call,,,,,,,,,,,1787927589000,1787927589000.0,,4ddbcca8-ecd0-4d9b-b0fb-32dcff41d7c9
2120110,2273647,Assigned,Property Violations,Junk and Debris,Junk and Debris,,,,,,"7008 Panama Dr, Nashville, TN 37076, United States",HERMITAGE,14.0,36.19033803833925,-86.61673179325409,1787927543000,,37076,4deea627-c4a0-49a4-a8cb-532f97330d36
2120109,2273646,Closed,Resolved by hubNashville on First Call,Resolved by hubNashville on First Call,Resolved by hubNashville on First Call,,,,,,,,,,,1787927506000,1787927506000.0,,6a481abd-285b-4e72-b0aa-a7e4810d236e
2120108,2273645,Closed,Resolved by hubNashville on First Call,Resolved by hubNashville on First Call,Resolved by hubNashville on First Call,,,,,,,,,,,1787927503000,1787927503000.0,,12b31050-6c19-495f-b4bc-3470ce2d47b5
2120107,2273643,Closed,Resolved by hubNashville on First Call,Resolved by hubNashville on First Call,Resolved by hubNashville on First Call,,,,,,,,,,,1787927484000,1787927484000.0,,ced1614f-1a44-4b19-974d-aeec905b48ff
2120106,2273642,Closed,"Trash, Recycling & Litter",Cart Service,Recycling - Moved to Home with No Cart,,,,,,"644 W Green Ln, Nashville, TN 37207, United States",NASHVILLE,1.0,36.2384929,-86.82208,1787927463000,1787927792000.0,37207,4b8f9b80-ec87-4077-bc94-ef6194b357c3
2120105,2273641,Assigned,Property Violations,Tall Grass and Weeds,Tall Grass and Weeds,,,,,,"7008 Panama Dr, Nashville, TN 37076, United States",HERMITAGE,14.0,36.190286,-86.6167157,1787927458000,,37076,94cf3181-d5fe-4ff5-b34e-69cd439c1871
2120104,2273640,Assigned,"Trash, Recycling & Litter",Cart Service,Trash - Moved to Home with No Cart,,,,,,"644 W Green Ln, Nashville, TN 37207, United States",NASHVILLE,1.0,36.2384929,-86.82208,1787927420000,,37207,ad335d5d-2831-4c99-8924-5b119b31cbd2
2120103,2273639,Closed,Resolved by hubNashville on First Call,Resolved by hubNashville on First Call,Resolved by hubNashville on First Call,,,,,,,,,,,1787927402000,1787927402000.0,,05ca0f10-2367-434a-9715-94336808fed9
2120102,2273638,Closed,Public Safety,Request Non-Emergency Police Assistance,Request Non-Emergency Police Assistance,,,,,,"204 Dellway Villa Rd, Nashville, TN 37207, United States",NASHVILLE,5.0,36.2121647,-86.7593751,1787927344000,1787938838000.0,37207,7294e2e2-802b-421a-a286-29ab6ba9ef15
2120101,2273637,Closed,Resolved by hubNashville on First Call,Resolved by hubNashville on First Call,Resolved by hubNashville on First Call,,,,,,"1804 Barnwell Ct, Nashville, TN 37076, United States",HERMITAGE,12.0,36.1832199,-86.6026411,1787927298000,1787927298000.0,37076,22b7f1ea-44b1-44be-a601-941299fc4d99
2120100,2273636,Assigned,"Trash, Recycling & Litter",Missing Trash Cart,Missing Trash Cart,,,,,,"320 Brewer Dr, Nashville, TN 37211, United States",NASHVILLE,27.0,36.0552628,-86.7049852,1787927241000,,37211,91a4ea1e-4c8b-4dce-b5c6-7d2aeb3bde51
2120099,2273635,Closed,Resolved by hubNashville on First Call,Resolved by hubNashville on First Call,Resolved by hubNashville on First Call,,,,,,,,,,,1787927203000,1787927203000.0,,3fe5e3fd-ecb9-4334-a440-9da58da22aa8
2120098,2273634,Assigned,Property Violations,Noise Violations - Construction Noise,Noise Violations - Construction Noise,,,,,,"606 Davidson Rd, Nashville, TN 37205, United States",NASHVILLE,23.0,36.11736050821138,-86.88414388370514,1787927196000,,37205,2b99618c-ea8a-43b4-a5bc-8835241cb01d
2120097,2273633,Closed,Public Safety,Control Number Request for Towing,Control Number Request for Towing,,,,,,"S 4th St & Shelby Ave, Nashville, TN 37206, USA",NASHVILLE,6.0,36.1670121,-86.7637483,1787927186000,1787927186000.0,37206,383eb8e0-ea36-458a-b0cd-b599a8da498c
2120096,2273632,Assigned,"Trash, Recycling & Litter",Missing Trash Cart,Missing Trash Cart,,,,,,"382 Brewer Dr, Nashville, TN 37211, United States",NASHVILLE,27.0,36.0531311,-86.71196959999999,1787927156000,,37211,1b21e217-cd06-4aa0-b495-5dbfeeb33eab
2120095,2273631,Closed,"Trash, Recycling & Litter",Missed Pickup - Recycle Cart Service,Recycle - Curbside/Alley Missed Pickup,,,,,,"1006 Woodvale Dr, Nashville, TN 37204, United States",NASHVILLE,25.0,36.1021817,-86.7914363,1787927137000,1788037067000.0,37204,02152cdf-11e7-4b2a-aac0-3cbad7bd8d99
2120094,2273630,Closed,Resolved by hubNashville on First Call,Resolved by hubNashville on First Call,Resolved by hubNashville on First Call,,,,,,,,,,,1787927130000,1787927130000.0,,0b4e89a5-ee20-471c-9cc6-028f1f6f6dc2
2120093,2273628,Assigned,"Trash, Recycling & Litter",Missing Trash Cart,Missing Trash Cart,,,,,,"5425 Ashlawn Dr, Nashville, TN 37211, United States",NASHVILLE,31.0,36.0479989,-86.6988701,1787927110000,,37211,23750151-b15f-42ef-969d-dd811784e2e5
2120092,2273627,Closed,Resolved by hubNashville on First Call,Resolved by hubNashville on First Call,Resolved by hubNashville on First Call,,,,,,,,,,,1787927095000,1787927095000.0,,82bc546a-01a5-4055-ba2c-723462b7107c
2120091,2273626,Assigned,"Trash, Recycling & Litter",Missing Trash Cart,Missing Trash Cart,,,,,,"2505 Eugenia Ave, Nashville, TN 37211, United States",NASHVILLE,16.0,36.116767,-86.75523749999999,1787927049000,,37211,4b2fbd1b-bb8b-451d-99fb-a27f18323f30
2120090,2273625,Closed,"Trash, Recycling & Litter",Missed Pickup - Recycle Cart Service,Recycle - Curbside/Alley Missed Pickup,,,,,,"1725 Temple Ave, Nashville, TN 37215, United States",NASHVILLE,25.0,36.0990179,-86.8082786,1787927042000,1788037067000.0,37215,92ef9acc-1276-484c-8ab1-23d63f3df1f5
2120089,2273623,Assigned,"Trash, Recycling & Litter",Missing Trash Cart,Missing Trash Cart,,,,,,"4830 Gillespie Dr, Nashville, TN 37013, United States",ANTIOCH,27.0,36.0623534,-86.6939805,1787927004000,,37013,ee296acc-c0dc-44dc-8ed9-1a9afbb9f0e7
2120088,2273622,Assigned,"Trash, Recycling & Litter",Missing Trash Cart,Missing Trash Cart,,,,,,"5337 Ashlawn Dr, Nashville, TN 37211, United States",NASHVILLE,31.0,36.0493555,-86.7003573,1787926960000,,37211,dc19a6ff-d7fc-4c43-ac20-4c49caacd6d0
2120087,2273618,Closed,Public Safety,Extra Patrol Requests,Extra Patrol Requests,,,,,,"2109 Riverview Dr, Nashville, TN 37214, United States",NASHVILLE,15.0,36.217093361759844,-86.70487224436688,1787926809000,1787934904000.0,37214,ee1cf3fe-2c21-4eed-9fab-0552720bea90
2120086,2273616,Closed,Resolved by hubNashville on First Call,Resolved by hubNashville on First Call,Resolved by hubNashville on First Call,,,,,,,,,,,1787926750000,1787926750000.0,,c456dbfc-c90d-4968-b1e2-fc68e79530ee
2120085,2273615,Closed,Public Safety,Request Non-Emergency Police Assistance,Request Non-Emergency Police Assistance,,,,,,"97B Wallace Rd, Nashville, TN 37211, United States",NASHVILLE,30.0,36.08429539999999,-86.701527,1787926743000,1787934734000.0,37211,cf311788-9d0c-4437-b2dd-aa27e78193a8
2120084,2273614,Closed,Resolved by hubNashville on First Call,Resolved by hubNashville on First Call,Resolved by hubNashville on First Call,,,,,,,,,,,1787926733000,1787926733000.0,,c5ee1ace-f8b1-45dd-8532-72d67325fc8d
2120083,2273613,Closed,"Trash, Recycling & Litter",Missed Pickup - Trash Cart Service,Trash - Curbside/Alley Missed Pickup,,,,,,"1330 McAlpine Ave, Nashville, TN 37216, United States",NASHVILLE,7.0,36.215664,-86.7160172,1787926733000,1787937005000.0,37216,82adbef3-9153-4731-8d61-062b09787d9c
2120082,2273612,Closed,Resolved by hubNashville on First Call,Resolved by hubNashville on First Call,Resolved by hubNashville on First Call,,,,,,,,,,,1787926711000,1787926711000.0,,261c2409-4727-4846-844b-a2d08e909f70
2120081,2273611,Closed,Public Safety,Control Number Request for Towing,Control Number Request for Towing,,,,,,"1316 Tulip Grove Rd, Hermitage, TN 37076, USA",HERMITAGE,12.0,36.1765419,-86.5987674,1787926703000,1787926703000.0,37076,c0e02813-f375-4656-8ed6-8c3cc65683c3
2120080,2273610,New,"Streets, Roads & Sidewalks",Dead Animal Pickup,Roadway,,,,,,"5040 Regent Dr, Nashville, TN 37220, United States",NASHVILLE,26.0,36.0696116,-86.7677698,1787926687000,,37220,52d5f59e-4551-45a8-b60a-b51dcfda9f6a
2120079,2273609,Assigned,Property Violations,Home Occupation Reporting,Home Occupation Reporting,,,,,,"326 Berry St, Nashville, TN 37207, United States",NASHVILLE,5.0,36.18081471161445,-86.76622789999999,1787926679000,,37207,d45a9e32-8cd7-4ff1-946a-194b76b9ea76
2120078,2273607,New,Public Safety,Improperly Parked Vehicles,Improperly Parked Vehicles,,,,,,"6532 Mercomatic Ct, Nashville, TN 37209, USA",NASHVILLE,20.0,36.143961,-86.87600259999999,1787926520000,,37209,4e79508e-627e-4850-a0ed-782f0213c46f
2120077,2273606,Closed,Resolved by hubNashville on First Call,Resolved by hubNashville on First Call,Resolved by hubNashville on First Call,,,,,,,,,,,1787926518000,1787926518000.0,,4223ac63-631b-49c5-b69c-64629125fd13
2120076,2273605,Assigned,"Trash, Recycling & Litter",Missed Pickup - Trash Cart Service,Trash - Curbside/Alley Missed Pickup,,,,,,"105 Hanover Square, Nashville, TN 37215, United States",NASHVILLE,24.0,36.12361261047475,-86.83224404047293,1787926483000,,37215,b415a3c6-83f5-4933-be33-b3c7cc959b27
2120075,2273604,Closed,"Trash, Recycling & Litter",File a Trash or Recycling Complaint,Recycle Collection Complaint,,,,,,"2609 Flamingo Dr, Nashville, TN 37207, United States",NASHVILLE,5.0,36.21266885079754,-86.75482623010944,1787926482000,1787929262000.0,37207,26789218-acf5-4535-a77b-8b3a5a0b6336
2120074,2273603,Assigned,"Trash, Recycling & Litter",Cart Service,Recycling - Report a Stolen Cart,,,,,,"1409 9th Ave N, Nashville, TN 37208, United States",NASHVILLE,19.0,36.1761242,-86.79596839999999,1787926482000,,37208,34cc7416-2079-446c-89d0-9de1ab37483f
2120073,2273602,New,Public Safety,Animal Welfare Concern,Animal Welfare Concern,,,,,,"1506 Corder Dr, Nashville, TN 37206, United States",NASHVILLE,7.0,36.19354153122461,-86.71378452201148,1787926470000,,37206,b97f53ab-6e35-4601-9862-b1cc117df344
2120072,2273601,Closed,Resolved by hubNashville on First Call,Resolved by hubNashville on First Call,Resolved by hubNashville on First Call,,,,,,"55 Music Square W, Nashville, TN 37203, United States",NASHVILLE,17.0,36.1477929,-86.7939736,1787926462000,1787926462000.0,37203,fd8e64fc-4e6d-4a39-bf1d-5591c91c933c
2120071,2273600,Closed,Resolved by hubNashville on First Call,Resolved by hubNashville on First Call,Resolved by hubNashville on First Call,,,,,,,,,,,1787926437000,1787926437000.0,,e28eaf26-181f-4830-b443-954c77a01f13
2120070,2273599,Closed,Public Safety,Noise Violations,Noise Violations,,,,,,"4354 Old Hickory Blvd, Old Hickory, TN 37138, EE. UU.",OLD HICKORY,11.0,36.2158012,-86.62284179999999,1787926378000,1787928990000.0,37138,aa5d4ef8-c917-41e2-8bd9-363766d2c32f
2120069,2273597,Closed,"Trash, Recycling & Litter",Missed Pickup - Trash Cart Service,Trash - Curbside/Alley Missed Pickup,,,,,,"425 Bellingrath Dr, Nashville, TN 37211, United States",NASHVILLE,26.0,36.0808022,-86.7350625,1787926314000,1788037024000.0,37211,b666818b-c506-44b5-81e0-7c8dec372546
2120068,2273596,Closed,Resolved by hubNashville on First Call,Resolved by hubNashville on First Call,Resolved by hubNashville on First Call,,,,,,"566 Upshaw Dr, Nashville, TN 37214, United States",NASHVILLE,15.0,36.1438026,-86.67042819999999,1787926306000,1787926306000.0,37214,c4f1ed1d-2a52-45f0-8426-f834a19a69fb
2120067,2273595,Closed,Resolved by hubNashville on First Call,Resolved by hubNashville on First Call,Resolved by hubNashville on First Call,,,,,,,,,,,1787926288000,1787926288000.0,,563a8e41-806d-48cb-9ac5-336126cd4348
2120066,2273594,Closed,Public Safety,Extra Patrol Requests,Extra Patrol Requests,,,,,,"Oakview Dr & Vailview Dr, Nashville, TN 37207, USA",NASHVILLE,3.0,36.2397487,-86.7663748,1787926276000,1787931115000.0,37207,50793272-6d81-4841-b720-2b7fa70de51d
2120065,2273593,Closed,"Trash, Recycling & Litter",File a Trash or Recycling Complaint,Trash collection Complaint,,,,,,"1323 Magnolia Rd, Nashville, TN 37204, United States",NASHVILLE,17.0,36.1297929,-86.7712275,1787926275000,1787928986000.0,37204,beaa9d99-4a55-41c4-bc4e-4e77798b706b
2120064,2273592,Closed,Public Safety,Request Non-Emergency Police Assistance,Request Non-Emergency Police Assistance,,,,,,"3000 Lawrence Ave, Nashville, TN 37218, United States",NASHVILLE,2.0,36.2001817,-86.8387407,1787926271000,1787930413000.0,37218,958d8bec-6efd-4cd9-9078-148dcf65273e
2120063,2273590,Assigned,"Trash, Recycling & Litter",Missed Pickup - Trash Cart Service,Trash - Curbside/Alley Missed Pickup,,,,,,"611 Harding Pl, Nashville, TN 37211, United States",NASHVILLE,26.0,36.07746844070866,-86.74178178552894,1787926229000,,37211,dde58782-f791-4136-b2dc-5571122d6bbc
2120062,2273589,Assigned,"Trash, Recycling & Litter",Cart Service,Trash - Report a Damaged Cart,,,,,,"1112 Due W Ave, Nashville, TN 37115, United States",MADISON,3.0,36.2556824,-86.75471879999999,1787926208000,,37115,ed8cbe6f-ec96-4823-9b85-4ed8df4e9d26
2120061,2273586,Closed,Resolved by hubNashville on First Call,Resolved by hubNashville on First Call,Resolved by hubNashville on First Call,,,,,,"202 Belinda Dr, Nashville, TN 37076, United States",HERMITAGE,14.0,36.2038802,-86.612916,1787926097000,1787926097000.0,37076,b9352063-714f-4505-b4d8-fab444727b18
2120060,2273585,Closed,Resolved by hubNashville on First Call,Resolved by hubNashville on First Call,Resolved by hubNashville on First Call,,,,,,,,,,,1787926039000,1787926039000.0,,287a2f10-e92e-425d-9447-191cf5ec8c09
2120059,2273584,Closed,Resolved by hubNashville on First Call,Resolved by hubNashville on First Call,Resolved by hubNashville on First Call,,,,,,,,,,,1787925990000,1787925990000.0,,77874c8f-8a41-409c-85a0-16cfa8513eee
2120058,2273583,Closed,Resolved by hubNashville on First Call,Resolved by hubNashville on First Call,Resolved by hubNashville on First Call,,,,,,"5031 Marchant Dr, Nashville, TN 37211, United States",NASHVILLE,26.0,36.0681447,-86.749662,1787925943000,1787925943000.0,37211,ec3250d4-6438-48fe-a396-2ab873590204
2120057,2273582,Assigned,"Trash, Recycling & Litter",Cart Service,Trash - Request an Additional Cart,,,,,,"3401 Hopkins St, Nashville, TN 37215, United States",NASHVILLE,25.0,36.1181973,-86.80560740000001,1787925932000,,37215,0e7d3903-b105-4af6-8b8b-9648c7a7dfea
2120056,2273581,New,"Streets, Roads & Sidewalks",Traffic Light Timing,,,,,,,"4503 Belmont Park Terrace, Nashville, TN 37215, United States",NASHVILLE,25.0,36.0935387,-86.8066509,1787925913000,,37215,957cad70-317d-4ce9-a236-a9371143bae5
2120055,2273577,New,"Streets, Roads & Sidewalks",Bridge Damage,Damaged Deck,,,,,,"2901 Glencliff Rd, Nashville, TN 37211, United States",NASHVILLE,16.0,36.10987039091685,-86.72123649403973,1787925819000,,37211,81f89cbb-d898-4b30-a25f-a75bd7ffddc3
2120054,2273575,Closed,Resolved by hubNashville on First Call,Resolved by hubNashville on First Call,Resolved by hubNashville on First Call,,,,,,,,,,,1787925738000,1787925738000.0,,6b697644-89ce-4ce7-99f7-eac3ef8e10d1
2120053,2273573,Closed,Resolved by hubNashville on First Call,Resolved by hubNashville on First Call,Resolved by hubNashville on First Call,,,,,,,,,,,1787925650000,1787925650000.0,,87b83cf2-a641-43e3-81a5-20435cc33da0
2120052,2273571,Closed,Resolved by hubNashville on First Call,Resolved by hubNashville on First Call,Resolved by hubNashville on First Call,,,,,,,,,,,1787925619000,1787925619000.0,,8b95ddb2-72bf-41b9-911e-ebd856e6ac1a
2120051,2273570,Closed,Public Safety,Extra Patrol Requests,Extra Patrol Requests,,,,,,"4503 Belmont Park Terrace, Nashville, TN 37215, United States",NASHVILLE,25.0,36.0935387,-86.8066509,1787925614000,1787925836000.0,37215,caf0d79e-d5ef-4518-93e9-680af112777a
2120050,2273569,Closed,Resolved by hubNashville on First Call,Resolved by hubNashville on First Call,Resolved by hubNashville on First Call,,,,,,,,,,,1787925606000,1787925606000.0,,2ada9536-c406-45ca-8797-329c15e3ae1c
2120049,2273568,Closed,Public Safety,Extra Patrol Requests,Extra Patrol Requests,,,,,,"953 14th Ave N, Nashville, TN 37208, United States",NASHVILLE,21.0,36.16766801160885,-86.79939815,1787925603000,1787934601000.0,37208,e001b0fa-3dd6-40d3-8aa4-094315da4c37
2120048,2273566,New,"Streets, Roads & Sidewalks",Traffic Light Issue,,,,,,,"MCGAVOCK PIKE & BRILEY PKWY,  NASHVILLE,  TN,  37214",NASHVILLE,15.0,,,1787925603000,,37214,0919e689-3c30-4770-ae4b-7801bb930bb8
2120047,2273562,Closed,Resolved by hubNashville on First Call,Resolved by hubNashville on First Call,Resolved by hubNashville on First Call,,,,,,,,,,,1787925534000,1787925534000.0,,356058d2-c856-4a91-b4f2-dcc611884594
2120046,2273560,Closed,"Streets, Roads & Sidewalks",Dead Animal Pickup,Roadway,,,,,,"133 Lyle Ln, Nashville, TN 37210, United States",NASHVILLE,16.0,36.1276136,-86.73889609999999,1787925470000,1787944168000.0,37210,d58ee3d6-5102-4497-9b97-a207ef116b1f
2120045,2273559,Closed,Resolved by hubNashville on First Call,Resolved by hubNashville on First Call,Resolved by hubNashville on First Call,,,,,,,,,,,1787925469000,1787925469000.0,,ea1813ff-a511-4e76-9bc9-34dffa9f5e75
2120044,2273558,Assigned,"Trash, Recycling & Litter",Unwanted Recycling or Trash,Unwanted Trash,,,,,,"1817 Guest Dr, Nashville, TN 37216, United States",NASHVILLE,7.0,36.1989546,-86.7093206,1787925343000,,37216,8737dfa0-2d10-4d0a-a157-4e7bb511ebec
2120043,2273556,Closed,Resolved by hubNashville on First Call,Resolved by hubNashville on First Call,Resolved by hubNashville on First Call,,,,,,,,,,,1787925316000,1787925316000.0,,4e4276a8-be7e-4d8d-87ac-26c7f333c471
2120042,2273555,Assigned,"Trash, Recycling & Litter",Missed Pickup - Recycle Cart Service,Recycle - Curbside/Alley Missed Pickup,,,,,,"1511 22nd Ave N, Nashville, TN 37208, United States",NASHVILLE,21.0,36.173253,-86.8119859,1787925315000,,37208,d18f5313-1161-4a02-9c89-b431ba1b020a
2120041,2273554,Closed,Resolved by hubNashville on First Call,Resolved by hubNashville on First Call,Resolved by hubNashville on First Call,,,,,,,,,,,1787925293000,1787925293000.0,,d168186b-7e18-4ec7-bdfb-325b84b07e01
2120040,2273553,Assigned,"Trash, Recycling & Litter",Unwanted Recycling or Trash,Unwanted Recycling,,,,,,"301 Duling Ave, Nashville, TN 37115, United States",MADISON,9.0,36.2656567,-86.7069296,1787925193000,,37115,824818f6-13e6-476a-b6f6-123a0fa703f1
2120039,2273552,Closed,Resolved by hubNashville on First Call,Resolved by hubNashville on First Call,Resolved by hubNashville on First Call,,,,,,,,,,,1787925179000,1787925179000.0,,c632ab3f-0798-4697-aaef-9e74dc4a193b
2120038,2273551,Closed,Public Safety,Repossessed Vehicle,Repossessed Vehicle,,,,,,,,,,,1787925160000,1787925160000.0,,96bd4ba9-3bea-435b-8779-5a108ce94775
2120037,2273547,New,"Streets, Roads & Sidewalks",Overgrowth on right of way,Roadway,,,,,,"Ewingdale Dr & Ewingwood Dr, Nashville, TN 37207, USA",NASHVILLE,1.0,36.2351837,-86.7887806,1787925069000,,37207,df61327a-dce1-40c4-88bd-9c6c2654b592
2120036,2273546,Closed,Resolved by hubNashville on First Call,Resolved by hubNashville on First Call,Resolved by hubNashville on First Call,,,,,,,,,,,1787925057000,1787925057000.0,,23f2cc3c-dc22-459f-91cc-3999a9fb511f
2120035,2273545,Closed,Resolved by hubNashville on First Call,Resolved by hubNashville on First Call,Resolved by hubNashville on First Call,,,,,,,,,,,1787925037000,1787925037000.0,,e414043a-3c1f-49a0-a5c0-ec268ba00369
2120034,2273544,Assigned,Property Violations,Tenant Complaint,Tenant Complaint,,,,,,"4505 Harding Pike, Nashville, TN 37205, United States",NASHVILLE,23.0,36.1230447,-86.84761429999999,1787925023000,,37205,4ce7e756-53bb-4d54-b750-97cfbfb5c458
2120033,2273539,Assigned,"Trash, Recycling & Litter",Missed Pickup - Trash Cart Service,Trash - Curbside/Alley Missed Pickup,,,,,,"1927 19th Ave S, Nashville, TN 37212, United States",NASHVILLE,18.0,36.133356661594284,-86.79882015,1787924964000,,37212,2e8f4401-ac19-4d97-9ddb-c7c260322c7d
2120032,2273538,Closed,Public Safety,Request Non-Emergency Police Assistance,Request Non-Emergency Police Assistance,,,,,,"Nashville, Nashville, TN , United States",NASHVILLE,19.0,36.1626638,-86.7816016,1787924889000,1787938059000.0,37219,16c441c8-196e-4577-902a-f934b14160c8
2120031,2273537,Closed,Resolved by hubNashville on First Call,Resolved by hubNashville on First Call,Resolved by hubNashville on First Call,,,,,,,,,,,1787924888000,1787924888000.0,,987690e0-134a-451f-bb9c-dd43007cfd5e
2120030,2273536,Assigned,"Trash, Recycling & Litter",File a Trash or Recycling Complaint,Trash collection Complaint,,,,,,"4868 Payne Rd, Nashville, TN 37013, United States",ANTIOCH,28.0,36.061276,-86.6709047,1787924881000,,37013,0e472612-fb02-441d-a20d-e22b48e6e6ff
2120029,2273535,Closed,Resolved by hubNashville on First Call,Resolved by hubNashville on First Call,Resolved by hubNashville on First Call,,,,,,,,,,,1787924783000,1787924783000.0,,dfc772c3-660f-4f6e-a8ab-9f93a64a89ec
2120028,2273534,Closed,Resolved by hubNashville on First Call,Resolved by hubNashville on First Call,Resolved by hubNashville on First Call,,,,,,,,,,,1787924778000,1787924778000.0,,7564b268-d95d-491b-be07-9ce2110df3b1
2120027,2273532,Closed,Resolved by hubNashville on First Call,Resolved by hubNashville on First Call,Resolved by hubNashville on First Call,,,,,,,,,,,1787924633000,1787924633000.0,,f922aa9e-6c7c-48a8-a059-19c9902467b4
2120026,2273531,Assigned,"Trash, Recycling & Litter",Brush Collection,Brush Collection,,,,,,"1415 Ocoee Trail, Nashville, TN 37115, United States",MADISON,9.0,36.23745,-86.656494,1787924626000,,37115,51a31d99-8113-4b2e-bd40-c96ae8471f0b
2120025,2273530,Closed,"Trash, Recycling & Litter",File a Trash or Recycling Complaint,Trash collection Complaint,,,,,,"1244 2nd Ave S, Nashville, TN 37210, United States",NASHVILLE,17.0,36.1432849,-86.76253489999999,1787924555000,1787928029000.0,37210,41b9787d-c2b8-496a-a4f2-5cdd735773ac
2120024,2273529,Assigned,"Trash, Recycling & Litter",Cart Service,Recycling - Report a Stolen Cart,,,,,,"404 Kemper Dr N, Nashville, TN 37115, United States",MADISON,3.0,36.2664693,-86.7510992,1787924489000,,37115,75b455d5-2426-4219-885f-cb1978f803bc
2120023,2273528,Closed,"Trash, Recycling & Litter",Missed Pickup - Recycle Cart Service,Recycle - Curbside/Alley Missed Pickup,,,,,,"5240 Franklin Pike Cir, Brentwood, TN 37027, United States",BRENTWOOD,26.0,36.0545586,-86.7735678,1787924444000,1788037045000.0,37027,eba937e0-30d0-41e8-8033-ba36a7b6e69a
2120022,2273526,Closed,Resolved by hubNashville on First Call,Resolved by hubNashville on First Call,Resolved by hubNashville on First Call,,,,,,,,,,,1787924325000,1787924325000.0,,277f9a5d-0f58-49ec-a0da-fafa4b450b8d
2120021,2273525,Closed,Resolved by hubNashville on First Call,Resolved by hubNashville on First Call,Resolved by hubNashville on First Call,,,,,,,,,,,1787924294000,1787924294000.0,,571b70b9-94b3-4f56-bfac-01e3bc600416
2120020,2273524,Assigned,Property Violations,Junk and Debris,Junk and Debris,,,,,,"2026 Greenwood Cir, Nashville, TN 37206, United States",NASHVILLE,6.0,36.1897094,-86.73098519999999,1787924244000,,37206,d9d0a3cd-4221-47fb-ac39-ae27534852fa
2120019,2273523,Closed,Public Safety,Request Non-Emergency Police Assistance,Request Non-Emergency Police Assistance,,,,,,"718 General George Patton Rd, Nashville, TN 37221, United States",NASHVILLE,22.0,36.0652772,-86.9436365,1787924033000,1787930541000.0,37221,f9728db4-5641-404a-91ef-ff2caa96a2c0
2120018,2273521,Closed,Resolved by hubNashville on First Call,Resolved by hubNashville on First Call,Resolved by hubNashville on First Call,,,,,,,,,,,1787923987000,1787923987000.0,,45c13866-0067-4672-8e0e-e8c6be4ce8dd
2120017,2273520,Assigned,Property Violations,Tall Grass and Weeds,Tall Grass and Weeds,,,,,,"1117 Halcyon Ave, Nashville, TN 37204, USA",NASHVILLE,18.0,36.1223102,-86.7896586,1787923958000,,37204,64ef3314-244b-41d3-b557-24a9a43c6407
2120016,2273519,Closed,Resolved by hubNashville on First Call,Resolved by hubNashville on First Call,Resolved by hubNashville on First Call,,,,,,,,,,,1787923944000,1787923944000.0,,8aea213b-3358-40ee-8aa8-5b29b39d4ee8
2120015,2273518,Assigned,"Trash, Recycling & Litter",Missed Pickup - Trash Cart Service,Trash - Curbside/Alley Missed Pickup,,,,,,"1330 Rosedale Ave, Nashville, TN 37207, United States",NASHVILLE,5.0,36.19542613955278,-86.75779715816641,1787923880000,,37207,793c1334-e1b8-4ac4-8fb9-c4ca0257ea16
2120014,2273517,Closed,Resolved by hubNashville on First Call,Resolved by hubNashville on First Call,Resolved by hubNashville on First Call,,,,,,,,,,,1787923873000,1787923873000.0,,425eac39-b6d5-4cb0-b01e-daa990ce4ed0
2120013,2273516,Closed,"Streets, Roads & Sidewalks",Dead Animal Pickup,Roadway,,,,,,"5013 Pearson Pl, Nashville, TN 37211, United States",NASHVILLE,27.0,36.0608674,-86.7130878,1787923864000,1787944157000.0,37211,cee28613-8d8a-4095-8459-080bbc3a33eb
2120012,2273515,Closed,Public Safety,Repossessed Vehicle,Repossessed Vehicle,,,,,,,,,,,1787923822000,1787923822000.0,,77ae3127-6778-494e-8f1c-6faf4f81f7a5
2120011,2273514,In Progress,"Trash, Recycling & Litter",Unwanted Recycling or Trash,Unwanted Trash,,,,,,"612 E Vailview Ct, Nashville, TN 37207, United States",NASHVILLE,3.0,36.23947907939587,-86.7615135463041,1787923757000,,37207,84b2027f-da34-4867-9ce4-87b3d8695fb7
2120010,2273513,Assigned,"Trash, Recycling & Litter",Missed Pickup - Trash Cart Service,Trash - Curbside/Alley Missed Pickup,,,,,,"1718 Linden Ave, Nashville, TN 37212, United States",NASHVILLE,18.0,36.1276776,-86.7969765,1787923736000,,37212,291558d6-85f1-473b-82da-0cc0df22994f
2120009,2273512,Assigned,"Trash, Recycling & Litter",Cart Service,Trash - Report a Damaged Cart,,,,,,"3921 Pheasant Dr, Nashville, TN 37218, United States",NASHVILLE,1.0,36.2121443,-86.83236199999999,1787923700000,,37218,672743d6-d035-4d93-81ef-74145d97685e
2120008,2273511,Assigned,"Trash, Recycling & Litter",Cart Service,Trash - Report a Damaged Cart,,,,,,"213 Myatt Dr, Nashville, TN 37115, United States",MADISON,9.0,36.2679683,-86.68974589999999,1787923619000,,37115,5a46778e-c709-46d9-933f-ee623d41bd50
2120007,2273510,Closed,Resolved by hubNashville on First Call,Resolved by hubNashville on First Call,Resolved by hubNashville on First Call,,,,,,,,,,,1787923600000,1787923600000.0,,da3ebfcc-7981-40b5-bac1-253a2acfba66
2120006,2273509,Assigned,"Trash, Recycling & Litter",Missed Pickup - Trash Cart Service,Trash - Curbside/Alley Missed Pickup,,,,,,"3604 Caldwell Ct, Nashville, TN 37204, United States",NASHVILLE,25.0,36.1069122,-86.7805824,1787923580000,,37204,db0a917e-d26e-4086-8a86-819be0b77891
2120005,2273508,Closed,Resolved by hubNashville on First Call,Resolved by hubNashville on First Call,Resolved by hubNashville on First Call,,,,,,"Eisenhower Dr, Nashville, TN 37211, United States",NASHVILLE,30.0,36.0847648,-86.7060851,1787923518000,1787923518000.0,37211,0306c017-f3f2-49b4-a194-d9d66f3adc30
2120004,2273505,Closed,Resolved by hubNashville on First Call,Resolved by hubNashville on First Call,Resolved by hubNashville on First Call,,,,,,"1030 W Greenwood Ave, Nashville, TN 37206, United States",NASHVILLE,5.0,36.1904104,-86.74784729999999,1787923419000,1787923419000.0,37206,a6e953c4-91f9-4947-9085-a21f06e6c8ab
2120003,2273504,Closed,Resolved by hubNashville on First Call,Resolved by hubNashville on First Call,Resolved by hubNashville on First Call,,,,,,"208 Tillman Ln, Nashville, TN 37206, United States",NASHVILLE,6.0,36.1844834,-86.7293,1787923415000,1787923415000.0,37206,f421d046-9a4c-4954-831e-2a72dfc17843
2120002,2273502,Closed,"Trash, Recycling & Litter",Missed Pickup - Trash Cart Service,Trash - Curbside/Alley Missed Pickup,,,,,,"4807 Nolensville Pk, Nashville, TN 37211, USA",NASHVILLE,27.0,36.0658452,-86.7180193,1787923404000,1788037056000.0,37211,444d9b2f-1a25-4c2f-b5c4-34270aa29383
2120001,2273501,Closed,"Trash, Recycling & Litter",File a Trash or Recycling Complaint,Recycle Collection Complaint,,,,,,"2581 Slaydon Dr, Nashville, TN 37207, United States",NASHVILLE,5.0,36.2117307,-86.7500802,1787923361000,1787927190000.0,37207,4594475e-45af-4f81-8c36-b102a272a370
2120000,2273500,Closed,"Trash, Recycling & Litter",Missed Pickup - Recycle Cart Service,Recycle - Curbside/Alley Missed Pickup,,,,,,"1606 23rd Ave N, Nashville, TN 37208, United States",NASHVILLE,21.0,36.1750445,-86.81309949999999,1787923198000,1787927001000.0,37208,3cec5d1f-c951-4f52-b48a-129e45dfaae4
2119999,2273499,Closed,Resolved by hubNashville on First Call,Resolved by hubNashville on First Call,Resolved by hubNashville on First Call,,,,,,,,,,,1787923182000,1787923182000.0,,63dc5db2-d4b2-4a32-94f5-054a5f0297a1
2119998,2273498,Closed,Public Safety,Extra Patrol Requests,Extra Patrol Requests,,,,,,"2832 Donna Hill Dr, Nashville, TN 37214, USA",NASHVILLE,15.0,36.20196607828723,-86.68109122663736,1787923079000,1787934250000.0,37214,2be4549a-6626-48ad-95b0-978ed39efd24
2119997,2273497,Closed,"Trash, Recycling & Litter",Missed Pickup - Trash Cart Service,Trash - Curbside/Alley Missed Pickup,,,,,,"1332 McAlpine Ave, Nashville, TN 37216, United States",NASHVILLE,7.0,36.21579716136469,-86.71600110674592,1787923074000,1787936978000.0,37216,b309c4f4-df06-4d43-8b1e-89f51adb694b
2119996,2273496,Closed,"Streets, Roads & Sidewalks",Dead Animal Pickup,Roadway,,,,,,"8209 Canoe Ct, Nashville, TN 37221, United States",NASHVILLE,35.0,36.0887436,-87.0136453,1787923049000,1787944100000.0,37221,92504b61-a059-4f9b-bf91-9263b09ed4b9
2119995,2273494,Closed,"Streets, Roads & Sidewalks",Dead Animal Pickup,Roadway,,,,,,"606 McMurray Dr, Nashville, TN 37211, United States",NASHVILLE,27.0,36.0552527,-86.73119319999999,1787922930000,1787944088000.0,37211,780496ac-e4d8-4f79-ad06-30688931ef93
2119994,2273493,Closed,Resolved by hubNashville on First Call,Resolved by hubNashville on First Call,Resolved by hubNashville on First Call,,,,,,,,,,,1787922833000,1787922833000.0,,ab022d2d-b15a-4e1e-ae53-816952484230
2119993,2273492,Assigned,"Streets, Roads & Sidewalks",Request Repair to Private Property,,,,,,,"Elm Hill Pike, Nashville, TN , United States",NASHVILLE,15.0,36.1509861,-86.692073,1787922797000,,37210,92790267-a0fb-4338-a264-005139a6b4fc
2119992,2273491,Closed,"Trash, Recycling & Litter",Missed Pickup - Trash Cart Service,Trash - Curbside/Alley Missed Pickup,,,,,,"1433 Bell Trace Dr, Nashville, TN 37013, United States",ANTIOCH,33.0,36.0401892,-86.6709099,1787922785000,1787936978000.0,37013,1dd09835-5b40-455b-bab6-d1535380c5c8
2119991,2273490,Assigned,"Trash, Recycling & Litter",Unwanted Recycling or Trash,Unwanted Recycling,,,,,,"3313 Oak Timber Dr, Nashville, TN 37013, United States",ANTIOCH,8.0,36.06741029310107,-86.6094614067459,1787922728000,,37013,3d2a441f-5c16-48af-aba0-ac548ae64c80
2119990,2273489,Assigned,"Trash, Recycling & Litter",Cart Service,Trash - Report a Damaged Cart,,,,,,"4627 Mountainview Dr, Nashville, TN 37215, United States",NASHVILLE,34.0,36.0805547,-86.8173171,1787922667000,,37215,b506a205-9d0b-44ed-8e5d-879a4c02ff6c
2119989,2273487,Assigned,"Trash, Recycling & Litter",Missed Pickup - Recycle Cart Service,Recycle - Curbside/Alley Missed Pickup,,,,,,"2825 Georgia Ave, Nashville, TN 37209, United States",NASHVILLE,21.0,36.1569571,-86.8207743,1787922610000,,37209,1104a902-f7ec-4727-b580-d8577ab6d3b0
2119988,2273486,Closed,Resolved by hubNashville on First Call,Resolved by hubNashville on First Call,Resolved by hubNashville on First Call,,,,,,,,,,,1787922609000,1787922609000.0,,0c7ffeea-ab38-4270-b77a-f21f0bc4d7a7
2119987,2273485,Closed,Public Safety,Extra Patrol Requests,Extra Patrol Requests,,,,,,"2828 Donna Hill Dr, Nashville, TN 37214, United States",NASHVILLE,15.0,36.2021702,-86.6814579,1787922576000,1787922718000.0,37214,afa0cbbe-bee7-4c63-85d7-f191893163c6
2119986,2273484,Closed,Public Safety,Abandoned Vehicles,Abandoned Vehicles - Public Property,,,,,,"I-65, Nashville, TN , United States",NASHVILLE,17.0,36.1481906,-86.7779659,1787922564000,1787929742000.0,37203,eb564d42-7b9f-4860-8d8b-53f59993aeef
2119985,2273483,New,Parks and Environment,Maintenance Request,Mechanical Request,,,,,,"1221 Forrest Park Dr, Nashville, TN 37205, United States",NASHVILLE,34.0,36.0834232,-86.8722059,1787922563000,,37221,d138e820-2b1d-463d-91eb-10c3ea66f965
2119984,2273482,Closed,Resolved by hubNashville on First Call,Resolved by hubNashville on First Call,Resolved by hubNashville on First Call,,,,,,,,,,,1787922535000,1787922535000.0,,7b12c275-8188-44af-bc3f-e0467a6dafb3
2119983,2273481,Closed,Public Safety,Improperly Parked Vehicles,Improperly Parked Vehicles,,,,,,"1308 Riverside Dr, Nashville, TN 37206, United States",NASHVILLE,6.0,36.1899314,-86.7266547,1787922466000,1787924353000.0,37206,e38c06e4-ccbd-40c9-977b-9655830336b3
2119982,2273480,Closed,"Trash, Recycling & Litter",File a Trash or Recycling Complaint,Trash collection Complaint,,,,,,"1323 Magnolia Rd, Nashville, TN 37204, United States",NASHVILLE,17.0,36.1297929,-86.7712275,1787922456000,1787936944000.0,37204,c1934214-7ab1-4940-87ac-609bcae81e50
2119981,2273479,Closed,Resolved by hubNashville on First Call,Resolved by hubNashville on First Call,Resolved by hubNashville on First Call,,,,,,,,,,,1787922278000,1787922278000.0,,b2c82642-506f-47ad-87e1-4f615c4c7503
2119980,2273477,Closed,"Trash, Recycling & Litter",Missed Pickup - Trash Cart Service,Trash - Curbside/Alley Missed Pickup,,,,,,"307A Timmons St, Nashville, TN 37211, United States",NASHVILLE,16.0,36.107534477146615,-86.7424086996694,1787922060000,1787944100000.0,37211,72475388-c36c-40a3-9a80-ce7f1e1dea68
2119979,2273475,Closed,Public Safety,Control Number Request for Towing,Control Number Request for Towing,,,,,,"3300 Murfreesboro Pike, Antioch, TN 37013, USA",ANTIOCH,8.0,36.0577542,-86.6189857,1787921823000,1787921823000.0,37013,49f0e2db-1454-4e95-961e-8575723e4042
2119978,2273473,New,"Streets, Roads & Sidewalks",Sidewalks,Clean the Sidewalk,,,,,,"2831 Donna Hill Dr, Nashville, TN 37214, USA",NASHVILLE,15.0,36.2017129,-86.68064210000001,1787921770000,,37214,59d6c48e-f771-44a9-ae34-d741f404b037
2119977,2273472,Assigned,Property Violations,Tall Grass and Weeds,Tall Grass and Weeds,,,,,,"511 Ben Allen Rd, Nashville, TN 37216, United States",NASHVILLE,5.0,36.22129750000001,-86.744646,1787921698000,,37216,384f8b20-6784-4f53-b842-746b5c59f643
2119976,2273470,Closed,Public Safety,Control Number Request for Towing,Control Number Request for Towing,,,,,,"3300 Murfreesboro Pike, Antioch, TN 37013, USA",ANTIOCH,8.0,36.0577542,-86.6189857,1787921208000,1787921208000.0,37013,d7b49a0f-a0f0-4cf6-a357-0265b1dab8fd
2119975,2273469,New,Parks and Environment,Maintenance Request,Structures Request,,,,,,"2400 Blakemore Ave, Nashville, TN 37212, United States",NASHVILLE,18.0,36.13713915009847,-86.80585313466968,1787921202000,,37212,9929dc89-6548-4b6e-b1a1-374ce443cb2b
2119974,2273468,New,"Streets, Roads & Sidewalks",Overgrowth on right of way,Roadway,,,,,,"Chandler Rd, Nashville, TN , United States",HERMITAGE,12.0,36.1970201,-86.5967256,1787921053000,,37076,3e68cf5d-7e20-42e0-9f92-ae7ee8d3768c
2119973,2273467,New,Parks and Environment,Maintenance Request,Landscaping Request,,,,,,"2400 Blakemore Ave, Nashville, TN 37212, United States",NASHVILLE,18.0,36.137166715115896,-86.80582171452447,1787921051000,,37212,5b77e3e3-4eac-4aa6-ab82-c667e6e22860
2119972,2273466,Closed,"Streets, Roads & Sidewalks",Dead Animal Pickup,Roadway,,,,,,"Chandler Rd, Nashville, TN , United States",HERMITAGE,12.0,36.1970201,-86.5967256,1787920863000,1787944112000.0,37076,642e3a90-95d2-4dbc-aec3-3df6f9a8e048
2119971,2273464,Assigned,"Trash, Recycling & Litter",Cart Service,Trash - Report a Damaged Cart,,,,,,"3222 Wingate Ave, Nashville, TN 37211, United States",NASHVILLE,16.0,36.1018410338097,-86.73476078142453,1787920368000,,37211,1eafc9da-8b1a-49ed-8c66-2152b417ba02
2119970,2273463,New,"Streets, Roads & Sidewalks",Traffic Light Issue,Traffic Light Issue,,,,,,"201 Munn Rd, Nashville, TN 37214, United States",NASHVILLE,15.0,36.16833300232126,-86.65689768536285,1787920117000,,37214,4fad7452-3870-4a91-88c6-e70d9223fe8c
2119969,2273461,Assigned,Property Violations,Tenant Complaint,Tenant Complaint,,,,,,"1715 Neal Terrace, Nashville, TN 37203, United States",NASHVILLE,17.0,36.13492981159495,-86.7680509,1787919792000,,37203,73acde45-ba74-4c80-b9dc-58f058292320
2119968,2273460,Assigned,Property Violations,Residential Complaint,Residential Complaint,,,,,,"4516 Smokey Mountain Pl, Nashville, TN 37013, Estados Unidos",ANTIOCH,8.0,36.032829166500015,-86.59095358653181,1787919772000,,37013,310b626c-2f29-4347-b6c9-d90f675351e2
2119967,2273459,Assigned,"Trash, Recycling & Litter",Cart Service,Recycling - Report a Damaged Cart,,,,,,"1410 Ardee Ave, Nashville, TN 37216, USA",NASHVILLE,7.0,36.21316515592609,-86.71638172834024,1787919720000,,37216,7b7d70fd-52bc-4daf-b58c-cdc0840b5890
2119966,2273457,New,"Streets, Roads & Sidewalks",Repair Bike Lane Bollards,Repair Bike Lane Bollards,,,,,,"243 Antioch Pike, Nashville, TN 37211, United States",NASHVILLE,16.0,36.10138781486756,-86.7368737417283,1787919616000,,37211,39c4a68a-db46-4f1d-9452-e2538a2cf3dd
2119965,2273456,Assigned,"Trash, Recycling & Litter",Cart Service,Trash - Report a Stolen Cart,,,,,,"622 Fatherland St, Nashville, TN 37206, United States",NASHVILLE,6.0,36.17100149440992,-86.75960251949438,1787919508000,,37206,a1f6f7fc-d713-4b7d-9688-16714287210e
2119964,2273454,Assigned,"Trash, Recycling & Litter",Missed Pickup - Trash Cart Service,Trash - Curbside/Alley Missed Pickup,,,,,,"3128 Moorewood Dr, Nashville, TN 37207, USA",NASHVILLE,3.0,36.233396412598566,-86.77757101455394,1787919375000,,37207,f3c460f3-d7d1-4417-aa7f-24fa4229515c
2119963,2273453,Assigned,"Trash, Recycling & Litter",Cart Service,Trash - Report a Damaged Cart,,,,,,"1016 Caldwell Ln, Nashville, TN 37204, United States",NASHVILLE,25.0,36.106279061755366,-86.791400351058,1787919352000,,37204,afde143f-1ce5-48e0-818c-505ae527745b
2119962,2273452,Assigned,Property Violations,Tall Grass and Weeds,Tall Grass and Weeds,,,,,,"1022 Monroe St, Nashville, TN 37208, USA",NASHVILLE,19.0,36.17412448188777,-86.7980657145381,1787919190000,,37208,9840af60-e0a4-4e50-8e37-90930a101e28
2119961,2273451,Closed,"Trash, Recycling & Litter",Litter,Street or Roadway,,,,,,"801 12th Ave S, Nashville, TN 37203, USA",NASHVILLE,17.0,36.14948657558888,-86.7843334749341,1787918950000,1787944088000.0,37203,3d30cfa2-db69-49a8-8579-22e9062a6cdf
2119960,2273450,Closed,Parks and Environment,Maintenance Request,Grounds Request,,,,,,"2736 Oakwood Ave, Nashville, TN 37207, USA",NASHVILLE,5.0,36.2169686,-86.7533739,1787918912000,1787929729000.0,37207,2b8f683e-231f-4a31-8fd0-63c2ebdaf0bb
2119959,2273448,Closed,"Streets, Roads & Sidewalks",Damaged Sign,Street or Roadway,,,,,,"Arlington Ave & Murfreesboro Pike, Nashville, TN 37210, USA",NASHVILLE,16.0,36.1390697,-86.7332492,1787918753000,1787944088000.0,37210,ef807738-be7e-4c7d-9b3b-4a338f95ec6b
2119958,2273446,Closed,Public Safety,Control Number Request for Towing,Control Number Request for Towing,,,,,,"1316 Tulip Grove Rd, Hermitage, TN 37076, USA",HERMITAGE,12.0,36.1765419,-86.5987674,1787917175000,1787917175000.0,37076,e4f08e84-bf8f-4af5-8653-3f7bff4085da
2119957,2273445,Assigned,"Trash, Recycling & Litter",Cart Service,Trash - Report a Damaged Cart,,,,,,"529 Cedar Dr, Nashville, TN 37211, United States",NASHVILLE,31.0,36.04422987170261,-86.70521247420999,1787916843000,,37211,b198dbcb-5541-46a8-b300-25dfe3b65c00
2119956,2273443,Closed,Public Safety,Control Number Request for Towing,Control Number Request for Towing,,,,,,"1150 Vultee Blvd, Nashville, TN 37217, USA",NASHVILLE,13.0,36.1251585,-86.705447,1787915837000,1787915837000.0,37217,2621ae67-3d05-429d-a662-5887b14552db
2119955,2273441,Closed,Public Safety,Control Number Request for Towing,Control Number Request for Towing,,,,,,"6936 Hwy 70 S, Nashville, TN 37221, USA",NASHVILLE,23.0,36.0783228,-86.9135553,1787915271000,1787915271000.0,37221,ea72e531-0f7e-4cf8-86ee-19a0040c8f24
2119954,2273439,Closed,Public Safety,Control Number Request for Towing,Control Number Request for Towing,,,,,,"808 Skyline Rdg Dr, Madison, TN 37115, USA",MADISON,5.0,36.2486335,-86.7474799,1787911934000,1787911934000.0,37115,a6729ae7-6a6c-4630-9f5f-fbb0d0e4fd9b
2119953,2273438,Closed,Public Safety,Control Number Request for Towing,Control Number Request for Towing,,,,,,"620 W Due West Ave, Madison, TN 37115, USA",MADISON,3.0,36.2510527,-86.73838049999999,1787911062000,1787911062000.0,37115,84c49304-cb8a-4a44-9fee-49ddc9f3d319
2119952,2273437,Closed,Public Safety,Control Number Request for Towing,Control Number Request for Towing,,,,,,"1316 Tulip Grove Rd, Hermitage, TN 37076, USA",HERMITAGE,12.0,36.1765419,-86.5987674,1787910926000,1787910926000.0,37076,c7d531c5-7d2c-40d5-bb1e-fc8257268dce
2119951,2273436,Closed,Public Safety,Control Number Request for Towing,Control Number Request for Towing,,,,,,"1316 Tulip Grove Rd, Hermitage, TN 37076, USA",HERMITAGE,12.0,36.1765419,-86.5987674,1787910094000,1787910094000.0,37076,33e1e361-b723-4a3f-b5fe-1899bb80ab3f
2119950,2273435,Closed,Public Safety,Control Number Request for Towing,Control Number Request for Towing,,,,,,"200 Paragon Mills Rd, Nashville, TN 37211, USA",NASHVILLE,30.0,36.0884777,-86.7033222,1787908772000,1787908772000.0,37211,9b0b1780-bca0-4171-9625-4a9d2bb96251
2119949,2273434,Closed,Public Safety,Repossessed Vehicle,Repossessed Vehicle,,,,,,,,,,,1787908276000,1787908276000.0,,0dae360b-06e5-40bf-88cd-18b101addd49
2119948,2273433,Closed,Public Safety,Control Number Request for Towing,Control Number Request for Towing,,,,,,"5242 Edmondson Pike, Nashville, TN 37211, USA",NASHVILLE,27.0,36.057883170365805,-86.73993170026044,1787907671000,1787907671000.0,37211,dd01b604-7664-4d34-8f69-02c06e1722f5
2119947,2273432,Closed,Public Safety,Control Number Request for Towing,Control Number Request for Towing,,,,,,"5242 Edmondson Pike, Nashville, TN 37211, USA",NASHVILLE,27.0,36.0560154,-86.7395489,1787907513000,1787907513000.0,37211,662b120e-c33e-48ad-837e-b4f428a34bf7
2119946,2273431,Closed,Public Safety,Control Number Request for Towing,Control Number Request for Towing,,,,,,"3555 Bell Rd, Nashville, TN 37214, USA",NASHVILLE,12.0,36.144744,-86.6247309,1787907019000,1787907019000.0,37214,b77320f0-77cf-4d3e-b86b-24dca0efc29f
2119945,2273430,Assigned,"Trash, Recycling & Litter",Missed Pickup - Trash Cart Service,Trash - Curbside/Alley Missed Pickup,,,,,,"503 Harding Pl, Nashville, TN 37211, United States",NASHVILLE,26.0,36.07734283475901,-86.73204964446029,1787906584000,,37211,9118fbcc-4459-4c93-8ead-7cb4d92bf1eb
2119944,2273429,Closed,Public Safety,Control Number Request for Towing,Control Number Request for Towing,,,,,,"200 Paragon Mills Rd, Nashville, TN 37211, USA",NASHVILLE,30.0,36.08734889557896,-86.70328885316849,1787905408000,1787905408000.0,37211,1c394ec3-3191-4a82-8e1f-f97a0e441252
2119943,2273427,Closed,Public Safety,Control Number Request for Towing,Control Number Request for Towing,,,,,,"200 Paragon Mills Rd, Nashville, TN 37211, USA",NASHVILLE,30.0,36.0884777,-86.7033222,1787904861000,1787904861000.0,37211,25f5018a-69d7-4b9d-b2d5-490aa7978873
2119942,2273425,Closed,Public Safety,Control Number Request for Towing,Control Number Request for Towing,,,,,,"1316 Tulip Grove Rd, Hermitage, TN 37076, USA",HERMITAGE,12.0,36.1765419,-86.5987674,1787904010000,1787904010000.0,37076,68db3489-b91c-4cba-9fd2-67c9807433a5
2119941,2273424,Closed,Public Safety,Control Number Request for Towing,Control Number Request for Towing,,,,,,"3555 Bell Rd, Nashville, TN 37214, USA",NASHVILLE,12.0,36.144744,-86.6247309,1787903649000,1787903649000.0,37214,6e492b8a-9672-4328-8a89-8371314a424e
2119940,2273423,Closed,Public Safety,Control Number Request for Towing,Control Number Request for Towing,,,,,,"5242 Edmondson Pike, Nashville, TN 37211, USA",NASHVILLE,27.0,36.057991513133494,-86.73990266596581,1787903427000,1787903427000.0,37211,79616d8d-e876-4193-970b-c1044b0019ed
2119939,2273422,Closed,Public Safety,Control Number Request for Towing,Control Number Request for Towing,,,,,,"300 Berkley Dr, Madison, TN 37115, USA",MADISON,7.0,36.2454081,-86.7127627,1787903017000,1787903017000.0,37115,df04fdce-9e5e-42cb-acf7-6fd95a70d891
2119938,2273421,Closed,Public Safety,Control Number Request for Towing,Control Number Request for Towing,,,,,,"260 Paragon Mills Rd, Nashville, TN 37211, USA",NASHVILLE,30.0,36.087708100710145,-86.70615336865811,1787901164000,1787901164000.0,37211,32792066-b46c-449e-8597-e0c74456e766
2119937,2273420,Closed,Public Safety,Request Non-Emergency Police Assistance,Request Non-Emergency Police Assistance,,,,,,"207 Broadway, Nashville, TN 37201, United States",NASHVILLE,19.0,36.16156286393573,-86.77547878753278,1787900519000,1787904245000.0,37201,dc20f505-66a1-4392-b346-f937e826aedb
2119936,2273419,Closed,Public Safety,Control Number Request for Towing,Control Number Request for Towing,,,,,,"5242 Edmondson Pike, Nashville, TN 37211, USA",NASHVILLE,27.0,36.05750787218001,-86.73993527617954,1787900398000,1787900398000.0,37211,88041004-81d4-451f-8f27-7e7150ecab55
2119935,2273418,Closed,Public Safety,Control Number Request for Towing,Control Number Request for Towing,,,,,,"3555 Bell Rd, Nashville, TN 37214, USA",NASHVILLE,12.0,36.144744,-86.6247309,1787900132000,1787900132000.0,37214,a932cab7-cf4b-4ba6-9f37-8594a688aa1e
2119934,2273417,Closed,Public Safety,Control Number Request for Towing,Control Number Request for Towing,,,,,,"3031 Century Farms Ter, Antioch, TN 37013, USA",ANTIOCH,32.0,36.03932172667791,-86.64886146783829,1787899911000,1787899911000.0,37013,a2e5840c-6d8f-448a-9ad7-f6a6f1734436
2119933,2273416,Closed,Public Safety,Control Number Request for Towing,Control Number Request for Towing,,,,,,"3031 Century Farms Ter, Antioch, TN 37013, USA",ANTIOCH,32.0,36.03913057514072,-86.648517139256,1787899676000,1787899676000.0,37013,4a4be986-7b14-428a-8cce-9c0408859c02
2119932,2273415,Closed,Public Safety,Control Number Request for Towing,Control Number Request for Towing,,,,,,"200 Paragon Mills Rd, Nashville, TN 37211, USA",NASHVILLE,30.0,36.0884777,-86.7033222,1787899495000,1787899495000.0,37211,71eebc9f-1cbd-4b03-b3ff-a7408f50a0f6
2119931,2273414,Closed,Public Safety,Control Number Request for Towing,Control Number Request for Towing,,,,,,"1562 Crestview Dr, Madison, TN 37115, USA",MADISON,10.0,36.2919185,-86.70606629999999,1787898481000,1787898481000.0,37115,0a4c3db3-046e-4c5c-bcae-af0497be9b18
2119930,2273413,Closed,Public Safety,Control Number Request for Towing,Control Number Request for Towing,,,,,,"500 Piccadilly Row, Antioch, TN 37013, USA",ANTIOCH,28.0,36.0800836,-86.6609039,1787898047000,1787898047000.0,37013,f06896e2-d4dd-4dc0-af1e-a123b6b78b12
2119929,2273412,Closed,Public Safety,Control Number Request for Towing,Control Number Request for Towing,,,,,,"3031 Century Farms Ter, Antioch, TN 37013, USA",ANTIOCH,32.0,36.039393870584334,-86.64905928075314,1787897570000,1787897570000.0,37013,aa75fb24-b871-4752-8e6a-87d0dc8c543b
2119928,2273411,Closed,Public Safety,Control Number Request for Towing,Control Number Request for Towing,,,,,,,,,,,1787897409000,1787897409000.0,,37f1accb-3c07-448c-9e66-83d31e038ff4
2119927,2273409,Closed,Public Safety,Control Number Request for Towing,Control Number Request for Towing,,,,,,"1035 W Eastland Ave, Nashville, TN 37206, USA",NASHVILLE,5.0,36.1841271,-86.749918,1787896242000,1787896242000.0,37206,7e040423-13d0-4ca0-ac0c-4adc4cbdefea
2119926,2273408,Closed,Public Safety,Noise Violations,Noise Violations,,,,,,"400 Broadway, Nashville, TN 37203, United States",NASHVILLE,19.0,36.161178,-86.7774408,1787896208000,1787896458000.0,37203,f90b5670-0d71-4867-8598-daefe7a14f5f
2119925,2273407,Closed,Public Safety,Noise Violations,Noise Violations,,,,,,"400 Broadway, Nashville, TN 37203, United States",NASHVILLE,19.0,36.16118952505913,-86.77744880488125,1787894646000,1787895183000.0,37203,5ae445c7-3da3-4c23-bf2b-44a3db024248
2119924,2273406,New,Public Safety,Animal Welfare Concern,Animal Welfare Concern,,,,,,"1037 Center Point Rd, Hendersonville, TN 37075, United States",,,36.31918657640103,-86.66450743138144,1787894585000,,,eebaef9b-bdd5-49d8-9448-bb50f93b6dca
2119923,2273405,Closed,Public Safety,Noise Violations,Noise Violations,,,,,,"400 Broadway, Nashville, TN 37203, United States",NASHVILLE,19.0,36.1611782946537,-86.77742470674592,1787894507000,1787914685000.0,37203,59804c95-8103-4188-b10e-e2f82c133180
2119922,2273404,Closed,Public Safety,Noise Violations,Noise Violations,,,,,,"4354 Old Hickory Blvd, Old Hickory, TN 37138, EE. UU.",OLD HICKORY,11.0,36.2158012,-86.62284179999999,1787894362000,1787898024000.0,37138,9577d178-fff2-4fbc-a309-3c461057902f
2119921,2273403,Closed,Public Safety,Noise Violations,Noise Violations,,,,,,"3213 John A Merritt Blvd, Nashville, TN 37209, United States",NASHVILLE,21.0,36.1671053195935,-86.8268393194802,1787893826000,1787901940000.0,37209,92159e3f-50a1-40e3-a73d-d962aac3227a
2119920,2273402,Closed,Public Safety,Repossessed Vehicle,Repossessed Vehicle,,,,,,,,,,,1787893758000,1787893758000.0,,bd28c450-1bc1-4412-a33e-256dd1d4152e
2119919,2273401,Closed,Public Safety,Repossessed Vehicle,Repossessed Vehicle,,,,,,,,,,,1787893260000,1787893260000.0,,56ab6489-747d-41c8-957f-ede6456b7710
2119918,2273400,Closed,Public Safety,Control Number Request for Towing,Control Number Request for Towing,,,,,,"Interstate Dr, Nashville, TN, USA",NASHVILLE,19.0,36.1691149,-86.767692,1787893025000,1787893025000.0,37213,35af0eeb-ac12-4138-a692-bad25d722d10
2119917,2273399,Closed,Public Safety,Control Number Request for Towing,Control Number Request for Towing,,,,,,"201 E Palestine Ave, Madison, TN 37115, USA",MADISON,7.0,36.2494465,-86.71379569999999,1787892866000,1787892866000.0,37115,f2634e05-d75e-41b4-9bb1-e45aee96c3f0
2119916,2273398,Closed,Public Safety,Noise Violations,Noise Violations,,,,,,"2107 Acklen Ave, Nashville, TN 37212, United States",NASHVILLE,18.0,36.13558228886302,-86.80186298081951,1787892345000,1787910858000.0,37212,82a5f649-5c79-417b-a38a-8fb2c5a2e5a2
2119915,2273397,Closed,Public Safety,Noise Violations,Noise Violations,,,,,,"1811 Warfield Dr, Nashville, TN 37215, United States",NASHVILLE,25.0,36.10153102325873,-86.81125622226645,1787891532000,1787904030000.0,37215,e469443c-08dd-46a9-acd8-482e18e8759b
2119914,2273396,Closed,Public Safety,Control Number Request for Towing,Control Number Request for Towing,,,,,,"1400 Brick Church Pike, Nashville, TN 37207, USA",NASHVILLE,2.0,36.203785266666664,-86.77746,1787891456000,1787891456000.0,37207,19539f2e-f3cc-4076-94be-5d8f9d5716d0
2119913,2273395,Closed,Public Safety,Control Number Request for Towing,Control Number Request for Towing,,,,,,"300 Berkley Dr, Madison, TN 37115, USA",MADISON,7.0,36.2454081,-86.7127627,1787891218000,1787891218000.0,37115,49d59d97-7689-4bea-9e13-02ab130f6e1c
2119912,2273394,Assigned,"Trash, Recycling & Litter",Missed Pickup - Recycle Cart Service,Recycle - Curbside/Alley Missed Pickup,,,,,,"261 Cedarcreek Dr, Nashville, TN 37211, United States",NASHVILLE,31.0,36.03732849464273,-86.70321226371398,1787890960000,,37211,e5474c36-6f0e-41fd-a007-388c1223cd31
2119911,2273393,Closed,Public Safety,Noise Violations,Noise Violations,,,,,,"4600 Centennial Blvd, Nashville, TN 37209, United States",NASHVILLE,21.0,36.1648047,-86.84195960000001,1787890347000,1787898658000.0,37209,94d06330-56e4-4db3-b94e-257dbf47f351
2119910,2273390,Closed,"Trash, Recycling & Litter",Missed Pickup - Recycle Cart Service,Recycle - Curbside/Alley Missed Pickup,,,,,,"18 Belcaro Cir, Nashville, TN 37215, United States",NASHVILLE,34.0,36.096079357352025,-86.81877280495152,1787888169000,1788036987000.0,37215,6fc1da29-e61d-4e6b-a8ca-233ca47a7590
2119909,2273389,Closed,Public Safety,Noise Violations,Noise Violations,,,,,,"1200 Donelson Ave, Nashville, TN 37138, United States",OLD HICKORY,11.0,36.264314,-86.6511696,1787888051000,1787889317000.0,37138,1c549c1b-77cd-4463-906c-095ce5af673d
2119908,2273388,Closed,Other Metro Services and Forms,Clerk - Do Not Knock Registry,Clerk - Do Not Knock Registry,,,,,,"1817 Sprucewood Ln, Nashville, TN 37211, United States",NASHVILLE,4.0,36.036061,-86.72199289999999,1787887858000,1787887858000.0,37211,e33ccbf0-6566-4bf4-8066-7dba7cf20fcb
2119907,2273387,Closed,Public Safety,Noise Violations,Noise Violations,,,,,,"2011 Richard Jones Rd, Nashville, TN 37215, United States",NASHVILLE,25.0,36.10410081609236,-86.81040574243416,1787887814000,1787891768000.0,37215,9a81a6a6-1816-467c-beed-c8a813b0b0e0
2119906,2273386,Closed,Public Safety,Repossessed Vehicle,Repossessed Vehicle,,,,,,,,,,,1787887680000,1787887680000.0,,6a66dfa8-aa9e-41ac-b247-91be5583c5ba
2119905,2273385,Closed,Parks and Environment,Maintenance Request,Grounds Request,,,,,,"1600 Division St, Nashville, TN 37203, United States",NASHVILLE,19.0,36.15205096190167,-86.79168480834792,1787887437000,1787922399000.0,37203,c1a93d4b-8d73-4cc6-8494-c1c38785464a
2119904,2273384,Assigned,Property Violations,Noise Violations - Construction Noise,Noise Violations - Construction Noise,,,,,,"1700 West End Ave, Nashville, TN 37203, USA",NASHVILLE,19.0,36.1538646991213,-86.7948691919446,1787887341000,,37203,8efe5e2b-df30-4574-b1e6-3d0e3f8476f4
2119903,2273383,Closed,Public Safety,Noise Violations,Noise Violations,,,,,,"312 Oakview Dr, Nashville, TN 37207, United States",NASHVILLE,3.0,36.23775020392113,-86.76619266843267,1787887234000,1787888634000.0,37207,7981fa64-8419-4f43-a5bc-3a586a366523
2119902,2273381,Closed,"Trash, Recycling & Litter",Missed Pickup - Recycle Cart Service,Recycle - Curbside/Alley Missed Pickup,,,,,,"902 Paddock Park Dr, Nashville, TN 37220, United States",NASHVILLE,25.0,36.0879894997841,-86.79644603474992,1787887143000,1788037002000.0,37220,b28ae86e-5104-41a5-ae52-87803707531f
2119901,2273380,Assigned,"Trash, Recycling & Litter",Missed Pickup - Trash Cart Service,Trash - Curbside/Alley Missed Pickup,,,,,,"918 30th Ave N, Nashville, TN 37209, United States",NASHVILLE,21.0,36.1625762,-86.8217317,1787887106000,,37209,b97b1a73-4944-43a2-9c73-9dddb23455d7
2119900,2273379,Closed,Public Safety,Request Non-Emergency Police Assistance,Request Non-Emergency Police Assistance,,,,,,"97B Wallace Rd, Nashville, TN 37211, United States",NASHVILLE,30.0,36.08429539999999,-86.701527,1787886887000,1787887179000.0,37211,50fae132-3511-4b8c-9e5c-2233f745830e
2119899,2273378,Closed,Public Safety,Noise Violations,Noise Violations,,,,,,"2 S 14th St, Nashville, TN 37206, USA",NASHVILLE,6.0,36.176793766453684,-86.74597755074501,1787886473000,1787888302000.0,37206,d8a31581-ed0e-4d3b-9dae-408c1c7613ed
2119898,2273377,Assigned,"Trash, Recycling & Litter",Cart Service,Trash - Report a Stolen Cart,,,,,,"3624 Arcadia Cir, Nashville, TN 37013, United States",ANTIOCH,8.0,36.07464119999999,-86.59922809999999,1787886189000,,37013,5ba60a19-af73-4890-9583-184e8166f777
2119897,2273376,Closed,Public Safety,Noise Violations,Noise Violations,,,,,,"1931 Valley Park Dr, Nashville, TN 37216, United States",NASHVILLE,7.0,36.19700243037957,-86.70977180674589,1787886155000,1787889369000.0,37216,1a1470ad-1fe9-433c-bd7d-66dfbcae9f55
2119896,2273375,Closed,Public Safety,Control Number Request for Towing,Control Number Request for Towing,,,,,,"465 Humphreys St, Nashville, TN 37203, United States",NASHVILLE,17.0,36.1420553,-86.7694302,1787885693000,1787885693000.0,37203,8596716a-df84-4d08-9cbb-fbccf76ef0b3
2119895,2273374,Closed,"Trash, Recycling & Litter",Missed Pickup - Recycle Cart Service,Recycle - Curbside/Alley Missed Pickup,,,,,,"1023 Woodvale Dr, Nashville, TN 37204, United States",NASHVILLE,25.0,36.10180531158091,-86.79184989999997,1787885297000,1788036987000.0,37204,bc715384-95af-4469-80eb-82967868fa10
2119894,2273373,Transferred,Property Violations,Residential Complaint,Residential Complaint,,,,,,"70 Music Square W, Nashville, TN 37203, United States",NASHVILLE,17.0,36.1470402,-86.7936481,1787885242000,,37203,597de984-a062-48c4-ad76-198fceb835ed
2119893,2273372,Closed,"Streets, Roads & Sidewalks",Remove debris in roadway,Side of Road,,,,,,"TN-45, Nashville, TN 37138, United States",OLD HICKORY,11.0,36.26391962282834,-86.67468988238768,1787885168000,1787920916000.0,37138,b75c1fdd-3849-4a75-9608-0dcb763d58cd
2119892,2273371,Assigned,"Trash, Recycling & Litter",Cart Service,Recycling - Report a Damaged Cart,,,,,,"411B N 16th St, Nashville, TN 37206, USA",NASHVILLE,6.0,36.18076769226742,-86.74098059535027,1787884538000,,37206,1d031065-c86b-4a7a-9eaa-0c381e94de9c
2119891,2273370,Closed,Public Safety,Extra Patrol Requests,Extra Patrol Requests,,,,,,"4074 Alameda St, Nashville, TN 37209, United States",NASHVILLE,21.0,36.15740887617218,-86.8329490072317,1787884480000,1787884964000.0,37209,446c2845-0d3a-4626-95f9-bb317c8824c8
2119890,2273369,Closed,"Trash, Recycling & Litter",Missed Pickup - Recycle Cart Service,Recycle - Curbside/Alley Missed Pickup,,,,,,"411 N 16th St, Nashville, TN 37206, USA",NASHVILLE,6.0,36.180730056561416,-86.74112241715193,1787884414000,1788036987000.0,37206,808d5065-9a89-4296-8ab2-77f07ad7dd34
2119889,2273367,Closed,Public Safety,Control Number Request for Towing,Control Number Request for Towing,,,,,,"5728 Charlotte Pike, Nashville, TN 37209, USA",NASHVILLE,20.0,36.1497402,-86.86112450000002,1787884158000,1787884158000.0,37209,3631e278-8fe2-4214-825f-5e2c8442732d
2119888,2273366,Closed,Public Safety,Noise Violations,Noise Violations,,,,,,"1200 Donelson Ave, Nashville, TN 37138, United States",OLD HICKORY,11.0,36.264314,-86.6511696,1787884002000,1787888220000.0,37138,b999336f-3cee-45af-9a14-8cfbf61a876b
2119887,2273364,New,"Streets, Roads & Sidewalks",Overgrowth on right of way,Roadway,,,,,,"1501 Demonbreun St, Nashville, TN 37203, USA",NASHVILLE,19.0,36.15270194338395,-86.78817808628082,1787883339000,,37203,7e67852c-2e9f-4601-9ca6-e306ad44ce3b
2119886,2273362,Assigned,"Trash, Recycling & Litter",Missed Pickup - Trash Cart Service,Trash - Curbside/Alley Missed Pickup,,,,,,"2024 Castleman Dr, Nashville, TN 37215, United States",NASHVILLE,25.0,36.0973727,-86.81601979999999,1787882845000,,37215,8e7d51ee-2a2e-4736-a4cd-ed02e31e7e80
2119885,2273361,Closed,Public Safety,Control Number Request for Towing,Control Number Request for Towing,,,,,,"1018 Bradburn Village Dr, Nashville, TN 37013, United States",ANTIOCH,8.0,36.0536587,-86.6108785,1787882619000,1787882619000.0,37013,ce7ba213-b448-439c-9feb-f66da5dad9c2
2119884,2273356,Closed,"Trash, Recycling & Litter",Missed Pickup - Recycle Cart Service,Recycle - Curbside/Alley Missed Pickup,,,,,,"1708 Cedar Ln, Nashville, TN 37212, United States",NASHVILLE,18.0,36.12162704623052,-86.79746558586115,1787882288000,1788036987000.0,37212,22980239-e2fc-4f2d-a913-167694f68f22
2119883,2273355,Closed,Public Safety,Control Number Request for Towing,Control Number Request for Towing,,,,,,"310 Jefferson St, Nashville, TN 37208, USA",NASHVILLE,19.0,36.1751518,-86.7860852,1787882130000,1787882130000.0,37208,06664b9f-cb11-4bc1-9b7f-c871eb66dbf8
2119882,2273354,Closed,"Streets, Roads & Sidewalks",Remove debris in roadway,Roadway,,,,,,"100 Vandiver Dr, Madison, TN 37115, USA",MADISON,9.0,36.263482814470834,-86.67541902512312,1787881868000,1787889337000.0,37115,76779198-29f0-46d8-bb09-5a826ee8d904
2119881,2273353,Assigned,"Trash, Recycling & Litter",Cart Service,Recycling - Moved to Home with No Cart,,,,,,"2004B Hutton Dr, Nashville, TN 37210, United States",NASHVILLE,16.0,36.1309599,-86.7492544,1787881825000,,37210,2536a3fb-db2b-4ebf-a0a3-01b86ba63a9c
2119880,2273352,Assigned,"Trash, Recycling & Litter",Cart Service,Trash - Moved to Home with No Cart,,,,,,"2004B Hutton Dr, Nashville, TN 37210, United States",NASHVILLE,16.0,36.1309599,-86.7492544,1787881782000,,37210,68a7199b-a314-4a8b-9153-4356fa0cbfa0
2119879,2273351,Closed,Public Safety,Control Number Request for Towing,Control Number Request for Towing,,,,,,"100 Arbor Creek Blvd, Nashville, TN 37217, United States",NASHVILLE,13.0,36.133196,-86.6985795,1787881755000,1787881755000.0,37217,732cbec9-e333-45e0-875a-90990caccbb8
2119878,2273350,Assigned,"Trash, Recycling & Litter",Cart Service,Recycling - Moved to Home with No Cart,,,,,,"2004A Hutton Dr, Nashville, TN 37210, United States",NASHVILLE,16.0,36.1310233,-86.74921789999999,1787881718000,,37210,1067aac6-0d9d-4290-99f7-8688db0e7e79
2119877,2273349,Assigned,"Trash, Recycling & Litter",Cart Service,Trash - Moved to Home with No Cart,,,,,,"2004A Hutton Dr, Nashville, TN 37210, United States",NASHVILLE,16.0,36.1310233,-86.74921789999999,1787881611000,,37210,84f5f1f6-8ef2-433c-9077-c0266a899b0d
2119876,2273348,Closed,Public Safety,Control Number Request for Towing,Control Number Request for Towing,,,,,,"721 Due W Ave N, Madison, TN 37115, USA",MADISON,5.0,36.2504409,-86.7434359,1787881602000,1787881602000.0,37115,65ee6b40-2092-49c3-850f-2f82a56e9ba5
2119875,2273345,Assigned,"Trash, Recycling & Litter",Missed Pickup - Trash Cart Service,Trash - Curbside/Alley Missed Pickup,,,,,,"2013 Quiet Creek Ct, Nashville, TN 37013, United States",ANTIOCH,28.0,36.07647481157012,-86.6708902,1787880930000,,37013,a7a6d133-3d7f-4a69-8d19-d24b95f0061f
2119874,2273344,Closed,Public Safety,Noise Violations,Noise Violations,,,,,,"5005 Broadway, Nashville, TN 37203, USA",NASHVILLE,19.0,36.16110175748197,-86.77894541993737,1787880568000,1787886271000.0,37203,87e009dc-5a9f-4650-89b9-f463f457083f
2119873,2273343,Assigned,"Trash, Recycling & Litter",Missed Pickup - Recycle Cart Service,Recycle - Curbside/Alley Missed Pickup,,,,,,"6211A Louisiana Ave, Nashville, TN 37209, USA",NASHVILLE,20.0,36.16542766636118,-86.86477392911911,1787880516000,,37209,8b985f23-1b99-4801-a8b7-b9ac0035cce9
2119872,2273341,Closed,"Trash, Recycling & Litter",Missed Pickup - Recycle Cart Service,Recycle - Curbside/Alley Missed Pickup,,,,,,"2314 Vaulx Ln, Nashville, TN 37204, USA",NASHVILLE,17.0,36.12606938049521,-86.78279757499695,1787880029000,1788036976000.0,37204,5a19f4b2-3958-4e6e-83f8-51d0db62aace
2119871,2273340,Assigned,"Trash, Recycling & Litter",Cart Service,Recycling - Report a Stolen Cart,,,,,,"609 Roosevelt Ave, Nashville, TN 37115, United States",MADISON,9.0,36.27104009065713,-86.69795482236744,1787879753000,,37115,ee77690f-20ad-4fd9-839d-e2827000eb4b
2119870,2273339,Closed,Public Safety,Control Number Request for Towing,Control Number Request for Towing,,,,,,"3328 Smith Springs Rd, Antioch, TN 37013, USA",ANTIOCH,8.0,36.079935564910116,-86.58214319497347,1787879453000,1787879453000.0,37013,c6f47f73-1bbf-49ac-9b30-5f41a70dad8a
2119869,2273338,Assigned,Property Violations,Residential Complaint,Residential Complaint,,,,,,"601 St Cloud Dr, Nashville, TN 37013, United States",ANTIOCH,33.0,36.05976331899928,-86.6832717928859,1787879274000,,37013,da19070b-94b9-43d7-b926-8aa7d12620c4
2119868,2273337,New,"Streets, Roads & Sidewalks",Roadwork Complaint,Roadwork Complaint,,,,,,"3539 Central Pike, Nashville, TN 37076, United States",HERMITAGE,14.0,36.1859213,-86.6274007,1787879269000,,37076,71bab551-6449-46d8-8cdb-963b55b9ec4c
2119867,2273336,Assigned,"Trash, Recycling & Litter",Cart Service,Trash - Report a Damaged Cart,,,,,,"1114 Stratton Ave, Nashville, TN 37206, United States",NASHVILLE,6.0,36.1822803,-86.7470785,1787879131000,,37206,221d55b0-8d60-4db9-98d6-26d3ecd52e27
2119866,2273335,Closed,Public Safety,Control Number Request for Towing,Control Number Request for Towing,,,,,,"334 Ewing Dr, Nashville, TN 37207, USA",NASHVILLE,3.0,36.2285226,-86.77605980000001,1787878834000,1787878834000.0,37207,79976519-5e30-4196-8b50-21396b7fc1cf
2119865,2273331,Closed,"Trash, Recycling & Litter",Missed Pickup - Trash Cart Service,Trash - Curbside/Alley Missed Pickup,,,,,,"6302A Thunderbird Dr, Nashville, TN 37209, United States",NASHVILLE,20.0,36.1514174,-86.87590329999999,1787878309000,1787944041000.0,37209,eaa687ec-1120-495a-8f6d-68f751e06dd8
2119864,2273330,Assigned,"Trash, Recycling & Litter",Unwanted Recycling or Trash,Unwanted Recycling,,,,,,"612 E Vailview Ct, Nashville, TN 37207, United States",NASHVILLE,3.0,36.23947907939587,-86.7615135463041,1787877799000,,37207,813b6a97-14a2-4c91-af20-4d9d066317a3
2119863,2273329,Closed,"Trash, Recycling & Litter",Missed Pickup - Recycle Cart Service,Recycle - Curbside/Alley Missed Pickup,,,,,,"308 Timmons St, Nashville, TN 37211, United States",NASHVILLE,16.0,36.107916461583464,-86.74242730000002,1787877686000,1788036976000.0,37211,34b69c10-a613-41d3-b4b8-97d4f8161c28
2119862,2273328,Assigned,Public Safety,Abandoned Vehicles,Abandoned Vehicles - Private Property,,,,,,"207 Ensley Ave, Nashville, TN 37138, United States",OLD HICKORY,11.0,36.2716208,-86.66564029999999,1787877422000,,37138,14c0264c-505f-4159-b1d0-d7c06981a92b
2119861,2273327,Closed,"Trash, Recycling & Litter",Missed Pickup - Recycle Cart Service,Recycle - Curbside/Alley Missed Pickup,,,,,,"2312A Vaulx Ln, Nashville, TN 37204, United States",NASHVILLE,17.0,36.1262559,-86.782521,1787877360000,1788036965000.0,37204,14e209bf-6bee-4cf1-b67f-c6501ee73c55
2119860,2273326,Closed,"Trash, Recycling & Litter",Missed Pickup - Trash Cart Service,Trash - Curbside/Alley Missed Pickup,,,,,,"5600 Country Dr, Nashville, TN 37211, United States",NASHVILLE,31.0,36.047216819168305,-86.70746169979374,1787877237000,1787936890000.0,37211,bda835c2-f7ab-43ce-9501-c713de90a49d
2119859,2273325,New,Public Safety,Improperly Parked Vehicles,Improperly Parked Vehicles,,,,,,"3305 Boxhorn Ct, Nashville, TN 37013, United States",ANTIOCH,32.0,36.0692746,-86.64680419999999,1787877181000,,37013,16f1b175-b289-4ef4-952f-05f777a07e54
2119858,2273324,Closed,Public Safety,Control Number Request for Towing,Control Number Request for Towing,,,,,,"110 1 Mile Pkwy, Madison, TN 37115, USA",MADISON,10.0,36.2802843,-86.7126313,1787876785000,1787876785000.0,37115,2a51b647-816f-42bb-a9e0-a8f9f33346b4
2119857,2273323,Assigned,"Trash, Recycling & Litter",Cart Service,Trash - Report a Damaged Cart,,,,,,"134 Carriage Ct, Brentwood, TN 37027, United States",BRENTWOOD,4.0,36.0370686,-86.7634192,1787876408000,,37027,d469a005-e3a8-4dd3-af34-93b713244a39
2119856,2273322,Closed,Public Safety,Repossessed Vehicle,Repossessed Vehicle,,,,,,,,,,,1787876064000,1787876064000.0,,ebdf503e-4494-4d2e-b897-e043601ec680
2119855,2273321,Assigned,Property Violations,Noise Violations - Construction Noise,Noise Violations - Construction Noise,,,,,,"620 8th Ave S, Nashville, TN 37203, United States",NASHVILLE,19.0,36.1510837,-86.7789949,1787875806000,,37203,f55b4cd5-f9b8-4d10-af25-cf27553a976c
2119854,2273320,Assigned,"Trash, Recycling & Litter",Cart Service,Trash - Report a Damaged Cart,,,,,,"1934 Valley Park Dr, Nashville, TN 37216, USA",NASHVILLE,7.0,36.19649460839472,-86.70978751033545,1787875485000,,37216,75185b9b-3838-4aa7-bd10-6d2dd281b2f2
2119853,2273319,Assigned,"Streets, Roads & Sidewalks",Remove debris in roadway,Roadway,,,,,,"Aldersgate Rd & Bishopsgate Rd, Nashville, TN 37013, USA",,,36.0830005,-86.6579696,1787875324000,,,d40726ec-4123-49a7-b94f-450e38b3f117
2119852,2273318,Closed,Public Safety,Request Non-Emergency Police Assistance,Request Non-Emergency Police Assistance,,,,,,"205 Myrtle St, Nashville, TN 37206, United States",NASHVILLE,5.0,36.17932282317592,-86.7562347794881,1787875275000,1787875907000.0,37206,5799b6ba-2919-45df-be1f-13eabeb1bcb4
2119851,2273317,Closed,"Trash, Recycling & Litter",Litter,,,,,,,"500 REP JOHN LEWIS WAY N,  NASHVILLE,  TN,  37219",NASHVILLE,19.0,,,1787875204000,1787929707000.0,37219,d84aa895-33f8-461e-bb83-9779f7577ca8
2119850,2273316,New,"Streets, Roads & Sidewalks",Traffic Light Timing,,,,,,,"10TH AVE N & DR MARTIN L KING JR BLVD,  NASHVILLE,  TN,  37203",NASHVILLE,19.0,,,1787875204000,,37203,f23c683e-33d2-4607-9061-fbfa7f08fe47
2119849,2273313,Closed,Public Safety,Control Number Request for Towing,Control Number Request for Towing,,,,,,"1308 Cottage View Ln, Nashville, TN 37013, United States",ANTIOCH,8.0,36.0527887,-86.6099107,1787874818000,1787874818000.0,37013,3c853404-693a-4fd9-9c0d-fdf8594d3d61
2119848,2273312,Closed,Public Safety,Beer Permit Complaint,Beer Permit Complaint,,,,,,,,,,,1787874786000,1787874786000.0,,fe627cca-e907-4ff2-8fc3-d0f6486c5856
2119847,2273311,New,Public Safety,Improperly Parked Vehicles,Improperly Parked Vehicles,,,,,,"318 54th Ave N, Nashville, TN 37209, United States",NASHVILLE,24.0,36.14976950608484,-86.85297779325408,1787874617000,,37209,ec27d261-776b-4700-a5da-6270b7d17e88
2119846,2273310,Closed,Public Safety,Control Number Request for Towing,Control Number Request for Towing,,,,,,"932 Caldwell Ln, Nashville, TN 37204, USA",NASHVILLE,25.0,36.1047699,-86.7823111,1787874442000,1787874442000.0,37204,312011e8-d570-46bc-aaa3-bf22e9fc365a
2119845,2273309,Closed,Public Safety,Control Number Request for Towing,Control Number Request for Towing,,,,,,"Ashland City Hwy, Nashville, TN, USA",NASHVILLE,1.0,36.2102396,-86.9092216,1787874320000,1787874320000.0,37218,09f939b7-f4c3-46dd-bf68-38be6d152556
2119844,2273308,Closed,Public Safety,Control Number Request for Towing,Control Number Request for Towing,,,,,,"301 Ben Allen Rd, Nashville, TN 37207, USA",NASHVILLE,5.0,36.22614,-86.75141959999999,1787874180000,1787874180000.0,37207,e79c6d28-765e-40ea-a92d-c20948fa65f4
2119843,2273307,Closed,Public Safety,Control Number Request for Towing,Control Number Request for Towing,,,,,,"932 Caldwell Ln, Nashville, TN 37204, USA",NASHVILLE,25.0,36.1047699,-86.7823111,1787874178000,1787874178000.0,37204,ec69d4c0-737f-4fe5-8e2b-d8cd7ba838eb
2119842,2273306,Assigned,"Trash, Recycling & Litter",Missed Pickup - Trash Cart Service,Trash - Curbside/Alley Missed Pickup,,,,,,"2004 Terrace Pl, Nashville, TN 37203, United States",NASHVILLE,19.0,36.1504111,-86.79921209999999,1787873942000,,37203,170b11b8-49dd-4b7c-9d79-12f00f9240bc
2119841,2273305,Closed,Public Safety,Control Number Request for Towing,Control Number Request for Towing,,,,,,"Acklen Ave & 18th Ave S, Nashville, TN 37212, USA",NASHVILLE,18.0,36.1352852,-86.7970477,1787873915000,1787873915000.0,37212,49b035d2-8a3f-47e1-946c-20f01fa26010
2119840,2273304,Closed,"Trash, Recycling & Litter",Missed Pickup - Recycle Cart Service,Recycle - Curbside/Alley Missed Pickup,,,,,,"839 Sutton Hill Rd, Nashville, TN 37204, United States",NASHVILLE,25.0,36.1133354,-86.77940240000001,1787873843000,1787950954000.0,37204,c6b09fc2-0ea0-47ec-b5b4-de21edf1b87d
2119839,2273303,Assigned,"Trash, Recycling & Litter",Cart Service,Trash - Report a Damaged Cart,,,,,,"629 Maplewood Ln, Nashville, TN 37216, United States",NASHVILLE,7.0,36.2285891,-86.73791159999999,1787873835000,,37216,934383c2-3a20-44ac-90a8-94bcefba7747
2119838,2273302,New,"Streets, Roads & Sidewalks",Graffiti,Graffiti - Electric Pole,,,,,,"2399 West End Ave, Nashville, TN 37212, USA",NASHVILLE,18.0,36.147817540524,-86.80650696158409,1787873786000,,37203,dbaaabb0-afeb-451c-b642-ad5dcb8d5d22
2119837,2273300,Closed,Electric & Water General,Water Outage,Water Outage,,,,,,"4252 Rachel Donelson Pass, Nashville, TN 37076, United States",HERMITAGE,14.0,36.1992633,-86.6043224,1787873252000,1787886232000.0,37076,45dc2f30-8eb8-43cb-9344-c4f5044f31a6
2119836,2273299,Closed,"Trash, Recycling & Litter",Missed Pickup - Recycle Cart Service,Recycle - Curbside/Alley Missed Pickup,,,,,,"109 Northcrest Ct, Nashville, TN 37211, United States",NASHVILLE,27.0,36.06739570303212,-86.72380511644276,1787873195000,1787950966000.0,37211,f81c902b-4114-4506-b461-aba7a2e784db
2119835,2273298,Closed,"Trash, Recycling & Litter",Missed Pickup - Recycle Cart Service,Recycle - Curbside/Alley Missed Pickup,,,,,,"4849 Corning Dr, Nashville, TN 37211, United States",NASHVILLE,26.0,36.08086145547328,-86.73305643445713,1787873108000,1788036953000.0,37211,2b776dfb-ea42-4910-8861-7d422b6d11c9
2119834,2273296,Closed,"Trash, Recycling & Litter",Cart Service,Recycling - Report a Stolen Cart,,,,,,"1808B Warfield Dr, Nashville, TN 37215, United States",NASHVILLE,25.0,36.1019306,-86.8102114,1787873040000,1787923247000.0,37215,bc415702-6acf-4efc-819e-4b3c9db61702
2119833,2273295,Closed,Electric & Water General,Water Outage,Water Outage,,,,,,"4252 Rachel Donelson Pass, Nashville, TN 37076, United States",HERMITAGE,14.0,36.1992633,-86.6043224,1787872991000,1787886231000.0,37076,3a7e2c0f-d823-470b-ac18-f982577dfa72
2119832,2273294,Assigned,"Trash, Recycling & Litter",Missed Pickup - Trash Cart Service,Trash - Curbside/Alley Missed Pickup,,,,,,"1722 Linden Ave, Nashville, TN 37212, USA",NASHVILLE,18.0,36.127787,-86.7973713,1787872990000,,37212,a1f49ff9-9383-447c-a7a5-79feae9b9fa9
2119831,2273293,Assigned,Property Violations,Dilapidated Structures,Dilapidated Structures,,,,,,"749 Jaywood Dr, Old Hickory, TN 37138, USA",OLD HICKORY,11.0,36.2170862,-86.6302098,1787872952000,,37138,0cd88654-1491-4a73-895d-45c23206c7c4
2119830,2273292,Closed,Public Safety,Request Non-Emergency Police Assistance,Request Non-Emergency Police Assistance,,,,,,"301 3rd Ave S, Nashville, TN 37201, United States",NASHVILLE,19.0,36.158719879518465,-86.77427296795135,1787872921000,1787875794000.0,37201,3bc10fe2-a69f-4565-9cc1-887311848561
2119829,2273291,Closed,Public Safety,Control Number Request for Towing,Control Number Request for Towing,,,,,,"Bell Rd & Dodson Chapel Rd, Nashville, TN 37076, USA",HERMITAGE,12.0,36.1633613,-86.61311719999999,1787872819000,1787872819000.0,37076,f726a400-62c6-4531-bd54-361a34fedd4e
2119828,2273290,Closed,"Trash, Recycling & Litter",Missed Pickup - Recycle Cart Service,Recycle - Curbside/Alley Missed Pickup,,,,,,"1725 Temple Ave, Nashville, TN 37215, United States",NASHVILLE,25.0,36.099185611579756,-86.8082625067459,1787872798000,1788036953000.0,37215,82582a6d-19c2-436d-80d0-4aaf8252dba4
2119827,2273289,New,Public Safety,Improperly Parked Vehicles,Improperly Parked Vehicles,,,,,,"1213 Fatherland St, Nashville, TN 37206, USA",NASHVILLE,6.0,36.173928808081655,-86.74772500991821,1787872734000,,37206,2db5ab93-894b-49e7-ba56-260506ed8cab
2119826,2273288,New,Public Safety,Improperly Parked Vehicles,Improperly Parked Vehicles,,,,,,"1414 Charlotte Ave, Nashville, TN 37203, United States",NASHVILLE,19.0,36.16022085339159,-86.79506285374013,1787872461000,,37203,95c9e69e-f283-49ef-94ea-b0e860d0e6a6
2119825,2273287,New,Public Safety,Improperly Parked Vehicles,Improperly Parked Vehicles,,,,,,"1414 Charlotte Ave, Nashville, TN 37203, United States",NASHVILLE,19.0,36.16022085339159,-86.79506285374013,1787872441000,,37203,29022125-ef53-4ba2-9084-1086fbf87d04
2119824,2273286,Assigned,Property Violations,Tall Grass and Weeds,Tall Grass and Weeds,,,,,,"620 S 14th St, Nashville, TN 37206, USA",NASHVILLE,6.0,36.1677811,-86.7474842,1787872353000,,37206,01a787ca-b082-4a72-bf69-3fc3f6f4c2df
2119823,2273285,New,Public Safety,Abandoned Vehicles,Abandoned Vehicles - Public Property,,,,,,"1901 Elanor Dr, Nashville, TN 37217, United States",NASHVILLE,13.0,36.1377966,-86.7061858,1787872096000,,37217,f3213eb9-a034-4d44-9eb0-07ab994991ea
2119822,2273284,Assigned,"Trash, Recycling & Litter",Cart Service,Trash - Report a Stolen Cart,,,,,,"2605A Pennington Ave, Nashville, TN 37216, United States",NASHVILLE,7.0,36.19584506162088,-86.73052889325409,1787871720000,,37216,9a30e785-409c-4520-9d00-16bfa1efdcf5
2119821,2273282,Closed,"Streets, Roads & Sidewalks",Remove debris in roadway,Side of Road,,,,,,"TN-45, Nashville, TN 37138, United States",OLD HICKORY,11.0,36.26365933284797,-86.67518296782299,1787871593000,1787920916000.0,37138,ae1ed32a-1ec4-4a3d-98ca-61d2947b4c1b
2119820,2273281,Assigned,"Trash, Recycling & Litter",Missed Pickup - Recycle Cart Service,Recycle - Curbside/Alley Missed Pickup,,,,,,"2309 Lacy St, Nashville, TN 37208, United States",NASHVILLE,21.0,36.1830882,-86.81515619999999,1787871522000,,37208,36d2cc4e-92a8-412d-a85b-e2fe15fb219c
2119819,2273280,Assigned,Property Violations,Dilapidated Structures,Dilapidated Structures,,,,,,"5011 Rawlings Rd, Nashville, TN 37080, United States",JOELTON,1.0,36.3113029,-86.8837384,1787871517000,,37080,39d80981-fb00-46b1-b99d-0a657f2e5544
2119818,2273279,Assigned,"Trash, Recycling & Litter",Missed Pickup - Recycle Cart Service,Recycle - Curbside/Alley Missed Pickup,,,,,,"411B Eastboro Dr, Nashville, TN 37209, United States",NASHVILLE,20.0,36.149616,-86.867875,1787871278000,,37209,8d400d0f-d9db-4d1b-a267-6efc346093ba
2119817,2273278,Assigned,"Trash, Recycling & Litter",Missed Pickup - Trash Cart Service,Trash - Curbside/Alley Missed Pickup,,,,,,"2904 Westmoreland Dr, Nashville, TN 37212, USA",NASHVILLE,18.0,36.1307701,-86.81411489999999,1787871177000,,37212,cf1fa674-c53a-4139-ac86-68adae1d2490
2119816,2273277,Closed,Public Safety,Control Number Request for Towing,Control Number Request for Towing,,,,,,"301 Ben Allen Rd, Nashville, TN 37207, USA",NASHVILLE,5.0,36.22614,-86.75141959999999,1787871159000,1787871159000.0,37207,62473e53-20da-48f0-82df-d8426a52067b
2119815,2273276,Assigned,Property Violations,Tall Grass and Weeds,Tall Grass and Weeds,,,,,,"533 Moore Ave, Nashville, TN 37203, USA",NASHVILLE,17.0,36.1371468,-86.76716189999999,1787871116000,,37203,11c9a092-5b0b-4a34-b03d-f68e338ae9ab
2119814,2273275,Transferred,"Streets, Roads & Sidewalks",Overgrowth on right of way,Roadway,,,,,,"2420A Meharry Blvd, Nashville, TN 37208, United States",NASHVILLE,21.0,36.16787046104363,-86.8143802640748,1787870887000,,37208,a135fdb6-f719-40e3-b220-4c7b5c766c59
2119813,2273274,Closed,"Trash, Recycling & Litter",Missed Pickup - Recycle Cart Service,Recycle - Curbside/Alley Missed Pickup,,,,,,"516 Bell Trace Ln, Nashville, TN 37013, United States",ANTIOCH,33.0,36.0407819,-86.67152200000001,1787870875000,1787950966000.0,37013,89dc285b-a307-4d3b-a4d6-6b8c6ae558f8
2119812,2273273,Closed,"Trash, Recycling & Litter",Missed Pickup - Recycle Cart Service,Recycle - Curbside/Alley Missed Pickup,,,,,,"111 Oak Meadows Ln, Nashville, TN 37215, United States",NASHVILLE,25.0,36.09885846157966,-86.81084229999999,1787870746000,1787950979000.0,37215,873d4d21-3a0e-4137-9f07-31ce6c8e709f
2119811,2273272,Closed,"Streets, Roads & Sidewalks",Traffic Light Issue,Traffic Light Issue,,,,,,"905 Dr. M.L.K. Jr Blvd, Nashville, TN 37203, USA",NASHVILLE,19.0,36.16338188081742,-86.78776368498802,1787870715000,1787873890000.0,37203,3c3de8ac-dc2b-49d6-b524-ff40debc1bf2
2119810,2273271,Closed,"Trash, Recycling & Litter",Missed Pickup - Recycle Cart Service,Recycle - Curbside/Alley Missed Pickup,,,,,,"4006 Lealand Ln, Nashville, TN 37204, United States",NASHVILLE,25.0,36.104590777904036,-86.78882771699446,1787870427000,1787950966000.0,37204,106cf1bf-8876-450a-9a09-8fe166653bbe
2119809,2273269,Assigned,"Trash, Recycling & Litter",Missed Pickup - Trash Cart Service,Trash - Curbside/Alley Missed Pickup,,,,,,"93 Trotwood Mews, Brentwood, TN 37027, United States",BRENTWOOD,4.0,36.033688743101436,-86.75056635755534,1787870327000,,37027,ef748fed-475f-4e57-9877-581354cb8f23
2119808,2273268,Closed,"Streets, Roads & Sidewalks",Damaged Sign,Street or Roadway,,,,,,"Mcferrin Ave & Silverdene Pl, Nashville, TN 37206, USA",NASHVILLE,5.0,36.1780437,-86.7553793,1787870014000,1787944005000.0,37206,fcc78c85-f41c-4853-9c9e-17a7ecf796d3
2119807,2273266,Closed,"Trash, Recycling & Litter",Missed Pickup - Trash Cart Service,Trash - Curbside/Alley Missed Pickup,,,,,,"419 W Hillwood Dr, Nashville, TN 37205, United States",NASHVILLE,23.0,36.1269757,-86.87238479999999,1787869682000,1787944017000.0,37205,6de2aa85-ba66-429e-8661-4817c108b323
2119806,2273265,Assigned,"Trash, Recycling & Litter",Cart Service,Recycling - Report a Stolen Cart,,,,,,"3416 Hope Cove, Nashville, TN 37217, United States",NASHVILLE,28.0,36.0901003,-86.6592929,1787869574000,,37217,642ee7c8-51d5-4dc5-8cc3-62015b2419b3
2119805,2273264,Closed,"Streets, Roads & Sidewalks",Traffic Light Issue,Traffic Light Issue,,,,,,"Bell Rd & Eagle View Blvd, Nashville, TN 37013, USA",ANTIOCH,32.0,36.0523037,-86.6448746,1787869433000,1787950954000.0,37013,2623baa0-b481-4c12-bc08-c5b3f71750d9
2119804,2273263,Closed,"Streets, Roads & Sidewalks",Traffic Light Issue,Traffic Light Issue,,,,,,"Hickory Hollow Ln & Hickory Hollow Pkwy, Nashville, TN 37013, USA",ANTIOCH,32.0,36.0463664,-86.654742,1787869383000,1787950663000.0,37013,226fd287-c56a-42c0-8875-04fafd6a6e69
2119803,2273262,Closed,Public Safety,Control Number Request for Towing,Control Number Request for Towing,,,,,,"860 Village Hills Dr, Nashville, TN 37217, USA",NASHVILLE,29.0,36.092556263313426,-86.64576889312532,1787868830000,1787868830000.0,37217,b98555ac-c0bb-4d31-8d06-07eeb088e6f9
2119802,2273261,Assigned,"Trash, Recycling & Litter",Cart Service,Trash - Report a Damaged Cart,,,,,,"3805 Dunbar Dr, Nashville, TN 37207, United States",NASHVILLE,2.0,36.21988121462327,-86.81770182603435,1787868811000,,37207,e0e1256f-c029-4e94-921e-86a87ae059b8
2119801,2273260,Assigned,"Trash, Recycling & Litter",Missed Pickup - Trash Cart Service,Trash - Curbside/Alley Missed Pickup,,,,,,"122 Hart Ln, Nashville, TN 37207, United States",NASHVILLE,5.0,36.22082399896435,-86.75731220674591,1787868787000,,37207,0e6f6656-0cec-4e30-aa0c-fce3f4a06018
2119800,2273259,Closed,"Trash, Recycling & Litter",Missed Pickup - Recycle Cart Service,Recycle - Curbside/Alley Missed Pickup,,,,,,"5031 Marchant Dr, Nashville, TN 37211, United States",NASHVILLE,26.0,36.0681447,-86.749662,1787868751000,1787929683000.0,37211,c030047b-eefa-4988-8483-2973939b26c3
2119799,2273258,Assigned,"Trash, Recycling & Litter",Missed Pickup - Trash Cart Service,Trash - Curbside/Alley Missed Pickup,,,,,,"2707 Barton Ave, Nashville, TN 37212, United States",NASHVILLE,18.0,36.1336266,-86.8110315,1787868735000,,37212,7d15bc98-c3c2-41e1-bcf0-733c36afcd6e
2119798,2273256,New,"Streets, Roads & Sidewalks",Request New Sign,Request New Sign,,,,,,"3299 Union Hill Rd, Nashville, TN 37080, United States",JOELTON,1.0,36.31739561167269,-86.86125546838531,1787868616000,,37080,5e08abdc-1481-4ad0-a7cd-36473704a5e9
2119797,2273255,New,"Streets, Roads & Sidewalks",Traffic Light Timing,Traffic Light Timing,,,,,,"999 Church St, Nashville, TN 37203, United States",NASHVILLE,19.0,36.16064786241351,-86.78600073620318,1787868565000,,37203,52912a6c-3ea0-479d-bfde-3ee893f6c610
2119796,2273254,Closed,Public Safety,Repossessed Vehicle,Repossessed Vehicle,,,,,,,,,,,1787868499000,1787868499000.0,,4c627534-9f36-4fa5-a341-645ec0272e96
2119795,2273252,New,Public Safety,Stray Animals,Stray Animals,,,,,,"210 Rudy Cir, Nashville, TN 37214, United States",NASHVILLE,15.0,36.22010713016792,-86.69562606293562,1787868447000,,37214,53e8eca4-1034-4ec9-b798-5f0135c8c4b5
2119794,2273251,Closed,Resolved by hubNashville on First Call,Resolved by hubNashville on First Call,Resolved by hubNashville on First Call,,,,,,,,,,,1787868311000,1787868311000.0,,7eed7139-29a9-41bb-91ec-0a47a828b349
2119793,2273249,Closed,"Trash, Recycling & Litter",Missed Pickup - Recycle Cart Service,Recycle - Curbside/Alley Missed Pickup,,,,,,"418 Coventry Dr, Nashville, TN 37211, United States",NASHVILLE,26.0,36.0795157,-86.7338927,1787868014000,1787950966000.0,37211,f03dc032-9736-4859-b43c-704e9c84e451
2119792,2273246,New,"Streets, Roads & Sidewalks",Paving Request,Info on Paving,,,,,,"Highland View Dr & Baton Rouge Dr, Nashville, TN 37076, USA",HERMITAGE,14.0,36.2060551,-86.60248490000001,1787867904000,,37076,726b329b-96cd-44ad-bbf2-182b47255e49
2119791,2273245,Closed,Resolved by hubNashville on First Call,Resolved by hubNashville on First Call,Resolved by hubNashville on First Call,,,,,,,,,,,1787867893000,1787867893000.0,,894e39a1-2e8f-46eb-9a9a-1675c2437fc2
2119790,2273244,Assigned,Water,Water Billing Concern,Water Billing Concern,,,,,,"2234 Broadway St, Nolensville, TN 37135, United States",,,35.9464193,-86.6366109,1787867848000,,,2aed4e21-8f59-4552-9b0a-cf3a03f658b4
2119789,2273243,Closed,Public Safety,Request Non-Emergency Police Assistance,Request Non-Emergency Police Assistance,,,,,,"2369 Murfreesboro Pike, Nashville, TN 37217, United States",NASHVILLE,28.0,36.0828222,-86.6489666,1787867829000,1787877051000.0,37217,ef87b27d-7117-4c24-977c-ad9ed9b895d2
2119788,2273242,Assigned,Property Violations,Junk and Debris,Junk and Debris,,,,,,"612 Old Hickory Blvd, Nashville, TN 37209, United States",NASHVILLE,23.0,36.107556,-86.92186149999999,1787867710000,,37209,e73cf158-6e25-49a3-9377-09f622301880
2119787,2273241,Closed,Resolved by hubNashville on First Call,Resolved by hubNashville on First Call,Resolved by hubNashville on First Call,,,,,,,,,,,1787867673000,1787867673000.0,,61ddb534-5737-4f18-aa94-60c71275f91f
2119786,2273240,Closed,Resolved by hubNashville on First Call,Resolved by hubNashville on First Call,Resolved by hubNashville on First Call,,,,,,,,,,,1787867673000,1787867673000.0,,3fef31a9-c5e4-4652-9ef1-023481748484
2119785,2273239,Closed,Resolved by hubNashville on First Call,Resolved by hubNashville on First Call,Resolved by hubNashville on First Call,,,,,,,,,,,1787867661000,1787867661000.0,,9ca39b2c-d07d-4cc7-8563-537826bddb27
2119784,2273238,Closed,Resolved by hubNashville on First Call,Resolved by hubNashville on First Call,Resolved by hubNashville on First Call,,,,,,,,,,,1787867562000,1787867562000.0,,cc262770-7cf9-4051-9468-9f1dfd74a3a1
2119783,2273237,Closed,Public Safety,Request Non-Emergency Police Assistance,Request Non-Emergency Police Assistance,,,,,,"193 Paragon Mills Rd, Nashville, TN 37211, USA",NASHVILLE,30.0,36.08644234652859,-86.70151088386774,1787867549000,1787870586000.0,37211,4f172d97-c4e4-4476-a6c7-9f59e83a2d43
2119782,2273236,Closed,Resolved by hubNashville on First Call,Resolved by hubNashville on First Call,Resolved by hubNashville on First Call,,,,,,,,,,,1787867407000,1787867407000.0,,45ddb37b-ed7c-4269-b209-390c9990cbd5
2119781,2273235,Closed,Resolved by hubNashville on First Call,Resolved by hubNashville on First Call,Resolved by hubNashville on First Call,,,,,,,,,,,1787867380000,1787867380000.0,,380dd9eb-1943-47a1-ad1a-cce5b1c7068e
2119780,2273233,Closed,"Trash, Recycling & Litter",Missed Pickup - Trash Cart Service,Trash - Backdoor,,,,,,"1042 Davidson Rd, Nashville, TN 37205, United States",NASHVILLE,23.0,36.121908111589434,-86.89541900000002,1787867321000,1787936835000.0,37205,b0633b4e-1ca3-4692-bf5f-65b8357d8a66
2119779,2273232,Closed,Public Safety,Control Number Request for Towing,Control Number Request for Towing,,,,,,"1415 Princeton Pl, Nashville, TN 37076, United States",HERMITAGE,14.0,36.1717695,-86.60334979999999,1787867320000,1787867320000.0,37076,b48364a2-6279-4c50-b864-f5d7a0c0effd
2119778,2273231,Closed,Resolved by hubNashville on First Call,Resolved by hubNashville on First Call,Resolved by hubNashville on First Call,,,,,,,,,,,1787867311000,1787867311000.0,,df3a97ef-a539-40a5-bfdc-5871e2be0eb2
2119777,2273230,Assigned,"Trash, Recycling & Litter",Missed Pickup - Trash Cart Service,Trash - Curbside/Alley Missed Pickup,,,,,,"603 8th Ave S, Nashville, TN 37203, United States",NASHVILLE,19.0,36.1515473,-86.77963430000001,1787867176000,,37203,bb0b927a-0f43-4660-9968-5dc1d61c1efd
2119776,2273229,Closed,"Trash, Recycling & Litter",Missed Pickup - Recycle Cart Service,Recycle - Curbside/Alley Missed Pickup,,,,,,"5905 Cross Pointe Ln, Brentwood, TN 37027, United States",BRENTWOOD,4.0,36.028646855307656,-86.75931589325408,1787867092000,1787950921000.0,37027,54dae145-af94-4ac4-bd21-250c778dc783
2119775,2273228,Closed,Resolved by hubNashville on First Call,Resolved by hubNashville on First Call,Resolved by hubNashville on First Call,,,,,,"1900 Belmont Blvd, Nashville, TN 37212, United States",NASHVILLE,18.0,36.1359212,-86.7946743,1787867023000,1787867023000.0,37212,4dab13f3-94bc-42a6-a7dd-cc091995d961
2119774,2273227,Assigned,Property Violations,Tenant Complaint,Tenant Complaint,,,,,,"512 Arrington St, Nashville, TN 37207, United States",NASHVILLE,5.0,36.1838735,-86.7625326,1787866913000,,37207,d2d8bb47-016f-4410-9e4d-beff37a1973d
2119773,2273226,Closed,"Trash, Recycling & Litter",Missed Pickup - Recycle Cart Service,Recycle - Curbside/Alley Missed Pickup,,,,,,"5416 Wakefield Dr, Nashville, TN 37220, United States",NASHVILLE,26.0,36.04924705006317,-86.74705919325409,1787866823000,1787950931000.0,37220,fd187417-785e-4a1e-8841-76ef2c9cae7b
2119772,2273225,Closed,Resolved by hubNashville on First Call,Resolved by hubNashville on First Call,Resolved by hubNashville on First Call,,,,,,,,,,,1787866785000,1787866785000.0,,69e0052f-9a48-4577-bd41-eb967bf2b7dc
2119771,2273223,Closed,Resolved by hubNashville on First Call,Resolved by hubNashville on First Call,Resolved by hubNashville on First Call,,,,,,,,,,,1787866677000,1787866677000.0,,6fae478c-663f-4c79-8b43-9bd960b705de
2119770,2273222,Closed,"Trash, Recycling & Litter",Missed Pickup - Recycle Cart Service,Recycle - Curbside/Alley Missed Pickup,,,,,,"1512 Straightway Ave, Nashville, TN 37206, United States",NASHVILLE,6.0,36.1926961,-86.7387464,1787866673000,1788036922000.0,37206,2dfd16ad-27f6-4d34-82a8-b5580d0815b8
2119769,2273221,Closed,"Trash, Recycling & Litter",File a Trash or Recycling Complaint,Trash collection Complaint,,,,,,"1529 Water Oak Ct, Nashville, TN 37013, United States",ANTIOCH,8.0,36.0388087,-86.57438499999999,1787866657000,1787936778000.0,37013,32096d24-3654-4fb8-8e5f-a5a3f97fd2dc
2119768,2273219,New,Parks and Environment,Parks Police Concern,Parks Police Concern,,,,,,"1507 Jefferson St, Nashville, TN 37208, USA",NASHVILLE,21.0,36.170388879059296,-86.80276799571016,1787866498000,,37208,c8f40260-7df6-46c4-b4e1-e173f4a18876
2119767,2273218,Assigned,"Trash, Recycling & Litter",File a Trash or Recycling Complaint,Recycle Collection Complaint,,,,,,"5601 Pennsylvania Ave, Nashville, TN 37209, United States",NASHVILLE,20.0,36.1627142,-86.8558391,1787866463000,,37209,48c8c224-cf8b-4a74-8c16-1d5870ff77df
2119766,2273217,Closed,"Trash, Recycling & Litter",File a Trash or Recycling Complaint,Trash collection Complaint,,,,,,"1208 Sycamore Rd, Nashville, TN 37204, United States",NASHVILLE,17.0,36.12905629999999,-86.7697106,1787866441000,1787936835000.0,37204,ac051e11-213f-45ca-b694-ac2fa18a0ac1
2119765,2273216,Closed,Public Safety,Request Non-Emergency Police Assistance,Request Non-Emergency Police Assistance,,,,,,"Nashville, Nashville, TN , United States",NASHVILLE,19.0,36.1626638,-86.7816016,1787866348000,1787868381000.0,37219,38fcaa7f-e371-40ce-aeed-29249bf1e0a3
2119764,2273215,Closed,Public Safety,Control Number Request for Towing,Control Number Request for Towing,,,,,,"4 Sycamore Ct, Nashville, TN 37013, United States",ANTIOCH,33.0,36.04227691155564,-86.6723111932541,1787866329000,1787866329000.0,37013,c9b8f377-ad3a-4aa7-8cb3-7fdfdda6f4b5
2119763,2273213,New,Public Safety,Improperly Parked Vehicles,Improperly Parked Vehicles,,,,,,"1503 Bernard Ave, Nashville, TN 37212, United States",NASHVILLE,18.0,36.13138259999999,-86.7926395,1787866271000,,37212,f1530ccc-d71b-41fa-aa63-c4f276979387
2119762,2273212,Closed,Resolved by hubNashville on First Call,Resolved by hubNashville on First Call,Resolved by hubNashville on First Call,,,,,,,,,,,1787866261000,1787866261000.0,,7a9d665a-4086-4a7a-9d9e-627c12a60d4e
2119761,2273211,Closed,"Trash, Recycling & Litter",Cart Service,Recycling - Request an Additional Cart,,,,,,"906 Blue Ridge Dr, Nashville, TN 37207, United States",NASHVILLE,5.0,36.1966285,-86.7539487,1787866230000,1787921507000.0,37207,5d2788ab-093f-48b8-a1bc-7c893063db46
2119760,2273210,Closed,Resolved by hubNashville on First Call,Resolved by hubNashville on First Call,Resolved by hubNashville on First Call,,,,,,,,,,,1787866225000,1787866225000.0,,7a26771c-965e-4f0f-8b8d-79ef434161a0
2119759,2273209,Closed,"Trash, Recycling & Litter",Waste Services Escalation,Escalation Cart Issues,,,,,,"4604 Utah Ave, Nashville, TN 37209, United States",NASHVILLE,24.0,36.1446069,-86.8424218,1787866195000,1787928337000.0,37209,ed27e14b-846c-4d82-9017-ff1259e76086
2119758,2273207,New,"Streets, Roads & Sidewalks",Obstruction of right of way,Roadway,,,,,,"4241 Brick Church Pike, Nashville, TN 37189, United States",WHITES CREEK,3.0,36.28118865690456,-86.78480098519329,1787866155000,,37189,d153afbb-6aa2-40aa-a3fe-03c711bfff2b
2119757,2273206,Assigned,"Trash, Recycling & Litter",Cart Service,Recycling - Report a Stolen Cart,,,,,,"911 Blue Ridge Dr, Nashville, TN 37207, United States",NASHVILLE,5.0,36.1970386,-86.75342169999999,1787866123000,,37207,74fb7a4c-8863-4376-bbe5-40f8d1e55d6e
2119756,2273205,Closed,"Trash, Recycling & Litter",Cart Service,Recycling - Report a Stolen Cart,,,,,,"1808 Warfield Dr, Nashville, TN 37215, United States",NASHVILLE,25.0,36.1019189,-86.81013019999999,1787866119000,1787929649000.0,37215,6f98d1a8-c8c4-4cda-b566-32ac80f3c53f
2119755,2273204,Closed,"Trash, Recycling & Litter",Missed Pickup - Recycle Cart Service,Recycle - Curbside/Alley Missed Pickup,,,,,,"2200 Harding Pl, Nashville, TN 37215, United States",NASHVILLE,34.0,36.09263818341469,-86.83666830674592,1787866110000,1787950931000.0,37215,f3973a69-a89b-4839-9a9c-565461ec5f66
2119754,2273203,Assigned,"Trash, Recycling & Litter",Cart Service,Recycling - Request an Additional Cart,,,,,,"911 Blue Ridge Dr, Nashville, TN 37207, United States",NASHVILLE,5.0,36.1970386,-86.75342169999999,1787866092000,,37207,d31379a0-1538-41b1-906b-384c4a7214ad
2119753,2273202,Closed,Public Safety,Repossessed Vehicle,Repossessed Vehicle,,,,,,,,,,,1787866054000,1787866054000.0,,48f095b2-2219-4837-8660-b0447ca74714
2119752,2273200,Assigned,"Trash, Recycling & Litter",Cart Service,Recycling - Report a Stolen Cart,,,,,,"906 Blue Ridge Dr, Nashville, TN 37207, United States",NASHVILLE,5.0,36.1966285,-86.7539487,1787865990000,,37207,aff9b9d0-4afb-4e7e-a04d-dfd48ba122b9
2119751,2273199,Closed,Resolved by hubNashville on First Call,Resolved by hubNashville on First Call,Resolved by hubNashville on First Call,,,,,,"2038 Greenwood Ave, Nashville, TN 37206, United States",NASHVILLE,6.0,36.1885225,-86.7294957,1787865985000,1787865985000.0,37206,2660beff-4dc0-45d2-bbd9-2b2e9cffcc36
2119750,2273198,Closed,"Trash, Recycling & Litter",Waste Services Escalation,Escalation Cart Issues,,,,,,"4604 Utah Ave, Nashville, TN 37209, United States",NASHVILLE,24.0,36.1446069,-86.8424218,1787865975000,1787928328000.0,37209,deec7da7-63e4-4342-a907-439723844449
2119749,2273197,Closed,"Streets, Roads & Sidewalks",Traffic Light Issue,Traffic Light Issue,,,,,,"Bell Rd & Eagle View Blvd, Nashville, TN 37013, USA",ANTIOCH,32.0,36.0523037,-86.6448746,1787865950000,1787950954000.0,37013,390986a9-5d61-4d82-9e2a-964c2a41e9d3
2119748,2273196,Closed,Resolved by hubNashville on First Call,Resolved by hubNashville on First Call,Resolved by hubNashville on First Call,,,,,,,,,,,1787865902000,1787865902000.0,,115655ec-fee5-4962-bd2c-49c713fafeec
2119747,2273195,Closed,"Trash, Recycling & Litter",Missing Trash Cart,Missing Trash Cart,,,,,,"330 Commerce St, Nashville, TN 37201, United States",NASHVILLE,19.0,36.1630394,-86.77734629999999,1787865902000,1787920645000.0,37201,389db035-9403-4805-8d93-9b500be356c3
2119746,2273194,Assigned,"Trash, Recycling & Litter",Cart Service,Trash - Report a Damaged Cart,,,,,,"123 Larchmont Dr, Nashville, TN 37115, United States",MADISON,9.0,36.2662519,-86.6888048,1787865765000,,37115,27a40a78-b399-4c34-9259-b9a662a15b03
2119745,2273193,Assigned,"Trash, Recycling & Litter",Missed Pickup - Trash Cart Service,Trash - Backdoor,,,,,,"3629 West End Ave, Nashville, TN 37205, United States",NASHVILLE,24.0,36.13373996159444,-86.82691479999998,1787865759000,,37205,1c2496ce-eb45-41d1-ab6b-5eafe8eec632
2119744,2273192,Closed,"Trash, Recycling & Litter",Missed Pickup - Trash Cart Service,Trash - Curbside/Alley Missed Pickup,,,,,,"657 Harding Pl, Nashville, TN 37211, United States",NASHVILLE,26.0,36.0792971,-86.74800479999999,1787865735000,1788036912000.0,37211,e11c6dda-6da0-499c-b2f9-3bf8d5d31330
2119743,2273191,New,"Streets, Roads & Sidewalks",Remove debris in roadway,Side of Road,,,,,,"658 Grassmere Park, Nashville, TN 37211, United States",NASHVILLE,26.0,36.09017712181118,-86.75015158147582,1787865734000,,37211,f1576eb0-d005-4dde-a152-1306b13fc5d9
2119742,2273190,New,Public Safety,Improperly Parked Vehicles,Improperly Parked Vehicles,,,,,,"401 S 4th St, Nashville, TN 37206, USA",NASHVILLE,6.0,36.1677422,-86.76360179999999,1787865634000,,37206,82119ec2-9c70-4eb8-a1b2-fb34777d8151
2119741,2273188,Assigned,"Streets, Roads & Sidewalks",Request Repair to Private Property,,,,,,,"302 Bonnacroft Dr, Nashville, TN 37076, United States",HERMITAGE,14.0,36.1969531,-86.6249969,1787865573000,,37076,d658ea81-1b3e-4339-8706-0080ba541863
2119740,2273187,Closed,Resolved by hubNashville on First Call,Resolved by hubNashville on First Call,Resolved by hubNashville on First Call,,,,,,,,,,,1787865528000,1787865528000.0,,564c7dd2-6955-4778-b65a-7acf8dd635ec
2119739,2273186,Assigned,"Trash, Recycling & Litter",Cart Service,Recycling - Report a Stolen Cart,,,,,,"407 Scott Ave, Nashville, TN 37206, United States",NASHVILLE,6.0,36.19029889999999,-86.7337422,1787865500000,,37206,82efcad0-c018-4740-aa9a-d854a1732e14
2119738,2273184,Closed,Resolved by hubNashville on First Call,Resolved by hubNashville on First Call,Resolved by hubNashville on First Call,,,,,,,,,,,1787865464000,1787865464000.0,,338c2f31-5f07-4308-b01f-0716fa106ed3
2119737,2273181,Closed,Resolved by hubNashville on First Call,Resolved by hubNashville on First Call,Resolved by hubNashville on First Call,,,,,,,,,,,1787865356000,1787865356000.0,,632a9382-485e-4063-a23c-f8862005d5f0
2119736,2273180,Closed,Public Safety,Control Number Request for Towing,Control Number Request for Towing,,,,,,"105 Lea Ave, Nashville, TN 37210, United States",NASHVILLE,19.0,36.1555287,-86.7702777,1787865329000,1787865329000.0,37210,bd23a346-3102-4bb2-840b-ff917f38b946
2119735,2273179,Assigned,"Trash, Recycling & Litter",Missed Pickup - Recycle Cart Service,Recycle - Curbside/Alley Missed Pickup,,,,,,"6362 Columbia Ave, Nashville, TN 37209, United States",NASHVILLE,20.0,36.1524096,-86.8735141,1787865264000,,37209,16dd13ab-f0b7-424c-b607-f28b84dd7f1a
2119734,2273178,New,"Streets, Roads & Sidewalks",Request New Sign,Request New Sign,,,,,,"2826 Emery Dr, Nashville, TN 37214, USA",NASHVILLE,15.0,36.15621433427938,-86.66237460449338,1787865261000,,37214,4031bb4c-f8ef-4bdc-8681-e48d0e865a35
2119733,2273177,Closed,Resolved by hubNashville on First Call,Resolved by hubNashville on First Call,Resolved by hubNashville on First Call,,,,,,,,,,,1787865247000,1787865247000.0,,a364aa14-0f05-46df-a7fc-98941a6282c8
2119732,2273174,Closed,Public Safety,Request Non-Emergency Police Assistance,Request Non-Emergency Police Assistance,,,,,,"1622 Church St, Nashville, TN 37203, United States",NASHVILLE,19.0,36.1564756,-86.7952174,1787865196000,1787868731000.0,37203,c608356a-cd47-45d4-8556-32bfaf5d15f2
2119731,2273172,Closed,"Trash, Recycling & Litter",Missed Pickup - Trash Cart Service,Trash - Curbside/Alley Missed Pickup,,,,,,"5545 Knob Rd, Nashville, TN 37209, United States",NASHVILLE,24.0,36.1377617,-86.8550909,1787865132000,1787936789000.0,37209,e1c868bd-a96a-4a12-9d49-f97c08635a06
2119730,2273171,Closed,Resolved by hubNashville on First Call,Resolved by hubNashville on First Call,Resolved by hubNashville on First Call,,,,,,,,,,,1787865116000,1787865116000.0,,459b1dc0-9222-49fe-b75d-73a22ecb4922
2119729,2273170,New,"Streets, Roads & Sidewalks",Request New Sign,Request New Sign,,,,,,"2809 Emery Dr, Nashville, TN 37214, USA",NASHVILLE,15.0,36.15635916332723,-86.66375895962119,1787865103000,,37214,abf1ca88-d8f5-45b1-a39c-d76cd090eb7e
2119728,2273169,New,"Streets, Roads & Sidewalks",Traffic Light Issue,Traffic Light Issue,,,,,,"2600 Elm Hill Pike, Nashville, TN 37214, United States",NASHVILLE,15.0,36.15164361176417,-86.67704123392929,1787865071000,,37214,287a9c49-ec89-4634-bfdf-f2136e6b304d
2119727,2273168,Assigned,Property Violations,Tall Grass and Weeds,Tall Grass and Weeds,,,,,,"5405 Lickton Pike, Goodlettsville, TN 37072, United States",GOODLETTSVILLE,10.0,36.3180703,-86.7933602,1787865043000,,37072,42da39b3-6e10-4238-beb1-d54e8b4da667
2119726,2273167,Closed,Resolved by hubNashville on First Call,Resolved by hubNashville on First Call,Resolved by hubNashville on First Call,,,,,,,,,,,1787864989000,1787864989000.0,,55035575-4725-4bd0-9126-4ebae6059dcd
2119725,2273165,New,"Streets, Roads & Sidewalks",Request New Sign,Request New Sign,,,,,,"2909 Emery Dr, Nashville, TN 37214, USA",NASHVILLE,15.0,36.156016720411785,-86.65745878592134,1787864964000,,37214,362ec325-daeb-4472-8ffa-672004b0eab7
2119724,2273164,New,Public Safety,Improperly Parked Vehicles,Improperly Parked Vehicles,,,,,,"Beechwood Ave & Belmont Blvd, Nashville, TN 37212, USA",NASHVILLE,18.0,36.1258829,-86.7940393,1787864958000,,37212,8137ad0d-bc95-478e-9e49-9d803ea39f4b
2119723,2273163,Closed,Resolved by hubNashville on First Call,Resolved by hubNashville on First Call,Resolved by hubNashville on First Call,,,,,,,,,,,1787864842000,1787864842000.0,,00f05ff6-f472-4f00-98de-6a1fd6936411
2119722,2273162,Assigned,"Trash, Recycling & Litter",Missed Pickup - Trash Cart Service,Trash - Curbside/Alley Missed Pickup,,,,,,"1001 32nd Ave N, Nashville, TN 37209, United States",NASHVILLE,21.0,36.1635943,-86.8250376,1787864837000,,37209,8720474c-c99c-46ae-8bc0-b49186cec012
2119721,2273161,Closed,Resolved by hubNashville on First Call,Resolved by hubNashville on First Call,Resolved by hubNashville on First Call,,,,,,,,,,,1787864823000,1787864823000.0,,ea12d33a-f0bd-4858-a672-5cb44f2eae03
2119720,2273160,Closed,Resolved by hubNashville on First Call,Resolved by hubNashville on First Call,Resolved by hubNashville on First Call,,,,,,,,,,,1787864652000,1787864652000.0,,f35e717f-875a-4f16-bef6-0fb8baafb44c
2119719,2273159,Closed,"Trash, Recycling & Litter",Missed Pickup - Recycle Cart Service,Recycle - Curbside/Alley Missed Pickup,,,,,,"1821 Cedar Ln, Nashville, TN 37212, United States",NASHVILLE,18.0,36.1219913,-86.8002758,1787864642000,1787950931000.0,37212,38f7c18b-906b-444b-a7a9-5ee62dd170d3
2119718,2273158,Closed,Public Safety,Request Non-Emergency Police Assistance,Request Non-Emergency Police Assistance,,,,,,"2038 Greenwood Ave, Nashville, TN 37206, United States",NASHVILLE,6.0,36.1885225,-86.7294957,1787864556000,1787866211000.0,37206,0d2bc821-5ce9-4fbd-a128-8043152319b3
2119717,2273157,Closed,Public Safety,Control Number Request for Towing,Control Number Request for Towing,,,,,,"3130 Dickerson Pike, Nashville, TN 37207, United States",NASHVILLE,2.0,36.2319854,-86.75941879999999,1787864540000,1787864540000.0,37207,12edcfac-41be-40e8-b5cb-948e09f0a408
2119716,2273156,New,"Streets, Roads & Sidewalks",Overgrowth on right of way,Alley,,,,,,"916 Scovel St, Nashville, TN 37208, United States",NASHVILLE,19.0,36.17387780000001,-86.7944547,1787864408000,,37208,d442b839-7f0a-4f27-9e97-1ee0eb31fb30
2119715,2273155,New,Electric & Water General,Erosion Complaints,,,,,,,"3603 HEWLETT CT,  NASHVILLE,  TN,  37211",NASHVILLE,16.0,,,1787864405000,,37211,01592e89-bdf3-4fe8-853e-a292e2b9db84
2119714,2273153,Closed,Resolved by hubNashville on First Call,Resolved by hubNashville on First Call,Resolved by hubNashville on First Call,,,,,,,,,,,1787864303000,1787864303000.0,,a360bbfa-9f8b-4a6d-8426-07573ed385b6
2119713,2273151,Closed,Resolved by hubNashville on First Call,Resolved by hubNashville on First Call,Resolved by hubNashville on First Call,,,,,,,,,,,1787864269000,1787864269000.0,,7875572c-c1e2-4277-8801-27693c62ef01
2119712,2273150,Closed,Resolved by hubNashville on First Call,Resolved by hubNashville on First Call,Resolved by hubNashville on First Call,,,,,,,,,,,1787864157000,1787864157000.0,,196013c7-8a94-4e62-bd2b-2b933c4f6c10
2119711,2273149,Closed,Resolved by hubNashville on First Call,Resolved by hubNashville on First Call,Resolved by hubNashville on First Call,,,,,,,,,,,1787864028000,1787864028000.0,,25983839-c899-477a-8486-a08a3fa17634
2119710,2273148,Closed,Resolved by hubNashville on First Call,Resolved by hubNashville on First Call,Resolved by hubNashville on First Call,,,,,,,,,,,1787864003000,1787864003000.0,,09283e8a-4a4c-4427-80d9-925381398ae5
2119709,2273147,Assigned,"Trash, Recycling & Litter",Cart Service,Trash - Report a Damaged Cart,,,,,,"303 Delvin Dr, Nashville, TN 37211, United States",NASHVILLE,27.0,36.0552467,-86.7021649,1787863981000,,37211,1c912e0b-2c2d-44c4-9cf1-27025757a3bc
2119708,2273146,Closed,Public Safety,Improperly Parked Vehicles,Improperly Parked Vehicles,,,,,,"500 Hillside Ct, Nashville, TN 37203, United States",NASHVILLE,17.0,36.1407199,-86.7827643,1787863957000,1787929649000.0,37203,2ed03998-0dec-4038-abe2-3705bbd063e4
2119707,2273144,Closed,Public Safety,Noise Violations,Noise Violations,,,,,,"22nd Ave N & Buchanan St, Nashville, TN 37208, USA",NASHVILLE,21.0,36.18016739999999,-86.8131441,1787863868000,1787864705000.0,37208,cdd8cfa6-c8d4-42c5-b0b2-764e39d57cee
2119706,2273143,Closed,Other Metro Services and Forms,Clerk - Do Not Knock Registry,Clerk - Do Not Knock Registry,,,,,,"120 Montague Wy, Nashville, TN 37115, United States",MADISON,7.0,36.24752,-86.7170292,1787863781000,1787863781000.0,37115,e03c192a-ccfe-4769-a150-7a1e0827048f
2119705,2273142,Assigned,"Streets, Roads & Sidewalks",Overgrowth on right of way,Sidewalk,,,,,,"4001 Central Pike, Nashville, TN 37076, United States",HERMITAGE,12.0,36.173277249283935,-86.6010182919551,1787863733000,,37076,aaff001e-ac12-4fe9-9783-88bbeffe33ed
2119704,2273141,Active,Public Safety,Request Non-Emergency Police Assistance,Request Non-Emergency Police Assistance,,,,,,"536 Piccadilly Row, Nashville, TN 37013, United States",ANTIOCH,28.0,36.0789818,-86.6626823,1787863686000,,37013,d1106895-8fc0-4396-b6c3-1b159d418dea
2119703,2273140,Closed,Resolved by hubNashville on First Call,Resolved by hubNashville on First Call,Resolved by hubNashville on First Call,,,,,,,,,,,1787863680000,1787863680000.0,,62958308-9c60-4471-8103-1028e4f4e194
2119702,2273139,Closed,Resolved by hubNashville on First Call,Resolved by hubNashville on First Call,Resolved by hubNashville on First Call,,,,,,,,,,,1787863673000,1787863673000.0,,550e0246-30a1-4fdc-9bb5-99718900578e
2119701,2273138,Assigned,"Trash, Recycling & Litter",Cart Service,Trash - Report a Damaged Cart,,,,,,"320 Gaywood Dr, Nashville, TN 37211, United States",NASHVILLE,26.0,36.07930665889345,-86.74285432290039,1787863673000,,37211,72dd6290-563f-40a1-8edb-8f8d322019c4
2119700,2273137,Assigned,"Trash, Recycling & Litter",Cart Service,Trash - Report a Damaged Cart,,,,,,"1936 Avalon Dr, Nashville, TN 37216, United States",NASHVILLE,7.0,36.2086875,-86.7102564,1787863602000,,37216,004862a8-6c3f-4e47-a5b8-409eaaa2b605
2119699,2273136,Closed,Resolved by hubNashville on First Call,Resolved by hubNashville on First Call,Resolved by hubNashville on First Call,,,,,,,,,,,1787863355000,1787863355000.0,,6b7fbbf9-591f-4783-8b9d-563766de8ceb
2119698,2273135,Closed,Resolved by hubNashville on First Call,Resolved by hubNashville on First Call,Resolved by hubNashville on First Call,,,,,,,,,,,1787863312000,1787863312000.0,,99573d39-12fe-4f08-b1ef-dbbaf9a2cecb
2119697,2273134,Assigned,"Trash, Recycling & Litter",Missed Pickup - Trash Cart Service,Trash - Curbside/Alley Missed Pickup,,,,,,"531 Harding Pl, Nashville, TN 37211, United States",NASHVILLE,26.0,36.0767504,-86.7358188,1787863294000,,37211,fdaa47c6-25e7-40ee-8de8-751f283a8c12
2119696,2273133,Closed,Resolved by hubNashville on First Call,Resolved by hubNashville on First Call,Resolved by hubNashville on First Call,,,,,,,,,,,1787863182000,1787863182000.0,,6f8596bb-45f5-4b63-89e1-f5c24325918d
2119695,2273132,Assigned,"Streets, Roads & Sidewalks",Overgrowth on right of way,Sidewalk,,,,,,"3435 Lebanon Pike, Nashville, TN 37076, United States",HERMITAGE,14.0,36.1897318,-86.62618979999999,1787863176000,,37076,4d42a41f-9988-4313-b6b5-d4364e4ff7b4
2119694,2273130,New,Public Safety,Abandoned Vehicles,Abandoned Vehicles - Public Property,,,,,,"4312 Woods St, Nashville, TN 37138, United States",OLD HICKORY,11.0,36.2190064,-86.62254899999999,1787863090000,,37138,d5cc7752-c1f2-473c-9b34-881414b64d44
2119693,2273129,Assigned,"Trash, Recycling & Litter",Missed Pickup - Trash Cart Service,Trash - Curbside/Alley Missed Pickup,,,,,,"224 Wauford Dr, Nashville, TN 37211, United States",NASHVILLE,26.0,36.0756036,-86.7407127,1787863076000,,37211,00c5db5a-696d-48e6-8d02-6c7fa438afd6
2119692,2273128,Assigned,"Trash, Recycling & Litter",Cart Service,Trash - Report a Damaged Cart,,,,,,"291 Cana Cir, Nashville, TN 37205, United States",NASHVILLE,23.0,36.0882751,-86.8904452,1787863056000,,37205,29a34c50-df9b-4d6a-8f6b-ff80a9a6f60a
2119691,2273127,Closed,Resolved by hubNashville on First Call,Resolved by hubNashville on First Call,Resolved by hubNashville on First Call,,,,,,"Beechwood Ave & Belmont Blvd, Nashville, TN 37212, USA",NASHVILLE,18.0,36.1258829,-86.7940393,1787862985000,1787862985000.0,37212,cd8a542a-2604-407e-aeef-7229342f48fe
2119690,2273126,Closed,"Trash, Recycling & Litter",File a Trash or Recycling Complaint,Trash collection Complaint,,,,,,"1211B 5th Ave N, Nashville, TN 37208, United States",NASHVILLE,19.0,36.17538354269446,-86.78895513401646,1787862962000,1787863747000.0,37208,13ceaf21-db14-4358-b458-5048d46d8385
2119689,2273125,Closed,Resolved by hubNashville on First Call,Resolved by hubNashville on First Call,Resolved by hubNashville on First Call,,,,,,,,,,,1787862867000,1787862867000.0,,59da2b44-014e-4076-a629-d4e17749cbea
2119688,2273124,Assigned,Property Violations,Junk and Debris,Junk and Debris,,,,,,"2400 Oakwood Ave, Nashville, TN 37207, United States/ Slaydon",NASHVILLE,5.0,36.2110521,-86.7540078,1787862814000,,37207,4ae939a4-9891-4ecf-9d4f-3a018b051eae
2119687,2273123,Assigned,"Trash, Recycling & Litter",Cart Service,Recycling - Report a Stolen Cart,,,,,,"1520 Corder Dr, Nashville, TN 37206, United States",NASHVILLE,7.0,36.1948121,-86.7136883,1787862732000,,37206,6dc8e658-ba56-4339-b099-04d077735c50
2119686,2273122,Assigned,Property Violations,Tree Concerns,Tree Concerns,,,,,,"612 W DUE WEST AVE, Nashville, TN 37115, USA",MADISON,3.0,36.24919939999999,-86.734466,1787862706000,,37115,76325f4b-c16b-4e67-a08a-43e75f329589
2119685,2273121,Assigned,"Trash, Recycling & Litter",Missing Trash Cart,,,,,,,"1520 Corder Dr, Nashville, TN 37206, United States",NASHVILLE,7.0,36.1948121,-86.7136883,1787862676000,,37206,24113c8a-2653-4b06-8511-7ea2c4d8c780
2119684,2273118,Closed,Resolved by hubNashville on First Call,Resolved by hubNashville on First Call,Resolved by hubNashville on First Call,,,,,,,,,,,1787862578000,1787862578000.0,,8acbc80c-d895-4480-89d1-b2e7f5a48eac
2119683,2273117,Closed,Resolved by hubNashville on First Call,Resolved by hubNashville on First Call,Resolved by hubNashville on First Call,,,,,,,,,,,1787862556000,1787862556000.0,,b9c8f794-be3a-4f6a-a4c5-9c0a85b7244c
2119682,2273116,Closed,Resolved by hubNashville on First Call,Resolved by hubNashville on First Call,Resolved by hubNashville on First Call,,,,,,,,,,,1787862524000,1787862524000.0,,66e6449c-c0fc-4325-8f28-bd47fdaff9bb
2119681,2273115,Closed,Public Safety,Repossessed Vehicle,Repossessed Vehicle,,,,,,,,,,,1787862494000,1787862494000.0,,419841dd-b285-4f13-bfcc-30b2c24a8022
2119680,2273114,Closed,Resolved by hubNashville on First Call,Resolved by hubNashville on First Call,Resolved by hubNashville on First Call,,,,,,,,,,,1787862467000,1787862467000.0,,36a8a640-0363-4fc2-92f9-98586147bdbe
2119679,2273113,Assigned,"Trash, Recycling & Litter",Cart Service,Trash - Report a Damaged Cart,,,,,,"5627 Clovermeade Dr, Brentwood, TN 37027, USA",BRENTWOOD,4.0,36.03382673013665,-86.75908248871565,1787862430000,,37027,76654dfa-b5c5-4702-90a2-e53af2b475fe
2119678,2273112,Closed,Resolved by hubNashville on First Call,Resolved by hubNashville on First Call,Resolved by hubNashville on First Call,,,,,,,,,,,1787862411000,1787862411000.0,,a11129af-dc1a-47a3-87d7-88fe96116ba1
2119677,2273111,New,"Streets, Roads & Sidewalks",Obstruction of right of way,Roadway,,,,,,"5010 Edmondson Pike, Nashville, TN 37211, USA",NASHVILLE,27.0,36.07102235294693,-86.73338659107685,1787862317000,,37211,91801b7b-d2ed-48ea-b03b-9349c315fdcc
2119676,2273110,Assigned,"Streets, Roads & Sidewalks",Roadwork Complaint,Roadwork Complaint,,,,,,"3113 Cliff Dr, Nashville, TN 37218, United States",NASHVILLE,2.0,36.19788001283056,-86.82962538020317,1787862185000,,37218,cee2a41e-b96e-4190-89cc-f13f902f488c
2119675,2273109,Closed,Resolved by hubNashville on First Call,Resolved by hubNashville on First Call,Resolved by hubNashville on First Call,,,,,,,,,,,1787862159000,1787862159000.0,,e479191c-c29a-4c4c-ad0d-3eba1e3a979e
2119674,2273108,Closed,Resolved by hubNashville on First Call,Resolved by hubNashville on First Call,Resolved by hubNashville on First Call,,,,,,"205 Berry St, Nashville, TN 37207, United States",NASHVILLE,5.0,36.1816139,-86.77105019999999,1787862132000,1787862132000.0,37207,c87e0ed4-adf3-4a34-9f7f-8ff91a25f465
2119673,2273107,Closed,Resolved by hubNashville on First Call,Resolved by hubNashville on First Call,Resolved by hubNashville on First Call,,,,,,,,,,,1787862113000,1787862113000.0,,db8462a0-572b-4df2-a83a-f5a77740e759
2119672,2273105,Closed,Public Safety,Control Number Request for Towing,Control Number Request for Towing,,,,,,"201 Harmony Aly, Nashville, TN 37207, United States",NASHVILLE,2.0,36.19739951643707,-86.77406194484406,1787862011000,1787862011000.0,37207,fd498cae-01e7-4181-b288-3e3af72e0f96
2119671,2273102,Closed,Resolved by hubNashville on First Call,Resolved by hubNashville on First Call,Resolved by hubNashville on First Call,,,,,,,,,,,1787861939000,1787861939000.0,,68ae67af-22c2-4e83-a60c-14b9dde89ecd
2119670,2273101,Closed,Resolved by hubNashville on First Call,Resolved by hubNashville on First Call,Resolved by hubNashville on First Call,,,,,,,,,,,1787861932000,1787861932000.0,,ea3380ff-3662-44f3-bf04-b4d6ad47ecce
2119669,2273100,Assigned,"Trash, Recycling & Litter",Unwanted Recycling or Trash,Unwanted Recycling,,,,,,"1021 Pennock Ave, Nashville, TN 37207, United States",NASHVILLE,5.0,36.1896949,-86.76620550000001,1787861922000,,37207,94d96c29-6f6c-47f6-a912-013a6efeae54
2119668,2273099,Closed,Resolved by hubNashville on First Call,Resolved by hubNashville on First Call,Resolved by hubNashville on First Call,,,,,,,,,,,1787861914000,1787861914000.0,,66afec80-fe70-4cfc-b0be-284918523c93
2119667,2273098,New,"Streets, Roads & Sidewalks",Request New Signal,Request New Signal,,,,,,"3399 Hobbs Rd, Nashville, TN 37215, United States",NASHVILLE,34.0,36.102098276158905,-86.8305114638829,1787861828000,,37215,b32c7187-f9f5-4b83-bfe5-dfb33787cb40
2119666,2273097,Closed,Resolved by hubNashville on First Call,Resolved by hubNashville on First Call,Resolved by hubNashville on First Call,,,,,,,,,,,1787861793000,1787861793000.0,,253e3a71-513b-42ce-b9aa-f4733964c09e
2119665,2273096,Closed,Public Safety,Control Number Request for Towing,Control Number Request for Towing,,,,,,"121 Hickory Trace Dr, Nashville, TN 37211, USA",NASHVILLE,27.0,36.0454968,-86.7177279,1787861747000,1787861747000.0,37211,5c73f74a-caac-4504-9090-6f0da8216862
2119664,2273095,Closed,Resolved by hubNashville on First Call,Resolved by hubNashville on First Call,Resolved by hubNashville on First Call,,,,,,,,,,,1787861724000,1787861724000.0,,99bbb4b3-0cf3-412b-aebf-357692d0344b
2119663,2273094,Assigned,"Trash, Recycling & Litter",Cart Service,Trash - Report a Damaged Cart,,,,,,"1021 Pennock Ave, Nashville, TN 37207, United States",NASHVILLE,5.0,36.1896949,-86.76620550000001,1787861708000,,37207,37751292-e292-4af9-abcd-6abde1ad91f2
2119662,2273093,Closed,Resolved by hubNashville on First Call,Resolved by hubNashville on First Call,Resolved by hubNashville on First Call,,,,,,,,,,,1787861706000,1787861706000.0,,e18d4e9f-ca99-4e08-8ea9-c2d998e9051e
2119661,2273091,Closed,Resolved by hubNashville on First Call,Resolved by hubNashville on First Call,Resolved by hubNashville on First Call,,,,,,,,,,,1787861623000,1787861623000.0,,13fcc6ed-b630-4d38-897a-e67320471d00
2119660,2273090,Assigned,"Trash, Recycling & Litter",Unwanted Recycling or Trash,Unwanted Recycling,,,,,,"3701 Central Ave, Nashville, TN 37205, United States",NASHVILLE,24.0,36.13573210000001,-86.82909649999999,1787861506000,,37205,d5a97e58-88d9-4f69-af5c-273a6b611cdb
2119659,2273089,Assigned,"Trash, Recycling & Litter",Cart Service,Trash - Report a Damaged Cart,,,,,,"740 McMurray Dr, Nashville, TN 37211, USA",NASHVILLE,27.0,36.054076792707605,-86.73918820917606,1787861451000,,37211,e8ea770f-c3d0-4d45-a3cf-8707d67289e6
2119658,2273088,Closed,Resolved by hubNashville on First Call,Resolved by hubNashville on First Call,Resolved by hubNashville on First Call,,,,,,"911 Blue Ridge Dr, Nashville, TN 37207, United States",NASHVILLE,5.0,36.1970386,-86.75342169999999,1787861435000,1787861435000.0,37207,3e14c0b4-9a91-4645-b755-81d8d5484a54
2119657,2273086,Closed,Public Safety,Narcotics/Prostitution/Loitering,Narcotics/Prostitution/Loitering,,,,,,"1901 8th Ave S, Nashville, TN 37203, United States",NASHVILLE,17.0,36.1350504,-86.7793987,1787861353000,1787862000000.0,37203,ed3e312a-303d-4069-b964-2786f0121004
2119656,2273085,Closed,Public Safety,Request Non-Emergency Police Assistance,Request Non-Emergency Police Assistance,,,,,,"706 Elissa Dr, Nashville, TN 37217, United States",NASHVILLE,13.0,36.1414883,-86.7062097,1787861337000,1787864106000.0,37217,041af45f-7f4d-40ce-b364-4726c27947d7
2119655,2273084,Closed,"Trash, Recycling & Litter",Waste Services Escalation,Escalation Cart Issues,,,,,,"4604 Utah Ave, Nashville, TN 37209, United States",NASHVILLE,24.0,36.1446069,-86.8424218,1787861265000,1787863530000.0,37209,4243db3f-2cf2-4729-8a05-94011ad87c81
2119654,2273082,Closed,Public Safety,Control Number Request for Towing,Control Number Request for Towing,,,,,,"5800 Centennial Blvd, Nashville, TN 37209, USA",NASHVILLE,20.0,36.1676244,-86.8569227,1787861241000,1787861241000.0,37209,9db96641-9f79-4f1d-b71c-3b86b3d53268
2119653,2273081,Closed,Resolved by hubNashville on First Call,Resolved by hubNashville on First Call,Resolved by hubNashville on First Call,,,,,,,,,,,1787861227000,1787861227000.0,,e378d8a8-7778-4cbb-8eb0-2748b43f66b8
2119652,2273080,Closed,Public Safety,Control Number Request for Towing,Control Number Request for Towing,,,,,,"1308 Cottage View Ln, Nashville, TN 37013, United States",ANTIOCH,8.0,36.0527887,-86.6099107,1787861177000,1787861177000.0,37013,72887dc6-9044-4654-a432-e6d8aa2eb84e
2119651,2273079,Assigned,"Trash, Recycling & Litter",Missed Pickup - Trash Cart Service,Trash - Curbside/Alley Missed Pickup,,,,,,"28 Middleton St, Nashville, TN 37210, United States",NASHVILLE,19.0,36.1554677,-86.7686798,1787861156000,,37210,e585eed4-9295-4f00-8d41-00e63debf701
2119650,2273078,Closed,Resolved by hubNashville on First Call,Resolved by hubNashville on First Call,Resolved by hubNashville on First Call,,,,,,"310 Paragon Mills Rd, Nashville, TN 37211, United States",NASHVILLE,30.0,36.0878256,-86.7140281,1787861063000,1787861063000.0,37211,00362218-3e08-4ecc-a6ba-9f09a910b1b4
2119649,2273077,Closed,Resolved by hubNashville on First Call,Resolved by hubNashville on First Call,Resolved by hubNashville on First Call,,,,,,,,,,,1787861057000,1787861057000.0,,4910bbd5-6712-4fb3-96f9-ae16aab1eb15
2119648,2273076,Closed,Resolved by hubNashville on First Call,Resolved by hubNashville on First Call,Resolved by hubNashville on First Call,,,,,,,,,,,1787860959000,1787860959000.0,,fac68ff2-6c01-49c8-b08b-5183aaa4bac5
2119647,2273075,Closed,Resolved by hubNashville on First Call,Resolved by hubNashville on First Call,Resolved by hubNashville on First Call,,,,,,,,,,,1787860940000,1787860940000.0,,d3daaf09-7575-4258-8047-c8d6cf9111b4
2119646,2273074,New,"Streets, Roads & Sidewalks",Sidewalks,Clean the Sidewalk,,,,,,"2831 Donna Hill Dr, Nashville, TN 37214, USA",NASHVILLE,15.0,36.201595967184204,-86.68103691190481,1787860846000,,37214,49cfdff5-d3f6-4d2e-ad3f-aaec6a02f0d2
2119645,2273069,Closed,Resolved by hubNashville on First Call,Resolved by hubNashville on First Call,Resolved by hubNashville on First Call,,,,,,,,,,,1787860803000,1787860803000.0,,0de98fab-77b6-448e-ab93-6fcd250ad6ac
2119644,2273068,Closed,Resolved by hubNashville on First Call,Resolved by hubNashville on First Call,Resolved by hubNashville on First Call,,,,,,,,,,,1787860801000,1787860801000.0,,5363b9bb-5de0-4ef1-a81c-fce813f427b3
2119643,2273066,Closed,Resolved by hubNashville on First Call,Resolved by hubNashville on First Call,Resolved by hubNashville on First Call,,,,,,,,,,,1787860553000,1787860553000.0,,dc16b934-b938-4f4d-8bb6-336012308711
2119642,2273065,Assigned,Property Violations,Residential Complaint,Residential Complaint,,,,,,"268 Bell Rd, Nashville, TN 37217, United States",NASHVILLE,29.0,36.0804657,-86.6307999,1787860532000,,37217,845c9c21-02e6-4aa8-8b2f-9ab53e98835e
2119641,2273064,Closed,Public Safety,Control Number Request for Towing,Control Number Request for Towing,,,,,,"814 Church St, Nashville, TN 37203, United States",NASHVILLE,19.0,36.1618408,-86.7846163,1787860531000,1787860531000.0,37203,96b9885b-2759-47ad-8517-32520607e040
2119640,2273063,Closed,Resolved by hubNashville on First Call,Resolved by hubNashville on First Call,Resolved by hubNashville on First Call,,,,,,,,,,,1787860445000,1787860445000.0,,0d021d9e-fac4-441e-8c05-4b7fdd111ae3
2119639,2273062,New,"Streets, Roads & Sidewalks",Paving Request,Alley Paving or DBST,,,,,,"308 37th Ave N, Nashville, TN 37209, United States",NASHVILLE,24.0,36.150146271854126,-86.82751744484405,1787860416000,,37209,d0a3c4d4-9057-4f68-ab04-02e01ad84b88
2119638,2273061,Assigned,"Streets, Roads & Sidewalks",Traffic Light Issue,Traffic Light Issue,,,,,,"Hillsboro Pike & Woodmont Blvd, Nashville, TN 37215, USA",NASHVILLE,24.0,36.1139896,-86.8108944,1787860350000,,37215,2feed375-f2b2-4d44-bb53-144f8c7516ef
2119637,2273060,Assigned,"Trash, Recycling & Litter",Unwanted Recycling or Trash,Unwanted Trash,,,,,,"307 White Bridge Pike, Nashville, TN 37209, United States",NASHVILLE,20.0,36.14556350000001,-86.8585196,1787860316000,,37209,600b577e-4515-4294-b58b-d32aa3227706
2119636,2273059,Closed,Resolved by hubNashville on First Call,Resolved by hubNashville on First Call,Resolved by hubNashville on First Call,,,,,,,,,,,1787860316000,1787860316000.0,,469f3a6d-317e-43a8-9975-b24267308995
2119635,2273058,Closed,"Trash, Recycling & Litter",Missed Pickup - Recycle Cart Service,Recycle - Curbside/Alley Missed Pickup,,,,,,"2404 Scovel St, Nashville, TN 37208, United States",NASHVILLE,21.0,36.16978599999999,-86.8140288,1787860296000,1787950899000.0,37208,d6723a6e-a0cc-47ea-808b-c636cd480485
2119634,2273057,Closed,Resolved by hubNashville on First Call,Resolved by hubNashville on First Call,Resolved by hubNashville on First Call,,,,,,,,,,,1787860267000,1787860267000.0,,32f138e9-999f-4d7e-9949-3969cb528b55
2119633,2273055,Closed,Other Metro Services and Forms,Clerk - Do Not Knock Registry,Clerk - Do Not Knock Registry,,,,,,"4808B Kentucky Ave, Nashville, TN 37209, United States",NASHVILLE,20.0,36.1601155,-86.8459546,1787860200000,1787860200000.0,37209,895072dd-4f3f-460d-b880-fa9021bf7222
2119632,2273054,Closed,Resolved by hubNashville on First Call,Resolved by hubNashville on First Call,Resolved by hubNashville on First Call,,,,,,,,,,,1787860188000,1787860188000.0,,c6f9b429-4ab0-4398-aa4c-58e395b1e3f9
2119631,2273053,Closed,Resolved by hubNashville on First Call,Resolved by hubNashville on First Call,Resolved by hubNashville on First Call,,,,,,,,,,,1787860128000,1787860128000.0,,d18cbe25-1fbe-4b05-91cd-28d29f4b207f
2119630,2273051,Closed,Public Safety,Request Non-Emergency Police Assistance,Request Non-Emergency Police Assistance,,,,,,"611 N Main St, Goodlettsville, TN 37072, United States",GOODLETTSVILLE,10.0,36.33052115688476,-86.71480153771572,1787860103000,1787860601000.0,37072,96b13052-2d4d-4608-ab6c-398a9f572f32
2119629,2273050,Closed,Public Safety,Repossessed Vehicle,Repossessed Vehicle,,,,,,,,,,,1787860103000,1787860103000.0,,c389e66c-aee6-4d02-81ad-1287d8fdeb8c
2119628,2273049,Closed,Public Safety,Request Non-Emergency Police Assistance,Request Non-Emergency Police Assistance,,,,,,"6477 Sunnywood Dr, Nashville, TN 37211, United States",NASHVILLE,31.0,36.0207382,-86.6971959,1787860022000,1787862447000.0,37211,2f8c85dd-a58c-4a08-8882-60ecaf5f0718
2119627,2273048,Closed,Resolved by hubNashville on First Call,Resolved by hubNashville on First Call,Resolved by hubNashville on First Call,,,,,,,,,,,1787859907000,1787859907000.0,,0b984ea3-34e0-4300-be83-c9d3e0c89fea
2119626,2273047,Closed,Resolved by hubNashville on First Call,Resolved by hubNashville on First Call,Resolved by hubNashville on First Call,,,,,,,,,,,1787859863000,1787859863000.0,,94c44379-30ab-457c-aec6-bc26a489aa80
2119625,2273046,Closed,Resolved by hubNashville on First Call,Resolved by hubNashville on First Call,Resolved by hubNashville on First Call,,,,,,,,,,,1787859824000,1787859824000.0,,49c8ff60-b868-450c-b454-4eb27f052fbf
2119624,2273045,Closed,Property Violations,Junk and Debris,Junk and Debris,,,,,,"3171 Lebanon Pike, Nashville, TN 37214, United States",NASHVILLE,14.0,36.182737732359506,-86.6378858487541,1787859773000,1787942824000.0,37214,c106595c-5a2a-4521-b409-218bddd5a13c
2119623,2273044,Closed,Resolved by hubNashville on First Call,Resolved by hubNashville on First Call,Resolved by hubNashville on First Call,,,,,,,,,,,1787859758000,1787859758000.0,,d91ac041-ce6c-41e8-a85b-24b8bf6d7552
2119622,2273043,New,Public Safety,Animal Welfare Concern,Animal Welfare Concern,,,,,,"704 Allen Pass, Nashville, TN 37115, United States",MADISON,9.0,36.2416203,-86.6762174,1787859600000,,37115,c1fee7f0-7fcd-4897-9743-156229df71cd
2119621,2273042,Assigned,Property Violations,Tall Grass and Weeds,Tall Grass and Weeds,,,,,,"179 Lelawood Cir, Nashville, TN 37209, United States",NASHVILLE,20.0,36.13658279303425,-86.8641100067459,1787859568000,,37209,ffe428d1-ae67-4143-b3af-7fb9f617773e
2119620,2273041,Assigned,"Trash, Recycling & Litter",Missing Trash Cart,Missing Trash Cart,,,,,,"2736 Anderson Rd, Nashville, TN 37217, United States",NASHVILLE,29.0,36.0750455,-86.6325323,1787859533000,,37217,d321e9b6-0b61-4fff-9ae8-a21439c45d66
2119619,2273040,Closed,"Trash, Recycling & Litter",Missed Pickup - Recycle Cart Service,Missed Pickup - Recycle Cart Service,,,,,,"609 Darlington Pl, Nashville, TN 37211, United States",NASHVILLE,26.0,36.06814056674435,-86.74819800789265,1787859508000,1787950865000.0,37211,5178231e-b6ff-48d4-a8ff-bb0f12e6418c
2119618,2273039,Closed,Resolved by hubNashville on First Call,Resolved by hubNashville on First Call,Resolved by hubNashville on First Call,,,,,,,,,,,1787859496000,1787859496000.0,,1587146e-74a4-4917-930b-11cd14301542
2119617,2273038,Closed,"Trash, Recycling & Litter",Missed Pickup - Recycle Cart Service,Recycle - Curbside/Alley Missed Pickup,,,,,,"2004 25th Ave S, Nashville, TN 37212, United States",NASHVILLE,18.0,36.132926,-86.80676609999999,1787859441000,1787950888000.0,37212,8ef08099-3d6a-459c-8540-de30fa93b8c9
2119616,2273037,Closed,Resolved by hubNashville on First Call,Resolved by hubNashville on First Call,Resolved by hubNashville on First Call,,,,,,,,,,,1787859378000,1787859378000.0,,4ec16e9a-bfe1-4cab-a714-dddfef127ebc
2119615,2273036,Closed,Resolved by hubNashville on First Call,Resolved by hubNashville on First Call,Resolved by hubNashville on First Call,,,,,,,,,,,1787859112000,1787859112000.0,,5201e5e8-20a1-4d2d-95d7-e6504301459f
2119614,2273035,Closed,Resolved by hubNashville on First Call,Resolved by hubNashville on First Call,Resolved by hubNashville on First Call,,,,,,,,,,,1787859078000,1787859078000.0,,d62de176-dea8-4591-9f98-8f9f6fda6525
2119613,2273033,Closed,Resolved by hubNashville on First Call,Resolved by hubNashville on First Call,Resolved by hubNashville on First Call,,,,,,,,,,,1787858874000,1787858874000.0,,9162b31c-d230-4afe-993b-9ecd94a64e43
2119612,2273032,Assigned,"Trash, Recycling & Litter",Unwanted Recycling or Trash,Unwanted Trash,,,,,,"109 Edison St, Nashville, TN 37211, United States",NASHVILLE,17.0,36.1269583,-86.7573915,1787858858000,,37211,629ff266-7531-45dc-afb0-4dffc4df0c90
2119611,2273031,Closed,"Trash, Recycling & Litter",Backdoor Trash or Recycle Waivers,Request Trash Disability Waiver,,,,,,"5967 Post Rd, Nashville, TN 37205, United States",NASHVILLE,23.0,36.1073426,-86.8679197,1787858844000,1787859221000.0,37205,8556005d-ed8d-4587-96f4-6faee70dbdb3
2119610,2273029,Closed,Property Violations,Residential Complaint,Residential Complaint,,,,,,"2229 Maplecrest Dr, Nashville, TN 37214, United States",NASHVILLE,15.0,36.1774499,-86.6915494,1787858778000,1787942819000.0,37214,c4a32bc2-8961-4a67-84b5-7fb7a6dccab6
2119609,2273028,Assigned,"Trash, Recycling & Litter",Missing Trash Cart,Missing Trash Cart,,,,,,"815 Marquette Dr, Nashville, TN 37205, United States",NASHVILLE,23.0,36.0889684,-86.88996499999999,1787858724000,,37205,aeb60497-9a46-4274-8633-70455a7d45a6
2119608,2273026,Closed,"Trash, Recycling & Litter",Litter,Alley,,,,,,"1902 Dr DB Todd Jr Blvd, Nashville, TN 37208, United States",NASHVILLE,21.0,36.18167178110307,-86.8113601709814,1787858684000,1787929578000.0,37208,dba8b4dc-0e83-424f-8fd8-614914ea923e
2119607,2273025,Closed,"Trash, Recycling & Litter",Missed Pickup - Recycle Cart Service,Recycle - Curbside/Alley Missed Pickup,,,,,,"837 Sutton Hill Rd, Nashville, TN 37204, United States",NASHVILLE,25.0,36.113384753686766,-86.77903283454397,1787858660000,1787950865000.0,37204,f78e72b9-357d-4f34-8777-00e76d960bfd
2119606,2273023,Closed,Resolved by hubNashville on First Call,Resolved by hubNashville on First Call,Resolved by hubNashville on First Call,,,,,,,,,,,1787858596000,1787858596000.0,,cbad60f0-887e-4158-9569-692320c95504
2119605,2273021,New,Public Safety,Improperly Parked Vehicles,Improperly Parked Vehicles,,,,,,"4602 Utah Ave, Nashville, TN 37209, USA",NASHVILLE,24.0,36.1446066,-86.84219750000001,1787858556000,,37209,5e0e9bf1-ba17-487f-b2f8-c5ad67ad6eab
2119604,2273020,Closed,"Trash, Recycling & Litter",Missed Pickup - Recycle Cart Service,Recycle - Curbside/Alley Missed Pickup,,,,,,"2402 Oakwood Ave, Nashville, TN 37207, United States",NASHVILLE,5.0,36.2112118,-86.7539955,1787858550000,1787950865000.0,37207,b7e53414-a5d7-4b4d-97c2-d8593d800734
2119603,2273019,Closed,Resolved by hubNashville on First Call,Resolved by hubNashville on First Call,Resolved by hubNashville on First Call,,,,,,,,,,,1787858523000,1787858523000.0,,60d4b591-6c36-4e33-bc29-49ee87f06efa
2119602,2273018,Assigned,"Trash, Recycling & Litter",Missed Pickup - Trash Cart Service,Trash - Curbside/Alley Missed Pickup,,,,,,"713 28th Ave N, Nashville, TN 37208, United States",NASHVILLE,21.0,36.1596546,-86.81905119999999,1787858421000,,37208,01fa1fae-7e69-4baf-8ff2-cee11317bafb
2119601,2273017,Assigned,"Trash, Recycling & Litter",Cart Violation,Cart Violation,,,,,,"1009 Montrose Ave, Nashville, TN 37204, United States",NASHVILLE,18.0,36.12311189238759,-86.78760277561068,1787858400000,,37204,8ec59eed-5f20-47ec-89f8-ba440849bd06
2119600,2273016,Closed,Resolved by hubNashville on First Call,Resolved by hubNashville on First Call,Resolved by hubNashville on First Call,,,,,,"1916 Overhill Dr, Nashville, TN 37215, United States",NASHVILLE,25.0,36.0982936,-86.8106193,1787858360000,1787858360000.0,37215,c41c10e3-ce2c-4c7a-b7e6-500d49efe747
2119599,2273015,New,"Streets, Roads & Sidewalks",Roadwork Complaint,Roadwork Complaint,,,,,,"425 American Rd, Nashville, TN 37209, United States",NASHVILLE,20.0,36.147756,-86.8745311,1787858300000,,37209,946e7920-0b7f-4949-9275-2e51b016decc
2119598,2273014,New,"Streets, Roads & Sidewalks",Overgrowth on right of way,Sidewalk,,,,,,"3827 Gallatin Pike, Nashville, TN 37216, United States",NASHVILLE,7.0,36.2158233,-86.7301047,1787858269000,,37216,5fed24be-f7c3-4640-8326-04f1868a24dc
2119597,2273013,Assigned,"Trash, Recycling & Litter",Missing Trash Cart,Missing Trash Cart,,,,,,"705 Ashworth Cir, Nashville, TN 37211, United States",NASHVILLE,31.0,36.0481077,-86.700907,1787858230000,,37211,0e92bbee-ac81-4847-9b43-402ed065a4ac
2119596,2273012,Closed,Resolved by hubNashville on First Call,Resolved by hubNashville on First Call,Resolved by hubNashville on First Call,,,,,,,,,,,1787858186000,1787858186000.0,,fbedfca0-1e83-41a6-b919-736dbf6556cf
2119595,2273011,Closed,Resolved by hubNashville on First Call,Resolved by hubNashville on First Call,Resolved by hubNashville on First Call,,,,,,,,,,,1787858182000,1787858182000.0,,82bf628e-6d38-4d5a-aa38-94f0f143092e
2119594,2273010,Closed,"Trash, Recycling & Litter",Waste Services Escalation,Escalation Cart Issues,,,,,,"5627 Clovermeade Dr, Brentwood, TN 37027, United States",BRENTWOOD,4.0,36.0339918,-86.7593733,1787858142000,1787860459000.0,37027,a8aeece4-4ee1-4f98-a06a-f1f9c76290c1
2119593,2273009,Closed,Resolved by hubNashville on First Call,Resolved by hubNashville on First Call,Resolved by hubNashville on First Call,,,,,,,,,,,1787858034000,1787858034000.0,,d23b0dea-44bf-451d-ac14-5fe2f4ef9f30
2119592,2273008,Closed,Resolved by hubNashville on First Call,Resolved by hubNashville on First Call,Resolved by hubNashville on First Call,,,,,,,,,,,1787858017000,1787858017000.0,,49c09d54-d0a0-49fc-b0c9-4aaabcad59e2
2119591,2273007,Closed,"Trash, Recycling & Litter",Missed Pickup - Recycle Cart Service,Recycle - Curbside/Alley Missed Pickup,,,,,,"1936 Nolensville Pk, Nashville, TN 37211, United States",NASHVILLE,16.0,36.1305469,-86.7548501,1787858015000,1787950865000.0,37211,498a07be-6910-43ea-913e-d3064455ccab
2119590,2273006,Closed,Resolved by hubNashville on First Call,Resolved by hubNashville on First Call,Resolved by hubNashville on First Call,,,,,,,,,,,1787858014000,1787858014000.0,,b51836a5-0c88-4760-b424-80fa5b96c792
2119589,2273005,Closed,Resolved by hubNashville on First Call,Resolved by hubNashville on First Call,Resolved by hubNashville on First Call,,,,,,,,,,,1787857978000,1787857978000.0,,eebe4675-f38a-405a-87ca-77f04f590392
2119588,2273004,Assigned,"Trash, Recycling & Litter",Missing Trash Cart,,,,,,,"1008 Clearview Dr, Nashville, TN 37205, United States",NASHVILLE,24.0,36.1175573,-86.83840599999999,1787857958000,,37205,8ff59d75-b26f-47c1-8941-fb1a62b01e5b
2119587,2273003,Closed,Resolved by hubNashville on First Call,Resolved by hubNashville on First Call,Resolved by hubNashville on First Call,,,,,,,,,,,1787857932000,1787857932000.0,,fadac168-2f1d-4b1a-ad7c-71fcd578fe6a
2119586,2273002,Closed,Resolved by hubNashville on First Call,Resolved by hubNashville on First Call,Resolved by hubNashville on First Call,,,,,,,,,,,1787857931000,1787857931000.0,,7bdc197a-6c87-43ea-8618-c8399c3283aa
2119585,2273001,Closed,"Trash, Recycling & Litter",File a Trash or Recycling Complaint,Recycle Collection Complaint,,,,,,"458 Manley Dr, Nashville, TN 37220, United States",NASHVILLE,26.0,36.0629171,-86.7517251,1787857917000,1787858936000.0,37220,6c196e4e-33b4-43c8-bf38-cf941835e6d6
2119584,2272999,Assigned,"Trash, Recycling & Litter",Cart Service,Trash - Report a Damaged Cart,,,,,,"1331 Greenland Ave, Nashville, TN 37216, United States",NASHVILLE,7.0,36.2181824,-86.71470819999999,1787857802000,,37216,9274a205-136a-4f60-aa2d-2ce4d08898c7
2119583,2272998,Closed,Resolved by hubNashville on First Call,Resolved by hubNashville on First Call,Resolved by hubNashville on First Call,,,,,,,,,,,1787857629000,1787857629000.0,,f5457ae7-c704-469f-822c-5bda3636a6c7
2119582,2272997,New,Parks and Environment,Maintenance Request,Mechanical Request,,,,,,"3150 McGavock Pk, Nashville, TN 37214, United States",NASHVILLE,15.0,36.186976486185024,-86.6771731438124,1787857561000,,37214,762459a6-1e0a-455a-ae93-c167f943c78f
2119581,2272996,Closed,Resolved by hubNashville on First Call,Resolved by hubNashville on First Call,Resolved by hubNashville on First Call,,,,,,,,,,,1787857557000,1787857557000.0,,aa708121-b895-4791-af46-83bd8f60e6ba
2119580,2272995,Assigned,"Trash, Recycling & Litter",Missed Pickup - Trash Cart Service,Trash - Curbside/Alley Missed Pickup,,,,,,"3827 Woodmont Ln, Nashville, TN 37215, United States",NASHVILLE,34.0,36.1109002,-86.84208860000001,1787857550000,,37215,40241ab5-0b3c-4643-ae4f-87706b2a3373
2119579,2272994,Closed,Resolved by hubNashville on First Call,Resolved by hubNashville on First Call,Resolved by hubNashville on First Call,,,,,,,,,,,1787857501000,1787857501000.0,,08477b47-609d-425f-8e79-dc9beb8e1e4c
2119578,2272993,Closed,Resolved by hubNashville on First Call,Resolved by hubNashville on First Call,Resolved by hubNashville on First Call,,,,,,,,,,,1787857373000,1787857373000.0,,c7b812e8-3974-45a5-996a-c367e46e9abb
2119577,2272992,Closed,Resolved by hubNashville on First Call,Resolved by hubNashville on First Call,Resolved by hubNashville on First Call,,,,,,,,,,,1787857333000,1787857333000.0,,824461dd-0082-4b6e-addd-189586f75897
2119576,2272991,Closed,Public Safety,Improperly Parked Vehicles,Improperly Parked Vehicles,,,,,,"1309 Grandview Dr, Nashville, TN 37215, USA",NASHVILLE,25.0,36.1083133,-86.79644929999999,1787857239000,1787929556000.0,37215,112daa7d-ee0a-45a1-ab58-19439cc7eebc
2119575,2272990,Closed,"Streets, Roads & Sidewalks",Traffic Light Issue,,,,,,,"RIVERGATE PKWY & I65 N,  GOODLETTSVILLE,  TN,  37072",GOODLETTSVILLE,10.0,,,1787857204000,1787950865000.0,37072,51a0733b-53f4-4669-8b7a-8c6fba0485d6
2119574,2272988,Closed,Resolved by hubNashville on First Call,Resolved by hubNashville on First Call,Resolved by hubNashville on First Call,,,,,,,,,,,1787857164000,1787857164000.0,,1c9a61c5-6173-4d99-a49a-57ad3958cef1
2119573,2272987,Closed,Resolved by hubNashville on First Call,Resolved by hubNashville on First Call,Resolved by hubNashville on First Call,,,,,,,,,,,1787857113000,1787857113000.0,,17ad0c0e-3f7a-49be-9c0f-e152b97b68be
2119572,2272986,Assigned,"Trash, Recycling & Litter",Cart Service,Recycling - Report a Stolen Cart,,,,,,"2612 Nashboro Blvd, Nashville, TN 37217, United States",NASHVILLE,13.0,36.09285146157708,-86.63409019325407,1787857088000,,37217,fe8219f5-34fa-4946-88be-14a15a010f66
2119571,2272985,Closed,Resolved by hubNashville on First Call,Resolved by hubNashville on First Call,Resolved by hubNashville on First Call,,,,,,,,,,,1787857086000,1787857086000.0,,4c1b3630-5582-4efa-8ee9-8c73264f1d71
2119570,2272984,Closed,Resolved by hubNashville on First Call,Resolved by hubNashville on First Call,Resolved by hubNashville on First Call,,,,,,,,,,,1787857061000,1787857061000.0,,9179a717-c9fd-4a99-8d37-6dff351416a7
2119569,2272983,Closed,"Trash, Recycling & Litter",Missed Pickup - Recycle Cart Service,Recycle - Curbside/Alley Missed Pickup,,,,,,"404C Eastboro Dr, Nashville, TN 37209, United States",NASHVILLE,20.0,36.149238,-86.8672934,1787856975000,1787950854000.0,37209,a1391ef8-9e60-423e-857f-64e82339e500
2119568,2272982,Closed,Resolved by hubNashville on First Call,Resolved by hubNashville on First Call,Resolved by hubNashville on First Call,,,,,,,,,,,1787856891000,1787856891000.0,,bb46302b-5935-4b68-894e-bf1f5957ac9a
2119567,2272981,Closed,Resolved by hubNashville on First Call,Resolved by hubNashville on First Call,Resolved by hubNashville on First Call,,,,,,,,,,,1787856883000,1787856883000.0,,491b7d3e-8b84-4b3a-a52a-99ebe3b557ee
2119566,2272980,Closed,Resolved by hubNashville on First Call,Resolved by hubNashville on First Call,Resolved by hubNashville on First Call,,,,,,,,,,,1787856881000,1787856881000.0,,0d123712-8532-4e36-aad9-19721539b7dc
2119565,2272979,Closed,Resolved by hubNashville on First Call,Resolved by hubNashville on First Call,Resolved by hubNashville on First Call,,,,,,,,,,,1787856880000,1787856880000.0,,e996b937-c9f2-4afa-a904-9ac4f8e45301
2119564,2272978,Closed,"Trash, Recycling & Litter",Missed Pickup - Trash Cart Service,Trash - Curbside/Alley Missed Pickup,,,,,,"2345 23rd Ave N, Nashville, TN 37208, United States",NASHVILLE,2.0,36.1902445,-86.8144535,1787856833000,1787864989000.0,37208,e3b5ca3f-8a1b-4e46-8ee9-56da3f92dd54
2119563,2272976,Closed,Public Safety,Control Number Request for Towing,Control Number Request for Towing,,,,,,"1405 Franklin Ave, Nashville, TN 37206, United States",NASHVILLE,6.0,36.1850853,-86.7435778,1787856798000,1787856798000.0,37206,ac3f377a-1f0e-4c9a-a56f-5ad50af32bc0
2119562,2272974,Closed,Public Safety,Check the Well-Being of a Person,Check the Well-Being of a Person,,,,,,"214 Louise Ave, Nashville, TN 37203, United States",NASHVILLE,19.0,36.1522531,-86.8052826,1787856639000,1787860128000.0,37203,6fc95753-6d64-4923-8cc3-f3f9a967dc07
2119561,2272973,Closed,Resolved by hubNashville on First Call,Resolved by hubNashville on First Call,Resolved by hubNashville on First Call,,,,,,,,,,,1787856557000,1787856557000.0,,fe9d1b5e-93e6-49a7-a6a6-fe982fee5220
2119560,2272972,Closed,Resolved by hubNashville on First Call,Resolved by hubNashville on First Call,Resolved by hubNashville on First Call,,,,,,,,,,,1787856543000,1787856543000.0,,dc8611c7-3e74-4b99-98ec-f72d9cc05d72
2119559,2272971,New,"Streets, Roads & Sidewalks",Damaged Sign,Street or Roadway,,,,,,"Crutcher St & S 2nd St, Nashville, TN 37213, USA",NASHVILLE,19.0,36.1628906,-86.766802,1787856530000,,37213,88e5739f-8871-4260-8be1-cae2d44b6921
2119558,2272970,Assigned,"Trash, Recycling & Litter",Cart Service,Recycling - Report a Stolen Cart,,,,,,"4933 Algonquin Trail, Nashville, TN 37013, United States",ANTIOCH,33.0,36.0589438,-86.6851705,1787856520000,,37013,74e927ac-2829-4335-9999-7ee9350d93c9
2119557,2272969,Closed,Public Safety,Control Number Request for Towing,Control Number Request for Towing,,,,,,"100 Tanglewood Ct, Nashville, TN 37211, USA",NASHVILLE,30.0,36.0827961,-86.7141668,1787856506000,1787856506000.0,37211,bfd06b7d-c709-4155-a2f2-fde9c59bc8cd
2119556,2272968,Closed,Resolved by hubNashville on First Call,Resolved by hubNashville on First Call,Resolved by hubNashville on First Call,,,,,,,,,,,1787856500000,1787856500000.0,,98fb95d3-05c5-4593-b3b4-98d571a5d9aa
2119555,2272967,Assigned,"Trash, Recycling & Litter",Cart Service,Trash - Report a Damaged Cart,,,,,,"4933 Algonquin Trail, Nashville, TN 37013, United States",ANTIOCH,33.0,36.0589438,-86.6851705,1787856453000,,37013,407fefcd-298e-4c87-a331-40a91d8a870a
2119554,2272966,Closed,Public Safety,Control Number Request for Towing,Control Number Request for Towing,,,,,,"2201 Whites Creek Pike, Nashville, TN 37207, United States",NASHVILLE,2.0,36.20760669208464,-86.79141845990961,1787856286000,1787856286000.0,37207,6860810c-9da5-4514-9b66-5d4344b13608
2119553,2272965,Closed,Resolved by hubNashville on First Call,Resolved by hubNashville on First Call,Resolved by hubNashville on First Call,,,,,,,,,,,1787856275000,1787856275000.0,,c69ce996-6577-4f7f-8a18-92c5e4454e34
2119552,2272964,Closed,Resolved by hubNashville on First Call,Resolved by hubNashville on First Call,Resolved by hubNashville on First Call,,,,,,"1807 Cedar Ln, Nashville, TN 37212, United States",NASHVILLE,18.0,36.1212578,-86.79876349999999,1787856242000,1787856242000.0,37212,03abc50b-9660-4339-8edb-4a0f3c6ff316
2119551,2272963,Closed,Public Safety,Extra Patrol Requests,Extra Patrol Requests,,,,,,"1419 Rosa L Parks Blvd, Nashville, TN 37208, USA",NASHVILLE,19.0,36.177434632003155,-86.79442763328552,1787856216000,1787857025000.0,37208,ddaa8cc3-eb86-4ead-9121-2cd3a1146bd1
2119550,2272961,Closed,Resolved by hubNashville on First Call,Resolved by hubNashville on First Call,Resolved by hubNashville on First Call,,,,,,,,,,,1787856139000,1787856139000.0,,e9bc5049-a658-42b7-b161-440eb8258052
2119549,2272959,Closed,Resolved by hubNashville on First Call,Resolved by hubNashville on First Call,Resolved by hubNashville on First Call,,,,,,,,,,,1787856108000,1787856108000.0,,e8cfc911-f735-4f93-b6c1-c0b767c6fc12
2119548,2272957,Closed,Resolved by hubNashville on First Call,Resolved by hubNashville on First Call,Resolved by hubNashville on First Call,,,,,,"1509 Mock Orange Cir, Nashville, TN 37217, United States",NASHVILLE,28.0,36.0873159,-86.6535608,1787856045000,1787856045000.0,37217,c2432374-510d-409b-b399-826c32703dbb
2119547,2272956,Closed,"Streets, Roads & Sidewalks",Damaged Sign,Street or Roadway,,,,,,"Cheek Rd & TN-100, Nashville, TN 37205, USA",NASHVILLE,34.0,36.0918975,-86.8777073,1787856038000,1787864989000.0,37205,fd1bd4c8-b233-4f99-9504-2e749357ee98
2119546,2272955,Closed,Resolved by hubNashville on First Call,Resolved by hubNashville on First Call,Resolved by hubNashville on First Call,,,,,,,,,,,1787856023000,1787856023000.0,,0db88897-d6f8-4d8f-a092-c3bf6a9b6be5
2119545,2272954,Closed,"Streets, Roads & Sidewalks",Traffic Light Timing,Traffic Light Timing,,,,,,"8th Ave S & Demonbreun St, Nashville, TN 37203, USA",NASHVILLE,19.0,36.1568919,-86.78082769999999,1787855980000,1787857470000.0,37203,d9bacfe6-cac5-4d06-9179-f0e0add9044b
2119544,2272953,Closed,Resolved by hubNashville on First Call,Resolved by hubNashville on First Call,Resolved by hubNashville on First Call,,,,,,,,,,,1787855836000,1787855836000.0,,e50294df-429a-4c38-8994-d02e2de1c7b8
2119543,2272952,Assigned,"Trash, Recycling & Litter",Drop-off Centers,Drop-Off Centers,,,,,,"939 Anderson Ln, Nashville, TN 37115, United States",MADISON,9.0,36.2726413,-86.68703400000001,1787855677000,,37115,90de6891-8e8e-4bae-be09-355701b37624
2119542,2272951,Assigned,Property Violations,Tenant Complaint,Tenant Complaint,,,,,,"210 Stockyard St, Nashville, TN 37201, United States",NASHVILLE,19.0,36.1726227,-86.782488,1787855669000,,37201,df7468b5-0504-4b89-8ca9-1baf6b1ef93a
2119541,2272950,Closed,Resolved by hubNashville on First Call,Resolved by hubNashville on First Call,Resolved by hubNashville on First Call,,,,,,,,,,,1787855522000,1787855522000.0,,dc29cbe8-21d9-42fc-af94-0d5a4a67e377
2119540,2272949,Closed,Resolved by hubNashville on First Call,Resolved by hubNashville on First Call,Resolved by hubNashville on First Call,,,,,,,,,,,1787855516000,1787855516000.0,,7048ae1d-a2e8-482e-a910-c77b38a2a110
2119539,2272948,Closed,Resolved by hubNashville on First Call,Resolved by hubNashville on First Call,Resolved by hubNashville on First Call,,,,,,,,,,,1787855470000,1787855470000.0,,63292afc-8503-4c38-adf0-01d4ebda2190
2119538,2272947,Closed,Resolved by hubNashville on First Call,Resolved by hubNashville on First Call,Resolved by hubNashville on First Call,,,,,,,,,,,1787855450000,1787855450000.0,,fcfcd897-33dd-4a24-8970-b8bf5b2bd1f5
2119537,2272946,Closed,Resolved by hubNashville on First Call,Resolved by hubNashville on First Call,Resolved by hubNashville on First Call,,,,,,,,,,,1787855431000,1787855431000.0,,c6da9322-7a33-4c3b-8bbc-e83ee9d0dc65
2119536,2272944,Closed,Resolved by hubNashville on First Call,Resolved by hubNashville on First Call,Resolved by hubNashville on First Call,,,,,,,,,,,1787855364000,1787855364000.0,,e31b2b3f-89c8-4747-80fd-432d6186fce2
2119535,2272943,Closed,Resolved by hubNashville on First Call,Resolved by hubNashville on First Call,Resolved by hubNashville on First Call,,,,,,,,,,,1787855308000,1787855308000.0,,60a20bce-0913-4720-b5d6-97fa77827ee1
2119534,2272942,Closed,"Trash, Recycling & Litter",Missed Pickup - Recycle Cart Service,Recycle - Curbside/Alley Missed Pickup,,,,,,"232 Solness Ave, Nashville, TN 37218, USA",NASHVILLE,1.0,36.2434861,-86.8271457,1787855268000,1787950818000.0,37218,d1019615-65f4-4f90-940f-6ca2dba25a02
2119533,2272941,Closed,Resolved by hubNashville on First Call,Resolved by hubNashville on First Call,Resolved by hubNashville on First Call,,,,,,,,,,,1787855259000,1787855259000.0,,b964e39b-6094-4dde-bd90-a0da1f211b21
2119532,2272940,New,"Streets, Roads & Sidewalks",Remove debris in roadway,Side of Road,,,,,,"5701 Robertson Ave, Nashville, TN 37209, United States",NASHVILLE,20.0,36.1537746,-86.85883129999999,1787855184000,,37209,d56f6cf3-a3bf-497c-95a0-7745e19b4a49
2119531,2272939,Closed,Resolved by hubNashville on First Call,Resolved by hubNashville on First Call,Resolved by hubNashville on First Call,,,,,,,,,,,1787855177000,1787855177000.0,,79533a4d-cbaf-498c-9ffe-fcbe31163ef3
2119530,2272938,Closed,Public Safety,Repossessed Vehicle,Repossessed Vehicle,,,,,,,,,,,1787854953000,1787854953000.0,,fc21e547-9c4e-4e69-927c-caab369ad190
2119529,2272937,New,Public Safety,Animal Welfare Concern,Animal Welfare Concern,,,,,,"3305 Knight Dr, Nashville, TN 37207, United States",NASHVILLE,1.0,36.2355653,-86.8030163,1787854935000,,37207,35ae05d0-026a-4c97-a2dc-4ba6024a1863
2119528,2272936,Assigned,"Trash, Recycling & Litter",Missed Pickup - Trash Cart Service,Trash - Curbside/Alley Missed Pickup,,,,,,"2002 Jefferson St, Nashville, TN 37208, United States",NASHVILLE,21.0,36.1692477,-86.8099254,1787854912000,,37208,1b494947-6476-4d17-974f-0ba4a2c1da3d
2119527,2272934,Closed,Resolved by hubNashville on First Call,Resolved by hubNashville on First Call,Resolved by hubNashville on First Call,,,,,,,,,,,1787854892000,1787854892000.0,,39a2d73e-a06f-4902-b59d-862788b21e7e
2119526,2272933,Assigned,"Trash, Recycling & Litter",Missed Pickup - Trash Cart Service,Trash - Curbside/Alley Missed Pickup,,,,,,"2004 Jefferson St, Nashville, TN 37208, United States",NASHVILLE,21.0,36.1691979,-86.81006479999999,1787854860000,,37208,e94d69ca-a5bb-4d91-868a-ce120c5b2b10
2119525,2272932,Closed,Resolved by hubNashville on First Call,Resolved by hubNashville on First Call,Resolved by hubNashville on First Call,,,,,,,,,,,1787854838000,1787854838000.0,,31a141f6-5d3e-44c3-b6ec-609faaf1cb3d
2119524,2272931,Closed,"Streets, Roads & Sidewalks",Remove debris in roadway,Roadway,,,,,,"5880 TN-12, Nashville, TN 37218, United States",NASHVILLE,1.0,36.22142246136474,-86.96905019571192,1787854833000,1787920916000.0,37218,033a50d4-834c-4c8c-b465-2c4d314e8fe1
2119523,2272930,Assigned,"Trash, Recycling & Litter",Unwanted Recycling or Trash,Unwanted Trash,,,,,,"2004 Jefferson St, Nashville, TN 37208, United States",NASHVILLE,21.0,36.1691979,-86.81006479999999,1787854809000,,37208,352eb3de-1572-4dbe-82e4-92864e3f31bb
2119522,2272929,Closed,Resolved by hubNashville on First Call,Resolved by hubNashville on First Call,Resolved by hubNashville on First Call,,,,,,,,,,,1787854735000,1787854735000.0,,6956e46d-188b-4a29-b1f2-774e5d572744
2119521,2272928,Assigned,Property Violations,Residential Complaint,Residential Complaint,,,,,,"620 Moore Ave, Nashville, TN 37203, United States",NASHVILLE,17.0,36.137978,-86.77166310000001,1787854681000,,37203,ab7ac852-fd83-468e-8449-353c28cfa585
2119520,2272927,New,"Streets, Roads & Sidewalks",Tree Maintenance on right of way,Tree is dead and needs removal,,,,,,"3011 Gallatin Pike, Nashville, TN 37216, United States",NASHVILLE,5.0,36.20416039903015,-86.73883774973756,1787854674000,,37216,e043bad9-2718-4f3f-af3c-99892adcda66
2119519,2272926,Closed,Resolved by hubNashville on First Call,Resolved by hubNashville on First Call,Resolved by hubNashville on First Call,,,,,,,,,,,1787854655000,1787854655000.0,,68d650a5-1f64-48d4-ae0b-95c0dec7424e
2119518,2272925,New,"Streets, Roads & Sidewalks",Request New Sign,Request New Sign,,,,,,"3109 Ironwood Dr, Nashville, TN 37214, USA",NASHVILLE,15.0,36.156224066518945,-86.65232134982944,1787854575000,,37214,70829406-eb5b-43f9-8d01-04faee59f773
2119517,2272924,Closed,"Trash, Recycling & Litter",Missed Pickup - Recycle Cart Service,Recycle - Curbside/Alley Missed Pickup,,,,,,"5038 Montclair Dr, Nashville, TN 37211, United States",NASHVILLE,26.0,36.067923661566496,-86.75381825000001,1787854526000,1787950818000.0,37211,86d3dcd9-e263-42e4-80ff-68224894dd7c
2119516,2272923,Closed,Resolved by hubNashville on First Call,Resolved by hubNashville on First Call,Resolved by hubNashville on First Call,,,,,,,,,,,1787854523000,1787854523000.0,,4030c2ee-9382-47ac-b905-b9d55518dded
2119515,2272921,Closed,Resolved by hubNashville on First Call,Resolved by hubNashville on First Call,Resolved by hubNashville on First Call,,,,,,,,,,,1787854453000,1787854453000.0,,5f271e91-c78f-49a5-92a2-e77c2820c1a5
2119514,2272920,New,"Streets, Roads & Sidewalks",Driveway Transition/Drop Off,,,,,,,"8416 Lewis Rd, Nashville, TN 37221, United States",NASHVILLE,35.0,36.0491522,-86.9842905,1787854410000,,37221,bf131883-7806-43a5-85d7-04695d46a1ae
2119513,2272919,Closed,Public Safety,Repossessed Vehicle,Repossessed Vehicle,,,,,,,,,,,1787854347000,1787854347000.0,,4c66851e-0499-4453-8fe4-dd3f80df6c3e
2119512,2272918,Closed,Resolved by hubNashville on First Call,Resolved by hubNashville on First Call,Resolved by hubNashville on First Call,,,,,,,,,,,1787854307000,1787854307000.0,,cec456b9-480c-4a09-92de-8e49e8558958
2119511,2272916,Assigned,"Trash, Recycling & Litter",Missed Pickup - Trash Cart Service,Trash - Curbside/Alley Missed Pickup,,,,,,"209 Watauga Pl, Brentwood, TN 37027, United States",BRENTWOOD,26.0,36.0419201,-86.7509357,1787854245000,,37027,13c19952-5bac-432b-9904-41d9371213fe
2119510,2272915,Assigned,"Trash, Recycling & Litter",Unwanted Recycling or Trash,Unwanted Trash,,,,,,"2623 Barclay Dr, Nashville, TN 37206, United States",NASHVILLE,6.0,36.1759798,-86.7187896,1787854241000,,37206,bc6d199d-a18f-4063-aaa1-9ddc647cc375
2119509,2272914,Closed,Resolved by hubNashville on First Call,Resolved by hubNashville on First Call,Resolved by hubNashville on First Call,,,,,,"1874 Shaylin Loop, Nashville, TN 37013, United States",ANTIOCH,31.0,36.0315889,-86.70639,1787854110000,1787854110000.0,37013,a715c1ce-f41e-4af6-8db8-503a229ddcff
2119508,2272913,New,"Streets, Roads & Sidewalks",Overgrowth on right of way,Roadway,,,,,,"Woodlawn Dr & Ridgefield Dr, Nashville, TN 37205, USA",NASHVILLE,24.0,36.1251554,-86.84197549999999,1787854100000,,37205,c877e246-2688-4a64-a25d-f10a44dda4ca
2119507,2272912,Closed,Resolved by hubNashville on First Call,Resolved by hubNashville on First Call,Resolved by hubNashville on First Call,,,,,,,,,,,1787854085000,1787854085000.0,,8b36c4c5-8ae9-45c8-b642-1e87cd415406
2119506,2272911,New,Public Safety,Improperly Parked Vehicles,Improperly Parked Vehicles,,,,,,"60 Twin St, Nashville, TN 37209, United States",NASHVILLE,20.0,36.1515786,-86.8639099,1787853985000,,37209,5af1be34-29dd-4eef-866d-cb13a26947ae
2119505,2272910,Assigned,"Trash, Recycling & Litter",Cart Service,Trash - Report a Damaged Cart,,,,,,"900 Johnson Pass Ct, Nashville, TN 37013, United States",ANTIOCH,32.0,36.07218790510011,-86.65432414172682,1787853930000,,37013,8b9c4100-7ddf-41ee-9a79-fb6685d8fd03
2119504,2272909,Closed,Resolved by hubNashville on First Call,Resolved by hubNashville on First Call,Resolved by hubNashville on First Call,,,,,,,,,,,1787853878000,1787853878000.0,,0e0a0d04-b866-406a-be4e-cebac853703e
2119503,2272908,Closed,Resolved by hubNashville on First Call,Resolved by hubNashville on First Call,Resolved by hubNashville on First Call,,,,,,,,,,,1787853852000,1787853852000.0,,1997af4a-188b-4ef2-8dfd-227bd2ee6423
2119502,2272907,Closed,Property Violations,Residential Complaint,Residential Complaint,,,,,,"1201 Dodd Ter, Nashville, TN 37211, United States",NASHVILLE,26.0,36.0861981,-86.7338314,1787853839000,1787921101000.0,37211,fcced8e9-b127-4108-9450-6d9ac4632433
2119501,2272906,Closed,Resolved by hubNashville on First Call,Resolved by hubNashville on First Call,Resolved by hubNashville on First Call,,,,,,,,,,,1787853742000,1787853742000.0,,3cbb7d1f-b6e7-41ba-bf62-6cbeb7fba662
2119500,2272905,Closed,Resolved by hubNashville on First Call,Resolved by hubNashville on First Call,Resolved by hubNashville on First Call,,,,,,,,,,,1787853681000,1787853681000.0,,fc005988-c52e-4011-b200-9c34fe937a7e
2119499,2272904,Closed,Resolved by hubNashville on First Call,Resolved by hubNashville on First Call,Resolved by hubNashville on First Call,,,,,,,,,,,1787853606000,1787853606000.0,,fdbd77b7-bd66-4d1a-85ff-53521b0322e0
2119498,2272899,Assigned,"Trash, Recycling & Litter",Cart Service,Trash - Report a Damaged Cart,,,,,,"1916 Overhill Dr, Nashville, TN 37215, United States",NASHVILLE,25.0,36.0982936,-86.8106193,1787853498000,,37215,30a51087-4091-4a30-ac92-30179fefb8ce
2119497,2272898,Closed,Resolved by hubNashville on First Call,Resolved by hubNashville on First Call,Resolved by hubNashville on First Call,,,,,,"1200 Clifton Ln, Nashville, TN 37215, United States",NASHVILLE,25.0,36.1140479,-86.79223,1787853468000,1787853468000.0,37215,be0bf37c-6afc-4717-a23f-80fe16253dbe
2119496,2272897,Assigned,"Trash, Recycling & Litter",Unwanted Recycling or Trash,Unwanted Trash,,,,,,"104 Brookfield Ave, Nashville, TN 37205, United States",NASHVILLE,34.0,36.0938577,-86.8751214,1787853421000,,37205,2f4e20d9-815f-4cef-bd16-def455d6bb8c
2119495,2272896,Closed,"Trash, Recycling & Litter",Missed Pickup - Recycle Cart Service,Recycle - Curbside/Alley Missed Pickup,,,,,,"407 Eastboro Dr, Nashville, TN 37209, United States",NASHVILLE,20.0,36.1492092,-86.86814559999999,1787853349000,1787950843000.0,37209,37b12433-d0c8-44ff-9158-8e0d03193e37
2119494,2272893,Closed,Resolved by hubNashville on First Call,Resolved by hubNashville on First Call,Resolved by hubNashville on First Call,,,,,,"3351 Mimosa Dr, Nashville, TN 37211, United States",NASHVILLE,16.0,36.0957477,-86.7246672,1787853277000,1787853277000.0,37211,d926da12-3072-48c4-b414-42c669f5d3d0
2119493,2272892,Closed,Public Safety,Control Number Request for Towing,Control Number Request for Towing,,,,,,"600 Murfreesboro Pike, Nashville, TN 37210, United States",NASHVILLE,16.0,36.1420281,-86.740695,1787853271000,1787853271000.0,37210,08d19d40-8a0e-4c53-b48b-877de93d22fe
2119492,2272889,Closed,Resolved by hubNashville on First Call,Resolved by hubNashville on First Call,Resolved by hubNashville on First Call,,,,,,,,,,,1787853136000,1787853136000.0,,bf7d96c0-4fd2-425c-9b84-d077e6506944
2119491,2272888,Closed,Public Safety,Control Number Request for Towing,Control Number Request for Towing,,,,,,"4501 Packard Dr, Antioch, TN 37013, USA",NASHVILLE,30.0,36.0642739,-86.6882852,1787853135000,1787853135000.0,37211,df42f434-c09b-4f25-932c-e9aa6d54bb5a
2119490,2272886,Closed,"Trash, Recycling & Litter",Unwanted Recycling or Trash,Unwanted Trash,,,,,,"4312 Baton Rouge Dr, Nashville, TN 37076, United States",HERMITAGE,14.0,36.2021177,-86.6056387,1787853125000,1787853315000.0,37076,720b6a3e-6fe8-4a6c-91f2-9ef3412a6d10
2119489,2272885,Closed,"Trash, Recycling & Litter",Missed Pickup - Trash Cart Service,Trash - Curbside/Alley Missed Pickup,,,,,,"209 Watauga Pl, Brentwood, TN 37027, United States",BRENTWOOD,26.0,36.0419201,-86.7509357,1787853108000,1787854078000.0,37027,d7d92c4d-2863-40b6-9300-c219d01daa2b
2119488,2272883,Closed,Resolved by hubNashville on First Call,Resolved by hubNashville on First Call,Resolved by hubNashville on First Call,,,,,,"455 Cornish Dr, Nashville, TN 37207, United States",NASHVILLE,2.0,36.2304532,-86.7887632,1787852979000,1787852979000.0,37207,63d75f1c-5422-487c-bce4-33bc9db5ba86
2119487,2272882,Closed,Resolved by hubNashville on First Call,Resolved by hubNashville on First Call,Resolved by hubNashville on First Call,,,,,,,,,,,1787852882000,1787852882000.0,,fac3afe8-4303-4b3e-851b-3c9d931beb7b
2119486,2272881,Assigned,"Trash, Recycling & Litter",Missing Trash Cart,,,,,,,"4032 Stewarts Ln, Nashville, TN 37218, United States",NASHVILLE,1.0,36.2053392,-86.85881669999999,1787852776000,,37218,c0b8717d-46ab-46ac-ad2a-1898643659ab
2119485,2272880,Closed,Public Safety,Request Non-Emergency Police Assistance,Request Non-Emergency Police Assistance,,,,,,"405 S 4th St, Nashville, TN 37206, United States",NASHVILLE,6.0,36.1675062,-86.762964,1787852771000,1787862470000.0,37206,6f30ff79-a867-4007-bd26-0dfa7c0fcf70
2119484,2272878,Closed,Resolved by hubNashville on First Call,Resolved by hubNashville on First Call,Resolved by hubNashville on First Call,,,,,,,,,,,1787852667000,1787852667000.0,,d1ddeb22-a118-42ea-9fd2-7540cc894cd9
2119483,2272877,Closed,Public Safety,Control Number Request for Towing,Control Number Request for Towing,,,,,,"4501 Packard Dr, Antioch, TN 37013, USA",NASHVILLE,30.0,36.065138430818976,-86.6883908584714,1787852603000,1787852603000.0,37211,bbfcf6f1-1258-44f1-8d09-c77895eef59d
2119482,2272876,New,"Streets, Roads & Sidewalks",Street Sweeping,Street Sweeping,,,,,,"806 Olympic St, Nashville, TN 37203, USA",NASHVILLE,17.0,36.14365799999999,-86.77996809999999,1787852545000,,37203,b6e09fbb-c07b-48c7-9d61-ab5bdaac7116
2119481,2272875,Assigned,"Trash, Recycling & Litter",Cart Service,Trash - Report a Damaged Cart,,,,,,"116 Penny Brink Dr, Nashville, TN 37013, United States",ANTIOCH,33.0,36.0557095,-86.68117869999999,1787852535000,,37013,0aeab6a9-5fd0-4477-991b-36725849be98
2119480,2272874,Closed,"Trash, Recycling & Litter",Missed Pickup - Trash Cart Service,Trash - Curbside/Alley Missed Pickup,,,,,,"6302 Thunderbird Dr, Nashville, TN 37209, United States",NASHVILLE,20.0,36.1514555,-86.8758618,1787852527000,1787853562000.0,37209,182c19b5-bf57-478b-84c1-abaac4eeff3a
2119479,2272873,Closed,Resolved by hubNashville on First Call,Resolved by hubNashville on First Call,Resolved by hubNashville on First Call,,,,,,,,,,,1787852523000,1787852523000.0,,cab1db45-55ef-4373-92d8-6ca88d1bdae3
2119478,2272872,Assigned,"Trash, Recycling & Litter",Unwanted Recycling or Trash,Unwanted Trash,,,,,,"1874 Shaylin Loop, Nashville, TN 37013, United States",ANTIOCH,31.0,36.0315889,-86.70639,1787852513000,,37013,d28af55b-33ad-4e4d-b80c-b670166cb6b4
2119477,2272870,Closed,Resolved by hubNashville on First Call,Resolved by hubNashville on First Call,Resolved by hubNashville on First Call,,,,,,,,,,,1787852481000,1787852481000.0,,15023760-f95a-4ff1-b32b-787ac5918f47
2119476,2272869,Closed,Property Violations,Junk and Debris,Junk and Debris,,,,,,"Slaydon Dr, Nashville, TN 37207, United States",NASHVILLE,5.0,36.21138546162748,-86.75256835,1787852432000,1787861613000.0,37207,f08c900b-6a7f-4786-96e8-cb1e4ca00624
2119475,2272868,Closed,Resolved by hubNashville on First Call,Resolved by hubNashville on First Call,Resolved by hubNashville on First Call,,,,,,,,,,,1787852420000,1787852420000.0,,fb3457c8-f8d7-4349-a8b5-46fe52c83b52
2119474,2272867,Closed,Public Safety,Control Number Request for Towing,Control Number Request for Towing,,,,,,"1330 Vultee Blvd, Nashville, TN 37217, USA",NASHVILLE,13.0,36.12451032888222,-86.69660624753001,1787852418000,1787852418000.0,37217,43bcc974-a023-40e2-afbe-e3837bdef5c2
2119473,2272866,Assigned,"Trash, Recycling & Litter",Missed Pickup - Trash Cart Service,Trash - Curbside/Alley Missed Pickup,,,,,,"907 28th Ave N, Nashville, TN 37208, United States",NASHVILLE,21.0,36.1616952,-86.8194666,1787852383000,,37208,eb082114-9ca2-400a-9a65-4296188b5d72
2119472,2272865,Closed,Resolved by hubNashville on First Call,Resolved by hubNashville on First Call,Resolved by hubNashville on First Call,,,,,,,,,,,1787852365000,1787852365000.0,,172f5d28-bea6-42bd-8b66-d79472544038
2119471,2272864,Assigned,Property Violations,Tenant Complaint,,,,,,,"2706 Glenrose Ave, Nashville, TN 37210, United States",NASHVILLE,16.0,36.116098,-86.7201959,1787852330000,,37210,e55baac0-0eae-43a7-881e-c57253847b69
2119470,2272863,New,"Streets, Roads & Sidewalks",Sidewalks,Damaged Sidewalk,,,,,,"3812 Plantation Dr, Nashville, TN 37076, United States",HERMITAGE,14.0,36.1988576,-86.6349886,1787852313000,,37076,3ca2839b-6386-49f3-b4a5-9c7f0bbed391
2119469,2272862,Closed,Resolved by hubNashville on First Call,Resolved by hubNashville on First Call,Resolved by hubNashville on First Call,,,,,,"6110 California Ave, Nashville, TN 37209, United States",NASHVILLE,20.0,36.1666096,-86.86103159999999,1787852221000,1787852221000.0,37209,f30cbda6-fec7-4acc-a44a-ed97fd071e68
2119468,2272861,Closed,Resolved by hubNashville on First Call,Resolved by hubNashville on First Call,Resolved by hubNashville on First Call,,,,,,,,,,,1787852205000,1787852205000.0,,ffd2815d-3fb8-4b30-975f-88b007ebc0d2
2119467,2272860,Closed,"Trash, Recycling & Litter",Missed Pickup - Recycle Cart Service,Recycle - Curbside/Alley Missed Pickup,,,,,,"5914 Charlotte Pike, Nashville, TN 37209, United States",NASHVILLE,20.0,36.1490506,-86.86474960000001,1787852197000,1787950818000.0,37209,886102c1-3942-405b-ae51-e72f31b02c17
2119466,2272858,Closed,Resolved by hubNashville on First Call,Resolved by hubNashville on First Call,Resolved by hubNashville on First Call,,,,,,,,,,,1787852129000,1787852129000.0,,ef419b8a-3c5a-428a-ac43-d31599a3730b
2119465,2272857,Assigned,"Trash, Recycling & Litter",Missed Pickup - Trash Cart Service,Trash - Curbside/Alley Missed Pickup,,,,,,"4032 Stewarts Ln, Nashville, TN 37218, United States",NASHVILLE,1.0,36.2053392,-86.85881669999999,1787852107000,,37218,77dd23cc-c208-4275-b968-a27ed9aae8e1
2119464,2272856,Closed,Resolved by hubNashville on First Call,Resolved by hubNashville on First Call,Resolved by hubNashville on First Call,,,,,,,,,,,1787852086000,1787852086000.0,,dd261b5b-b54b-4515-ae22-da83f9bf5441
2119463,2272855,Closed,Public Safety,Request Non-Emergency Police Assistance,Request Non-Emergency Police Assistance,,,,,,"Nashville, Nashville, TN , United States",NASHVILLE,19.0,36.1626638,-86.7816016,1787851937000,1787855457000.0,37219,d1f0ca84-c7bc-4e03-94bb-9445908c9809
2119462,2272854,Closed,Resolved by hubNashville on First Call,Resolved by hubNashville on First Call,Resolved by hubNashville on First Call,,,,,,,,,,,1787851864000,1787851864000.0,,de09ae2b-a269-432e-b066-7b7c030e2ca6
2119461,2272853,Closed,Public Safety,Control Number Request for Towing,Control Number Request for Towing,,,,,,"1710 Acklen Ave, Nashville, TN 37212, USA",NASHVILLE,18.0,36.135141798291315,-86.79586261510849,1787851758000,1787851758000.0,37212,63c07c8d-022b-4c78-ae57-9c159f2e1d42
2119460,2272852,Assigned,"Trash, Recycling & Litter",Missing Trash Cart,,,,,,,"3104 Clarksville Pike, Nashville, TN 37218, United States",NASHVILLE,2.0,36.1934138,-86.8286423,1787851753000,,37218,1f288ef2-bd9e-4a1b-9e9f-fb8e9e7f998d
2119459,2272851,Closed,Transit,State Routes,State Routes,,,,,,"Briley Pkwy, Nashville, TN , United States",NASHVILLE,1.0,36.2343946,-86.8006308,1787851740000,1787851740000.0,37207,56e0f0f8-3e6d-4192-8916-1c09e5c17b39
2119458,2272850,Closed,"Trash, Recycling & Litter",Missed Pickup - Recycle Cart Service,Recycle - Curbside/Alley Missed Pickup,,,,,,"1902 Heiman St, Nashville, TN 37208, United States",NASHVILLE,21.0,36.1711986,-86.8103026,1787851713000,1787950832000.0,37208,1a3cb570-e334-44b3-a249-4ad081b3c91a
2119457,2272848,Closed,Public Safety,Improperly Parked Vehicles,Improperly Parked Vehicles,,,,,,"424 Hampstead S, Nashville, TN 37013, United States",ANTIOCH,28.0,36.0765889,-86.6666765,1787851661000,1787929502000.0,37013,74c03b09-0ddc-4293-a584-71460c8b8342
2119456,2272847,Closed,"Trash, Recycling & Litter",File a Trash or Recycling Complaint,Trash collection Complaint,,,,,,"4712 Vicar Dr, Nashville, TN 37211, United States",NASHVILLE,26.0,36.0830429,-86.74724309999999,1787851499000,1787852806000.0,37211,9cfd97c9-0059-445a-9e7d-f721309daa98
2119455,2272846,Closed,"Trash, Recycling & Litter",Missed Pickup - Recycle Cart Service,Recycle - Curbside/Alley Missed Pickup,,,,,,"5606 Louisiana Ave, Nashville, TN 37209, United States",NASHVILLE,20.0,36.1620891,-86.8563393,1787851479000,1787950832000.0,37209,a58a56a5-4a45-4091-a1e5-e69bb82dd154
2119454,2272845,Assigned,"Trash, Recycling & Litter",Cart Service,Trash - Report a Damaged Cart,,,,,,"282 Ocala Dr, Nashville, TN 37211, United States",NASHVILLE,31.0,36.0516673,-86.70134689999999,1787851479000,,37211,9932f8a4-fafc-4714-8663-9757bb36e7b5
2119453,2272844,Closed,Resolved by hubNashville on First Call,Resolved by hubNashville on First Call,Resolved by hubNashville on First Call,,,,,,,,,,,1787851469000,1787851469000.0,,86e1a91c-003a-4f32-b271-778f432e9eca
2119452,2272843,Assigned,"Trash, Recycling & Litter",Cart Service,Trash - Report a Damaged Cart,,,,,,"4841 Sheffield Dr, Nashville, TN 37211, United States",NASHVILLE,26.0,36.080484521299475,-86.7314025067459,1787851444000,,37211,5ff7124a-d23a-4201-8067-3cc3e9e9d86f
2119451,2272842,Assigned,"Trash, Recycling & Litter",Unwanted Recycling or Trash,Unwanted Recycling,,,,,,"953 Mallow Dr, Nashville, TN 37115, United States",MADISON,9.0,36.2601269,-86.6809804,1787851441000,,37115,89b364ba-d773-44bc-99c1-f7c5c1c11a12
2119450,2272841,Assigned,"Trash, Recycling & Litter",Cart Service,Recycling - Report a Damaged Cart,,,,,,"1943A Kimbark Dr, Nashville, TN 37215, United States",NASHVILLE,25.0,36.1011925,-86.8152416,1787851393000,,37215,3a4d38f9-ef42-4d85-8023-4eb5ced5d227
2119449,2272840,Closed,Resolved by hubNashville on First Call,Resolved by hubNashville on First Call,Resolved by hubNashville on First Call,,,,,,,,,,,1787851369000,1787851369000.0,,51e49630-7bc0-4c3b-a812-d9112d648702
2119448,2272839,Closed,Resolved by hubNashville on First Call,Resolved by hubNashville on First Call,Resolved by hubNashville on First Call,,,,,,,,,,,1787851354000,1787851354000.0,,88f67a04-17df-444f-94bd-4c28b2291aef
2119447,2272838,Closed,Resolved by hubNashville on First Call,Resolved by hubNashville on First Call,Resolved by hubNashville on First Call,,,,,,"3209 Crowe Dr, Nashville, TN 37218, United States",NASHVILLE,1.0,36.1801757,-86.841445,1787851324000,1787851324000.0,37218,9cbfe428-891d-4e27-9273-da9a56823e48
2119446,2272836,Closed,Resolved by hubNashville on First Call,Resolved by hubNashville on First Call,Resolved by hubNashville on First Call,,,,,,"209 N 16th St, Nashville, TN 37206, United States",NASHVILLE,6.0,36.1785686,-86.74131349999999,1787851276000,1787851276000.0,37206,ddf3fdbe-3046-43d5-ad93-2cfd10db4900
2119445,2272835,Closed,Resolved by hubNashville on First Call,Resolved by hubNashville on First Call,Resolved by hubNashville on First Call,,,,,,,,,,,1787851273000,1787851273000.0,,0fd19ccd-2402-44a9-a9a6-0244457b3958
2119444,2272833,Closed,Resolved by hubNashville on First Call,Resolved by hubNashville on First Call,Resolved by hubNashville on First Call,,,,,,,,,,,1787851222000,1787851222000.0,,1b7b1376-314a-44a5-96e7-40de554bb82d
2119443,2272832,Closed,Public Safety,Control Number Request for Towing,Control Number Request for Towing,,,,,,"2925 Baby Ruth Ln, Antioch, TN 37013, USA",ANTIOCH,32.0,36.0450698,-86.6423174,1787851177000,1787851177000.0,37013,9d3e6dee-73a7-4c22-8979-140e9c36af28
2119442,2272831,Assigned,"Trash, Recycling & Litter",Cart Service,Trash - Report a Damaged Cart,,,,,,"108 Eastview Ct, Nashville, TN 37211, United States",NASHVILLE,27.0,36.0623228,-86.6877969,1787851176000,,37211,b4374200-befc-4159-9a3b-742fda34f4e7
2119441,2272830,Closed,Resolved by hubNashville on First Call,Resolved by hubNashville on First Call,Resolved by hubNashville on First Call,,,,,,,,,,,1787851151000,1787851151000.0,,39fdf4ec-93bd-4a33-b3d7-0eb3c2552d50
2119440,2272828,Closed,Resolved by hubNashville on First Call,Resolved by hubNashville on First Call,Resolved by hubNashville on First Call,,,,,,,,,,,1787851081000,1787851081000.0,,99684e31-b736-4287-abaf-953dc7a4e6e6
2119439,2272826,Assigned,"Trash, Recycling & Litter",Missing Trash Cart,,,,,,,"105 Arta Dr, Nashville, TN 37115, United States",MADISON,3.0,36.2661965,-86.7464902,1787851011000,,37115,64fcd510-90b8-47cf-8bb0-ee4a00e09942
2119438,2272825,Assigned,Property Violations,Residential Complaint,Residential Complaint,,,,,,"828 Clay St, Nashville, TN 37208, United States",NASHVILLE,2.0,36.1852547,-86.8026707,1787850991000,,37208,91882dd5-8f25-42b5-91fc-3ad3e25a6698
2119437,2272824,Assigned,"Trash, Recycling & Litter",Cart Service,Recycling - Report a Stolen Cart,,,,,,"416 Prestwick Ct, Nashville, TN 37205, United States",NASHVILLE,24.0,36.1254762,-86.8195239,1787850975000,,37205,8c07f32c-8ea6-45a1-82d8-45a29ca0d38c
2119436,2272823,Assigned,"Trash, Recycling & Litter",Cart Service,Trash - Report a Damaged Cart,,,,,,"1211 Lillian St, Nashville, TN 37206, United States",NASHVILLE,6.0,36.1733791,-86.74766819999999,1787850927000,,37206,f4ab4486-02f2-41f1-8751-7260c759549a
2119435,2272822,Closed,Resolved by hubNashville on First Call,Resolved by hubNashville on First Call,Resolved by hubNashville on First Call,,,,,,,,,,,1787850913000,1787850913000.0,,d2fe45d7-ebbb-4acc-b637-193cf7628e16
2119434,2272821,Closed,"Trash, Recycling & Litter",Cart Service,Recycling - Report a Damaged Cart,,,,,,"4841 Sheffield Dr, Nashville, TN 37211, United States",NASHVILLE,26.0,36.0804829,-86.7314186,1787850912000,1787851299000.0,37211,677a9159-f5b6-4c85-b934-a0efcc0b556d
2119433,2272820,Assigned,"Trash, Recycling & Litter",Unwanted Recycling or Trash,Unwanted Recycling,,,,,,"4253 Maplecrest Dr, Nashville, TN 37214, United States",NASHVILLE,15.0,36.1765999,-86.67867629999999,1787850863000,,37214,1d2e568b-7fd8-4991-a375-77c259032b25
2119432,2272819,Assigned,"Trash, Recycling & Litter",Cart Service,Recycling - Report a Stolen Cart,,,,,,"1211 Lillian St, Nashville, TN 37206, United States",NASHVILLE,6.0,36.1733791,-86.74766819999999,1787850850000,,37206,ca2ecb06-8942-4a78-b386-4211b31393f7
2119431,2272818,Closed,Resolved by hubNashville on First Call,Resolved by hubNashville on First Call,Resolved by hubNashville on First Call,,,,,,,,,,,1787850845000,1787850845000.0,,4e20735c-81c6-4b7f-9c2d-a1c953f73a76
2119430,2272816,Assigned,Property Violations,Junk and Debris,Junk and Debris,,,,,,"5414 Illinois Ave, Nashville, TN 37209, USA",NASHVILLE,20.0,36.15724585305777,-86.85413427650928,1787850814000,,37209,e80fddd9-993e-40d5-afb0-4030350a3f92
2119429,2272815,Closed,Resolved by hubNashville on First Call,Resolved by hubNashville on First Call,Resolved by hubNashville on First Call,,,,,,,,,,,1787850810000,1787850810000.0,,2db2d443-3e5a-4645-af1e-2b0dedafb82a
2119428,2272814,Closed,Resolved by hubNashville on First Call,Resolved by hubNashville on First Call,Resolved by hubNashville on First Call,,,,,,,,,,,1787850791000,1787850791000.0,,99f27746-5ab4-4dad-b476-15410055bdda
2119427,2272812,Closed,Resolved by hubNashville on First Call,Resolved by hubNashville on First Call,Resolved by hubNashville on First Call,,,,,,,,,,,1787850776000,1787850776000.0,,999df782-a82e-442f-b40b-35803f64287d
2119426,2272810,Assigned,"Trash, Recycling & Litter",Cart Service,Trash - Report a Damaged Cart,,,,,,"2213 Portland Ave, Nashville, TN 37212, United States",NASHVILLE,18.0,36.1333006,-86.80344509999999,1787850728000,,37212,34f3504a-3901-4448-a946-caf5ad525deb
2119425,2272809,Closed,Resolved by hubNashville on First Call,Resolved by hubNashville on First Call,Resolved by hubNashville on First Call,,,,,,"3225 E Lake Dr, Nashville, TN 37214, United States",NASHVILLE,13.0,36.1369485,-86.6371013,1787850706000,1787850706000.0,37214,634512d8-3e19-40a2-9093-cfb54e825e7d
2119424,2272808,Assigned,Property Violations,Junk and Debris,Junk and Debris,,,,,,"828 Clay St, Nashville, TN 37208, United States",NASHVILLE,2.0,36.185194161199234,-86.80266246210525,1787850591000,,37208,8ec59a3b-c4ff-49f7-a19f-be4c15214ada
2119423,2272807,Closed,Resolved by hubNashville on First Call,Resolved by hubNashville on First Call,Resolved by hubNashville on First Call,,,,,,,,,,,1787850582000,1787850582000.0,,1556ca3a-c0c0-4d16-8aea-4e1bfaa25baa
2119422,2272806,Closed,Public Safety,Control Number Request for Towing,Control Number Request for Towing,,,,,,"100 Hickory Club Dr, Antioch, TN 37013, USA",ANTIOCH,32.0,36.0550281,-86.6414755,1787850574000,1787850574000.0,37013,e4e62cab-2784-4fe7-8b77-a4490e6e0b66
2119421,2272805,Closed,Resolved by hubNashville on First Call,Resolved by hubNashville on First Call,Resolved by hubNashville on First Call,,,,,,,,,,,1787850556000,1787850556000.0,,bc791f27-9f64-4ee4-b01f-58bdeb344f0c
2119420,2272804,Closed,"Trash, Recycling & Litter",File a Trash or Recycling Complaint,Trash collection Complaint,,,,,,"1730 16th Ave N, Nashville, TN 37208, United States",NASHVILLE,21.0,36.1787352,-86.8081402,1787850525000,1787850765000.0,37208,c5744cd4-2245-40eb-9d83-8c262389bb79
2119419,2272803,Closed,Public Safety,Control Number Request for Towing,Control Number Request for Towing,,,,,,"100 Hickory Club Dr, Antioch, TN 37013, USA",ANTIOCH,32.0,36.0550281,-86.6414755,1787850468000,1787850468000.0,37013,5b17a60d-c57a-45ee-9363-ebf65971f390
2119418,2272802,Closed,Resolved by hubNashville on First Call,Resolved by hubNashville on First Call,Resolved by hubNashville on First Call,,,,,,,,,,,1787850465000,1787850465000.0,,e3be97b5-9ca5-4273-89a6-dcbf13aad809
2119417,2272801,Closed,Public Safety,Abandoned Vehicles,Abandoned Vehicles - Public Property,,,,,,"1301 Rosedale Ave, Nashville, TN 37207, United States",NASHVILLE,5.0,36.19408,-86.75737,1787850455000,1787929513000.0,37207,b9e919a0-d6b7-43e1-bdc3-3f9c07ec32b5
2119416,2272800,Closed,Resolved by hubNashville on First Call,Resolved by hubNashville on First Call,Resolved by hubNashville on First Call,,,,,,"622 Merritt Ave, Nashville, TN 37203, United States",NASHVILLE,17.0,36.1400181,-86.77088669999999,1787850258000,1787850258000.0,37203,338470ad-be6b-4b64-8452-c6f0bdf889fd
2119415,2272793,Closed,Public Safety,Request Non-Emergency Police Assistance,Request Non-Emergency Police Assistance,,,,,,"8042 Bienville Dr, Nashville, TN 37211, United States",NASHVILLE,31.0,36.0225814,-86.7116898,1787849949000,1787853689000.0,37211,f1aaefd9-30a3-40ce-b486-fae4237a760c
2119414,2272792,In Progress,"Trash, Recycling & Litter",Missed Pickup - Trash Cart Service,Trash - Curbside/Alley Missed Pickup,,,,,,"307 White Bridge Pike, Nashville, TN 37209, United States",NASHVILLE,20.0,36.14556350000001,-86.8585196,1787849904000,,37209,fc5c4919-b196-49cc-8091-c36caa1bbc32
2119413,2272791,Closed,Property Violations,Residential Complaint,Residential Complaint,,,,,,"261 Dellway Villa Rd, Nashville, TN 37207, United States",NASHVILLE,5.0,36.213250961628255,-86.76033710674591,1787849652000,1787861535000.0,37207,5ccea61c-4e74-4e8a-a9a4-06380d5e97a1
2119412,2272790,Closed,Resolved by hubNashville on First Call,Resolved by hubNashville on First Call,Resolved by hubNashville on First Call,,,,,,,,,,,1787849648000,1787849648000.0,,dbe843c3-67f0-44de-b8ca-f403e3f26f2e
2119411,2272789,Assigned,Property Violations,Tenant Complaint,Tenant Complaint,,,,,,"261 Dellway Villa Rd, Nashville, TN 37207, United States",NASHVILLE,5.0,36.2132309,-86.7603532,1787849526000,,37207,dc3c77a4-3b1e-41c7-8f56-15d44ef7e45f
2119410,2272788,Closed,Resolved by hubNashville on First Call,Resolved by hubNashville on First Call,Resolved by hubNashville on First Call,,,,,,,,,,,1787849507000,1787849507000.0,,95ecd094-df0f-429d-820f-6810ac3813a3
2119409,2272787,Closed,"Trash, Recycling & Litter",Missed Pickup - Recycle Cart Service,Recycle - Curbside/Alley Missed Pickup,,,,,,"307 White Bridge Pike, Nashville, TN 37209, United States",NASHVILLE,20.0,36.14556350000001,-86.8585196,1787849413000,1787950807000.0,37209,e3909722-cde1-4185-adeb-c0ab2d1a8c3f
2119408,2272786,Closed,Resolved by hubNashville on First Call,Resolved by hubNashville on First Call,Resolved by hubNashville on First Call,,,,,,,,,,,1787849392000,1787849392000.0,,b1b41d3f-b57c-4896-92b6-3425cf26460a
2119407,2272784,Assigned,"Trash, Recycling & Litter",Missed Pickup - Trash Cart Service,Trash - Curbside/Alley Missed Pickup,,,,,,"307 White Bridge Pike, Nashville, TN 37209, United States",NASHVILLE,20.0,36.14556350000001,-86.8585196,1787849286000,,37209,cbdbf52e-7aad-44b2-b07a-4011736f8ba3
2119406,2272781,Assigned,Property Violations,Junk and Debris,Junk and Debris,,,,,,"2611 Morgan Rd, Nashville, TN 37080, United States",JOELTON,1.0,36.338901,-86.83585649999999,1787849019000,,37080,ac1d6696-a623-4032-b972-5d311c9975cc
2119405,2272780,Closed,Public Safety,Control Number Request for Towing,Control Number Request for Towing,,,,,,"3555 Bell Rd, Nashville, TN 37214, USA",NASHVILLE,12.0,36.144744,-86.6247309,1787848955000,1787848955000.0,37214,2d2bc3af-b67a-4791-91d0-d2282739446b
2119404,2272779,New,"Streets, Roads & Sidewalks",Obstruction of right of way,Roadway,,,,,,"613 S Wilson Blvd, Nashville, TN 37215, United States",NASHVILLE,24.0,36.12218733080429,-86.83444384257393,1787848874000,,37215,8e853461-667f-40bd-8acb-c447be2ba523
2119403,2272778,Assigned,Property Violations,Tall Grass and Weeds,Tall Grass and Weeds,,,,,,"7591 Ridgewood Rd, Goodlettsville, TN 37072, United States",GOODLETTSVILLE,10.0,36.3458092,-86.8378238,1787848849000,,37072,40698c10-2e35-43b0-8c2e-2e3f4faa91df
2119402,2272777,Assigned,Property Violations,Tall Grass and Weeds,Tall Grass and Weeds,,,,,,"2950 Morgan Rd, Nashville, TN 37080, United States",JOELTON,10.0,36.3356971,-86.85705759999999,1787848744000,,37080,c00b495d-f90e-4ec5-a0d1-3002b00dbe75
2119401,2272776,Closed,"Trash, Recycling & Litter",Missed Pickup - Trash Cart Service,Trash - Curbside/Alley Missed Pickup,,,,,,"1702 17th Ave N, Nashville, TN 37208, United States",NASHVILLE,21.0,36.1768447,-86.8082402,1787848703000,1787943851000.0,37208,5a1d77a2-3193-49c6-a745-57cdd82d5701
2119400,2272775,Assigned,"Trash, Recycling & Litter",Missed Pickup - Trash Cart Service,Trash - Curbside/Alley Missed Pickup,,,,,,"1912 Charlotte Ave, Nashville, TN 37203, United States",NASHVILLE,21.0,36.15761623389497,-86.80297936931152,1787848643000,,37203,fef1282a-f5be-4437-a667-232c0019e67e
2119399,2272774,New,"Streets, Roads & Sidewalks",Traffic Light Issue,,,,,,,"Children's Way, Nashville, TN 37212, United States",NASHVILLE,18.0,36.13905487412405,-86.80585014387748,1787848605000,,37212,7089d614-eae7-4d27-b677-858dd6bec2a4
2119398,2272773,Closed,Resolved by hubNashville on First Call,Resolved by hubNashville on First Call,Resolved by hubNashville on First Call,,,,,,,,,,,1787848492000,1787848492000.0,,aa1abae0-2bff-4efd-b6bf-11ceca0cedb4
2119397,2272771,Closed,Resolved by hubNashville on First Call,Resolved by hubNashville on First Call,Resolved by hubNashville on First Call,,,,,,,,,,,1787848418000,1787848418000.0,,cdc1ceff-0f07-472b-85a1-69af8187bec9
2119396,2272770,Assigned,"Trash, Recycling & Litter",Cart Service,Trash - Report a Damaged Cart,,,,,,"303 Garden View Ct, Nashville, TN 37013, United States",ANTIOCH,27.0,36.0557828,-86.70048899999999,1787848391000,,37013,f769b4fe-fdad-4305-a176-299cb68e1018
2119395,2272769,Assigned,"Trash, Recycling & Litter",Unwanted Recycling or Trash,Unwanted Recycling,,,,,,"1407 Pillow St, Nashville, TN 37203, United States",NASHVILLE,17.0,36.1390432,-86.76689209999999,1787848198000,,37203,572a19b1-1c32-44a8-b3d4-a87397f56c46
2119394,2272768,Closed,Public Safety,Request Non-Emergency Police Assistance,Request Non-Emergency Police Assistance,,,,,,"1401 4th Ave S, Nashville, TN 37210, United States",NASHVILLE,17.0,36.1399265,-86.76353999999999,1787848182000,1787851704000.0,37210,3cfe61a3-736d-492d-b8bf-ea4820f55e5b
2119393,2272767,Assigned,"Trash, Recycling & Litter",Cart Service,Recycling - Moved to Home with No Cart,,,,,,"1347 Pennock Ave, Nashville, TN 37207, United States",NASHVILLE,5.0,36.1967287,-86.7653558,1787848148000,,37207,d44b1aba-f982-4172-8f5e-b77e43c159a8
2119392,2272766,Closed,Resolved by hubNashville on First Call,Resolved by hubNashville on First Call,Resolved by hubNashville on First Call,,,,,,,,,,,1787848142000,1787848142000.0,,ccfbfd7c-5d36-46af-9608-d26e14d9fc35
2119391,2272765,Closed,Public Safety,Improperly Parked Vehicles,Improperly Parked Vehicles,,,,,,"1211 Dallas Ave, Nashville, TN 37212, USA",NASHVILLE,18.0,36.1224892,-86.7913391,1787848090000,1787929479000.0,37212,e95dffac-a155-4f32-9691-16bc30ed242c
2119390,2272764,Closed,"Streets, Roads & Sidewalks",Damaged Sign,Interstate Roads,,,,,,"1801 Hayes St, Nashville, TN 37203, USA",NASHVILLE,19.0,36.153799,-86.79679,1787848066000,1787848066000.0,37203,95998412-3b61-4377-8eff-ab639f99130d
2119389,2272763,Closed,Public Safety,Control Number Request for Towing,Control Number Request for Towing,,,,,,"528 E Trinity Ln, Nashville, TN 37207, United States",NASHVILLE,5.0,36.2046986,-86.7545691,1787848038000,1787848038000.0,37207,2de1360e-a41c-4bcd-939c-1fed01fcfa5f
2119388,2272760,Closed,Resolved by hubNashville on First Call,Resolved by hubNashville on First Call,Resolved by hubNashville on First Call,,,,,,"243 Lisa Ln, Nashville, TN 37210, United States",NASHVILLE,15.0,36.162199,-86.7051352,1787847970000,1787847970000.0,37210,2c50d045-ba90-4823-8215-9b3d7b11ed14
2119387,2272759,Closed,Resolved by hubNashville on First Call,Resolved by hubNashville on First Call,Resolved by hubNashville on First Call,,,,,,,,,,,1787847952000,1787847952000.0,,7f6e3b0c-10a8-41bc-a52c-8f57d6970bd1
2119386,2272758,Closed,Resolved by hubNashville on First Call,Resolved by hubNashville on First Call,Resolved by hubNashville on First Call,,,,,,,,,,,1787847921000,1787847921000.0,,b5aceb9e-0c68-416c-9ec1-7b33d746bcb6
2119385,2272757,Closed,Resolved by hubNashville on First Call,Resolved by hubNashville on First Call,Resolved by hubNashville on First Call,,,,,,,,,,,1787847833000,1787847833000.0,,287ee440-ce94-43ff-9c16-ef6bc976064d
2119384,2272756,Closed,Resolved by hubNashville on First Call,Resolved by hubNashville on First Call,Resolved by hubNashville on First Call,,,,,,,,,,,1787847822000,1787847822000.0,,c98ec64d-51be-4321-94b7-7bc0979e0ae7
2119383,2272755,Closed,Resolved by hubNashville on First Call,Resolved by hubNashville on First Call,Resolved by hubNashville on First Call,,,,,,,,,,,1787847784000,1787847784000.0,,acf2036b-eb3f-4933-abf2-e71bfece15a0
2119382,2272754,Closed,Resolved by hubNashville on First Call,Resolved by hubNashville on First Call,Resolved by hubNashville on First Call,,,,,,"3311 Skyline Dr, Nashville, TN 37215, United States",NASHVILLE,34.0,36.1031763,-86.8319022,1787847726000,1787847726000.0,37215,88f948dd-6f4d-411b-9fe9-e693e1811659
2119381,2272753,Closed,Public Safety,Control Number Request for Towing,Control Number Request for Towing,,,,,,"433 Gay St, Nashville, TN 37201, United States",NASHVILLE,19.0,36.168836,-86.7798272,1787847686000,1787847686000.0,37201,bcc23f51-2876-4a70-987b-9db1ebf501d0
2119380,2272752,Closed,Resolved by hubNashville on First Call,Resolved by hubNashville on First Call,Resolved by hubNashville on First Call,,,,,,"2809 Woodlawn Dr, Nashville, TN 37215, United States",NASHVILLE,18.0,36.1258457,-86.8134535,1787847666000,1787847666000.0,37215,9343af62-e642-4c94-b5d6-e6ce1093e8b8
2119379,2272751,Assigned,"Trash, Recycling & Litter",Cart Service,Trash - Report a Damaged Cart,,,,,,"3914 Skyline Dr, Nashville, TN 37215, United States",NASHVILLE,34.0,36.1082513,-86.83208160000001,1787847604000,,37215,cabfd567-e696-4801-9686-a23675266cd0
2119378,2272750,Assigned,"Trash, Recycling & Litter",Unwanted Recycling or Trash,Unwanted Trash,,,,,,"1407 Pillow St, Nashville, TN 37203, United States",NASHVILLE,17.0,36.1390432,-86.76689209999999,1787847585000,,37203,a4f3adbb-4842-4017-92cf-eeec8ea526d1
2119377,2272748,Closed,Resolved by hubNashville on First Call,Resolved by hubNashville on First Call,Resolved by hubNashville on First Call,,,,,,,,,,,1787847530000,1787847530000.0,,18882254-9d47-437a-b0de-a9cab3dc9cf9
2119376,2272747,Closed,Resolved by hubNashville on First Call,Resolved by hubNashville on First Call,Resolved by hubNashville on First Call,,,,,,,,,,,1787847502000,1787847502000.0,,d53c1029-56c4-4fa0-b780-551002e0af1d
2119375,2272746,Closed,"Streets, Roads & Sidewalks",Sidewalks,Damaged Tree Grate,,,,,,"Mansion St, Nashville, TN 37203, United States",NASHVILLE,19.0,36.1517045,-86.7830189,1787847500000,1787936627000.0,37203,db6b581e-c5cd-4479-9975-4038b72e1093
2119374,2272745,Assigned,Property Violations,Tall Grass and Weeds,Tall Grass and Weeds,,,,,,"404 Hunter's Path Ct, Nashville, TN 37076, United States",HERMITAGE,12.0,36.1888393,-86.6063167,1787847476000,,37076,feb32760-03ad-49d9-9030-070fe5e4fffa
2119373,2272742,Closed,Resolved by hubNashville on First Call,Resolved by hubNashville on First Call,Resolved by hubNashville on First Call,,,,,,,,,,,1787847352000,1787847352000.0,,014df8b2-4a24-42d4-9538-f3307d6001a1
2119372,2272741,Closed,Resolved by hubNashville on First Call,Resolved by hubNashville on First Call,Resolved by hubNashville on First Call,,,,,,"15544 Old Hickory Blvd, Nashville, TN 37211, United States",NASHVILLE,4.0,36.0413065,-86.7413406,1787847351000,1787847351000.0,37211,f624e26d-50e0-408f-b64b-de39c7545c64
2119371,2272740,Closed,Public Safety,Request Non-Emergency Police Assistance,Request Non-Emergency Police Assistance,,,,,,"622 Merritt Ave, Nashville, TN 37203, United States",NASHVILLE,17.0,36.1400181,-86.77088669999999,1787847337000,1787848059000.0,37203,6b388e85-675b-492a-a8da-20ff31165d53
2119370,2272739,Closed,Resolved by hubNashville on First Call,Resolved by hubNashville on First Call,Resolved by hubNashville on First Call,,,,,,,,,,,1787847317000,1787847317000.0,,78c414d0-f067-469c-9a17-5e041d496971
2119369,2272738,Closed,Resolved by hubNashville on First Call,Resolved by hubNashville on First Call,Resolved by hubNashville on First Call,,,,,,,,,,,1787847231000,1787847231000.0,,765aa7f8-cd17-481d-85a9-cf6b76556d09
2119368,2272736,Closed,Resolved by hubNashville on First Call,Resolved by hubNashville on First Call,Resolved by hubNashville on First Call,,,,,,,,,,,1787847212000,1787847212000.0,,2356bf1a-846b-4796-8e7a-72371571a913
2119367,2272735,Assigned,"Trash, Recycling & Litter",Cart Service,Recycling - Report a Stolen Cart,,,,,,"1937 Belle Arbor Dr, Nashville, TN 37207, United States",NASHVILLE,3.0,36.257909717920946,-86.77032573905475,1787847204000,,37207,a4509789-3293-4c1f-9290-7fe9fb0a981a
2119366,2272734,Closed,Property Violations,Noise Violations - Construction Noise,Noise Violations - Construction Noise,,,,,,"364 Glenrose Ave, Nashville, TN 37210, United States",NASHVILLE,16.0,36.1259412,-86.750293,1787847200000,1787882596000.0,37210,19d8362b-016b-4f17-a272-fe97694367cd
2119365,2272733,Assigned,Property Violations,Junk and Debris,Junk and Debris,,,,,,"900 11th Ave N, Nashville, TN 37208, USA",NASHVILLE,19.0,36.1681981,-86.794405,1787847141000,,37208,4bab3596-dded-4510-9d41-92b0b3d716d9
2119364,2272732,Closed,Resolved by hubNashville on First Call,Resolved by hubNashville on First Call,Resolved by hubNashville on First Call,,,,,,"4992 Shihmen Dr, Nashville, TN 37013, United States",ANTIOCH,33.0,36.0538982,-86.6825331,1787847126000,1787847126000.0,37013,ec131418-7d58-4855-82ff-026ffeb8545d
2119363,2272731,Closed,Resolved by hubNashville on First Call,Resolved by hubNashville on First Call,Resolved by hubNashville on First Call,,,,,,,,,,,1787847125000,1787847125000.0,,c852b837-0c25-4d15-be25-01e264cb3e91
2119362,2272729,Closed,Public Safety,Repossessed Vehicle,Repossessed Vehicle,,,,,,,,,,,1787847123000,1787847123000.0,,9e0953eb-0c1f-41e1-9506-13d61bcbbe5a
2119361,2272728,Closed,Resolved by hubNashville on First Call,Resolved by hubNashville on First Call,Resolved by hubNashville on First Call,,,,,,"1728 Nubell St, Nashville, TN 37208, United States",NASHVILLE,2.0,36.1888472,-86.8137235,1787847118000,1787847118000.0,37208,3bda6700-f558-494a-85b6-69879ed126a0
2119360,2272727,Closed,Resolved by hubNashville on First Call,Resolved by hubNashville on First Call,Resolved by hubNashville on First Call,,,,,,,,,,,1787847052000,1787847052000.0,,e99dccb2-781a-45f0-af80-95879adcf441
2119359,2272726,Assigned,Property Violations,Tall Grass and Weeds,Tall Grass and Weeds,,,,,,"404 Hunter's Path Ct, Nashville, TN 37076, United States",HERMITAGE,12.0,36.18884495139021,-86.60629223082717,1787847011000,,37076,c74b49e6-9e94-46e4-addf-4a02a010bd53
2119358,2272725,Closed,Resolved by hubNashville on First Call,Resolved by hubNashville on First Call,Resolved by hubNashville on First Call,,,,,,,,,,,1787846979000,1787846979000.0,,24b991e3-5a34-4d37-8adf-c6432ddf5bc6
2119357,2272724,Closed,Resolved by hubNashville on First Call,Resolved by hubNashville on First Call,Resolved by hubNashville on First Call,,,,,,,,,,,1787846975000,1787846975000.0,,1bffdfc5-b8e5-4ed3-8204-54989d8b72a2
2119356,2272722,Closed,Public Safety,Control Number Request for Towing,Control Number Request for Towing,,,,,,"241 Trails Cir, Nashville, TN 37214, USA",NASHVILLE,12.0,36.1480907,-86.6221808,1787846922000,1787846922000.0,37214,f54d7acb-e0a6-47e1-9c50-bb24857893e6
2119355,2272720,Closed,Resolved by hubNashville on First Call,Resolved by hubNashville on First Call,Resolved by hubNashville on First Call,,,,,,,,,,,1787846859000,1787846859000.0,,782ae9a5-b456-4122-98c1-1cad8ac6ba89
2119354,2272719,Transferred,"Streets, Roads & Sidewalks",Tree Maintenance on right of way,Tree is dead and needs removal,,,,,,"3500 Hilldale Dr, Nashville, TN 37215, United States",NASHVILLE,34.0,36.115393722991094,-86.827579790213,1787846838000,,37215,30737fb6-45e5-4e77-a4ea-9abd511d72ea
2119353,2272718,Closed,Resolved by hubNashville on First Call,Resolved by hubNashville on First Call,Resolved by hubNashville on First Call,,,,,,,,,,,1787846796000,1787846796000.0,,11d94b51-bbec-4de7-ad03-1970297c0cf6
2119352,2272717,New,Public Safety,Abandoned Vehicles,Abandoned Vehicles - Public Property,,,,,,"1604 Forest Ave, Nashville, TN 37206, United States",NASHVILLE,6.0,36.17761390990292,-86.74125005668161,1787846726000,,37206,a7de01a7-1750-436a-9258-fbb294b40f17
2119351,2272715,Closed,Resolved by hubNashville on First Call,Resolved by hubNashville on First Call,Resolved by hubNashville on First Call,,,,,,,,,,,1787846648000,1787846648000.0,,6218572e-951e-4e13-90cc-425398f64790
2119350,2272714,Closed,Resolved by hubNashville on First Call,Resolved by hubNashville on First Call,Resolved by hubNashville on First Call,,,,,,,,,,,1787846647000,1787846647000.0,,2089f3be-e3ca-4d11-a7ad-a27c46dda180
2119349,2272712,Assigned,"Trash, Recycling & Litter",Cart Service,Trash - Report a Damaged Cart,,,,,,"721 Kendall Dr, Nashville, TN 37209, United States",NASHVILLE,20.0,36.1357672,-86.862569,1787846428000,,37209,587e7d26-62ef-49a8-b996-b359b1f4ca3e
2119348,2272711,Closed,"Streets, Roads & Sidewalks",Damaged Sign,,,,,,,"449 ATLAS DR,  NASHVILLE,  TN,  37211",NASHVILLE,26.0,,,1787846403000,1787857944000.0,37211,e5f1691d-eb57-41ca-94a3-32c36c79f80d
2119347,2272708,Closed,Resolved by hubNashville on First Call,Resolved by hubNashville on First Call,Resolved by hubNashville on First Call,,,,,,,,,,,1787846364000,1787846364000.0,,716065e2-0ab4-4ba0-a0ed-8b21a94f2330
2119346,2272706,Closed,Public Safety,Control Number Request for Towing,Control Number Request for Towing,,,,,,"1814 Hayes St, Nashville, TN 37203, USA",NASHVILLE,19.0,36.1536547,-86.7980584,1787846350000,1787846350000.0,37203,1ffd7950-1ac9-4dc2-adaa-b7b1cb117f25
2119345,2272705,Closed,Public Safety,Improperly Parked Vehicles,Improperly Parked Vehicles,,,,,,"1309 Southside Cir, Nashville, TN 37212, United States",NASHVILLE,17.0,36.1471218,-86.78801299999999,1787846300000,1787929491000.0,37212,673a8a47-58b2-48bd-9098-1d889f92ac51
2119344,2272704,Closed,Resolved by hubNashville on First Call,Resolved by hubNashville on First Call,Resolved by hubNashville on First Call,,,,,,,,,,,1787846191000,1787846191000.0,,1a95391e-e7d8-40b9-9095-8bde46406308
2119343,2272703,Closed,Resolved by hubNashville on First Call,Resolved by hubNashville on First Call,Resolved by hubNashville on First Call,,,,,,,,,,,1787846169000,1787846169000.0,,4db5ed78-33b2-4a80-9add-6514adde14bf
2119342,2272702,Assigned,Property Violations,Junk and Debris,Junk and Debris,,,,,,"516 S 14th St, Nashville, TN 37206, United States",NASHVILLE,6.0,36.1695484,-86.7473196,1787846119000,,37206,95309f9d-0fc3-4f62-8687-1a8c80b7dcc7
2119341,2272700,Closed,Public Safety,Control Number Request for Towing,Control Number Request for Towing,,,,,,"24th Ave S & Acklen Ave, Nashville, TN 37212, USA",NASHVILLE,18.0,36.1360629,-86.8053393,1787846086000,1787846086000.0,37212,ad3bea0a-1d8e-43a6-ae42-a9f67e718588
2119340,2272699,Closed,Transit,State Routes,State Routes,,,,,,Old Hickory BLVD to I 65,,,36.03498411851216,-86.78330414517157,1787846059000,1787854477000.0,,66d9062b-9d72-4bd0-93af-d6891f761bdb
2119339,2272698,Closed,Resolved by hubNashville on First Call,Resolved by hubNashville on First Call,Resolved by hubNashville on First Call,,,,,,"6015 Cortez Ct, Nashville, TN 37076, United States",HERMITAGE,14.0,36.191181,-86.61849579999999,1787846024000,1787846024000.0,37076,2bc3fb04-c2a4-40ce-a097-b0d92c164a9c
2119338,2272695,Closed,Public Safety,Control Number Request for Towing,Control Number Request for Towing,,,,,,"211 2nd Ave N, Nashville, TN 37201, United States",NASHVILLE,19.0,36.165,-86.777158,1787845965000,1787845965000.0,37201,5726ea2f-c486-44c9-8c8c-087825567872
2119337,2272694,Assigned,"Trash, Recycling & Litter",Missing Trash Cart,Missing Trash Cart,,,,,,"3704 Clarksville Pike, Nashville, TN 37218, United States",NASHVILLE,2.0,36.1984904,-86.8376018,1787845922000,,37218,ea0c13aa-fc23-4cc1-aae5-9faf30a37c7f
2119336,2272693,Closed,Resolved by hubNashville on First Call,Resolved by hubNashville on First Call,Resolved by hubNashville on First Call,,,,,,,,,,,1787845862000,1787845862000.0,,a55bd2cb-1dd9-4fe4-90ea-c0494bb115ca
2119335,2272692,Closed,Resolved by hubNashville on First Call,Resolved by hubNashville on First Call,Resolved by hubNashville on First Call,,,,,,,,,,,1787845828000,1787845828000.0,,40387301-7fc5-4614-98aa-7d6340771dc4
2119334,2272691,Closed,Resolved by hubNashville on First Call,Resolved by hubNashville on First Call,Resolved by hubNashville on First Call,,,,,,,,,,,1787845792000,1787845792000.0,,5b0df988-3656-411d-9d1a-29e82f40e0c3
2119333,2272689,Closed,Resolved by hubNashville on First Call,Resolved by hubNashville on First Call,Resolved by hubNashville on First Call,,,,,,,,,,,1787845673000,1787845673000.0,,3a49738b-1d9d-4a65-a2ae-363246f9c9a0
2119332,2272688,Closed,Resolved by hubNashville on First Call,Resolved by hubNashville on First Call,Resolved by hubNashville on First Call,,,,,,,,,,,1787845546000,1787845546000.0,,541b9fd5-e078-493e-9661-63acd0dc02b6
2119331,2272687,Closed,Resolved by hubNashville on First Call,Resolved by hubNashville on First Call,Resolved by hubNashville on First Call,,,,,,,,,,,1787845526000,1787845526000.0,,0cef9f64-c3bc-4720-86c5-20892760af6a
2119330,2272685,Closed,Public Safety,Control Number Request for Towing,Control Number Request for Towing,,,,,,"3300 Murfreesboro Pike, Antioch, TN 37013, USA",ANTIOCH,8.0,36.0577542,-86.6189857,1787845500000,1787845500000.0,37013,77cccf1a-60ba-4d1f-8492-0eb6b44b0ef9
2119329,2272684,Closed,Resolved by hubNashville on First Call,Resolved by hubNashville on First Call,Resolved by hubNashville on First Call,,,,,,,,,,,1787845462000,1787845462000.0,,920d08e4-f988-4e6c-b84f-6ccd10db5a58
2119328,2272683,Closed,Resolved by hubNashville on First Call,Resolved by hubNashville on First Call,Resolved by hubNashville on First Call,,,,,,,,,,,1787845307000,1787845307000.0,,c33c4f76-d094-4868-99bd-ba917fe2ea6a
2119327,2272682,Closed,Resolved by hubNashville on First Call,Resolved by hubNashville on First Call,Resolved by hubNashville on First Call,,,,,,"2705 Barton Ave, Nashville, TN 37212, United States",NASHVILLE,18.0,36.1336211,-86.8109501,1787845289000,1787845289000.0,37212,ab2d6050-6630-4dbc-9ba9-3a1ed4b6689d
2119326,2272681,Closed,Resolved by hubNashville on First Call,Resolved by hubNashville on First Call,Resolved by hubNashville on First Call,,,,,,,,,,,1787845281000,1787845281000.0,,72078232-abb0-419d-9cf8-73b71a0480e5
2119325,2272679,Assigned,"Trash, Recycling & Litter",Cart Service,Trash - Report a Stolen Cart,,,,,,"55 Perkins St, Nashville, TN 37210, United States",NASHVILLE,17.0,36.146966,-86.7593205,1787845207000,,37210,a4657219-45c2-4a0e-9024-dcf6f0f7718a
2119324,2272678,Closed,Public Safety,Request Non-Emergency Police Assistance,Request Non-Emergency Police Assistance,,,,,,"2760 Murfreesboro Pike, Nashville, TN 37013, United States",ANTIOCH,29.0,36.0697312,-86.630901,1787845175000,1787846901000.0,37013,52e369da-8415-4ba7-b93e-48fb6825b1c8
2119323,2272677,Closed,"Streets, Roads & Sidewalks",Dead Animal Pickup,Roadway,,,,,,"1923 Owen St, Nashville, TN 37208, United States",NASHVILLE,21.0,36.1841327,-86.8055356,1787845133000,1787857956000.0,37208,6607b839-9815-49d8-a4ab-181274bb00c3
2119322,2272676,Assigned,"Trash, Recycling & Litter",Missed Pickup - Trash Cart Service,Trash - Curbside/Alley Missed Pickup,,,,,,"808 31st Ave N, Nashville, TN 37209, United States",NASHVILLE,21.0,36.1597039,-86.82245979999999,1787845087000,,37209,0d253edf-2df6-44e7-ad60-3822368007d8
2119321,2272675,New,"Streets, Roads & Sidewalks",Paving Request,Request Road to be Paved,,,,,,"5440 Overton Rd, Nashville, TN 37220, United States",NASHVILLE,26.0,36.05088867478897,-86.76357972734962,1787845073000,,37220,092e7676-270e-425f-b644-f3c6bfedad61
2119320,2272674,Closed,Public Safety,Improperly Parked Vehicles,Improperly Parked Vehicles,,,,,,"1119 Halcyon Ave, Nashville, TN 37204, United States",NASHVILLE,18.0,36.122540806467,-86.7899717358181,1787845067000,1787929243000.0,37204,0ad19a5b-8a6a-428b-8e60-67defdff5803
2119319,2272673,Assigned,Property Violations,Dilapidated Structures,Dilapidated Structures,,,,,,"3207 Indiana Ave, Nashville, TN 37209, United States",NASHVILLE,21.0,36.15746439999999,-86.8242521,1787845041000,,37209,ee8ac7fd-c3bc-42e9-8974-a4c45f9cf68d
2119318,2272670,Closed,Resolved by hubNashville on First Call,Resolved by hubNashville on First Call,Resolved by hubNashville on First Call,,,,,,,,,,,1787844996000,1787844996000.0,,9d472915-9352-436a-9470-ebc789d1c422
2119317,2272669,Assigned,"Streets, Roads & Sidewalks",Overgrowth on right of way,Roadway,,,,,,"4601 Utah Ave, Nashville, TN 37209, USA",NASHVILLE,24.0,36.1441447,-86.842086,1787844942000,,37209,0bb27d6f-8e8b-4e76-acce-1e1f253d255b
2119316,2272668,Closed,"Streets, Roads & Sidewalks",Paving Request,Request Road to be Paved,,,,,,"5105 Edmondson Pike, Nashville, TN 37211, United States",NASHVILLE,26.0,36.051097441942254,-86.7432553280847,1787844939000,1787950763000.0,37220,75c67fbb-a58d-4c77-b147-e9b7370886a0
2119315,2272667,Closed,Property Violations,Junk and Debris,Junk and Debris,,,,,,"801 Bellevue Rd, Nashville, TN 37221, United States",NASHVILLE,22.0,36.0699821,-86.9416183,1787844915000,1787931980000.0,37221,b8e2d59a-b4df-4b47-a393-4aa692d5a64c
2119314,2272666,New,"Streets, Roads & Sidewalks",Paving Request,Request Road to be Paved,,,,,,"4812 Trousdale Dr, Nashville, TN 37220, United States",NASHVILLE,26.0,36.07568206225363,-86.75867629003645,1787844878000,,37220,74a63833-0e00-45c3-b77f-ffb0ce1505ce
2119313,2272665,Closed,Resolved by hubNashville on First Call,Resolved by hubNashville on First Call,Resolved by hubNashville on First Call,,,,,,,,,,,1787844852000,1787844852000.0,,1b1280f3-7fae-4146-b609-da579f72c97c
2119312,2272663,Closed,"Trash, Recycling & Litter",Litter,Street or Roadway,,,,,,"7305 Sonya Dr, Nashville, TN 37209, United States",NASHVILLE,23.0,36.112200515478314,-86.92051575516248,1787844784000,1787854477000.0,37209,7d707186-b97e-4f5d-be58-5eb3b3e2796f
2119311,2272661,Closed,Resolved by hubNashville on First Call,Resolved by hubNashville on First Call,Resolved by hubNashville on First Call,,,,,,,,,,,1787844733000,1787844733000.0,,4f85e078-07a6-4cca-b35a-7c78c03dc26b
2119310,2272660,New,"Streets, Roads & Sidewalks",Overgrowth on right of way,Sidewalk,,,,,,"5023 John Hagar Road, Nashville, TN 37076, United States",HERMITAGE,12.0,36.15517,-86.584862,1787844714000,,37076,a435e386-40b7-4904-90fb-787461e79d41
2119309,2272659,Closed,"Streets, Roads & Sidewalks",Roadwork Complaint,Roadwork Complaint,,,,,,"Belmont Blvd & Graybar Ln, Nashville, TN 37215, USA",NASHVILLE,25.0,36.11029970000001,-86.8003609,1787844709000,1787943806000.0,37215,39377aa2-e667-4cf6-a33a-fc9ae861b846
2119308,2272658,Closed,Public Safety,Control Number Request for Towing,Control Number Request for Towing,,,,,,"5636 Old Hickory Blvd, Hermitage, TN 37076, USA",HERMITAGE,12.0,36.1773393,-86.6029792,1787844704000,1787844704000.0,37076,8e0230e5-9d21-4bee-ad34-fc77fd3f0f69
2119307,2272657,Assigned,"Streets, Roads & Sidewalks",Roadwork Complaint,Roadwork Complaint,,,,,,"4604 Utah Ave, Nashville, TN 37209, USA",NASHVILLE,24.0,36.1446069,-86.8424218,1787844619000,,37209,b5e107cd-abb1-448d-8164-112f797ed243
2119306,2272655,New,Electric & Water General,Debris Removal,Debris Removal,,,,,,"1013 Due W Ave N, Nashville, TN 37115, United States",MADISON,5.0,36.2546837,-86.7516478,1787844493000,,37115,82328dbe-ce22-4e63-85e7-d2636ec730ba
2119305,2272654,Closed,Resolved by hubNashville on First Call,Resolved by hubNashville on First Call,Resolved by hubNashville on First Call,,,,,,,,,,,1787844478000,1787844478000.0,,57e5fcfb-d717-4ab0-b212-683168234e6e
2119304,2272652,New,"Streets, Roads & Sidewalks",Overgrowth on right of way,Roadway,,,,,,"782 Old Lebanon Dirt Rd, Nashville, TN 37076, United States",HERMITAGE,12.0,36.1881021,-86.5862372,1787844426000,,37076,309615a1-fd42-4195-8498-8edfd20261b4
2119303,2272651,Closed,Resolved by hubNashville on First Call,Resolved by hubNashville on First Call,Resolved by hubNashville on First Call,,,,,,,,,,,1787844332000,1787844332000.0,,149548b2-6f4c-46c7-bd6d-85fcfee1c715
2119302,2272650,Assigned,Property Violations,Tall Grass and Weeds,Tall Grass and Weeds,,,,,,"4501 Charlotte Pike, Nashville, TN 37209, United States",NASHVILLE,24.0,36.1518842,-86.84102639999999,1787844306000,,37209,69467f80-103a-49b9-9e90-d6874cf62b21
2119301,2272649,Closed,"Streets, Roads & Sidewalks",Dead Animal Pickup,Roadway,,,,,,"719 W Old Hickory Blvd, Nashville, TN 37115, United States",MADISON,3.0,36.2641187728279,-86.73470540718868,1787844277000,1787854477000.0,37115,ca4847e2-1592-4b72-9535-3846156696c7
2119300,2272648,Closed,Resolved by hubNashville on First Call,Resolved by hubNashville on First Call,Resolved by hubNashville on First Call,,,,,,,,,,,1787844254000,1787844254000.0,,03f19c3e-919f-4de4-8d71-7dc9ad055d79
2119299,2272647,Closed,Property Violations,Tall Grass and Weeds,Tall Grass and Weeds,,,,,,"Due West Valley Dr, Nashville, TN 37115, United States",MADISON,3.0,36.2551449,-86.7503981,1787844233000,1787845728000.0,37115,e002770d-b843-4a31-8f11-eb394ed54ef3
2119298,2272646,Assigned,"Trash, Recycling & Litter",Cart Service,Recycling - Request an Additional Cart,,,,,,"320 Culpepper Ct, Brentwood, TN 37027, United States",BRENTWOOD,4.0,36.0378868,-86.7612729,1787844222000,,37027,1f60a075-07fa-4ecd-b5fa-788faf3496d4
2119297,2272645,Closed,Resolved by hubNashville on First Call,Resolved by hubNashville on First Call,Resolved by hubNashville on First Call,,,,,,,,,,,1787844205000,1787844205000.0,,1a965db9-77c7-4183-954a-8440333a6684
2119296,2272643,Closed,Public Safety,Request Non-Emergency Police Assistance,Request Non-Emergency Police Assistance,,,,,,"205 Stone Brook Dr, Brentwood, TN 37027, United States",BRENTWOOD,26.0,36.03981591403099,-86.78117969318117,1787844024000,1787844410000.0,37027,d0616b79-d81e-43d0-bbb6-a63f62438b54
2119295,2272642,Closed,"Trash, Recycling & Litter",Unwanted Recycling or Trash,Unwanted Trash,,,,,,"5417 San Marcos Dr, Nashville, TN 37220, United States",NASHVILLE,26.0,36.0508265,-86.7512606,1787843998000,1787936659000.0,37220,a21901f5-6a2d-45aa-873c-9330c947bd2a
2119294,2272641,Closed,Resolved by hubNashville on First Call,Resolved by hubNashville on First Call,Resolved by hubNashville on First Call,,,,,,,,,,,1787843991000,1787843991000.0,,17f13763-5be1-4af3-b79e-21a3ba63bedd
2119293,2272640,Closed,Property Violations,Junk and Debris,Junk and Debris,,,,,,"4806 Arden Dr, Nashville, TN 37211, United States",NASHVILLE,26.0,36.0759708317671,-86.7427649932541,1787843939000,1787931980000.0,37211,5361e002-7872-4404-8a7b-3a0e2ba38fdf
2119292,2272639,New,"Streets, Roads & Sidewalks",Dead Animal Pickup,Roadway,,,,,,"422 Benita Dr, Nashville, TN 37211, United States",NASHVILLE,30.0,36.09077484320621,-86.71702699325408,1787843930000,,37211,be765145-69f1-447b-9987-ca09eb71078e
2119291,2272638,New,"Streets, Roads & Sidewalks",Dead Animal Pickup,Roadway,,,,,,"422 Benita Dr, Nashville, TN 37211, United States",NASHVILLE,30.0,36.09077484320621,-86.71702699325408,1787843926000,,37211,d4301f8f-a2ab-4917-b976-7d032069e57e
2119290,2272637,Closed,Public Safety,Request Non-Emergency Police Assistance,Request Non-Emergency Police Assistance,,,,,,"4900 Franklin Rd, Brentwood, TN 37027, United States",NASHVILLE,25.0,36.03714115463937,-86.78638148682573,1787843907000,1787859493000.0,37220,bf3d328a-f657-431a-b191-f041820f4f02
2119289,2272636,Closed,Public Safety,Request Non-Emergency Police Assistance,Request Non-Emergency Police Assistance,,,,,,"149 Rains Ave, Nashville, TN 37203, United States",NASHVILLE,17.0,36.13638030000001,-86.7650745,1787843899000,1787851970000.0,37203,06b9fff4-d4fc-40ff-9926-4ea93269624b
2119288,2272635,Closed,Resolved by hubNashville on First Call,Resolved by hubNashville on First Call,Resolved by hubNashville on First Call,,,,,,,,,,,1787843878000,1787843878000.0,,c5c47090-eaec-4025-b5a0-77d789fdcdfe
2119287,2272634,Closed,Resolved by hubNashville on First Call,Resolved by hubNashville on First Call,Resolved by hubNashville on First Call,,,,,,,,,,,1787843824000,1787843824000.0,,dd5ff090-dfaa-4f2a-b69d-68d04870fa2e
2119286,2272633,Closed,Public Safety,Request Non-Emergency Police Assistance,Request Non-Emergency Police Assistance,,,,,,"4903 Edmondson Pike, Nashville, TN 37211, United States",NASHVILLE,26.0,36.07698173340931,-86.72593464518943,1787843809000,1787846475000.0,37211,d0c5a4b6-5f32-4fb3-b7f0-0dacf1377ca4
2119285,2272632,Assigned,Property Violations,Junk and Debris,Junk and Debris,,,,,,"651 Joseph Ave, Nashville, TN 37207, United States",NASHVILLE,5.0,36.1821513,-86.7725452,1787843806000,,37207,2684290c-07ae-45cf-8b8c-2bd4386b8060
2119284,2272631,Closed,Public Safety,Noise Violations,Noise Violations,,,,,,"5324 Anchorage Dr, Nashville, TN 37220, United States",NASHVILLE,26.0,36.0562572,-86.76661759999999,1787843777000,1787845758000.0,37220,f21bb1bb-6885-4537-b263-1143877ff22c
2119283,2272630,Closed,Public Safety,Control Number Request for Towing,Control Number Request for Towing,,,,,,"100 Trails Cir, Nashville, TN 37214, USA",NASHVILLE,12.0,36.1473737,-86.6258489,1787843774000,1787843774000.0,37214,17d2c52c-b914-4bd6-81b1-15bc227359cc
2119282,2272629,Closed,Resolved by hubNashville on First Call,Resolved by hubNashville on First Call,Resolved by hubNashville on First Call,,,,,,,,,,,1787843740000,1787843740000.0,,4dcf9b42-39af-43b6-a2b9-d7020ab8364d
2119281,2272628,Assigned,"Trash, Recycling & Litter",Unwanted Recycling or Trash,Unwanted Trash,,,,,,"5704 Green Apple Ln, Brentwood, TN 37027, United States",BRENTWOOD,4.0,36.0294077,-86.759821,1787843720000,,37027,572484a5-507c-4585-a89a-29ad36dc503b
2119280,2272626,Closed,Resolved by hubNashville on First Call,Resolved by hubNashville on First Call,Resolved by hubNashville on First Call,,,,,,,,,,,1787843637000,1787843637000.0,,1cc12cd0-7979-40db-8a3d-bf656524d416
2119279,2272625,Closed,"Trash, Recycling & Litter",Missed Pickup - Trash Cart Service,Trash - Backdoor,,,,,,"618 Westboro Dr, Nashville, TN 37209, United States",NASHVILLE,20.0,36.1535326,-86.8774071,1787843635000,1787864866000.0,37209,19643b28-7a5b-4af2-bbf7-ee6a01eacb03
2119278,2272624,Closed,Resolved by hubNashville on First Call,Resolved by hubNashville on First Call,Resolved by hubNashville on First Call,,,,,,,,,,,1787843630000,1787843630000.0,,816230d8-4850-47b1-bf22-adfda8a2f1e4
2119277,2272622,New,"Streets, Roads & Sidewalks",Request New Sign,Request New Sign,,,,,,"1706 Villa Pl, Nashville, TN 37212, United States",NASHVILLE,17.0,36.1373725,-86.79277909999999,1787843585000,,37212,2553af19-98b7-4d58-9414-7435a9a5cc73
2119276,2272619,New,"Streets, Roads & Sidewalks",Paving Request,Request Road to be Paved,,,,,,"131 Space Park S Dr, Nashville, TN 37211, United States",NASHVILLE,28.0,36.09808919148852,-86.70969459645723,1787843539000,,37211,1bbaa6c9-18aa-4dcf-b71b-987deb1f79f3
2119275,2272618,New,"Streets, Roads & Sidewalks",Paving Request,Request Road to be Paved,,,,,,"2218 White Ave, Nashville, TN 37204, United States",NASHVILLE,17.0,36.127183154970716,-86.77271306194086,1787843492000,,37204,7ff23b7f-ee49-474c-9646-45ee31ba37d0
2119274,2272617,Closed,Resolved by hubNashville on First Call,Resolved by hubNashville on First Call,Resolved by hubNashville on First Call,,,,,,,,,,,1787843449000,1787843449000.0,,cb29d7e8-2f0b-45aa-8f68-3928b25c7dff
2119273,2272616,Closed,Other Metro Services and Forms,Clerk - Do Not Knock Registry,Clerk - Do Not Knock Registry,,,,,,"505 Vantrease Rd, Nashville, TN 37115, United States",MADISON,3.0,36.2582404,-86.7323936,1787843433000,1787843433000.0,37115,370c70cc-55e1-49ec-bba1-37c2ff4d676a
2119272,2272615,New,"Streets, Roads & Sidewalks",Paving Request,Request Road to be Paved,,,,,,"4900 Franklin Rd, Brentwood, TN 37027, United States",NASHVILLE,25.0,36.03738871638282,-86.78611737969912,1787843431000,,37220,62258b04-cbe2-463b-91cf-dca7af48356c
2119271,2272614,Closed,Resolved by hubNashville on First Call,Resolved by hubNashville on First Call,Resolved by hubNashville on First Call,,,,,,"2924 Hydes Ferry Rd, Nashville, TN 37218, United States",NASHVILLE,1.0,36.184905,-86.834153,1787843403000,1787843403000.0,37218,4ca37db6-2717-4a80-915f-1d4fff1bf7c8
2119270,2272613,Closed,Resolved by hubNashville on First Call,Resolved by hubNashville on First Call,Resolved by hubNashville on First Call,,,,,,,,,,,1787843359000,1787843359000.0,,2dbd0b4c-b6fe-4f43-90f3-6654a5c36778
2119269,2272611,Closed,Resolved by hubNashville on First Call,Resolved by hubNashville on First Call,Resolved by hubNashville on First Call,,,,,,,,,,,1787843321000,1787843321000.0,,d3206d25-1088-4b24-aee3-491bbbed2078
2119268,2272610,Closed,Public Safety,Request Non-Emergency Police Assistance,Request Non-Emergency Police Assistance,,,,,,"8519 McCrory Ln, Nashville, TN 37221, United States",NASHVILLE,35.0,36.0574861,-86.9902741,1787843311000,1787844752000.0,37221,73c01e72-fa6a-40c1-9212-16b9c89c6860
2119267,2272609,Closed,Resolved by hubNashville on First Call,Resolved by hubNashville on First Call,Resolved by hubNashville on First Call,,,,,,,,,,,1787843294000,1787843294000.0,,f0bc8475-7e6f-4431-a1f5-6f611c6e3c12
2119266,2272608,New,"Trash, Recycling & Litter",Litter,Street or Roadway,,,,,,"Elliston Pl, Nashville, TN 37203, United States",NASHVILLE,21.0,36.14955337965264,-86.80608436390925,1787843191000,,37203,3c5558d9-4106-4a1b-98fc-92d9447bd405
2119265,2272607,Closed,Resolved by hubNashville on First Call,Resolved by hubNashville on First Call,Resolved by hubNashville on First Call,,,,,,,,,,,1787843185000,1787843185000.0,,cc35f457-b0a3-429c-9b87-622c738bab35
2119264,2272606,Closed,Resolved by hubNashville on First Call,Resolved by hubNashville on First Call,Resolved by hubNashville on First Call,,,,,,,,,,,1787843169000,1787843169000.0,,c76fb6ee-c80b-4f56-820a-e4664f75af32
2119263,2272605,Closed,Public Safety,Control Number Request for Towing,Control Number Request for Towing,,,,,,"1810 Grand Ave, Nashville, TN 37212, United States",NASHVILLE,17.0,36.1472311,-86.7958553,1787843158000,1787843158000.0,37212,c61a1dbc-2b90-46ff-90e6-a94da73e1400
2119262,2272604,Closed,"Streets, Roads & Sidewalks",Overgrowth on right of way,Roadway,,,,,,"5817 Hearthstone Ln, Brentwood, TN 37027, United States",BRENTWOOD,26.0,36.04011885985889,-86.76281357095947,1787843152000,1787943818000.0,37027,7f75d99c-11a1-48a4-b84b-262fb1d5efdd
2119261,2272603,Closed,Resolved by hubNashville on First Call,Resolved by hubNashville on First Call,Resolved by hubNashville on First Call,,,,,,"270 Tampa Dr, Nashville, TN 37211, United States",NASHVILLE,30.0,36.0833679,-86.7098125,1787843111000,1787843111000.0,37211,cdd04100-127e-413b-aca7-3740761df5cb
2119260,2272602,Closed,Resolved by hubNashville on First Call,Resolved by hubNashville on First Call,Resolved by hubNashville on First Call,,,,,,,,,,,1787843101000,1787843101000.0,,d62fceb8-d645-47ab-b76f-b5f64e397802
2119259,2272601,Closed,Resolved by hubNashville on First Call,Resolved by hubNashville on First Call,Resolved by hubNashville on First Call,,,,,,,,,,,1787843094000,1787843094000.0,,aa1676c6-1bdd-440a-b0b3-13f33dd8fcb9
2119258,2272600,Closed,"Trash, Recycling & Litter",Missed Pickup - Recycle Cart Service,Recycle - Curbside/Alley Missed Pickup,,,,,,"1303 56th Ave N, Nashville, TN 37209, United States",NASHVILLE,20.0,36.1618691,-86.8556193,1787842939000,1787950741000.0,37209,671bc35e-0c15-433d-9a4e-2637169fbc79
2119257,2272598,Closed,Resolved by hubNashville on First Call,Resolved by hubNashville on First Call,Resolved by hubNashville on First Call,,,,,,"1330 Burton Valley Rd, Nashville, TN 37215, United States",NASHVILLE,34.0,36.08679,-86.8130073,1787842890000,1787842890000.0,37215,da484d5d-a716-4196-bae6-e8fb93305adc
2119256,2272594,Assigned,"Trash, Recycling & Litter",Unwanted Recycling or Trash,Unwanted Trash,,,,,,"2907 12th Ave S, Nashville, TN 37204, United States",NASHVILLE,18.0,36.1211111,-86.7908899,1787842775000,,37204,bcf3bf87-9ed1-4f31-b84c-2b77bed58593
2119255,2272592,Closed,Resolved by hubNashville on First Call,Resolved by hubNashville on First Call,Resolved by hubNashville on First Call,,,,,,,,,,,1787842762000,1787842762000.0,,bc87eadc-bcc9-4565-a617-a34c5b3f00e6
2119254,2272590,Closed,Resolved by hubNashville on First Call,Resolved by hubNashville on First Call,Resolved by hubNashville on First Call,,,,,,"310 Vale Mnr, Brentwood, TN 37027, United States",BRENTWOOD,26.0,36.039495,-86.77188,1787842725000,1787842725000.0,37027,8016b877-9c37-407a-a9a3-35422ecab17d
2119253,2272588,New,Public Safety,Stray Animals,Stray Animals,,,,,,"2020 14th Ave N, Nashville, TN 37208, United States",NASHVILLE,2.0,36.1850636,-86.80897130000001,1787842601000,,37208,0f2f82d5-fa7f-43a2-9753-ee8540ecc64b
2119252,2272587,Closed,Resolved by hubNashville on First Call,Resolved by hubNashville on First Call,Resolved by hubNashville on First Call,,,,,,,,,,,1787842593000,1787842593000.0,,4f4e5ada-97bb-4f6e-9df8-c3029034a302
2119251,2272586,Closed,Resolved by hubNashville on First Call,Resolved by hubNashville on First Call,Resolved by hubNashville on First Call,,,,,,,,,,,1787842590000,1787842590000.0,,8fb8c681-2f61-4203-a8b9-682f159f8175
2119250,2272585,Closed,"Trash, Recycling & Litter",Missed Pickup - Recycle Cart Service,Recycle - Curbside/Alley Missed Pickup,,,,,,"6211B Louisiana Ave, Nashville, TN 37209, United States",NASHVILLE,20.0,36.16554806160795,-86.86461110674593,1787842581000,1787950763000.0,37209,1443233c-c7d4-4edc-a23a-68cbd3af2f7d
2119249,2272584,Closed,Public Safety,Control Number Request for Towing,Control Number Request for Towing,,,,,,"698 Candlestick Dr, Nashville, TN 37211, USA",NASHVILLE,27.0,36.064908,-86.738343,1787842531000,1787842531000.0,37211,2148cd9b-b8bf-4fe6-933b-d9585c77b6bc
2119248,2272583,Assigned,"Trash, Recycling & Litter",Missing Trash Cart,,,,,,,"310 Vale Mnr, Brentwood, TN 37027, United States",BRENTWOOD,26.0,36.039495,-86.77188,1787842496000,,37027,602e993d-cc26-44cc-bff9-969d9dfd36c8
2119247,2272582,Closed,Resolved by hubNashville on First Call,Resolved by hubNashville on First Call,Resolved by hubNashville on First Call,,,,,,,,,,,1787842401000,1787842401000.0,,97611a5d-1128-4052-af90-95155bef7c49
2119246,2272581,Closed,Resolved by hubNashville on First Call,Resolved by hubNashville on First Call,Resolved by hubNashville on First Call,,,,,,,,,,,1787842359000,1787842359000.0,,0426d445-5f79-47f8-9d62-6bfbbcfa7a02
2119245,2272580,Closed,Resolved by hubNashville on First Call,Resolved by hubNashville on First Call,Resolved by hubNashville on First Call,,,,,,,,,,,1787842329000,1787842329000.0,,495cf760-fe1b-462d-8be9-f665b235cb14
2119244,2272579,Assigned,"Trash, Recycling & Litter",Cart Service,Trash - Report a Damaged Cart,,,,,,"750 Huntington Pkwy, Nashville, TN 37211, United States",NASHVILLE,27.0,36.0514196,-86.74075640000001,1787842320000,,37211,aa8f5283-18a7-4a32-bd1b-0ff140e48796
2119243,2272578,Closed,Public Safety,Control Number Request for Towing,Control Number Request for Towing,,,,,,"Nolensville Pk & Holt Rd, Nashville, TN 37013, USA",ANTIOCH,4.0,36.0122944,-86.7037136,1787842304000,1787842304000.0,37013,7576a5f4-5e75-4d6d-85ab-8b9bce9aa8fc
2119242,2272577,Closed,Resolved by hubNashville on First Call,Resolved by hubNashville on First Call,Resolved by hubNashville on First Call,,,,,,,,,,,1787842264000,1787842264000.0,,196f36d1-6b86-4cca-a040-74e4d5a2a17e
2119241,2272576,Assigned,"Trash, Recycling & Litter",Cart Service,Trash - Report a Damaged Cart,,,,,,"100 Antioch Woods Way, Nashville, TN 37013, United States",ANTIOCH,28.0,36.0598455,-86.6667586,1787842151000,,37013,058b8857-dd66-4185-b86a-dec138151be7
2119240,2272575,Closed,Resolved by hubNashville on First Call,Resolved by hubNashville on First Call,Resolved by hubNashville on First Call,,,,,,,,,,,1787842085000,1787842085000.0,,f18e699d-057e-48f8-8a96-56f4b534022f
2119239,2272574,Closed,Public Safety,Control Number Request for Towing,Control Number Request for Towing,,,,,,"Nolensville Pk & Holt Rd, Nashville, TN 37013, USA",ANTIOCH,4.0,36.0122944,-86.7037136,1787842083000,1787842083000.0,37013,90901f7e-7ffe-4779-9dd4-6cd198cec885
2119238,2272573,Closed,"Trash, Recycling & Litter",Missed Pickup - Trash Cart Service,Trash - Curbside/Alley Missed Pickup,,,,,,"1108 Walsh St, Nashville, TN 37208, United States",NASHVILLE,2.0,36.1895572,-86.8091678,1787842069000,1787943793000.0,37208,0590253e-5532-4c18-904b-4f8dac4c589d
2119237,2272572,Closed,Resolved by hubNashville on First Call,Resolved by hubNashville on First Call,Resolved by hubNashville on First Call,,,,,,,,,,,1787842034000,1787842034000.0,,5297fc92-38cf-4e46-ac2d-1fd1c3e98d01
2119236,2272571,Closed,"Trash, Recycling & Litter",Missed Pickup - Trash Cart Service,Trash - Curbside/Alley Missed Pickup,,,,,,"217 38th Ave N, Nashville, TN 37209, United States",NASHVILLE,24.0,36.143911,-86.8303076,1787842015000,1787922160000.0,37209,4e356689-c7d4-4195-a6dd-3cc02ded7eff
2119235,2272570,Closed,Public Safety,Control Number Request for Towing,Control Number Request for Towing,,,,,,"1824 Murfreesboro Pike, Nashville, TN 37217, USA",NASHVILLE,28.0,36.0995168,-86.6597706,1787841948000,1787841948000.0,37217,cd43f037-ea09-407d-9f05-e72e1869cbfc
2119234,2272566,Closed,Resolved by hubNashville on First Call,Resolved by hubNashville on First Call,Resolved by hubNashville on First Call,,,,,,,,,,,1787841772000,1787841772000.0,,d110b4a1-09b1-4715-b9f1-4aa50ea13977
2119233,2272564,Closed,"Streets, Roads & Sidewalks",Damaged Sign,Street or Roadway,,,,,,"3 Lindsley Ave, Nashville, TN 37210, USA",NASHVILLE,19.0,36.15257189497429,-86.76899341866374,1787841662000,1787857919000.0,37210,95f92355-b6d0-44d5-90bc-81da6a3d79b3
2119232,2272561,Closed,Resolved by hubNashville on First Call,Resolved by hubNashville on First Call,Resolved by hubNashville on First Call,,,,,,,,,,,1787841559000,1787841559000.0,,ebd8da90-98d1-4711-9ca8-81950e6c9203
2119231,2272560,Closed,Public Safety,Control Number Request for Towing,Control Number Request for Towing,,,,,,"1824 Murfreesboro Pike, Nashville, TN 37217, USA",NASHVILLE,28.0,36.0995168,-86.6597706,1787841543000,1787841543000.0,37217,29a8fc05-d9a1-4e0f-89eb-64cac397e27e
2119230,2272559,Closed,Public Safety,Request Non-Emergency Police Assistance,Request Non-Emergency Police Assistance,,,,,,"Nashville, Nashville, TN , United States",NASHVILLE,19.0,36.1626638,-86.7816016,1787841505000,1787842983000.0,37219,9629c742-b630-4e2d-9ba7-b893887ab593
2119229,2272557,Closed,Public Safety,Request Non-Emergency Police Assistance,Request Non-Emergency Police Assistance,,,,,,"55 Lucile St, Nashville, TN 37207, United States",NASHVILLE,2.0,36.1968823,-86.7719444,1787841474000,1787845330000.0,37207,e62e5916-bd48-4bd6-bab6-e5f22ecaa834
2119228,2272556,Closed,Public Safety,Control Number Request for Towing,Control Number Request for Towing,,,,,,"100 Trails Cir, Nashville, TN 37214, USA",NASHVILLE,12.0,36.1473737,-86.6258489,1787841461000,1787841461000.0,37214,b320ef06-8d12-4c85-ae15-67a9eca0aefd
2119227,2272555,Closed,Resolved by hubNashville on First Call,Resolved by hubNashville on First Call,Resolved by hubNashville on First Call,,,,,,,,,,,1787841458000,1787841458000.0,,61bdd2b2-5e26-48ad-b603-ec89819c421a
2119226,2272554,Closed,Public Safety,Control Number Request for Towing,Control Number Request for Towing,,,,,,"221 Trails Cir, Nashville, TN 37214, USA",NASHVILLE,12.0,36.1483449,-86.6228521,1787841436000,1787841436000.0,37214,0d95a01d-090a-4c64-b66e-15f206cf5795
2119225,2272553,Closed,Resolved by hubNashville on First Call,Resolved by hubNashville on First Call,Resolved by hubNashville on First Call,,,,,,,,,,,1787841404000,1787841404000.0,,4192d0ef-03d8-4041-b736-f34deefde929
2119224,2272552,Closed,Resolved by hubNashville on First Call,Resolved by hubNashville on First Call,Resolved by hubNashville on First Call,,,,,,,,,,,1787841401000,1787841401000.0,,f68e1db5-bea0-41d2-bfe3-e0a93e601b38
2119223,2272550,New,"Streets, Roads & Sidewalks",Overgrowth on right of way,Roadway,,,,,,"Pennington Bend Rd & Lock 2 Rd, Nashville, TN 37214, USA",NASHVILLE,15.0,36.2334918,-86.6993589,1787841380000,,37214,e1506361-109b-49d6-8519-9c8e7027c1e9
2119222,2272549,Closed,"Trash, Recycling & Litter",Missed Pickup - Recycle Cart Service,Recycle - Curbside/Alley Missed Pickup,,,,,,"2506 Jefferson St, Nashville, TN 37208, United States",NASHVILLE,21.0,36.1685406,-86.8155445,1787841339000,1787950753000.0,37208,b1d83979-d983-47a5-b968-7ea87e8bcdb1
2119221,2272548,Closed,Resolved by hubNashville on First Call,Resolved by hubNashville on First Call,Resolved by hubNashville on First Call,,,,,,,,,,,1787841317000,1787841317000.0,,9e7f85f1-2cd3-4452-b915-201b80481e63
2119220,2272547,Closed,"Streets, Roads & Sidewalks",Paving Request,Request Road to be Paved,,,,,,"1907 Neelys Bend Rd, Nashville, TN 37115, United States",MADISON,9.0,36.2116221,-86.66651569999999,1787841196000,1787950719000.0,37115,4a4cd896-2a90-4679-9ad0-cfffa0785d84
2119219,2272546,Closed,Public Safety,Request Non-Emergency Police Assistance,Request Non-Emergency Police Assistance,,,,,,"621 N Dupont Ave, Nashville, TN 37115, United States",MADISON,9.0,36.2680023,-86.69595249999999,1787841191000,1787842681000.0,37115,55a5ace5-e048-4b89-84f7-5856caa330bb
2119218,2272544,Closed,Property Violations,Tall Grass and Weeds,Tall Grass and Weeds,,,,,,"701 S 14th St, Nashville, TN 37206, United States",NASHVILLE,6.0,36.16757709128955,-86.74709324960968,1787841136000,1787931976000.0,37206,1cd19b22-77bd-4ee7-ab1e-f159beace03e
2119217,2272542,Closed,Resolved by hubNashville on First Call,Resolved by hubNashville on First Call,Resolved by hubNashville on First Call,,,,,,,,,,,1787841026000,1787841026000.0,,8e1c7269-f09a-4988-94a7-bb8c011808dc
2119216,2272541,Closed,Resolved by hubNashville on First Call,Resolved by hubNashville on First Call,Resolved by hubNashville on First Call,,,,,,,,,,,1787840985000,1787840985000.0,,2cc7317c-e32f-4ca6-afe8-50cb0c8ae9fd
2119215,2272540,New,Electric & Water General,Electric Billing Concern,Electric Billing Concern,,,,,,"Nashville, TN 37209, USA",NASHVILLE,35.0,36.1484862,-86.9523954,1787840926000,,37209,9896d809-fc99-48e2-a7a3-6422694295da
2119214,2272539,New,"Trash, Recycling & Litter",Litter,Street or Roadway,,,,,,"5003 Gallatin Pike, Nashville, TN 37216, United States",NASHVILLE,7.0,36.23343743173784,-86.72462495560004,1787840918000,,37216,aaeaff37-e417-4c32-83f8-e05ccacd5d6e
2119213,2272536,Closed,Public Safety,Control Number Request for Towing,Control Number Request for Towing,,,,,,"100 Trails Cir, Nashville, TN 37214, USA",NASHVILLE,12.0,36.1473737,-86.6258489,1787840716000,1787840716000.0,37214,a4345ff6-5583-459e-85f4-0b0fbb6777ff
2119212,2272534,Closed,Resolved by hubNashville on First Call,Resolved by hubNashville on First Call,Resolved by hubNashville on First Call,,,,,,,,,,,1787840690000,1787840690000.0,,bd4c3da5-5a56-45de-a439-cd398130cfdf
2119211,2272533,Closed,"Trash, Recycling & Litter",Litter,Street or Roadway,,,,,,"120 Gallatin Pike N, Nashville, TN 37115, United States",MADISON,9.0,36.26205003728755,-86.71215950898466,1787840634000,1787854477000.0,37115,af9c1fc7-fed8-4bb6-b515-ab23d7a6d719
2119210,2272532,Assigned,Property Violations,Junk and Debris,Junk and Debris,,,,,,"4074 Lavergne Couchville Pike, Antioch, TN 37013, USA",ANTIOCH,8.0,36.05035088520804,-86.57802013680339,1787840572000,,37013,13db3811-44cb-47a5-af51-8e45daaf3a0e
2119209,2272531,Closed,"Trash, Recycling & Litter",Litter,Street or Roadway,,,,,,"Stonecrest Dr & Sonya Dr, Nashville, TN 37209, USA",NASHVILLE,23.0,36.1126758,-86.9200267,1787840555000,1787854477000.0,37209,663ac934-8965-407c-99b5-2df671ebde5d
2119208,2272530,Closed,Resolved by hubNashville on First Call,Resolved by hubNashville on First Call,Resolved by hubNashville on First Call,,,,,,,,,,,1787840491000,1787840491000.0,,0e685876-f435-4e5a-a8ae-526d99164528
2119207,2272528,Closed,Resolved by hubNashville on First Call,Resolved by hubNashville on First Call,Resolved by hubNashville on First Call,,,,,,,,,,,1787840385000,1787840385000.0,,adc3a8c5-ebb5-4b89-b840-89b76e4d51c8
2119206,2272526,Closed,Resolved by hubNashville on First Call,Resolved by hubNashville on First Call,Resolved by hubNashville on First Call,,,,,,"224 Wauford Dr, Nashville, TN 37211, United States",NASHVILLE,26.0,36.0756036,-86.7407127,1787840341000,1787840341000.0,37211,34d32fb3-e12c-4a44-8156-0c49bc94c382
2119205,2272525,Closed,Public Safety,Control Number Request for Towing,Control Number Request for Towing,,,,,,"408 2nd Ave N, Nashville, TN 37201, United States",NASHVILLE,19.0,36.1686205,-86.7783288,1787840316000,1787840316000.0,37201,9ed9c13a-eb2c-40d6-a977-460e9a974b02
2119204,2272524,Closed,"Trash, Recycling & Litter",Missed Pickup - Trash Cart Service,Trash - Curbside/Alley Missed Pickup,,,,,,"906 32nd Ave N, Nashville, TN 37209, United States",NASHVILLE,21.0,36.16091526581269,-86.82385020476823,1787840300000,1787922160000.0,37209,e4f2efb2-72da-4a39-b83b-ca712e9d760f
2119203,2272523,Closed,Resolved by hubNashville on First Call,Resolved by hubNashville on First Call,Resolved by hubNashville on First Call,,,,,,,,,,,1787840255000,1787840255000.0,,c2f8526e-45fe-4a7e-a1c7-32552856e975
2119202,2272522,Closed,"Trash, Recycling & Litter",Litter,Street or Roadway,,,,,,"800 Apple Valley Rd, Nashville, TN 37115, United States",MADISON,3.0,36.28375774908979,-86.73008464592439,1787840097000,1787943761000.0,37115,22581055-d7fd-4de7-9e5e-560fe5ae9c1c
2119201,2272520,Closed,Resolved by hubNashville on First Call,Resolved by hubNashville on First Call,Resolved by hubNashville on First Call,,,,,,,,,,,1787840063000,1787840063000.0,,d42c31ee-4681-4dbe-878f-f4a811fba684
2119200,2272519,Closed,Resolved by hubNashville on First Call,Resolved by hubNashville on First Call,Resolved by hubNashville on First Call,,,,,,,,,,,1787840042000,1787840042000.0,,dd65bb21-0a85-487e-b907-11d8fbf1f62a
2119199,2272518,Closed,"Trash, Recycling & Litter",Cart Violation,Cart Violation,,,,,,"2835 Twin Lawn Dr, Nashville, TN 37214, United States",NASHVILLE,15.0,36.15224085296329,-86.66102225629841,1787839972000,1787943793000.0,37214,cba128e2-feb3-41d5-a9af-82240bee5a6d
2119198,2272517,Assigned,"Trash, Recycling & Litter",Cart Service,Trash - Report a Damaged Cart,,,,,,"3809 Abbott Martin Rd, Nashville, TN 37215, United States",NASHVILLE,34.0,36.1092369,-86.8399718,1787839937000,,37215,cd16381c-33de-4280-ab96-16a8ab670c51
2119197,2272516,Closed,"Streets, Roads & Sidewalks",Dead Animal Pickup,Sidewalk,,,,,,"412 Barrywood Dr, Nashville, TN 37211, United States",NASHVILLE,26.0,36.0684644,-86.7574372,1787839934000,1787857897000.0,37211,af2578a6-d878-4047-b948-9aecec6b53c6
2119196,2272515,Closed,Resolved by hubNashville on First Call,Resolved by hubNashville on First Call,Resolved by hubNashville on First Call,,,,,,"5210 Harding Pike, Nashville, TN 37205, United States",NASHVILLE,23.0,36.1024883,-86.8703822,1787839846000,1787839846000.0,37205,9a3c7fff-f36b-4ecc-b8ce-713a1a86f44f
2119195,2272514,Assigned,Property Violations,Tall Grass and Weeds,Tall Grass and Weeds,,,,,,"2835 Twin Lawn Dr, Nashville, TN 37214, United States",NASHVILLE,15.0,36.15224066031991,-86.66103796389008,1787839815000,,37214,db74f7fa-9ac4-4dbd-8752-f28622d97362
2119194,2272513,Closed,Resolved by hubNashville on First Call,Resolved by hubNashville on First Call,Resolved by hubNashville on First Call,,,,,,,,,,,1787839814000,1787839814000.0,,6e817ce3-d90b-4cf7-95d3-12ab0b4c25e9
2119193,2272512,Assigned,Property Violations,Tall Grass and Weeds,Tall Grass and Weeds,,,,,,"2853 Twin Lawn Dr, Nashville, TN 37214, United States",NASHVILLE,15.0,36.15200130427246,-86.65862418042725,1787839686000,,37214,7e4a1cee-efe9-426b-93c4-2221bd91f552
2119192,2272510,Closed,Transit,State Routes,State Routes,,,,,,"Briley Pkwy, Nashville, TN , United States",NASHVILLE,1.0,36.2343946,-86.8006308,1787839540000,1787839540000.0,37207,8e886f09-354a-4f12-ba17-90a584ba6a93
2119191,2272509,Closed,"Trash, Recycling & Litter",File a Trash or Recycling Complaint,Recycle Collection Complaint,,,,,,"Manley Dr, Oak Hill, TN 37220, United States",NASHVILLE,26.0,36.0624445,-86.7523702,1787839530000,1787840969000.0,37220,86e3fc53-eea1-43fb-a820-eaa3bef79fa2
2119190,2272508,Closed,"Trash, Recycling & Litter",Missed Pickup - Recycle Cart Service,Recycle - Backdoor,,,,,,"411 American Rd, Nashville, TN 37209, United States",NASHVILLE,20.0,36.1462236,-86.8738777,1787839520000,1787840865000.0,37209,d88aa547-03df-40f7-87a8-8cd367ba6a80
2119189,2272507,Closed,Resolved by hubNashville on First Call,Resolved by hubNashville on First Call,Resolved by hubNashville on First Call,,,,,,,,,,,1787839520000,1787839520000.0,,555c4363-7b5a-496a-9b02-e189efed35b7
2119188,2272506,Closed,"Trash, Recycling & Litter",Missed Pickup - Recycle Cart Service,Recycle - Curbside/Alley Missed Pickup,,,,,,"1816 Knowles St, Nashville, TN 37208, United States",NASHVILLE,21.0,36.1723671,-86.80909299999999,1787839506000,1787950719000.0,37208,71ed5cd4-6e50-42f0-8a72-55da5736921b
2119187,2272505,Closed,Resolved by hubNashville on First Call,Resolved by hubNashville on First Call,Resolved by hubNashville on First Call,,,,,,,,,,,1787839501000,1787839501000.0,,2f58a259-7158-467f-ab49-1a1bf3212a1a
2119186,2272504,Closed,Public Safety,Request Non-Emergency Police Assistance,Request Non-Emergency Police Assistance,,,,,,"1118 Cedar Pointe Pkwy, Nashville, TN 37013, United States",ANTIOCH,33.0,36.0477705,-86.6660311,1787839475000,1787858701000.0,37013,e57c1864-c49d-41f4-838a-1e5fc1ff60c6
2119185,2272503,Closed,Parks and Environment,Maintenance Request,Grounds Request,,,,,,"507 Tanksley Ave, Nashville, TN 37211, United States",NASHVILLE,16.0,36.1082872,-86.74546409999999,1787839461000,1787943782000.0,37211,22739c55-efeb-45cb-b7b9-57dc783d3f30
2119184,2272502,Assigned,Electric & Water General,Sinkhole,Sinkhole,,,,,,"601 Morrow Rd, Nashville, TN 37209, United States",NASHVILLE,20.0,36.154156959036,-86.85246802313766,1787839457000,,37209,e528dd6d-9167-4fbd-a54d-0124698eccc9
2119183,2272501,Closed,"Trash, Recycling & Litter",Missed Pickup - Trash Cart Service,Trash - Backdoor,,,,,,"411 American Rd, Nashville, TN 37209, United States",NASHVILLE,20.0,36.1462236,-86.8738777,1787839391000,1787840774000.0,37209,c26b86fa-1229-49e0-bdd6-6308f4c158bb
2119182,2272500,Closed,"Trash, Recycling & Litter",Litter,Alley,,,,,,"1901 8th Ave S, Nashville, TN 37203, United States",NASHVILLE,17.0,36.1350504,-86.7793987,1787839383000,1787854477000.0,37203,ddbfb7d5-ed06-4686-b906-e4362ff1b0c6
2119181,2272499,Closed,Public Safety,Noise Violations,Noise Violations,,,,,,"3310 West End Ave, Nashville, TN 37203, United States",NASHVILLE,24.0,36.14100151099616,-86.81904281265281,1787839358000,1787839944000.0,37203,e7ffcc9c-ba87-417f-bf44-369cf5838faa
2119180,2272498,Closed,Resolved by hubNashville on First Call,Resolved by hubNashville on First Call,Resolved by hubNashville on First Call,,,,,,,,,,,1787839357000,1787839357000.0,,0811ce85-71f7-4a93-a146-022fd2c85510
2119179,2272497,Closed,Resolved by hubNashville on First Call,Resolved by hubNashville on First Call,Resolved by hubNashville on First Call,,,,,,,,,,,1787839349000,1787839349000.0,,85b25919-3da3-4cbc-853a-a843b6fd59ac
2119178,2272495,Assigned,"Streets, Roads & Sidewalks",Roadwork Complaint,Roadwork Complaint,,,,,,"225 Flora Maxwell Rd, Nashville, TN 37211, United States",NASHVILLE,30.0,36.0750984,-86.718801,1787839342000,,37211,3d8b3230-c0dd-4b44-9595-24d016e7c1bb
2119177,2272492,Closed,Resolved by hubNashville on First Call,Resolved by hubNashville on First Call,Resolved by hubNashville on First Call,,,,,,,,,,,1787839309000,1787839309000.0,,2a4cd059-141a-4cd5-aba8-03d573f916a4
2119176,2272491,Closed,Resolved by hubNashville on First Call,Resolved by hubNashville on First Call,Resolved by hubNashville on First Call,,,,,,,,,,,1787839298000,1787839298000.0,,00f622e9-41b0-480c-a65b-f84d1c08057d
2119175,2272484,Closed,Resolved by hubNashville on First Call,Resolved by hubNashville on First Call,Resolved by hubNashville on First Call,,,,,,,,,,,1787839193000,1787839193000.0,,709923bf-0888-45b5-9e4e-05a2dce17540
2119174,2272483,New,"Streets, Roads & Sidewalks",Traffic Light Issue,Traffic Light Issue,,,,,,"Thompson Ln & Southlake Dr, Nashville, TN 37211, USA",NASHVILLE,16.0,36.1095612,-86.7280304,1787839188000,,37211,a58b3605-6183-4dc2-9231-610e9f22327f
2119173,2272482,Closed,Public Safety,Improperly Parked Vehicles,Improperly Parked Vehicles,,,,,,"1700 Mc Daniel St, Nashville, TN 37208, USA",NASHVILLE,2.0,36.18365679516512,-86.81234411895275,1787839017000,1787929400000.0,37208,a58b88ab-b746-4a4a-950e-3a0fbb854fd0
2119172,2272481,Closed,Resolved by hubNashville on First Call,Resolved by hubNashville on First Call,Resolved by hubNashville on First Call,,,,,,,,,,,1787838995000,1787838995000.0,,eab53dfc-da25-4c17-b6fa-09d744e79e62
2119171,2272480,Closed,Public Safety,Check the Well-Being of a Person,Check the Well-Being of a Person,,,,,,"Nashville, Nashville, TN , United States",NASHVILLE,19.0,36.1626638,-86.7816016,1787838817000,1787841995000.0,37219,72627bf6-deda-4cf0-9f00-d8eb01fa3b95
2119170,2272478,Closed,Resolved by hubNashville on First Call,Resolved by hubNashville on First Call,Resolved by hubNashville on First Call,,,,,,,,,,,1787838758000,1787838758000.0,,bf85885f-6023-4dcb-abc0-139f04c28347
2119169,2272477,Closed,Resolved by hubNashville on First Call,Resolved by hubNashville on First Call,Resolved by hubNashville on First Call,,,,,,,,,,,1787838743000,1787838743000.0,,d5693a23-6af9-47c0-9d07-b6a475dd221b
2119168,2272476,Closed,Public Safety,Control Number Request for Towing,Control Number Request for Towing,,,,,,"100 Trails Cir, Nashville, TN 37214, USA",NASHVILLE,12.0,36.1473737,-86.6258489,1787838671000,1787838671000.0,37214,af49b596-e446-47f4-a5c8-85d4aba50765
2119167,2272475,Closed,Resolved by hubNashville on First Call,Resolved by hubNashville on First Call,Resolved by hubNashville on First Call,,,,,,,,,,,1787838622000,1787838622000.0,,50bbb92a-136b-4b62-84fb-a3c6dfd7cd7a
2119166,2272474,Closed,Resolved by hubNashville on First Call,Resolved by hubNashville on First Call,Resolved by hubNashville on First Call,,,,,,,,,,,1787838580000,1787838580000.0,,cdaa2e16-765e-4a36-b92e-5d5ae01008b8
2119165,2272473,Closed,Resolved by hubNashville on First Call,Resolved by hubNashville on First Call,Resolved by hubNashville on First Call,,,,,,"908 Monroe St, Nashville, TN 37208, United States",NASHVILLE,19.0,36.1748737,-86.7953153,1787838518000,1787838518000.0,37208,78d05ece-5e5f-42fc-95c1-0bbcd9c1f0e0
2119164,2272472,Closed,Resolved by hubNashville on First Call,Resolved by hubNashville on First Call,Resolved by hubNashville on First Call,,,,,,,,,,,1787838487000,1787838487000.0,,d3cf4832-b31e-4dbd-9aa1-a9d984fee56c
2119163,2272471,Closed,Resolved by hubNashville on First Call,Resolved by hubNashville on First Call,Resolved by hubNashville on First Call,,,,,,,,,,,1787838461000,1787838461000.0,,ace5ed06-75b1-4502-bcf7-28e62e7126af
2119162,2272470,Closed,"Streets, Roads & Sidewalks",Mowing on right of way,Roadway,,,,,,"8626 Old Charlotte Pike, Pegram, TN 37143, United States",PEGRAM,35.0,36.11736709049827,-87.00336235033049,1787838356000,1787943782000.0,37143,05acc61f-c3e2-4c70-ba07-8c1b7e329b51
2119161,2272469,Closed,Resolved by hubNashville on First Call,Resolved by hubNashville on First Call,Resolved by hubNashville on First Call,,,,,,"Tanksley Ave, Nashville, TN 37211, United States",NASHVILLE,16.0,36.1082942,-86.74556609999999,1787838340000,1787838340000.0,37211,a2c4cce4-d0e1-4229-9886-0f69e0f8e55b
2119160,2272468,Closed,"Trash, Recycling & Litter",Missed Pickup - Trash Cart Service,Trash - Curbside/Alley Missed Pickup,,,,,,"725 Hill Rd, Brentwood, TN 37027, United States",BRENTWOOD,26.0,36.0494421,-86.7658225,1787838320000,1787922104000.0,37027,eb4b040b-1748-465f-a7ec-fd0dba50023a
2119159,2272467,Closed,Resolved by hubNashville on First Call,Resolved by hubNashville on First Call,Resolved by hubNashville on First Call,,,,,,,,,,,1787838283000,1787838283000.0,,3728a48d-e7cc-44cd-96b3-dd8ebd7746de
2119158,2272466,Closed,Resolved by hubNashville on First Call,Resolved by hubNashville on First Call,Resolved by hubNashville on First Call,,,,,,"1705 Sweetbriar Ave, Nashville, TN 37212, United States",NASHVILLE,18.0,36.1247761,-86.79696539999999,1787838208000,1787838208000.0,37212,a933c47c-6bfb-4c64-80ef-2366fe74f6a5
2119157,2272465,Closed,"Trash, Recycling & Litter",Missed Pickup - Recycle Cart Service,Recycle - Curbside/Alley Missed Pickup,,,,,,"1908 Heiman St, Nashville, TN 37208, United States",NASHVILLE,21.0,36.171154,-86.8107086,1787838198000,1787950741000.0,37208,10ecaf10-cf1c-4421-a191-271128094b52
2119156,2272464,Closed,Public Safety,Control Number Request for Towing,Control Number Request for Towing,,,,,,"100 Trails Cir, Nashville, TN 37214, USA",NASHVILLE,12.0,36.1473737,-86.6258489,1787838163000,1787838163000.0,37214,cbe4867b-76a2-4ea9-8429-16eff1cc9038
2119155,2272463,Closed,Resolved by hubNashville on First Call,Resolved by hubNashville on First Call,Resolved by hubNashville on First Call,,,,,,,,,,,1787838146000,1787838146000.0,,f2fbcfbe-8932-40e9-bc8d-2dba32cec9d3
2119154,2272460,Closed,Resolved by hubNashville on First Call,Resolved by hubNashville on First Call,Resolved by hubNashville on First Call,,,,,,,,,,,1787837928000,1787837928000.0,,a5f39d7d-a6d0-45b8-8e1b-1d2004fbf209
2119153,2272459,New,Public Safety,Stray Animals,Stray Animals,,,,,,"I-24, Nashville, TN , United States",NASHVILLE,6.0,36.1716791,-86.7681531,1787837813000,,37206,d28ae640-0015-4679-aaa3-b03e54a9c752
2119152,2272458,Closed,Resolved by hubNashville on First Call,Resolved by hubNashville on First Call,Resolved by hubNashville on First Call,,,,,,,,,,,1787837789000,1787837789000.0,,1125c6b2-1d58-4bdd-8740-be99f6b8b83b
2119151,2272457,Closed,Resolved by hubNashville on First Call,Resolved by hubNashville on First Call,Resolved by hubNashville on First Call,,,,,,,,,,,1787837738000,1787837738000.0,,3d7b728d-ad36-4955-9665-0a1262513a31
2119150,2272456,Closed,Resolved by hubNashville on First Call,Resolved by hubNashville on First Call,Resolved by hubNashville on First Call,,,,,,"3204 Lakeford Dr, Nashville, TN 37214, United States",NASHVILLE,13.0,36.1381605,-86.6387189,1787837731000,1787837731000.0,37214,191462d9-4d58-4c95-b110-83925ab1ffac
2119149,2272455,New,Parks and Environment,Maintenance Request,Grounds Request,,,,,,"2023 Electric Ave, Nashville, TN 37206, United States",NASHVILLE,6.0,36.16721112335115,-86.73371244842357,1787837690000,,37206,2e0c9438-4a94-4b67-92e1-cdddd2f79dd2
2119148,2272454,Assigned,"Trash, Recycling & Litter",Cart Service,Trash - Request an Additional Cart,,,,,,"608 Cedarmont Dr, Nashville, TN 37013, United States",ANTIOCH,31.0,36.0338788,-86.7073849,1787837643000,,37013,3029a33f-804a-4378-84fc-019505788807
2119147,2272453,Closed,"Trash, Recycling & Litter",Missed Pickup - Trash Cart Service,Trash - Curbside/Alley Missed Pickup,,,,,,"5401 Michigan Ave, Nashville, TN 37209, United States",NASHVILLE,20.0,36.15835832154094,-86.8531326067459,1787837604000,1787864844000.0,37209,594416e4-e56e-4e41-a140-4f82af40e36d
2119146,2272452,Closed,Public Safety,Request Non-Emergency Police Assistance,Request Non-Emergency Police Assistance,,,,,,"1401 Gallatin Pike N, Nashville, TN 37115, United States",MADISON,10.0,36.2827528,-86.7087025,1787837570000,1787839655000.0,37115,314e8e16-5e20-47b1-a922-32310f9e5529
2119145,2272451,Closed,"Streets, Roads & Sidewalks",Damaged Sign,Street or Roadway,,,,,,"1501 2nd Ave N, Nashville, TN 37208, USA",NASHVILLE,19.0,36.18165289344317,-86.78761247545481,1787837549000,1787943772000.0,37208,5ce7d54e-fbe9-48ad-92b6-30e952a16806
2119144,2272450,Assigned,"Trash, Recycling & Litter",Cart Service,Trash - Report a Damaged Cart,,,,,,"402 Larkway Ct, Nashville, TN 37211, United States",NASHVILLE,27.0,36.0551554,-86.7170412,1787837488000,,37211,28f189f0-4fc8-4823-9896-cccacaefc702
2119143,2272448,Assigned,"Trash, Recycling & Litter",Missing Trash Cart,Missing Trash Cart,,,,,,"518 Cedarmont Dr, Nashville, TN 37013, United States",ANTIOCH,31.0,36.0364269,-86.7058478,1787837455000,,37013,d7851d7c-56a0-494b-ab1d-141490cab533
2119142,2272447,Closed,Resolved by hubNashville on First Call,Resolved by hubNashville on First Call,Resolved by hubNashville on First Call,,,,,,,,,,,1787837444000,1787837444000.0,,43ebf8b2-bb38-4552-b5ac-7a3a88e68d2f
2119141,2272446,Closed,Resolved by hubNashville on First Call,Resolved by hubNashville on First Call,Resolved by hubNashville on First Call,,,,,,"119 Fain St, Nashville, TN 37210, United States",NASHVILLE,17.0,36.1513528,-86.75570809999999,1787837440000,1787837440000.0,37210,89dca170-a5af-44f9-b46d-aec2527a5bac
2119140,2272445,Closed,"Trash, Recycling & Litter",Missed Pickup - Trash Cart Service,Trash - Curbside/Alley Missed Pickup,,,,,,"5206 Tennessee Ave, Nashville, TN 37209, United States",NASHVILLE,20.0,36.1611498,-86.8509715,1787837381000,1787864844000.0,37209,824288ca-24af-400d-a1bc-c5640aa885b8
2119139,2272444,Closed,"Trash, Recycling & Litter",File a Trash or Recycling Complaint,Trash collection Complaint,,,,,,"89 Valley Forge, Nashville, TN 37205, United States",NASHVILLE,23.0,36.1163014,-86.84429159999999,1787837374000,1787838270000.0,37205,7209c80b-2b2a-48f2-b418-1436e98e31c2
2119138,2272443,Closed,"Trash, Recycling & Litter",Missed Pickup - Trash Cart Service,Trash - Curbside/Alley Missed Pickup,,,,,,"500 Croley Dr, Nashville, TN 37209, United States",NASHVILLE,20.0,36.1504847,-86.8709803,1787837362000,1787840371000.0,37209,79aaa65b-8f92-453b-b5bf-1581975152d8
2119137,2272442,Closed,Resolved by hubNashville on First Call,Resolved by hubNashville on First Call,Resolved by hubNashville on First Call,,,,,,,,,,,1787837250000,1787837250000.0,,9fc4936a-a6a3-4d8a-ba1c-92fe46a77213
2119136,2272441,Closed,"Trash, Recycling & Litter",Cart Service,Trash - Report a Damaged Cart,,,,,,"2230 Berrywood Rd, Nashville, TN 37216, United States",NASHVILLE,7.0,36.2048432,-86.7135413,1787837241000,1787936570000.0,37216,5bbc8794-7295-4136-9492-e130d1cfa314
2119135,2272440,Closed,Resolved by hubNashville on First Call,Resolved by hubNashville on First Call,Resolved by hubNashville on First Call,,,,,,,,,,,1787837183000,1787837183000.0,,898c9d85-4eb9-4e78-ab2e-20fff5ed3e3b
2119134,2272439,Assigned,"Trash, Recycling & Litter",Missed Pickup - Trash Cart Service,Trash - Curbside/Alley Missed Pickup,,,,,,"4868 Payne Rd, Nashville, TN 37013, United States",ANTIOCH,28.0,36.061276,-86.6709047,1787837177000,,37013,a1a03488-4b97-47bc-a2de-e472c256b467
2119133,2272438,Closed,Resolved by hubNashville on First Call,Resolved by hubNashville on First Call,Resolved by hubNashville on First Call,,,,,,,,,,,1787837164000,1787837164000.0,,db342903-366a-46d6-8424-f1a3e9ab285d
2119132,2272436,Closed,"Trash, Recycling & Litter",File a Trash or Recycling Complaint,Trash collection Complaint,,,,,,"1801 Primrose Ave, Nashville, TN 37212, United States",NASHVILLE,18.0,36.1201713,-86.7988374,1787837007000,1787837479000.0,37212,54c9b80d-f920-4ec5-b346-b7ba119b0006
2119131,2272435,Closed,Resolved by hubNashville on First Call,Resolved by hubNashville on First Call,Resolved by hubNashville on First Call,,,,,,,,,,,1787836863000,1787836863000.0,,93d054e2-136d-4636-93f9-8b9887cbb20f
2119130,2272434,Closed,Resolved by hubNashville on First Call,Resolved by hubNashville on First Call,Resolved by hubNashville on First Call,,,,,,,,,,,1787836851000,1787836851000.0,,c9fa46cc-2460-4e23-9d19-5d35742d277a
2119129,2272433,Closed,Resolved by hubNashville on First Call,Resolved by hubNashville on First Call,Resolved by hubNashville on First Call,,,,,,"101 Lake Side Ct, Nashville, TN 37217, United States",NASHVILLE,29.0,36.0922939,-86.6063575,1787836825000,1787836825000.0,37217,c0147e53-6988-4ce2-a8d9-2ccb76e02b9f
2119128,2272432,Closed,Resolved by hubNashville on First Call,Resolved by hubNashville on First Call,Resolved by hubNashville on First Call,,,,,,"5101 Harding Pl, Nashville, TN 37211, United States",NASHVILLE,28.0,36.0893088,-86.6875245,1787836785000,1787836785000.0,37211,1b594f18-e7b1-4ac6-b1e3-c2f63d8a5a99
2119127,2272431,Closed,Resolved by hubNashville on First Call,Resolved by hubNashville on First Call,Resolved by hubNashville on First Call,,,,,,,,,,,1787836730000,1787836730000.0,,221ef3cb-b730-46cb-b511-488f5c0fdc1f
2119126,2272430,Closed,Resolved by hubNashville on First Call,Resolved by hubNashville on First Call,Resolved by hubNashville on First Call,,,,,,,,,,,1787836678000,1787836678000.0,,0ea30052-8b0c-4f10-83ea-c9b6b6abdc06
2119125,2272429,Closed,Public Safety,Control Number Request for Towing,Control Number Request for Towing,,,,,,"100 Trails Cir, Nashville, TN 37214, USA",NASHVILLE,12.0,36.1473737,-86.6258489,1787836561000,1787836561000.0,37214,6be013ac-44c2-451f-bf10-b44af25cbe94
2119124,2272428,Closed,Resolved by hubNashville on First Call,Resolved by hubNashville on First Call,Resolved by hubNashville on First Call,,,,,,,,,,,1787836524000,1787836524000.0,,e6723b5b-e4ab-4c09-9d0a-edbcd428e5c5
2119123,2272427,Closed,Resolved by hubNashville on First Call,Resolved by hubNashville on First Call,Resolved by hubNashville on First Call,,,,,,,,,,,1787836509000,1787836509000.0,,f0333b5b-4e9a-436d-9880-4ab2ede19cd2
